fold,domain,user_id,mediator,head,eff_dof,ccc,srocc,plcc,seed,stage2_variant
0,art,3,population,mlp,,0.012873510898555316,0.0082302861941744,0.015744197396968196,2,B
0,art,3,identity,mlp,,0.1847991789376258,0.14579364115394652,0.19291558181043778,2,B
0,art,3,random,mlp,,-0.08484365380525331,-0.10611190414631994,-0.10513323711095944,2,B
0,art,3,shuffled,mlp,,0.09703663131560672,0.08470336208171153,0.11885852196123338,2,B
0,art,3,pca,mlp,,0.09288992160713784,0.184201643393427,0.1201343336456917,2,B
0,art,3,emotion,mlp,,0.0926299743605549,0.14319718181887958,0.10990784257382492,2,B
0,art,14,population,mlp,,0.30769591856901013,0.5435990486620579,0.5211985061553565,2,B
0,art,14,identity,mlp,,0.29477372657967477,0.48737151548539037,0.42863613596079503,2,B
0,art,14,random,mlp,,0.379066613020982,0.4768909417218949,0.4424490702088446,2,B
0,art,14,shuffled,mlp,,0.0790066714668294,0.12745569799587358,0.09017838301057765,2,B
0,art,14,pca,mlp,,0.4588277804715582,0.5290951266765571,0.4947873808069925,2,B
0,art,14,emotion,mlp,,0.3940025536587752,0.46675806471832587,0.43670805704720445,2,B
0,art,15,population,mlp,,0.21466197391479783,0.32828774813010836,0.28251414611472864,2,B
0,art,15,identity,mlp,,-0.06642007491205328,-0.1148104353699926,-0.09276557541248916,2,B
0,art,15,random,mlp,,0.14086616817071326,0.024746375061247248,0.14683938933912477,2,B
0,art,15,shuffled,mlp,,0.06745788876889572,0.18543850153192143,0.081447214289558,2,B
0,art,15,pca,mlp,,0.0834251137998838,0.15585967983854224,0.09057157912109766,2,B
0,art,15,emotion,mlp,,0.008500440114064922,0.059794889096490125,0.010930386990572225,2,B
0,art,19,population,mlp,,0.4357981546063691,0.469784602089303,0.47008350655656594,2,B
0,art,19,identity,mlp,,0.17479895350691396,0.2354409982864207,0.234652577802226,2,B
0,art,19,random,mlp,,0.16215015961805954,0.14530500593397108,0.20222681386291436,2,B
0,art,19,shuffled,mlp,,0.16030884276175164,0.2038160845335413,0.21180121818933187,2,B
0,art,19,pca,mlp,,0.3413809802584492,0.3735630585099586,0.3999820661754481,2,B
0,art,19,emotion,mlp,,0.5382529553842754,0.5958353229939186,0.599589011631305,2,B
0,art,21,population,mlp,,0.28393219413874066,0.38405284869003053,0.3861407776288973,2,B
0,art,21,identity,mlp,,0.0989025815506138,0.11789155020029224,0.12755913392762672,2,B
0,art,21,random,mlp,,0.13708509731944352,0.19353527524348318,0.14745270320250708,2,B
0,art,21,shuffled,mlp,,0.26955266449700677,0.31087358011433724,0.31990078628229024,2,B
0,art,21,pca,mlp,,0.4018940009839837,0.3997951930640457,0.42395173076678977,2,B
0,art,21,emotion,mlp,,0.3279267191804682,0.41458193186903114,0.3827741428991493,2,B
0,art,22,population,mlp,,0.2690912977186958,0.2871604988618642,0.34883413531693197,2,B
0,art,22,identity,mlp,,0.3731474095355552,0.4302538705395548,0.3890448795218823,2,B
0,art,22,random,mlp,,0.2516452751180753,0.23749896803122644,0.2772513867624954,2,B
0,art,22,shuffled,mlp,,0.14584486889153914,0.15984196638919979,0.1532220454676231,2,B
0,art,22,pca,mlp,,0.43879915140620074,0.4716384795650862,0.4584834013830314,2,B
0,art,22,emotion,mlp,,0.39355431768559496,0.43590165247715673,0.4229628315903715,2,B
0,art,30,population,mlp,,-0.23697427588255002,-0.22065898091037492,-0.2427637376577324,2,B
0,art,30,identity,mlp,,0.22922455134089004,0.30057491841623907,0.3111888472976058,2,B
0,art,30,random,mlp,,0.315873411390218,0.3554676725198958,0.3559783228496173,2,B
0,art,30,shuffled,mlp,,-0.031272129356039687,-0.08669098913847763,-0.0424033621422432,2,B
0,art,30,pca,mlp,,0.3052213942805818,0.30571802330523035,0.34676661341027776,2,B
0,art,30,emotion,mlp,,0.22980674280329916,0.30828957574972593,0.32592397269939444,2,B
0,art,50,population,mlp,,0.28751990118715626,0.2965567037056026,0.29623516862281346,2,B
0,art,50,identity,mlp,,0.014017261693235226,-0.03340076389731424,0.02635013280141674,2,B
0,art,50,random,mlp,,0.16162851928158387,0.1259235098742839,0.16656783137585848,2,B
0,art,50,shuffled,mlp,,0.37754248992220635,0.4378919046380174,0.48402298693480783,2,B
0,art,50,pca,mlp,,0.28128137261189196,0.3450535608919393,0.31250513211963393,2,B
0,art,50,emotion,mlp,,0.17567758526956198,0.17768154400807482,0.1841335245485606,2,B
0,art,57,population,mlp,,0.3936885964595123,0.518909563650407,0.45658582180531015,2,B
0,art,57,identity,mlp,,-0.05164169038896953,-0.09737751078612311,-0.06946310069571211,2,B
0,art,57,random,mlp,,0.0873279868556819,0.1501100011949945,0.08736770664406923,2,B
0,art,57,shuffled,mlp,,0.33933583433854136,0.352078171714361,0.347124742635536,2,B
0,art,57,pca,mlp,,0.27140732641813614,0.31229656236963727,0.27736129967945206,2,B
0,art,57,emotion,mlp,,0.28463015887345916,0.3024604501690188,0.2917098241242733,2,B
0,art,62,population,mlp,,0.29132655772737304,0.4788044162129203,0.4954896329750139,2,B
0,art,62,identity,mlp,,0.10139562639470816,0.21191610815220835,0.15615808108830093,2,B
0,art,62,random,mlp,,0.38619588127677734,0.4439115874437805,0.388294908047227,2,B
0,art,62,shuffled,mlp,,0.3287717339196462,0.38982524214436653,0.3695096885712284,2,B
0,art,62,pca,mlp,,0.5054045149219795,0.5464246513734252,0.52859103695175,2,B
0,art,62,emotion,mlp,,0.27309904343788993,0.2949895848268316,0.2922705546443113,2,B
0,art,63,population,mlp,,0.04786813899315146,0.06632027247115131,0.05835848595893145,2,B
0,art,63,identity,mlp,,-0.035945381478610275,-0.0741785990960349,-0.045908935599604475,2,B
0,art,63,random,mlp,,0.1106385926972928,0.09725304861241282,0.12578961666375607,2,B
0,art,63,shuffled,mlp,,0.2653530484860783,0.3200891641154813,0.356442125321923,2,B
0,art,63,pca,mlp,,0.10810829626023961,0.09800384414982209,0.12311686900773218,2,B
0,art,63,emotion,mlp,,-0.1549682425009568,-0.11932643741224508,-0.1732555494643164,2,B
0,art,79,population,mlp,,0.40305877859623385,0.386262597577983,0.44224256834437914,2,B
0,art,79,identity,mlp,,0.16488867836493584,0.2884134726487006,0.2570653141967587,2,B
0,art,79,random,mlp,,0.20556070115930528,0.2250784026944741,0.2259015495112413,2,B
0,art,79,shuffled,mlp,,0.3076576722914583,0.3064583762070877,0.3130353884679047,2,B
0,art,79,pca,mlp,,0.3953645815795328,0.3890074561474278,0.4106361779168954,2,B
0,art,79,emotion,mlp,,0.20699228200115943,0.17501014915923088,0.2518541702068959,2,B
0,art,80,population,mlp,,0.4375396358934646,0.713232953866901,0.706916684343238,2,B
0,art,80,identity,mlp,,0.7646164707988786,0.7311153615819822,0.7756661914175569,2,B
0,art,80,random,mlp,,0.5120477447704564,0.5587761136025713,0.5794724929513215,2,B
0,art,80,shuffled,mlp,,0.7069705366519927,0.7523384388702109,0.7470324510243856,2,B
0,art,80,pca,mlp,,0.7998180088812982,0.7912474138986297,0.8129189115579433,2,B
0,art,80,emotion,mlp,,0.5288083102420186,0.5321490120048402,0.5476796759223357,2,B
0,art,85,population,mlp,,-0.017091810264000952,-0.08603556988781,-0.027274386824744746,2,B
0,art,85,identity,mlp,,0.20502291806574538,0.2951025128992987,0.3101177848978589,2,B
0,art,85,random,mlp,,0.11049919741233312,0.12440347022171228,0.11324201136625699,2,B
0,art,85,shuffled,mlp,,0.24162895301630077,0.16475328858610752,0.24809385579680243,2,B
0,art,85,pca,mlp,,0.21262227339420775,0.1542338775011833,0.2164591111668901,2,B
0,art,85,emotion,mlp,,0.18926819613433113,0.16409264924260988,0.21972931500813195,2,B
0,art,86,population,mlp,,0.3576472974576048,0.5572600970094796,0.5363324376780344,2,B
0,art,86,identity,mlp,,0.03671300635801402,0.109211529815974,0.06783712278229212,2,B
0,art,86,random,mlp,,0.27188364337189036,0.30088689439132105,0.3014056327191197,2,B
0,art,86,shuffled,mlp,,0.23336510119020562,0.24137080539084,0.29205777069050254,2,B
0,art,86,pca,mlp,,0.4375907024931919,0.4897493094865459,0.4656825812319401,2,B
0,art,86,emotion,mlp,,0.2366093418391172,0.40111672586725566,0.3804048340037332,2,B
0,art,98,population,mlp,,0.18543953079524142,0.3116115719103128,0.3086200413650978,2,B
0,art,98,identity,mlp,,0.13704284811171438,0.277256420752216,0.2710793037448739,2,B
0,art,98,random,mlp,,0.2227463910846542,0.2937685809214591,0.22362133372004403,2,B
0,art,98,shuffled,mlp,,0.3374181568811599,0.38465939689782996,0.3495546828804505,2,B
0,art,98,pca,mlp,,0.41861422588180514,0.4157614060524341,0.4284944294724296,2,B
0,art,98,emotion,mlp,,0.27503480223742166,0.20662380725214033,0.2808117213149512,2,B
0,art,99,population,mlp,,0.5103559252191506,0.631751549224716,0.6403729537490849,2,B
0,art,99,identity,mlp,,0.5075042743891245,0.6231047383241394,0.622704892540474,2,B
0,art,99,random,mlp,,0.26707664210879484,0.3251783829688773,0.29349983819996517,2,B
0,art,99,shuffled,mlp,,0.5538144572564411,0.6176640483192821,0.5932807715617797,2,B
0,art,99,pca,mlp,,0.707684935893495,0.7352703920849903,0.7404692619803576,2,B
0,art,99,emotion,mlp,,0.6760945757246677,0.6962625878537374,0.6997855835148457,2,B
0,art,105,population,mlp,,0.12934518398136868,0.16978676575719848,0.15622546733801718,2,B
0,art,105,identity,mlp,,0.12391555780020064,0.10379998644038269,0.14876563761721423,2,B
0,art,105,random,mlp,,-0.14506458396567418,-0.18837039185997642,-0.15521306539184707,2,B
0,art,105,shuffled,mlp,,-0.022189052705123606,-0.10042114533078669,-0.024563724202401216,2,B
0,art,105,pca,mlp,,0.22880903266930558,0.340120108752714,0.25266141800617714,2,B
0,art,105,emotion,mlp,,0.1662645987032503,0.2016870009389724,0.1986389595703086,2,B
0,art,109,population,mlp,,0.33777518980658616,0.4037671877263018,0.43323304775697846,2,B
0,art,109,identity,mlp,,0.09174901908774295,0.09506955598670949,0.12370649354132149,2,B
0,art,109,random,mlp,,0.06482423687059156,0.06758139363272479,0.06570545704841566,2,B
0,art,109,shuffled,mlp,,0.19428279174902804,0.2573661462387811,0.21357656692061006,2,B
0,art,109,pca,mlp,,0.42205700074181773,0.44365792793797754,0.42791225309128744,2,B
0,art,109,emotion,mlp,,0.4252258712022171,0.48840845375919767,0.4812239706513866,2,B
0,art,110,population,mlp,,0.19253117202721906,0.2986677905758725,0.28280951943082017,2,B
0,art,110,identity,mlp,,0.11153878495511665,0.17112246087709143,0.19144692348196976,2,B
0,art,110,random,mlp,,0.3431558180831778,0.4133660886772743,0.36201627040173845,2,B
0,art,110,shuffled,mlp,,0.2535501436964932,0.28859571780352716,0.28475934332631764,2,B
0,art,110,pca,mlp,,0.4316019689672299,0.42497980524130513,0.43735244530409106,2,B
0,art,110,emotion,mlp,,0.27938292418115623,0.3164480823066454,0.3013022512495428,2,B
0,art,116,population,mlp,,0.32847078332439505,0.509231232154022,0.48854642848048546,2,B
0,art,116,identity,mlp,,0.24759370210548842,0.3934580662911437,0.3692894926415459,2,B
0,art,116,random,mlp,,0.33601192760240145,0.3539465825382881,0.35061003468293045,2,B
0,art,116,shuffled,mlp,,0.4527951187961109,0.4740373946562434,0.4890272292660721,2,B
0,art,116,pca,mlp,,0.48009902293528667,0.5013992226680685,0.4994922994119657,2,B
0,art,116,emotion,mlp,,0.5540014034784521,0.5781629566682164,0.5802614273015634,2,B
0,art,117,population,mlp,,0.4942354867313544,0.6503890360946822,0.6774268620421501,2,B
0,art,117,identity,mlp,,0.34344736782295626,0.4258044804014967,0.43620130664546386,2,B
0,art,117,random,mlp,,0.3858699813334319,0.43564995383537464,0.39907810729643123,2,B
0,art,117,shuffled,mlp,,0.5308500277628281,0.5546773192300182,0.5923281653894977,2,B
0,art,117,pca,mlp,,0.6084447111547047,0.6145338791116045,0.6245209284758637,2,B
0,art,117,emotion,mlp,,0.6984727973824479,0.6763987196438821,0.7107867104522351,2,B
0,art,126,population,mlp,,0.500231337966506,0.55666787920767,0.5469900761411141,2,B
0,art,126,identity,mlp,,0.47991348103196246,0.5422415844431338,0.5383674964604348,2,B
0,art,126,random,mlp,,0.1833906538232156,0.2791217236182807,0.21405082504306894,2,B
0,art,126,shuffled,mlp,,0.16569535475649408,0.22353371409895825,0.19136215310091986,2,B
0,art,126,pca,mlp,,0.33361324009652576,0.392858040703874,0.36569479463967963,2,B
0,art,126,emotion,mlp,,0.2890391831210866,0.33027844805634626,0.3292677787224318,2,B
0,art,127,population,mlp,,0.25948692674038976,0.4170527298435952,0.4266932064682581,2,B
0,art,127,identity,mlp,,0.3109962902723891,0.35384953934606017,0.33122833048516986,2,B
0,art,127,random,mlp,,0.2052355980443514,0.3321602457125893,0.2209682515824753,2,B
0,art,127,shuffled,mlp,,0.36636343536636434,0.38142732898861814,0.3993457477034994,2,B
0,art,127,pca,mlp,,0.5539507336351324,0.5942473889170418,0.5811956106547425,2,B
0,art,127,emotion,mlp,,0.5791692188064615,0.6047485401332471,0.607248910930376,2,B
0,art,136,population,mlp,,0.3936394542122669,0.353195262011717,0.40935918788119513,2,B
0,art,136,identity,mlp,,0.24703056828179817,0.3827522405906627,0.3390723636381161,2,B
0,art,136,random,mlp,,0.25926765976126237,0.35436478274685523,0.26092012359011657,2,B
0,art,136,shuffled,mlp,,0.18143820246735054,0.1931835614314539,0.20114143967315234,2,B
0,art,136,pca,mlp,,0.2802764675023454,0.31810963995757296,0.31535397401749765,2,B
0,art,136,emotion,mlp,,0.36649432457185344,0.3570227844176237,0.3678996511567562,2,B
0,art,144,population,mlp,,0.18466167892748672,0.5931352202285829,0.6248477329041853,2,B
0,art,144,identity,mlp,,0.018146933314126604,0.047827199303140215,0.031099205990459622,2,B
0,art,144,random,mlp,,0.37157214897725976,0.39731652412946283,0.37351984671348676,2,B
0,art,144,shuffled,mlp,,0.3333723921653819,0.31446801125044926,0.34889928890186145,2,B
0,art,144,pca,mlp,,0.3685289840302903,0.38016777280773145,0.37751806309140123,2,B
0,art,144,emotion,mlp,,0.39419344247283183,0.460677819597418,0.4178478906386476,2,B
0,fashion,3,population,mlp,,0.2647678177296124,0.39489477833574443,0.39362826862583267,2,B
0,fashion,3,identity,mlp,,0.09011658766363204,0.08150588586728978,0.10542523980588947,2,B
0,fashion,3,random,mlp,,-0.002541581885163048,0.024823373142560595,-0.003113070799860621,2,B
0,fashion,3,shuffled,mlp,,0.30276276476623804,0.34727948574093254,0.3296333560920218,2,B
0,fashion,3,pca,mlp,,0.14472656233808212,0.1975464844698385,0.16136271517221004,2,B
0,fashion,3,emotion,mlp,,0.49903124379964925,0.49091812594109857,0.5496519492516401,2,B
0,fashion,14,population,mlp,,0.192632935430876,0.3080038199929404,0.35300420791270243,2,B
0,fashion,14,identity,mlp,,0.31550011564932806,0.3936968470796242,0.38276583076961085,2,B
0,fashion,14,random,mlp,,0.049876039251092345,0.1414794332588746,0.05426152814740622,2,B
0,fashion,14,shuffled,mlp,,-0.011120723005869063,0.019495777509119475,-0.012618798150017325,2,B
0,fashion,14,pca,mlp,,0.5425677272751678,0.6022574694504818,0.653433174990581,2,B
0,fashion,14,emotion,mlp,,0.622471282976864,0.6443428128391856,0.668258964083978,2,B
0,fashion,15,population,mlp,,0.07332411947877768,0.026330880860128768,0.12164969920317517,2,B
0,fashion,15,identity,mlp,,0.07181058957900174,0.06095111310214992,0.11362665158834434,2,B
0,fashion,15,random,mlp,,0.10385448351065046,0.08533155834300989,0.10857567008367242,2,B
0,fashion,15,shuffled,mlp,,0.0022182199230765306,-0.022213294552783532,0.0025836724021261245,2,B
0,fashion,15,pca,mlp,,-0.13507522097361974,-0.1339299125231241,-0.14017533596383003,2,B
0,fashion,15,emotion,mlp,,0.10205266513748684,0.022809260992004546,0.139568798905882,2,B
0,fashion,19,population,mlp,,0.3822428080987645,0.4949764325874444,0.4419404340143021,2,B
0,fashion,19,identity,mlp,,-0.056639787051863726,-0.02604323228145652,-0.06588828409977597,2,B
0,fashion,19,random,mlp,,0.32305148985059556,0.3838276376719425,0.3413977015975768,2,B
0,fashion,19,shuffled,mlp,,0.03763944947568361,0.0567887148359538,0.044157142667974734,2,B
0,fashion,19,pca,mlp,,0.19327987644870392,0.24741070667383694,0.20560758794584078,2,B
0,fashion,19,emotion,mlp,,0.4165806626347721,0.37034096381190257,0.45561153859265413,2,B
0,fashion,21,population,mlp,,0.16669280348124413,0.1752094619765559,0.23524551463642754,2,B
0,fashion,21,identity,mlp,,0.09480537915197651,0.19966199357882033,0.15268771995454086,2,B
0,fashion,21,random,mlp,,0.04897686211574632,-0.09048447128028014,0.05498209349223709,2,B
0,fashion,21,shuffled,mlp,,0.07159174957173332,0.0546645437885333,0.09031479936673471,2,B
0,fashion,21,pca,mlp,,0.15792426954308722,0.13120500944438165,0.19432590944768116,2,B
0,fashion,21,emotion,mlp,,0.03935040468199454,0.013085135712782,0.05521781186969961,2,B
0,fashion,22,population,mlp,,0.1258048403022606,0.15425680661960278,0.19805930828351936,2,B
0,fashion,22,identity,mlp,,0.28111843929670766,0.35998128710659905,0.3139769171790625,2,B
0,fashion,22,random,mlp,,0.08675167285382182,0.11195193832708612,0.12860899416816893,2,B
0,fashion,22,shuffled,mlp,,0.11228076912156226,0.03835706376291545,0.12846087974276849,2,B
0,fashion,22,pca,mlp,,0.25517746252998696,0.28633767421490247,0.33791080146226343,2,B
0,fashion,22,emotion,mlp,,0.18435889594905025,0.22000481045209694,0.21340592056086186,2,B
0,fashion,30,population,mlp,,0.17037578617125068,0.2680884964227339,0.24559760440957262,2,B
0,fashion,30,identity,mlp,,0.17838562446876477,0.21394474418334056,0.2112900390179468,2,B
0,fashion,30,random,mlp,,0.25406183075633143,0.3317111273768148,0.31905699156669537,2,B
0,fashion,30,shuffled,mlp,,0.23609505921534274,0.33826197549377157,0.3236105459964683,2,B
0,fashion,30,pca,mlp,,0.23136476821455412,0.28218274540164107,0.2760225240392257,2,B
0,fashion,30,emotion,mlp,,0.4712588765284435,0.43548251686588113,0.5077026943018695,2,B
0,fashion,50,population,mlp,,0.09026357150670312,0.10376714618338098,0.13701923554006065,2,B
0,fashion,50,identity,mlp,,0.211452105084725,0.18232382220227064,0.23260335925779352,2,B
0,fashion,50,random,mlp,,-0.1954578913753992,-0.12637147069795654,-0.23001200159358703,2,B
0,fashion,50,shuffled,mlp,,-0.08237840035864405,-0.061377389387812224,-0.12474472047334025,2,B
0,fashion,50,pca,mlp,,0.008717240799101762,0.07674833005772361,0.010361055239391362,2,B
0,fashion,50,emotion,mlp,,0.011241784000201507,0.02090235184524281,0.015799607341270644,2,B
0,fashion,57,population,mlp,,-0.12119382069059943,-0.02426072975796976,-0.16724943600140688,2,B
0,fashion,57,identity,mlp,,-0.056251977171544315,-0.03577167174951712,-0.06910504118212871,2,B
0,fashion,57,random,mlp,,0.16718930949339486,0.10070783778255107,0.1896307574057259,2,B
0,fashion,57,shuffled,mlp,,0.050325525848385615,0.07190467351670612,0.05831890497404019,2,B
0,fashion,57,pca,mlp,,0.1302356932894533,0.16352764228350683,0.15449475087295647,2,B
0,fashion,57,emotion,mlp,,0.042238539503638636,0.09441037176026958,0.05119961545872735,2,B
0,fashion,62,population,mlp,,0.20221483522111308,0.27648369012137475,0.30194109837886685,2,B
0,fashion,62,identity,mlp,,-0.015613595142448337,0.01831017815373342,-0.01765775621788188,2,B
0,fashion,62,random,mlp,,0.009058749141617079,0.0379070174750265,0.01043677014234255,2,B
0,fashion,62,shuffled,mlp,,-0.13464101619711466,-0.13222917845074517,-0.16970484937084943,2,B
0,fashion,62,pca,mlp,,0.15780405430337788,0.12925996037176135,0.17264373928752105,2,B
0,fashion,62,emotion,mlp,,0.23948834181548825,0.24649458752363837,0.2556464629272375,2,B
0,fashion,63,population,mlp,,0.18997130905133602,0.27668818383518345,0.2514281546592189,2,B
0,fashion,63,identity,mlp,,-0.08011715334377405,-0.074765742094092,-0.11131608465721625,2,B
0,fashion,63,random,mlp,,0.17272271926597374,0.18294382985347962,0.18019839092305925,2,B
0,fashion,63,shuffled,mlp,,0.03142667836156777,0.09059789990559977,0.03518262621608152,2,B
0,fashion,63,pca,mlp,,0.016622527924157714,-0.004844540402890396,0.02055463625553977,2,B
0,fashion,63,emotion,mlp,,0.09531320160806081,0.15707298522773505,0.1261183058157991,2,B
0,fashion,79,population,mlp,,0.4269307366203496,0.45030464412726756,0.4498152095710645,2,B
0,fashion,79,identity,mlp,,0.07168403582999285,0.14964048526686555,0.1051843616609614,2,B
0,fashion,79,random,mlp,,-0.07412947036591784,0.01654703072276535,-0.0779556419749811,2,B
0,fashion,79,shuffled,mlp,,0.2056261120819852,0.1943123452986036,0.22287516993907255,2,B
0,fashion,79,pca,mlp,,0.3903564477207871,0.41229257974246286,0.44722205297672213,2,B
0,fashion,79,emotion,mlp,,0.3246423515006653,0.35701627587291546,0.36171798520146614,2,B
0,fashion,80,population,mlp,,0.15966941700099566,0.26659496999200677,0.24705105425718024,2,B
0,fashion,80,identity,mlp,,0.250601757873201,0.33776848950363425,0.33126908563203566,2,B
0,fashion,80,random,mlp,,0.21643873481350764,0.21753171221182646,0.24159385168859004,2,B
0,fashion,80,shuffled,mlp,,0.11175790558490738,0.12732967098884285,0.13602760819347914,2,B
0,fashion,80,pca,mlp,,0.2751364071792923,0.3008365257707966,0.2989193647586927,2,B
0,fashion,80,emotion,mlp,,0.2552312202280191,0.2184611258686793,0.2803583609920175,2,B
0,fashion,85,population,mlp,,0.13258613625192248,0.2113691431225845,0.17762183848447283,2,B
0,fashion,85,identity,mlp,,0.27555138735574286,0.3468735298278282,0.37102587755715627,2,B
0,fashion,85,random,mlp,,-0.0320722265520823,-0.007424224380439697,-0.03884580097959219,2,B
0,fashion,85,shuffled,mlp,,-0.036097035282779195,-0.06819469679251564,-0.0444440367749347,2,B
0,fashion,85,pca,mlp,,0.27583785652534526,0.3391543031541261,0.3353442037585513,2,B
0,fashion,85,emotion,mlp,,0.3189483398535027,0.36914620296914735,0.3567117219360859,2,B
0,fashion,86,population,mlp,,-0.05036946471740664,-0.028118805467298152,-0.08973134660978721,2,B
0,fashion,86,identity,mlp,,0.16734980655949033,0.2706309942573233,0.2983720987453709,2,B
0,fashion,86,random,mlp,,0.026957433753778105,0.0069046177126105765,0.028702170485370184,2,B
0,fashion,86,shuffled,mlp,,0.11765444929197427,0.14744861158741573,0.147823105146006,2,B
0,fashion,86,pca,mlp,,0.20062273698115335,0.15510373122531007,0.2174420798187817,2,B
0,fashion,86,emotion,mlp,,0.08058250586743637,0.16130788047432246,0.08975482334142179,2,B
0,fashion,98,population,mlp,,0.26468942628375325,0.3763390713082793,0.41102976262989577,2,B
0,fashion,98,identity,mlp,,0.057366719726992456,0.02606443809373893,0.0776699784544114,2,B
0,fashion,98,random,mlp,,0.0204209186168509,-0.00225793625670808,0.025289063945750097,2,B
0,fashion,98,shuffled,mlp,,-0.15292970883227042,-0.2604971242249952,-0.187304428453712,2,B
0,fashion,98,pca,mlp,,0.28049646984837207,0.37923511998536147,0.369416261932214,2,B
0,fashion,98,emotion,mlp,,0.39990864340481674,0.49483163921465556,0.505883212076345,2,B
0,fashion,99,population,mlp,,0.2075887196482948,0.31902954227096414,0.3497259612946626,2,B
0,fashion,99,identity,mlp,,0.2094374039875389,0.1980707062963004,0.22612792525852418,2,B
0,fashion,99,random,mlp,,0.29604585541061645,0.2759174419640771,0.31978390139300383,2,B
0,fashion,99,shuffled,mlp,,0.1317075667083457,0.18665579791959055,0.13547881062055014,2,B
0,fashion,99,pca,mlp,,0.4204391184973753,0.4655616922913041,0.4605016517131607,2,B
0,fashion,99,emotion,mlp,,0.42955430371171915,0.4182363639998804,0.46883360884275016,2,B
0,fashion,105,population,mlp,,0.03942460461233408,0.02836918530205894,0.05285122769542792,2,B
0,fashion,105,identity,mlp,,0.2139721051015205,0.2017422769254024,0.23385522623696262,2,B
0,fashion,105,random,mlp,,0.257439633497778,0.2918499675323132,0.272369739293638,2,B
0,fashion,105,shuffled,mlp,,-0.17692480897522175,-0.21737427698980225,-0.1850931673934687,2,B
0,fashion,105,pca,mlp,,0.25650008699153193,0.3459566882939395,0.28659177607461495,2,B
0,fashion,105,emotion,mlp,,-0.1531971866084482,-0.1141083371704337,-0.1696556452849394,2,B
0,fashion,109,population,mlp,,0.390951923874538,0.4298690312694401,0.47187244120346167,2,B
0,fashion,109,identity,mlp,,0.21837541697668655,0.24019559215102512,0.2484714349316258,2,B
0,fashion,109,random,mlp,,0.2421836874805148,0.2218008664230036,0.2899019112889108,2,B
0,fashion,109,shuffled,mlp,,0.06628515842277342,0.09101081930448125,0.07951018897494197,2,B
0,fashion,109,pca,mlp,,0.1726053248314058,0.07266676775201901,0.19311574279066102,2,B
0,fashion,109,emotion,mlp,,0.11746058341653899,0.16529916067439748,0.14376721193003184,2,B
0,fashion,110,population,mlp,,0.12180517263677293,0.14715305347410315,0.15516554398822502,2,B
0,fashion,110,identity,mlp,,0.05497553518644216,0.052715270429602314,0.060203570122842935,2,B
0,fashion,110,random,mlp,,0.08986014351459276,0.021485844819648336,0.09672110883436033,2,B
0,fashion,110,shuffled,mlp,,0.17080391492117572,0.19911881768906656,0.2073099287553207,2,B
0,fashion,110,pca,mlp,,0.3140595864980403,0.24264014521909844,0.3602100665700668,2,B
0,fashion,110,emotion,mlp,,0.09623523539270519,0.10992757814703799,0.11824991699548154,2,B
0,fashion,116,population,mlp,,0.20757595597153045,0.16862882264751347,0.2944755671310675,2,B
0,fashion,116,identity,mlp,,0.03190681222936096,0.07740339400213733,0.03471902383650351,2,B
0,fashion,116,random,mlp,,0.01074345584154757,0.11112915853164002,0.011286920857657035,2,B
0,fashion,116,shuffled,mlp,,-0.18748955000482204,-0.1983336316444376,-0.24258260607396917,2,B
0,fashion,116,pca,mlp,,0.19299849039101175,0.15983298241999788,0.20835644314811336,2,B
0,fashion,116,emotion,mlp,,0.1905942418938984,0.27970771923499627,0.21997274342653667,2,B
0,fashion,117,population,mlp,,0.24137714171649524,0.3005082594362937,0.3213884765768478,2,B
0,fashion,117,identity,mlp,,0.231527780959305,0.39047477296547345,0.34505094062874314,2,B
0,fashion,117,random,mlp,,0.2997363999752736,0.26060132550212123,0.308017456943837,2,B
0,fashion,117,shuffled,mlp,,0.05503058865250617,0.09026807726167979,0.0603728091771602,2,B
0,fashion,117,pca,mlp,,0.45865629345163705,0.44329868677506445,0.48436809457583313,2,B
0,fashion,117,emotion,mlp,,0.45522956091336697,0.49541895187548873,0.4951201479479556,2,B
0,fashion,126,population,mlp,,0.2713095666896633,0.32635253435293743,0.37488615558139043,2,B
0,fashion,126,identity,mlp,,0.02650651345551052,-0.04790541461067609,0.029678258644873896,2,B
0,fashion,126,random,mlp,,0.05178051225303229,0.20065666928119455,0.055683991976670635,2,B
0,fashion,126,shuffled,mlp,,0.16960555625839888,0.1841255780217592,0.19835110527579902,2,B
0,fashion,126,pca,mlp,,0.15398633863600192,0.05162863336280118,0.17571992954792715,2,B
0,fashion,126,emotion,mlp,,0.44592459164465736,0.3569822139537531,0.48820911388735655,2,B
0,fashion,127,population,mlp,,0.09441913661585984,0.1515960169264505,0.15595283931994863,2,B
0,fashion,127,identity,mlp,,0.25770478689676385,0.2876689161118905,0.2988356034597863,2,B
0,fashion,127,random,mlp,,0.14758739478078917,0.18539318466637206,0.20266378470968188,2,B
0,fashion,127,shuffled,mlp,,0.10482081682709507,0.2129516310356976,0.1254917493252606,2,B
0,fashion,127,pca,mlp,,0.30600566244369476,0.3082026604655056,0.3399033254847759,2,B
0,fashion,127,emotion,mlp,,0.3405877499396279,0.33482775481875776,0.35985136160041764,2,B
0,fashion,136,population,mlp,,0.3052448430502883,0.4265529796421737,0.39801171667495516,2,B
0,fashion,136,identity,mlp,,0.32221578667084133,0.361748323390614,0.39550751269914947,2,B
0,fashion,136,random,mlp,,0.03027118056508204,0.027128671390698342,0.033298795425241716,2,B
0,fashion,136,shuffled,mlp,,0.19288549598606178,0.2540676114510429,0.25320128290801147,2,B
0,fashion,136,pca,mlp,,0.37387893383148146,0.43322476862795123,0.4358437016960691,2,B
0,fashion,136,emotion,mlp,,0.4268029994217383,0.4914557504376419,0.45249012432605507,2,B
0,fashion,144,population,mlp,,0.18679348149373196,0.49857518992316924,0.43281076062844165,2,B
0,fashion,144,identity,mlp,,-0.03215417413415317,-0.10309056992006976,-0.044026915959119214,2,B
0,fashion,144,random,mlp,,0.04550994833019738,0.07632959601751477,0.04961067787651232,2,B
0,fashion,144,shuffled,mlp,,0.07791898384799453,0.06517919022478354,0.09082055508770272,2,B
0,fashion,144,pca,mlp,,0.1789620429446282,0.22128487132302094,0.20582672755551146,2,B
0,fashion,144,emotion,mlp,,0.3326002665637608,0.38357395926995475,0.337722071179637,2,B
0,landscape,3,population,mlp,,0.32329017858594866,0.39353785246541856,0.3853581319124256,2,B
0,landscape,3,identity,mlp,,0.09071572377652025,0.06967668433916008,0.0986071627768847,2,B
0,landscape,3,random,mlp,,0.001896446335066973,-0.035453860582470145,0.001991398387418873,2,B
0,landscape,3,shuffled,mlp,,0.24100827506388076,0.3090394847438647,0.2853014899042074,2,B
0,landscape,3,pca,mlp,,0.4004977944323771,0.4287947471557639,0.42524518716093984,2,B
0,landscape,3,emotion,mlp,,0.4241667510418162,0.49044507139083704,0.4818271190687922,2,B
0,landscape,14,population,mlp,,0.09830826817891605,0.16566025460881428,0.15783567954546823,2,B
0,landscape,14,identity,mlp,,0.1408563980808763,0.253496870756875,0.17874793933494185,2,B
0,landscape,14,random,mlp,,0.16285235551794455,0.23079417877278255,0.18850528384675144,2,B
0,landscape,14,shuffled,mlp,,0.10692163244601666,0.1504920804884381,0.1393357723715902,2,B
0,landscape,14,pca,mlp,,0.32559751662165426,0.320613562779716,0.3422038070179538,2,B
0,landscape,14,emotion,mlp,,0.41909954170166747,0.32368685296096866,0.46357547299190666,2,B
0,landscape,15,population,mlp,,0.1549676504760016,0.1800360108036013,0.20533181973196252,2,B
0,landscape,15,identity,mlp,,-0.10157420398513148,-0.12002400720240083,-0.11283553598115244,2,B
0,landscape,15,random,mlp,,-0.187486215151498,-0.2224444933484495,-0.18798251310380892,2,B
0,landscape,15,shuffled,mlp,,-0.04801787136960401,-0.03840768230476827,-0.05586222475565477,2,B
0,landscape,15,pca,mlp,,-0.16122091052360124,-0.16243248974724914,-0.19098481119890304,2,B
0,landscape,15,emotion,mlp,,-0.20703510455021204,-0.20964193258019345,-0.2424668995848033,2,B
0,landscape,19,population,mlp,,0.2793451409656576,0.29253776776905377,0.2975684615222308,2,B
0,landscape,19,identity,mlp,,0.3093553201819712,0.3251576374847015,0.3940488628514186,2,B
0,landscape,19,random,mlp,,0.12283370502079419,0.10708042338267348,0.12694925642136715,2,B
0,landscape,19,shuffled,mlp,,0.284491169687381,0.29610711521514294,0.3342151319345565,2,B
0,landscape,19,pca,mlp,,0.41326364220249145,0.4166221657907352,0.42441146468335117,2,B
0,landscape,19,emotion,mlp,,0.5619890306629836,0.5894380713055498,0.5706282697673252,2,B
0,landscape,21,population,mlp,,0.14693801200323986,0.19893103292457273,0.20775477148449714,2,B
0,landscape,21,identity,mlp,,0.041438759887326246,0.09577236632771075,0.05588176679344319,2,B
0,landscape,21,random,mlp,,0.09642730866838309,0.0706689268994468,0.09793732070825349,2,B
0,landscape,21,shuffled,mlp,,0.20305108967361254,0.17103277717825158,0.2249311560024182,2,B
0,landscape,21,pca,mlp,,0.15038291189091524,0.11932867529419301,0.15615478490006288,2,B
0,landscape,21,emotion,mlp,,0.4902057160794513,0.5250262083207489,0.5032855451830136,2,B
0,landscape,22,population,mlp,,0.2019979542165831,0.29275136032917565,0.26868623451856366,2,B
0,landscape,22,identity,mlp,,0.2141073067637607,0.25634022710142107,0.23671526996210696,2,B
0,landscape,22,random,mlp,,0.15986416487249566,0.08554422866761627,0.17463048832600858,2,B
0,landscape,22,shuffled,mlp,,0.446980145203138,0.49537663586836705,0.46965361968100977,2,B
0,landscape,22,pca,mlp,,0.08399317787223583,0.10470028671113375,0.08625915090125119,2,B
0,landscape,22,emotion,mlp,,0.27441508359908884,0.29884425410892046,0.28664822561649056,2,B
0,landscape,30,population,mlp,,0.1530404146750969,0.2778765460787267,0.3254506352630651,2,B
0,landscape,30,identity,mlp,,0.36353809561688494,0.38714479124027634,0.3865026012118753,2,B
0,landscape,30,random,mlp,,0.11046111920589609,0.2022292994284231,0.11541767986880844,2,B
0,landscape,30,shuffled,mlp,,0.28606348810783966,0.1391647618017894,0.30490954078197713,2,B
0,landscape,30,pca,mlp,,0.2006831672034028,0.21370473005801008,0.2033918616165252,2,B
0,landscape,30,emotion,mlp,,0.44114932807064994,0.46832842986099477,0.4465213741310309,2,B
0,landscape,50,population,mlp,,0.28694839202380873,0.2777494697223636,0.2883270725111322,2,B
0,landscape,50,identity,mlp,,0.11277802260056094,0.17831861124889373,0.20151529762195394,2,B
0,landscape,50,random,mlp,,0.0007036602953032044,0.055505356045940375,0.0007433283968981267,2,B
0,landscape,50,shuffled,mlp,,0.3520654640668579,0.36437568236778306,0.355284920265889,2,B
0,landscape,50,pca,mlp,,0.3167686033907526,0.2970121108376047,0.367548218722456,2,B
0,landscape,50,emotion,mlp,,0.3532564477225221,0.30569700105141284,0.3597539997085157,2,B
0,landscape,57,population,mlp,,0.3247542111290038,0.35396793473999744,0.3422080078316861,2,B
0,landscape,57,identity,mlp,,0.20884882579045527,0.19574437572965736,0.26242948653173587,2,B
0,landscape,57,random,mlp,,0.100270335751977,0.11423363596010576,0.10149659460106883,2,B
0,landscape,57,shuffled,mlp,,0.20030819812860148,0.19887111045626715,0.26113498738200003,2,B
0,landscape,57,pca,mlp,,-0.03553708371626268,-0.1639918454887408,-0.036386855015839104,2,B
0,landscape,57,emotion,mlp,,0.2541508717077064,0.22733517831230107,0.2894593606401072,2,B
0,landscape,62,population,mlp,,0.23097620949324812,0.2847077313265172,0.30345908391912235,2,B
0,landscape,62,identity,mlp,,0.04150960708927656,0.036123350741532945,0.05516518897379822,2,B
0,landscape,62,random,mlp,,0.03616579756575073,0.012488927047003814,0.03683686560809936,2,B
0,landscape,62,shuffled,mlp,,0.03343916141330767,-0.12265021980424064,0.037237879455502165,2,B
0,landscape,62,pca,mlp,,0.33413407803165845,0.35451635541793697,0.3409070635609047,2,B
0,landscape,62,emotion,mlp,,0.360446617932902,0.36033788714901044,0.37908633732126246,2,B
0,landscape,63,population,mlp,,0.07534292624893296,0.045836570704730295,0.09411982479317739,2,B
0,landscape,63,identity,mlp,,0.07544063039196278,0.16035048353639017,0.09059837629562313,2,B
0,landscape,63,random,mlp,,-0.058399097390863644,-0.0630963391549895,-0.059300609917866336,2,B
0,landscape,63,shuffled,mlp,,0.06288873084022617,0.10640078814096918,0.08585562567565659,2,B
0,landscape,63,pca,mlp,,0.09670378539505574,0.17254600854914817,0.09767957107998905,2,B
0,landscape,63,emotion,mlp,,0.20478473634547523,0.2046367756378038,0.2531514689745929,2,B
0,landscape,79,population,mlp,,0.34193640329987407,0.36924829754906724,0.34538187897924816,2,B
0,landscape,79,identity,mlp,,0.12779358162157856,0.24984845990828913,0.1928752141607343,2,B
0,landscape,79,random,mlp,,-0.022981358756398434,-0.010788200083649531,-0.02338634346788036,2,B
0,landscape,79,shuffled,mlp,,-0.017640922640061747,0.010840316992266194,-0.019118214429989636,2,B
0,landscape,79,pca,mlp,,0.05234779528252277,0.030019339363198696,0.05528581904903279,2,B
0,landscape,79,emotion,mlp,,0.2181050648921341,0.18334728451342533,0.2260265603057031,2,B
0,landscape,80,population,mlp,,0.4010228715492936,0.4784040392500071,0.5017814650681088,2,B
0,landscape,80,identity,mlp,,0.3789792198233812,0.4550184351270605,0.40490921696912663,2,B
0,landscape,80,random,mlp,,-0.033876058207100684,-0.17336592952105065,-0.03910146270589773,2,B
0,landscape,80,shuffled,mlp,,0.4707156822091869,0.5167290898481555,0.5234888050256556,2,B
0,landscape,80,pca,mlp,,0.5867427737148377,0.6115896927936361,0.6016793910778182,2,B
0,landscape,80,emotion,mlp,,0.697164512854926,0.7498528052700132,0.7099933230887163,2,B
0,landscape,85,population,mlp,,0.1662118851639808,0.3346322952262765,0.23016615094734322,2,B
0,landscape,85,identity,mlp,,0.12106489895691747,0.047292137752045126,0.14593954496260209,2,B
0,landscape,85,random,mlp,,0.19197586110650705,0.19649479029669173,0.19901417183698947,2,B
0,landscape,85,shuffled,mlp,,0.29086205614501964,0.30174000711027077,0.3122510017180952,2,B
0,landscape,85,pca,mlp,,0.32655173379447605,0.349840557473462,0.337288671309928,2,B
0,landscape,85,emotion,mlp,,0.38475253885488925,0.32922603588923716,0.4318600716064914,2,B
0,landscape,86,population,mlp,,0.4789070523715523,0.5121925778689477,0.5095737741232579,2,B
0,landscape,86,identity,mlp,,0.3331141773343971,0.4689152055983731,0.44271906995253674,2,B
0,landscape,86,random,mlp,,0.03524756020709383,-0.031007749527196992,0.03712497524838777,2,B
0,landscape,86,shuffled,mlp,,0.2690575873351284,0.3291236460577151,0.27816421576146444,2,B
0,landscape,86,pca,mlp,,0.2781545559246237,0.29210942849296506,0.30080578223715276,2,B
0,landscape,86,emotion,mlp,,0.4862152605673501,0.5298526206460267,0.5240994751222391,2,B
0,landscape,98,population,mlp,,0.19359248731285303,0.3676696046239629,0.3341635907215048,2,B
0,landscape,98,identity,mlp,,0.32010949898179625,0.4098450632188948,0.4074701916602612,2,B
0,landscape,98,random,mlp,,0.08200906224858931,0.0514766974215855,0.08580314255808595,2,B
0,landscape,98,shuffled,mlp,,-0.013235051003603079,-0.061368491094375824,-0.016495291449185545,2,B
0,landscape,98,pca,mlp,,0.4808554465853383,0.5495604972340776,0.4958597510005148,2,B
0,landscape,98,emotion,mlp,,0.3151896611635537,0.2872065068378326,0.34396815809891157,2,B
0,landscape,99,population,mlp,,0.4342436320251256,0.5970901181832146,0.5693367376998373,2,B
0,landscape,99,identity,mlp,,0.4396001760985166,0.483323745874008,0.4633423726871021,2,B
0,landscape,99,random,mlp,,0.1492965762913365,0.10169061211996124,0.15696270374230306,2,B
0,landscape,99,shuffled,mlp,,0.3890199035377397,0.3987445348319249,0.4225358389393101,2,B
0,landscape,99,pca,mlp,,0.5668974063329499,0.5678051774813604,0.5892238598582115,2,B
0,landscape,99,emotion,mlp,,0.4620093666403016,0.5440936645591579,0.5148632778513934,2,B
0,landscape,105,population,mlp,,0.16271794352970662,0.12426081211906861,0.18488862822818194,2,B
0,landscape,105,identity,mlp,,0.19081005548760627,0.2838173021365834,0.27116237725401987,2,B
0,landscape,105,random,mlp,,-0.0379296516704312,-0.008561079320048643,-0.045184225428083064,2,B
0,landscape,105,shuffled,mlp,,0.12248002065008032,0.15209683610706304,0.15253052327852526,2,B
0,landscape,105,pca,mlp,,0.04083761543808389,0.0880139031850615,0.047343954179536143,2,B
0,landscape,105,emotion,mlp,,0.16905914240060907,0.1739751499249651,0.18393955388669492,2,B
0,landscape,109,population,mlp,,0.2742021317382993,0.30157876826244645,0.32526757072439383,2,B
0,landscape,109,identity,mlp,,0.17515361955523392,0.2073947051819739,0.22847062567079077,2,B
0,landscape,109,random,mlp,,0.12975111049298166,0.13328593020242913,0.1380026990347285,2,B
0,landscape,109,shuffled,mlp,,0.27723222099841643,0.29838270249513454,0.3120895295412999,2,B
0,landscape,109,pca,mlp,,0.037608132895513804,0.031111702703676792,0.04156484151252758,2,B
0,landscape,109,emotion,mlp,,0.2776209693037571,0.3022279691214317,0.3006037135352888,2,B
0,landscape,110,population,mlp,,0.5216162406766637,0.5301743970437268,0.5643129697092737,2,B
0,landscape,110,identity,mlp,,0.4279470145396416,0.6596314853438252,0.543499817375563,2,B
0,landscape,110,random,mlp,,0.16880238709901804,0.18720633827748748,0.17402998855440419,2,B
0,landscape,110,shuffled,mlp,,0.5458371153537548,0.591249520056463,0.5547546795236864,2,B
0,landscape,110,pca,mlp,,0.5776847531716067,0.6409864395396071,0.5908433813546707,2,B
0,landscape,110,emotion,mlp,,0.5646062906226738,0.6653761751321519,0.6162366907970244,2,B
0,landscape,116,population,mlp,,0.3034657020311618,0.5277215381731147,0.5506633344411794,2,B
0,landscape,116,identity,mlp,,0.10840995842795224,0.20061428826506053,0.14642821613962925,2,B
0,landscape,116,random,mlp,,-0.17211150798107094,-0.08699876640455997,-0.18422448412875764,2,B
0,landscape,116,shuffled,mlp,,0.2741662151555231,0.26530567866845123,0.32826610723414235,2,B
0,landscape,116,pca,mlp,,0.38851057410534096,0.39985971482095833,0.44308736347732774,2,B
0,landscape,116,emotion,mlp,,0.42879331210165156,0.41542417943995597,0.5317143354451487,2,B
0,landscape,117,population,mlp,,0.4881341878442098,0.49773849270467846,0.535044201811892,2,B
0,landscape,117,identity,mlp,,0.21790934702234155,0.32592182931665836,0.2864444668062146,2,B
0,landscape,117,random,mlp,,0.26233825799727606,0.15985761809493323,0.28899280735898175,2,B
0,landscape,117,shuffled,mlp,,0.4244488569506044,0.519537258808533,0.5171102146540704,2,B
0,landscape,117,pca,mlp,,0.39335492559718876,0.47578834628065825,0.42259781338463365,2,B
0,landscape,117,emotion,mlp,,0.40403698742414496,0.4337550773813277,0.4285545309642884,2,B
0,landscape,126,population,mlp,,0.2172548017490791,0.21607067167265487,0.2618729033362132,2,B
0,landscape,126,identity,mlp,,0.24834932439614898,0.23690270810077008,0.31102856920088984,2,B
0,landscape,126,random,mlp,,0.25958136876726406,0.26415219650911037,0.283682066264378,2,B
0,landscape,126,shuffled,mlp,,0.19960402391368154,0.17544326413630693,0.21071801332859574,2,B
0,landscape,126,pca,mlp,,0.20889513471649165,0.24248095482204265,0.21470425359147113,2,B
0,landscape,126,emotion,mlp,,0.07497320647837531,0.08367370081908843,0.08246515520702613,2,B
0,landscape,127,population,mlp,,0.2475257350904415,0.3105577310161826,0.32444960197326767,2,B
0,landscape,127,identity,mlp,,0.29842485455695966,0.21772770879050482,0.3054784727817207,2,B
0,landscape,127,random,mlp,,0.07837627403032837,0.14327793319824195,0.10954568827394065,2,B
0,landscape,127,shuffled,mlp,,0.3346921897500548,0.4056852840710371,0.34187317108277854,2,B
0,landscape,127,pca,mlp,,0.3126067096708276,0.3422343262780252,0.3209980412210133,2,B
0,landscape,127,emotion,mlp,,0.1901660860712115,0.15652539819200637,0.19217606334763745,2,B
0,landscape,136,population,mlp,,0.2810309466102197,0.37148761738259345,0.4124293624718679,2,B
0,landscape,136,identity,mlp,,-0.014547612803407864,-0.028376138605878568,-0.02522059545830539,2,B
0,landscape,136,random,mlp,,0.1549489404775483,0.21491927514522816,0.18627371732700243,2,B
0,landscape,136,shuffled,mlp,,0.3453943457751106,0.2649272236390388,0.3642402719907045,2,B
0,landscape,136,pca,mlp,,0.06681419153996908,0.0006994118670463027,0.07093407705036972,2,B
0,landscape,136,emotion,mlp,,0.46965774699786644,0.504725578054914,0.5220209612477008,2,B
0,landscape,144,population,mlp,,0.16816256277238592,0.36540087267172033,0.32833109825604173,2,B
0,landscape,144,identity,mlp,,0.11456051632448633,0.1713699775503006,0.18122496866381438,2,B
0,landscape,144,random,mlp,,0.038485719615870405,0.045630146945927104,0.044489161166108016,2,B
0,landscape,144,shuffled,mlp,,0.2745829275003884,0.2704922224362165,0.2959694625020919,2,B
0,landscape,144,pca,mlp,,0.2846594778475541,0.277480623319827,0.2978958830818123,2,B
0,landscape,144,emotion,mlp,,0.32595765402256976,0.3540447212358534,0.3314950641010257,2,B
1,art,5,population,mlp,,0.08700457687242161,0.14460803995207305,0.17415750604432673,2,B
1,art,5,identity,mlp,,0.2192034357203378,0.2814326443259892,0.2923364847384294,2,B
1,art,5,random,mlp,,-0.10367549184836433,-0.09826587417423094,-0.10775416480222033,2,B
1,art,5,shuffled,mlp,,0.24011005455251044,0.3943948738352927,0.36737312561714847,2,B
1,art,5,pca,mlp,,-0.13387263655325304,-0.02729323133656336,-0.1590595591349142,2,B
1,art,5,emotion,mlp,,0.2912624622660593,0.35824286384727444,0.30334247413725446,2,B
1,art,6,population,mlp,,0.450435057337286,0.6431724364485835,0.575300182434821,2,B
1,art,6,identity,mlp,,0.4049018199450911,0.4569870051981757,0.45206648063461896,2,B
1,art,6,random,mlp,,0.19136094807887413,0.1936647603043878,0.20469688303066494,2,B
1,art,6,shuffled,mlp,,0.29161493962881074,0.3152287885284088,0.30648051492069517,2,B
1,art,6,pca,mlp,,0.5175987914273229,0.5765066834807755,0.5191538237249165,2,B
1,art,6,emotion,mlp,,0.6082285950589602,0.6434217474170495,0.6082870293565773,2,B
1,art,16,population,mlp,,0.21621022802845105,0.3132932462608445,0.3118059783695163,2,B
1,art,16,identity,mlp,,0.2996735444375066,0.301055990610133,0.31382048147265895,2,B
1,art,16,random,mlp,,0.15183972295632508,0.16976145089951145,0.1678963009455453,2,B
1,art,16,shuffled,mlp,,0.11217937610037736,0.12773549723053415,0.1216786892293784,2,B
1,art,16,pca,mlp,,0.3887820500524345,0.3384015596477625,0.4103195523852754,2,B
1,art,16,emotion,mlp,,0.38420265568078843,0.3763809307708869,0.411657939557681,2,B
1,art,17,population,mlp,,0.05503972613139842,0.04762614868015787,0.060648356475548545,2,B
1,art,17,identity,mlp,,0.35490206569846694,0.3648555781878899,0.40636609746260055,2,B
1,art,17,random,mlp,,0.15847318405936073,0.1722397212061792,0.19136392882786396,2,B
1,art,17,shuffled,mlp,,0.28207497886287664,0.37015828340176304,0.3242970541576084,2,B
1,art,17,pca,mlp,,0.2961834312550776,0.22497217861080762,0.30848370106659345,2,B
1,art,17,emotion,mlp,,0.20642427339729352,0.17641314660598684,0.21031299189900543,2,B
1,art,23,population,mlp,,0.04100040388307255,0.06791894586793121,0.056777838129312606,2,B
1,art,23,identity,mlp,,-0.0380967249061761,0.04296611575558256,-0.0413139281648011,2,B
1,art,23,random,mlp,,0.13064841079780065,0.14331881910682293,0.1793887445392493,2,B
1,art,23,shuffled,mlp,,0.23058769423982578,0.28619468856668107,0.2722011042580602,2,B
1,art,23,pca,mlp,,0.10844524927201868,0.1854482521959165,0.16294468195728473,2,B
1,art,23,emotion,mlp,,0.2774581229693997,0.37985393058600947,0.3537133799677606,2,B
1,art,35,population,mlp,,0.17402094908548404,0.22318353982609987,0.20353827807387853,2,B
1,art,35,identity,mlp,,0.021746167440804928,-0.015271550016125002,0.029622721939874835,2,B
1,art,35,random,mlp,,0.11773657238863224,0.09908265044591684,0.12337363087767371,2,B
1,art,35,shuffled,mlp,,-0.0702313539196202,-0.08386322176090487,-0.08071309457156245,2,B
1,art,35,pca,mlp,,0.3049155457419221,0.3393098655459855,0.32524109153714303,2,B
1,art,35,emotion,mlp,,0.23641611000304485,0.3088188868448486,0.2934445647827403,2,B
1,art,39,population,mlp,,0.518329561996256,0.6366193258451824,0.6076263157183751,2,B
1,art,39,identity,mlp,,0.5278492932924481,0.5733835902248762,0.5869956679063705,2,B
1,art,39,random,mlp,,0.3846179814644578,0.37901795142954653,0.398613784521582,2,B
1,art,39,shuffled,mlp,,0.6116314486758334,0.6416742200718841,0.6124526731224704,2,B
1,art,39,pca,mlp,,0.6249588723971155,0.6559468625943355,0.6486546978111932,2,B
1,art,39,emotion,mlp,,0.731733095044367,0.7037205688153192,0.7367698995780184,2,B
1,art,44,population,mlp,,0.3519547488155083,0.5395108173556511,0.5605457263087318,2,B
1,art,44,identity,mlp,,0.2542177869608751,0.45050128901699743,0.4464991908662803,2,B
1,art,44,random,mlp,,0.24062571047517545,0.2723321319546331,0.25408529233565275,2,B
1,art,44,shuffled,mlp,,0.4915255140758575,0.41762930468956877,0.49345623481719003,2,B
1,art,44,pca,mlp,,0.3277981971551708,0.3276191071172033,0.34392144567151917,2,B
1,art,44,emotion,mlp,,0.5999717846636539,0.6600914600179084,0.6175365135755888,2,B
1,art,51,population,mlp,,0.31061886563540647,0.43475663498209166,0.4475110666872189,2,B
1,art,51,identity,mlp,,0.1323083722433589,0.12160513500900434,0.14990034001205657,2,B
1,art,51,random,mlp,,0.23574511285915795,0.2455010280722865,0.2621924777764254,2,B
1,art,51,shuffled,mlp,,0.28490482461820116,0.31651452775489947,0.3672702321685867,2,B
1,art,51,pca,mlp,,0.3722497258725919,0.42632469576102644,0.42855016080449443,2,B
1,art,51,emotion,mlp,,0.3426119238910429,0.4111667009763369,0.38899069780061957,2,B
1,art,64,population,mlp,,0.2666188682156877,0.3696329409381535,0.3916600924636716,2,B
1,art,64,identity,mlp,,0.11766697790355375,0.1629756508200819,0.13977825545992925,2,B
1,art,64,random,mlp,,0.02022845184790763,0.07551320845725122,0.023690434159282125,2,B
1,art,64,shuffled,mlp,,0.23801991110766144,0.228423736941928,0.2562802646925595,2,B
1,art,64,pca,mlp,,0.25274426853294124,0.20452526913076902,0.27942697428219465,2,B
1,art,64,emotion,mlp,,0.31734536618303344,0.3754340212989535,0.375470668725778,2,B
1,art,69,population,mlp,,0.2935903175379355,0.31619228040087066,0.31287701287777836,2,B
1,art,69,identity,mlp,,0.008042169226779708,0.02711080206676249,0.009970449138480747,2,B
1,art,69,random,mlp,,0.1560353279854421,0.20282896361059344,0.1648994164340009,2,B
1,art,69,shuffled,mlp,,0.2632948134399163,0.2200995486309014,0.28092196184621687,2,B
1,art,69,pca,mlp,,0.28194269616519413,0.269099813107124,0.29420390013724856,2,B
1,art,69,emotion,mlp,,0.29072614235467414,0.23917752045566018,0.31829461401310516,2,B
1,art,81,population,mlp,,0.24362889053916761,0.27393354516861046,0.2950753525994812,2,B
1,art,81,identity,mlp,,0.22566647646870608,0.4225976305356987,0.32195146005220776,2,B
1,art,81,random,mlp,,0.14124794489352885,0.11207777666322946,0.15561603197541718,2,B
1,art,81,shuffled,mlp,,0.1649278641642731,0.14897326544064202,0.19132557648298415,2,B
1,art,81,pca,mlp,,0.1963478450164495,0.2573924112334856,0.210879306826111,2,B
1,art,81,emotion,mlp,,0.21763670742955266,0.1033692045914659,0.22003436933063752,2,B
1,art,92,population,mlp,,0.3179077778497444,0.34986637742217447,0.38207356765133016,2,B
1,art,92,identity,mlp,,0.39281665910996394,0.372110513418279,0.4218027292501893,2,B
1,art,92,random,mlp,,0.06926496767301439,0.03731908025836528,0.07400437284223924,2,B
1,art,92,shuffled,mlp,,0.26072110525117775,0.25887656726592334,0.2728833561484071,2,B
1,art,92,pca,mlp,,0.5794943033847868,0.5947482895912108,0.6041128770071711,2,B
1,art,92,emotion,mlp,,0.5563975121762432,0.6178271944878315,0.5737126619248326,2,B
1,art,100,population,mlp,,0.36693741822996684,0.5672641581258101,0.6158224032979235,2,B
1,art,100,identity,mlp,,0.3753190398546165,0.37676611467413884,0.473980756811717,2,B
1,art,100,random,mlp,,0.24893568234663324,0.20084903431842877,0.25601426162468743,2,B
1,art,100,shuffled,mlp,,0.45330643030385315,0.4459386017164124,0.48193575712447817,2,B
1,art,100,pca,mlp,,0.5340543261674305,0.5008784763168944,0.5620868935282985,2,B
1,art,100,emotion,mlp,,0.6419987465215248,0.5900064794051763,0.6477879712870167,2,B
1,art,101,population,mlp,,0.39513038674052164,0.522300614904409,0.5002918410698579,2,B
1,art,101,identity,mlp,,0.2020565868169901,0.35121542873725586,0.301117317924684,2,B
1,art,101,random,mlp,,0.19988634235641717,0.22216919789744766,0.20710353498832446,2,B
1,art,101,shuffled,mlp,,0.30141228621932586,0.4178199349771569,0.32238449180367007,2,B
1,art,101,pca,mlp,,0.28509478407709754,0.3477721402202239,0.29236309883278944,2,B
1,art,101,emotion,mlp,,0.5487781847380657,0.5703524770450783,0.5604565935407015,2,B
1,art,106,population,mlp,,0.4067155175499266,0.4064425406944268,0.43688455233355394,2,B
1,art,106,identity,mlp,,0.24557659848002042,0.30875310015278334,0.3126764643473005,2,B
1,art,106,random,mlp,,0.08896114499100778,0.12699122936698928,0.09029386517506101,2,B
1,art,106,shuffled,mlp,,0.24169576668056836,0.2034482205188383,0.27448070885503173,2,B
1,art,106,pca,mlp,,0.20190991701788938,0.22468066990863275,0.22660992293313928,2,B
1,art,106,emotion,mlp,,0.2838722227771551,0.38647092559143725,0.3550684341073119,2,B
1,art,111,population,mlp,,0.45511614590743865,0.6080778507779353,0.5831844549925695,2,B
1,art,111,identity,mlp,,0.3534780261043185,0.40410579514351413,0.46301269862890804,2,B
1,art,111,random,mlp,,0.3373920328703865,0.3673465368663338,0.36569928198125945,2,B
1,art,111,shuffled,mlp,,0.5380980805844414,0.5636419602500987,0.5666563211172786,2,B
1,art,111,pca,mlp,,0.6001765805042104,0.666046266106608,0.6620645589584533,2,B
1,art,111,emotion,mlp,,0.6205930947974664,0.6756912656010221,0.6800252978186909,2,B
1,art,118,population,mlp,,0.4826915134748474,0.6019427077192101,0.5717679971059615,2,B
1,art,118,identity,mlp,,0.5432905663847352,0.573288261412517,0.5637782750322231,2,B
1,art,118,random,mlp,,0.4820322953663042,0.46111233334927154,0.4945957726156573,2,B
1,art,118,shuffled,mlp,,0.47120421736631524,0.5526072262520342,0.4712793385872395,2,B
1,art,118,pca,mlp,,0.3984198700911354,0.4483050416956713,0.42611364797822116,2,B
1,art,118,emotion,mlp,,0.48258724294952554,0.5777234713625965,0.50414019500561,2,B
1,art,119,population,mlp,,0.27583742844760806,0.457658410887763,0.4690175554300826,2,B
1,art,119,identity,mlp,,0.45215318572601565,0.4376960865624051,0.461390916359076,2,B
1,art,119,random,mlp,,0.4273706979491345,0.4616902103820472,0.45900161520301586,2,B
1,art,119,shuffled,mlp,,0.4006840851196634,0.4362702062534509,0.42073322102959804,2,B
1,art,119,pca,mlp,,0.5154515436080633,0.5618460100144466,0.5386011570230694,2,B
1,art,119,emotion,mlp,,0.34550951393078005,0.3169387748799442,0.3515290267815541,2,B
1,art,128,population,mlp,,0.48052129230091556,0.5725623820620787,0.5226968872484896,2,B
1,art,128,identity,mlp,,0.252907605996847,0.2618645640551871,0.3532557460493324,2,B
1,art,128,random,mlp,,0.14458916663290397,0.17377418706017203,0.15891721916248214,2,B
1,art,128,shuffled,mlp,,0.28975776652248497,0.3687562451897187,0.35980003841345065,2,B
1,art,128,pca,mlp,,0.5416837364581649,0.5666462383595109,0.5981004812683832,2,B
1,art,128,emotion,mlp,,0.2233872477469126,0.2957570483173557,0.2582161570706267,2,B
1,art,129,population,mlp,,0.19984792747489252,0.25270072232691126,0.26296445669012514,2,B
1,art,129,identity,mlp,,0.14205028377712242,0.19113126515949266,0.2070236864309456,2,B
1,art,129,random,mlp,,0.16970856700464154,0.19559718340554014,0.17789124688496946,2,B
1,art,129,shuffled,mlp,,0.2489243087286297,0.3224995119926646,0.281594905544257,2,B
1,art,129,pca,mlp,,0.18129263491368022,0.19213484229343591,0.214680875730371,2,B
1,art,129,emotion,mlp,,0.16086611202215195,0.290234507136389,0.20488717340371385,2,B
1,art,137,population,mlp,,0.4893945666099258,0.5363116203792747,0.5381661160952613,2,B
1,art,137,identity,mlp,,0.18919404742542748,0.2617830953890977,0.24962571420754867,2,B
1,art,137,random,mlp,,0.4289773377400127,0.3805564491912818,0.45065946052751144,2,B
1,art,137,shuffled,mlp,,0.4988354751159137,0.4260686722156084,0.510109705718268,2,B
1,art,137,pca,mlp,,0.5500870283413204,0.5138314925789459,0.5618897376398774,2,B
1,art,137,emotion,mlp,,0.6305604785929969,0.5846840382353397,0.6414534449646162,2,B
1,fashion,5,population,mlp,,0.05422964667480826,0.07358754952944088,0.0885807227654696,2,B
1,fashion,5,identity,mlp,,-0.09600547955121876,-0.14744191395927855,-0.1369690266844951,2,B
1,fashion,5,random,mlp,,0.08672394842385421,0.13319399827808875,0.09828613107544107,2,B
1,fashion,5,shuffled,mlp,,-0.15215015584090763,-0.13378099105896177,-0.15882736938331357,2,B
1,fashion,5,pca,mlp,,0.13056100438782658,0.20464702860435513,0.130643709343261,2,B
1,fashion,5,emotion,mlp,,0.12258230033837199,0.19205336530562558,0.1391892771466504,2,B
1,fashion,6,population,mlp,,0.21330646719545568,0.2691202487174798,0.2771160566884917,2,B
1,fashion,6,identity,mlp,,0.3089522606371011,0.41836924651340257,0.36421389379634483,2,B
1,fashion,6,random,mlp,,0.0860925118330568,0.12157867552622106,0.11826491202165644,2,B
1,fashion,6,shuffled,mlp,,0.18323482637254168,0.1897752229713298,0.18511310232010314,2,B
1,fashion,6,pca,mlp,,0.18024440608895595,0.24797831464208162,0.21598884197853432,2,B
1,fashion,6,emotion,mlp,,0.23361095368245272,0.24024468555036826,0.2899664901035679,2,B
1,fashion,16,population,mlp,,0.19954348516165837,0.2793859051493998,0.27261538901201954,2,B
1,fashion,16,identity,mlp,,0.307823186619884,0.3262512675368582,0.35729125751800167,2,B
1,fashion,16,random,mlp,,0.08977524501684987,0.06951695420806314,0.1340374310247703,2,B
1,fashion,16,shuffled,mlp,,0.18356161680411243,0.19248971238932092,0.19441594209992166,2,B
1,fashion,16,pca,mlp,,0.1517746733071809,0.1955652517959979,0.20120007516210128,2,B
1,fashion,16,emotion,mlp,,0.17914838414082115,0.29027233828731985,0.20416301608130571,2,B
1,fashion,17,population,mlp,,0.06410900451286052,-0.055619143271894655,0.07582847475529902,2,B
1,fashion,17,identity,mlp,,-0.07801483063715874,-0.07528674906765967,-0.11601548459422331,2,B
1,fashion,17,random,mlp,,0.05867624035575611,0.07528674906765967,0.06212143924157505,2,B
1,fashion,17,shuffled,mlp,,0.06305238348158258,-0.02437302761249376,0.07714194426275059,2,B
1,fashion,17,pca,mlp,,0.0503614158409042,0.037590504625776705,0.051423909841314924,2,B
1,fashion,17,emotion,mlp,,0.2788125885930012,0.0781417241025288,0.2849529678782406,2,B
1,fashion,23,population,mlp,,0.1801019278943296,0.23310223942252528,0.30836808130295185,2,B
1,fashion,23,identity,mlp,,0.38932408136350244,0.432087146002329,0.4256675326189112,2,B
1,fashion,23,random,mlp,,-0.171548887361947,-0.18946952328696376,-0.2345711138909839,2,B
1,fashion,23,shuffled,mlp,,0.22816100316628643,0.16891037907393647,0.23418193046684166,2,B
1,fashion,23,pca,mlp,,0.3186907150352356,0.3871725647599601,0.3762863535460541,2,B
1,fashion,23,emotion,mlp,,0.37243608122641964,0.45959794329458137,0.4486404548223739,2,B
1,fashion,35,population,mlp,,0.24028772739601442,0.2641585418766357,0.26439327453773215,2,B
1,fashion,35,identity,mlp,,-0.14788123446077425,-0.18178040305829996,-0.2173349042805621,2,B
1,fashion,35,random,mlp,,-0.06730018744020104,-0.0893637221980313,-0.07039950948257816,2,B
1,fashion,35,shuffled,mlp,,0.14312704121637537,0.16216902453308057,0.15261055330779272,2,B
1,fashion,35,pca,mlp,,-0.06954566675391162,-0.06214581954825456,-0.07221608220262977,2,B
1,fashion,35,emotion,mlp,,0.1869018330613387,0.1461280552908167,0.2092811314017796,2,B
1,fashion,39,population,mlp,,0.2079943040086733,0.2637344377557431,0.24646761260739722,2,B
1,fashion,39,identity,mlp,,0.10176650361439586,0.07244186245872442,0.11707860030872912,2,B
1,fashion,39,random,mlp,,-0.0608685924128234,-0.1285630288832096,-0.06384733084701003,2,B
1,fashion,39,shuffled,mlp,,0.2015322320929217,0.20390857345845512,0.23192460197312392,2,B
1,fashion,39,pca,mlp,,0.2832621105308605,0.2903181481673413,0.2919970187501067,2,B
1,fashion,39,emotion,mlp,,0.3715197430504303,0.34158315656936883,0.38103907363579287,2,B
1,fashion,44,population,mlp,,0.21546891236029406,0.4495367145224833,0.3627112063163977,2,B
1,fashion,44,identity,mlp,,-0.010564281842692654,0.11189877299434399,-0.011941612682200925,2,B
1,fashion,44,random,mlp,,-0.12000054031992936,-0.09600812532254445,-0.12386525709778644,2,B
1,fashion,44,shuffled,mlp,,-0.1762916801008828,-0.19768783229000772,-0.20598816790375093,2,B
1,fashion,44,pca,mlp,,0.274961122540847,0.3775433943631085,0.28760054216606523,2,B
1,fashion,44,emotion,mlp,,0.07793356422959545,0.06673050115553116,0.10036017362684418,2,B
1,fashion,51,population,mlp,,0.2649000587009,0.41702342070789344,0.39568274775117984,2,B
1,fashion,51,identity,mlp,,0.1353723901489079,0.1232472473894848,0.14507009924153558,2,B
1,fashion,51,random,mlp,,0.3420796722332157,0.34686351061711296,0.3740309964657546,2,B
1,fashion,51,shuffled,mlp,,-0.17979862821957218,-0.23193114738284684,-0.18924068272883504,2,B
1,fashion,51,pca,mlp,,0.1772638347570703,0.21426816861525205,0.21228557257367275,2,B
1,fashion,51,emotion,mlp,,0.2584967739196879,0.29667900269804126,0.27565610347161423,2,B
1,fashion,64,population,mlp,,0.019740537498275552,0.0855387196732146,0.050762132171035375,2,B
1,fashion,64,identity,mlp,,0.05829092937595124,0.10681234239632799,0.06325006445432552,2,B
1,fashion,64,random,mlp,,0.094124637280457,0.07591376275672479,0.1510250966249794,2,B
1,fashion,64,shuffled,mlp,,-0.11922443984010213,-0.15103778545876323,-0.12036911727131536,2,B
1,fashion,64,pca,mlp,,0.3002937935138305,0.4419089193504272,0.4337887492316772,2,B
1,fashion,64,emotion,mlp,,0.15766605888169635,0.21061380083416428,0.268303878481235,2,B
1,fashion,69,population,mlp,,0.1452128461435496,0.17438670100646314,0.15446425641555916,2,B
1,fashion,69,identity,mlp,,0.11477459742790895,0.12996990316874651,0.18638461207230358,2,B
1,fashion,69,random,mlp,,0.05697994453196888,0.11205738446279748,0.057424124539615935,2,B
1,fashion,69,shuffled,mlp,,-0.081819462642469,-0.06290210057205359,-0.08610874119229577,2,B
1,fashion,69,pca,mlp,,0.2805616956173211,0.2830073812989332,0.288765499980636,2,B
1,fashion,69,emotion,mlp,,0.2984345318763308,0.4143311376256875,0.31860961547539385,2,B
1,fashion,81,population,mlp,,0.24989256929223636,0.36425783613107315,0.35439770682805105,2,B
1,fashion,81,identity,mlp,,0.06435158970184632,0.14739481878502303,0.08794645011735978,2,B
1,fashion,81,random,mlp,,-0.03778891530729964,0.00916783767341128,-0.03872617454621652,2,B
1,fashion,81,shuffled,mlp,,-0.18146234908315315,-0.2234114728270582,-0.18584535051734238,2,B
1,fashion,81,pca,mlp,,0.12497342104365368,0.17566231827804113,0.12840179806614585,2,B
1,fashion,81,emotion,mlp,,0.10105079745317135,0.20611263626472862,0.10806443174166232,2,B
1,fashion,92,population,mlp,,0.10010363300592864,0.1646162740069667,0.13793882834193888,2,B
1,fashion,92,identity,mlp,,0.14006003415303128,0.17253207128502496,0.22003448499295888,2,B
1,fashion,92,random,mlp,,-0.06635987565267217,-0.033547902749865965,-0.07145731190790394,2,B
1,fashion,92,shuffled,mlp,,0.1800882949235569,0.21098022949273654,0.18231110367237022,2,B
1,fashion,92,pca,mlp,,0.2421387633900226,0.22368858430648994,0.24372324691358924,2,B
1,fashion,92,emotion,mlp,,0.11364564064182323,0.08820459824122062,0.15456775803956702,2,B
1,fashion,100,population,mlp,,0.2708166082228597,0.48674170959232027,0.4696915993124276,2,B
1,fashion,100,identity,mlp,,0.17957708596077984,0.169717151910438,0.196951851115067,2,B
1,fashion,100,random,mlp,,0.1499207431068882,0.17346054065600355,0.15418814643158596,2,B
1,fashion,100,shuffled,mlp,,0.012871320213394311,-0.030098868967722986,0.013031047323560023,2,B
1,fashion,100,pca,mlp,,0.21239994868800252,0.2521728769816791,0.21309191877127906,2,B
1,fashion,100,emotion,mlp,,0.4977879790801725,0.5196734132864173,0.5426872661341611,2,B
1,fashion,101,population,mlp,,0.03390384898022856,0.055515578025085895,0.03834141518412154,2,B
1,fashion,101,identity,mlp,,0.028320937435550034,0.0450193531475831,0.04097118036564531,2,B
1,fashion,101,random,mlp,,0.0948029465370928,0.07954248141766339,0.10017856947078971,2,B
1,fashion,101,shuffled,mlp,,0.26820289220661225,0.325681442052184,0.2916286603998886,2,B
1,fashion,101,pca,mlp,,0.16372434321726387,0.18266415995350843,0.16779563421071683,2,B
1,fashion,101,emotion,mlp,,0.2528199976727417,0.31359337264349596,0.305597928221426,2,B
1,fashion,106,population,mlp,,0.06870309509985732,0.10276609053727147,0.1433780162610019,2,B
1,fashion,106,identity,mlp,,-0.041761471178545076,-0.0024244287127233037,-0.044121414764998236,2,B
1,fashion,106,random,mlp,,0.028082681816243685,0.06367836231173249,0.03641533109527221,2,B
1,fashion,106,shuffled,mlp,,0.017587782223480956,0.07352451157360877,0.018652320898916365,2,B
1,fashion,106,pca,mlp,,0.23858414178627,0.2522395423972123,0.2923393252545849,2,B
1,fashion,106,emotion,mlp,,0.19122507744378753,0.23675288551797977,0.2262548755511961,2,B
1,fashion,111,population,mlp,,0.22400958502151558,0.3491333100555403,0.3071661436115329,2,B
1,fashion,111,identity,mlp,,0.5369861666728055,0.6007803885088514,0.5698925352823159,2,B
1,fashion,111,random,mlp,,0.12214925959308243,0.09640577966507606,0.14331210283461268,2,B
1,fashion,111,shuffled,mlp,,0.15673293364511354,0.19389201126730526,0.16198123564834932,2,B
1,fashion,111,pca,mlp,,0.46257334669624034,0.4733852828281549,0.501206030988004,2,B
1,fashion,111,emotion,mlp,,0.3246189738413791,0.4639558841039091,0.39181699850276075,2,B
1,fashion,118,population,mlp,,0.19004849655659636,0.2176305035322744,0.2215368399966227,2,B
1,fashion,118,identity,mlp,,0.2752811827414568,0.31140342830637213,0.3333352836408702,2,B
1,fashion,118,random,mlp,,0.29023200689056133,0.3276600452862369,0.2922299135165946,2,B
1,fashion,118,shuffled,mlp,,0.14053267593015953,0.07360084211920462,0.14297420470846287,2,B
1,fashion,118,pca,mlp,,0.16226041806467079,0.17916972677503348,0.19525170790575822,2,B
1,fashion,118,emotion,mlp,,0.4105662342202829,0.46291708107297724,0.4622034271069797,2,B
1,fashion,119,population,mlp,,0.1254837606951218,0.1883621763758985,0.23741357680591957,2,B
1,fashion,119,identity,mlp,,0.37250617739108777,0.4049199384047381,0.40939213712165384,2,B
1,fashion,119,random,mlp,,0.18018839864192146,0.21812418345400306,0.2432846304435955,2,B
1,fashion,119,shuffled,mlp,,0.10746709246105493,0.14484503115807787,0.11027170166897796,2,B
1,fashion,119,pca,mlp,,0.23888728361546993,0.2994801962234269,0.3168395193115176,2,B
1,fashion,119,emotion,mlp,,0.354717980323057,0.3528853766875915,0.38327396267726266,2,B
1,fashion,128,population,mlp,,0.2298886097871829,0.24244920275294415,0.26971098403767346,2,B
1,fashion,128,identity,mlp,,0.4562425039210137,0.4877664564460618,0.4841696376172971,2,B
1,fashion,128,random,mlp,,0.08758898047526134,0.10735411363994324,0.08957532005804542,2,B
1,fashion,128,shuffled,mlp,,0.04804596467954462,0.04935025583264089,0.0507084734420858,2,B
1,fashion,128,pca,mlp,,0.2202561249705898,0.19779661656369096,0.238166324777103,2,B
1,fashion,128,emotion,mlp,,0.5523621386737128,0.5623852300447142,0.5951872382340672,2,B
1,fashion,129,population,mlp,,0.12241264259672144,0.08930041873823281,0.19648980401943858,2,B
1,fashion,129,identity,mlp,,0.06679242589272212,0.026865167990157438,0.13100443866213746,2,B
1,fashion,129,random,mlp,,-0.04730572688039568,0.014308078296433943,-0.04908852537407906,2,B
1,fashion,129,shuffled,mlp,,-0.06897390615396055,-0.07529250991654925,-0.07183445412211777,2,B
1,fashion,129,pca,mlp,,0.11797079968212827,0.16219157285677915,0.15092282921219513,2,B
1,fashion,129,emotion,mlp,,-0.08702211522578032,-0.19686114719044603,-0.10831699749072586,2,B
1,fashion,137,population,mlp,,0.171722458336258,0.21203003202002546,0.25784860908792384,2,B
1,fashion,137,identity,mlp,,0.05652461807483102,0.10569338352270113,0.06453041114267222,2,B
1,fashion,137,random,mlp,,0.01007400091858514,-0.052945655603600296,0.012078945552892392,2,B
1,fashion,137,shuffled,mlp,,0.21298873953461886,0.15101882327307295,0.24519761169639034,2,B
1,fashion,137,pca,mlp,,0.06340791068199855,0.03503320015640094,0.07040188262955849,2,B
1,fashion,137,emotion,mlp,,0.164599102272025,0.1861015053505988,0.22764114018429796,2,B
1,landscape,5,population,mlp,,0.22916897448648416,0.3441868974920567,0.3471485772941862,2,B
1,landscape,5,identity,mlp,,0.09042074938626161,0.20759093324856737,0.18778650127325158,2,B
1,landscape,5,random,mlp,,0.0845556367791702,0.06298106512317338,0.08971107988182743,2,B
1,landscape,5,shuffled,mlp,,0.23210731826829395,0.16834335269872688,0.23752104807513436,2,B
1,landscape,5,pca,mlp,,0.48610263338459864,0.5815217432253855,0.5068657418414456,2,B
1,landscape,5,emotion,mlp,,0.413426549845518,0.3873900588041194,0.4467468700065754,2,B
1,landscape,6,population,mlp,,0.27770368822278524,0.3834603072352147,0.3570027343644847,2,B
1,landscape,6,identity,mlp,,0.3679377341772893,0.41052751570134366,0.3785821485308914,2,B
1,landscape,6,random,mlp,,0.4251135138505873,0.4513985092472954,0.4449953234963303,2,B
1,landscape,6,shuffled,mlp,,0.24545440603073027,0.2736195120804696,0.25952373942532986,2,B
1,landscape,6,pca,mlp,,0.48575826722510945,0.5075961253729788,0.5158639867925008,2,B
1,landscape,6,emotion,mlp,,0.45663064032445644,0.4462405112637318,0.47460499118973704,2,B
1,landscape,16,population,mlp,,0.35811739799866515,0.47927753698115977,0.49328362682215665,2,B
1,landscape,16,identity,mlp,,0.39091243077581955,0.4376780127887315,0.4598929646576694,2,B
1,landscape,16,random,mlp,,0.138695921614819,0.2349784444360036,0.14470761912199737,2,B
1,landscape,16,shuffled,mlp,,-0.05892757589721077,-0.18700163469520784,-0.07217267901098712,2,B
1,landscape,16,pca,mlp,,0.24083381528961595,0.28143451685372706,0.2604117626797561,2,B
1,landscape,16,emotion,mlp,,0.23161090068335244,0.3233774333449135,0.24352670820171726,2,B
1,landscape,17,population,mlp,,-0.20376843964386657,-0.1928523239554277,-0.21791984822944974,2,B
1,landscape,17,identity,mlp,,0.057526852032099104,0.047228053933866476,0.07961000238563046,2,B
1,landscape,17,random,mlp,,0.21843968117723106,0.2805463542024154,0.23318854331104974,2,B
1,landscape,17,shuffled,mlp,,0.03447365190086124,0.015707188174172052,0.04163224099189765,2,B
1,landscape,17,pca,mlp,,0.01852477422146126,0.0215641057984396,0.02028946717212672,2,B
1,landscape,17,emotion,mlp,,0.2081610959513681,0.22431994500944696,0.22880655130990085,2,B
1,landscape,23,population,mlp,,0.40473757203242966,0.6439438617648878,0.6648810397902581,2,B
1,landscape,23,identity,mlp,,0.6465069127452593,0.6517926740704482,0.6625822296589837,2,B
1,landscape,23,random,mlp,,0.37165625398623814,0.3404239523585595,0.38225343108810983,2,B
1,landscape,23,shuffled,mlp,,0.15152084062298124,0.16019377165261728,0.18677388461993144,2,B
1,landscape,23,pca,mlp,,0.5072835090402839,0.5928534561982589,0.5693320811677565,2,B
1,landscape,23,emotion,mlp,,0.46077759088889325,0.4373884720837742,0.49359938363177097,2,B
1,landscape,35,population,mlp,,0.3051367437753535,0.4219812111965648,0.3496467277176425,2,B
1,landscape,35,identity,mlp,,0.08044994771737983,0.08445678473733255,0.08873784089156307,2,B
1,landscape,35,random,mlp,,-0.030917407274638622,-0.0929327344600756,-0.030938151146017116,2,B
1,landscape,35,shuffled,mlp,,-0.02907174812694397,-0.14101356830396922,-0.030334983560560053,2,B
1,landscape,35,pca,mlp,,-0.07249946404553476,-0.0616019917349361,-0.0800344439149184,2,B
1,landscape,35,emotion,mlp,,0.004884998255309673,0.03244068852216537,0.005407763902497096,2,B
1,landscape,39,population,mlp,,0.3928597699713581,0.47036614185372283,0.47779624537684307,2,B
1,landscape,39,identity,mlp,,0.6105904010560382,0.6101391543224659,0.6418199719071436,2,B
1,landscape,39,random,mlp,,0.2167561884336256,0.29905384176805117,0.23646374181568663,2,B
1,landscape,39,shuffled,mlp,,0.35824097626428536,0.32069068429332237,0.38110245885699034,2,B
1,landscape,39,pca,mlp,,0.6253929677602142,0.6423716130958106,0.6701860031863762,2,B
1,landscape,39,emotion,mlp,,0.6860950766194245,0.6812882223060238,0.694980387111957,2,B
1,landscape,44,population,mlp,,0.317254565882858,0.5004555239400055,0.43490962653883697,2,B
1,landscape,44,identity,mlp,,0.22923044594815675,0.16263165096084847,0.24984564345227267,2,B
1,landscape,44,random,mlp,,0.18237281503479905,0.2715908215797792,0.19482797818479988,2,B
1,landscape,44,shuffled,mlp,,-0.1459210452860574,-0.15466148940631558,-0.1656924319291622,2,B
1,landscape,44,pca,mlp,,0.2004536681780759,0.17156024966434422,0.21122942948298892,2,B
1,landscape,44,emotion,mlp,,0.23528950570841042,0.25494428162410926,0.24784351453866088,2,B
1,landscape,51,population,mlp,,0.45574570958818234,0.7067888028829605,0.6823536332631706,2,B
1,landscape,51,identity,mlp,,0.5992048337584608,0.5935079537875023,0.6449345536061685,2,B
1,landscape,51,random,mlp,,0.2177856110652237,0.26271619599071283,0.2259473980661139,2,B
1,landscape,51,shuffled,mlp,,0.21471593359308183,0.2956104631679164,0.2901574997058423,2,B
1,landscape,51,pca,mlp,,0.5346582599222107,0.6042131886676573,0.6145542809851285,2,B
1,landscape,51,emotion,mlp,,0.4904246532450369,0.5209069972366329,0.5571721444342536,2,B
1,landscape,64,population,mlp,,0.18815410934485802,0.31306617645099694,0.2979596380481889,2,B
1,landscape,64,identity,mlp,,0.0604483768995421,0.04598684289616255,0.06448972863174503,2,B
1,landscape,64,random,mlp,,0.12698349091043745,0.028451580567335794,0.12823408272766437,2,B
1,landscape,64,shuffled,mlp,,-0.02660658125712065,-0.05408764014102898,-0.031186822085018655,2,B
1,landscape,64,pca,mlp,,0.17003112508829477,0.21205318641592455,0.182862598532929,2,B
1,landscape,64,emotion,mlp,,0.13824336532863146,0.15920042390368622,0.16629540142390273,2,B
1,landscape,69,population,mlp,,0.17117806235653998,0.22723559590212264,0.17333941487012253,2,B
1,landscape,69,identity,mlp,,-0.007122917003937043,-0.03674232575165724,-0.011516629783511707,2,B
1,landscape,69,random,mlp,,0.06541074562576946,0.0743956182574878,0.0690858892894734,2,B
1,landscape,69,shuffled,mlp,,-0.07816716017833208,-0.07950715393368256,-0.08959918101134119,2,B
1,landscape,69,pca,mlp,,0.24147384500348165,0.2960135858422083,0.2541292663506304,2,B
1,landscape,69,emotion,mlp,,0.2288604045812101,0.25886638597758516,0.2534823694915299,2,B
1,landscape,81,population,mlp,,0.2425090820136358,0.36392906638987516,0.32777837666431253,2,B
1,landscape,81,identity,mlp,,0.14861668116737695,0.21618734631953884,0.23935496835699174,2,B
1,landscape,81,random,mlp,,-0.007368129776295887,0.0009864061429028389,-0.007987491911230165,2,B
1,landscape,81,shuffled,mlp,,-0.015208447844419852,-0.06745922010629969,-0.01751297875011738,2,B
1,landscape,81,pca,mlp,,0.20783533655908648,0.17415548456362342,0.21080866643300616,2,B
1,landscape,81,emotion,mlp,,0.3716101522669767,0.458952858156182,0.43207153914340857,2,B
1,landscape,92,population,mlp,,0.2516355090210236,0.3495833046442954,0.3559811038187131,2,B
1,landscape,92,identity,mlp,,0.2793573313674708,0.1645274189881853,0.32666468256630393,2,B
1,landscape,92,random,mlp,,0.05209082105691773,0.062034928470955125,0.05490317502185514,2,B
1,landscape,92,shuffled,mlp,,0.0028515214821013043,0.07646978702820634,0.002978609868784541,2,B
1,landscape,92,pca,mlp,,0.31443403541751147,0.2881477474629147,0.36177376001127853,2,B
1,landscape,92,emotion,mlp,,0.22016832128914338,0.22616276659942414,0.24188608409146578,2,B
1,landscape,100,population,mlp,,0.016673902483606097,0.029815623768246303,0.028769704669380263,2,B
1,landscape,100,identity,mlp,,0.10216258971952465,0.10018449125477737,0.12073713019277311,2,B
1,landscape,100,random,mlp,,0.21007581128923514,0.12395708239997875,0.21043512105060888,2,B
1,landscape,100,shuffled,mlp,,0.2442270286415467,0.26709205345490994,0.29629118719580727,2,B
1,landscape,100,pca,mlp,,0.45401722244505394,0.49138345436478287,0.47026354004483534,2,B
1,landscape,100,emotion,mlp,,0.2503021693956429,0.2655438384853695,0.2569745585586218,2,B
1,landscape,101,population,mlp,,0.19283852694379414,0.26540229106685287,0.2903719702423733,2,B
1,landscape,101,identity,mlp,,0.21475355726697126,0.3398084485011447,0.3633020463085437,2,B
1,landscape,101,random,mlp,,0.2531986359971028,0.26845172374858606,0.2595374243786942,2,B
1,landscape,101,shuffled,mlp,,0.18724966310936933,0.2292156899102846,0.18956523098236436,2,B
1,landscape,101,pca,mlp,,0.31690660292996564,0.31327838417006526,0.32492258243395433,2,B
1,landscape,101,emotion,mlp,,0.16553242257484851,0.17752780595490555,0.1711818371606924,2,B
1,landscape,106,population,mlp,,0.1644980811572313,0.19200891693260771,0.22015167472972955,2,B
1,landscape,106,identity,mlp,,0.16866253618077368,0.20101784265617947,0.22442390035180834,2,B
1,landscape,106,random,mlp,,-0.08875922312961426,-0.14161833239087154,-0.08891600290977868,2,B
1,landscape,106,shuffled,mlp,,-0.06921790029276448,-0.004256964902347065,-0.07412932990850399,2,B
1,landscape,106,pca,mlp,,0.1458087318855396,0.2107692622580675,0.15988611663949095,2,B
1,landscape,106,emotion,mlp,,0.10362411431965357,0.09503921642449262,0.12131034211757917,2,B
1,landscape,111,population,mlp,,0.06789772984938879,0.12465314195833498,0.08866438562514534,2,B
1,landscape,111,identity,mlp,,0.3894600358731452,0.5040258507450718,0.5339408954397319,2,B
1,landscape,111,random,mlp,,0.15243517661431624,0.17657144624812704,0.15573923395399036,2,B
1,landscape,111,shuffled,mlp,,0.01351810125652904,-0.036810323799776765,0.015999271762297027,2,B
1,landscape,111,pca,mlp,,0.4171963552175847,0.46726473860812895,0.4589766352678282,2,B
1,landscape,111,emotion,mlp,,0.3349911818600136,0.3922661644492254,0.3964602392201437,2,B
1,landscape,118,population,mlp,,0.3175865905146343,0.44227372228367845,0.4226411866868502,2,B
1,landscape,118,identity,mlp,,0.36372028734360934,0.45910232952581315,0.4682890013691885,2,B
1,landscape,118,random,mlp,,0.17684274837360317,0.1299985015065501,0.17972878280532087,2,B
1,landscape,118,shuffled,mlp,,0.11668808447229793,0.09405100319642783,0.14857109065484678,2,B
1,landscape,118,pca,mlp,,0.44612841609577575,0.4533268311823586,0.4799096316987009,2,B
1,landscape,118,emotion,mlp,,0.4315147855361968,0.45238084438472387,0.443588192918043,2,B
1,landscape,119,population,mlp,,0.40624201257721415,0.5476230703399355,0.585480651964032,2,B
1,landscape,119,identity,mlp,,0.4426549819344281,0.3972019253333993,0.4504544438211152,2,B
1,landscape,119,random,mlp,,0.36170678751237434,0.3556546540004792,0.36629064057621585,2,B
1,landscape,119,shuffled,mlp,,0.11461117376726623,0.09911276775805052,0.13769599959201226,2,B
1,landscape,119,pca,mlp,,0.47763707264803473,0.4831997712972027,0.5012341777511665,2,B
1,landscape,119,emotion,mlp,,0.6339512851156365,0.6267130567327234,0.6477334214561326,2,B
1,landscape,128,population,mlp,,0.23823975298655073,0.25822494397679147,0.2759387798540183,2,B
1,landscape,128,identity,mlp,,0.004746342346050309,0.02922350585493445,0.006447704785288819,2,B
1,landscape,128,random,mlp,,-0.00542789356725887,-0.02171608797151163,-0.0058303254569482665,2,B
1,landscape,128,shuffled,mlp,,0.09787792399582285,0.08575587407775591,0.11159034742441591,2,B
1,landscape,128,pca,mlp,,0.2272744669423576,0.23645847065035752,0.24491287390678196,2,B
1,landscape,128,emotion,mlp,,0.2374025592984956,0.2819564461451951,0.26574163101681486,2,B
1,landscape,129,population,mlp,,0.46718488996127056,0.6088066341428147,0.6088595260328534,2,B
1,landscape,129,identity,mlp,,0.20070933713447886,0.27422196724397396,0.3004865921762237,2,B
1,landscape,129,random,mlp,,0.40950685809504334,0.38722771437012304,0.424402228985407,2,B
1,landscape,129,shuffled,mlp,,0.19405360492114343,0.18621793235111128,0.19821113368633525,2,B
1,landscape,129,pca,mlp,,0.4246079171805217,0.47005211166883876,0.4534613003742626,2,B
1,landscape,129,emotion,mlp,,0.3035386981598947,0.2786545417235805,0.31829599180004253,2,B
1,landscape,137,population,mlp,,0.19205011108417394,0.33523198783005725,0.2652559665172458,2,B
1,landscape,137,identity,mlp,,0.2087458370816937,0.2516225880217313,0.2391039378805407,2,B
1,landscape,137,random,mlp,,0.07343997759767641,0.20624313943217681,0.0789359397748033,2,B
1,landscape,137,shuffled,mlp,,0.03939987665960813,0.08162342831644165,0.04118833680350971,2,B
1,landscape,137,pca,mlp,,0.3802511483153615,0.3982865826973814,0.39261489895577706,2,B
1,landscape,137,emotion,mlp,,0.5052012292863274,0.5097988819666807,0.5159867643057267,2,B
2,art,7,population,mlp,,0.18856019510702193,0.20667316180429127,0.20372691595475165,2,B
2,art,7,identity,mlp,,0.31783125893695086,0.34670315435115273,0.35023361358818966,2,B
2,art,7,random,mlp,,0.08631227169221903,0.07894042072755078,0.09417116561130563,2,B
2,art,7,shuffled,mlp,,-0.03535140655789329,-0.058659872940133535,-0.03800460628105183,2,B
2,art,7,pca,mlp,,0.43731663315843244,0.46308077209459597,0.44386520021272047,2,B
2,art,7,emotion,mlp,,0.4233984008598395,0.468436026767068,0.45389017342754556,2,B
2,art,8,population,mlp,,0.30686005962211677,0.5739370960865526,0.5542697926172213,2,B
2,art,8,identity,mlp,,0.29929595157570277,0.4328861111156011,0.47977225229721837,2,B
2,art,8,random,mlp,,0.16696154364081459,0.2527429413959131,0.2534084263543393,2,B
2,art,8,shuffled,mlp,,0.45598541682211036,0.5402699492213142,0.5035596003050669,2,B
2,art,8,pca,mlp,,0.4160886567540779,0.4954336067135796,0.5028575584519432,2,B
2,art,8,emotion,mlp,,0.45871246126385823,0.5172933181853221,0.5305459469263724,2,B
2,art,40,population,mlp,,0.1763512528723403,0.20925427025457172,0.2556303871583801,2,B
2,art,40,identity,mlp,,0.09245925588669783,0.04308762857482125,0.12284162673638799,2,B
2,art,40,random,mlp,,0.1216002281256126,0.22436486222004723,0.16894553374448773,2,B
2,art,40,shuffled,mlp,,0.23956568855209848,0.2648093839494222,0.25238510841657397,2,B
2,art,40,pca,mlp,,0.22279732094998053,0.20077638037295176,0.2359624127412562,2,B
2,art,40,emotion,mlp,,0.17208250539256376,0.13215534227231054,0.17981461961582082,2,B
2,art,41,population,mlp,,0.39402691086596436,0.5644298245618429,0.5635172744922046,2,B
2,art,41,identity,mlp,,0.6569654627994924,0.724674204359471,0.6957280522618898,2,B
2,art,41,random,mlp,,0.2856330104705592,0.3379478589419478,0.3046585630160816,2,B
2,art,41,shuffled,mlp,,0.6495452595511783,0.6869839481096496,0.6552488085767876,2,B
2,art,41,pca,mlp,,0.5602494135526175,0.6017310201019888,0.5950672126917916,2,B
2,art,41,emotion,mlp,,0.5744155081292954,0.6137919021019317,0.598500322852812,2,B
2,art,45,population,mlp,,0.023259538810820383,-0.03430410176953272,0.028355956963235198,2,B
2,art,45,identity,mlp,,-0.03131105380436275,-0.03703582197170072,-0.040877995536752025,2,B
2,art,45,random,mlp,,0.055075533306570036,0.023429754041671663,0.05803546699693387,2,B
2,art,45,shuffled,mlp,,-0.019304071611788192,0.07549003712529637,-0.02110278989004502,2,B
2,art,45,pca,mlp,,-0.03720109039455344,-0.03908461212332672,-0.040202566501334136,2,B
2,art,45,emotion,mlp,,0.21245450533627105,0.28252290860114393,0.24241733308088614,2,B
2,art,46,population,mlp,,0.111893024346463,0.0943366696158698,0.13987462997071776,2,B
2,art,46,identity,mlp,,-0.034224489933838524,-0.0269533341759628,-0.038458636427470036,2,B
2,art,46,random,mlp,,0.1565564893206902,0.09804910998350241,0.16583255299534358,2,B
2,art,46,shuffled,mlp,,0.01671694678130889,0.028478994601017292,0.018484664212633534,2,B
2,art,46,pca,mlp,,0.05991637680678061,0.10410089633621857,0.06833917839464523,2,B
2,art,46,emotion,mlp,,0.018698841960863962,0.06468800202231072,0.020857531592120324,2,B
2,art,52,population,mlp,,0.45578654433628396,0.54477652423128,0.5376704653076069,2,B
2,art,52,identity,mlp,,0.44233007999186225,0.5121412802112623,0.48103416650691433,2,B
2,art,52,random,mlp,,0.31420100401311046,0.3575558807760495,0.372631733887461,2,B
2,art,52,shuffled,mlp,,0.5699469853343545,0.652161782542231,0.6237508596345055,2,B
2,art,52,pca,mlp,,0.44177115493172586,0.4383293440389074,0.5078699012075666,2,B
2,art,52,emotion,mlp,,0.572499094775796,0.6453483730493983,0.6314703119269885,2,B
2,art,58,population,mlp,,0.5015176060817429,0.6520527194089901,0.6517668342836657,2,B
2,art,58,identity,mlp,,0.4214878727110905,0.5032183348522729,0.5404264245856092,2,B
2,art,58,random,mlp,,0.09316825273427055,0.00407563639663726,0.10922750990391186,2,B
2,art,58,shuffled,mlp,,0.47213009384775556,0.49148246619207636,0.5057652028941756,2,B
2,art,58,pca,mlp,,0.38311328435588243,0.42430812172701887,0.4113195294687995,2,B
2,art,58,emotion,mlp,,0.48725721844836806,0.5318951017876482,0.546000524349509,2,B
2,art,65,population,mlp,,0.6307737659046356,0.7037454641363993,0.6970529749171996,2,B
2,art,65,identity,mlp,,0.3042992594599593,0.44105706508087694,0.3842378643572965,2,B
2,art,65,random,mlp,,0.13769926658924278,0.09370497138026207,0.1680675306894519,2,B
2,art,65,shuffled,mlp,,0.2515568047106401,0.29541388984695094,0.26490698449732314,2,B
2,art,65,pca,mlp,,0.2132582539109941,0.27762616061797624,0.2568489494047051,2,B
2,art,65,emotion,mlp,,0.5888041749886491,0.6532813814895565,0.6383692327188514,2,B
2,art,66,population,mlp,,0.3482787536140568,0.44972359964600683,0.42970160187473916,2,B
2,art,66,identity,mlp,,0.48816148658953584,0.5338635429956835,0.525434235829754,2,B
2,art,66,random,mlp,,0.04890762367081585,0.06747808464918899,0.05485099917199006,2,B
2,art,66,shuffled,mlp,,0.35867226659663526,0.42861532117500784,0.40163599632817676,2,B
2,art,66,pca,mlp,,0.38939584288290563,0.3869851053016487,0.4230179334611565,2,B
2,art,66,emotion,mlp,,0.46309322721581064,0.5170550990280361,0.5311125373216368,2,B
2,art,74,population,mlp,,0.38858060817659074,0.4613501285070973,0.4181851727579992,2,B
2,art,74,identity,mlp,,0.26301677436084003,0.343525634749244,0.34766852708159984,2,B
2,art,74,random,mlp,,0.006463171206173308,-0.007148452527523557,0.0075058485980559475,2,B
2,art,74,shuffled,mlp,,0.30970028118659093,0.32203028798815914,0.360263919997289,2,B
2,art,74,pca,mlp,,0.2815752877655355,0.36052195544405524,0.3649627813171412,2,B
2,art,74,emotion,mlp,,0.33417661179017083,0.37981777835051744,0.42847759821207476,2,B
2,art,83,population,mlp,,0.5942207600671657,0.6417635462867649,0.6049945555945098,2,B
2,art,83,identity,mlp,,0.0919496037771753,0.10917090262519415,0.12093373637328562,2,B
2,art,83,random,mlp,,0.1727746180531385,0.1333750750317037,0.17320386269319293,2,B
2,art,83,shuffled,mlp,,0.0035379974437526594,0.0012606339795057063,0.004183978025909537,2,B
2,art,83,pca,mlp,,-0.045913975113493016,-0.0696374210278952,-0.06291106409797975,2,B
2,art,83,emotion,mlp,,0.2948637696300623,0.35242283531061525,0.3526416525387895,2,B
2,art,87,population,mlp,,0.2692248501349212,0.4058269089096404,0.4356167523992069,2,B
2,art,87,identity,mlp,,0.6605254636963248,0.7201404628917413,0.7070317484142251,2,B
2,art,87,random,mlp,,0.33382094474672813,0.3723799056617401,0.39401588516980524,2,B
2,art,87,shuffled,mlp,,0.6868430455659368,0.680612186326041,0.6992317639491865,2,B
2,art,87,pca,mlp,,0.7394651770107314,0.7340194979638173,0.7563675828226051,2,B
2,art,87,emotion,mlp,,0.6393949075895557,0.6404953994392633,0.6557913257915743,2,B
2,art,93,population,mlp,,0.3863463257325815,0.5016992229198463,0.4842983862333045,2,B
2,art,93,identity,mlp,,0.4300598505424925,0.4948165290238366,0.49307729418122537,2,B
2,art,93,random,mlp,,0.059739096812641494,0.12924715894720976,0.07464016321131275,2,B
2,art,93,shuffled,mlp,,0.3412154459384671,0.3991470838693024,0.3743593697535504,2,B
2,art,93,pca,mlp,,0.459144618001332,0.4766757143979254,0.4958949431502205,2,B
2,art,93,emotion,mlp,,0.6338710309123414,0.6414179090088421,0.646135533465878,2,B
2,art,94,population,mlp,,0.41550113488878826,0.659378681234739,0.6795421581874569,2,B
2,art,94,identity,mlp,,0.5235278218441066,0.5706629850886975,0.5543204895477812,2,B
2,art,94,random,mlp,,0.3114872802780679,0.3519413017253503,0.3393914265129238,2,B
2,art,94,shuffled,mlp,,0.6571781034596313,0.6828479268672263,0.6810744002547389,2,B
2,art,94,pca,mlp,,0.6239313110315894,0.6452581807504623,0.6629262907644974,2,B
2,art,94,emotion,mlp,,0.6757137064474589,0.7093360381204901,0.7172171034655135,2,B
2,art,102,population,mlp,,0.22653390524076472,0.31905502559877225,0.2897189438351142,2,B
2,art,102,identity,mlp,,0.06593344575700857,0.08369795754777191,0.07496458341269444,2,B
2,art,102,random,mlp,,0.03105663957876824,0.11154763381366754,0.034484815210922934,2,B
2,art,102,shuffled,mlp,,0.07577669740339345,0.13006444174090295,0.07895218375818769,2,B
2,art,102,pca,mlp,,0.03088817219419439,0.09243511088609212,0.03302160050223915,2,B
2,art,102,emotion,mlp,,0.0667612863326831,0.09893833297313726,0.07191167126132329,2,B
2,art,112,population,mlp,,0.4302631470678732,0.4996602071225552,0.46793803920777655,2,B
2,art,112,identity,mlp,,0.13183052153290656,0.2206898153663611,0.20560719759129464,2,B
2,art,112,random,mlp,,0.3886931903991485,0.3219333009040547,0.3934343249376844,2,B
2,art,112,shuffled,mlp,,0.48808393821993395,0.5171286427101469,0.492871685957008,2,B
2,art,112,pca,mlp,,0.17167306859531417,0.1671304377839854,0.17574500334872598,2,B
2,art,112,emotion,mlp,,0.39051439272561556,0.39684298864904255,0.426869639109092,2,B
2,art,113,population,mlp,,0.33380677081759663,0.45763445804181896,0.4080934367995415,2,B
2,art,113,identity,mlp,,0.12641497938027876,0.12677278220294327,0.14889135415346555,2,B
2,art,113,random,mlp,,0.2199485502428721,0.2719870348624796,0.28543405876577715,2,B
2,art,113,shuffled,mlp,,0.3047337924893844,0.3709496851469243,0.37539384690401484,2,B
2,art,113,pca,mlp,,0.284962191206951,0.3594114389254195,0.3432933843277068,2,B
2,art,113,emotion,mlp,,0.3784684385183043,0.43431142187612776,0.4735686208512294,2,B
2,art,120,population,mlp,,0.5580850957355264,0.625678095253429,0.6390538362666635,2,B
2,art,120,identity,mlp,,0.24926519513225487,0.35033193364659615,0.3031166206165941,2,B
2,art,120,random,mlp,,0.3019720982037389,0.18806192629095989,0.318243141677138,2,B
2,art,120,shuffled,mlp,,0.2549635893652969,0.28963627885478255,0.2877533367978914,2,B
2,art,120,pca,mlp,,0.33829737379051034,0.43532576689485364,0.3491845943212742,2,B
2,art,120,emotion,mlp,,0.49946258642697605,0.57399467468419,0.5325127383275922,2,B
2,art,121,population,mlp,,0.2816085314764011,0.38176198642817016,0.4007345673190167,2,B
2,art,121,identity,mlp,,0.0852901917616492,0.14094442948263097,0.1481404576671505,2,B
2,art,121,random,mlp,,0.176018633873533,0.15931007613320286,0.21478192504520274,2,B
2,art,121,shuffled,mlp,,0.47416261310156765,0.45024944108476966,0.4746895503692188,2,B
2,art,121,pca,mlp,,0.4359193336665556,0.3997042175940027,0.4385972618977918,2,B
2,art,121,emotion,mlp,,0.4082302789875645,0.41706425246831846,0.40950496643152984,2,B
2,art,131,population,mlp,,0.2784937375398114,0.4061355813001064,0.3720463363958677,2,B
2,art,131,identity,mlp,,0.24383645258828515,0.35170655466266154,0.3558779622467745,2,B
2,art,131,random,mlp,,0.026761477572902686,0.0268960716687284,0.045884933496764375,2,B
2,art,131,shuffled,mlp,,0.19231488849892378,0.22006767565742796,0.2300646665677557,2,B
2,art,131,pca,mlp,,0.2562718528427916,0.3021766303328174,0.3274177513123321,2,B
2,art,131,emotion,mlp,,0.3271228205001794,0.38693110025431127,0.37217177022946835,2,B
2,art,138,population,mlp,,0.3229275596046294,0.3586962057550292,0.3483256975476869,2,B
2,art,138,identity,mlp,,0.2899208741572634,0.4294881588999236,0.4313251783854159,2,B
2,art,138,random,mlp,,0.272332141513204,0.21604278074866312,0.290165474724313,2,B
2,art,138,shuffled,mlp,,0.4458969563004267,0.48576521517697985,0.4466512355110879,2,B
2,art,138,pca,mlp,,0.29728409892044605,0.2963585434173669,0.3003549588031956,2,B
2,art,138,emotion,mlp,,0.3257725288080708,0.38548510313216194,0.3318477753148109,2,B
2,art,139,population,mlp,,0.08094211244007432,0.11945450001570479,0.09631735359254669,2,B
2,art,139,identity,mlp,,0.2605400345253296,0.28106356349929046,0.3003052162581755,2,B
2,art,139,random,mlp,,0.08356755935414102,0.06710926967174427,0.0928730816483934,2,B
2,art,139,shuffled,mlp,,0.2556355880960411,0.2531262230877939,0.25886615968340104,2,B
2,art,139,pca,mlp,,0.2967570721436645,0.3476260168996353,0.31360615471081216,2,B
2,art,139,emotion,mlp,,0.5509410662688099,0.5046119973613897,0.5655865633191665,2,B
2,fashion,7,population,mlp,,0.28150770042718803,0.3386581205916039,0.38443427908662486,2,B
2,fashion,7,identity,mlp,,-0.05172393513415959,-0.05347756644504927,-0.06144611934872751,2,B
2,fashion,7,random,mlp,,0.1737318430067711,0.21893000017699077,0.1804720940192563,2,B
2,fashion,7,shuffled,mlp,,0.22504595668318567,0.3188773850478031,0.24991702889444214,2,B
2,fashion,7,pca,mlp,,0.3132048004563406,0.31306244520201243,0.33148402148667055,2,B
2,fashion,7,emotion,mlp,,0.23553221100777438,0.2788686108951408,0.24975008066880403,2,B
2,fashion,8,population,mlp,,0.29276034178132915,0.3107943249103396,0.3680604411224173,2,B
2,fashion,8,identity,mlp,,-0.006685258538139505,-0.019797071559809306,-0.0070551733178377835,2,B
2,fashion,8,random,mlp,,-0.06641724103056974,-0.05673190655945353,-0.0750634351199034,2,B
2,fashion,8,shuffled,mlp,,-0.006781162638921634,-0.01846741749982211,-0.00959773799043887,2,B
2,fashion,8,pca,mlp,,-0.0748968647517284,-0.06869879309933825,-0.10816911091225578,2,B
2,fashion,8,emotion,mlp,,0.2066211081004933,0.21432053589126893,0.24329601035292586,2,B
2,fashion,40,population,mlp,,0.37988011589868154,0.3278258988135952,0.4461599887586377,2,B
2,fashion,40,identity,mlp,,0.0551360320681875,0.0846983275675636,0.05710419405655821,2,B
2,fashion,40,random,mlp,,-0.06126895080473596,0.04232423784865304,-0.06143923858162591,2,B
2,fashion,40,shuffled,mlp,,0.1065998332647149,0.20259800072665013,0.1298970804864162,2,B
2,fashion,40,pca,mlp,,0.07532551860505805,0.06834691412308988,0.08614206517186651,2,B
2,fashion,40,emotion,mlp,,-0.11153973267992807,-0.12118989659608426,-0.12092308208240812,2,B
2,fashion,41,population,mlp,,0.2619217632931248,0.35252946650810646,0.3873912108971032,2,B
2,fashion,41,identity,mlp,,0.26119846764047344,0.35545340457701524,0.313263270717091,2,B
2,fashion,41,random,mlp,,-0.026333857865460757,-0.02217319702255853,-0.026485295557663175,2,B
2,fashion,41,shuffled,mlp,,-0.13318589750280588,-0.1664695407232087,-0.1507765021537719,2,B
2,fashion,41,pca,mlp,,0.21825829898168905,0.22909054769900583,0.24003971611152636,2,B
2,fashion,41,emotion,mlp,,0.25440799560426086,0.27090286208440195,0.27416158437163374,2,B
2,fashion,45,population,mlp,,0.19892079344474017,0.2780758515329269,0.2742965580271709,2,B
2,fashion,45,identity,mlp,,0.1862069497660777,0.21122068779777836,0.24150457219035695,2,B
2,fashion,45,random,mlp,,0.16729177834709721,0.2020522628229804,0.1782841316626705,2,B
2,fashion,45,shuffled,mlp,,-0.020133846078898954,0.07983963586161918,-0.026261590126186396,2,B
2,fashion,45,pca,mlp,,-0.04031133490580882,-0.03528604638949277,-0.050059427114358235,2,B
2,fashion,45,emotion,mlp,,0.03823654991911808,0.19124838906889416,0.05437450620176269,2,B
2,fashion,46,population,mlp,,0.056730789250828716,0.1839389230845563,0.09827195695546899,2,B
2,fashion,46,identity,mlp,,-0.04667998871302732,-0.06387964252537194,-0.06383388801254537,2,B
2,fashion,46,random,mlp,,-0.026141569745092665,-0.04148883999070548,-0.02741056823400899,2,B
2,fashion,46,shuffled,mlp,,-0.037321822904528915,-0.0550145057752212,-0.041428916262817465,2,B
2,fashion,46,pca,mlp,,0.17928676475291236,0.23849750754119833,0.24493896890223094,2,B
2,fashion,46,emotion,mlp,,0.11306706618107111,0.21838631159942778,0.146892706005968,2,B
2,fashion,52,population,mlp,,0.2987195386567995,0.3756934484919473,0.40420184413669946,2,B
2,fashion,52,identity,mlp,,0.0832583240527368,0.07801146046097313,0.12252754867321157,2,B
2,fashion,52,random,mlp,,0.062240416718183825,0.018779596857879017,0.06366269212382354,2,B
2,fashion,52,shuffled,mlp,,0.2847078634058877,0.35229508592037373,0.36016288245418243,2,B
2,fashion,52,pca,mlp,,0.3252243018990957,0.3167153632247705,0.46384525668157744,2,B
2,fashion,52,emotion,mlp,,0.22983715165089694,0.271441308097127,0.27985059039257154,2,B
2,fashion,58,population,mlp,,0.21881468923516026,0.23920996871149974,0.30162569892170793,2,B
2,fashion,58,identity,mlp,,0.13493368559424218,0.18810892991287104,0.164862154549038,2,B
2,fashion,58,random,mlp,,-0.15715011018522443,-0.18013362327955904,-0.16370410302996524,2,B
2,fashion,58,shuffled,mlp,,0.06612596698250414,0.20868719023833038,0.07343100013997168,2,B
2,fashion,58,pca,mlp,,-0.0892885396342309,-0.12489724030069453,-0.11739497912362933,2,B
2,fashion,58,emotion,mlp,,0.15532588851984772,0.21045948060128858,0.20954353587481042,2,B
2,fashion,65,population,mlp,,0.191525911985216,0.22614875653134997,0.24837462080565317,2,B
2,fashion,65,identity,mlp,,-0.018868552545630624,-0.04044735860028741,-0.022217726004527392,2,B
2,fashion,65,random,mlp,,0.21568523328708286,0.26778428723250264,0.21926844118866406,2,B
2,fashion,65,shuffled,mlp,,0.04749668376767347,-0.04619019042113605,0.0572179249174291,2,B
2,fashion,65,pca,mlp,,0.03884425047651121,0.011386649299958512,0.04856450883467916,2,B
2,fashion,65,emotion,mlp,,0.16827580868679437,0.13659028442863277,0.17579038363913913,2,B
2,fashion,66,population,mlp,,0.3473162688366709,0.41927793851696793,0.39655912614217204,2,B
2,fashion,66,identity,mlp,,0.12065335688155464,0.1882695762843487,0.16229628368606067,2,B
2,fashion,66,random,mlp,,0.2727156817291085,0.20225048297988307,0.2751297068978095,2,B
2,fashion,66,shuffled,mlp,,0.052303949519847966,0.08721896596893851,0.05997022461638537,2,B
2,fashion,66,pca,mlp,,0.16747202117331073,0.18871736333153666,0.19449769972285866,2,B
2,fashion,66,emotion,mlp,,0.06965960486801781,0.12781832491397777,0.09609060999178705,2,B
2,fashion,74,population,mlp,,-0.020275678292664488,-0.034084771614767105,-0.023169693397228457,2,B
2,fashion,74,identity,mlp,,-0.0378403577856254,-0.08259775776262886,-0.04712070833745131,2,B
2,fashion,74,random,mlp,,-0.04035115704928038,-0.04313382602576722,-0.04199447960434591,2,B
2,fashion,74,shuffled,mlp,,0.08953887885296508,0.11085091653475143,0.08974429272425738,2,B
2,fashion,74,pca,mlp,,0.22283414844413332,0.26810337318813127,0.22900397989128898,2,B
2,fashion,74,emotion,mlp,,0.25906293782397427,0.23054979738248077,0.2717944357151802,2,B
2,fashion,83,population,mlp,,0.4143536038339871,0.3984889330447036,0.4224878510753264,2,B
2,fashion,83,identity,mlp,,0.29428446797492586,0.49329404185806547,0.4848759284859633,2,B
2,fashion,83,random,mlp,,0.4240180561211799,0.44732637558477595,0.436508989278317,2,B
2,fashion,83,shuffled,mlp,,0.27662891002724305,0.34990772052845115,0.34069591305143815,2,B
2,fashion,83,pca,mlp,,0.3790563906577899,0.43518107245571286,0.38393294818970847,2,B
2,fashion,83,emotion,mlp,,0.20169372459651655,0.22266389069949036,0.20914399429949113,2,B
2,fashion,87,population,mlp,,0.1987683829641029,0.26633711604946825,0.2852779325986307,2,B
2,fashion,87,identity,mlp,,0.15749624885003397,0.1803950934785012,0.17424777314220785,2,B
2,fashion,87,random,mlp,,0.11112914716907564,0.11093711280077027,0.1119510118482919,2,B
2,fashion,87,shuffled,mlp,,0.045206836644013405,0.0483760161199126,0.05042358272092937,2,B
2,fashion,87,pca,mlp,,0.1597795179069482,0.2237818743666331,0.22345797061416825,2,B
2,fashion,87,emotion,mlp,,0.22082770386044065,0.2868321117564889,0.2637063415725556,2,B
2,fashion,93,population,mlp,,0.36207087285888356,0.495394037891038,0.4949948319076868,2,B
2,fashion,93,identity,mlp,,0.2666065300276124,0.31438658211154213,0.29966849485056846,2,B
2,fashion,93,random,mlp,,0.15986506302173883,0.17110551618543146,0.16376884082747867,2,B
2,fashion,93,shuffled,mlp,,0.2031330742101647,0.217991200163326,0.22845569201558075,2,B
2,fashion,93,pca,mlp,,0.22223713045743307,0.24814260622725187,0.2623058643628009,2,B
2,fashion,93,emotion,mlp,,0.40489348595800473,0.44474561686739894,0.4585786708930216,2,B
2,fashion,94,population,mlp,,0.22369736800108345,0.353262363752709,0.3660796285311469,2,B
2,fashion,94,identity,mlp,,0.20101862825578434,0.21570844362776312,0.27821004477075023,2,B
2,fashion,94,random,mlp,,0.16675733771705953,0.13936577311341972,0.17463676947739923,2,B
2,fashion,94,shuffled,mlp,,-0.09823167022211116,-0.05817517162991659,-0.11953598567390518,2,B
2,fashion,94,pca,mlp,,0.24693003687016002,0.29258977313867984,0.2950931637806784,2,B
2,fashion,94,emotion,mlp,,0.3094874791602829,0.4061488834162696,0.4058603558465954,2,B
2,fashion,102,population,mlp,,0.28861016915905846,0.4151967918426673,0.4356623456058392,2,B
2,fashion,102,identity,mlp,,0.35176473993138635,0.3871755636896039,0.39140321679734175,2,B
2,fashion,102,random,mlp,,-0.10545638458299575,-0.13468903163203594,-0.10630742336137501,2,B
2,fashion,102,shuffled,mlp,,0.0839826526563176,0.1209000265655021,0.10648787750627584,2,B
2,fashion,102,pca,mlp,,0.13196981058910545,0.11809297910552913,0.17704313662504445,2,B
2,fashion,102,emotion,mlp,,0.16922018267246822,0.1706881841450225,0.20959898260232712,2,B
2,fashion,112,population,mlp,,0.1505529310459143,0.23080153869726033,0.22057836758847185,2,B
2,fashion,112,identity,mlp,,0.24159815112056532,0.2587493568326301,0.3033632375564257,2,B
2,fashion,112,random,mlp,,0.1632283986826874,0.1687181936142618,0.16619891864647135,2,B
2,fashion,112,shuffled,mlp,,-0.16115908580234584,-0.20491629016597684,-0.16213236779077825,2,B
2,fashion,112,pca,mlp,,0.3088409514401626,0.28989415785433365,0.31250360407112326,2,B
2,fashion,112,emotion,mlp,,0.06440222643592294,0.09400160970623449,0.06658221421588584,2,B
2,fashion,113,population,mlp,,0.34754250530231534,0.4162703047155752,0.4708621084214715,2,B
2,fashion,113,identity,mlp,,0.2009391745585945,0.24510523263704453,0.25516592470432403,2,B
2,fashion,113,random,mlp,,0.26497534281288615,0.30097878938399086,0.2758078805671473,2,B
2,fashion,113,shuffled,mlp,,0.29075267013546097,0.3507973263248804,0.35932236601602935,2,B
2,fashion,113,pca,mlp,,0.09919152180761623,0.12346333067959585,0.11562715009065151,2,B
2,fashion,113,emotion,mlp,,0.18723339565600822,0.23343824325464255,0.21138862636450634,2,B
2,fashion,120,population,mlp,,0.24012165548939793,0.21991001030656795,0.275980067560428,2,B
2,fashion,120,identity,mlp,,0.006466744317451292,0.021955342701443316,0.007927954180117684,2,B
2,fashion,120,random,mlp,,0.13620105336007815,0.04885191102246901,0.1503570266180466,2,B
2,fashion,120,shuffled,mlp,,0.17094761366228872,0.15603066054413198,0.18330208386676256,2,B
2,fashion,120,pca,mlp,,0.20777907050504138,0.21471408233546074,0.22154369937159704,2,B
2,fashion,120,emotion,mlp,,0.12593758446173764,0.11731590311235257,0.12642310218608932,2,B
2,fashion,121,population,mlp,,0.24740783124769875,0.2936250944821559,0.34569238059658847,2,B
2,fashion,121,identity,mlp,,0.17412037702672784,0.32594198646475425,0.3754476313424118,2,B
2,fashion,121,random,mlp,,-0.12049421898389064,-0.1336404807069166,-0.12402152997403544,2,B
2,fashion,121,shuffled,mlp,,0.14322639859871641,0.22029881316850455,0.1470472366258428,2,B
2,fashion,121,pca,mlp,,0.363126696988464,0.39830836009575415,0.3732151497006215,2,B
2,fashion,121,emotion,mlp,,0.2043498409069769,0.18627541863897032,0.22984406194651416,2,B
2,fashion,131,population,mlp,,0.10951606191156406,0.19336581529274846,0.15146171942054643,2,B
2,fashion,131,identity,mlp,,0.0680728954579564,0.10852263363355726,0.08167879573922693,2,B
2,fashion,131,random,mlp,,0.01250016869317794,0.016752475359458136,0.012877277545536036,2,B
2,fashion,131,shuffled,mlp,,-0.08756871694743623,-0.11544961024846515,-0.09590833745319655,2,B
2,fashion,131,pca,mlp,,0.07163497604636533,0.07884962742501557,0.0779252701378612,2,B
2,fashion,131,emotion,mlp,,0.17116416660165676,0.13505148024384286,0.18062099014261396,2,B
2,fashion,138,population,mlp,,0.2901194559469022,0.25281331256433287,0.34446139677198667,2,B
2,fashion,138,identity,mlp,,0.1180370985419005,0.10680675186467385,0.17724661423257826,2,B
2,fashion,138,random,mlp,,0.333462751330023,0.3941362597408508,0.38851829488327255,2,B
2,fashion,138,shuffled,mlp,,0.37356802741081835,0.36542367249029023,0.38064768477633043,2,B
2,fashion,138,pca,mlp,,0.25425043566676286,0.2734313938346822,0.27877895489479576,2,B
2,fashion,138,emotion,mlp,,0.4967101156484226,0.5779171816814954,0.5242673017789893,2,B
2,fashion,139,population,mlp,,0.3241597431939429,0.451180523650699,0.414913382638405,2,B
2,fashion,139,identity,mlp,,0.40119233570842255,0.4240293168179283,0.42851562523837144,2,B
2,fashion,139,random,mlp,,-0.19461900752163513,-0.16148596843678617,-0.19537200146078396,2,B
2,fashion,139,shuffled,mlp,,0.03854370592655645,0.05851722194644087,0.04091016856837294,2,B
2,fashion,139,pca,mlp,,0.13730144711223358,0.19696877303412552,0.15537320203084445,2,B
2,fashion,139,emotion,mlp,,0.28336935124163776,0.2987612939577082,0.31369964100946346,2,B
2,landscape,7,population,mlp,,0.1941909961769518,0.1396421434548472,0.21159866577878106,2,B
2,landscape,7,identity,mlp,,-0.02264454023043428,-0.0571355572420632,-0.03381192627065383,2,B
2,landscape,7,random,mlp,,-0.20833806749660005,-0.22138759879850953,-0.21181996609604192,2,B
2,landscape,7,shuffled,mlp,,-0.0007785848083157679,0.024762124275423483,-0.000898172162324247,2,B
2,landscape,7,pca,mlp,,0.26032612435803065,0.2654317050916808,0.2706365880193607,2,B
2,landscape,7,emotion,mlp,,-0.07558800102925332,-0.13603945734100484,-0.09468631075033745,2,B
2,landscape,8,population,mlp,,0.3460665603276772,0.3665060134792929,0.38477764723606706,2,B
2,landscape,8,identity,mlp,,0.2933139759301325,0.32292845835813677,0.3103656759758162,2,B
2,landscape,8,random,mlp,,0.22909148588454528,0.2201605279136869,0.24204290916555718,2,B
2,landscape,8,shuffled,mlp,,0.2609111825820167,0.31843236140119213,0.30776248752960256,2,B
2,landscape,8,pca,mlp,,0.3196223522670778,0.37129855638944276,0.3347694980756394,2,B
2,landscape,8,emotion,mlp,,0.4593160751381812,0.5114186769377407,0.481495767465355,2,B
2,landscape,40,population,mlp,,0.07629132973420644,0.05275977743379387,0.08859324656653296,2,B
2,landscape,40,identity,mlp,,0.15063425324127727,0.16300258856688316,0.1985888345546178,2,B
2,landscape,40,random,mlp,,0.09253482988204631,0.046931078212536635,0.09655774291521234,2,B
2,landscape,40,shuffled,mlp,,0.07755163710037558,0.12370911623047666,0.0826719417419183,2,B
2,landscape,40,pca,mlp,,0.09048113574902973,0.02813854796469006,0.09963577305278574,2,B
2,landscape,40,emotion,mlp,,0.28456278679986496,0.32168390012490317,0.3036904263643564,2,B
2,landscape,41,population,mlp,,0.37391044172216475,0.4743871589551718,0.5036248756148771,2,B
2,landscape,41,identity,mlp,,0.2763155810705491,0.3075020921263557,0.31333772517040165,2,B
2,landscape,41,random,mlp,,-0.06535825668217257,-0.06679308701633131,-0.08284581120809878,2,B
2,landscape,41,shuffled,mlp,,0.11922826577934038,0.0822707248702619,0.1682976167978993,2,B
2,landscape,41,pca,mlp,,0.07860811825557996,0.10726930714538004,0.1070506174734362,2,B
2,landscape,41,emotion,mlp,,0.26023646804879624,0.28899728220004756,0.3782092210936859,2,B
2,landscape,45,population,mlp,,0.4325895338938066,0.5037754076164032,0.5043612197881282,2,B
2,landscape,45,identity,mlp,,0.1106543136207782,0.1424894901059364,0.12771223645688345,2,B
2,landscape,45,random,mlp,,0.20471675248922167,0.19984437761795143,0.21675004110578597,2,B
2,landscape,45,shuffled,mlp,,0.10569616791012075,0.101692709249564,0.11136920649399758,2,B
2,landscape,45,pca,mlp,,0.0189748627133569,0.06977346750374695,0.019713624657829124,2,B
2,landscape,45,emotion,mlp,,0.2543201418377756,0.21271182194673388,0.26287544738865476,2,B
2,landscape,46,population,mlp,,0.16607993655489678,0.4134398705272799,0.3786973552245896,2,B
2,landscape,46,identity,mlp,,0.05535721188975055,0.11228916985647387,0.05663552878275465,2,B
2,landscape,46,random,mlp,,0.17865438557917704,0.17196982062296406,0.19254504972004294,2,B
2,landscape,46,shuffled,mlp,,-0.01802055256166091,-0.02360769135179152,-0.021691185780314343,2,B
2,landscape,46,pca,mlp,,0.05376090676289053,0.10079059605150645,0.07465481651022725,2,B
2,landscape,46,emotion,mlp,,-0.030091061507171866,-0.022284846577768715,-0.03805352464933935,2,B
2,landscape,52,population,mlp,,0.35526058489165585,0.5846615671257316,0.524788103337988,2,B
2,landscape,52,identity,mlp,,0.106226897204551,0.09165570639490654,0.1452089030016211,2,B
2,landscape,52,random,mlp,,0.00046970004086664577,0.028667868166851324,0.0004840962458076679,2,B
2,landscape,52,shuffled,mlp,,0.370726566232799,0.2633064765378121,0.3764920485485957,2,B
2,landscape,52,pca,mlp,,0.357007336016707,0.4151494301320406,0.39069936250223397,2,B
2,landscape,52,emotion,mlp,,0.08132484147329844,0.1063206194180916,0.08524713230873986,2,B
2,landscape,58,population,mlp,,0.48062403576554047,0.48835260235362504,0.5236435812095874,2,B
2,landscape,58,identity,mlp,,0.11164363965377577,0.1359751870098367,0.12727466588996364,2,B
2,landscape,58,random,mlp,,0.15332700219455137,0.20153377591100666,0.16477741454826522,2,B
2,landscape,58,shuffled,mlp,,0.17548116054057356,0.14152018741839378,0.19610923048206785,2,B
2,landscape,58,pca,mlp,,0.32309673199551175,0.36008153095567735,0.35795335371827686,2,B
2,landscape,58,emotion,mlp,,0.4363173799376482,0.4724045923290141,0.5116369056152451,2,B
2,landscape,65,population,mlp,,0.33602888654627117,0.46151826339946994,0.46225865448107284,2,B
2,landscape,65,identity,mlp,,0.07964378571418489,0.08531065198929336,0.11400690687435241,2,B
2,landscape,65,random,mlp,,0.2212548466244658,0.2736864626717388,0.22493043492374457,2,B
2,landscape,65,shuffled,mlp,,0.05953303623629512,0.08100802780200725,0.0792524133019159,2,B
2,landscape,65,pca,mlp,,0.23502257044698235,0.21770289278659094,0.2677538521264469,2,B
2,landscape,65,emotion,mlp,,0.2565602312766442,0.3112726049974564,0.2737421145001592,2,B
2,landscape,66,population,mlp,,0.427870642162957,0.41286889303802315,0.5038425260182884,2,B
2,landscape,66,identity,mlp,,0.12970929207701679,0.15435974202163874,0.23700208412526141,2,B
2,landscape,66,random,mlp,,0.37874187140913074,0.3827835561582266,0.3788019110807157,2,B
2,landscape,66,shuffled,mlp,,0.18720589875552918,0.1730034567264363,0.20319532860095071,2,B
2,landscape,66,pca,mlp,,0.35521260621951434,0.2486509676245326,0.379311681020451,2,B
2,landscape,66,emotion,mlp,,-0.011601335033071158,-0.03212848369676068,-0.01376964833032986,2,B
2,landscape,74,population,mlp,,0.2192909420830045,0.26887818669816055,0.260477698469849,2,B
2,landscape,74,identity,mlp,,0.19079311100186466,0.2648011861417063,0.20819972877284,2,B
2,landscape,74,random,mlp,,0.20515112726179568,0.21669257957554564,0.20673024205116097,2,B
2,landscape,74,shuffled,mlp,,0.12075196799180628,0.16659643523811352,0.14113028780586606,2,B
2,landscape,74,pca,mlp,,0.24138393011927428,0.2830967261387949,0.25247245712934596,2,B
2,landscape,74,emotion,mlp,,0.20105825165994226,0.27871395054060655,0.20921376081025334,2,B
2,landscape,83,population,mlp,,0.33127649155686295,0.4146447978567987,0.41891811131052015,2,B
2,landscape,83,identity,mlp,,0.008064464577620485,-0.011732278611390808,0.012510264095860915,2,B
2,landscape,83,random,mlp,,0.19917242316864825,0.2477335808120788,0.2000371041854111,2,B
2,landscape,83,shuffled,mlp,,0.33052426669249907,0.3453982823193454,0.38372448074515886,2,B
2,landscape,83,pca,mlp,,0.2438973643214465,0.3155200794556701,0.27804016505642554,2,B
2,landscape,83,emotion,mlp,,0.2924092434028448,0.23594915874019293,0.30033711583880796,2,B
2,landscape,87,population,mlp,,0.2750505956424313,0.32515643263809385,0.3471559987202291,2,B
2,landscape,87,identity,mlp,,0.29388179428885336,0.28518803565023204,0.3226382248686907,2,B
2,landscape,87,random,mlp,,0.27331177072625995,0.27381857936421117,0.31287679534358703,2,B
2,landscape,87,shuffled,mlp,,0.37043889334961677,0.46840156469985417,0.40421169366457604,2,B
2,landscape,87,pca,mlp,,0.3737807837790951,0.45968665107092194,0.4042144573338774,2,B
2,landscape,87,emotion,mlp,,0.33478540644811716,0.43028633900090324,0.3630446197353576,2,B
2,landscape,93,population,mlp,,0.3960929120225867,0.5428322705628741,0.5389980894843402,2,B
2,landscape,93,identity,mlp,,0.3076470961637621,0.43794385082850806,0.3922425534255638,2,B
2,landscape,93,random,mlp,,0.08047188100785993,0.15178087959670536,0.08349768550291009,2,B
2,landscape,93,shuffled,mlp,,0.38950111470278165,0.4276830271588418,0.4165199952478082,2,B
2,landscape,93,pca,mlp,,0.5264345903955211,0.5968626947171551,0.5642191653324898,2,B
2,landscape,93,emotion,mlp,,0.6402999569830203,0.6927790898901222,0.6789595832641453,2,B
2,landscape,94,population,mlp,,0.3429114988707787,0.4598923625040804,0.4538151197102288,2,B
2,landscape,94,identity,mlp,,0.23747290275584754,0.29758028254164887,0.31064898908856575,2,B
2,landscape,94,random,mlp,,0.2672076925744462,0.2827891366082303,0.29084441862881727,2,B
2,landscape,94,shuffled,mlp,,0.17629323330670693,0.1961901501861691,0.21077508095878028,2,B
2,landscape,94,pca,mlp,,0.487329227208406,0.5238896968892677,0.5295980394154622,2,B
2,landscape,94,emotion,mlp,,0.5247049543493951,0.5188128679220216,0.5407534026182265,2,B
2,landscape,102,population,mlp,,0.2834493686931859,0.3867498965042535,0.4316727447956051,2,B
2,landscape,102,identity,mlp,,0.31763131250020316,0.4759960818469144,0.43399411297207185,2,B
2,landscape,102,random,mlp,,0.2737866851771305,0.27478560434603944,0.29951322674647607,2,B
2,landscape,102,shuffled,mlp,,0.07028322067760631,0.08219913702460434,0.08612508129576885,2,B
2,landscape,102,pca,mlp,,0.4276913655307963,0.5066482780275522,0.5327088163897113,2,B
2,landscape,102,emotion,mlp,,0.4605587438158831,0.4917164204025791,0.5012729735412873,2,B
2,landscape,112,population,mlp,,0.26395308192812234,0.27621026927889036,0.32696479624447977,2,B
2,landscape,112,identity,mlp,,0.29171425389556055,0.4382902555013133,0.4446705709219229,2,B
2,landscape,112,random,mlp,,0.453796209458618,0.40667341997626133,0.4626689756466293,2,B
2,landscape,112,shuffled,mlp,,0.2968774028249649,0.3695124000226457,0.33271424412656414,2,B
2,landscape,112,pca,mlp,,0.39819896665673776,0.34623681494417136,0.41061012161701527,2,B
2,landscape,112,emotion,mlp,,0.5189517408255375,0.464762487457518,0.5262311309935996,2,B
2,landscape,113,population,mlp,,0.21685299465091973,0.25337352350800324,0.2691971055478898,2,B
2,landscape,113,identity,mlp,,0.09530997024276079,0.11381699548057925,0.134689530563085,2,B
2,landscape,113,random,mlp,,0.05786099333689507,0.06002539425963411,0.059822660014571864,2,B
2,landscape,113,shuffled,mlp,,0.30574892970794787,0.27086836203593684,0.33940320773827337,2,B
2,landscape,113,pca,mlp,,0.5170556255001537,0.5208233538775623,0.5433402436868282,2,B
2,landscape,113,emotion,mlp,,0.3249406847489778,0.3150076385518152,0.33347456895917726,2,B
2,landscape,120,population,mlp,,0.45034570131675394,0.49808938082303966,0.5589488569967,2,B
2,landscape,120,identity,mlp,,0.3560843237329411,0.46187835796380816,0.43088104019751167,2,B
2,landscape,120,random,mlp,,0.01573341144285986,-0.024791779135988404,0.016753705747830916,2,B
2,landscape,120,shuffled,mlp,,0.2787171422688712,0.30155818621774977,0.33386201485266653,2,B
2,landscape,120,pca,mlp,,0.5234462770221741,0.5099593841669372,0.5521579731660446,2,B
2,landscape,120,emotion,mlp,,0.6670353271010306,0.6842531041532799,0.6804413802592666,2,B
2,landscape,121,population,mlp,,0.6376820710615835,0.7307341693272577,0.6867236098346128,2,B
2,landscape,121,identity,mlp,,0.3652687588044788,0.4828223942510706,0.42641098675958394,2,B
2,landscape,121,random,mlp,,0.254135877227142,0.26254425472176063,0.29504886390391427,2,B
2,landscape,121,shuffled,mlp,,0.4238070248539344,0.5438240154761981,0.4802252335487777,2,B
2,landscape,121,pca,mlp,,0.5220436468359659,0.5860901306686488,0.5631530784855763,2,B
2,landscape,121,emotion,mlp,,0.568018063389206,0.6348321067853229,0.6088073070956319,2,B
2,landscape,131,population,mlp,,0.17861493790429034,0.2743992587778413,0.25160297177748797,2,B
2,landscape,131,identity,mlp,,0.08356955156917716,0.0971018683849854,0.10114043640811313,2,B
2,landscape,131,random,mlp,,-0.17906449082884932,-0.19342419342117012,-0.18737155743721945,2,B
2,landscape,131,shuffled,mlp,,0.08425169534928813,0.1304273465462147,0.09364783687168539,2,B
2,landscape,131,pca,mlp,,0.1740916244264787,0.27050154203383786,0.23977418696070116,2,B
2,landscape,131,emotion,mlp,,0.06693959909730808,0.09797885465238618,0.08629772981111414,2,B
2,landscape,138,population,mlp,,0.525794574932105,0.6732913164530695,0.6470099611369984,2,B
2,landscape,138,identity,mlp,,0.17311295270885976,0.20705142373325225,0.23935824752079987,2,B
2,landscape,138,random,mlp,,0.36522615519216145,0.3229004372052068,0.38001413380293886,2,B
2,landscape,138,shuffled,mlp,,0.48243956561418155,0.473025192389148,0.4826804240152066,2,B
2,landscape,138,pca,mlp,,0.620730431733412,0.5322468887677915,0.6323034406926216,2,B
2,landscape,138,emotion,mlp,,0.6834956800877575,0.6604690957544079,0.7421737158119055,2,B
2,landscape,139,population,mlp,,0.33495237234994557,0.4473653239206073,0.44452452989821983,2,B
2,landscape,139,identity,mlp,,0.4937258951846087,0.4990804615298204,0.5285390028776886,2,B
2,landscape,139,random,mlp,,0.3344019285973785,0.32659872416272906,0.34509705779320077,2,B
2,landscape,139,shuffled,mlp,,0.17228484778246286,0.14682005923524694,0.20022448150849903,2,B
2,landscape,139,pca,mlp,,0.3986801774124543,0.4430557291198396,0.4244289383361701,2,B
2,landscape,139,emotion,mlp,,0.4264561119165573,0.5076996511313558,0.46896287187483254,2,B
3,art,0,population,mlp,,0.3240613663646305,0.31933805477809896,0.4190592145824726,2,B
3,art,0,identity,mlp,,0.20866755493191372,0.2428874215698413,0.26809622773333114,2,B
3,art,0,random,mlp,,-0.09248131260270677,-0.037448277381356344,-0.09428373319820342,2,B
3,art,0,shuffled,mlp,,0.10023899106915322,0.04506827492080234,0.10122613577795564,2,B
3,art,0,pca,mlp,,0.23458280538613605,0.13455311444653334,0.23963988910009343,2,B
3,art,0,emotion,mlp,,0.44438617438110983,0.46542142865932024,0.470159183812386,2,B
3,art,9,population,mlp,,0.26235225606464685,0.29950082571926956,0.27599375086873984,2,B
3,art,9,identity,mlp,,0.21250235606719114,0.26272269247969127,0.24885948247763484,2,B
3,art,9,random,mlp,,0.1325104164940655,0.18749238683238825,0.13349041701172965,2,B
3,art,9,shuffled,mlp,,0.23355999243955153,0.2968629458179481,0.23866928914140215,2,B
3,art,9,pca,mlp,,0.29301015849486356,0.38081854652346825,0.3540591162614721,2,B
3,art,9,emotion,mlp,,0.43955392374363894,0.5136256538630766,0.4490688321323706,2,B
3,art,10,population,mlp,,0.18712961695171404,0.5031100137171363,0.4056863924950118,2,B
3,art,10,identity,mlp,,0.282388314485299,0.2623815511838972,0.3129229908044629,2,B
3,art,10,random,mlp,,0.5426655122474118,0.5783470129917734,0.5481731322953939,2,B
3,art,10,shuffled,mlp,,0.441885634807162,0.4590055658664869,0.4955125484534965,2,B
3,art,10,pca,mlp,,0.4441079913975292,0.37887915947718487,0.45673638994291654,2,B
3,art,10,emotion,mlp,,0.2668196918306001,0.27600204243189186,0.27214793349271615,2,B
3,art,11,population,mlp,,0.4691594176670089,0.5288954054839587,0.5948140690475598,2,B
3,art,11,identity,mlp,,0.4264223598872597,0.41173003932968383,0.4285105637811545,2,B
3,art,11,random,mlp,,0.06496836747042384,0.08345013247757149,0.06784896832998864,2,B
3,art,11,shuffled,mlp,,0.1320708500079144,0.1545774456288625,0.1495774006052506,2,B
3,art,11,pca,mlp,,0.25302899089570097,0.3063452884513331,0.298579318165776,2,B
3,art,11,emotion,mlp,,0.5261920598317554,0.5733561376131787,0.5553018823422842,2,B
3,art,24,population,mlp,,0.37185561080896334,0.5064263857417889,0.4840100855260863,2,B
3,art,24,identity,mlp,,0.11103970103880506,0.14293492659117524,0.145637760193887,2,B
3,art,24,random,mlp,,0.34484776574990333,0.41649649442817455,0.3579956547961868,2,B
3,art,24,shuffled,mlp,,0.4810438142354377,0.5238962101029325,0.5259373742932419,2,B
3,art,24,pca,mlp,,0.42337178678745013,0.5964059072382474,0.5365106868233732,2,B
3,art,24,emotion,mlp,,0.39436503885288543,0.46831040531747553,0.4396397150362351,2,B
3,art,28,population,mlp,,0.5427537041922894,0.6404321858122763,0.6307611343094538,2,B
3,art,28,identity,mlp,,0.2238539761663749,0.2820891572005663,0.31073145042222383,2,B
3,art,28,random,mlp,,0.31844434043379155,0.29157072410629403,0.3337219190462812,2,B
3,art,28,shuffled,mlp,,0.39619081970960257,0.40444652060305275,0.46989633767442335,2,B
3,art,28,pca,mlp,,0.3344299437415316,0.3143465514883067,0.3825571907277971,2,B
3,art,28,emotion,mlp,,0.42620242326241525,0.4891786185066196,0.490982334116365,2,B
3,art,31,population,mlp,,0.2747429056492731,0.5003658435698551,0.4481290788915464,2,B
3,art,31,identity,mlp,,0.3068621154736058,0.23733843307126867,0.33588408204368286,2,B
3,art,31,random,mlp,,0.27570036993027497,0.3047039403517685,0.2772728733071045,2,B
3,art,31,shuffled,mlp,,0.36859975824365243,0.4164188190674835,0.3881604872002757,2,B
3,art,31,pca,mlp,,0.492484569072235,0.42691219713028,0.512820220163717,2,B
3,art,31,emotion,mlp,,0.596732983313092,0.46665834139643825,0.6219905093716626,2,B
3,art,32,population,mlp,,0.1802439983318903,0.32038586176080275,0.36860883623346036,2,B
3,art,32,identity,mlp,,0.22058175475782066,0.2299030987715959,0.24522881207611247,2,B
3,art,32,random,mlp,,0.21875192205485322,0.1928919032351611,0.21901163560167322,2,B
3,art,32,shuffled,mlp,,0.2664789724222476,0.31846384228554186,0.30787195284256974,2,B
3,art,32,pca,mlp,,0.2860720704552632,0.36198033450747524,0.3607514624955945,2,B
3,art,32,emotion,mlp,,0.2742245602304284,0.3328050645240272,0.31081267001112717,2,B
3,art,36,population,mlp,,0.27552627084751097,0.34849149537764973,0.3528323938158373,2,B
3,art,36,identity,mlp,,0.31541255394459794,0.39940423522401386,0.37186783956415415,2,B
3,art,36,random,mlp,,0.3229839712375202,0.3321497476611094,0.32550563616342765,2,B
3,art,36,shuffled,mlp,,0.47255648277963325,0.5440460873533919,0.5547149795851596,2,B
3,art,36,pca,mlp,,0.32277266100999663,0.3480444566863158,0.34840044484779775,2,B
3,art,36,emotion,mlp,,0.46521609516984264,0.46119491655950356,0.4897647767850385,2,B
3,art,42,population,mlp,,0.29830858653385794,0.3612420296903528,0.42314597295680867,2,B
3,art,42,identity,mlp,,0.4008698208856151,0.44863442600959275,0.4131323244293061,2,B
3,art,42,random,mlp,,0.09704743881673933,0.1162213215299046,0.10785335473020485,2,B
3,art,42,shuffled,mlp,,0.23321882020369195,0.256491903532231,0.26230701240441096,2,B
3,art,42,pca,mlp,,0.2605466034720568,0.3054457329039181,0.27844696694746573,2,B
3,art,42,emotion,mlp,,0.38005575392715707,0.3900206426406148,0.4190881024554134,2,B
3,art,47,population,mlp,,0.3293141845385303,0.35704498234223986,0.3840025564380607,2,B
3,art,47,identity,mlp,,0.17090171567416523,0.19333763566664855,0.24590897695243008,2,B
3,art,47,random,mlp,,0.062187844303193386,0.0775325895265998,0.06267517496438867,2,B
3,art,47,shuffled,mlp,,0.4064560033832548,0.40440406091294634,0.44753650519388355,2,B
3,art,47,pca,mlp,,0.3124108951438569,0.3490941881296395,0.394579949382281,2,B
3,art,47,emotion,mlp,,0.3916549361148811,0.4356640157985117,0.4514505587751647,2,B
3,art,54,population,mlp,,0.2154138151980537,0.23157552302002035,0.28030721028247035,2,B
3,art,54,identity,mlp,,0.09100328802966774,0.19860544855615306,0.12526456954563978,2,B
3,art,54,random,mlp,,0.14679468605645274,0.1392593145211919,0.1469433369390635,2,B
3,art,54,shuffled,mlp,,0.052705065472427724,0.10801624395781288,0.06367188508983351,2,B
3,art,54,pca,mlp,,0.2838377085621557,0.2903459890881521,0.3448345032284964,2,B
3,art,54,emotion,mlp,,0.10747642220161101,0.051391449402409035,0.1329173171385354,2,B
3,art,55,population,mlp,,0.16342534566628633,0.24637403733040553,0.22313156498943232,2,B
3,art,55,identity,mlp,,0.1383064289062038,0.11024956921634586,0.15864328517432613,2,B
3,art,55,random,mlp,,-0.06869356072420507,-0.05869542283035272,-0.0725583013992556,2,B
3,art,55,shuffled,mlp,,0.09209754071541086,0.11357564317673252,0.09997824741687954,2,B
3,art,55,pca,mlp,,0.15921495791584184,0.06109215259592546,0.17017614052498434,2,B
3,art,55,emotion,mlp,,0.05446940444407132,0.08432575746627341,0.06191938401719299,2,B
3,art,59,population,mlp,,0.2581652468028269,0.3595388024959031,0.3497509811759466,2,B
3,art,59,identity,mlp,,0.4319510096976971,0.4611070414860756,0.4912972425374175,2,B
3,art,59,random,mlp,,0.21033110182013323,0.252472427803991,0.21730111808745314,2,B
3,art,59,shuffled,mlp,,0.39204872058951884,0.4357763448602037,0.44708784198816415,2,B
3,art,59,pca,mlp,,0.4626883481409916,0.5037175931745579,0.5079966803331155,2,B
3,art,59,emotion,mlp,,0.42274897597890654,0.41702377487748454,0.49752482486891997,2,B
3,art,60,population,mlp,,0.46502100236430116,0.6311294663143537,0.5632661420639299,2,B
3,art,60,identity,mlp,,0.24657008941375738,0.23245629112800975,0.3168418929539664,2,B
3,art,60,random,mlp,,0.03270316791736016,-0.004353299344384946,0.032923233745506444,2,B
3,art,60,shuffled,mlp,,0.5617033608607447,0.5842820290514841,0.5975639645917912,2,B
3,art,60,pca,mlp,,0.4564594845133074,0.45130852180481656,0.46433335129868986,2,B
3,art,60,emotion,mlp,,0.6170781268886757,0.620988257614366,0.6492789714283324,2,B
3,art,67,population,mlp,,0.3245544330151739,0.36747532794903537,0.33091461629550495,2,B
3,art,67,identity,mlp,,0.1831417665330126,0.1960950560229606,0.21636397610645616,2,B
3,art,67,random,mlp,,0.2356221632954797,0.2829633331770572,0.23771371822944565,2,B
3,art,67,shuffled,mlp,,0.3330209478183125,0.36386236162978725,0.3545068803719397,2,B
3,art,67,pca,mlp,,0.3563434660579007,0.38098468027318066,0.3660845940688985,2,B
3,art,67,emotion,mlp,,0.170532683706186,0.2499230179966865,0.18391257751572498,2,B
3,art,68,population,mlp,,0.41692329396116273,0.5932141665589554,0.6150520510394694,2,B
3,art,68,identity,mlp,,0.5054972672206158,0.5967030752851467,0.5619076826701318,2,B
3,art,68,random,mlp,,0.2997877403110197,0.3610522116075511,0.3183562600933769,2,B
3,art,68,shuffled,mlp,,0.29706987066249935,0.3784967552385068,0.3293561950801331,2,B
3,art,68,pca,mlp,,0.4280077990054955,0.5047952511266259,0.46956771063784397,2,B
3,art,68,emotion,mlp,,0.5105218731474317,0.5387373488771425,0.5523400116660374,2,B
3,art,75,population,mlp,,0.33652722878408786,0.36114157682156595,0.3860919542213451,2,B
3,art,75,identity,mlp,,0.08717331820513977,0.11551104465226048,0.14722938833389707,2,B
3,art,75,random,mlp,,0.21497244743421132,0.199300899083846,0.22510010184537751,2,B
3,art,75,shuffled,mlp,,0.2062672694869142,0.18083165346193983,0.21696444311467797,2,B
3,art,75,pca,mlp,,0.25679355771919754,0.2778212794820628,0.27595182477273117,2,B
3,art,75,emotion,mlp,,0.192859887969023,0.16945793723150046,0.2103611232231156,2,B
3,art,76,population,mlp,,0.3280057288186022,0.45644293447940804,0.4136689203112666,2,B
3,art,76,identity,mlp,,0.28361081407420846,0.3327222332449147,0.33897612547718137,2,B
3,art,76,random,mlp,,-0.06553069016026725,-0.0985174316581023,-0.07535836336939995,2,B
3,art,76,shuffled,mlp,,0.5352855569167858,0.5766957439698631,0.5703244150209985,2,B
3,art,76,pca,mlp,,0.3678389064666133,0.42044524130537664,0.41665546805166226,2,B
3,art,76,emotion,mlp,,0.38668353839707187,0.323197741835232,0.4154109652590456,2,B
3,art,82,population,mlp,,0.3965406340020774,0.5105052505306751,0.5114781739876945,2,B
3,art,82,identity,mlp,,0.6017011920195015,0.6251443408372956,0.6411024321514925,2,B
3,art,82,random,mlp,,0.14670646433883458,0.2068678984791957,0.1492727922623523,2,B
3,art,82,shuffled,mlp,,0.5297967703682188,0.5049881222493088,0.5627930243356852,2,B
3,art,82,pca,mlp,,0.6688662711460169,0.6765073404124936,0.685296719847276,2,B
3,art,82,emotion,mlp,,0.5983763272970655,0.6388151011805042,0.6344880367827579,2,B
3,art,84,population,mlp,,0.26823110409813955,0.2941595963085092,0.33900469888604645,2,B
3,art,84,identity,mlp,,0.24549643434427074,0.26061819676393017,0.2761749036163585,2,B
3,art,84,random,mlp,,0.26894074886819447,0.2675193016626635,0.2750067039231213,2,B
3,art,84,shuffled,mlp,,0.175621876477218,0.1558837812419769,0.183975743236325,2,B
3,art,84,pca,mlp,,0.05869444377977588,0.09022179786726399,0.060830918743144835,2,B
3,art,84,emotion,mlp,,0.20641634872922274,0.2324555995668933,0.20807908791879226,2,B
3,art,88,population,mlp,,0.36952111084913475,0.36208445312281473,0.4868876198297165,2,B
3,art,88,identity,mlp,,0.32038525617747926,0.3787388509666567,0.3755914961507179,2,B
3,art,88,random,mlp,,0.13658138838596798,0.1943508748384061,0.13980780398265877,2,B
3,art,88,shuffled,mlp,,0.3228054271231945,0.3553929539891282,0.39924582668761316,2,B
3,art,88,pca,mlp,,0.3943558394570234,0.41958177901226923,0.4329187766137571,2,B
3,art,88,emotion,mlp,,0.5250501463750907,0.5535108950064986,0.5359001271724165,2,B
3,art,95,population,mlp,,0.3122919727460188,0.4478727625726529,0.4869900415798196,2,B
3,art,95,identity,mlp,,0.3845530281208723,0.4549588831615461,0.48687236400667344,2,B
3,art,95,random,mlp,,0.4580902734411898,0.4150869792846047,0.49558202336561374,2,B
3,art,95,shuffled,mlp,,0.39520906949224205,0.42182378406982,0.46288109116190074,2,B
3,art,95,pca,mlp,,0.5280701836217362,0.516039246547499,0.6275506285976344,2,B
3,art,95,emotion,mlp,,0.411720923675316,0.3603941048801893,0.47660726332818076,2,B
3,art,96,population,mlp,,0.4815087313370744,0.5097404232235078,0.6042946067854652,2,B
3,art,96,identity,mlp,,0.40582816531861665,0.45966566266583353,0.4916696536332674,2,B
3,art,96,random,mlp,,0.44273364314545394,0.4190751305552949,0.44334545652366025,2,B
3,art,96,shuffled,mlp,,0.4872791006521151,0.5147036723072419,0.5706589664466158,2,B
3,art,96,pca,mlp,,0.46004357884871183,0.4266428568809886,0.5577819523130664,2,B
3,art,96,emotion,mlp,,0.5246358559055424,0.41008231290852903,0.560162547224724,2,B
3,art,107,population,mlp,,0.44977762516412834,0.5172597548615979,0.5051684432680736,2,B
3,art,107,identity,mlp,,0.3519639879612684,0.45535445493828774,0.461256794164087,2,B
3,art,107,random,mlp,,0.39521108830067025,0.40850586671881306,0.3963849633022927,2,B
3,art,107,shuffled,mlp,,0.5760679219928649,0.5919015518983164,0.5963556887418536,2,B
3,art,107,pca,mlp,,0.550530112424094,0.5143965113244752,0.5773164474504627,2,B
3,art,107,emotion,mlp,,0.47278227942064577,0.4372864008936853,0.520623619151825,2,B
3,art,122,population,mlp,,0.37950886375553744,0.5921322761501442,0.5959540780130965,2,B
3,art,122,identity,mlp,,0.46473135831772644,0.47646609247947486,0.5083185896271817,2,B
3,art,122,random,mlp,,0.3506825062167769,0.28516257426407904,0.3647767605788797,2,B
3,art,122,shuffled,mlp,,0.32478431665767615,0.34469013885382477,0.4063112624995907,2,B
3,art,122,pca,mlp,,0.4683417345965967,0.3501419207593213,0.5042983313170598,2,B
3,art,122,emotion,mlp,,0.6387276361828736,0.6886435504231231,0.7338298169064916,2,B
3,art,123,population,mlp,,0.4246879987983364,0.4376953599154806,0.520586507180809,2,B
3,art,123,identity,mlp,,0.22860476108083702,0.2901159349355066,0.2805733455236876,2,B
3,art,123,random,mlp,,0.18059034093204696,0.10852155371224216,0.1880072566432147,2,B
3,art,123,shuffled,mlp,,0.2677928320238175,0.2934778782851341,0.29299120823523556,2,B
3,art,123,pca,mlp,,0.3772637395674875,0.44891831786203135,0.40672213834766796,2,B
3,art,123,emotion,mlp,,0.5007859968194813,0.44244163287966065,0.5054413985347991,2,B
3,art,132,population,mlp,,0.2893947360078872,0.4338476305883224,0.46479371810180187,2,B
3,art,132,identity,mlp,,0.25185419188181163,0.29489164028008175,0.2567084592751757,2,B
3,art,132,random,mlp,,0.26238907825518004,0.229794694339456,0.26314837263581753,2,B
3,art,132,shuffled,mlp,,0.3112527873897723,0.36226574174410575,0.35960830796695537,2,B
3,art,132,pca,mlp,,0.33613745795550715,0.3068219550874512,0.35778080010651914,2,B
3,art,132,emotion,mlp,,0.4740451072040368,0.47008410543892165,0.5069263158422812,2,B
3,art,140,population,mlp,,0.28265969799740676,0.3353414140915416,0.362362120562032,2,B
3,art,140,identity,mlp,,0.5365692248580203,0.5428916214657149,0.5649208351940291,2,B
3,art,140,random,mlp,,0.18894758955739038,0.09630997554679453,0.1908379187326173,2,B
3,art,140,shuffled,mlp,,0.48325772223083896,0.4367099962070867,0.5337313002087617,2,B
3,art,140,pca,mlp,,0.4618122117709727,0.46106988803330295,0.48593894392717624,2,B
3,art,140,emotion,mlp,,0.5352644507878948,0.5159287573274232,0.5497287739426892,2,B
3,art,141,population,mlp,,0.3867812184989064,0.4908611486623163,0.46753946658683104,2,B
3,art,141,identity,mlp,,0.3032455489866636,0.39427444609920076,0.3876205878610611,2,B
3,art,141,random,mlp,,0.18399516944558406,0.2071722051340799,0.1864336223833427,2,B
3,art,141,shuffled,mlp,,0.3344580230060067,0.36793261812744205,0.366789699697386,2,B
3,art,141,pca,mlp,,0.32173490161735463,0.38689873426710825,0.3476719812668975,2,B
3,art,141,emotion,mlp,,0.4053806527717221,0.43521717300387724,0.41938528158030225,2,B
3,fashion,0,population,mlp,,0.20736588264801115,0.27075523726035333,0.2363252822025478,2,B
3,fashion,0,identity,mlp,,0.19143039447441637,0.2626175102777602,0.24625950857575257,2,B
3,fashion,0,random,mlp,,0.18621056907463687,0.18380211746486694,0.19898805150531435,2,B
3,fashion,0,shuffled,mlp,,0.11543129579400845,0.16576851260837958,0.1163423969510658,2,B
3,fashion,0,pca,mlp,,0.07408854312539251,0.019641057099962552,0.07893266142907845,2,B
3,fashion,0,emotion,mlp,,0.4438448741687752,0.4812310153903869,0.4786624959178293,2,B
3,fashion,9,population,mlp,,0.0773948723839583,0.023950691736771994,0.09443519908814102,2,B
3,fashion,9,identity,mlp,,0.059629246540529576,0.08655953623417598,0.10646483561491796,2,B
3,fashion,9,random,mlp,,0.09424603776543773,0.13921020399667478,0.11484824288616355,2,B
3,fashion,9,shuffled,mlp,,0.02221509116851829,-0.0074047980849295085,0.02446595342572382,2,B
3,fashion,9,pca,mlp,,0.06136899982603515,0.08712127953717062,0.07752566548527264,2,B
3,fashion,9,emotion,mlp,,0.17520228114153327,0.16729736914640736,0.20167289590570261,2,B
3,fashion,10,population,mlp,,0.18945815126124496,0.3610772540184167,0.37173136494926473,2,B
3,fashion,10,identity,mlp,,0.20682495400580642,0.23901674963567884,0.21943434385930613,2,B
3,fashion,10,random,mlp,,0.13314722397614942,0.13678432879561334,0.13634712352370967,2,B
3,fashion,10,shuffled,mlp,,-0.016437886121082393,0.03538625800561077,-0.01647371491935282,2,B
3,fashion,10,pca,mlp,,0.28492460722857643,0.3109671715999304,0.34117380303216477,2,B
3,fashion,10,emotion,mlp,,0.42781669587971494,0.414132101319478,0.4391238804304637,2,B
3,fashion,11,population,mlp,,0.342186870706209,0.4566731351694717,0.3862191754561296,2,B
3,fashion,11,identity,mlp,,0.28834123116803306,0.34473416552555297,0.34903385136159953,2,B
3,fashion,11,random,mlp,,0.24318163033327514,0.24360550136126505,0.25673722835840784,2,B
3,fashion,11,shuffled,mlp,,0.10773514897021924,0.14197866643754714,0.12310964415007647,2,B
3,fashion,11,pca,mlp,,0.45489657942909373,0.44875222009453486,0.5076851829619988,2,B
3,fashion,11,emotion,mlp,,0.5279337272736052,0.5335408833495192,0.5280704001269443,2,B
3,fashion,24,population,mlp,,0.32088592202335436,0.35586040577727884,0.36849406236765336,2,B
3,fashion,24,identity,mlp,,0.0730433340725982,0.17953224653939395,0.10070914611515304,2,B
3,fashion,24,random,mlp,,-0.16705930655021528,-0.18061750191571152,-0.18148356708977018,2,B
3,fashion,24,shuffled,mlp,,0.1919806586248429,0.18769750127549767,0.19525294637384466,2,B
3,fashion,24,pca,mlp,,0.09413224763542202,0.05209225806324384,0.09931172600567442,2,B
3,fashion,24,emotion,mlp,,-0.08101402079602417,-0.1065617421888976,-0.09345504448096575,2,B
3,fashion,28,population,mlp,,0.3393525782851847,0.4179339991362436,0.38117735023413485,2,B
3,fashion,28,identity,mlp,,0.18856317067584202,0.2954361028376894,0.31084907187688193,2,B
3,fashion,28,random,mlp,,0.23064731025626875,0.28523640227596225,0.23993062357594327,2,B
3,fashion,28,shuffled,mlp,,0.3871370853037032,0.44102287354214337,0.4015780451795319,2,B
3,fashion,28,pca,mlp,,0.5179888404212093,0.5423601970335322,0.5702933377513686,2,B
3,fashion,28,emotion,mlp,,0.23987003036561744,0.3180175294544486,0.2587004664590927,2,B
3,fashion,31,population,mlp,,0.10241138320405632,0.18569044681872365,0.20028184497515394,2,B
3,fashion,31,identity,mlp,,0.16018301114292563,0.19132188178289908,0.2271525646470591,2,B
3,fashion,31,random,mlp,,0.0671460628622169,0.021938111860439927,0.07952097585394834,2,B
3,fashion,31,shuffled,mlp,,-0.061005357043468794,0.0036726749766361486,-0.06810383644722424,2,B
3,fashion,31,pca,mlp,,0.16364957512505723,0.263453218324033,0.2493626502465396,2,B
3,fashion,31,emotion,mlp,,0.11701486793219017,0.2326027485202894,0.18745502970572026,2,B
3,fashion,32,population,mlp,,0.038829195475722736,0.012676669221185587,0.055579718121021846,2,B
3,fashion,32,identity,mlp,,0.17578863776095932,0.2051670157028806,0.19389714512533981,2,B
3,fashion,32,random,mlp,,0.09819364543698814,0.08917549232903246,0.10148701114211534,2,B
3,fashion,32,shuffled,mlp,,0.032728957972173955,0.10555764947641075,0.03597366106717481,2,B
3,fashion,32,pca,mlp,,0.03874909556782048,0.041296687809016124,0.055095123209126684,2,B
3,fashion,32,emotion,mlp,,-0.024661077588605508,-0.014919464544933805,-0.033764610376787414,2,B
3,fashion,36,population,mlp,,0.2288002344359645,0.2008191442682867,0.28271338173598265,2,B
3,fashion,36,identity,mlp,,0.393680721170187,0.4322734031649203,0.42686839718687375,2,B
3,fashion,36,random,mlp,,0.02385320967938462,0.06325952241437857,0.03225143187427362,2,B
3,fashion,36,shuffled,mlp,,-0.06439174262300834,-0.07057017476887044,-0.07603528739519491,2,B
3,fashion,36,pca,mlp,,0.01887842962520489,0.05898254212535613,0.023433178207563757,2,B
3,fashion,36,emotion,mlp,,0.03570084328800924,0.13537139938045478,0.04578755048582592,2,B
3,fashion,42,population,mlp,,0.07008573130294206,0.09229399741850797,0.1168741994712473,2,B
3,fashion,42,identity,mlp,,0.12887252494750148,0.13167010460084919,0.15158170969917853,2,B
3,fashion,42,random,mlp,,0.04730076392719912,-0.00599636149984892,0.0537775956843541,2,B
3,fashion,42,shuffled,mlp,,0.17950244646575214,0.2197166792902975,0.19486182204897784,2,B
3,fashion,42,pca,mlp,,0.1113925027764907,0.06600994617750353,0.12853256058868345,2,B
3,fashion,42,emotion,mlp,,0.3000017068652906,0.34943796640369584,0.3391656357159635,2,B
3,fashion,47,population,mlp,,0.21717928582399873,0.30364165258278597,0.3239515323114704,2,B
3,fashion,47,identity,mlp,,0.29448580336646446,0.19729868641922016,0.30550866309261976,2,B
3,fashion,47,random,mlp,,0.20761004653122492,0.2534743460830239,0.2275935800598792,2,B
3,fashion,47,shuffled,mlp,,0.04706197025246469,0.10346091058081414,0.04792998707376658,2,B
3,fashion,47,pca,mlp,,0.14860960539406504,0.15782917945543462,0.17343023968584284,2,B
3,fashion,47,emotion,mlp,,0.22797916297977378,0.23569352858943732,0.32041597987339265,2,B
3,fashion,54,population,mlp,,0.147493551181903,0.21944843848229909,0.2172536769763055,2,B
3,fashion,54,identity,mlp,,-0.19949889085268427,-0.20641386789006094,-0.2122602457670645,2,B
3,fashion,54,random,mlp,,0.10630536114989662,0.1059680738987298,0.11740560587246268,2,B
3,fashion,54,shuffled,mlp,,-0.04515593576881104,-0.030546665433718347,-0.04603781570203457,2,B
3,fashion,54,pca,mlp,,-0.013948254970287094,0.0017910096996968414,-0.018174742783428885,2,B
3,fashion,54,emotion,mlp,,-0.23984291187874363,-0.3366600732735701,-0.32062009169632755,2,B
3,fashion,55,population,mlp,,0.19858903842249867,0.11414884276378802,0.21784184856208105,2,B
3,fashion,55,identity,mlp,,0.09068685284052767,0.0843994319726946,0.09983167979665136,2,B
3,fashion,55,random,mlp,,0.16355159803779382,0.16662700543262687,0.17879100465041092,2,B
3,fashion,55,shuffled,mlp,,-0.05041880776350615,-0.10263294181239704,-0.05072049073257154,2,B
3,fashion,55,pca,mlp,,0.23133537142962282,0.25501659606830346,0.25612972568646364,2,B
3,fashion,55,emotion,mlp,,0.031884082093681695,0.0446998786928993,0.0430163160738644,2,B
3,fashion,59,population,mlp,,0.2460512696345101,0.34125129882571914,0.4555859837592033,2,B
3,fashion,59,identity,mlp,,0.44988771440933784,0.5174160997557498,0.5842522212314422,2,B
3,fashion,59,random,mlp,,0.42485934997978214,0.302180497945673,0.436434350697554,2,B
3,fashion,59,shuffled,mlp,,0.2891467467265513,0.2616259957663847,0.3005075839907823,2,B
3,fashion,59,pca,mlp,,0.4018855351904727,0.378442744726725,0.44191101726713256,2,B
3,fashion,59,emotion,mlp,,0.36191219846546724,0.2613292555065362,0.3673208250357718,2,B
3,fashion,60,population,mlp,,0.2587122526380109,0.2404085633222879,0.29271339513121086,2,B
3,fashion,60,identity,mlp,,0.16717917451193856,0.1267106367186646,0.19116008098895668,2,B
3,fashion,60,random,mlp,,0.23154841740402543,0.188910386226082,0.2589363587571908,2,B
3,fashion,60,shuffled,mlp,,0.09178850718152391,0.16097576528414012,0.09192361819722865,2,B
3,fashion,60,pca,mlp,,0.20676399505977713,0.15082685623688782,0.2166056538442838,2,B
3,fashion,60,emotion,mlp,,0.2839474594973899,0.22232139868362044,0.28893380800808866,2,B
3,fashion,67,population,mlp,,0.0035197598988478463,-0.04498877779535179,0.0038719088077205643,2,B
3,fashion,67,identity,mlp,,0.0005891305465494159,0.019747378271922852,0.0006472909010399319,2,B
3,fashion,67,random,mlp,,-0.07010444614103391,-0.07261437522037772,-0.0723834842408077,2,B
3,fashion,67,shuffled,mlp,,0.20957606294495504,0.2651642709689168,0.22402219053614136,2,B
3,fashion,67,pca,mlp,,0.11450403141528105,0.13595111078019326,0.13014551186420245,2,B
3,fashion,67,emotion,mlp,,0.016369304755315974,-0.0045610742465333615,0.018489572432507352,2,B
3,fashion,68,population,mlp,,0.40279458700505966,0.6438884430877349,0.5974964662437295,2,B
3,fashion,68,identity,mlp,,0.2266582591791909,0.2506373557614096,0.24130651463385983,2,B
3,fashion,68,random,mlp,,-0.15754540771026276,-0.15803835722105647,-0.1577091585430933,2,B
3,fashion,68,shuffled,mlp,,0.07607865344541245,0.09628860999298479,0.08058491128660895,2,B
3,fashion,68,pca,mlp,,0.11052541570613438,0.12355073905965212,0.11534638172315002,2,B
3,fashion,68,emotion,mlp,,0.31538092331550666,0.30275311752983186,0.339226375355298,2,B
3,fashion,75,population,mlp,,0.2952638962466397,0.29966596642369664,0.3540865433053495,2,B
3,fashion,75,identity,mlp,,0.24580568388426777,0.2966354661733306,0.27099430211864983,2,B
3,fashion,75,random,mlp,,0.046151124696078495,0.06353948858267494,0.0484021708356544,2,B
3,fashion,75,shuffled,mlp,,0.1370366655670099,0.14374672854236317,0.1426453615527446,2,B
3,fashion,75,pca,mlp,,0.4681969934920014,0.5170538510499549,0.5020655609661887,2,B
3,fashion,75,emotion,mlp,,0.4286321583704687,0.47018211384429326,0.4677337043089106,2,B
3,fashion,76,population,mlp,,0.3363736222831547,0.3937633572038238,0.3607551281653622,2,B
3,fashion,76,identity,mlp,,0.17043329503749277,0.146698140544267,0.21800350930194656,2,B
3,fashion,76,random,mlp,,0.02205403513990731,-0.06397133841287664,0.027824593177103167,2,B
3,fashion,76,shuffled,mlp,,0.2028482609034946,0.19703374992935932,0.2061418094958218,2,B
3,fashion,76,pca,mlp,,0.16000402267356806,0.22232828072811164,0.18143571987078966,2,B
3,fashion,76,emotion,mlp,,0.33394714239609236,0.3841321731321546,0.3867242551923609,2,B
3,fashion,82,population,mlp,,0.200597927047024,0.2989972488228777,0.3084469258191746,2,B
3,fashion,82,identity,mlp,,0.326126052522407,0.3605262704390218,0.3584721669637997,2,B
3,fashion,82,random,mlp,,0.05189386961524671,0.12186523505879258,0.05746098548035049,2,B
3,fashion,82,shuffled,mlp,,0.07198923552147792,0.10685573220897393,0.07525124485347338,2,B
3,fashion,82,pca,mlp,,-0.19975836493610602,-0.23080838157138367,-0.22985197557017428,2,B
3,fashion,82,emotion,mlp,,0.07243931400575294,0.08329777078243734,0.09282203980915829,2,B
3,fashion,84,population,mlp,,0.3319251749584551,0.49863396759554657,0.45586764980461913,2,B
3,fashion,84,identity,mlp,,-0.01487526049887312,-0.005397794175360287,-0.017727196708817887,2,B
3,fashion,84,random,mlp,,0.032015860772807686,0.04980228965568266,0.04092405161777607,2,B
3,fashion,84,shuffled,mlp,,0.3039327873432237,0.17965488538368962,0.31138760079936,2,B
3,fashion,84,pca,mlp,,0.02296171282263258,0.013596330611520725,0.03614263848251594,2,B
3,fashion,84,emotion,mlp,,0.12137976732881048,0.20144975243137073,0.1575001268945684,2,B
3,fashion,88,population,mlp,,0.2504000754086614,0.38511633802187717,0.3926941563927612,2,B
3,fashion,88,identity,mlp,,0.3371504647272579,0.3573711878149326,0.3506820942871876,2,B
3,fashion,88,random,mlp,,0.029606238426799776,0.026428596506439278,0.03230639736526827,2,B
3,fashion,88,shuffled,mlp,,0.21147824543769492,0.26613889249473355,0.21309948545718504,2,B
3,fashion,88,pca,mlp,,0.1499808254178376,0.16929905363534534,0.1826714146902259,2,B
3,fashion,88,emotion,mlp,,0.2075311655342223,0.2570693003356972,0.2590089590536688,2,B
3,fashion,95,population,mlp,,0.019680948460717357,0.1145260623495788,0.03460684006491478,2,B
3,fashion,95,identity,mlp,,0.026104936075904243,-0.019267441140147456,0.027689101850183143,2,B
3,fashion,95,random,mlp,,0.06521053444349137,0.021179477283826218,0.07219321624581566,2,B
3,fashion,95,shuffled,mlp,,0.0160249140041053,-0.039074174525947906,0.018620328366459576,2,B
3,fashion,95,pca,mlp,,0.270685263284398,0.3866725401331883,0.3874605705464227,2,B
3,fashion,95,emotion,mlp,,0.16004970393863935,0.27400948735950165,0.24114536161726013,2,B
3,fashion,96,population,mlp,,0.19492608610016732,0.25352145470447696,0.2336164333873744,2,B
3,fashion,96,identity,mlp,,0.02673165417065919,-0.01428498740682274,0.03159449152997821,2,B
3,fashion,96,random,mlp,,-0.03671342176239156,-0.053630489053296454,-0.043123643929793204,2,B
3,fashion,96,shuffled,mlp,,0.23125836827486596,0.19000516121739314,0.23961858998645882,2,B
3,fashion,96,pca,mlp,,-0.007026018734473905,-0.0006920063103651154,-0.009894075401193643,2,B
3,fashion,96,emotion,mlp,,0.08441587808476633,0.07389638814256055,0.08756088291459976,2,B
3,fashion,107,population,mlp,,0.17026225445585555,0.21159757648735972,0.19951388819520083,2,B
3,fashion,107,identity,mlp,,0.12557417448311375,0.22677546172063026,0.14524704244515788,2,B
3,fashion,107,random,mlp,,0.19172741641223648,0.2973079872164169,0.21294870599694207,2,B
3,fashion,107,shuffled,mlp,,0.2318910495627606,0.22355140113186364,0.24126171039311506,2,B
3,fashion,107,pca,mlp,,0.045357836162698346,0.04181358578969627,0.04760261258540379,2,B
3,fashion,107,emotion,mlp,,0.2419065692097494,0.23783646958670648,0.27313694060176474,2,B
3,fashion,122,population,mlp,,0.1518412377741602,0.2626882882939267,0.23903422926800583,2,B
3,fashion,122,identity,mlp,,-0.026072217670559325,-0.09517182637386917,-0.03143095184848095,2,B
3,fashion,122,random,mlp,,0.06985994387470568,0.07083954604106657,0.07532996977958875,2,B
3,fashion,122,shuffled,mlp,,0.045810548880300284,0.014448859249169384,0.04676915446843592,2,B
3,fashion,122,pca,mlp,,-0.019415580905015665,-0.0437981045990447,-0.026907886400062475,2,B
3,fashion,122,emotion,mlp,,0.03260361029621965,-0.021271931672388257,0.037740462774195446,2,B
3,fashion,123,population,mlp,,0.20893062851980815,0.21548280615050414,0.23104036396267838,2,B
3,fashion,123,identity,mlp,,0.17864021911776337,0.18880493949955574,0.25120838488252,2,B
3,fashion,123,random,mlp,,0.0454440558885814,0.028034368345064422,0.04787648443239578,2,B
3,fashion,123,shuffled,mlp,,0.2815117872674593,0.25974495402147507,0.2824301427680937,2,B
3,fashion,123,pca,mlp,,0.2704959300513919,0.32651498185407474,0.292517863870161,2,B
3,fashion,123,emotion,mlp,,0.3435884627299848,0.4146373511681302,0.4270270820724247,2,B
3,fashion,132,population,mlp,,0.10508968559989507,0.26083617233397,0.2260517536376127,2,B
3,fashion,132,identity,mlp,,0.34134484531393205,0.3519005513737027,0.37586326465752656,2,B
3,fashion,132,random,mlp,,0.29137373524986826,0.3307597200543969,0.2963676933397657,2,B
3,fashion,132,shuffled,mlp,,0.4201047143596788,0.45050813783253046,0.4399441988778218,2,B
3,fashion,132,pca,mlp,,0.07236441173451075,0.01260509660822458,0.11089195852712472,2,B
3,fashion,132,emotion,mlp,,0.30942438987513354,0.35393523232227436,0.34216893309521407,2,B
3,fashion,140,population,mlp,,0.29817358687207357,0.5220486429111849,0.443126222808539,2,B
3,fashion,140,identity,mlp,,0.13437347533213503,0.17037591263489799,0.1568766843518111,2,B
3,fashion,140,random,mlp,,0.3171948221893418,0.2997617019943117,0.3408670569060763,2,B
3,fashion,140,shuffled,mlp,,0.137396631807201,0.06821892678942594,0.14311706460640378,2,B
3,fashion,140,pca,mlp,,0.32945821920055185,0.378754615785657,0.42163623018686675,2,B
3,fashion,140,emotion,mlp,,0.3771576882903143,0.45353588011261564,0.4872090048216421,2,B
3,fashion,141,population,mlp,,0.12505526751426446,0.17553847865944366,0.14949620472520583,2,B
3,fashion,141,identity,mlp,,0.30633866689879297,0.29671698232266913,0.33510965779711094,2,B
3,fashion,141,random,mlp,,-0.006846594043886579,-0.0209507106627146,-0.007691530794848552,2,B
3,fashion,141,shuffled,mlp,,-0.10369064787311537,-0.1281959747104454,-0.1193861408599966,2,B
3,fashion,141,pca,mlp,,-0.033769934386255626,-0.014848561926001608,-0.03685992937750664,2,B
3,fashion,141,emotion,mlp,,0.2879795617179404,0.27154561878372807,0.30032730243701616,2,B
3,landscape,0,population,mlp,,0.188829985774889,0.40621638398343335,0.39134372983460974,2,B
3,landscape,0,identity,mlp,,0.5417366690484167,0.5787294210779602,0.5445598223132665,2,B
3,landscape,0,random,mlp,,0.01932008391673152,-0.03168606803777025,0.021948610747926256,2,B
3,landscape,0,shuffled,mlp,,0.248765116082518,0.27461258966067553,0.2787954133390864,2,B
3,landscape,0,pca,mlp,,0.23497912395667772,0.2661828063016443,0.25141349430707977,2,B
3,landscape,0,emotion,mlp,,0.37567664614756413,0.4526297794190405,0.4188346597496448,2,B
3,landscape,9,population,mlp,,0.5700135259682718,0.5039462578096049,0.6091891448885278,2,B
3,landscape,9,identity,mlp,,0.4118660920114873,0.4032372924183994,0.4723449454629617,2,B
3,landscape,9,random,mlp,,0.28866932017273117,0.2579695022801134,0.31331989069820576,2,B
3,landscape,9,shuffled,mlp,,0.40996598882695884,0.31803359374661705,0.4178311224592303,2,B
3,landscape,9,pca,mlp,,0.4692469570001268,0.43685712640549834,0.5133630751139062,2,B
3,landscape,9,emotion,mlp,,0.500413016733225,0.4268715339227629,0.5453450161601546,2,B
3,landscape,10,population,mlp,,0.2519064827068037,0.5180938863727935,0.507519970109377,2,B
3,landscape,10,identity,mlp,,0.5347236875909182,0.5788416672674115,0.5531237263149478,2,B
3,landscape,10,random,mlp,,-0.07890096442865528,-0.06417432776216292,-0.08088806764405768,2,B
3,landscape,10,shuffled,mlp,,0.4913932722291936,0.5834919808733653,0.5612681932860549,2,B
3,landscape,10,pca,mlp,,0.5342157287512911,0.5177022810165027,0.5342206856991831,2,B
3,landscape,10,emotion,mlp,,0.5671032584977023,0.5674851119349769,0.580604110090923,2,B
3,landscape,11,population,mlp,,0.3691137260343522,0.4272061980956391,0.47157549568110313,2,B
3,landscape,11,identity,mlp,,0.4122748307574528,0.38283394439845786,0.4557896356877,2,B
3,landscape,11,random,mlp,,0.4222639208928077,0.3315593401261596,0.43879667891856305,2,B
3,landscape,11,shuffled,mlp,,0.20558031751727393,0.23009478667193856,0.25316909053642894,2,B
3,landscape,11,pca,mlp,,0.45905764489935946,0.3781009040040919,0.4649246808692234,2,B
3,landscape,11,emotion,mlp,,0.3371035359397024,0.2681563198432984,0.380847760842091,2,B
3,landscape,24,population,mlp,,0.19640741640358925,0.23045493938241363,0.2101420475505037,2,B
3,landscape,24,identity,mlp,,-0.12248380178309504,-0.19972761413142515,-0.1775186974574653,2,B
3,landscape,24,random,mlp,,0.03779376818429276,0.010026811397690981,0.0410569389447069,2,B
3,landscape,24,shuffled,mlp,,-0.10905791563818736,-0.11423017931025367,-0.12490803631070257,2,B
3,landscape,24,pca,mlp,,-0.35919407173598966,-0.32484712624992385,-0.36260663112495956,2,B
3,landscape,24,emotion,mlp,,-0.04341320813845079,-0.06048431391510365,-0.05422797563159224,2,B
3,landscape,28,population,mlp,,0.22205081875189528,0.32416539762522334,0.2708280621781243,2,B
3,landscape,28,identity,mlp,,0.09709126879020835,0.19596578310970691,0.14184485271955327,2,B
3,landscape,28,random,mlp,,0.288732243642296,0.3215571137214528,0.2949093397475293,2,B
3,landscape,28,shuffled,mlp,,0.17968686787147134,0.2503952547619761,0.2304126100267585,2,B
3,landscape,28,pca,mlp,,0.2544590901222494,0.27859424866500526,0.290438667983657,2,B
3,landscape,28,emotion,mlp,,0.159297835226081,0.19562129278279386,0.2035209639769409,2,B
3,landscape,31,population,mlp,,0.1357920645037027,0.4054514058204365,0.2609916715224612,2,B
3,landscape,31,identity,mlp,,0.21574232059908702,0.31866770423366547,0.2595591035184473,2,B
3,landscape,31,random,mlp,,0.1925201773891368,0.3870194692002374,0.22349196611588154,2,B
3,landscape,31,shuffled,mlp,,0.14401102431431576,0.13905872183461368,0.16443993313723468,2,B
3,landscape,31,pca,mlp,,0.1864055382121224,0.26639268398582283,0.19545113815453563,2,B
3,landscape,31,emotion,mlp,,0.3150996815481468,0.3170805096913705,0.4201307799507127,2,B
3,landscape,32,population,mlp,,0.36541316207183694,0.4061200318553816,0.46535660806487394,2,B
3,landscape,32,identity,mlp,,0.4123907409442377,0.4896538183811241,0.4825498205307846,2,B
3,landscape,32,random,mlp,,0.389058667788328,0.424324231379445,0.3994923764346316,2,B
3,landscape,32,shuffled,mlp,,0.31693968118442806,0.40900725704871427,0.33619432692051066,2,B
3,landscape,32,pca,mlp,,0.5049501847902292,0.5394706869711684,0.5086765304929667,2,B
3,landscape,32,emotion,mlp,,0.38701244281770836,0.38879668069538587,0.4285095663641515,2,B
3,landscape,36,population,mlp,,0.4419498071796957,0.5376191516151985,0.5374479172566137,2,B
3,landscape,36,identity,mlp,,0.3821076857799331,0.523017763109437,0.5129754276432695,2,B
3,landscape,36,random,mlp,,0.14605634073036178,0.20640602255083282,0.14821804883290216,2,B
3,landscape,36,shuffled,mlp,,0.2653490711070451,0.35207225550116783,0.3684855747621229,2,B
3,landscape,36,pca,mlp,,0.4752936704430779,0.5188956024088308,0.4947041365090259,2,B
3,landscape,36,emotion,mlp,,0.532501707178557,0.5949320847296501,0.5508115478916575,2,B
3,landscape,42,population,mlp,,0.3476571320995344,0.3867949484218305,0.3965511553092389,2,B
3,landscape,42,identity,mlp,,0.27861217223206786,0.37014820610359694,0.33488202165243414,2,B
3,landscape,42,random,mlp,,0.08651600420428213,0.09529878171172239,0.09161015778220832,2,B
3,landscape,42,shuffled,mlp,,0.2305164795709433,0.26314070655336164,0.28690629415680097,2,B
3,landscape,42,pca,mlp,,0.1462868012549322,0.28345278662973833,0.1521072372150864,2,B
3,landscape,42,emotion,mlp,,0.4257352435259235,0.49339518822116096,0.48409191936099,2,B
3,landscape,47,population,mlp,,0.49267665134441097,0.5324723318847575,0.5987807148376997,2,B
3,landscape,47,identity,mlp,,0.05677439977431396,0.09292203532702753,0.07569890634564524,2,B
3,landscape,47,random,mlp,,0.3023449421812087,0.2488947289288127,0.30998743786931887,2,B
3,landscape,47,shuffled,mlp,,0.5927739088108381,0.5672554454321993,0.5996174337135457,2,B
3,landscape,47,pca,mlp,,0.5380461393959133,0.3915856860895718,0.5493946675329915,2,B
3,landscape,47,emotion,mlp,,0.5775282435794339,0.33941101576840904,0.5841561644846475,2,B
3,landscape,54,population,mlp,,0.09006759436944463,0.07846754635410595,0.11541576988931548,2,B
3,landscape,54,identity,mlp,,0.07400972395985526,0.11474932502201732,0.08991279358281333,2,B
3,landscape,54,random,mlp,,0.15714448440937337,0.13352098241348187,0.1695363382246961,2,B
3,landscape,54,shuffled,mlp,,-0.028489083051183063,-0.015289817714015498,-0.03585897970600159,2,B
3,landscape,54,pca,mlp,,0.05033944193390924,0.07180663566681206,0.05166223590290646,2,B
3,landscape,54,emotion,mlp,,0.006467468791403264,-0.01695504538583897,0.008796556970578214,2,B
3,landscape,55,population,mlp,,0.35557330445126123,0.4231799301182104,0.4288826512672473,2,B
3,landscape,55,identity,mlp,,0.36556616942542663,0.3520864973093476,0.46041565495181314,2,B
3,landscape,55,random,mlp,,0.17571071385532666,0.07536898191485046,0.18028907327575974,2,B
3,landscape,55,shuffled,mlp,,0.2783909843909009,0.2831805547407574,0.3009527286654971,2,B
3,landscape,55,pca,mlp,,0.15027189889830536,0.08809619785825529,0.1588649571924997,2,B
3,landscape,55,emotion,mlp,,0.5325032405155261,0.5623838544992007,0.5736903178230559,2,B
3,landscape,59,population,mlp,,0.25574588957706457,0.4296927912960809,0.4069265639015236,2,B
3,landscape,59,identity,mlp,,-0.0256644563060515,0.02259648956260017,-0.03635556655657301,2,B
3,landscape,59,random,mlp,,0.2611257301643841,0.22997063695755351,0.2612847577818855,2,B
3,landscape,59,shuffled,mlp,,0.4891037340329232,0.49779039393246227,0.5187249171319926,2,B
3,landscape,59,pca,mlp,,0.19816966956885698,0.14538786807209333,0.20339563013403544,2,B
3,landscape,59,emotion,mlp,,0.3936405567344686,0.4496701422957433,0.4266427570969619,2,B
3,landscape,60,population,mlp,,0.46397559585696385,0.6306856731776214,0.5871955575159412,2,B
3,landscape,60,identity,mlp,,0.6934009651958101,0.79517194209591,0.7451306162638794,2,B
3,landscape,60,random,mlp,,0.3822685769047751,0.4164277483563576,0.4265476643105298,2,B
3,landscape,60,shuffled,mlp,,0.528472844677125,0.615220733880335,0.5961482646318327,2,B
3,landscape,60,pca,mlp,,0.6727475983983711,0.6591685677061676,0.6772372650848828,2,B
3,landscape,60,emotion,mlp,,0.6507506402430044,0.6852534178500082,0.7131452742890124,2,B
3,landscape,67,population,mlp,,0.46102975147276976,0.4773897814039461,0.4818787829515436,2,B
3,landscape,67,identity,mlp,,0.1742128528668213,0.28255784729609507,0.24803872220540502,2,B
3,landscape,67,random,mlp,,0.3220098827355753,0.3401311992533621,0.32746056412978675,2,B
3,landscape,67,shuffled,mlp,,-0.0013471939147752545,0.05381072465835886,-0.0014319801412171276,2,B
3,landscape,67,pca,mlp,,0.09216296217395005,0.08989071245610905,0.09412924254984692,2,B
3,landscape,67,emotion,mlp,,0.3106612227895408,0.3248229758591739,0.3533364973330713,2,B
3,landscape,68,population,mlp,,0.2728658109112211,0.3361834800881591,0.3512066222040082,2,B
3,landscape,68,identity,mlp,,0.18641130987952628,0.21317611397204855,0.21147849993138632,2,B
3,landscape,68,random,mlp,,0.08144614661514794,0.047683473090113566,0.1077011210411633,2,B
3,landscape,68,shuffled,mlp,,0.3110608910797862,0.3544271568993661,0.34362708095957545,2,B
3,landscape,68,pca,mlp,,0.3341392363385353,0.4135066801619596,0.3404073677104769,2,B
3,landscape,68,emotion,mlp,,0.39133044146740426,0.41920470524819964,0.41166857450177585,2,B
3,landscape,75,population,mlp,,0.24616281061582546,0.36657546451380535,0.3555008705142402,2,B
3,landscape,75,identity,mlp,,0.10719307012851768,0.23519431393171955,0.19873271431618622,2,B
3,landscape,75,random,mlp,,-0.16547713188006133,-0.13258889097512655,-0.1660208579266639,2,B
3,landscape,75,shuffled,mlp,,0.13443847892569133,0.1398353333333711,0.1396167565487122,2,B
3,landscape,75,pca,mlp,,0.08352300494608964,0.09509642833899175,0.08473219028735797,2,B
3,landscape,75,emotion,mlp,,0.13314065441116915,0.196021516835702,0.168064084839745,2,B
3,landscape,76,population,mlp,,0.2978761201470474,0.2933387361816047,0.34147385634545585,2,B
3,landscape,76,identity,mlp,,-0.08031714609040577,-0.11558047639292289,-0.11162714042221634,2,B
3,landscape,76,random,mlp,,0.1411591188215035,0.109362698053347,0.14590126746653315,2,B
3,landscape,76,shuffled,mlp,,0.022010605252616243,0.012385413305445533,0.024312595840054192,2,B
3,landscape,76,pca,mlp,,0.19376126962468196,0.10399735706677747,0.2008764388261066,2,B
3,landscape,76,emotion,mlp,,0.30370415639449483,0.35100361594380053,0.3224532012783716,2,B
3,landscape,82,population,mlp,,0.4320807248314303,0.4647338367338201,0.4876532296750741,2,B
3,landscape,82,identity,mlp,,0.03148947916784867,0.06151187067104859,0.03509444605130124,2,B
3,landscape,82,random,mlp,,0.15080630634623887,0.2264893425861509,0.17592555736594467,2,B
3,landscape,82,shuffled,mlp,,0.11612275228975119,0.14298723149398607,0.1354018456819477,2,B
3,landscape,82,pca,mlp,,0.2880111220551144,0.3141462917302317,0.3208353010738273,2,B
3,landscape,82,emotion,mlp,,0.07795766096590688,0.04215640559992786,0.08548131876289489,2,B
3,landscape,84,population,mlp,,0.3203962200193417,0.35480903868621366,0.3853109889120905,2,B
3,landscape,84,identity,mlp,,0.30520859542520096,0.3227206295800126,0.32964624752632,2,B
3,landscape,84,random,mlp,,0.2813727821885444,0.25058547778960194,0.2995472402240731,2,B
3,landscape,84,shuffled,mlp,,0.3670193727462343,0.4371981972021353,0.44087195049831324,2,B
3,landscape,84,pca,mlp,,0.24822057793040697,0.29175454956814606,0.260327020375036,2,B
3,landscape,84,emotion,mlp,,0.5191372334756608,0.5643784895737717,0.5969015550968845,2,B
3,landscape,88,population,mlp,,0.6104567388694528,0.7403096930371046,0.7324729563738529,2,B
3,landscape,88,identity,mlp,,0.3925359221571851,0.45475467859133173,0.4728152630966068,2,B
3,landscape,88,random,mlp,,0.20290269787217802,0.1656767098892026,0.2263896692717953,2,B
3,landscape,88,shuffled,mlp,,0.3677027518385336,0.41761686913890855,0.43822881244025086,2,B
3,landscape,88,pca,mlp,,0.7497049436371442,0.7258753665700889,0.7516343466360135,2,B
3,landscape,88,emotion,mlp,,0.7119461480277293,0.7700101546149976,0.7528726468091362,2,B
3,landscape,95,population,mlp,,0.241252386855629,0.35952470848244045,0.36341185408265286,2,B
3,landscape,95,identity,mlp,,0.38758662402133537,0.42026225733387307,0.46269675580663516,2,B
3,landscape,95,random,mlp,,0.23245500533190216,0.2616120176689657,0.24473717221467545,2,B
3,landscape,95,shuffled,mlp,,0.36636060921350894,0.40823354961512964,0.4347037836486145,2,B
3,landscape,95,pca,mlp,,0.3844668212161458,0.35987121446610804,0.3933355833055802,2,B
3,landscape,95,emotion,mlp,,0.38476620812946005,0.36363327943164087,0.4381972754957379,2,B
3,landscape,96,population,mlp,,0.35477104902825096,0.4130072844305267,0.4239799477573603,2,B
3,landscape,96,identity,mlp,,0.21682337534298557,0.27908844577322645,0.29002299453691294,2,B
3,landscape,96,random,mlp,,0.23621215380559046,0.1927003866393721,0.23884854104629427,2,B
3,landscape,96,shuffled,mlp,,0.260755412335719,0.31596321111779757,0.28948834524594774,2,B
3,landscape,96,pca,mlp,,0.3814656999264054,0.3693424077254632,0.38340770671106367,2,B
3,landscape,96,emotion,mlp,,0.4875869721422262,0.5480660687906833,0.5194886029205741,2,B
3,landscape,107,population,mlp,,0.1544336200648239,0.18665352030766394,0.16108175293191054,2,B
3,landscape,107,identity,mlp,,-0.08424109681200975,-0.0707119133839881,-0.0900801481118643,2,B
3,landscape,107,random,mlp,,0.05668456588771009,0.08911296841832635,0.06157767758019639,2,B
3,landscape,107,shuffled,mlp,,0.044136272521648125,0.026329964927183157,0.048698264799633316,2,B
3,landscape,107,pca,mlp,,0.14930494503616587,0.05031616403698448,0.14988666012894536,2,B
3,landscape,107,emotion,mlp,,-0.07380501538512527,-0.02637983228499979,-0.088813671987529,2,B
3,landscape,122,population,mlp,,0.35401793443573,0.4747558984111944,0.4665157057868209,2,B
3,landscape,122,identity,mlp,,0.3192624061418964,0.3152011076258566,0.3240678802193984,2,B
3,landscape,122,random,mlp,,0.24122890985887316,0.34157093816495276,0.28751463481795325,2,B
3,landscape,122,shuffled,mlp,,0.3370381582934161,0.3554732315636132,0.3717783131148008,2,B
3,landscape,122,pca,mlp,,0.4974516798281424,0.4430923120227863,0.5127222423342384,2,B
3,landscape,122,emotion,mlp,,0.552183550465499,0.5649476452644258,0.5858193883799026,2,B
3,landscape,123,population,mlp,,0.30560773732508,0.39260524778765254,0.3668371232930884,2,B
3,landscape,123,identity,mlp,,0.27107095025316313,0.3150432188555414,0.32219847622562653,2,B
3,landscape,123,random,mlp,,0.17550066040830925,0.21973436494788665,0.19541521799350545,2,B
3,landscape,123,shuffled,mlp,,0.37307510253238524,0.4248362502501998,0.4347095630951559,2,B
3,landscape,123,pca,mlp,,0.4460207935086531,0.4765442695382738,0.506927382417728,2,B
3,landscape,123,emotion,mlp,,0.4043813001798077,0.5487179867090083,0.5221445393363442,2,B
3,landscape,132,population,mlp,,0.14065912664146218,0.3581388769956756,0.4583349516250209,2,B
3,landscape,132,identity,mlp,,0.15909557861608975,0.14645367259142797,0.16159797062913417,2,B
3,landscape,132,random,mlp,,0.20074160163486968,0.0988371925599689,0.20474756099870617,2,B
3,landscape,132,shuffled,mlp,,0.09974300426908848,0.09442073865513206,0.11518325917206838,2,B
3,landscape,132,pca,mlp,,0.31948286948414995,0.26102765492725216,0.3234237631339546,2,B
3,landscape,132,emotion,mlp,,0.28553528711024456,0.17711503073535256,0.2941746218888421,2,B
3,landscape,140,population,mlp,,0.0954069995890694,0.2948415379022776,0.1480472942299026,2,B
3,landscape,140,identity,mlp,,0.3058564600283292,0.3877947887066599,0.38125444941086084,2,B
3,landscape,140,random,mlp,,0.09018003121062022,0.1362185828606267,0.09504390465512776,2,B
3,landscape,140,shuffled,mlp,,0.03759247632555746,0.08254766461364002,0.052022656428536665,2,B
3,landscape,140,pca,mlp,,0.07290223506324453,0.02892653386038893,0.07477168931362753,2,B
3,landscape,140,emotion,mlp,,0.16582178309898102,0.2854317015862474,0.21748102145210776,2,B
3,landscape,141,population,mlp,,0.4642681250887369,0.5395593124487976,0.5456926604957588,2,B
3,landscape,141,identity,mlp,,-0.009734878279505688,0.03483596372571097,-0.01332702626411021,2,B
3,landscape,141,random,mlp,,-0.1919168393084682,-0.10401023455247987,-0.21268532949327634,2,B
3,landscape,141,shuffled,mlp,,0.16065220022272703,0.29804655250469,0.17794038582294355,2,B
3,landscape,141,pca,mlp,,0.23912499045225166,0.24290619849313602,0.24045467170229676,2,B
3,landscape,141,emotion,mlp,,0.30693380924806046,0.3780199720864293,0.35305529197746466,2,B
4,art,1,population,mlp,,0.4024608887279595,0.39033856184178056,0.40447458821039767,2,B
4,art,1,identity,mlp,,0.1584894220621516,0.17369551043434378,0.1814298284756212,2,B
4,art,1,random,mlp,,0.29528973553545595,0.2849265518035055,0.3015276392540738,2,B
4,art,1,shuffled,mlp,,0.442234536775317,0.4966260013723129,0.45723591330286534,2,B
4,art,1,pca,mlp,,0.47636309867362,0.4730923967863374,0.49472964154644844,2,B
4,art,1,emotion,mlp,,0.19616029079718858,0.2730310098793035,0.23651566021600048,2,B
4,art,2,population,mlp,,0.638219531127823,0.778480843533888,0.734500982388391,2,B
4,art,2,identity,mlp,,0.22248346818124254,0.3396420567994469,0.28902057214336424,2,B
4,art,2,random,mlp,,0.5336250862754213,0.562958819185635,0.5365756647673438,2,B
4,art,2,shuffled,mlp,,0.3284845761636219,0.38983619792270974,0.3383430740868063,2,B
4,art,2,pca,mlp,,0.5546722704675575,0.6569921557706594,0.5655037971612215,2,B
4,art,2,emotion,mlp,,0.754147396434476,0.8064823228548774,0.7800487018901863,2,B
4,art,12,population,mlp,,0.5086782871040748,0.5469554820310435,0.5267881268199675,2,B
4,art,12,identity,mlp,,0.3063457474145452,0.3625657610175302,0.35001274778590125,2,B
4,art,12,random,mlp,,0.11679070896667336,0.14084343621525347,0.1225717738174722,2,B
4,art,12,shuffled,mlp,,0.06533120038878623,0.07461468984574224,0.06750263036637177,2,B
4,art,12,pca,mlp,,0.196341424011205,0.18994667150981098,0.21447536597526073,2,B
4,art,12,emotion,mlp,,0.4761065447986626,0.4919921898494811,0.500416133490195,2,B
4,art,13,population,mlp,,0.431382593844497,0.4653241827509366,0.5007914333916561,2,B
4,art,13,identity,mlp,,0.48545006891849696,0.5058276138776627,0.4956855505739502,2,B
4,art,13,random,mlp,,0.4030306399013029,0.46277741320004206,0.4400010262166671,2,B
4,art,13,shuffled,mlp,,0.055756941059597304,0.11690651765356126,0.0557670585105301,2,B
4,art,13,pca,mlp,,0.4634829848976579,0.4946120325862234,0.48914693484297855,2,B
4,art,13,emotion,mlp,,0.30490663441206434,0.3380836578812457,0.339721889158532,2,B
4,art,26,population,mlp,,0.33910693732344077,0.37668749008214036,0.36137261667550163,2,B
4,art,26,identity,mlp,,0.0470701967737829,0.040802804946430675,0.06373676364358206,2,B
4,art,26,random,mlp,,0.27638867743472106,0.2688479295243346,0.2787612402421451,2,B
4,art,26,shuffled,mlp,,0.40152680787302747,0.36016610893818685,0.41349977044869257,2,B
4,art,26,pca,mlp,,0.3529274913309208,0.37413418572352936,0.3737688608174525,2,B
4,art,26,emotion,mlp,,0.2906350014761195,0.3883525864655984,0.346215918079471,2,B
4,art,29,population,mlp,,0.18410165854603633,0.17683097917143276,0.2025062299036592,2,B
4,art,29,identity,mlp,,0.04010933077089253,0.012948721586924138,0.04764040894514251,2,B
4,art,29,random,mlp,,-0.06950923256740281,-0.15826777283392823,-0.0863102131357186,2,B
4,art,29,shuffled,mlp,,0.01223215063485732,0.004906351538795473,0.012480201670290873,2,B
4,art,29,pca,mlp,,0.29927867886041026,0.37106180297529473,0.3817084367647413,2,B
4,art,29,emotion,mlp,,0.1999141392813514,0.27349116258007344,0.257199981850632,2,B
4,art,34,population,mlp,,0.3245714950999802,0.503283272235587,0.5166587294068224,2,B
4,art,34,identity,mlp,,0.5468181592004506,0.5630006975420043,0.566593340528101,2,B
4,art,34,random,mlp,,0.30947804192570255,0.2925710027605073,0.31784543773613605,2,B
4,art,34,shuffled,mlp,,0.4209540471570206,0.4320267242853202,0.44458404858145906,2,B
4,art,34,pca,mlp,,0.433203583065053,0.5235507055972201,0.508798203826748,2,B
4,art,34,emotion,mlp,,0.6119896625123904,0.6454511807066038,0.6238584881105849,2,B
4,art,38,population,mlp,,0.47536915531795737,0.5338241298792347,0.5470720272148847,2,B
4,art,38,identity,mlp,,0.49172927725542076,0.5132020011694569,0.5058005918470115,2,B
4,art,38,random,mlp,,0.25510689167475464,0.273084008448957,0.3497468588689459,2,B
4,art,38,shuffled,mlp,,0.3266672367980671,0.40117632810707765,0.387973471735543,2,B
4,art,38,pca,mlp,,0.48454002899885423,0.5255458881881363,0.5265470424368631,2,B
4,art,38,emotion,mlp,,0.4517038043434559,0.5367631505979679,0.5191512371400291,2,B
4,art,43,population,mlp,,0.2949896847961822,0.39919615679521336,0.3769522305262352,2,B
4,art,43,identity,mlp,,0.3153304256175756,0.37118239140607556,0.36235187974651456,2,B
4,art,43,random,mlp,,-0.08360422783760527,-0.1330164104840878,-0.09474658824848109,2,B
4,art,43,shuffled,mlp,,-0.06164743811769927,-0.10441494372314991,-0.06467044162971215,2,B
4,art,43,pca,mlp,,0.2888296812292996,0.3382221394709537,0.34221626143553097,2,B
4,art,43,emotion,mlp,,0.17017813066121923,0.22425704845605227,0.1897498013211959,2,B
4,art,48,population,mlp,,0.5528091807961161,0.6021443055554481,0.6257916419693537,2,B
4,art,48,identity,mlp,,0.4100495359612312,0.4755086809625705,0.46198954748042864,2,B
4,art,48,random,mlp,,0.5575905891927788,0.5554710130225717,0.5580523539567263,2,B
4,art,48,shuffled,mlp,,0.11762991030350325,0.09883756065785568,0.11918761307078955,2,B
4,art,48,pca,mlp,,0.5684830655618412,0.5590009259032095,0.57456131371755,2,B
4,art,48,emotion,mlp,,0.6156692460761227,0.5939078421672935,0.6239296447369904,2,B
4,art,49,population,mlp,,0.5103207143068257,0.6112327254190589,0.5899629776933882,2,B
4,art,49,identity,mlp,,0.1743860900597427,0.14432570745855428,0.19344217879676867,2,B
4,art,49,random,mlp,,0.013155608131034145,0.04728422766633924,0.014361662559095042,2,B
4,art,49,shuffled,mlp,,0.14746929838712566,0.15881763079143862,0.16731280804937543,2,B
4,art,49,pca,mlp,,0.4021652464602579,0.5219565424297887,0.5401246996242031,2,B
4,art,49,emotion,mlp,,0.43108414782012966,0.4829322164583017,0.46706457690734005,2,B
4,art,56,population,mlp,,0.03600995236613388,0.0258711762657711,0.08578626156862042,2,B
4,art,56,identity,mlp,,0.1729713154367925,0.2603352575245914,0.25660448322669765,2,B
4,art,56,random,mlp,,0.09432997587864085,0.008065103532244433,0.10572442961290365,2,B
4,art,56,shuffled,mlp,,0.17537809140403413,0.24739966939170582,0.18129836610283484,2,B
4,art,56,pca,mlp,,0.2792719727550119,0.34407617017432407,0.3131817549411468,2,B
4,art,56,emotion,mlp,,0.2130837370864298,0.29537132416791295,0.2648656005156796,2,B
4,art,61,population,mlp,,0.3828059476958134,0.45986091963849623,0.4876577970717305,2,B
4,art,61,identity,mlp,,0.04840719401051763,0.1667616487946341,0.054740201071291274,2,B
4,art,61,random,mlp,,0.14726122293689112,0.1457973272318801,0.15367106569931674,2,B
4,art,61,shuffled,mlp,,0.15493254722111635,0.09764960306861734,0.1924148353588664,2,B
4,art,61,pca,mlp,,0.47194707814824133,0.5462760537356857,0.49090082951564007,2,B
4,art,61,emotion,mlp,,0.3540096631377727,0.41913596961706984,0.38834152215149936,2,B
4,art,72,population,mlp,,0.25688274148542994,0.43364892126127197,0.478637314464236,2,B
4,art,72,identity,mlp,,0.3387013074169486,0.32485043888989434,0.35162825669077935,2,B
4,art,72,random,mlp,,0.3195276394956993,0.3171752367436772,0.32580941751950787,2,B
4,art,72,shuffled,mlp,,0.3755830795377618,0.33671211493404823,0.3994337838597372,2,B
4,art,72,pca,mlp,,0.2395976234216285,0.295345765704436,0.26066449138349945,2,B
4,art,72,emotion,mlp,,0.37100618464634866,0.40279859575147686,0.39800869053670695,2,B
4,art,77,population,mlp,,0.3372391453047451,0.4118275302798913,0.3918560735385011,2,B
4,art,77,identity,mlp,,0.33329814820912895,0.3811990019555789,0.38049103395197625,2,B
4,art,77,random,mlp,,0.09025363416688388,0.19406314715339826,0.10020783115752718,2,B
4,art,77,shuffled,mlp,,0.1294447693560596,0.11652695347941176,0.1361368430013608,2,B
4,art,77,pca,mlp,,0.36136362409935285,0.44651347269563135,0.4195109771810108,2,B
4,art,77,emotion,mlp,,0.3330557978649931,0.3331532814339191,0.3409461195500226,2,B
4,art,78,population,mlp,,0.3929085152498982,0.48043336470323517,0.4759486278609879,2,B
4,art,78,identity,mlp,,0.28933924755327184,0.41318648787592627,0.40412524655709164,2,B
4,art,78,random,mlp,,0.35068760952432154,0.4101320509797408,0.35471006956917395,2,B
4,art,78,shuffled,mlp,,0.05830132902241506,0.08128743352751618,0.06287298697736081,2,B
4,art,78,pca,mlp,,0.491960565445146,0.5803922753864657,0.554205753492226,2,B
4,art,78,emotion,mlp,,0.3771495152651667,0.3620000373092054,0.4100227361501781,2,B
4,art,89,population,mlp,,0.3491763232145523,0.5198944118560894,0.5012910494529251,2,B
4,art,89,identity,mlp,,0.1306102871171658,0.12528850797345878,0.15428727078114046,2,B
4,art,89,random,mlp,,0.24731079812771425,0.22725229572507938,0.27129658135461526,2,B
4,art,89,shuffled,mlp,,0.1730277991412862,0.2851358886730103,0.18257618570255973,2,B
4,art,89,pca,mlp,,0.1516385578912219,0.12035152615544552,0.16030316837853492,2,B
4,art,89,emotion,mlp,,0.37873382787100784,0.399442130969664,0.4249730538740803,2,B
4,art,90,population,mlp,,0.3620180520144761,0.45955790520428536,0.4265526680537679,2,B
4,art,90,identity,mlp,,0.2518271261322417,0.28790258877484126,0.32918105480058113,2,B
4,art,90,random,mlp,,0.1750251478763209,0.22472147375814017,0.1789047020437874,2,B
4,art,90,shuffled,mlp,,-0.03040830952173569,-0.03139124799725683,-0.03375874352056348,2,B
4,art,90,pca,mlp,,0.30775111758158696,0.3345908417485391,0.3448471226984501,2,B
4,art,90,emotion,mlp,,0.3710386774194036,0.44645330484987494,0.406302895567942,2,B
4,art,97,population,mlp,,0.5154024094436079,0.5060673930800114,0.5232331338219103,2,B
4,art,97,identity,mlp,,0.18415870707046786,0.2590211711648338,0.2382408570387353,2,B
4,art,97,random,mlp,,-0.04249962339290355,-0.021685727422696845,-0.04518009827439914,2,B
4,art,97,shuffled,mlp,,-0.2569045120902247,-0.11174942135918724,-0.26313909788280876,2,B
4,art,97,pca,mlp,,0.27460585475144145,0.3489339203628832,0.3367638759394215,2,B
4,art,97,emotion,mlp,,0.2989506394987792,0.33675771146197214,0.40341638619972514,2,B
4,art,103,population,mlp,,0.5065441335485855,0.6413271728560008,0.6435709656535472,2,B
4,art,103,identity,mlp,,0.3481747554215228,0.48045865195743837,0.5023632818127705,2,B
4,art,103,random,mlp,,0.338892185451505,0.29252907012559815,0.41975499455036785,2,B
4,art,103,shuffled,mlp,,0.3517576426118127,0.28244358247149837,0.358270082264262,2,B
4,art,103,pca,mlp,,0.5920325511436954,0.5671838601513561,0.6146013445556756,2,B
4,art,103,emotion,mlp,,0.7376600591595602,0.6647434783499255,0.764855322300657,2,B
4,art,108,population,mlp,,0.20113465109745382,0.3110829926430008,0.27970914121473317,2,B
4,art,108,identity,mlp,,0.41143885787187157,0.37241560693324766,0.42826117912120804,2,B
4,art,108,random,mlp,,0.08843166927170301,0.05934613285574488,0.09312041706564564,2,B
4,art,108,shuffled,mlp,,0.10280737481855816,0.12241691840118087,0.10581844515141078,2,B
4,art,108,pca,mlp,,0.2518676139300249,0.3109340065354132,0.2713299752222003,2,B
4,art,108,emotion,mlp,,0.4418644888020534,0.43091748517932915,0.4551741017522371,2,B
4,art,114,population,mlp,,0.21620333355987126,0.41081505456078615,0.37851708936971434,2,B
4,art,114,identity,mlp,,0.6159905153882228,0.6881189236602941,0.6663898242500487,2,B
4,art,114,random,mlp,,0.21793910131551586,0.21951987213385296,0.242031177490096,2,B
4,art,114,shuffled,mlp,,0.35498700764626034,0.3706776674469181,0.363574861818563,2,B
4,art,114,pca,mlp,,0.6019130667182231,0.6331524526373614,0.6419903161830228,2,B
4,art,114,emotion,mlp,,0.45303495576499536,0.5350827777187476,0.5315492361063302,2,B
4,art,115,population,mlp,,0.16196483863387406,0.2856495886422823,0.2490130383329555,2,B
4,art,115,identity,mlp,,0.021531439453980856,0.059970960245539495,0.03796463015359342,2,B
4,art,115,random,mlp,,0.1611803382600228,0.20481657978803677,0.18114382422107517,2,B
4,art,115,shuffled,mlp,,0.013932860741479878,0.005586987376690498,0.015309229550164703,2,B
4,art,115,pca,mlp,,-0.029226451258828164,-0.03263038372130941,-0.03007583134215934,2,B
4,art,115,emotion,mlp,,0.04079797785885299,0.13171025560368238,0.041064343012027084,2,B
4,art,124,population,mlp,,0.3993208889058361,0.4074172192980343,0.45402394237673555,2,B
4,art,124,identity,mlp,,0.23373854619935305,0.3449843260197966,0.31017125498412274,2,B
4,art,124,random,mlp,,0.11820990883238945,0.10677728376879979,0.12185742393674827,2,B
4,art,124,shuffled,mlp,,-0.031623940440623374,-0.03171751319833424,-0.0338596895632877,2,B
4,art,124,pca,mlp,,0.41144422568822164,0.4341240669042147,0.44723167886558024,2,B
4,art,124,emotion,mlp,,0.3748770139957918,0.3693862674535861,0.3939199036690982,2,B
4,art,134,population,mlp,,0.48712696045429965,0.5654634543103871,0.5762865724301597,2,B
4,art,134,identity,mlp,,0.35812422272545696,0.33065820285589104,0.3621342933139903,2,B
4,art,134,random,mlp,,0.16195340419104262,0.18796241651989876,0.18513959839821678,2,B
4,art,134,shuffled,mlp,,0.04431164719181357,0.024283404440332827,0.04434648899894482,2,B
4,art,134,pca,mlp,,0.41407275431404456,0.43537730597992264,0.44051100333153514,2,B
4,art,134,emotion,mlp,,0.5442482464788649,0.5541837390632548,0.5539122628097953,2,B
4,art,135,population,mlp,,0.16547874106973165,0.06017920616545047,0.17992169302873415,2,B
4,art,135,identity,mlp,,0.4345591517791412,0.5246276021575996,0.47115267970387215,2,B
4,art,135,random,mlp,,0.16824798922054957,0.22347956460436127,0.1857326294533401,2,B
4,art,135,shuffled,mlp,,0.06253322567663153,0.05750793486999915,0.0651079886919251,2,B
4,art,135,pca,mlp,,0.19548477889927837,0.19218032923690342,0.21676560155566177,2,B
4,art,135,emotion,mlp,,0.36587541107030347,0.44348143639011617,0.4539180066705681,2,B
4,art,142,population,mlp,,0.4052545433181088,0.540738519176705,0.5467559497628537,2,B
4,art,142,identity,mlp,,0.19033787068744368,0.29306541802547004,0.2875044297275556,2,B
4,art,142,random,mlp,,0.4106611692802444,0.4072586456776934,0.42995650624388,2,B
4,art,142,shuffled,mlp,,0.2577476326354947,0.27097991855975473,0.2598951669358634,2,B
4,art,142,pca,mlp,,0.5600281953972236,0.6097429829451609,0.5887996209584107,2,B
4,art,142,emotion,mlp,,0.6029592046181195,0.6336604593250829,0.6077442525755485,2,B
4,art,143,population,mlp,,0.484365297088684,0.6668675053352359,0.6646110558468549,2,B
4,art,143,identity,mlp,,0.6790710683772113,0.7568567976761196,0.7434202991860921,2,B
4,art,143,random,mlp,,0.4784931851586649,0.4906954091581263,0.4869889902291931,2,B
4,art,143,shuffled,mlp,,0.21981181679010858,0.19232527175456746,0.22810123738786878,2,B
4,art,143,pca,mlp,,0.6848508974814855,0.729137753180663,0.7108679139876604,2,B
4,art,143,emotion,mlp,,0.7285771008108728,0.7694474904222952,0.780851261703328,2,B
4,fashion,1,population,mlp,,0.11809543109501952,0.14424636643172703,0.13714659323646777,2,B
4,fashion,1,identity,mlp,,0.09431631275498457,0.2753289327693766,0.23843609506727675,2,B
4,fashion,1,random,mlp,,0.1348043098403862,0.07648334485039975,0.13850949761827128,2,B
4,fashion,1,shuffled,mlp,,0.27467027913815667,0.3188750056544262,0.2771932444257064,2,B
4,fashion,1,pca,mlp,,0.34587409898841,0.3938031336160742,0.3518436074818388,2,B
4,fashion,1,emotion,mlp,,0.2958682788330883,0.3661980338407302,0.31672244140801237,2,B
4,fashion,2,population,mlp,,0.22292079926318467,0.3384809976937558,0.37747086128739077,2,B
4,fashion,2,identity,mlp,,0.04244097118696025,0.05145589923654706,0.07655757058119754,2,B
4,fashion,2,random,mlp,,0.10433910448862882,0.11883268291194816,0.10809850708538558,2,B
4,fashion,2,shuffled,mlp,,0.20217713739516782,0.28662582862802116,0.21741834577794794,2,B
4,fashion,2,pca,mlp,,0.1804089495447411,0.21480716810290842,0.18831754731559006,2,B
4,fashion,2,emotion,mlp,,0.40271726563498994,0.48266731475911406,0.41041682887574304,2,B
4,fashion,12,population,mlp,,0.155153544670996,0.15972354687687806,0.1767379706276734,2,B
4,fashion,12,identity,mlp,,0.012143809127897346,0.04174822163943684,0.019891359190433486,2,B
4,fashion,12,random,mlp,,0.24079553923513303,0.28522061942299654,0.2447080059619951,2,B
4,fashion,12,shuffled,mlp,,0.1029581059112724,0.12630477695510395,0.1100983611925373,2,B
4,fashion,12,pca,mlp,,0.08703989345374631,0.10247749689003238,0.09062619960940331,2,B
4,fashion,12,emotion,mlp,,0.29540312179561834,0.3100070484737384,0.30775267872824247,2,B
4,fashion,13,population,mlp,,0.254552448705918,0.2901097066354768,0.28834632651173076,2,B
4,fashion,13,identity,mlp,,0.28406384262109674,0.6646140643225639,0.6116542140970026,2,B
4,fashion,13,random,mlp,,0.026951514269148526,0.010295652445005828,0.029151860282412224,2,B
4,fashion,13,shuffled,mlp,,0.1164321296051022,0.08355317945754731,0.15962326497516716,2,B
4,fashion,13,pca,mlp,,0.04120179934421318,0.029995987411891984,0.049724697412523416,2,B
4,fashion,13,emotion,mlp,,0.17335389255851938,0.23110769839294337,0.19680360070191755,2,B
4,fashion,26,population,mlp,,0.2592077908997626,0.2546411360012217,0.28277307989214784,2,B
4,fashion,26,identity,mlp,,0.001403972267947097,-0.01744810167237765,0.0025501703693274636,2,B
4,fashion,26,random,mlp,,-0.04801808715972984,0.038031804225008674,-0.05182064568585155,2,B
4,fashion,26,shuffled,mlp,,-0.06627043533839884,-0.0015678004401266873,-0.07112689687744665,2,B
4,fashion,26,pca,mlp,,0.19538183624029676,0.20745540017418296,0.21149860730161169,2,B
4,fashion,26,emotion,mlp,,0.2878884892686335,0.3287829245568901,0.31701501019215556,2,B
4,fashion,29,population,mlp,,0.18683434137764532,0.2719977262742412,0.24089676393543397,2,B
4,fashion,29,identity,mlp,,0.1467411237740529,0.24628310426490718,0.2542626298851676,2,B
4,fashion,29,random,mlp,,0.11719035849242353,0.09257263923360246,0.12554068612742036,2,B
4,fashion,29,shuffled,mlp,,0.3066472567183465,0.2837529820499367,0.31682683613612933,2,B
4,fashion,29,pca,mlp,,0.47088495074399,0.4539942755158133,0.4752830773192784,2,B
4,fashion,29,emotion,mlp,,0.12006110244963918,0.20178106454263117,0.13942315352162793,2,B
4,fashion,34,population,mlp,,0.13500667625057067,0.2001635432093834,0.17577207883847323,2,B
4,fashion,34,identity,mlp,,0.24509868139553065,0.3723188543652926,0.37811787750887876,2,B
4,fashion,34,random,mlp,,-0.22243927640778208,-0.1633080336660684,-0.22274833632354588,2,B
4,fashion,34,shuffled,mlp,,0.13820401229528945,0.14087212003160998,0.17480689951846454,2,B
4,fashion,34,pca,mlp,,0.2551001276761372,0.3327260655986014,0.30485334308203316,2,B
4,fashion,34,emotion,mlp,,0.4185880995372551,0.4708120264207035,0.4760495515692662,2,B
4,fashion,38,population,mlp,,0.3129247829742146,0.395078226334684,0.40238864806497404,2,B
4,fashion,38,identity,mlp,,-0.002137635115850049,0.03232771815835758,-0.0024468233962079327,2,B
4,fashion,38,random,mlp,,0.10003087448169565,0.1454254516544409,0.10083750902815977,2,B
4,fashion,38,shuffled,mlp,,-0.006615735859983249,0.016410259370019928,-0.006967311094669719,2,B
4,fashion,38,pca,mlp,,0.03818984957590485,-0.02025410390714171,0.040738130016655306,2,B
4,fashion,38,emotion,mlp,,0.1406784361908814,0.23141915315799877,0.16991920913358677,2,B
4,fashion,43,population,mlp,,0.3332563825803537,0.4359238853645573,0.3845024626278253,2,B
4,fashion,43,identity,mlp,,0.04230017642192969,0.01859928754894048,0.04939537412394139,2,B
4,fashion,43,random,mlp,,0.1482979260870883,0.20054669465900016,0.15115961662434377,2,B
4,fashion,43,shuffled,mlp,,0.3861621818348271,0.4110590553256554,0.4015237154895586,2,B
4,fashion,43,pca,mlp,,0.30631815976183957,0.3306923725213476,0.33315936828007475,2,B
4,fashion,43,emotion,mlp,,0.43296682406865056,0.49774061560016053,0.4910982348839748,2,B
4,fashion,48,population,mlp,,0.3668561297088041,0.44804417176901756,0.4370290338944964,2,B
4,fashion,48,identity,mlp,,0.2600716884459622,0.39062281495623735,0.39107116985526796,2,B
4,fashion,48,random,mlp,,-0.05938396216052123,-0.04107153651960438,-0.061907004679086476,2,B
4,fashion,48,shuffled,mlp,,0.23608378812209813,0.2199346308112148,0.3077878557379043,2,B
4,fashion,48,pca,mlp,,0.047707843519639796,0.06022840427275318,0.06047193480578805,2,B
4,fashion,48,emotion,mlp,,0.07773595733295574,0.24820209119760916,0.08956293951050921,2,B
4,fashion,49,population,mlp,,0.11174588515368776,0.24818967053033117,0.12630470015769768,2,B
4,fashion,49,identity,mlp,,0.18936996475807918,0.32879017684573125,0.3282522478392081,2,B
4,fashion,49,random,mlp,,-0.013512958030906885,0.01966352909490257,-0.013523335690307968,2,B
4,fashion,49,shuffled,mlp,,0.05794914211723475,0.09078162290260858,0.06778413885310688,2,B
4,fashion,49,pca,mlp,,-0.027639080878090787,-0.0697206856486774,-0.030604440876574796,2,B
4,fashion,49,emotion,mlp,,0.2577124658246391,0.2319697543987491,0.30485118893938395,2,B
4,fashion,56,population,mlp,,0.05948413854100268,0.023275485346474035,0.17210571534421662,2,B
4,fashion,56,identity,mlp,,-0.10354310853805451,-0.15769141322236155,-0.19401124999799982,2,B
4,fashion,56,random,mlp,,0.15021983621972784,0.1505342014783208,0.15392032673822056,2,B
4,fashion,56,shuffled,mlp,,-0.21413750266742032,-0.19912177713908535,-0.22231888983383488,2,B
4,fashion,56,pca,mlp,,-0.01659187887095193,0.0009892081272251465,-0.016651481523320143,2,B
4,fashion,56,emotion,mlp,,0.13927447537341558,0.13307758746846526,0.1463457136529431,2,B
4,fashion,61,population,mlp,,0.10397798159303763,0.1519753934361959,0.11680540198716838,2,B
4,fashion,61,identity,mlp,,0.0390194890112728,0.15037407220143847,0.11460409309948107,2,B
4,fashion,61,random,mlp,,-0.00772434901889528,-0.030775392480494067,-0.007805819525615449,2,B
4,fashion,61,shuffled,mlp,,0.19375300457836428,0.1753446752059369,0.20714276863925085,2,B
4,fashion,61,pca,mlp,,0.21339604973626186,0.22518579863776145,0.2174243920621607,2,B
4,fashion,61,emotion,mlp,,0.32498486413187583,0.3916731657639464,0.33429786749623197,2,B
4,fashion,72,population,mlp,,-0.0013362817561906244,-0.06621435455614384,-0.0024224973453426234,2,B
4,fashion,72,identity,mlp,,0.13134794663628344,0.1465825171498066,0.16864688863006969,2,B
4,fashion,72,random,mlp,,0.13375211829405273,0.1140140661292181,0.15058268476908013,2,B
4,fashion,72,shuffled,mlp,,0.07994075851153468,0.08394334593878,0.09801117933975007,2,B
4,fashion,72,pca,mlp,,0.16683793308994502,0.16063837495869218,0.2136445691776124,2,B
4,fashion,72,emotion,mlp,,-0.021993819208992068,-0.07218931850277813,-0.023300771013435667,2,B
4,fashion,77,population,mlp,,0.36251308415855255,0.4610706079121109,0.483646643185929,2,B
4,fashion,77,identity,mlp,,-0.14337282844468424,-0.2065797431857662,-0.23792626184165816,2,B
4,fashion,77,random,mlp,,0.28181092281291625,0.27460170586683447,0.2977341877252459,2,B
4,fashion,77,shuffled,mlp,,-0.04927777915922489,-0.017695568552538787,-0.061293542501584794,2,B
4,fashion,77,pca,mlp,,0.0817165515030893,0.09808964183719272,0.11049316840760542,2,B
4,fashion,77,emotion,mlp,,0.29128784999914153,0.39935792872609815,0.36615010595575576,2,B
4,fashion,78,population,mlp,,0.16845567937844746,0.25780945937855904,0.2501431055468472,2,B
4,fashion,78,identity,mlp,,0.3507798322326185,0.4435501372996866,0.4174833114820792,2,B
4,fashion,78,random,mlp,,0.08056108731407456,0.10842780633685618,0.09324281738032188,2,B
4,fashion,78,shuffled,mlp,,0.21470515221237244,0.26505129812514777,0.26173831277033355,2,B
4,fashion,78,pca,mlp,,0.21281674754235982,0.24976852118407084,0.25255908678264105,2,B
4,fashion,78,emotion,mlp,,0.3721974929690829,0.424721356558556,0.435871627254125,2,B
4,fashion,89,population,mlp,,0.2188253252109305,0.35667399981972797,0.38054054681076693,2,B
4,fashion,89,identity,mlp,,0.012625619946578917,0.025360639225066952,0.02017082848770972,2,B
4,fashion,89,random,mlp,,0.048380384032917535,0.030629742908721634,0.048674596569017146,2,B
4,fashion,89,shuffled,mlp,,-0.03866393329579614,-0.0503273267728513,-0.04341182347576969,2,B
4,fashion,89,pca,mlp,,0.288405987553411,0.30846416331227067,0.3514364870824268,2,B
4,fashion,89,emotion,mlp,,0.128478382657798,0.15309947058394788,0.12920317247014357,2,B
4,fashion,90,population,mlp,,0.09493330262239336,0.08727374415943089,0.13202519131207113,2,B
4,fashion,90,identity,mlp,,0.16899824861071072,0.23248593033074347,0.22222979799208126,2,B
4,fashion,90,random,mlp,,0.1401292448803432,0.13998942855103344,0.1481119125744148,2,B
4,fashion,90,shuffled,mlp,,0.32838644447565174,0.2580139886055658,0.338934675956689,2,B
4,fashion,90,pca,mlp,,0.24756343932353872,0.29428042703423307,0.2979928227053264,2,B
4,fashion,90,emotion,mlp,,0.3416619510172957,0.3659347091517077,0.36562661744957625,2,B
4,fashion,97,population,mlp,,0.4408765573146437,0.45651275103474553,0.4722546894689124,2,B
4,fashion,97,identity,mlp,,0.08509052395698387,0.09775859514450481,0.159733990037358,2,B
4,fashion,97,random,mlp,,0.3285105947437404,0.3630887832179835,0.3582197638301773,2,B
4,fashion,97,shuffled,mlp,,0.3821285522166977,0.4373383995614363,0.434144948012216,2,B
4,fashion,97,pca,mlp,,-0.05728263242218753,-0.08908934048901926,-0.06057713948323761,2,B
4,fashion,97,emotion,mlp,,0.322697637512394,0.3441694098227767,0.352050293895463,2,B
4,fashion,103,population,mlp,,0.1319280627923245,0.12310656929219857,0.15167421458293096,2,B
4,fashion,103,identity,mlp,,0.12837798091699293,0.2565842063903013,0.2344316903849085,2,B
4,fashion,103,random,mlp,,0.20170124314019713,0.16209779537016505,0.2168144572687712,2,B
4,fashion,103,shuffled,mlp,,0.015573816891926875,0.03410485759249243,0.01642764461404899,2,B
4,fashion,103,pca,mlp,,0.041339161542578585,0.04283051560226755,0.047702930970695494,2,B
4,fashion,103,emotion,mlp,,0.17174271807343375,0.19211405892379144,0.18982221302867472,2,B
4,fashion,108,population,mlp,,0.28557273159253954,0.373551083125405,0.38071756044985017,2,B
4,fashion,108,identity,mlp,,0.08197194445125042,0.032365259502976855,0.10951394763338944,2,B
4,fashion,108,random,mlp,,-0.11014806890732844,-0.09768513073053256,-0.11173688347550101,2,B
4,fashion,108,shuffled,mlp,,0.04122221569049173,0.07470039408805432,0.06087055814367816,2,B
4,fashion,108,pca,mlp,,-0.0741015831027783,-0.12081720542841132,-0.10650020731622216,2,B
4,fashion,108,emotion,mlp,,0.11394065138866492,0.2570557939887418,0.20090201938307978,2,B
4,fashion,114,population,mlp,,0.3461514896302693,0.41944075726266217,0.43442508222473714,2,B
4,fashion,114,identity,mlp,,0.22565036406188693,0.2940630561692937,0.4239284377214664,2,B
4,fashion,114,random,mlp,,-0.002864471161601122,0.07726943452312285,-0.002992066389935419,2,B
4,fashion,114,shuffled,mlp,,0.1373867069265708,0.15923734094057967,0.1745196363154387,2,B
4,fashion,114,pca,mlp,,0.20354139717395975,0.14274161896373322,0.22580712497745142,2,B
4,fashion,114,emotion,mlp,,0.32631316759594736,0.18615141363964494,0.3567752861601623,2,B
4,fashion,115,population,mlp,,0.1482279857817941,0.2711536199830296,0.2768834155067174,2,B
4,fashion,115,identity,mlp,,-0.014072356580798443,-0.03814867372810265,-0.042155853313187726,2,B
4,fashion,115,random,mlp,,0.10962861049528051,0.09501404050405567,0.12787653361257298,2,B
4,fashion,115,shuffled,mlp,,0.2396761844583425,0.31985278628906066,0.2614040206721204,2,B
4,fashion,115,pca,mlp,,0.26556247800992294,0.19443902140792318,0.27625191149382905,2,B
4,fashion,115,emotion,mlp,,0.05152432935646184,0.032187943458086614,0.05227999618013268,2,B
4,fashion,124,population,mlp,,0.24298744605098616,0.3945852707377489,0.4368758241108899,2,B
4,fashion,124,identity,mlp,,0.16469778710436597,0.38740247593999017,0.43478712066920083,2,B
4,fashion,124,random,mlp,,-0.0005362630493683592,0.0475209539880708,-0.0005536190483666778,2,B
4,fashion,124,shuffled,mlp,,0.1380669295090579,0.12252390546321869,0.1525670132924925,2,B
4,fashion,124,pca,mlp,,-0.09119919586752127,-0.11273864878221397,-0.09488581255932757,2,B
4,fashion,124,emotion,mlp,,0.4364716007545729,0.47583413073268704,0.44489597712689555,2,B
4,fashion,134,population,mlp,,0.2342737187673614,0.2965620514969741,0.27018037097754855,2,B
4,fashion,134,identity,mlp,,0.2613640755089702,0.39084739646249256,0.37435800643694406,2,B
4,fashion,134,random,mlp,,-0.01095094188325102,0.08680477180265249,-0.011568553585026179,2,B
4,fashion,134,shuffled,mlp,,0.08487667874442223,0.09880381197664552,0.1015546802788716,2,B
4,fashion,134,pca,mlp,,0.21010586965616515,0.23531172090169591,0.21291412765478887,2,B
4,fashion,134,emotion,mlp,,0.27790089274821245,0.350582834874449,0.29611542434710464,2,B
4,fashion,135,population,mlp,,-0.049471005653054734,-0.04593790292210334,-0.061943221802432426,2,B
4,fashion,135,identity,mlp,,0.08490412018566873,0.07511197416783999,0.1244246154484933,2,B
4,fashion,135,random,mlp,,-0.06177668156179587,-0.1116421148357435,-0.06302727202534886,2,B
4,fashion,135,shuffled,mlp,,0.07250099567874753,0.10298497191033625,0.0790948017846817,2,B
4,fashion,135,pca,mlp,,0.24138809662826402,0.24355095154888556,0.27461473537957937,2,B
4,fashion,135,emotion,mlp,,0.08481615926230474,0.06380264294736575,0.0922370307064232,2,B
4,fashion,142,population,mlp,,0.18979651029338235,0.39847205047846584,0.3868176910718038,2,B
4,fashion,142,identity,mlp,,0.14045638265915927,0.16070776014204707,0.22195973608701222,2,B
4,fashion,142,random,mlp,,0.15067109004839893,0.12819081751229575,0.15237229928265192,2,B
4,fashion,142,shuffled,mlp,,0.10598295967665074,0.14553995070944856,0.1217069316742499,2,B
4,fashion,142,pca,mlp,,-0.0007305384809315069,0.03774197397275349,-0.0008092157430106099,2,B
4,fashion,142,emotion,mlp,,0.38712719502041515,0.45635322292861596,0.40411450588216896,2,B
4,fashion,143,population,mlp,,0.2981063702742144,0.3221151542741944,0.3541403241968509,2,B
4,fashion,143,identity,mlp,,0.039597422265419596,0.04383540097529606,0.10509546058939721,2,B
4,fashion,143,random,mlp,,0.287653635958682,0.2937541156266593,0.2928906984426897,2,B
4,fashion,143,shuffled,mlp,,0.28339821681366223,0.23423733744296335,0.2969953825924863,2,B
4,fashion,143,pca,mlp,,0.37179909166883945,0.3601541385916001,0.37206958207054763,2,B
4,fashion,143,emotion,mlp,,0.26867103973708334,0.2893550494130818,0.2905802011559616,2,B
4,landscape,1,population,mlp,,0.37522486979453207,0.5282304056217945,0.5136191650719695,2,B
4,landscape,1,identity,mlp,,0.05767849299981072,0.13571114250975472,0.09741780984357308,2,B
4,landscape,1,random,mlp,,0.23373787243261984,0.22173412600094639,0.24529477094317043,2,B
4,landscape,1,shuffled,mlp,,0.33062401535929326,0.33830357864657185,0.3589934557291163,2,B
4,landscape,1,pca,mlp,,0.14511530416084129,0.1640225041650836,0.15035159403076967,2,B
4,landscape,1,emotion,mlp,,0.23558681904352602,0.28878735097409375,0.25503901190615463,2,B
4,landscape,2,population,mlp,,0.32114258471136203,0.4682767073669164,0.548959124365726,2,B
4,landscape,2,identity,mlp,,0.2109344765383872,0.27096769746341326,0.30819269306060754,2,B
4,landscape,2,random,mlp,,0.23231978448338714,0.22002336352136515,0.2483379605406466,2,B
4,landscape,2,shuffled,mlp,,0.2328351556085116,0.2656024969399889,0.24471087462618846,2,B
4,landscape,2,pca,mlp,,0.15627589596636632,0.25111144132064644,0.1600458495490578,2,B
4,landscape,2,emotion,mlp,,0.4435021674545162,0.4896372253386807,0.49074714720509455,2,B
4,landscape,12,population,mlp,,0.443878677008655,0.5478370122300869,0.5618167965558292,2,B
4,landscape,12,identity,mlp,,0.247983825185299,0.2953577998717457,0.2771044299970619,2,B
4,landscape,12,random,mlp,,0.10721448668367647,0.1340334200271953,0.11937856259138405,2,B
4,landscape,12,shuffled,mlp,,0.42508152474910654,0.43514199516544466,0.43483294926630345,2,B
4,landscape,12,pca,mlp,,0.6562654929298716,0.6734460509458249,0.6637847154618899,2,B
4,landscape,12,emotion,mlp,,0.6353840259093841,0.6448435108045303,0.6364021544346584,2,B
4,landscape,13,population,mlp,,0.14946076950112183,0.1534035057233837,0.21068284034046642,2,B
4,landscape,13,identity,mlp,,0.37943187650532967,0.3882157399212753,0.40516965743538763,2,B
4,landscape,13,random,mlp,,0.3218767479748883,0.2983685992082474,0.325489053194215,2,B
4,landscape,13,shuffled,mlp,,0.30257712819993554,0.29719795242371283,0.33816925985572505,2,B
4,landscape,13,pca,mlp,,0.24045766722538864,0.3322198020610386,0.3112672933880305,2,B
4,landscape,13,emotion,mlp,,0.25478156135497726,0.26481005805158986,0.3660793501437374,2,B
4,landscape,26,population,mlp,,0.14087776452585893,0.17669256337519568,0.1910805269680702,2,B
4,landscape,26,identity,mlp,,0.11989721925894145,0.22106246653901154,0.15823696311513863,2,B
4,landscape,26,random,mlp,,0.1287432456266129,0.10876037238935347,0.14106502467420273,2,B
4,landscape,26,shuffled,mlp,,0.061304279903831776,0.09011714256775015,0.07873991884753552,2,B
4,landscape,26,pca,mlp,,0.03922377597133183,0.039598416903405494,0.045684958776322004,2,B
4,landscape,26,emotion,mlp,,0.15953361837323898,0.2778775864438977,0.22635196266096258,2,B
4,landscape,29,population,mlp,,0.19457671672154303,0.2021029198539361,0.19985199646039484,2,B
4,landscape,29,identity,mlp,,0.04062156141901247,0.06033605781353676,0.052821162166673645,2,B
4,landscape,29,random,mlp,,0.07128930345153363,0.07446699637475263,0.07867039825814956,2,B
4,landscape,29,shuffled,mlp,,0.03706342043844371,0.06252177852624281,0.04116302154905249,2,B
4,landscape,29,pca,mlp,,0.3130459675803812,0.3590173347405309,0.3543136307058105,2,B
4,landscape,29,emotion,mlp,,0.19718795147196497,0.14939146917774604,0.21924398983566826,2,B
4,landscape,34,population,mlp,,0.37102511150821565,0.4955089985357421,0.46684371253462303,2,B
4,landscape,34,identity,mlp,,0.2826438022032838,0.4688454977721995,0.42369688803828515,2,B
4,landscape,34,random,mlp,,0.0536734567949766,0.06766538499477283,0.06488124270981852,2,B
4,landscape,34,shuffled,mlp,,0.23846706070818696,0.3220734834402866,0.2724554784907478,2,B
4,landscape,34,pca,mlp,,0.4803880565980115,0.5849765830498757,0.5925610070809905,2,B
4,landscape,34,emotion,mlp,,0.42059989525320085,0.5158380764659569,0.5094761054541144,2,B
4,landscape,38,population,mlp,,0.4588605126647248,0.5386935588411548,0.4921932465919051,2,B
4,landscape,38,identity,mlp,,0.15538524753678168,0.1792897460565435,0.15792632610937637,2,B
4,landscape,38,random,mlp,,0.03433662304938445,0.15219020398018085,0.03744488917931108,2,B
4,landscape,38,shuffled,mlp,,0.09563979559849674,0.04374051563276018,0.11076030231991427,2,B
4,landscape,38,pca,mlp,,0.12836188577600005,0.14672907953133213,0.1418848373392584,2,B
4,landscape,38,emotion,mlp,,0.12537428687942812,0.22091793996852252,0.20156407558939674,2,B
4,landscape,43,population,mlp,,0.15361420895301467,0.3675862942476247,0.39102597063161604,2,B
4,landscape,43,identity,mlp,,0.04117834485913496,0.027887902872701147,0.04295899273128094,2,B
4,landscape,43,random,mlp,,0.08091149948797939,0.05310568738525005,0.08135733973476848,2,B
4,landscape,43,shuffled,mlp,,0.34281266492868107,0.334753727745012,0.3508825351006157,2,B
4,landscape,43,pca,mlp,,0.3305057346806774,0.3614549113465344,0.3610317285706002,2,B
4,landscape,43,emotion,mlp,,0.41080391816881096,0.372432064604938,0.427770094399858,2,B
4,landscape,48,population,mlp,,0.28741831041902016,0.2739986062398917,0.29675118367881104,2,B
4,landscape,48,identity,mlp,,0.3550755348851142,0.4125354997427775,0.41626176403738935,2,B
4,landscape,48,random,mlp,,0.2968826721431814,0.27527993155900826,0.33725347666234146,2,B
4,landscape,48,shuffled,mlp,,0.21666046175039766,0.22525699110069664,0.23322991677153804,2,B
4,landscape,48,pca,mlp,,0.4458530387366994,0.3803486077265687,0.47544785297336123,2,B
4,landscape,48,emotion,mlp,,0.49276750275629155,0.4679912595541435,0.49863596329700394,2,B
4,landscape,49,population,mlp,,0.5413073810919636,0.5621588455580856,0.5665876438486797,2,B
4,landscape,49,identity,mlp,,0.32386580404561127,0.32335336962393335,0.38551607231755064,2,B
4,landscape,49,random,mlp,,0.13756864578789005,0.14280527626754555,0.13976471966186435,2,B
4,landscape,49,shuffled,mlp,,0.3239441743258679,0.3086147497581057,0.33918877160128935,2,B
4,landscape,49,pca,mlp,,0.5078475834776719,0.4827893858752167,0.5317630121771884,2,B
4,landscape,49,emotion,mlp,,0.3959455561568944,0.4164655964789927,0.43174191206601,2,B
4,landscape,56,population,mlp,,0.03571822023204318,0.21810159925918385,0.2146698237050053,2,B
4,landscape,56,identity,mlp,,0.014421198614428433,0.033754478767177375,0.04322645800105597,2,B
4,landscape,56,random,mlp,,-0.06408160197415232,0.003270138337050025,-0.0715194097303303,2,B
4,landscape,56,shuffled,mlp,,-0.00723745068804174,0.0733286952528336,-0.007658290778281429,2,B
4,landscape,56,pca,mlp,,-0.18045059499697474,-0.18983430176942942,-0.19575037031972456,2,B
4,landscape,56,emotion,mlp,,-0.18643501154757655,-0.23217982193055173,-0.2014657196686661,2,B
4,landscape,61,population,mlp,,0.28562699851712653,0.447420700922359,0.4193290837735592,2,B
4,landscape,61,identity,mlp,,-0.09294898173158868,-0.1114711451027667,-0.11589945086960103,2,B
4,landscape,61,random,mlp,,-0.011564140761238696,0.00015361205112921457,-0.013447884954780283,2,B
4,landscape,61,shuffled,mlp,,0.29895617903491306,0.3437837704271822,0.3169190697694603,2,B
4,landscape,61,pca,mlp,,0.19501982671360601,0.20000289057023737,0.19551182560861347,2,B
4,landscape,61,emotion,mlp,,0.25921989096433035,0.2603724266640187,0.2861843733126615,2,B
4,landscape,72,population,mlp,,-0.05798754978216327,-0.15030837984029305,-0.10061808893946467,2,B
4,landscape,72,identity,mlp,,0.13111708858965856,0.15956490763104422,0.15492486926279597,2,B
4,landscape,72,random,mlp,,0.19886150869302688,0.22965004661816038,0.20376512683479098,2,B
4,landscape,72,shuffled,mlp,,-0.07215890802309817,-0.17342521114841242,-0.0950868538972712,2,B
4,landscape,72,pca,mlp,,0.15575655293078602,0.17371906917351562,0.21446856598033837,2,B
4,landscape,72,emotion,mlp,,0.34023846475613184,0.4232045324861428,0.4416636140767208,2,B
4,landscape,77,population,mlp,,0.31038775221233494,0.42608349455506767,0.4268473646892828,2,B
4,landscape,77,identity,mlp,,0.21376163245669527,0.31133480171109945,0.2703182878752125,2,B
4,landscape,77,random,mlp,,-0.01635328875649315,-0.01444765872341896,-0.016385488969260613,2,B
4,landscape,77,shuffled,mlp,,0.21322590948868866,0.31299995559786636,0.25703651582786646,2,B
4,landscape,77,pca,mlp,,0.26614909135905024,0.30692704142259875,0.3459458372903225,2,B
4,landscape,77,emotion,mlp,,0.4661609951704337,0.5213890670153162,0.49641106851397887,2,B
4,landscape,78,population,mlp,,0.12588507564372134,0.21731842598505205,0.19841416943741888,2,B
4,landscape,78,identity,mlp,,0.167785693072376,0.20428620537268755,0.19561792594149624,2,B
4,landscape,78,random,mlp,,0.2584387712009092,0.22823598438484421,0.26065473492525437,2,B
4,landscape,78,shuffled,mlp,,0.13260746616422064,0.1368137273343324,0.14696935472431746,2,B
4,landscape,78,pca,mlp,,0.2151416732211298,0.2728406036128239,0.24987759976686372,2,B
4,landscape,78,emotion,mlp,,0.2948214750143254,0.29324955287369664,0.31549872329217166,2,B
4,landscape,89,population,mlp,,0.3552390135474278,0.4249527714619756,0.5233650351368483,2,B
4,landscape,89,identity,mlp,,0.08892126474199898,0.018604946561510256,0.09979404377535447,2,B
4,landscape,89,random,mlp,,0.10958797784369967,0.07086658690272872,0.12966444879125824,2,B
4,landscape,89,shuffled,mlp,,0.18612008866317098,0.29679084514833604,0.25443665276892063,2,B
4,landscape,89,pca,mlp,,0.18999992550028288,0.24220975523578872,0.2933039837538274,2,B
4,landscape,89,emotion,mlp,,0.1361740637679678,0.22439440852834783,0.18147441737884942,2,B
4,landscape,90,population,mlp,,0.3970438305803998,0.5720956116863349,0.5696847229128194,2,B
4,landscape,90,identity,mlp,,0.08692920869140812,0.12687276615700147,0.11588693220249688,2,B
4,landscape,90,random,mlp,,0.0119738850200435,0.08217779649400656,0.01252802128222427,2,B
4,landscape,90,shuffled,mlp,,0.31995371731198186,0.2972215482589162,0.32580830072433126,2,B
4,landscape,90,pca,mlp,,0.21517007374532834,0.2729440533737894,0.23499278018151465,2,B
4,landscape,90,emotion,mlp,,0.3978181161721908,0.49164466629294407,0.42362988630234816,2,B
4,landscape,97,population,mlp,,0.5568730184526349,0.5590281006743928,0.5583703872499545,2,B
4,landscape,97,identity,mlp,,0.2300133082509833,0.34373289234412246,0.36691249613457627,2,B
4,landscape,97,random,mlp,,-0.019081952830032313,-0.10914791920576422,-0.01932696248122535,2,B
4,landscape,97,shuffled,mlp,,0.2540231896976995,0.23388839829806618,0.2583938869463705,2,B
4,landscape,97,pca,mlp,,0.20138936983530983,0.20098863276427176,0.20586835103423112,2,B
4,landscape,97,emotion,mlp,,0.16948040792110378,0.15865831554652324,0.17703343836604063,2,B
4,landscape,103,population,mlp,,0.3022306534665472,0.3135232921840047,0.331406233126173,2,B
4,landscape,103,identity,mlp,,0.5004761985632024,0.573204740110389,0.5608077184686294,2,B
4,landscape,103,random,mlp,,0.15236133747252922,0.13790459464693716,0.15323664197573855,2,B
4,landscape,103,shuffled,mlp,,0.4087156482734934,0.4047814964142017,0.4266571808476745,2,B
4,landscape,103,pca,mlp,,0.4082282736528945,0.4187754135392237,0.44156249223547894,2,B
4,landscape,103,emotion,mlp,,0.4985019166178802,0.49390587640193073,0.5141016019380702,2,B
4,landscape,108,population,mlp,,0.23752833169063703,0.32973768199442816,0.3099948480569223,2,B
4,landscape,108,identity,mlp,,0.11805672814799553,0.0916183236599125,0.12631043317856755,2,B
4,landscape,108,random,mlp,,0.10237559386717182,0.09137309260086562,0.10603163789619116,2,B
4,landscape,108,shuffled,mlp,,-0.03778588908346664,-0.016871896862425004,-0.045596167193441034,2,B
4,landscape,108,pca,mlp,,0.2638831910731617,0.28343805804637817,0.2804940090966429,2,B
4,landscape,108,emotion,mlp,,0.30393598531740196,0.32566684641425003,0.3217775242614562,2,B
4,landscape,114,population,mlp,,0.38819483703909186,0.4290975033972234,0.44136180943950565,2,B
4,landscape,114,identity,mlp,,0.1987172964516281,0.22783805845693364,0.20965466980106479,2,B
4,landscape,114,random,mlp,,0.33950717091383303,0.32223452259765933,0.3562394793986711,2,B
4,landscape,114,shuffled,mlp,,0.45209539874694044,0.47617107030099787,0.48345014037292666,2,B
4,landscape,114,pca,mlp,,0.10038717491561501,0.122321461456524,0.13878474245250563,2,B
4,landscape,114,emotion,mlp,,0.40863568410119144,0.49746388075429415,0.47558619047506373,2,B
4,landscape,115,population,mlp,,0.22394332011354798,0.30041850832878875,0.3142671336119856,2,B
4,landscape,115,identity,mlp,,0.007422548667548738,-0.001390349627164432,0.013320279483348761,2,B
4,landscape,115,random,mlp,,0.0998382255512645,0.11102199245061169,0.10108732440686602,2,B
4,landscape,115,shuffled,mlp,,0.15790077083907872,0.11781925729452668,0.16649967189763198,2,B
4,landscape,115,pca,mlp,,0.12742578046357572,0.02131869428318796,0.13551396786416492,2,B
4,landscape,115,emotion,mlp,,0.15567784590598563,0.014263957286094357,0.1590336674468236,2,B
4,landscape,124,population,mlp,,0.251960775604889,0.3979761210444974,0.3793774087231001,2,B
4,landscape,124,identity,mlp,,0.3580499897236013,0.4297150266480461,0.4175324908390071,2,B
4,landscape,124,random,mlp,,0.17649361804271285,0.24672039902758564,0.21293050236889544,2,B
4,landscape,124,shuffled,mlp,,0.13323967350696655,0.1360309657352095,0.16444753369336773,2,B
4,landscape,124,pca,mlp,,0.39241494224278856,0.535742808179901,0.49870392409374403,2,B
4,landscape,124,emotion,mlp,,0.3415827622864343,0.41047331512589474,0.40908205112196916,2,B
4,landscape,134,population,mlp,,0.36370157343628534,0.4253945037004753,0.4042788879962189,2,B
4,landscape,134,identity,mlp,,0.1960847750379846,0.17339153374569916,0.2106479692607369,2,B
4,landscape,134,random,mlp,,-0.05935591210118344,-0.0862493927871198,-0.06229771641384931,2,B
4,landscape,134,shuffled,mlp,,0.03768948269395044,0.049398732154095064,0.03978620587395862,2,B
4,landscape,134,pca,mlp,,0.12806005022255876,0.060012515970336376,0.1365123597241672,2,B
4,landscape,134,emotion,mlp,,0.29783548832473944,0.34008745620545167,0.3305774211317964,2,B
4,landscape,135,population,mlp,,0.309283304173951,0.29086728453285354,0.3151904016799554,2,B
4,landscape,135,identity,mlp,,0.08827373207661535,0.08612625124970986,0.09204117781575394,2,B
4,landscape,135,random,mlp,,0.021013840605848877,0.048627313932781684,0.023039932386240313,2,B
4,landscape,135,shuffled,mlp,,0.23067028892804742,0.21101722672999948,0.25359682781570886,2,B
4,landscape,135,pca,mlp,,0.4010705813766612,0.3133877433715713,0.4044527405480084,2,B
4,landscape,135,emotion,mlp,,0.35060240395162223,0.3019956611487071,0.3758060057467666,2,B
4,landscape,142,population,mlp,,0.2265032657577453,0.3416018012266281,0.31183828318784856,2,B
4,landscape,142,identity,mlp,,0.23776014844086082,0.26576202942187943,0.25262665926126204,2,B
4,landscape,142,random,mlp,,-0.18974427867728255,-0.11224484890552186,-0.1944224801973792,2,B
4,landscape,142,shuffled,mlp,,0.3508991934175318,0.411779664723753,0.3936177297865486,2,B
4,landscape,142,pca,mlp,,0.44912311305885044,0.41932887580058453,0.45610590259711825,2,B
4,landscape,142,emotion,mlp,,0.28013557372659564,0.2759931970654801,0.3192573504445946,2,B
4,landscape,143,population,mlp,,0.49859851560269075,0.6833920090985212,0.6303175519719236,2,B
4,landscape,143,identity,mlp,,0.22209057916006644,0.21790179608523855,0.3095871494421682,2,B
4,landscape,143,random,mlp,,0.14620204429156694,0.14158618997923872,0.14628279239063668,2,B
4,landscape,143,shuffled,mlp,,0.6441836130027541,0.6639007933936489,0.6696985645476794,2,B
4,landscape,143,pca,mlp,,0.7107247678307275,0.7376675482151653,0.7335203575451773,2,B
4,landscape,143,emotion,mlp,,0.5664398804829425,0.6240687448890766,0.5914208007353158,2,B
