fold,domain,user_id,mediator,head,eff_dof,ccc,srocc,plcc,seed,stage2_variant
0,art,3,population,lasso,,0.06244597436658254,0.09650990358644981,0.08555433108989885,0,plain
0,art,3,identity,lasso,35.0,0.11805542319585827,0.18126225546693617,0.19203999855807813,0,plain
0,art,3,random,lasso,7.0,-0.027274733424633404,-0.061384217864884065,-0.06349118194974439,0,plain
0,art,3,shuffled,lasso,1.0,-0.007363722150054028,-0.014011082449606417,-0.030856404451795442,0,plain
0,art,3,pca,lasso,7.0,0.13056962675899542,0.2460757592460596,0.25344818952002834,0,plain
0,art,3,emotion,lasso,5.0,0.004572435084885641,0.007887357602750467,0.017086766615520714,0,plain
0,art,3,population,elastic,,0.06288175673616421,0.09709778117174798,0.08629512379352715,0,plain
0,art,3,identity,elastic,42.0,0.11044231858170932,0.19542030731286716,0.20537891220147467,0,plain
0,art,3,random,elastic,7.0,-0.027265756829473967,-0.061384217864884065,-0.06347892587119908,0,plain
0,art,3,shuffled,elastic,7.0,0.005074242093705271,0.006858571828478666,0.011900153988837599,0,plain
0,art,3,pca,elastic,7.0,0.12374944571465127,0.2514646371112928,0.2488310493083034,0,plain
0,art,3,emotion,elastic,5.0,0.019290209680464306,0.13237043628963827,0.11233616446828751,0,plain
0,art,14,population,lasso,,0.31370112526113064,0.6348446126598832,0.6277535882340936,0,plain
0,art,14,identity,lasso,37.0,0.4574092611421935,0.5847762792304831,0.5139173623351251,0,plain
0,art,14,random,lasso,7.0,0.23845803694486123,0.33368954759792624,0.31782422352119055,0,plain
0,art,14,shuffled,lasso,3.0,0.4103519605766852,0.49417643778680687,0.503023702073122,0,plain
0,art,14,pca,lasso,7.0,0.46431868312848235,0.5932700143658278,0.53417230281039,0,plain
0,art,14,emotion,lasso,5.0,0.42670944238171626,0.5315786749617456,0.5249331201411305,0,plain
0,art,14,population,elastic,,0.3142619329695804,0.6352916513512172,0.6289804010525841,0,plain
0,art,14,identity,elastic,46.0,0.4647256083127189,0.6141814909271149,0.5416448917859584,0,plain
0,art,14,random,elastic,7.0,0.23844110559818582,0.33368954759792624,0.3178199494594397,0,plain
0,art,14,shuffled,elastic,7.0,0.48142783204803413,0.5391286617487187,0.5255974235857357,0,plain
0,art,14,pca,elastic,7.0,0.4577531548557079,0.5907864660806393,0.5361741909049759,0,plain
0,art,14,emotion,elastic,5.0,0.4380594599398346,0.5599407963785983,0.5557677531310572,0,plain
0,art,15,population,lasso,,0.170330874319862,0.24841961917707003,0.23491191478839452,0,plain
0,art,15,identity,lasso,14.0,0.09808162752461476,0.04710307871100067,0.17712137392133764,0,plain
0,art,15,random,lasso,7.0,0.14669373504806288,0.3021075702219648,0.2904155750494571,0,plain
0,art,15,shuffled,lasso,2.0,0.09127382312457354,0.2950978674149162,0.29952933398603143,0,plain
0,art,15,pca,lasso,7.0,0.11289392955636761,0.26158936384485826,0.22775801907276122,0,plain
0,art,15,emotion,lasso,4.0,0.11994626537521207,0.2469858163301737,0.20654328828196594,0,plain
0,art,15,population,elastic,,0.17086973810711978,0.24841961917707003,0.2356393203950758,0,plain
0,art,15,identity,elastic,15.0,0.09254210450727883,0.050714137732813566,0.18299455731728448,0,plain
0,art,15,random,elastic,7.0,0.14667544812609642,0.3021075702219648,0.2904284310905897,0,plain
0,art,15,shuffled,elastic,7.0,0.1719035032409202,0.2597838343339518,0.25436402038076045,0,plain
0,art,15,pca,elastic,7.0,0.1072092274894746,0.27406875899377053,0.23861141551933507,0,plain
0,art,15,emotion,elastic,4.0,0.115211525016102,0.2629700628826102,0.2161460555478613,0,plain
0,art,19,population,lasso,,0.5100816440178864,0.5784765375270383,0.5871520125362644,0,plain
0,art,19,identity,lasso,32.0,0.2667260885699878,0.35879811454962374,0.3473639321851929,0,plain
0,art,19,random,lasso,7.0,0.2460553457487266,0.35311161586219747,0.3410506165682739,0,plain
0,art,19,shuffled,lasso,4.0,0.17689469448249157,0.3432849470777854,0.32064413582332535,0,plain
0,art,19,pca,lasso,6.0,0.25542610004491406,0.31570044028702465,0.34069790648467446,0,plain
0,art,19,emotion,lasso,7.0,0.5352613163912975,0.6527003098681812,0.6547100940016466,0,plain
0,art,19,population,elastic,,0.5100261412612748,0.5827663523263248,0.5875304377554786,0,plain
0,art,19,identity,elastic,38.0,0.2807533526522029,0.37121862484058116,0.38183763751660743,0,plain
0,art,19,random,elastic,7.0,0.24603384198253928,0.35311161586219747,0.34104829086567356,0,plain
0,art,19,shuffled,elastic,7.0,0.2876044077470986,0.4164612065028234,0.3835101984946999,0,plain
0,art,19,pca,elastic,6.0,0.24941506506675493,0.31804487395640224,0.3419510591901137,0,plain
0,art,19,emotion,elastic,6.0,0.5167870060899297,0.6532490071099503,0.653996934388053,0,plain
0,art,21,population,lasso,,0.2594251237736896,0.4606521793022512,0.4698586977453104,0,plain
0,art,21,identity,lasso,32.0,0.3532389658088626,0.4189575994745881,0.4167708371757462,0,plain
0,art,21,random,lasso,7.0,0.18993987109402385,0.3198763904751957,0.2627007847216109,0,plain
0,art,21,shuffled,lasso,3.0,0.21520086311707615,0.4015052240823094,0.4090052393824231,0,plain
0,art,21,pca,lasso,7.0,0.4256958092007632,0.531366991410447,0.5093762491097351,0,plain
0,art,21,emotion,lasso,7.0,0.4382760591433921,0.5210062152409674,0.5059778540278526,0,plain
0,art,21,population,elastic,,0.2585842100099359,0.459344508523579,0.46956572698926696,0,plain
0,art,21,identity,elastic,34.0,0.37505229072836455,0.45114641864190336,0.4582072539280667,0,plain
0,art,21,random,elastic,7.0,0.18991334897650575,0.3198763904751957,0.26269448415281815,0,plain
0,art,21,shuffled,elastic,7.0,0.3006196291872333,0.4075406276761809,0.4016123965178314,0,plain
0,art,21,pca,elastic,7.0,0.41318010558965595,0.5288522399130005,0.5080879215782788,0,plain
0,art,21,emotion,elastic,5.0,0.41443863032138845,0.5468075656047685,0.5137477148956711,0,plain
0,art,22,population,lasso,,0.29209273306723527,0.40605604620344987,0.4261343742780548,0,plain
0,art,22,identity,lasso,40.0,0.3165300836300831,0.35483650656243915,0.35922564879148255,0,plain
0,art,22,random,lasso,7.0,0.3417688342862335,0.3482636568936783,0.3862944855449517,0,plain
0,art,22,shuffled,lasso,4.0,0.31763330265314155,0.40722455281122966,0.41955119049421974,0,plain
0,art,22,pca,lasso,7.0,0.47518089610846076,0.5042592890322699,0.5120794341250419,0,plain
0,art,22,emotion,lasso,6.0,0.2990330974958319,0.35663795424943284,0.3275504500275303,0,plain
0,art,22,population,elastic,,0.2910147087599381,0.4051796662476151,0.42582430357074136,0,plain
0,art,22,identity,elastic,54.0,0.3416544507447745,0.3890153248399958,0.39687204952180855,0,plain
0,art,22,random,elastic,7.0,0.3417584931431366,0.3482636568936783,0.38629915452199126,0,plain
0,art,22,shuffled,elastic,7.0,0.4108982839518098,0.437557036838178,0.46492201237044406,0,plain
0,art,22,pca,elastic,7.0,0.4668179877871639,0.5019222758167105,0.5094834291964762,0,plain
0,art,22,emotion,elastic,5.0,0.2924440168828252,0.35605370094554306,0.3250904163653764,0,plain
0,art,30,population,lasso,,-0.2006022222447219,-0.24192374150908877,-0.2277854896623564,0,plain
0,art,30,identity,lasso,33.0,0.20609790666154426,0.28005195179189896,0.26997080049267347,0,plain
0,art,30,random,lasso,7.0,0.12530654381911427,0.1607714807126017,0.20856182935834522,0,plain
0,art,30,shuffled,lasso,2.0,0.1321036376960887,0.30245412981798586,0.26824247058199724,0,plain
0,art,30,pca,lasso,7.0,0.29554607486452733,0.39384314746083054,0.3845309624333821,0,plain
0,art,30,emotion,lasso,7.0,0.18502130319817048,0.326488254587695,0.2877996442656988,0,plain
0,art,30,population,elastic,,-0.20242601435500351,-0.25028128695369956,-0.23004144630126916,0,plain
0,art,30,identity,elastic,40.0,0.17540489260305883,0.27105151823616425,0.24616136311924264,0,plain
0,art,30,random,elastic,7.0,0.1252963720729379,0.1607714807126017,0.2085679482633654,0,plain
0,art,30,shuffled,elastic,7.0,0.14880251912668804,0.25156706317594735,0.1921880327351762,0,plain
0,art,30,pca,elastic,7.0,0.28823902710494476,0.3945849414352043,0.3852116613826303,0,plain
0,art,30,emotion,elastic,6.0,0.1844379646589435,0.33667555850242775,0.3225796166319738,0,plain
0,art,50,population,lasso,,0.49205459199587953,0.48744075438804885,0.5156871375572091,0,plain
0,art,50,identity,lasso,25.0,0.3130177732931372,0.4551445826826143,0.4661355946418276,0,plain
0,art,50,random,lasso,7.0,0.17717621449754356,0.37540354635453815,0.3258769930861509,0,plain
0,art,50,shuffled,lasso,2.0,0.17682528572369538,0.3569410768616921,0.32032039327987194,0,plain
0,art,50,pca,lasso,7.0,0.351557812617988,0.4349989250878563,0.43476260772544534,0,plain
0,art,50,emotion,lasso,6.0,0.40398346173750543,0.5081124082646544,0.5066728288667978,0,plain
0,art,50,population,elastic,,0.49037376399863997,0.4870199573625709,0.5139995181998307,0,plain
0,art,50,identity,elastic,27.0,0.3053214505133098,0.4706088733689299,0.47411187763730017,0,plain
0,art,50,random,elastic,7.0,0.17716455084030056,0.37540354635453815,0.32587563225497335,0,plain
0,art,50,shuffled,elastic,7.0,0.2764855387529469,0.3845032820304994,0.34587633734200807,0,plain
0,art,50,pca,elastic,7.0,0.3409805747488731,0.43157994925584775,0.433773834162089,0,plain
0,art,50,emotion,elastic,5.0,0.3869338561924344,0.48544196851702853,0.5132432915096282,0,plain
0,art,57,population,lasso,,0.45601703052739867,0.5326254756634917,0.5293606739522505,0,plain
0,art,57,identity,lasso,20.0,0.3363127253832479,0.40360847063204564,0.44632689346016885,0,plain
0,art,57,random,lasso,7.0,0.10983756459315418,0.12442681933782399,0.1887252915896334,0,plain
0,art,57,shuffled,lasso,2.0,0.10396294309221711,0.39732428783720614,0.37777000177679054,0,plain
0,art,57,pca,lasso,7.0,0.38672947342142944,0.430002038370372,0.44165894152311924,0,plain
0,art,57,emotion,lasso,6.0,0.4039674039456716,0.529893222274431,0.5018149184904251,0,plain
0,art,57,population,elastic,,0.45623496559960547,0.5241008450896223,0.5303177109037847,0,plain
0,art,57,identity,elastic,22.0,0.30764450724554193,0.3907122346356792,0.43528365116879475,0,plain
0,art,57,random,elastic,7.0,0.10981754473500913,0.12442681933782399,0.18871580291947979,0,plain
0,art,57,shuffled,elastic,7.0,0.2495000451255593,0.2940997547984931,0.32246430555124106,0,plain
0,art,57,pca,elastic,7.0,0.37892016326268024,0.42814410606581077,0.44323370490793706,0,plain
0,art,57,emotion,elastic,4.0,0.37405227580063005,0.548800415726731,0.5042083397727747,0,plain
0,art,62,population,lasso,,0.263475203195587,0.49430687187198796,0.5093199706610158,0,plain
0,art,62,identity,lasso,32.0,0.402124340298708,0.5040512725719735,0.49959302189629917,0,plain
0,art,62,random,lasso,7.0,0.10485873346712889,0.16393231682652248,0.17358310223261475,0,plain
0,art,62,shuffled,lasso,3.0,0.3687931920445999,0.591258737422348,0.5981244071502044,0,plain
0,art,62,pca,lasso,7.0,0.49736515325773906,0.5393378145007085,0.535266354083957,0,plain
0,art,62,emotion,lasso,4.0,0.3099603691488258,0.4260468528271406,0.41628908149769317,0,plain
0,art,62,population,elastic,,0.26356607888795935,0.49258437679875827,0.510485050063347,0,plain
0,art,62,identity,elastic,44.0,0.38989402214735563,0.5116302508941843,0.4990736409973505,0,plain
0,art,62,random,elastic,7.0,0.10485065447185826,0.16393231682652248,0.17358669480092023,0,plain
0,art,62,shuffled,elastic,7.0,0.4590241088710616,0.5558737672037141,0.5402435244580318,0,plain
0,art,62,pca,elastic,7.0,0.4926023340584284,0.5427335905022186,0.5365486589772763,0,plain
0,art,62,emotion,elastic,4.0,0.30197324931005,0.43426561503369393,0.41857598283190356,0,plain
0,art,63,population,lasso,,0.12804777934943723,0.16262231340284578,0.17901892288946367,0,plain
0,art,63,identity,lasso,32.0,0.07650636923818155,0.021773070584868544,0.1297628736942388,0,plain
0,art,63,random,lasso,7.0,0.0009328597460134542,-0.047250065820956116,0.0021410647994814106,0,plain
0,art,63,shuffled,lasso,1.0,0.017124163979964874,0.16627618501823746,0.17326062460960803,0,plain
0,art,63,pca,lasso,7.0,0.08775040478313077,0.20211415867057284,0.25695524637848444,0,plain
0,art,63,emotion,lasso,7.0,0.030647387847041963,-0.02022142647422274,0.046485140242088045,0,plain
0,art,63,population,elastic,,0.127310042026236,0.1630727907252913,0.17831228300190127,0,plain
0,art,63,identity,elastic,38.0,0.09027055992312863,0.05645982441317637,0.16963330015790057,0,plain
0,art,63,random,elastic,7.0,0.0009219454826678292,-0.047250065820956116,0.002116276253063896,0,plain
0,art,63,shuffled,elastic,7.0,0.18098014774401405,0.29065797904903823,0.3072564450160407,0,plain
0,art,63,pca,elastic,7.0,0.08752861870877096,0.24440897394462782,0.27339964181633625,0,plain
0,art,63,emotion,elastic,5.0,0.027232819183751308,0.004454720188628277,0.04883765331741796,0,plain
0,art,79,population,lasso,,0.4557779033208845,0.46484688180690287,0.5088420310205154,0,plain
0,art,79,identity,lasso,23.0,0.31779693503370066,0.46042460966724175,0.47462713928099426,0,plain
0,art,79,random,lasso,7.0,0.23079904442150787,0.24612231839355098,0.3125080951480742,0,plain
0,art,79,shuffled,lasso,3.0,0.2924153407579259,0.49636192464126916,0.5083085759613291,0,plain
0,art,79,pca,lasso,6.0,0.4490196906347122,0.498903460353718,0.5217768786604278,0,plain
0,art,79,emotion,lasso,6.0,0.37901210135775104,0.4521392032446584,0.46203199231324354,0,plain
0,art,79,population,elastic,,0.45419896385422015,0.46484688180690287,0.5073736770594756,0,plain
0,art,79,identity,elastic,29.0,0.3106881911319831,0.46571100394913545,0.4784163031686171,0,plain
0,art,79,random,elastic,7.0,0.23078380431348902,0.24612231839355098,0.31250811182100674,0,plain
0,art,79,shuffled,elastic,7.0,0.4055600967811504,0.47267481180124543,0.47431010055717676,0,plain
0,art,79,pca,elastic,6.0,0.43717909623745543,0.5012416732091709,0.5245221074660371,0,plain
0,art,79,emotion,elastic,6.0,0.3464295448511774,0.4549348925283521,0.4722107887919705,0,plain
0,art,80,population,lasso,,0.3463860690637057,0.6837564576332503,0.6692933798909327,0,plain
0,art,80,identity,lasso,35.0,0.7729800350497886,0.7589215230290596,0.811294728530231,0,plain
0,art,80,random,lasso,7.0,0.3567177945881333,0.42416678080223325,0.45132171302492946,0,plain
0,art,80,shuffled,lasso,4.0,0.7723388547749859,0.7547948135563484,0.8243605145607864,0,plain
0,art,80,pca,lasso,7.0,0.8129090449939905,0.7907561389614022,0.8391287707326162,0,plain
0,art,80,emotion,lasso,5.0,0.5863880600895969,0.6470090923286325,0.6271893998253104,0,plain
0,art,80,population,elastic,,0.34567768365700235,0.6860163223444968,0.6703142683451748,0,plain
0,art,80,identity,elastic,46.0,0.7755584609553773,0.7803411102921789,0.823362245317632,0,plain
0,art,80,random,elastic,7.0,0.35669428917664203,0.42416678080223325,0.4513229654470891,0,plain
0,art,80,shuffled,elastic,7.0,0.7838937470337375,0.738680995615286,0.8053159969896294,0,plain
0,art,80,pca,elastic,7.0,0.807764978717131,0.7901666090367293,0.8385974825346636,0,plain
0,art,80,emotion,elastic,4.0,0.5765875873038245,0.6567363360857371,0.630784941994649,0,plain
0,art,85,population,lasso,,0.047278400055445535,0.01661762040951794,0.08824923961932185,0,plain
0,art,85,identity,lasso,29.0,0.2795244941648478,0.35943862127376264,0.3757527817837126,0,plain
0,art,85,random,lasso,7.0,0.35206476414342397,0.3486142997226088,0.3822616245835752,0,plain
0,art,85,shuffled,lasso,2.0,0.10522727567628018,0.40166872084657435,0.3707048270399874,0,plain
0,art,85,pca,lasso,7.0,0.39447704375233145,0.42728120000986797,0.49858130237341974,0,plain
0,art,85,emotion,lasso,7.0,0.10523912527514988,0.15540270095506378,0.1585495663221222,0,plain
0,art,85,population,elastic,,0.04721099019504925,0.021394551047116368,0.08819406471485564,0,plain
0,art,85,identity,elastic,33.0,0.2659695788078593,0.37483659981836187,0.3772168730845284,0,plain
0,art,85,random,elastic,7.0,0.35204273742195036,0.3486142997226088,0.3822629828311198,0,plain
0,art,85,shuffled,elastic,7.0,0.27516295219202386,0.3854576477253626,0.3720345040401119,0,plain
0,art,85,pca,elastic,6.0,0.3807364798184074,0.4239780032923798,0.5006891422672338,0,plain
0,art,85,emotion,elastic,4.0,0.11899115434931694,0.18442001365792235,0.19942615873123606,0,plain
0,art,86,population,lasso,,0.398131696921942,0.6351343826170743,0.643665389278786,0,plain
0,art,86,identity,lasso,27.0,0.28642235428877594,0.502925757051329,0.4398144779097549,0,plain
0,art,86,random,lasso,7.0,0.255800198156443,0.5202969538408558,0.505936728086468,0,plain
0,art,86,shuffled,lasso,2.0,0.20848132683596313,0.5194580039959071,0.5202033192181648,0,plain
0,art,86,pca,lasso,7.0,0.3808432790661251,0.5206917537678905,0.5063454328213525,0,plain
0,art,86,emotion,lasso,7.0,0.3886769033815061,0.6619314276645546,0.65149599647697,0,plain
0,art,86,population,elastic,,0.3974544506103369,0.6351343826170743,0.6435743117478697,0,plain
0,art,86,identity,elastic,31.0,0.2704491075866996,0.5099828057470743,0.4450734627627371,0,plain
0,art,86,random,elastic,7.0,0.2557773541508191,0.5202969538408558,0.5059387083630712,0,plain
0,art,86,shuffled,elastic,7.0,0.3251803366579313,0.4966583082096532,0.4945278238799541,0,plain
0,art,86,pca,elastic,7.0,0.3650425550693132,0.5220242035216326,0.5060827065397167,0,plain
0,art,86,emotion,elastic,4.0,0.3699946873915245,0.6631158274456588,0.6609040908914847,0,plain
0,art,98,population,lasso,,0.202111263935649,0.3866802881424239,0.3879868321891357,0,plain
0,art,98,identity,lasso,40.0,0.35019565286566,0.3596693515073635,0.3745325304709748,0,plain
0,art,98,random,lasso,7.0,0.13207203937704617,0.13259018165750416,0.1401143478987823,0,plain
0,art,98,shuffled,lasso,5.0,0.23147680858292285,0.24181688892628828,0.2927862705463255,0,plain
0,art,98,pca,lasso,7.0,0.3603601075572801,0.35957077144665167,0.3817924607321726,0,plain
0,art,98,emotion,lasso,6.0,0.28273118684904963,0.24960471372252832,0.2942592531722115,0,plain
0,art,98,population,elastic,,0.20361142769793464,0.3857437775656608,0.3912502883468557,0,plain
0,art,98,identity,elastic,52.0,0.3500080686017497,0.3493184451326142,0.38210653475429135,0,plain
0,art,98,random,elastic,7.0,0.1320694927115928,0.13259018165750416,0.14011657926539853,0,plain
0,art,98,shuffled,elastic,7.0,0.28200136813819787,0.24911181341896882,0.3257822476719486,0,plain
0,art,98,pca,elastic,7.0,0.35707810159554937,0.35528253880568406,0.3814967520158305,0,plain
0,art,98,emotion,elastic,6.0,0.29653441805644426,0.2842063150324049,0.3143673675826114,0,plain
0,art,99,population,lasso,,0.4712366498744009,0.7175395719798754,0.731849245974576,0,plain
0,art,99,identity,lasso,44.0,0.6141579909035493,0.6612867235367981,0.6619969102844265,0,plain
0,art,99,random,lasso,7.0,0.24184220115494398,0.28660777704158585,0.2721839416505757,0,plain
0,art,99,shuffled,lasso,2.0,0.3259361750936491,0.5141937830483367,0.5307881016188822,0,plain
0,art,99,pca,lasso,7.0,0.628458801621965,0.6581291802304078,0.6725542382037581,0,plain
0,art,99,emotion,lasso,6.0,0.6722053225249337,0.7179767702838372,0.7205274079913261,0,plain
0,art,99,population,elastic,,0.47130069760266147,0.7193855203743805,0.7332683652033011,0,plain
0,art,99,identity,elastic,61.0,0.6293864854278296,0.6859641389159717,0.6844148011433291,0,plain
0,art,99,random,elastic,7.0,0.24183241616074355,0.28660777704158585,0.272188129336919,0,plain
0,art,99,shuffled,elastic,7.0,0.46008458797841084,0.592209391510843,0.5801768194624103,0,plain
0,art,99,pca,elastic,7.0,0.6177298018012921,0.6488022830792239,0.6691613082407162,0,plain
0,art,99,emotion,elastic,5.0,0.6634382905143357,0.7238546585926561,0.7254676053654844,0,plain
0,art,105,population,lasso,,0.19539536554335737,0.2579347676457762,0.25176478727640533,0,plain
0,art,105,identity,lasso,29.0,0.11622630795146381,0.15080562893564453,0.19465677922682106,0,plain
0,art,105,random,lasso,7.0,0.0882870286780205,0.20387330989224037,0.17941667618870757,0,plain
0,art,105,shuffled,lasso,0.0,0.0,,,0,plain
0,art,105,pca,lasso,7.0,0.08365404447778282,0.12188672414469062,0.1435707014964567,0,plain
0,art,105,emotion,lasso,4.0,0.08902533607551921,0.24104056209779626,0.24041115536729987,0,plain
0,art,105,population,elastic,,0.19574913222377283,0.25753725692700025,0.25261691595551206,0,plain
0,art,105,identity,elastic,33.0,0.10554671508388173,0.16938925503842248,0.1949685439152298,0,plain
0,art,105,random,elastic,7.0,0.08826562557618385,0.20387330989224037,0.17940857122286302,0,plain
0,art,105,shuffled,elastic,7.0,0.06876001148113903,0.13381204570797062,0.1477366963603449,0,plain
0,art,105,pca,elastic,7.0,0.0813175607381948,0.1302344492389866,0.1479639646884688,0,plain
0,art,105,emotion,elastic,3.0,0.07829353062544732,0.27890345806121014,0.26552269050773664,0,plain
0,art,109,population,lasso,,0.36351336096781284,0.4497326599499079,0.47881967156644123,0,plain
0,art,109,identity,lasso,31.0,0.26066048950636533,0.4095381831376356,0.37575448412318485,0,plain
0,art,109,random,lasso,7.0,0.0948860331354535,0.28510742242659626,0.21260038611355528,0,plain
0,art,109,shuffled,lasso,2.0,0.2224395033972446,0.4033115828254071,0.3985916304007986,0,plain
0,art,109,pca,lasso,7.0,0.345818121948944,0.4130311540444956,0.41857418057210805,0,plain
0,art,109,emotion,lasso,5.0,0.35470950880626256,0.50389902038962,0.5062505162546946,0,plain
0,art,109,population,elastic,,0.3641816260404472,0.44831522248045746,0.47997950606704615,0,plain
0,art,109,identity,elastic,32.0,0.25512263014536246,0.41343613617862424,0.3844525235999126,0,plain
0,art,109,random,elastic,7.0,0.09487762787273657,0.28510742242659626,0.21261193179473786,0,plain
0,art,109,shuffled,elastic,7.0,0.27009234241128643,0.3303641759154772,0.31328990179674904,0,plain
0,art,109,pca,elastic,4.0,0.3406668004794482,0.4096900514379339,0.42392035722027294,0,plain
0,art,109,emotion,elastic,3.0,0.323861824132489,0.4841561413508464,0.4805533728752048,0,plain
0,art,110,population,lasso,,0.3220496067491026,0.4865427806559464,0.5087595812214964,0,plain
0,art,110,identity,lasso,28.0,0.33112231126292085,0.49579264340605955,0.43857201367282395,0,plain
0,art,110,random,lasso,7.0,0.22984727261211718,0.3292951139040246,0.3526692030521834,0,plain
0,art,110,shuffled,lasso,2.0,0.3599592782369537,0.49938981225332574,0.5049974226617866,0,plain
0,art,110,pca,lasso,7.0,0.4497036093897636,0.5198422865563535,0.5093917629845927,0,plain
0,art,110,emotion,lasso,4.0,0.3904085023167067,0.43330468171640685,0.45782414656694653,0,plain
0,art,110,population,elastic,,0.3220220059698323,0.4899343969976546,0.5097724428093351,0,plain
0,art,110,identity,elastic,29.0,0.33677037760854245,0.4952787621421644,0.46179596903186365,0,plain
0,art,110,random,elastic,7.0,0.22983243255865102,0.3292951139040246,0.3526821291269156,0,plain
0,art,110,shuffled,elastic,7.0,0.430164358691098,0.4469739233360185,0.46451123660373667,0,plain
0,art,110,pca,elastic,7.0,0.4364997602687328,0.5131618301257163,0.5068943898974543,0,plain
0,art,110,emotion,elastic,3.0,0.36302527157095493,0.4110022348633565,0.4438385868879489,0,plain
0,art,116,population,lasso,,0.36766002758745114,0.5825308081123058,0.5988767191502403,0,plain
0,art,116,identity,lasso,25.0,0.5744617161102065,0.630426558430253,0.6373223991328141,0,plain
0,art,116,random,lasso,7.0,0.2415361747427703,0.3499803726062988,0.31118309740635275,0,plain
0,art,116,shuffled,lasso,5.0,0.41278171674745495,0.6565834619057774,0.6558442366353581,0,plain
0,art,116,pca,lasso,7.0,0.55648413411377,0.6385597990502817,0.6198771166003137,0,plain
0,art,116,emotion,lasso,6.0,0.5966414968648559,0.5897101501410967,0.6225680801270953,0,plain
0,art,116,population,elastic,,0.3693740552263807,0.5825308081123058,0.6010965173518515,0,plain
0,art,116,identity,elastic,37.0,0.5755455744890237,0.6399153391536198,0.654938005365745,0,plain
0,art,116,random,elastic,7.0,0.2415249176628863,0.3499803726062988,0.3112012967104457,0,plain
0,art,116,shuffled,elastic,6.0,0.5544342830774385,0.6665742945192695,0.6568817732270664,0,plain
0,art,116,pca,elastic,7.0,0.5477126918797453,0.6498966731215897,0.6217579979371831,0,plain
0,art,116,emotion,elastic,6.0,0.5839065974524492,0.5992491360534761,0.6185748271468537,0,plain
0,art,117,population,lasso,,0.4300957843084696,0.7340510690551971,0.7427844449451173,0,plain
0,art,117,identity,lasso,43.0,0.5171814185720229,0.5579591437079775,0.5731506546697924,0,plain
0,art,117,random,lasso,7.0,0.229271110405938,0.2905149399817412,0.2999457780048495,0,plain
0,art,117,shuffled,lasso,4.0,0.5112154357464558,0.6332941593363569,0.6046693143178676,0,plain
0,art,117,pca,lasso,7.0,0.592885945635987,0.6396618784726958,0.6160730307197135,0,plain
0,art,117,emotion,lasso,6.0,0.647605291673608,0.6719902987033399,0.7087621520320084,0,plain
0,art,117,population,elastic,,0.4297474154585979,0.7391452443642682,0.7438030343871359,0,plain
0,art,117,identity,elastic,50.0,0.5080379920493523,0.55648967006113,0.5836030448238534,0,plain
0,art,117,random,elastic,7.0,0.22925289168787236,0.2905149399817412,0.29995329718720526,0,plain
0,art,117,shuffled,elastic,7.0,0.5554471214189902,0.6175707913150892,0.5980330639633158,0,plain
0,art,117,pca,elastic,7.0,0.5894402255709814,0.6457846853345602,0.6199963541046432,0,plain
0,art,117,emotion,elastic,4.0,0.6447212819028711,0.6623407550890414,0.7146849188536268,0,plain
0,art,126,population,lasso,,0.38637649658734474,0.47267040866740073,0.4782998609015313,0,plain
0,art,126,identity,lasso,32.0,0.40493014856975384,0.5143737249321182,0.530180262601093,0,plain
0,art,126,random,lasso,7.0,0.09602120389778711,0.1714414961437385,0.15246227793081987,0,plain
0,art,126,shuffled,lasso,4.0,0.2538029171766605,0.42496023929253496,0.45398828475965036,0,plain
0,art,126,pca,lasso,7.0,0.34362780180368174,0.39783092729506225,0.40308151306854345,0,plain
0,art,126,emotion,lasso,4.0,0.33534234925846207,0.4038870169061134,0.40661770149954807,0,plain
0,art,126,population,elastic,,0.38740800717942364,0.48035130280824595,0.47962593975196016,0,plain
0,art,126,identity,elastic,39.0,0.3912034703945899,0.5345606903022885,0.5369083335140508,0,plain
0,art,126,random,elastic,7.0,0.09601767658280339,0.1714414961437385,0.1524737108419426,0,plain
0,art,126,shuffled,elastic,7.0,0.3355957116860672,0.41787018316252394,0.45701078139731366,0,plain
0,art,126,pca,elastic,7.0,0.3399243192469301,0.4051179294286847,0.40677192937130907,0,plain
0,art,126,emotion,elastic,5.0,0.327467538571094,0.40039122534201066,0.4064714193048855,0,plain
0,art,127,population,lasso,,0.252174374800148,0.45159857309690626,0.4895661146221735,0,plain
0,art,127,identity,lasso,40.0,0.45554426879402776,0.5210337552040586,0.5230408885734482,0,plain
0,art,127,random,lasso,7.0,0.2674426835017396,0.3698956909708225,0.38327998834027754,0,plain
0,art,127,shuffled,lasso,3.0,0.26967953295870534,0.43103790786517715,0.44799657210264077,0,plain
0,art,127,pca,lasso,7.0,0.541854307501155,0.6097046909408954,0.59381806799149,0,plain
0,art,127,emotion,lasso,6.0,0.617212766273004,0.6510713754047325,0.6761758556765591,0,plain
0,art,127,population,elastic,,0.2518970807973438,0.4472803426902424,0.4900962029400494,0,plain
0,art,127,identity,elastic,46.0,0.4735391390996328,0.5386501724312442,0.5612787612407207,0,plain
0,art,127,random,elastic,7.0,0.2674264236545766,0.3698956909708225,0.38329351422710756,0,plain
0,art,127,shuffled,elastic,7.0,0.3761555214743274,0.4356505630722954,0.4279061769493655,0,plain
0,art,127,pca,elastic,7.0,0.5364801242906387,0.6102935405418042,0.5955371058832639,0,plain
0,art,127,emotion,elastic,5.0,0.5990795425691319,0.6601985442188175,0.6741423412554001,0,plain
0,art,136,population,lasso,,0.36244528725877473,0.3371409319202754,0.3803233566306861,0,plain
0,art,136,identity,lasso,28.0,0.2758772999583885,0.35234470147707114,0.37531904016701034,0,plain
0,art,136,random,lasso,7.0,0.11802287524541606,0.13662128587750044,0.1988031431371046,0,plain
0,art,136,shuffled,lasso,1.0,0.09002514123003053,0.20168916677791307,0.2507131673237983,0,plain
0,art,136,pca,lasso,7.0,0.33888612215282904,0.4261308278576044,0.4243850453915231,0,plain
0,art,136,emotion,lasso,5.0,0.3813247002997003,0.4107144181671472,0.402370909769526,0,plain
0,art,136,population,elastic,,0.3634506066348504,0.3333134095143688,0.38172365127973723,0,plain
0,art,136,identity,elastic,30.0,0.25528578367492577,0.35978710615522297,0.37477691191292783,0,plain
0,art,136,random,elastic,7.0,0.11799980852810754,0.13662128587750044,0.1987931388687916,0,plain
0,art,136,shuffled,elastic,7.0,0.22301698882774915,0.28770210084398146,0.3052402446199475,0,plain
0,art,136,pca,elastic,7.0,0.33137730161831414,0.43229739173378734,0.4295826182403083,0,plain
0,art,136,emotion,elastic,5.0,0.37704439839672743,0.421027464649729,0.40747294996125766,0,plain
0,art,144,population,lasso,,0.1756245052601044,0.6770972883882282,0.6817389780652593,0,plain
0,art,144,identity,lasso,13.0,0.24979518662453776,0.502491820385146,0.5153563618942737,0,plain
0,art,144,random,lasso,7.0,0.2467570578598986,0.4315583490088937,0.39313145493678603,0,plain
0,art,144,shuffled,lasso,2.0,0.1201266035095466,0.449542266791099,0.4567235826429879,0,plain
0,art,144,pca,lasso,7.0,0.38524153454996146,0.5959747861941942,0.6110358976839726,0,plain
0,art,144,emotion,lasso,4.0,0.5656676467774251,0.65761007097717,0.6784854781374965,0,plain
0,art,144,population,elastic,,0.17480293653531268,0.6746474667708382,0.6799745766548925,0,plain
0,art,144,identity,elastic,13.0,0.22832732652343912,0.5176361722017399,0.5233306286427137,0,plain
0,art,144,random,elastic,7.0,0.24671391212643728,0.4315583490088937,0.3931101071774879,0,plain
0,art,144,shuffled,elastic,7.0,0.4214778759163809,0.5532142634179291,0.5740872861296599,0,plain
0,art,144,pca,elastic,6.0,0.3617624554221391,0.5842267779835276,0.611327133605612,0,plain
0,art,144,emotion,elastic,3.0,0.5266782718422093,0.6548261827755901,0.6734422841898439,0,plain
0,fashion,3,population,lasso,,0.2396605581041413,0.4839319071524737,0.4956097398022119,0,plain
0,fashion,3,identity,lasso,30.0,0.38105460599637003,0.40143506826552083,0.46275245132737375,0,plain
0,fashion,3,random,lasso,7.0,0.15691021393884835,0.35763494479641195,0.35699091422594714,0,plain
0,fashion,3,shuffled,lasso,7.0,0.18168664537221577,0.2910429018750518,0.3272496647312137,0,plain
0,fashion,3,pca,lasso,4.0,0.1546729633836903,0.45197367226833884,0.4831976800970839,0,plain
0,fashion,3,emotion,lasso,7.0,0.316411426538983,0.3652157353968346,0.4198578846772509,0,plain
0,fashion,3,population,elastic,,0.23908843003448754,0.48308959708576005,0.497637059494271,0,plain
0,fashion,3,identity,elastic,34.0,0.3608075983559764,0.40752942933644887,0.46446603308293,0,plain
0,fashion,3,random,elastic,7.0,0.1530179517725401,0.35902227902394035,0.35898564454985427,0,plain
0,fashion,3,shuffled,elastic,7.0,0.18167059428856766,0.2940653085850242,0.327832630928119,0,plain
0,fashion,3,pca,elastic,4.0,0.13547525456291853,0.4514286481075241,0.48369760883001656,0,plain
0,fashion,3,emotion,elastic,7.0,0.3158469693027532,0.37542255149936454,0.42624813802006356,0,plain
0,fashion,14,population,lasso,,0.228066268152598,0.4560145842561296,0.5475740518544311,0,plain
0,fashion,14,identity,lasso,37.0,0.44373144213926347,0.5069393229890186,0.49878718172386083,0,plain
0,fashion,14,random,lasso,7.0,0.191157941096188,0.3835315424338114,0.3824397157425539,0,plain
0,fashion,14,shuffled,lasso,7.0,0.3794119665119029,0.48066667571602373,0.5154470086190367,0,plain
0,fashion,14,pca,lasso,6.0,0.40375057117765234,0.5623819748978243,0.5478671696533262,0,plain
0,fashion,14,emotion,lasso,7.0,0.5990786743895006,0.682499536074918,0.692753429191548,0,plain
0,fashion,14,population,elastic,,0.22758597685500567,0.4675549059554824,0.5495610928753167,0,plain
0,fashion,14,identity,elastic,57.0,0.4475536706233632,0.5361093276248295,0.5235930701339233,0,plain
0,fashion,14,random,elastic,7.0,0.18546343481399735,0.4018978416489516,0.3912465548124202,0,plain
0,fashion,14,shuffled,elastic,7.0,0.3791508392637609,0.48066667571602373,0.5155305416830925,0,plain
0,fashion,14,pca,elastic,6.0,0.3659363772389281,0.5583551392410288,0.5467140650673998,0,plain
0,fashion,14,emotion,elastic,7.0,0.5894834345912185,0.6846602771590522,0.6898438909997581,0,plain
0,fashion,15,population,lasso,,-0.0035331340501664537,-0.0264934171617345,-0.007926371612955485,0,plain
0,fashion,15,identity,lasso,8.0,0.004151945641848164,-0.0441556952695575,0.01890236474998465,0,plain
0,fashion,15,random,lasso,4.0,-0.06494708385909441,-0.08906989327994175,-0.13519786772245046,0,plain
0,fashion,15,shuffled,lasso,7.0,0.0027335505015240063,-0.023080154828014104,0.007366987743221639,0,plain
0,fashion,15,pca,lasso,1.0,-0.011634393621451493,-0.41945201567719537,-0.3581625649610106,0,plain
0,fashion,15,emotion,lasso,5.0,0.012939616357226931,0.00043343013761528836,0.028301082908922564,0,plain
0,fashion,15,population,elastic,,-0.0034313616142466973,-0.028714746617012853,-0.007740239242577566,0,plain
0,fashion,15,identity,elastic,8.0,-0.0012512947998614891,-0.07303297818817608,-0.006554225593104081,0,plain
0,fashion,15,random,elastic,4.0,-0.06340952610226724,-0.09161629533843157,-0.13588963530834128,0,plain
0,fashion,15,shuffled,elastic,7.0,0.0027975917706752674,-0.023080154828014104,0.007546661756429016,0,plain
0,fashion,15,pca,elastic,1.0,-0.006916301385520425,-0.41945201567719537,-0.35816237952110214,0,plain
0,fashion,15,emotion,elastic,4.0,0.009024766867571381,-0.04393898020074986,0.022019275557376327,0,plain
0,fashion,19,population,lasso,,0.3114006469586485,0.3881165033055951,0.4585400395299601,0,plain
0,fashion,19,identity,lasso,33.0,0.08673324731358484,0.18715989548300696,0.14758338779434882,0,plain
0,fashion,19,random,lasso,5.0,0.05860236870229903,0.1661806250340559,0.1424318402068005,0,plain
0,fashion,19,shuffled,lasso,7.0,0.12266030049505339,0.12075998778127756,0.18172241988518545,0,plain
0,fashion,19,pca,lasso,4.0,0.08421938443103955,0.2479791105529957,0.2616597381019247,0,plain
0,fashion,19,emotion,lasso,7.0,0.43270394974763265,0.5442208777545636,0.5577376296058456,0,plain
0,fashion,19,population,elastic,,0.3103917013924388,0.3824324645140074,0.45854121582435303,0,plain
0,fashion,19,identity,elastic,35.0,0.07373143537426836,0.17000443294839673,0.13075755021097474,0,plain
0,fashion,19,random,elastic,5.0,0.056368033522819154,0.1731048177438082,0.1419575853757566,0,plain
0,fashion,19,shuffled,elastic,7.0,0.12276059447995015,0.12954441136827677,0.1821148856315061,0,plain
0,fashion,19,pca,elastic,4.0,0.07230314823373563,0.24425864879850193,0.26122128555616353,0,plain
0,fashion,19,emotion,elastic,6.0,0.42790337939196343,0.5253085305025536,0.5610666962919191,0,plain
0,fashion,21,population,lasso,,0.09668405940407297,0.14585631970193683,0.1786397776636118,0,plain
0,fashion,21,identity,lasso,23.0,0.03390966674148143,0.09427360324344096,0.04834722074515687,0,plain
0,fashion,21,random,lasso,5.0,-0.04886465227931256,-0.22143687192711778,-0.29372087978663786,0,plain
0,fashion,21,shuffled,lasso,7.0,0.02518629070748073,0.01995609500598027,0.04820305901037641,0,plain
0,fashion,21,pca,lasso,1.0,0.06465578525865669,0.2443232289846091,0.23618575884467338,0,plain
0,fashion,21,emotion,lasso,6.0,0.1478783491841956,0.23073287567673897,0.23857841525361959,0,plain
0,fashion,21,population,elastic,,0.09755007849748537,0.1469172766516218,0.18117975724862906,0,plain
0,fashion,21,identity,elastic,25.0,0.04810801191369791,0.10791447831081988,0.07508139287642801,0,plain
0,fashion,21,random,elastic,5.0,-0.046831114738445916,-0.2239124381430495,-0.2933914687375009,0,plain
0,fashion,21,shuffled,elastic,7.0,0.02518599118059069,0.01995609500598027,0.0482480015789813,0,plain
0,fashion,21,pca,elastic,1.0,0.055944294703672494,0.2443232289846091,0.23618575205916068,0,plain
0,fashion,21,emotion,elastic,6.0,0.1481834418549214,0.24775870863120822,0.24329514501351807,0,plain
0,fashion,22,population,lasso,,0.16015398905354156,0.4079398013921249,0.38454690542816017,0,plain
0,fashion,22,identity,lasso,43.0,0.2824854044334489,0.3645626898940375,0.3667320249103525,0,plain
0,fashion,22,random,lasso,7.0,0.03430574336819239,0.05819356306597337,0.06414787114226231,0,plain
0,fashion,22,shuffled,lasso,7.0,0.10283188699382495,0.22390387665417225,0.22063356209370225,0,plain
0,fashion,22,pca,lasso,4.0,0.20486600945065625,0.43713405958016344,0.46061362256715194,0,plain
0,fashion,22,emotion,lasso,7.0,0.25999145819666675,0.381426151218013,0.3530441071159402,0,plain
0,fashion,22,population,elastic,,0.1588930960496109,0.4094994278729549,0.3840856044344814,0,plain
0,fashion,22,identity,elastic,47.0,0.2648180438856609,0.36436773658393373,0.3636353687478832,0,plain
0,fashion,22,random,elastic,7.0,0.03301387337684789,0.05921706794401812,0.06350749585681897,0,plain
0,fashion,22,shuffled,elastic,7.0,0.10269229854111668,0.22136948362282333,0.22097143438763345,0,plain
0,fashion,22,pca,elastic,4.0,0.1817813678594845,0.43630550801222245,0.4605530670556877,0,plain
0,fashion,22,emotion,elastic,6.0,0.2582979258429906,0.37084993414488393,0.35211852178067354,0,plain
0,fashion,30,population,lasso,,0.194648689746304,0.38992434587068125,0.3596195521420531,0,plain
0,fashion,30,identity,lasso,33.0,0.4534727491561342,0.470420373489651,0.5123686155923132,0,plain
0,fashion,30,random,lasso,5.0,0.13690988657217115,0.3212396959171337,0.34650113136869204,0,plain
0,fashion,30,shuffled,lasso,7.0,0.21740809923925122,0.25707116095330645,0.2811801242159174,0,plain
0,fashion,30,pca,lasso,3.0,0.21412249655402002,0.39424195031140286,0.3650757857003651,0,plain
0,fashion,30,emotion,lasso,7.0,0.5003559007127268,0.5888815436046206,0.5763703177271737,0,plain
0,fashion,30,population,elastic,,0.19358588120834908,0.3920583342724172,0.3594399155451866,0,plain
0,fashion,30,identity,elastic,39.0,0.4245489310102797,0.4653087268529346,0.5036630787830719,0,plain
0,fashion,30,random,elastic,5.0,0.133349231250633,0.3183612929566527,0.34826399589563417,0,plain
0,fashion,30,shuffled,elastic,7.0,0.21725810135272983,0.25707116095330645,0.28161206537738226,0,plain
0,fashion,30,pca,elastic,3.0,0.19004801251915573,0.39597891761514137,0.36435407565667605,0,plain
0,fashion,30,emotion,elastic,7.0,0.495848667289084,0.5819336743896665,0.571998705892642,0,plain
0,fashion,50,population,lasso,,0.03787796534901183,0.019838618926909843,0.0640800836267629,0,plain
0,fashion,50,identity,lasso,19.0,0.09855530510604048,0.2794958242919872,0.27567635645463834,0,plain
0,fashion,50,random,lasso,4.0,-0.02411136947289451,-0.15945356445811182,-0.06823350084413404,0,plain
0,fashion,50,shuffled,lasso,7.0,0.04383147034544235,0.1096176772342123,0.14784641486985653,0,plain
0,fashion,50,pca,lasso,0.0,0.0,,,0,plain
0,fashion,50,emotion,lasso,7.0,0.08819934943253595,0.07366350459455799,0.16367703678778528,0,plain
0,fashion,50,population,elastic,,0.03785549533878561,0.013828527938328578,0.06448860789771745,0,plain
0,fashion,50,identity,elastic,21.0,0.08502273225950924,0.28853755409781745,0.28157659295133186,0,plain
0,fashion,50,random,elastic,4.0,-0.024164302963397746,-0.17067594674652461,-0.07179423164020925,0,plain
0,fashion,50,shuffled,elastic,7.0,0.043685713848017164,0.1096176772342123,0.1475783128556615,0,plain
0,fashion,50,pca,elastic,0.0,0.0,,,0,plain
0,fashion,50,emotion,elastic,7.0,0.09775005767173876,0.08717291265738669,0.18807220387429222,0,plain
0,fashion,57,population,lasso,,0.07920419255406654,0.20213833560044592,0.14455378707669053,0,plain
0,fashion,57,identity,lasso,27.0,0.08195949301765255,0.16445677661466312,0.13511811621373804,0,plain
0,fashion,57,random,lasso,6.0,-0.0390753134942996,-0.11639988426430173,-0.07602986251236384,0,plain
0,fashion,57,shuffled,lasso,7.0,0.20914508555913508,0.2955679544556061,0.3127164216140533,0,plain
0,fashion,57,pca,lasso,1.0,0.0932559012175672,0.2944323458286373,0.17536338778831528,0,plain
0,fashion,57,emotion,lasso,7.0,0.17413655904529762,0.29458720155049667,0.25460871612602864,0,plain
0,fashion,57,population,elastic,,0.08131285037661427,0.21013921456318066,0.14908321879889685,0,plain
0,fashion,57,identity,elastic,32.0,0.08661346363733703,0.18211032890663262,0.15227207704378004,0,plain
0,fashion,57,random,elastic,6.0,-0.03645244287178207,-0.10457923082903563,-0.0734717615160873,0,plain
0,fashion,57,shuffled,elastic,7.0,0.2087915666462746,0.29892316176255934,0.31254531895434634,0,plain
0,fashion,57,pca,elastic,1.0,0.08288334045921844,0.2944323458286373,0.1753633718753459,0,plain
0,fashion,57,emotion,elastic,7.0,0.1767544957245861,0.2890640141375121,0.25843407756361875,0,plain
0,fashion,62,population,lasso,,0.14397859756846207,0.29439797253124367,0.2800335864237131,0,plain
0,fashion,62,identity,lasso,34.0,0.19430481257802387,0.2744052374660861,0.2722949926292738,0,plain
0,fashion,62,random,lasso,5.0,-0.0347639149194534,-0.14267092869517153,-0.06939284116977705,0,plain
0,fashion,62,shuffled,lasso,7.0,0.07199855780996252,0.10164623223721204,0.16134435854959656,0,plain
0,fashion,62,pca,lasso,5.0,0.08164220223806075,0.10931671227458686,0.18473869565846399,0,plain
0,fashion,62,emotion,lasso,7.0,0.22532267069234715,0.2788095776165787,0.27007233724916974,0,plain
0,fashion,62,population,elastic,,0.1434596066546501,0.29162670232419213,0.28029353636357524,0,plain
0,fashion,62,identity,elastic,37.0,0.17597884399847644,0.2584209468075566,0.26829743899604847,0,plain
0,fashion,62,random,elastic,5.0,-0.03226610505113852,-0.1389099191284587,-0.06664732789527635,0,plain
0,fashion,62,shuffled,elastic,7.0,0.07200323797293283,0.10164623223721204,0.16170548378075045,0,plain
0,fashion,62,pca,elastic,5.0,0.070454242491627,0.10733723355526432,0.18124207425649413,0,plain
0,fashion,62,emotion,elastic,7.0,0.20427929755332602,0.271980376034916,0.254355555509889,0,plain
0,fashion,63,population,lasso,,0.14940974929720172,0.18998589373809346,0.2378652494280946,0,plain
0,fashion,63,identity,lasso,24.0,0.05950872046348717,0.13379921380766363,0.12280745581671411,0,plain
0,fashion,63,random,lasso,4.0,0.007781084425286472,0.06932187710527701,0.02042809203014184,0,plain
0,fashion,63,shuffled,lasso,7.0,0.14070917977801795,0.23148912131337102,0.24855379163023175,0,plain
0,fashion,63,pca,lasso,3.0,0.016716897530831522,0.21545718863988833,0.24293151431205803,0,plain
0,fashion,63,emotion,lasso,6.0,0.09511244886061906,0.0906478436210935,0.15918649171215005,0,plain
0,fashion,63,population,elastic,,0.1484099207912148,0.18349321072391045,0.23755517255904063,0,plain
0,fashion,63,identity,elastic,23.0,0.06101141022746175,0.1589708464164962,0.13813962096100504,0,plain
0,fashion,63,random,elastic,4.0,0.0070151955255672305,0.06662491646861637,0.01906336870411036,0,plain
0,fashion,63,shuffled,elastic,7.0,0.1404639698915768,0.23148912131337102,0.2484120029194344,0,plain
0,fashion,63,pca,elastic,2.0,0.010242223075701967,0.17490289165899142,0.18881487964362811,0,plain
0,fashion,63,emotion,elastic,6.0,0.09064048214392464,0.0990883315395314,0.16094336614798202,0,plain
0,fashion,79,population,lasso,,0.4381951747783783,0.4553763346583937,0.5367848430143122,0,plain
0,fashion,79,identity,lasso,21.0,0.3481907898935681,0.585037432984459,0.6004354818480974,0,plain
0,fashion,79,random,lasso,5.0,0.02831680227345119,0.09354451424077252,0.06841347142062504,0,plain
0,fashion,79,shuffled,lasso,7.0,0.18703309821438277,0.2655721587207912,0.24975050178141625,0,plain
0,fashion,79,pca,lasso,1.0,0.24846529171117476,0.3847825008008995,0.5506719896086385,0,plain
0,fashion,79,emotion,lasso,7.0,0.45080457263990714,0.49236381509751626,0.5487616025792246,0,plain
0,fashion,79,population,elastic,,0.4360641149222336,0.4533783959643137,0.5372367025480225,0,plain
0,fashion,79,identity,elastic,23.0,0.33954789243542277,0.6070659878166234,0.6140794666321749,0,plain
0,fashion,79,random,elastic,5.0,0.027634042560265134,0.09554245293485256,0.0696585274225622,0,plain
0,fashion,79,shuffled,elastic,7.0,0.18730697101671231,0.2689020565442579,0.25061977502366967,0,plain
0,fashion,79,pca,elastic,1.0,0.21786465290831303,0.3847825008008995,0.5506719489938919,0,plain
0,fashion,79,emotion,elastic,7.0,0.44482067422960314,0.4952838793427102,0.5571537108868883,0,plain
0,fashion,80,population,lasso,,0.1371169223818804,0.2796556776962023,0.2862229815809446,0,plain
0,fashion,80,identity,lasso,38.0,0.31713398192513736,0.41867639415808916,0.42686101335829074,0,plain
0,fashion,80,random,lasso,6.0,0.03836902205152569,0.15286408829816903,0.1227746425595425,0,plain
0,fashion,80,shuffled,lasso,7.0,0.14110888805716842,0.2205156192154067,0.25359622202080917,0,plain
0,fashion,80,pca,lasso,3.0,0.21350648999089078,0.41642623477834007,0.4299419754374289,0,plain
0,fashion,80,emotion,lasso,5.0,0.29987276159561443,0.3018148559359049,0.3515023377360627,0,plain
0,fashion,80,population,elastic,,0.13567285558179343,0.2717312033588252,0.2852483359674134,0,plain
0,fashion,80,identity,elastic,41.0,0.29898153580135456,0.42772594818534077,0.4260327492082951,0,plain
0,fashion,80,random,elastic,6.0,0.03718912910921758,0.15560341276047218,0.12346815008092804,0,plain
0,fashion,80,shuffled,elastic,7.0,0.14113961106470835,0.2205156192154067,0.25390887803780077,0,plain
0,fashion,80,pca,elastic,3.0,0.1876843183623648,0.4124639976096515,0.4302245478179628,0,plain
0,fashion,80,emotion,elastic,6.0,0.2998871510322005,0.314582064590568,0.35506656433489275,0,plain
0,fashion,85,population,lasso,,0.24003265423921621,0.3949097365807394,0.41386976703149986,0,plain
0,fashion,85,identity,lasso,30.0,0.12902744664906968,0.2294134500604744,0.229604337093286,0,plain
0,fashion,85,random,lasso,7.0,0.16139589964043552,0.3178158039414716,0.3247128727784305,0,plain
0,fashion,85,shuffled,lasso,7.0,0.19144326980534018,0.3802087889664913,0.38595899430426395,0,plain
0,fashion,85,pca,lasso,2.0,0.10001547407619467,0.3720962259017724,0.43521268737488406,0,plain
0,fashion,85,emotion,lasso,7.0,0.3846704927097749,0.5251532490561351,0.4812896967561256,0,plain
0,fashion,85,population,elastic,,0.24018706773107318,0.39899060163753736,0.4168649719117488,0,plain
0,fashion,85,identity,elastic,32.0,0.12395640707271738,0.24219688276851625,0.23790124026412235,0,plain
0,fashion,85,random,elastic,7.0,0.15495698394640509,0.3202741563853258,0.3244279328869282,0,plain
0,fashion,85,shuffled,elastic,7.0,0.19140831095780517,0.3802087889664913,0.38633800090221204,0,plain
0,fashion,85,pca,elastic,2.0,0.08621597740906256,0.37445624424787244,0.4361135355851802,0,plain
0,fashion,85,emotion,elastic,7.0,0.3728405317259718,0.5237274046386997,0.478510549001609,0,plain
0,fashion,86,population,lasso,,0.06894700156271862,0.1258841896009291,0.15462295231988998,0,plain
0,fashion,86,identity,lasso,27.0,0.12283022308364383,0.17881959206427686,0.19895650410890922,0,plain
0,fashion,86,random,lasso,6.0,0.08415854507421501,0.16696166164479342,0.1591265928533744,0,plain
0,fashion,86,shuffled,lasso,7.0,-0.05802549901028444,-0.06419293134260413,-0.08056288441399455,0,plain
0,fashion,86,pca,lasso,2.0,0.05512078477953923,0.1519015896774327,0.11856972687158882,0,plain
0,fashion,86,emotion,lasso,7.0,0.054795077510035615,0.12763536075992452,0.11821156230042275,0,plain
0,fashion,86,population,elastic,,0.06702591099448975,0.12448325267373271,0.15081577594716125,0,plain
0,fashion,86,identity,elastic,34.0,0.10522393066548308,0.17401637974246076,0.18097520802416345,0,plain
0,fashion,86,random,elastic,6.0,0.08109480701353546,0.16005704393218284,0.15748567238411873,0,plain
0,fashion,86,shuffled,elastic,7.0,-0.058070239709522,-0.06419293134260413,-0.08069123956020265,0,plain
0,fashion,86,pca,elastic,2.0,0.04601984815141577,0.15485356391688215,0.11304393057278289,0,plain
0,fashion,86,emotion,elastic,6.0,0.053166671908686396,0.14429650350122397,0.11904882948512277,0,plain
0,fashion,98,population,lasso,,0.1501533178962835,0.29205914624811036,0.3262209613528578,0,plain
0,fashion,98,identity,lasso,49.0,0.2831180069205464,0.34173374389568806,0.33558773487253923,0,plain
0,fashion,98,random,lasso,6.0,0.016248938669690422,-0.01580555379695656,0.03271827310068245,0,plain
0,fashion,98,shuffled,lasso,7.0,0.0498289997002335,0.09100464825949522,0.08452790052734649,0,plain
0,fashion,98,pca,lasso,2.0,0.05939586967748525,0.24979646979103085,0.23073096424718834,0,plain
0,fashion,98,emotion,lasso,7.0,0.27950162157001057,0.41884717561934887,0.3986301515311286,0,plain
0,fashion,98,population,elastic,,0.1506772828996987,0.29701678889870853,0.3292721665064031,0,plain
0,fashion,98,identity,elastic,63.0,0.2808708623863822,0.3523362271880565,0.34723029407933065,0,plain
0,fashion,98,random,elastic,6.0,0.016318711083813865,-0.013596703111046481,0.03398510996885664,0,plain
0,fashion,98,shuffled,elastic,7.0,0.04982274622772283,0.09100464825949522,0.08456554874637043,0,plain
0,fashion,98,pca,elastic,2.0,0.05235912542072375,0.2463604798351707,0.23083095699185355,0,plain
0,fashion,98,emotion,elastic,7.0,0.27851462949627576,0.4142331319643367,0.4036714783341297,0,plain
0,fashion,99,population,lasso,,0.23612794513757815,0.4179914088845003,0.43925436245729843,0,plain
0,fashion,99,identity,lasso,36.0,0.4870558755635706,0.5352759181284635,0.5723326520719291,0,plain
0,fashion,99,random,lasso,7.0,0.1230855031155936,0.24265253729546768,0.21825152165451792,0,plain
0,fashion,99,shuffled,lasso,7.0,0.2680004109109067,0.3281418725631016,0.390463746832352,0,plain
0,fashion,99,pca,lasso,5.0,0.4107273687091503,0.5065181875828467,0.552627459620374,0,plain
0,fashion,99,emotion,lasso,7.0,0.38488265729779647,0.41603176796146,0.4355535532890208,0,plain
0,fashion,99,population,elastic,,0.2358613933474139,0.41691360637682817,0.4411497011163663,0,plain
0,fashion,99,identity,elastic,44.0,0.4664288753141486,0.5270454262516941,0.569164072283547,0,plain
0,fashion,99,random,elastic,7.0,0.11934778324428712,0.24436722310312795,0.21862918898753392,0,plain
0,fashion,99,shuffled,elastic,7.0,0.2678064255687257,0.3281418725631016,0.39044998051057056,0,plain
0,fashion,99,pca,elastic,5.0,0.3716170278671194,0.501178166067562,0.5510014966903233,0,plain
0,fashion,99,emotion,elastic,6.0,0.3866600618972324,0.4120634950923034,0.4385531374371625,0,plain
0,fashion,105,population,lasso,,0.050754248107858245,0.06910712486382817,0.10191217832226677,0,plain
0,fashion,105,identity,lasso,36.0,0.06592787488273383,0.1056344246776109,0.079325295901751,0,plain
0,fashion,105,random,lasso,6.0,0.08510537885304482,0.1690571858816573,0.21471810327423455,0,plain
0,fashion,105,shuffled,lasso,7.0,0.21457529875294779,0.3026397318865285,0.3054678296806469,0,plain
0,fashion,105,pca,lasso,4.0,0.03544119849764568,0.0583173605096128,0.09123840586697075,0,plain
0,fashion,105,emotion,lasso,7.0,0.09372655317623631,0.10084482196427628,0.11822859624828705,0,plain
0,fashion,105,population,elastic,,0.05082682406875703,0.06726496997408409,0.10240401924785184,0,plain
0,fashion,105,identity,elastic,41.0,0.060793506355566206,0.08705497678962056,0.07686437251051295,0,plain
0,fashion,105,random,elastic,6.0,0.08192268806342164,0.16721503099191323,0.21316439527378145,0,plain
0,fashion,105,shuffled,elastic,7.0,0.21446544424490654,0.3026397318865285,0.3054769012021556,0,plain
0,fashion,105,pca,elastic,4.0,0.031768864788599215,0.05300142782777986,0.09304364647334493,0,plain
0,fashion,105,emotion,elastic,7.0,0.09260148518016804,0.10958189944134823,0.11717679458235297,0,plain
0,fashion,109,population,lasso,,0.35344070422277435,0.47583050850171443,0.5518199729279372,0,plain
0,fashion,109,identity,lasso,28.0,0.17350820002582037,0.3307503438754728,0.24517052800339356,0,plain
0,fashion,109,random,lasso,7.0,0.07157447567827452,0.07514980235442412,0.15404017667902697,0,plain
0,fashion,109,shuffled,lasso,7.0,0.1697292637768413,0.262340206870434,0.24237482645996836,0,plain
0,fashion,109,pca,lasso,2.0,0.20193096912217057,0.2833699897275385,0.38163510061954103,0,plain
0,fashion,109,emotion,lasso,7.0,0.22922325620006467,0.2953797693350898,0.3182317615161187,0,plain
0,fashion,109,population,elastic,,0.3519944327779365,0.47583050850171443,0.5540061290433528,0,plain
0,fashion,109,identity,elastic,34.0,0.1554128679033939,0.3451924839098699,0.23794080715748658,0,plain
0,fashion,109,random,elastic,7.0,0.06893136443514992,0.08270025451275802,0.15434050313818667,0,plain
0,fashion,109,shuffled,elastic,7.0,0.16949355128847818,0.262340206870434,0.2423889233590147,0,plain
0,fashion,109,pca,elastic,2.0,0.17937222575426467,0.28635976608553654,0.38210921377363,0,plain
0,fashion,109,emotion,elastic,7.0,0.23204095440412423,0.3225411274348682,0.33135490598871215,0,plain
0,fashion,110,population,lasso,,0.2792929848439288,0.35576561654859573,0.39240457996816147,0,plain
0,fashion,110,identity,lasso,29.0,0.15719660347593162,0.22725028427851313,0.24096487151198706,0,plain
0,fashion,110,random,lasso,6.0,-0.0027510905775252536,-0.007095325498581543,-0.024235713447223146,0,plain
0,fashion,110,shuffled,lasso,7.0,0.13484417026745837,0.12521750492567146,0.21171016411281576,0,plain
0,fashion,110,pca,lasso,3.0,0.17405873354752555,0.3252856971532806,0.40406309105977767,0,plain
0,fashion,110,emotion,lasso,7.0,0.20790833482932147,0.2529833309811152,0.2751759016493993,0,plain
0,fashion,110,population,elastic,,0.2794708607632496,0.346072002839266,0.3931711886185087,0,plain
0,fashion,110,identity,elastic,30.0,0.1505286608245092,0.23789327252638542,0.23940975131470033,0,plain
0,fashion,110,random,elastic,6.0,-0.0023451968006123294,0.005196576421496341,-0.021639637337078237,0,plain
0,fashion,110,shuffled,elastic,7.0,0.13517721208048594,0.12521750492567146,0.2124368670295892,0,plain
0,fashion,110,pca,elastic,3.0,0.1537963724712942,0.3252856971532806,0.40423059238401127,0,plain
0,fashion,110,emotion,elastic,6.0,0.2186635887085448,0.2600286893987208,0.29103633861209144,0,plain
0,fashion,116,population,lasso,,0.18504161756017745,0.25824586907985814,0.33243124401410473,0,plain
0,fashion,116,identity,lasso,15.0,0.08084188114354769,0.1669701784903248,0.17757837040666527,0,plain
0,fashion,116,random,lasso,5.0,0.0167314296083654,0.17144349152031846,0.11174953178139203,0,plain
0,fashion,116,shuffled,lasso,7.0,0.11580031377229669,0.19396084250275844,0.287441370713548,0,plain
0,fashion,116,pca,lasso,3.0,0.05107287014772886,0.21316090517082104,0.2746330186661181,0,plain
0,fashion,116,emotion,lasso,7.0,0.21438799162188954,0.32449111147909004,0.4369418940896283,0,plain
0,fashion,116,population,elastic,,0.18496338114911404,0.2549285807654809,0.3334001500087528,0,plain
0,fashion,116,identity,elastic,17.0,0.07404007378745664,0.17883199731143157,0.18175366743508387,0,plain
0,fashion,116,random,elastic,5.0,0.015795889168769818,0.1707398243021172,0.10963848600923118,0,plain
0,fashion,116,shuffled,elastic,7.0,0.11552987986149395,0.19396084250275844,0.2872051280374618,0,plain
0,fashion,116,pca,elastic,3.0,0.04401002191265518,0.21672950320598455,0.277111861245809,0,plain
0,fashion,116,emotion,elastic,7.0,0.2029553195736205,0.3363529303001967,0.43861178760490244,0,plain
0,fashion,117,population,lasso,,0.33941408932361694,0.4563161878946497,0.5323407193592141,0,plain
0,fashion,117,identity,lasso,35.0,0.3919361469851344,0.4452588510363148,0.4771147074396587,0,plain
0,fashion,117,random,lasso,6.0,0.12776734516769656,0.33654512547004894,0.29913134096159233,0,plain
0,fashion,117,shuffled,lasso,7.0,0.3316000016488484,0.3818802065892222,0.382189152125166,0,plain
0,fashion,117,pca,lasso,3.0,0.3211089182624339,0.4745607937109024,0.45956019380543917,0,plain
0,fashion,117,emotion,lasso,7.0,0.43091232934781226,0.4781292978788195,0.501700419610938,0,plain
0,fashion,117,population,elastic,,0.3396893959860102,0.4625485050329839,0.5352710706852458,0,plain
0,fashion,117,identity,elastic,41.0,0.39992555000598184,0.49185044770757147,0.5059603728015042,0,plain
0,fashion,117,random,elastic,6.0,0.1209010143624889,0.3212658963567133,0.2976345394196899,0,plain
0,fashion,117,shuffled,elastic,7.0,0.3312324733493943,0.3818802065892222,0.38221481106122995,0,plain
0,fashion,117,pca,elastic,3.0,0.2916330648738457,0.47596809112923594,0.4599270846267187,0,plain
0,fashion,117,emotion,elastic,7.0,0.4458946479015352,0.497228334270489,0.5268877403389457,0,plain
0,fashion,126,population,lasso,,0.25265189808126404,0.29904893017068673,0.42293721357039643,0,plain
0,fashion,126,identity,lasso,30.0,0.14065671360149337,0.11378156506494258,0.2052334704911563,0,plain
0,fashion,126,random,lasso,6.0,0.06587629970487445,-0.007247865837470165,0.1128222166672725,0,plain
0,fashion,126,shuffled,lasso,7.0,0.27102765229541187,0.21227311178782482,0.32310162933357867,0,plain
0,fashion,126,pca,lasso,4.0,0.04119011003208769,-0.019062880010880433,0.09205685642794628,0,plain
0,fashion,126,emotion,lasso,7.0,0.2856943391660546,0.2384349288860904,0.40678698774993166,0,plain
0,fashion,126,population,elastic,,0.2498165063193487,0.2903117768323666,0.42071274098201744,0,plain
0,fashion,126,identity,elastic,37.0,0.13387872794502098,0.12936944090717292,0.20638439649137053,0,plain
0,fashion,126,random,elastic,6.0,0.06350288905192329,-0.0057089354199251294,0.11298476617137593,0,plain
0,fashion,126,shuffled,elastic,7.0,0.2706215229241797,0.21227311178782482,0.3229257501284708,0,plain
0,fashion,126,pca,elastic,4.0,0.03609215495003169,-0.015041803758585342,0.09174649379734734,0,plain
0,fashion,126,emotion,elastic,7.0,0.28751668561466787,0.2413638609710955,0.41868812967216795,0,plain
0,fashion,127,population,lasso,,0.21000503569906825,0.4848026866646597,0.46578442555141464,0,plain
0,fashion,127,identity,lasso,49.0,0.39108648976741567,0.4833289729550701,0.4736504665117019,0,plain
0,fashion,127,random,lasso,6.0,0.16701570182809664,0.29336727578897026,0.2665942844661922,0,plain
0,fashion,127,shuffled,lasso,7.0,0.23350772864345287,0.36395816247831225,0.2722150932524777,0,plain
0,fashion,127,pca,lasso,5.0,0.2173953830161302,0.31286942054587263,0.3525534757712781,0,plain
0,fashion,127,emotion,lasso,7.0,0.2520586639519643,0.29420238022440437,0.27820031475413126,0,plain
0,fashion,127,population,elastic,,0.21013319664104982,0.4832798491647505,0.46820083680181257,0,plain
0,fashion,127,identity,elastic,57.0,0.385167619422512,0.4879466092451175,0.480724023964854,0,plain
0,fashion,127,random,elastic,6.0,0.16396597918851166,0.2903707245794714,0.26713642163013596,0,plain
0,fashion,127,shuffled,elastic,7.0,0.23338481542973016,0.36302481046223883,0.2721968214649495,0,plain
0,fashion,127,pca,elastic,5.0,0.19343693561604233,0.3022586818368275,0.35456884051528786,0,plain
0,fashion,127,emotion,elastic,7.0,0.25806724930307373,0.2983287786112553,0.28796087670201503,0,plain
0,fashion,136,population,lasso,,0.23656803616125155,0.48993497500706024,0.4390064571819795,0,plain
0,fashion,136,identity,lasso,27.0,0.1671142563626773,0.27177728662652584,0.23860142098701287,0,plain
0,fashion,136,random,lasso,5.0,0.028401863487414098,0.08908800586891173,0.08968375874766817,0,plain
0,fashion,136,shuffled,lasso,7.0,0.17449270048349638,0.269618766660539,0.29031460622517297,0,plain
0,fashion,136,pca,lasso,5.0,0.1494006603301795,0.36493704606764005,0.3682940821767913,0,plain
0,fashion,136,emotion,lasso,7.0,0.3631046232878833,0.4957727903696156,0.4742147094379824,0,plain
0,fashion,136,population,elastic,,0.23719402816679533,0.4917991513413216,0.4422509070239013,0,plain
0,fashion,136,identity,elastic,33.0,0.16962531787884966,0.2867888118445253,0.2591644567028567,0,plain
0,fashion,136,random,elastic,5.0,0.027685862884903725,0.08908800586891173,0.09002804487416273,0,plain
0,fashion,136,shuffled,elastic,7.0,0.17429138166265973,0.2685395066775456,0.29034984478206816,0,plain
0,fashion,136,pca,elastic,5.0,0.12943798847941027,0.36199360975038525,0.365834234365422,0,plain
0,fashion,136,emotion,elastic,7.0,0.36118720302184876,0.5074974783666805,0.48171108482783653,0,plain
0,fashion,144,population,lasso,,0.14790552710757238,0.5312154686982553,0.4816150838318414,0,plain
0,fashion,144,identity,lasso,19.0,0.16123803064084444,0.3102346993513997,0.28300918325110874,0,plain
0,fashion,144,random,lasso,6.0,0.029154712341665414,0.013938007240914053,0.07984441632224819,0,plain
0,fashion,144,shuffled,lasso,7.0,0.12091770932059752,0.18899937818679455,0.20337209729005032,0,plain
0,fashion,144,pca,lasso,5.0,0.14586080551764377,0.4090678416051539,0.31639604491575934,0,plain
0,fashion,144,emotion,lasso,7.0,0.3356490590589563,0.5149460129734065,0.42492016889129625,0,plain
0,fashion,144,population,elastic,,0.14645793838520213,0.5270594083573282,0.4803885276723251,0,plain
0,fashion,144,identity,elastic,22.0,0.1682774852996146,0.32315903333842916,0.3052119058920832,0,plain
0,fashion,144,random,elastic,6.0,0.028637984661166467,0.017232445316039194,0.08145971992372146,0,plain
0,fashion,144,shuffled,elastic,7.0,0.1206062551417017,0.18899937818679455,0.20307231182365748,0,plain
0,fashion,144,pca,elastic,5.0,0.12682819230709333,0.40460767928806146,0.3132401719388579,0,plain
0,fashion,144,emotion,elastic,6.0,0.3428822647282805,0.5267553063811627,0.4452998862163711,0,plain
0,landscape,3,population,lasso,,0.3448955132426263,0.44292704991572074,0.48320410453515256,0,plain
0,landscape,3,identity,lasso,30.0,0.20097136116597625,0.30214567851949553,0.2963204391745283,0,plain
0,landscape,3,random,lasso,5.0,-0.008086916582870616,-0.06805171572913019,-0.057571016084083326,0,plain
0,landscape,3,shuffled,lasso,6.0,0.11729786788782853,0.243449842666295,0.20800371027333542,0,plain
0,landscape,3,pca,lasso,7.0,0.3675523354421509,0.44903299257159063,0.4627151140772517,0,plain
0,landscape,3,emotion,lasso,6.0,0.26274084661945346,0.4057989792501895,0.4204683837078655,0,plain
0,landscape,3,population,elastic,,0.3429602472717196,0.438741524708068,0.4829977358266435,0,plain
0,landscape,3,identity,elastic,32.0,0.20500665832798914,0.327258829765412,0.31925058266234135,0,plain
0,landscape,3,random,elastic,5.0,-0.007240588934576602,-0.06534343471241373,-0.05603574270348241,0,plain
0,landscape,3,shuffled,elastic,6.0,0.11409174875408998,0.2400029395541104,0.2050611641990325,0,plain
0,landscape,3,pca,elastic,7.0,0.367112690058366,0.44903299257159063,0.46262403779134365,0,plain
0,landscape,3,emotion,elastic,7.0,0.27611478443469223,0.33976616391533887,0.37058507741644187,0,plain
0,landscape,14,population,lasso,,0.18480756534515524,0.29691948686618713,0.35203935682653054,0,plain
0,landscape,14,identity,lasso,35.0,0.23015321152786994,0.3152600895607597,0.30843680633697257,0,plain
0,landscape,14,random,lasso,5.0,0.07742421914895804,0.15133475682845898,0.17275151784455106,0,plain
0,landscape,14,shuffled,lasso,6.0,0.11632475637581917,0.16615594657353247,0.19923446902881026,0,plain
0,landscape,14,pca,lasso,7.0,0.2357637601044819,0.3413334869049357,0.3382079281347718,0,plain
0,landscape,14,emotion,lasso,5.0,0.29708397643567186,0.3368226900260003,0.39685740572309447,0,plain
0,landscape,14,population,elastic,,0.18356133105825947,0.28769961632242913,0.3515718960101439,0,plain
0,landscape,14,identity,elastic,39.0,0.2110133923186884,0.27937199131516377,0.31316146644708026,0,plain
0,landscape,14,random,elastic,5.0,0.0741332319095221,0.15758047558390803,0.17703344632769774,0,plain
0,landscape,14,shuffled,elastic,5.0,0.1103622123258989,0.1787960916738459,0.19658851208514125,0,plain
0,landscape,14,pca,elastic,7.0,0.23538656186752796,0.3413334869049357,0.33810820309929884,0,plain
0,landscape,14,emotion,elastic,7.0,0.31549475554788187,0.3152600895607597,0.3978967220330641,0,plain
0,landscape,15,population,lasso,,0.026356530512429355,-0.015203040912304105,0.041834676634250695,0,plain
0,landscape,15,identity,lasso,8.0,-0.014001444117496329,-0.11442288686628879,-0.07812609456260457,0,plain
0,landscape,15,random,lasso,3.0,0.01246792152935194,0.012802560768256088,0.04602997265997222,0,plain
0,landscape,15,shuffled,lasso,2.0,-0.006327180596459751,-0.13362672801867292,-0.15055012512094157,0,plain
0,landscape,15,pca,lasso,6.0,-0.09788642589270448,-0.20884177253217745,-0.24127103086700663,0,plain
0,landscape,15,emotion,lasso,2.0,0.005269592153456729,0.06481296388929644,0.0828174862757798,0,plain
0,landscape,15,population,elastic,,0.02574251282139641,-0.001600320096032011,0.04097172419038396,0,plain
0,landscape,15,identity,elastic,7.0,-0.010032440433911643,-0.09681936580993668,-0.06982807890620418,0,plain
0,landscape,15,random,elastic,3.0,0.013036728527105801,0.020804161248416147,0.0526434670114073,0,plain
0,landscape,15,shuffled,elastic,2.0,-0.0061652790861348155,-0.13362672801867292,-0.1583401298612337,0,plain
0,landscape,15,pca,elastic,6.0,-0.09752439631925745,-0.20884177253217745,-0.2412152874616563,0,plain
0,landscape,15,emotion,elastic,6.0,0.018526437803475376,0.031206241872624222,0.07691014585173424,0,plain
0,landscape,19,population,lasso,,0.42885526482768843,0.52642917402806,0.5552009474242197,0,plain
0,landscape,19,identity,lasso,31.0,0.49935130645277365,0.6843727985175034,0.6879976248925807,0,plain
0,landscape,19,random,lasso,3.0,0.023273843793386553,0.046252793988904785,0.111319552499597,0,plain
0,landscape,19,shuffled,lasso,6.0,0.2270200756300864,0.44720949043291547,0.4806107904048241,0,plain
0,landscape,19,pca,lasso,7.0,0.5862114398801683,0.610804581712,0.6530536746370571,0,plain
0,landscape,19,emotion,lasso,4.0,0.48063865732997624,0.511408170192435,0.5583719384796484,0,plain
0,landscape,19,population,elastic,,0.4283045800491903,0.5284617191015274,0.5567313072470838,0,plain
0,landscape,19,identity,elastic,35.0,0.4770656487151501,0.7058880317342072,0.6971635839961299,0,plain
0,landscape,19,random,elastic,3.0,0.021283899824067767,0.04119621844027855,0.10890909057701297,0,plain
0,landscape,19,shuffled,elastic,6.0,0.20473630486665714,0.46099113751642623,0.48742476102205695,0,plain
0,landscape,19,pca,elastic,7.0,0.5855213860948475,0.610804581712,0.6529897724262046,0,plain
0,landscape,19,emotion,elastic,7.0,0.5292270933891401,0.5413014550534313,0.5785948459710182,0,plain
0,landscape,21,population,lasso,,0.11046705635315561,0.1660919411874004,0.18480548735998692,0,plain
0,landscape,21,identity,lasso,31.0,0.21440528754842664,0.30014330958564484,0.276476707189136,0,plain
0,landscape,21,random,lasso,7.0,0.07307335136221271,0.2067665001019831,0.14434019628336753,0,plain
0,landscape,21,shuffled,lasso,5.0,0.09426989179193207,0.16713999730667184,0.16942462597805147,0,plain
0,landscape,21,pca,lasso,7.0,0.2775811140798831,0.3473557423871114,0.32228299046309616,0,plain
0,landscape,21,emotion,lasso,5.0,0.352878330800455,0.5146953694307873,0.463390251164308,0,plain
0,landscape,21,population,elastic,,0.10818658489910182,0.16324721743509216,0.1820778495149416,0,plain
0,landscape,21,identity,elastic,35.0,0.19390826599456382,0.29615071484556305,0.26022036063004544,0,plain
0,landscape,21,random,elastic,7.0,0.06991725549678583,0.20407149865242796,0.14708520138590223,0,plain
0,landscape,21,shuffled,elastic,5.0,0.08913565544889356,0.16379619921185337,0.16802800854953392,0,plain
0,landscape,21,pca,elastic,7.0,0.2772690780400212,0.3473557423871114,0.322272550535728,0,plain
0,landscape,21,emotion,elastic,6.0,0.3526794826649931,0.4379876429869669,0.4005705550047024,0,plain
0,landscape,22,population,lasso,,0.254212730362863,0.39218738681460996,0.42894532192414014,0,plain
0,landscape,22,identity,lasso,48.0,0.24820988517075498,0.2845625110891987,0.2913869461884668,0,plain
0,landscape,22,random,lasso,6.0,0.04584233687493293,0.3716665205644296,0.37988407985775857,0,plain
0,landscape,22,shuffled,lasso,6.0,0.17816613064427503,0.22499838149841409,0.25028707369282266,0,plain
0,landscape,22,pca,lasso,7.0,0.266357817733351,0.3456376783373601,0.33079142734240935,0,plain
0,landscape,22,emotion,lasso,3.0,0.308515114489319,0.3977928490919751,0.3988375440921172,0,plain
0,landscape,22,population,elastic,,0.2537424255036337,0.39218738681460996,0.4297898028452311,0,plain
0,landscape,22,identity,elastic,57.0,0.24472841122425906,0.2968945280994021,0.3005199823358208,0,plain
0,landscape,22,random,elastic,6.0,0.0417186262033355,0.3669871781415857,0.3792424862022148,0,plain
0,landscape,22,shuffled,elastic,6.0,0.17232645456687995,0.22412100479413083,0.2485772665926408,0,plain
0,landscape,22,pca,elastic,7.0,0.2660327480864538,0.3456376783373601,0.3307742509493697,0,plain
0,landscape,22,emotion,elastic,7.0,0.3024349079120759,0.3902376608050917,0.38135748023745797,0,plain
0,landscape,30,population,lasso,,0.14203834313442326,0.3563423195503324,0.39636135469463946,0,plain
0,landscape,30,identity,lasso,33.0,0.5658443519982596,0.48332701901720926,0.5866238921249721,0,plain
0,landscape,30,random,lasso,5.0,0.060407777210876,0.10091332636983283,0.17318790767243455,0,plain
0,landscape,30,shuffled,lasso,6.0,0.11709947974777,0.17308774532960355,0.21129778236235908,0,plain
0,landscape,30,pca,lasso,7.0,0.44918085792894047,0.493745502088808,0.4976116498841094,0,plain
0,landscape,30,emotion,lasso,4.0,0.5024573352079926,0.5453346090858546,0.5577042459677942,0,plain
0,landscape,30,population,elastic,,0.14192937241194356,0.3619793731929365,0.39878992661909785,0,plain
0,landscape,30,identity,elastic,40.0,0.5553877779895084,0.5062778802763832,0.589517073385877,0,plain
0,landscape,30,random,elastic,5.0,0.05619224357435445,0.10091332636983283,0.17142421534495425,0,plain
0,landscape,30,shuffled,elastic,6.0,0.10241729219617697,0.17016855683611212,0.19521054920701172,0,plain
0,landscape,30,pca,elastic,7.0,0.4488810185652803,0.493745502088808,0.49770295417261323,0,plain
0,landscape,30,emotion,elastic,7.0,0.5113785765344974,0.5328525617343741,0.5609013502358993,0,plain
0,landscape,50,population,lasso,,0.4288059074072296,0.46569940152887784,0.44369237168243364,0,plain
0,landscape,50,identity,lasso,25.0,0.32076868663104185,0.39299128217481755,0.36691883423014227,0,plain
0,landscape,50,random,lasso,3.0,-0.06663919278114287,-0.20047621576873748,-0.18921581726830664,0,plain
0,landscape,50,shuffled,lasso,5.0,0.048282965383184634,0.10728066308979649,0.10724244901892713,0,plain
0,landscape,50,pca,lasso,7.0,0.3815384940712377,0.40468248053955924,0.3850627649097755,0,plain
0,landscape,50,emotion,lasso,4.0,0.33967097548717157,0.3706109881623119,0.3701129112263351,0,plain
0,landscape,50,population,elastic,,0.42945280694531324,0.4719347073234068,0.44476148261730947,0,plain
0,landscape,50,identity,elastic,22.0,0.3071513845357684,0.3893169055458987,0.3645081760050302,0,plain
0,landscape,50,random,elastic,3.0,-0.06197335061419671,-0.1927934282719072,-0.18937486808828982,0,plain
0,landscape,50,shuffled,elastic,6.0,0.0245240278146303,0.07677220259513719,0.06829297831621844,0,plain
0,landscape,50,pca,elastic,7.0,0.38136423253454377,0.40468248053955924,0.38500225908954866,0,plain
0,landscape,50,emotion,elastic,7.0,0.36908526003332953,0.36047861624620253,0.38782244451552894,0,plain
0,landscape,57,population,lasso,,0.41016726189702757,0.4436189666426193,0.4769133787765763,0,plain
0,landscape,57,identity,lasso,25.0,0.19342150025757057,0.32286231513217245,0.4079946589730993,0,plain
0,landscape,57,random,lasso,3.0,-0.01913543866680479,-0.17843951629445495,-0.13551017175104219,0,plain
0,landscape,57,shuffled,lasso,7.0,0.06160166874989487,0.0926699481903831,0.13212726939249567,0,plain
0,landscape,57,pca,lasso,7.0,0.20220456228993017,0.1981702906037512,0.26358306586158337,0,plain
0,landscape,57,emotion,lasso,5.0,0.2516026740795041,0.3912731145816176,0.4383256790194221,0,plain
0,landscape,57,population,elastic,,0.4083900156454509,0.44582924463901585,0.4766092103687764,0,plain
0,landscape,57,identity,elastic,29.0,0.17829859157334013,0.3381186242292512,0.40668675497463014,0,plain
0,landscape,57,random,elastic,3.0,-0.016712018539342278,-0.18075761272970015,-0.13138607872402924,0,plain
0,landscape,57,shuffled,elastic,7.0,0.05976269303853082,0.08727902624795245,0.13617546663783855,0,plain
0,landscape,57,pca,elastic,7.0,0.20199312183872134,0.1981702906037512,0.2637308072460059,0,plain
0,landscape,57,emotion,elastic,7.0,0.2886538855821513,0.3566633957112127,0.42544032937694837,0,plain
0,landscape,62,population,lasso,,0.2694307206433346,0.32396575300016667,0.41282657345755697,0,plain
0,landscape,62,identity,lasso,42.0,0.24035761357792051,0.22604460388262282,0.2611420430381755,0,plain
0,landscape,62,random,lasso,6.0,-0.0781092937994412,-0.2297763549922853,-0.24963997360617293,0,plain
0,landscape,62,shuffled,lasso,4.0,0.15003686247709955,0.15588768302096792,0.1827544855498175,0,plain
0,landscape,62,pca,lasso,7.0,0.24913268067601835,0.2698304835693294,0.2766462877701444,0,plain
0,landscape,62,emotion,lasso,5.0,0.3290859994039975,0.33854446066858146,0.38978158736127966,0,plain
0,landscape,62,population,elastic,,0.26907979691992395,0.33023509486439967,0.4143552110122797,0,plain
0,landscape,62,identity,elastic,51.0,0.25007059963883715,0.2492809741254546,0.2832533850045741,0,plain
0,landscape,62,random,elastic,6.0,-0.07051959839985321,-0.22579582047531196,-0.24774211859002335,0,plain
0,landscape,62,shuffled,elastic,6.0,0.1481879555520616,0.17305373812541539,0.1856213371542963,0,plain
0,landscape,62,pca,elastic,7.0,0.24891572926184677,0.2698304835693294,0.2766501485253145,0,plain
0,landscape,62,emotion,elastic,6.0,0.2954421855312673,0.30953631537613835,0.32855815608435496,0,plain
0,landscape,63,population,lasso,,0.1897986699421688,0.23574569961102546,0.25528033903025105,0,plain
0,landscape,63,identity,lasso,23.0,-0.012266066552808588,-0.07746225421239086,-0.03140751874041473,0,plain
0,landscape,63,random,lasso,3.0,-0.03865008586783518,-0.2430836850000578,-0.24216622061384496,0,plain
0,landscape,63,shuffled,lasso,4.0,0.007068382184007581,0.053226232047206536,0.024327524342589994,0,plain
0,landscape,63,pca,lasso,7.0,0.0680516749565916,0.19817728145731753,0.20942914434673288,0,plain
0,landscape,63,emotion,lasso,2.0,0.019421264885067346,0.07710052253828364,0.04771147397950087,0,plain
0,landscape,63,population,elastic,,0.18902553635571664,0.2346088286352599,0.2561549225392987,0,plain
0,landscape,63,identity,elastic,23.0,-0.01969164708481021,-0.13146362556125576,-0.06046241940687351,0,plain
0,landscape,63,random,elastic,2.0,-0.035655381947495096,-0.2441172040689356,-0.24524974623988757,0,plain
0,landscape,63,shuffled,elastic,4.0,0.004348504737633071,0.03622484336416678,0.015546311468410305,0,plain
0,landscape,63,pca,elastic,7.0,0.0679022113806996,0.19817728145731753,0.20951192089490248,0,plain
0,landscape,63,emotion,elastic,7.0,0.011012822063873894,0.052347740838660416,0.019869238994673962,0,plain
0,landscape,79,population,lasso,,0.32025279162201764,0.38623840975809987,0.3372182769575017,0,plain
0,landscape,79,identity,lasso,26.0,0.12879068018057427,0.23270199697340652,0.20208064768417744,0,plain
0,landscape,79,random,lasso,4.0,0.03153943119115796,0.12023370817864477,0.08049920219249171,0,plain
0,landscape,79,shuffled,lasso,5.0,-0.047802965433810726,-0.10183643943696224,-0.09339246844942128,0,plain
0,landscape,79,pca,lasso,7.0,0.14773134910721333,0.16536695104067614,0.17845210542925335,0,plain
0,landscape,79,emotion,lasso,5.0,0.180359891445804,0.37862934110006685,0.3520885403982185,0,plain
0,landscape,79,population,elastic,,0.319647525193207,0.3852481884943832,0.33725729842390245,0,plain
0,landscape,79,identity,elastic,27.0,0.10741062352059136,0.2271776046600401,0.1821607723539484,0,plain
0,landscape,79,random,elastic,4.0,0.030594141818684802,0.12680043866434448,0.08483116839793399,0,plain
0,landscape,79,shuffled,elastic,5.0,-0.03772148010138223,-0.06655329230348044,-0.08085178371370808,0,plain
0,landscape,79,pca,elastic,7.0,0.14749384004662544,0.16208358579782628,0.17843316813224466,0,plain
0,landscape,79,emotion,elastic,7.0,0.19540431113947976,0.34793248192485154,0.32357911425741614,0,plain
0,landscape,80,population,lasso,,0.3783660371216927,0.6219887192616687,0.6127269536066563,0,plain
0,landscape,80,identity,lasso,38.0,0.47125358992324834,0.5501231466750771,0.5314650228461992,0,plain
0,landscape,80,random,lasso,5.0,0.23761167531125835,0.4212826262565886,0.39472447792534726,0,plain
0,landscape,80,shuffled,lasso,4.0,0.282446217608818,0.47571884462211134,0.427821563880475,0,plain
0,landscape,80,pca,lasso,7.0,0.6032832401634195,0.7139688406972245,0.697999129308907,0,plain
0,landscape,80,emotion,lasso,5.0,0.6619550113782183,0.7533679691465311,0.7339850486145226,0,plain
0,landscape,80,population,elastic,,0.3758125697031886,0.6248692007715931,0.6132305081632493,0,plain
0,landscape,80,identity,elastic,47.0,0.47520335978780925,0.5726299598288941,0.5575561692084126,0,plain
0,landscape,80,random,elastic,5.0,0.22549546672431353,0.4268483023944088,0.3987112804777224,0,plain
0,landscape,80,shuffled,elastic,4.0,0.2690529345832893,0.4702996336458127,0.43712727135690105,0,plain
0,landscape,80,pca,elastic,7.0,0.6027153882188461,0.7139688406972245,0.6979327944833668,0,plain
0,landscape,80,emotion,elastic,7.0,0.6825624596575465,0.7458494241884233,0.739409781969365,0,plain
0,landscape,85,population,lasso,,0.15305364417031042,0.32968076798300683,0.27259720015649613,0,plain
0,landscape,85,identity,lasso,36.0,0.2230814081925228,0.29158432368274834,0.3057088974665285,0,plain
0,landscape,85,random,lasso,7.0,0.03916354994232885,0.12343450056436563,0.09075165898150542,0,plain
0,landscape,85,shuffled,lasso,7.0,0.27934478368327614,0.32952919061841696,0.33171335579815375,0,plain
0,landscape,85,pca,lasso,7.0,0.4762025187054546,0.49116118705943446,0.5774093828556924,0,plain
0,landscape,85,emotion,lasso,5.0,0.42990577972025584,0.48504756668764226,0.5543533549282714,0,plain
0,landscape,85,population,elastic,,0.1529855793941756,0.3321060058164451,0.2745730596187665,0,plain
0,landscape,85,identity,elastic,44.0,0.2143090804705884,0.30295262602698986,0.3142816798344579,0,plain
0,landscape,85,random,elastic,7.0,0.034788327525910274,0.12641552206796675,0.08733461607032672,0,plain
0,landscape,85,shuffled,elastic,7.0,0.274213953081449,0.342615369761344,0.348334760778535,0,plain
0,landscape,85,pca,elastic,7.0,0.4755548451222837,0.4955569306325412,0.5773282346503679,0,plain
0,landscape,85,emotion,elastic,7.0,0.4468413022536522,0.4851486182640355,0.5473465454567802,0,plain
0,landscape,86,population,lasso,,0.4826990294301457,0.5760048836012421,0.5869740778170492,0,plain
0,landscape,86,identity,lasso,25.0,0.2337349175843067,0.396940263815045,0.39092175243918853,0,plain
0,landscape,86,random,lasso,5.0,-0.006689011982707159,-0.00893269605584814,-0.01480148766420188,0,plain
0,landscape,86,shuffled,lasso,6.0,0.10748848003572002,0.19867548124213966,0.25691882739769606,0,plain
0,landscape,86,pca,lasso,7.0,0.41396433660450754,0.5865803743340279,0.5514316934014935,0,plain
0,landscape,86,emotion,lasso,4.0,0.4462753533440743,0.5748241249271933,0.5815714167196872,0,plain
0,landscape,86,population,elastic,,0.4811073107460193,0.5765182569377851,0.588221389636274,0,plain
0,landscape,86,identity,elastic,26.0,0.2253181759116008,0.40469220119684424,0.40144408606629367,0,plain
0,landscape,86,random,elastic,5.0,-0.006955975288351001,-0.01817341611362208,-0.01657921814994034,0,plain
0,landscape,86,shuffled,elastic,6.0,0.08423857658581563,0.2138199946701581,0.24842299585435018,0,plain
0,landscape,86,pca,elastic,7.0,0.41348007257878505,0.5865803743340279,0.5514744521530844,0,plain
0,landscape,86,emotion,elastic,6.0,0.4489118622791059,0.541198171383627,0.5474710327698487,0,plain
0,landscape,98,population,lasso,,0.2543413865960296,0.4813021996014399,0.4971169749464332,0,plain
0,landscape,98,identity,lasso,45.0,0.44083151128268366,0.4852884448128628,0.4980328685066979,0,plain
0,landscape,98,random,lasso,5.0,-0.01510392171219655,-0.05669326522912667,-0.07183113587820426,0,plain
0,landscape,98,shuffled,lasso,6.0,0.1305387405657507,0.2752969841074085,0.2540633991506628,0,plain
0,landscape,98,pca,lasso,6.0,0.44859253397975735,0.5627495554644647,0.5790940045040911,0,plain
0,landscape,98,emotion,lasso,5.0,0.3366775425702613,0.48395969640905523,0.48942466071214974,0,plain
0,landscape,98,population,elastic,,0.2533016524485093,0.4846486770628814,0.49798543940881507,0,plain
0,landscape,98,identity,elastic,47.0,0.4183437920561152,0.4985759288509394,0.508607287474595,0,plain
0,landscape,98,random,elastic,4.0,-0.013238735379142236,-0.0530515103446168,-0.06763601096111824,0,plain
0,landscape,98,shuffled,elastic,6.0,0.12264115281439295,0.2645685710692578,0.2505589750862217,0,plain
0,landscape,98,pca,elastic,6.0,0.44796220398938397,0.5627495554644647,0.5790806645611702,0,plain
0,landscape,98,emotion,elastic,7.0,0.3587010038975755,0.49414676750491393,0.49700050859453415,0,plain
0,landscape,99,population,lasso,,0.4216021634512566,0.6297973391006445,0.5981395537392994,0,plain
0,landscape,99,identity,lasso,42.0,0.501215380974227,0.5703963325017248,0.5533199323050764,0,plain
0,landscape,99,random,lasso,5.0,0.07390729966116671,0.1365000908841018,0.1371100828214287,0,plain
0,landscape,99,shuffled,lasso,7.0,0.23312969867325198,0.3423746907096579,0.36121128599088853,0,plain
0,landscape,99,pca,lasso,7.0,0.551835128754876,0.6640201412564007,0.6449316121670433,0,plain
0,landscape,99,emotion,lasso,6.0,0.4984832636574689,0.6283306475796835,0.5984535416565163,0,plain
0,landscape,99,population,elastic,,0.41946837746681703,0.627988419558126,0.5983282245678874,0,plain
0,landscape,99,identity,elastic,51.0,0.5019831115479854,0.5795875993664136,0.5710686721257525,0,plain
0,landscape,99,random,elastic,5.0,0.06859763229797412,0.1365000908841018,0.13590813338199045,0,plain
0,landscape,99,shuffled,elastic,7.0,0.21138694545101386,0.3494148100102706,0.35863231636656123,0,plain
0,landscape,99,pca,elastic,7.0,0.5512882409595945,0.6640201412564007,0.6449346918958861,0,plain
0,landscape,99,emotion,elastic,7.0,0.5096140028965639,0.6410419740946787,0.6069067359307031,0,plain
0,landscape,105,population,lasso,,0.21605458753338982,0.2985363507921056,0.308966821818077,0,plain
0,landscape,105,identity,lasso,33.0,0.16020350713519102,0.2501737623525326,0.2777603787748114,0,plain
0,landscape,105,random,lasso,5.0,0.05194604854904831,0.10994228179430891,0.11746191083995197,0,plain
0,landscape,105,shuffled,lasso,3.0,0.23751794845122834,0.3607668864343306,0.4013924260330585,0,plain
0,landscape,105,pca,lasso,7.0,0.16948293288264624,0.2829662006837131,0.3420173233379235,0,plain
0,landscape,105,emotion,lasso,6.0,0.19056179777477059,0.24001060970943391,0.2827977175066328,0,plain
0,landscape,105,population,elastic,,0.21389853579853396,0.3020408861862776,0.3077278051663007,0,plain
0,landscape,105,identity,elastic,37.0,0.15181826622996042,0.25337790899863266,0.28554046778777004,0,plain
0,landscape,105,random,elastic,5.0,0.051279424100055385,0.11019260575103547,0.12276086237715367,0,plain
0,landscape,105,shuffled,elastic,3.0,0.22652795668882714,0.3536076212719507,0.40020403696189466,0,plain
0,landscape,105,pca,elastic,7.0,0.16910143303584538,0.2819649048568068,0.3418904271945311,0,plain
0,landscape,105,emotion,elastic,7.0,0.2328823109563795,0.276257518643441,0.2971084831347207,0,plain
0,landscape,109,population,lasso,,0.28969140276328526,0.35176698851476623,0.38720975203896635,0,plain
0,landscape,109,identity,lasso,25.0,0.20654687717883613,0.22756987033813023,0.27285375399000966,0,plain
0,landscape,109,random,lasso,4.0,-0.007332674833230129,0.043646273134853156,-0.02207431825317443,0,plain
0,landscape,109,shuffled,lasso,5.0,0.04305268219981312,0.22502300542980358,0.16961135810340028,0,plain
0,landscape,109,pca,lasso,7.0,0.1871718659577068,0.21019126272837177,0.2569401657617088,0,plain
0,landscape,109,emotion,lasso,4.0,0.29016982774487843,0.3862745110962118,0.41771896755786986,0,plain
0,landscape,109,population,elastic,,0.2888915662705195,0.3543138534230928,0.3879975476777266,0,plain
0,landscape,109,identity,elastic,26.0,0.1915838796257892,0.2178318574533518,0.2707275916253299,0,plain
0,landscape,109,random,elastic,4.0,-0.007351608477499568,0.034757215219516926,-0.02462774909979885,0,plain
0,landscape,109,shuffled,elastic,5.0,0.04134825937078694,0.21728253364959504,0.17007736017841646,0,plain
0,landscape,109,pca,elastic,7.0,0.18690710522688714,0.21019126272837177,0.25700611890922287,0,plain
0,landscape,109,emotion,elastic,7.0,0.3353625754099363,0.4012061308528721,0.4355633054690891,0,plain
0,landscape,110,population,lasso,,0.5694278458742879,0.6889092464580163,0.6714799388543822,0,plain
0,landscape,110,identity,lasso,20.0,0.48021999286346645,0.5714454578914422,0.5453273669737655,0,plain
0,landscape,110,random,lasso,5.0,-0.007463648248143823,0.00811311452561924,-0.031490344742212684,0,plain
0,landscape,110,shuffled,lasso,7.0,0.25445020557206677,0.44803541147379294,0.34964711528497283,0,plain
0,landscape,110,pca,lasso,7.0,0.6331916246133465,0.7018096024739078,0.6929224290978405,0,plain
0,landscape,110,emotion,lasso,4.0,0.6140605988240464,0.7504378976119361,0.6910928949989394,0,plain
0,landscape,110,population,elastic,,0.5668858029094977,0.6888588544423293,0.6711145606324566,0,plain
0,landscape,110,identity,elastic,23.0,0.48052026925099334,0.5885283512093609,0.5659135699376566,0,plain
0,landscape,110,random,elastic,5.0,-0.00874855088683035,-0.00317469698828579,-0.03998008393529166,0,plain
0,landscape,110,shuffled,elastic,7.0,0.24349084735931578,0.44269385781096293,0.3409128075567444,0,plain
0,landscape,110,pca,elastic,7.0,0.6326859040121372,0.7018096024739078,0.692953082018898,0,plain
0,landscape,110,emotion,elastic,6.0,0.6272008943988141,0.744390855729487,0.6832907237312844,0,plain
0,landscape,116,population,lasso,,0.25986710116304146,0.46095150591506956,0.5476359458276486,0,plain
0,landscape,116,identity,lasso,23.0,0.20256610814522996,0.35534635998226155,0.35902023209529976,0,plain
0,landscape,116,random,lasso,5.0,0.02830414011792255,-0.0010646702182376222,0.08939170761128433,0,plain
0,landscape,116,shuffled,lasso,6.0,0.09998959142392705,0.1816023200822458,0.19454394228884078,0,plain
0,landscape,116,pca,lasso,7.0,0.3383779863760098,0.42363734969493194,0.49668727116154254,0,plain
0,landscape,116,emotion,lasso,4.0,0.2750128925454187,0.31463539878012775,0.4580711556335808,0,plain
0,landscape,116,population,elastic,,0.257170272962819,0.4582137824967442,0.5455084282535947,0,plain
0,landscape,116,identity,elastic,26.0,0.19697425834581966,0.3722796863104218,0.3703153921911871,0,plain
0,landscape,116,random,elastic,5.0,0.027239963964973357,0.007604787273125872,0.09113022498679144,0,plain
0,landscape,116,shuffled,elastic,6.0,0.08492318522415399,0.17105701506351126,0.1808023033315058,0,plain
0,landscape,116,pca,elastic,7.0,0.33790510441952804,0.42363734969493194,0.49670309635840204,0,plain
0,landscape,116,emotion,elastic,5.0,0.28921064472800617,0.28254319648753656,0.4291992721094833,0,plain
0,landscape,117,population,lasso,,0.4656355165710192,0.574185554388335,0.5587140675973662,0,plain
0,landscape,117,identity,lasso,42.0,0.28081205215749805,0.28661340618030956,0.33016673982286776,0,plain
0,landscape,117,random,lasso,3.0,0.05779618329190258,0.18680331508442005,0.18702232301238278,0,plain
0,landscape,117,shuffled,lasso,5.0,-0.024498761427139717,-0.06655688076616695,-0.05285553004334936,0,plain
0,landscape,117,pca,lasso,7.0,0.5210044490107972,0.6033514960735847,0.5786351193247129,0,plain
0,landscape,117,emotion,lasso,4.0,0.5001605456135434,0.5906860092863915,0.5779935804269837,0,plain
0,landscape,117,population,elastic,,0.4643841005679393,0.5769104001513168,0.5592644947082975,0,plain
0,landscape,117,identity,elastic,50.0,0.2986508675084776,0.3452480501911406,0.36443951095407684,0,plain
0,landscape,117,random,elastic,3.0,0.05338689574337378,0.191243804475946,0.1859089884049033,0,plain
0,landscape,117,shuffled,elastic,5.0,-0.021545164392061472,-0.06337789404268818,-0.05195752921552252,0,plain
0,landscape,117,pca,elastic,7.0,0.5205084335730906,0.6033514960735847,0.5785863410370874,0,plain
0,landscape,117,emotion,elastic,7.0,0.5121111467505327,0.5980027247610649,0.5759514476431119,0,plain
0,landscape,126,population,lasso,,0.18768415913392356,0.25383490832551775,0.27899300758697365,0,plain
0,landscape,126,identity,lasso,35.0,0.2900161379240984,0.25615506404144534,0.32485225276588503,0,plain
0,landscape,126,random,lasso,6.0,-0.043571433209439715,-0.03045821439845283,-0.10444115891129419,0,plain
0,landscape,126,shuffled,lasso,5.0,0.011545359115848752,-0.011107128427312622,0.026328680138233633,0,plain
0,landscape,126,pca,lasso,7.0,0.3016604967160988,0.3079389650203384,0.3030411495534421,0,plain
0,landscape,126,emotion,lasso,6.0,0.16069329938172244,0.15944899920097674,0.18795854027363426,0,plain
0,landscape,126,population,elastic,,0.18686522439330222,0.2585245847726053,0.27880342725077506,0,plain
0,landscape,126,identity,elastic,43.0,0.28852509912056595,0.2577347445288853,0.33480073752840495,0,plain
0,landscape,126,random,elastic,6.0,-0.042351280983393594,-0.04284883322181047,-0.1082574185933956,0,plain
0,landscape,126,shuffled,elastic,5.0,0.014174897130045914,4.936501523250054e-05,0.034952460167090124,0,plain
0,landscape,126,pca,elastic,7.0,0.30166294944704414,0.3088275352945234,0.30310115689016587,0,plain
0,landscape,126,emotion,elastic,7.0,0.14973235979515928,0.15638836825656172,0.1699771498989848,0,plain
0,landscape,127,population,lasso,,0.24239028435349758,0.3489802678615658,0.36897565034512747,0,plain
0,landscape,127,identity,lasso,45.0,0.32346232596099633,0.29628370969448803,0.34976321147679157,0,plain
0,landscape,127,random,lasso,6.0,-0.06776157909658564,-0.15105043110971259,-0.13078154999198024,0,plain
0,landscape,127,shuffled,lasso,5.0,0.015791167057107407,0.03299645339775275,0.028423543026862935,0,plain
0,landscape,127,pca,lasso,7.0,0.2543668384595092,0.27624141948251973,0.28628251764633755,0,plain
0,landscape,127,emotion,lasso,6.0,0.27977302413329125,0.2317573119388827,0.29630065156718133,0,plain
0,landscape,127,population,elastic,,0.2403246247259042,0.3456072970697955,0.3679532261229817,0,plain
0,landscape,127,identity,elastic,56.0,0.3286709756679602,0.30728252749373897,0.3673415214386562,0,plain
0,landscape,127,random,elastic,6.0,-0.06870296349176419,-0.15965395081046,-0.14221102236426336,0,plain
0,landscape,127,shuffled,elastic,5.0,0.004724050170195336,0.0017109272132168091,0.009919167107799632,0,plain
0,landscape,127,pca,elastic,7.0,0.2541628766586417,0.2788811357543399,0.28628985281783687,0,plain
0,landscape,127,emotion,elastic,7.0,0.27401335235846885,0.23801441717578983,0.28507282167253495,0,plain
0,landscape,136,population,lasso,,0.3689590397277982,0.4990803251280403,0.5541034511870291,0,plain
0,landscape,136,identity,lasso,31.0,-0.06929387625194057,-0.16091468741115292,-0.09906549902548645,0,plain
0,landscape,136,random,lasso,4.0,-0.08232711832929986,-0.21946545228102915,-0.20641040468988844,0,plain
0,landscape,136,shuffled,lasso,5.0,-0.014574304061895312,-0.011140631882237538,-0.02665546835135756,0,plain
0,landscape,136,pca,lasso,7.0,0.2974692805579299,0.34251198289067514,0.3802591486578258,0,plain
0,landscape,136,emotion,lasso,7.0,0.39588715824217335,0.49208620645757734,0.5620614293581793,0,plain
0,landscape,136,population,elastic,,0.3679738130638597,0.4990803251280403,0.554975351569222,0,plain
0,landscape,136,identity,elastic,37.0,-0.029043635242849794,-0.10591093986701157,-0.04518784948465343,0,plain
0,landscape,136,random,elastic,4.0,-0.07647550589290063,-0.22101414998663169,-0.205515925383189,0,plain
0,landscape,136,shuffled,elastic,5.0,-0.013070610413511655,0.0024479415346620598,-0.024888844407861915,0,plain
0,landscape,136,pca,elastic,7.0,0.29723063434926617,0.34251198289067514,0.38035227427733986,0,plain
0,landscape,136,emotion,elastic,7.0,0.3309736723582749,0.4125031275858087,0.4633356496081212,0,plain
0,landscape,144,population,lasso,,0.24984155125404472,0.5632856653392488,0.5584265390696966,0,plain
0,landscape,144,identity,lasso,18.0,0.20844460278720933,0.21078250312183897,0.2902436869275225,0,plain
0,landscape,144,random,lasso,4.0,0.06511322094322586,0.1586778082984492,0.16087534713858198,0,plain
0,landscape,144,shuffled,lasso,4.0,0.06726179729809736,0.14973676599147698,0.1092459046309149,0,plain
0,landscape,144,pca,lasso,7.0,0.33366225679857603,0.3570764539721255,0.37092302828335066,0,plain
0,landscape,144,emotion,lasso,3.0,0.4060234417222786,0.4620052378275119,0.45713240288947815,0,plain
0,landscape,144,population,elastic,,0.2484309587707904,0.5652383067626106,0.5591906912134353,0,plain
0,landscape,144,identity,elastic,18.0,0.20861070831681192,0.21258098864335634,0.30756403851772246,0,plain
0,landscape,144,random,elastic,4.0,0.06116188275256229,0.15672516687508747,0.16231706676346533,0,plain
0,landscape,144,shuffled,elastic,5.0,0.058762191664957705,0.1500450777951657,0.10098985828755025,0,plain
0,landscape,144,pca,elastic,7.0,0.3334849981320677,0.3590290953954873,0.37110022214888344,0,plain
0,landscape,144,emotion,elastic,6.0,0.39217961960968667,0.43487379910290663,0.42124756509985556,0,plain
1,art,5,population,lasso,,0.1037767326088451,0.20800207446364047,0.20058738436729118,0,plain
1,art,5,identity,lasso,22.0,0.1589866626003758,0.309391564231737,0.27712114030138907,0,plain
1,art,5,random,lasso,7.0,0.1433975464553751,0.465572343925017,0.4187228590368644,0,plain
1,art,5,shuffled,lasso,7.0,0.12768842701260089,0.19714623010463214,0.19708287276753966,0,plain
1,art,5,pca,lasso,7.0,0.19253055234922006,0.2943367612055651,0.30859456675556773,0,plain
1,art,5,emotion,lasso,4.0,0.07174715907444307,0.19975777756835583,0.23554196122016247,0,plain
1,art,5,population,elastic,,0.10313334749072872,0.20656828369924315,0.19974905438072504,0,plain
1,art,5,identity,elastic,23.0,0.14506647686960766,0.32337102418461094,0.2771476334186604,0,plain
1,art,5,random,elastic,7.0,0.14179444457274865,0.4690032003969678,0.4189187703476986,0,plain
1,art,5,shuffled,elastic,7.0,0.12769664074853623,0.19714623010463214,0.1972155864751578,0,plain
1,art,5,pca,elastic,7.0,0.19246295456319523,0.2943367612055651,0.30858591540004066,0,plain
1,art,5,emotion,elastic,3.0,0.06672351381870917,0.19525157802310714,0.23313326871455134,0,plain
1,art,6,population,lasso,,0.483222635256224,0.6943809093714995,0.6605410388540316,0,plain
1,art,6,identity,lasso,41.0,0.5380853467477177,0.5283896665668377,0.5576722860953367,0,plain
1,art,6,random,lasso,7.0,0.05611529599238524,0.08740842554417914,0.08021526861750579,0,plain
1,art,6,shuffled,lasso,7.0,0.40634873648083675,0.476782296094376,0.4683966851486317,0,plain
1,art,6,pca,lasso,7.0,0.6045335316970655,0.6654109748357506,0.6171009273218157,0,plain
1,art,6,emotion,lasso,4.0,0.7014610524606149,0.7592017611726594,0.7251366959078249,0,plain
1,art,6,population,elastic,,0.4831390825538836,0.6943809093714995,0.662168731085616,0,plain
1,art,6,identity,elastic,46.0,0.5335821260864186,0.5523733817332668,0.5661126128522274,0,plain
1,art,6,random,elastic,7.0,0.056032581679789015,0.08780732309372476,0.0808736574088326,0,plain
1,art,6,shuffled,elastic,7.0,0.4062369199021596,0.476782296094376,0.46837635645958076,0,plain
1,art,6,pca,elastic,7.0,0.6044673809939881,0.6654109748357506,0.6170890339461407,0,plain
1,art,6,emotion,elastic,6.0,0.6924705875243153,0.7580549307177157,0.7237600610199094,0,plain
1,art,16,population,lasso,,0.26333704164463034,0.47110996554910367,0.4716768219784439,0,plain
1,art,16,identity,lasso,50.0,0.32581101772084065,0.28121310993348136,0.3399144297315778,0,plain
1,art,16,random,lasso,7.0,-0.13306517504499,-0.24123482454071873,-0.26799565202234077,0,plain
1,art,16,shuffled,lasso,7.0,0.20271653138159249,0.27931170367699626,0.2884445448284972,0,plain
1,art,16,pca,lasso,7.0,0.4319501210381807,0.46613705687829654,0.49286423775856264,0,plain
1,art,16,emotion,lasso,4.0,0.3928190102220259,0.47437648398973187,0.4910369899133833,0,plain
1,art,16,population,elastic,,0.26096534783302405,0.4689647892597359,0.4687288116659119,0,plain
1,art,16,identity,elastic,62.0,0.3312908876214583,0.3257742719444387,0.35760739534742175,0,plain
1,art,16,random,elastic,7.0,-0.13202865855044868,-0.2425511827182853,-0.2683768391387296,0,plain
1,art,16,shuffled,elastic,7.0,0.20266793826615284,0.27931170367699626,0.2884431219978934,0,plain
1,art,16,pca,elastic,7.0,0.4317938121659912,0.46613705687829654,0.4928544330666431,0,plain
1,art,16,emotion,elastic,5.0,0.3790573977909513,0.4687697732334298,0.4863356353252328,0,plain
1,art,17,population,lasso,,0.09829137735557514,0.11852528135453723,0.11833261397452752,0,plain
1,art,17,identity,lasso,38.0,0.2259584642198536,0.28187806141524363,0.2899393615622376,0,plain
1,art,17,random,lasso,6.0,0.04378747191605158,0.08783832988536333,0.11102430136316238,0,plain
1,art,17,shuffled,lasso,7.0,0.10118699375788168,0.1880005394807469,0.18275463099119033,0,plain
1,art,17,pca,lasso,7.0,0.3240020121912856,0.29557671655108286,0.366409764105125,0,plain
1,art,17,emotion,lasso,3.0,0.09968695013565569,0.18613477283142113,0.1783662043710544,0,plain
1,art,17,population,elastic,,0.09835103185138146,0.12088203922736977,0.11860167625438843,0,plain
1,art,17,identity,elastic,45.0,0.23121080304976904,0.32552718118499663,0.3169563023292642,0,plain
1,art,17,random,elastic,6.0,0.043299380814645766,0.08783832988536333,0.11071460579207333,0,plain
1,art,17,shuffled,elastic,7.0,0.10112757242456955,0.1880005394807469,0.1827476952823276,0,plain
1,art,17,pca,elastic,7.0,0.323926506679248,0.29557671655108286,0.3664162640524178,0,plain
1,art,17,emotion,elastic,3.0,0.09492970580415128,0.1760203536271814,0.17685516580562746,0,plain
1,art,23,population,lasso,,0.10287434410490688,0.126978898796567,0.15107175374091217,0,plain
1,art,23,identity,lasso,41.0,0.14157250801194166,0.18722005078377557,0.1691082001127378,0,plain
1,art,23,random,lasso,7.0,0.1926997151799429,0.318136279775585,0.329662869743611,0,plain
1,art,23,shuffled,lasso,7.0,0.15353906357895195,0.28171597546959287,0.3088705408633339,0,plain
1,art,23,pca,lasso,7.0,0.15553650110231254,0.2630628736696321,0.2792853000052905,0,plain
1,art,23,emotion,lasso,5.0,0.06428510631894394,0.09395454178397149,0.13458989033305233,0,plain
1,art,23,population,elastic,,0.10130966431989959,0.1234845182482894,0.14910630921535317,0,plain
1,art,23,identity,elastic,48.0,0.1494691059727686,0.2046919535251637,0.19367785459810066,0,plain
1,art,23,random,elastic,7.0,0.19123871234036569,0.3139036498156994,0.32902899997364204,0,plain
1,art,23,shuffled,elastic,7.0,0.15342118026762375,0.28171597546959287,0.3088307372504769,0,plain
1,art,23,pca,elastic,7.0,0.15547465747194517,0.2630628736696321,0.27927793217072866,0,plain
1,art,23,emotion,elastic,5.0,0.06414970642018496,0.10266588484094528,0.1375131928245266,0,plain
1,art,35,population,lasso,,0.09049305837033318,0.09559052126134217,0.11309259312163514,0,plain
1,art,35,identity,lasso,25.0,-0.09727037233541319,-0.11993118289113867,-0.16447026099946513,0,plain
1,art,35,random,lasso,7.0,0.058147660097404186,0.16960281144187975,0.12932583197228645,0,plain
1,art,35,shuffled,lasso,7.0,0.102153399720883,0.13134575440489762,0.16030601212427756,0,plain
1,art,35,pca,lasso,7.0,0.08452268359058182,0.1295215078159407,0.12406320747030107,0,plain
1,art,35,emotion,lasso,2.0,0.04744727649274362,0.19144164917824963,0.14162407014247255,0,plain
1,art,35,population,elastic,,0.08965315622050946,0.0980923451547688,0.11233948174851534,0,plain
1,art,35,identity,elastic,28.0,-0.07814091338557426,-0.10512872485503116,-0.14578040611781887,0,plain
1,art,35,random,elastic,7.0,0.05769213365114978,0.16313976638386096,0.12942790766899653,0,plain
1,art,35,shuffled,elastic,7.0,0.10201372201578184,0.13134575440489762,0.16022221664070002,0,plain
1,art,35,pca,elastic,7.0,0.08447447951951943,0.13202333170936736,0.12403911987674278,0,plain
1,art,35,emotion,elastic,2.0,0.04417600071728441,0.19144164917824963,0.14170254277470318,0,plain
1,art,39,population,lasso,,0.5818047048095407,0.7729032388199801,0.7615346736247909,0,plain
1,art,39,identity,lasso,29.0,0.6375143875213346,0.638601637306634,0.6872598500460617,0,plain
1,art,39,random,lasso,7.0,0.25109925732168004,0.2972476036446679,0.2869824914359599,0,plain
1,art,39,shuffled,lasso,7.0,0.3639269293730506,0.43293682318103016,0.44501034334102685,0,plain
1,art,39,pca,lasso,7.0,0.6615167790715341,0.7133347794033594,0.6996297226587543,0,plain
1,art,39,emotion,lasso,4.0,0.7007717303977556,0.7068922671536417,0.7292214387045474,0,plain
1,art,39,population,elastic,,0.5809364735977276,0.7803369068004236,0.761946680317252,0,plain
1,art,39,identity,elastic,38.0,0.6356964417066775,0.6607044101018194,0.6946741824949604,0,plain
1,art,39,random,elastic,7.0,0.250566885666648,0.2972476036446679,0.287515504134082,0,plain
1,art,39,shuffled,elastic,7.0,0.3638628999603006,0.43293682318103016,0.44501584436260605,0,plain
1,art,39,pca,elastic,7.0,0.6614357022600409,0.7133347794033594,0.6996261656781972,0,plain
1,art,39,emotion,elastic,4.0,0.6930673243189193,0.7058019958498434,0.7276056116105871,0,plain
1,art,44,population,lasso,,0.34475775841090045,0.6332234910927498,0.6057773333309121,0,plain
1,art,44,identity,lasso,28.0,0.42628005061602975,0.5363587092694594,0.5232876303291125,0,plain
1,art,44,random,lasso,7.0,0.02323207401685458,0.06044042171618534,0.042840818584914626,0,plain
1,art,44,shuffled,lasso,7.0,0.20389854152986278,0.3089065924467949,0.3189611185016334,0,plain
1,art,44,pca,lasso,7.0,0.48029395493186744,0.5067889334132792,0.5185645960734091,0,plain
1,art,44,emotion,lasso,5.0,0.6237715545886617,0.7325399125386338,0.7022484834314192,0,plain
1,art,44,population,elastic,,0.3436685426364015,0.6332234910927498,0.6055140392338011,0,plain
1,art,44,identity,elastic,35.0,0.4157012035060326,0.5584234658728019,0.5326478261404706,0,plain
1,art,44,random,elastic,7.0,0.022736903955070952,0.06044042171618534,0.04227666185775038,0,plain
1,art,44,shuffled,elastic,7.0,0.20379917969885436,0.3089065924467949,0.3189508780296857,0,plain
1,art,44,pca,elastic,7.0,0.4801979942302855,0.5067889334132792,0.5185747631820173,0,plain
1,art,44,emotion,elastic,5.0,0.6201696168413482,0.7451483448834009,0.7091181642992118,0,plain
1,art,51,population,lasso,,0.3380756062418948,0.49850794423731315,0.5424204391903584,0,plain
1,art,51,identity,lasso,44.0,0.31443301253834266,0.4020036687592255,0.40090260720796506,0,plain
1,art,51,random,lasso,7.0,0.02212551977158711,0.053321049178296887,0.043105125210249944,0,plain
1,art,51,shuffled,lasso,7.0,0.05024785154799729,0.035969775405469015,0.0865239328934636,0,plain
1,art,51,pca,lasso,7.0,0.46384423884843456,0.5845819596384763,0.5880294196723833,0,plain
1,art,51,emotion,lasso,5.0,0.40803828865457326,0.5931113779256809,0.574843404457068,0,plain
1,art,51,population,elastic,,0.3382607890014572,0.5004087860270331,0.5448522967382056,0,plain
1,art,51,identity,elastic,47.0,0.3120492498344376,0.41989107739582054,0.4198840881850987,0,plain
1,art,51,random,elastic,7.0,0.022077771268462967,0.051273988789367765,0.04348796255095493,0,plain
1,art,51,shuffled,elastic,7.0,0.05030402698363015,0.035969775405469015,0.08666289406060283,0,plain
1,art,51,pca,elastic,7.0,0.4636918530108206,0.5845819596384763,0.5880102910101815,0,plain
1,art,51,emotion,elastic,6.0,0.3986452928402625,0.5845332201054063,0.5749501013503084,0,plain
1,art,64,population,lasso,,0.23994292567857933,0.39417597323384584,0.37849426484599313,0,plain
1,art,64,identity,lasso,35.0,0.189069778845145,0.20710352706890237,0.24525112119113276,0,plain
1,art,64,random,lasso,7.0,0.17547276218881916,0.2692296270012305,0.27495370577314243,0,plain
1,art,64,shuffled,lasso,7.0,0.08789041949510551,0.1399696569105845,0.1326414864856859,0,plain
1,art,64,pca,lasso,7.0,0.28103609827844256,0.4035965310847176,0.42265014714909865,0,plain
1,art,64,emotion,lasso,3.0,0.13864666853649185,0.25623917354371256,0.20474088327463846,0,plain
1,art,64,population,elastic,,0.2387664559203064,0.39705172247253295,0.37774630393736036,0,plain
1,art,64,identity,elastic,42.0,0.1970538223370991,0.25861910394814336,0.27274320414406117,0,plain
1,art,64,random,elastic,7.0,0.17451072948652285,0.2679900799155895,0.27601984075157615,0,plain
1,art,64,shuffled,elastic,7.0,0.08792755973727848,0.1399696569105845,0.1327238079209045,0,plain
1,art,64,pca,elastic,7.0,0.2808804791354538,0.4035965310847176,0.4226328838698662,0,plain
1,art,64,emotion,elastic,3.0,0.14410550793206214,0.2846991746300305,0.22211226965092706,0,plain
1,art,69,population,lasso,,0.320178861492273,0.3715686038816837,0.3601068179061596,0,plain
1,art,69,identity,lasso,28.0,0.2540490893187429,0.30625165297639106,0.29171801466605446,0,plain
1,art,69,random,lasso,6.0,-0.18026917742764895,-0.2753754617336894,-0.2958614983814414,0,plain
1,art,69,shuffled,lasso,7.0,0.13345650716069377,0.26287436966957106,0.2080344511046742,0,plain
1,art,69,pca,lasso,7.0,0.17754454374739526,0.22471842602005354,0.21737149667407224,0,plain
1,art,69,emotion,lasso,5.0,0.1860778214836664,0.2538374356473169,0.23529127955344534,0,plain
1,art,69,population,elastic,,0.3185842159181075,0.37091593642452086,0.3591577191485978,0,plain
1,art,69,identity,elastic,33.0,0.24042141320250424,0.30469529211700286,0.28836952286896955,0,plain
1,art,69,random,elastic,6.0,-0.17895945580934253,-0.2753754617336894,-0.2959274199609551,0,plain
1,art,69,shuffled,elastic,7.0,0.133445682751548,0.26287436966957106,0.20812797722135287,0,plain
1,art,69,pca,elastic,7.0,0.17746849569947704,0.22471842602005354,0.21734016257258,0,plain
1,art,69,emotion,elastic,5.0,0.18138917656964676,0.2545905134825048,0.23270385729236992,0,plain
1,art,81,population,lasso,,0.3200695199650725,0.36426565665856053,0.44459683158927477,0,plain
1,art,81,identity,lasso,23.0,0.14238958815113328,0.20967561988169225,0.23624529864185947,0,plain
1,art,81,random,lasso,5.0,0.17551060117903214,0.2873313483559391,0.3067915021812526,0,plain
1,art,81,shuffled,lasso,7.0,-0.0248562604320337,-0.1425320139082725,-0.12087142750878915,0,plain
1,art,81,pca,lasso,7.0,0.30682616003517776,0.4071901568702709,0.40540672422829166,0,plain
1,art,81,emotion,lasso,3.0,0.29784003729707204,0.3429837615956116,0.4156482210822031,0,plain
1,art,81,population,elastic,,0.3183038292197335,0.3678727575166874,0.4436289982886346,0,plain
1,art,81,identity,elastic,27.0,0.13026477044740056,0.2078720694526288,0.23229280385978612,0,plain
1,art,81,random,elastic,5.0,0.1741695259547307,0.2873313483559391,0.3066245458587474,0,plain
1,art,81,shuffled,elastic,7.0,-0.024798358678300193,-0.1425320139082725,-0.12074978388134101,0,plain
1,art,81,pca,elastic,7.0,0.3067005233425302,0.4071901568702709,0.4053936868596911,0,plain
1,art,81,emotion,elastic,4.0,0.29379378447013266,0.3490127730299094,0.4188957443189124,0,plain
1,art,92,population,lasso,,0.2616031963613058,0.32055125779816906,0.35485627635724076,0,plain
1,art,92,identity,lasso,42.0,0.4467794033012988,0.5274266329672387,0.4786683952405788,0,plain
1,art,92,random,lasso,7.0,-0.07781557920959108,-0.10920741380868997,-0.11097076241403636,0,plain
1,art,92,shuffled,lasso,7.0,0.015050305710667532,0.03181942632555355,0.017635733360625388,0,plain
1,art,92,pca,lasso,7.0,0.5839054603016105,0.6427720533973703,0.647397853761546,0,plain
1,art,92,emotion,lasso,5.0,0.37476801919617253,0.45602933994662936,0.45473453132530717,0,plain
1,art,92,population,elastic,,0.26025009571531715,0.3215824429105713,0.3542579848521141,0,plain
1,art,92,identity,elastic,50.0,0.46698523044342277,0.5393589178393213,0.5156273475462217,0,plain
1,art,92,random,elastic,7.0,-0.0772871229577598,-0.10920741380868997,-0.11092775787012966,0,plain
1,art,92,shuffled,elastic,7.0,0.015213458888648106,0.03181942632555355,0.017831103342096612,0,plain
1,art,92,pca,elastic,7.0,0.5837781919879478,0.6427720533973703,0.6474034029350748,0,plain
1,art,92,emotion,elastic,5.0,0.35429020018178176,0.44061066731356785,0.4427470200673969,0,plain
1,art,100,population,lasso,,0.3932995087600532,0.6218556820721224,0.6689240360835099,0,plain
1,art,100,identity,lasso,28.0,0.42417975286694803,0.3086386795943744,0.4922920761791542,0,plain
1,art,100,random,lasso,7.0,-0.018053114497114883,-0.042449015429539085,-0.0507236164175748,0,plain
1,art,100,shuffled,lasso,7.0,0.10940841981219956,0.12615270118860678,0.16394605621482206,0,plain
1,art,100,pca,lasso,7.0,0.5026866920722706,0.5043619828585916,0.5543307403540164,0,plain
1,art,100,emotion,lasso,3.0,0.6494841597594072,0.6547997010807448,0.7092607187527935,0,plain
1,art,100,population,elastic,,0.39198531011274546,0.6251898954763183,0.6690839946803763,0,plain
1,art,100,identity,elastic,36.0,0.40962247809194324,0.32685244236953426,0.4970010487491497,0,plain
1,art,100,random,elastic,7.0,-0.017899825914722004,-0.044041475562886394,-0.05081818452313072,0,plain
1,art,100,shuffled,elastic,7.0,0.10939617407633215,0.12615270118860678,0.16395109883228892,0,plain
1,art,100,pca,elastic,7.0,0.5025560525506114,0.5043619828585916,0.5543278836429916,0,plain
1,art,100,emotion,elastic,5.0,0.6445362877956888,0.6543518216682409,0.7096763653054011,0,plain
1,art,101,population,lasso,,0.4624586855280736,0.6210253498479661,0.607448288518273,0,plain
1,art,101,identity,lasso,27.0,0.4096273808634321,0.5158765691636779,0.49332040215713263,0,plain
1,art,101,random,lasso,6.0,0.07513060134053431,0.08649335185320481,0.15786985441194423,0,plain
1,art,101,shuffled,lasso,7.0,0.32986839229835946,0.44387586450156263,0.4426926359523935,0,plain
1,art,101,pca,lasso,7.0,0.4070989337246022,0.5009727830451814,0.44450414286143186,0,plain
1,art,101,emotion,lasso,2.0,0.4536162902437457,0.6261645864405511,0.5980680896646525,0,plain
1,art,101,population,elastic,,0.4625550440353383,0.6210253498479661,0.6084798426381245,0,plain
1,art,101,identity,elastic,28.0,0.39432311129894776,0.5224033996362607,0.48921255669876146,0,plain
1,art,101,random,elastic,6.0,0.07454137471143227,0.08649335185320481,0.15834926953282924,0,plain
1,art,101,shuffled,elastic,7.0,0.3298581975500209,0.44387586450156263,0.44275151217146247,0,plain
1,art,101,pca,elastic,7.0,0.40702893232349635,0.5009727830451814,0.44453389872817717,0,plain
1,art,101,emotion,elastic,3.0,0.436479899731872,0.6274493955886973,0.5999228336674476,0,plain
1,art,106,population,lasso,,0.41709884315217277,0.4698877220064493,0.48159413496967896,0,plain
1,art,106,identity,lasso,33.0,0.07858807138414106,0.11609762112899498,0.10106489248197759,0,plain
1,art,106,random,lasso,7.0,-0.022920943955232333,-0.04791170289858611,-0.0367115775548226,0,plain
1,art,106,shuffled,lasso,7.0,0.2342320717118737,0.33750012189193496,0.3183423438060765,0,plain
1,art,106,pca,lasso,7.0,0.23477695782272356,0.3129895033564478,0.29694594042564476,0,plain
1,art,106,emotion,lasso,2.0,0.28791569655006244,0.4136040794434786,0.40612527402901205,0,plain
1,art,106,population,elastic,,0.4162790823718079,0.4642896177730355,0.48114102367386424,0,plain
1,art,106,identity,elastic,37.0,0.10495780108414686,0.16395889065610889,0.14612726262192244,0,plain
1,art,106,random,elastic,7.0,-0.021811025870545658,-0.04791170289858611,-0.035245357418976074,0,plain
1,art,106,shuffled,elastic,7.0,0.2342877445171471,0.33750012189193496,0.3185782046810457,0,plain
1,art,106,pca,elastic,7.0,0.23470157987627813,0.3129895033564478,0.2969266710644302,0,plain
1,art,106,emotion,elastic,2.0,0.2776069023502316,0.41093111075545224,0.40590821284779904,0,plain
1,art,111,population,lasso,,0.4847764436046023,0.6674733323583324,0.6718124368546665,0,plain
1,art,111,identity,lasso,31.0,0.466443329722869,0.6020743306844734,0.5619132948155042,0,plain
1,art,111,random,lasso,7.0,0.1097388069825545,0.15491050208375337,0.22502444063573257,0,plain
1,art,111,shuffled,lasso,7.0,0.3443193197192879,0.5140883148884915,0.48973699203334975,0,plain
1,art,111,pca,lasso,7.0,0.5883590933669952,0.6380462420641505,0.6622743641232773,0,plain
1,art,111,emotion,lasso,4.0,0.5481036197131713,0.6679162149881781,0.6672178673402718,0,plain
1,art,111,population,elastic,,0.48378467381999557,0.6674733323583324,0.6719640760245038,0,plain
1,art,111,identity,elastic,41.0,0.48117402713867985,0.6286472884752062,0.5939662272200126,0,plain
1,art,111,random,elastic,7.0,0.10926529655287814,0.15491050208375337,0.22605360882112358,0,plain
1,art,111,shuffled,elastic,7.0,0.3442880438819413,0.5140883148884915,0.489749065189675,0,plain
1,art,111,pca,elastic,7.0,0.5882028014035449,0.6380462420641505,0.662264783198009,0,plain
1,art,111,emotion,elastic,5.0,0.5349722823081259,0.6702782556806877,0.6631453003112484,0,plain
1,art,118,population,lasso,,0.42870213226719744,0.606527419128281,0.5725569719784899,0,plain
1,art,118,identity,lasso,27.0,0.5035499268397584,0.6661286674462027,0.574261162380268,0,plain
1,art,118,random,lasso,7.0,0.05772122986871364,0.0906477179684778,0.1245464207150489,0,plain
1,art,118,shuffled,lasso,7.0,0.2733334814358958,0.4410293040247545,0.44148387346707646,0,plain
1,art,118,pca,lasso,7.0,0.5173660039284683,0.5683547132657993,0.5587881076601836,0,plain
1,art,118,emotion,lasso,2.0,0.510677973267827,0.5985540079820707,0.5650258615566706,0,plain
1,art,118,population,elastic,,0.4286423300723196,0.607872932259204,0.5738514323687683,0,plain
1,art,118,identity,elastic,34.0,0.5054702138757934,0.6768429386739226,0.5902980169088475,0,plain
1,art,118,random,elastic,7.0,0.05727382251623189,0.0906477179684778,0.12475774746501772,0,plain
1,art,118,shuffled,elastic,7.0,0.2732803367417304,0.4410293040247545,0.44147814375488514,0,plain
1,art,118,pca,elastic,7.0,0.5172751692821907,0.5683547132657993,0.5588223896118875,0,plain
1,art,118,emotion,elastic,3.0,0.5014343794026719,0.6062782500299619,0.5720824566342383,0,plain
1,art,119,population,lasso,,0.29205898226054905,0.5866268264183392,0.5974497046775648,0,plain
1,art,119,identity,lasso,34.0,0.5092167879066638,0.5565358350707552,0.5428998698051262,0,plain
1,art,119,random,lasso,7.0,0.21522960370745473,0.31531622142492743,0.32362586027445167,0,plain
1,art,119,shuffled,lasso,7.0,0.17347918626575046,0.2075885056691164,0.20727372035243746,0,plain
1,art,119,pca,lasso,7.0,0.4639919774584656,0.5066791925438761,0.48857748255802125,0,plain
1,art,119,emotion,lasso,4.0,0.46683323872818144,0.5581092202392564,0.5590480548043854,0,plain
1,art,119,population,elastic,,0.29067707537228843,0.582890036643149,0.596148705619229,0,plain
1,art,119,identity,elastic,41.0,0.5272397281276435,0.5895769236092787,0.5685049742680844,0,plain
1,art,119,random,elastic,7.0,0.2143411831773684,0.3124152925205035,0.3244127845086981,0,plain
1,art,119,shuffled,elastic,7.0,0.17348824316512731,0.20660513993880322,0.20738363055816164,0,plain
1,art,119,pca,elastic,7.0,0.463946005778781,0.5066791925438761,0.48858452846665407,0,plain
1,art,119,emotion,elastic,6.0,0.45040525964974976,0.5696637675704365,0.5652887090835075,0,plain
1,art,128,population,lasso,,0.4319131629926997,0.5187655838175419,0.5004581929086616,0,plain
1,art,128,identity,lasso,23.0,0.28915026061991844,0.5091393160981094,0.5106028806204173,0,plain
1,art,128,random,lasso,7.0,0.15341250840637466,0.3522110975469442,0.3450919759853921,0,plain
1,art,128,shuffled,lasso,7.0,0.0033122624772383446,0.08222437010348592,0.008160092294658243,0,plain
1,art,128,pca,lasso,7.0,0.5112421818520696,0.6800055681180361,0.6208623354455575,0,plain
1,art,128,emotion,lasso,2.0,0.2581069251734266,0.6752425710693587,0.6469763126454933,0,plain
1,art,128,population,elastic,,0.43061034872290344,0.520119277715587,0.49998542288434494,0,plain
1,art,128,identity,elastic,28.0,0.27781577225667814,0.5255340533077678,0.5259535198422178,0,plain
1,art,128,random,elastic,7.0,0.15229122482642363,0.3566732737293895,0.3456961348986886,0,plain
1,art,128,shuffled,elastic,7.0,0.00339777562964738,0.08222437010348592,0.008376250367148681,0,plain
1,art,128,pca,elastic,7.0,0.5111037919236308,0.6800055681180361,0.6208625113637708,0,plain
1,art,128,emotion,elastic,2.0,0.24381596881169396,0.6743902452817006,0.6486972150171474,0,plain
1,art,129,population,lasso,,0.25311268290735556,0.3484921597617948,0.37136710032998294,0,plain
1,art,129,identity,lasso,28.0,0.3217551226556493,0.383717717163203,0.43161500435730543,0,plain
1,art,129,random,lasso,7.0,0.05838917683227932,0.10146164824166296,0.0792376977874836,0,plain
1,art,129,shuffled,lasso,7.0,0.021454522111051796,0.04812152357257902,0.049028467073124714,0,plain
1,art,129,pca,lasso,7.0,0.1703781177554933,0.2224428717385222,0.26687558217747914,0,plain
1,art,129,emotion,lasso,4.0,0.19682842198052033,0.3004709939026102,0.3490935888577879,0,plain
1,art,129,population,elastic,,0.25057774566198143,0.34573232264345094,0.36867670150271326,0,plain
1,art,129,identity,elastic,30.0,0.3033665869600449,0.3906925782441087,0.43445122275999226,0,plain
1,art,129,random,elastic,7.0,0.058231148516226454,0.09870181112331901,0.07941253716639562,0,plain
1,art,129,shuffled,elastic,7.0,0.021426865872437733,0.04812152357257902,0.0489962772860427,0,plain
1,art,129,pca,elastic,7.0,0.17031053456500989,0.2224428717385222,0.2668643795300242,0,plain
1,art,129,emotion,elastic,4.0,0.18928232526423736,0.30112331903967327,0.3408411936148208,0,plain
1,art,137,population,lasso,,0.4509810198202609,0.49185315334558866,0.5180838994917955,0,plain
1,art,137,identity,lasso,34.0,0.3363047142726169,0.3775958966461492,0.42071446330848555,0,plain
1,art,137,random,lasso,7.0,0.37796672135307574,0.46596086328985276,0.4710000672075952,0,plain
1,art,137,shuffled,lasso,7.0,0.4684705586739972,0.5630569509988624,0.596504191005834,0,plain
1,art,137,pca,lasso,7.0,0.5216678137206132,0.5569853093385059,0.5863670828207964,0,plain
1,art,137,emotion,lasso,3.0,0.5127634081636747,0.5477523997062279,0.5735721622396084,0,plain
1,art,137,population,elastic,,0.45164843350560124,0.48824027566339295,0.5194842040060813,0,plain
1,art,137,identity,elastic,37.0,0.34167654106553463,0.40278568270812487,0.44947379606897475,0,plain
1,art,137,random,elastic,7.0,0.37696350951405894,0.4634017415982974,0.47140955779372673,0,plain
1,art,137,shuffled,elastic,7.0,0.46827407337283894,0.5630569509988624,0.5964542231757118,0,plain
1,art,137,pca,elastic,7.0,0.5215637106396912,0.5569853093385059,0.586365428510424,0,plain
1,art,137,emotion,elastic,4.0,0.5010178555038157,0.5477523997062279,0.5721652409691259,0,plain
1,fashion,5,population,lasso,,0.10434425504483583,0.17625792320213432,0.2055653195568114,0,plain
1,fashion,5,identity,lasso,26.0,0.12130874821818514,0.1934941657677684,0.24600177233000736,0,plain
1,fashion,5,random,lasso,2.0,0.044932879523039364,0.15758088017435742,0.2299845682808482,0,plain
1,fashion,5,shuffled,lasso,6.0,0.04047791786481582,0.016649249784761094,0.08894086563183627,0,plain
1,fashion,5,pca,lasso,7.0,0.07630452336466892,0.10251028473245534,0.1493198673670617,0,plain
1,fashion,5,emotion,lasso,1.0,0.06626330945115451,0.15736742825403996,0.1731413061271461,0,plain
1,fashion,5,population,elastic,,0.10437167779633975,0.17588438234157877,0.2064171247656018,0,plain
1,fashion,5,identity,elastic,27.0,0.11341498117729493,0.18783768987935595,0.25473373212656025,0,plain
1,fashion,5,random,elastic,2.0,0.04117570968908264,0.15619344269229402,0.23132964099190015,0,plain
1,fashion,5,shuffled,elastic,6.0,0.040564530705022424,0.021291829051665632,0.08999674157219055,0,plain
1,fashion,5,pca,elastic,7.0,0.0737513055012337,0.10891384234197883,0.14949557738166716,0,plain
1,fashion,5,emotion,elastic,5.0,0.12030983067179411,0.20128516085935527,0.19313212866701546,0,plain
1,fashion,6,population,lasso,,0.2573764756145742,0.37020982898773297,0.3920000643825106,0,plain
1,fashion,6,identity,lasso,41.0,0.4101595942342334,0.5773103898593297,0.5645584650437612,0,plain
1,fashion,6,random,lasso,7.0,0.08601141987946535,0.1516594795907425,0.14132947399097132,0,plain
1,fashion,6,shuffled,lasso,7.0,0.0787715175681355,0.09742363920729816,0.1477688527354051,0,plain
1,fashion,6,pca,lasso,7.0,0.2580095711666913,0.4616072637079818,0.44933587750044296,0,plain
1,fashion,6,emotion,lasso,2.0,0.19212433799972786,0.36177314270586386,0.4008153613483587,0,plain
1,fashion,6,population,elastic,,0.25654897414523636,0.3735744598263356,0.39253636342132675,0,plain
1,fashion,6,identity,elastic,45.0,0.3938352548297762,0.5932798317500105,0.581997528106168,0,plain
1,fashion,6,random,elastic,7.0,0.08004309420523267,0.15552629413659919,0.14251282798731743,0,plain
1,fashion,6,shuffled,elastic,7.0,0.07773343520162032,0.09355682466144147,0.14815000550264357,0,plain
1,fashion,6,pca,elastic,7.0,0.25061305601979567,0.4616072637079818,0.44877008278395764,0,plain
1,fashion,6,emotion,elastic,5.0,0.386571134706022,0.496910778327946,0.5315228771275179,0,plain
1,fashion,16,population,lasso,,0.13869671192627342,0.2813874466680309,0.28283137551443116,0,plain
1,fashion,16,identity,lasso,48.0,0.36427590023031575,0.4043113867634684,0.4620310176855801,0,plain
1,fashion,16,random,lasso,3.0,-0.025532820449582837,-0.16847121416574853,-0.09588660616087742,0,plain
1,fashion,16,shuffled,lasso,7.0,0.05346801294789041,0.0805010235176237,0.07286458743075178,0,plain
1,fashion,16,pca,lasso,7.0,0.0776423911164189,0.04569372832777185,0.1288172827989392,0,plain
1,fashion,16,emotion,lasso,4.0,0.19203775101773496,0.3208812780966286,0.30165827976719506,0,plain
1,fashion,16,population,elastic,,0.13772435233885902,0.2831448977575606,0.28241454434927776,0,plain
1,fashion,16,identity,elastic,61.0,0.3233892661671829,0.3664285521669396,0.44097813269998504,0,plain
1,fashion,16,random,elastic,3.0,-0.023719474451982706,-0.17511047383730513,-0.09731632220484523,0,plain
1,fashion,16,shuffled,elastic,7.0,0.055420580354834756,0.07830420965571158,0.07622106072052387,0,plain
1,fashion,16,pca,elastic,7.0,0.07665751302085524,0.04720708898820019,0.13098085277277144,0,plain
1,fashion,16,emotion,elastic,5.0,0.2108648265093164,0.3264953579659595,0.2943338742801456,0,plain
1,fashion,17,population,lasso,,0.06445543911120204,0.022945540095059197,0.0923141745924332,0,plain
1,fashion,17,identity,lasso,40.0,0.08965567975367177,0.045362381109587076,0.09314620873542702,0,plain
1,fashion,17,random,lasso,3.0,0.16951465303414345,0.3291680475387986,0.3026344502828499,0,plain
1,fashion,17,shuffled,lasso,6.0,-0.03833826559944759,-0.16305079643585846,-0.13465706455628834,0,plain
1,fashion,17,pca,lasso,7.0,0.10362475999123753,0.07951634171191022,0.10983877808605824,0,plain
1,fashion,17,emotion,lasso,4.0,0.07798312632373203,0.04737143761560609,0.14332364461797611,0,plain
1,fashion,17,population,elastic,,0.06554401540545259,0.02474311696886568,0.09434006567937445,0,plain
1,fashion,17,identity,elastic,45.0,0.09175999994606263,0.07904051253943203,0.09932178658844477,0,plain
1,fashion,17,random,elastic,3.0,0.15862907054224143,0.3319172827575615,0.302004382625669,0,plain
1,fashion,17,shuffled,elastic,6.0,-0.038341993457988395,-0.1754752248283444,-0.139078884194326,0,plain
1,fashion,17,pca,elastic,7.0,0.10168842067561293,0.08184261766624802,0.10929355855252605,0,plain
1,fashion,17,emotion,elastic,6.0,0.2225230071957954,0.16638160064320576,0.24068042992192148,0,plain
1,fashion,23,population,lasso,,0.18621660166344453,0.41793732732333905,0.4587549754248075,0,plain
1,fashion,23,identity,lasso,48.0,0.4527680154669441,0.5540122386613614,0.5247692196013168,0,plain
1,fashion,23,random,lasso,7.0,0.27605909242668075,0.4097531116414144,0.4071162348681645,0,plain
1,fashion,23,shuffled,lasso,7.0,0.33128531346239865,0.49652551887145774,0.44841958320546205,0,plain
1,fashion,23,pca,lasso,7.0,0.31592601105502544,0.40812612900585116,0.4295396674083595,0,plain
1,fashion,23,emotion,lasso,3.0,0.2880974493138896,0.5133869752763865,0.4963611228741535,0,plain
1,fashion,23,population,elastic,,0.1848123567826368,0.4250861904189959,0.4585119844767082,0,plain
1,fashion,23,identity,elastic,61.0,0.43426567139810673,0.5564280613626523,0.5424474088618066,0,plain
1,fashion,23,random,elastic,7.0,0.25945148068179974,0.4082247340140671,0.4053547918764709,0,plain
1,fashion,23,shuffled,elastic,7.0,0.32872209055542756,0.49869482905220885,0.4485391586483062,0,plain
1,fashion,23,pca,elastic,7.0,0.30344634524598796,0.4070414739154756,0.4260860811401729,0,plain
1,fashion,23,emotion,elastic,4.0,0.33599390789615247,0.48848921070185713,0.48261428487797986,0,plain
1,fashion,35,population,lasso,,0.1886786843744706,0.28170011791898236,0.24243866401815117,0,plain
1,fashion,35,identity,lasso,27.0,-0.12046436769227271,-0.1679644714851243,-0.17479301289008653,0,plain
1,fashion,35,random,lasso,3.0,0.003871841612976059,-0.0767379270525075,0.008065236345164614,0,plain
1,fashion,35,shuffled,lasso,5.0,0.0019121087659352794,-0.05976554669295088,0.0048948211441199605,0,plain
1,fashion,35,pca,lasso,6.0,0.060739847520078584,0.04284491139546609,0.10945487237272564,0,plain
1,fashion,35,emotion,lasso,1.0,0.12827960204006775,0.3160588391346701,0.31509270386413774,0,plain
1,fashion,35,population,elastic,,0.1890405563249132,0.28128615742240776,0.24432558139885155,0,plain
1,fashion,35,identity,elastic,34.0,-0.1177479107055378,-0.1771750925339081,-0.18171024651327422,0,plain
1,fashion,35,random,elastic,3.0,0.004736874653274431,-0.07616873136971748,0.010436163065453117,0,plain
1,fashion,35,shuffled,elastic,5.0,0.0025049832598213703,-0.05428057011333808,0.006467802374337871,0,plain
1,fashion,35,pca,elastic,6.0,0.058476779116545995,0.039429737298726036,0.10869435717154362,0,plain
1,fashion,35,emotion,elastic,5.0,0.17889753675535855,0.26395156162834843,0.2648192104693445,0,plain
1,fashion,39,population,lasso,,0.2797774039919956,0.3101432881353129,0.40149568536687646,0,plain
1,fashion,39,identity,lasso,31.0,0.28909828571139146,0.3040355429936651,0.3213111207816331,0,plain
1,fashion,39,random,lasso,4.0,0.022607440019175213,0.051915833704006376,0.04851931271628703,0,plain
1,fashion,39,shuffled,lasso,7.0,0.07122346344936312,0.1657601980655401,0.09795167221868098,0,plain
1,fashion,39,pca,lasso,7.0,0.25724963697342546,0.3800819763556571,0.3572995536835785,0,plain
1,fashion,39,emotion,lasso,1.0,0.3211465983610776,0.36020677290291786,0.3957110658012302,0,plain
1,fashion,39,population,elastic,,0.2785704247539157,0.32411100038547475,0.40262541510032573,0,plain
1,fashion,39,identity,elastic,38.0,0.268586080096538,0.2962757028546863,0.3103500053084123,0,plain
1,fashion,39,random,elastic,4.0,0.020959816102864102,0.0561211664244852,0.04785880178242778,0,plain
1,fashion,39,shuffled,elastic,7.0,0.07358514318373191,0.17136730835951186,0.10168903001686692,0,plain
1,fashion,39,pca,elastic,7.0,0.25104169193841525,0.37727842120867117,0.3579954621092931,0,plain
1,fashion,39,emotion,elastic,5.0,0.3628825493382305,0.3762771515133191,0.4041864371159755,0,plain
1,fashion,44,population,lasso,,0.14614705109456594,0.39976986297157413,0.3172065726089573,0,plain
1,fashion,44,identity,lasso,20.0,0.0899832101668851,0.11496449280240821,0.15161810218903246,0,plain
1,fashion,44,random,lasso,3.0,9.693104056327933e-06,-0.0017372412245697242,2.8961716825461442e-05,0,plain
1,fashion,44,shuffled,lasso,7.0,0.04260946220050355,0.06943855365265456,0.059938319749328374,0,plain
1,fashion,44,pca,lasso,6.0,0.14573549999628774,0.2225201627353279,0.17902994538715142,0,plain
1,fashion,44,emotion,lasso,2.0,0.13476407916585842,0.26538914471809255,0.2605492967485335,0,plain
1,fashion,44,population,elastic,,0.14480371129070171,0.40160929485641267,0.3163706056548374,0,plain
1,fashion,44,identity,elastic,22.0,0.08618267116910659,0.12554122614022978,0.15539424389642514,0,plain
1,fashion,44,random,elastic,3.0,-4.2411667313258014e-05,0.006948964898278897,-0.00013555929944669286,0,plain
1,fashion,44,shuffled,elastic,7.0,0.040944373144133135,0.06979622096359539,0.058893285718353915,0,plain
1,fashion,44,pca,elastic,6.0,0.14293005514404775,0.22752750508849948,0.1799756214279212,0,plain
1,fashion,44,emotion,elastic,5.0,0.1713058202612578,0.21076823680441503,0.2518101243339392,0,plain
1,fashion,51,population,lasso,,0.2145595837358231,0.4714883719494742,0.49701195815847526,0,plain
1,fashion,51,identity,lasso,48.0,0.1600869909542624,0.20924971782334484,0.18245690512728596,0,plain
1,fashion,51,random,lasso,5.0,0.20001991215821638,0.3719065640786889,0.3982288451721097,0,plain
1,fashion,51,shuffled,lasso,7.0,0.1693106846702057,0.22927432049301366,0.2338160167276698,0,plain
1,fashion,51,pca,lasso,6.0,0.1619231986024051,0.2425092544442198,0.22752563925811278,0,plain
1,fashion,51,emotion,lasso,4.0,0.32356322556276296,0.4315375676060563,0.4234472994522622,0,plain
1,fashion,51,population,elastic,,0.2126936891308671,0.4809218141896472,0.4950625775207524,0,plain
1,fashion,51,identity,elastic,57.0,0.16379124705321016,0.2243542706970262,0.19761002311127213,0,plain
1,fashion,51,random,elastic,5.0,0.18354698273128092,0.3662977073112632,0.3972195543466212,0,plain
1,fashion,51,shuffled,elastic,7.0,0.16699771869727856,0.23330876132572334,0.23343551147447258,0,plain
1,fashion,51,pca,elastic,6.0,0.15927951250079037,0.23857321460742986,0.2294601407749253,0,plain
1,fashion,51,emotion,elastic,6.0,0.356505239664503,0.4400492537531146,0.42427616610393537,0,plain
1,fashion,64,population,lasso,,0.0192891293817418,0.15241983055446434,0.07557799488584066,0,plain
1,fashion,64,identity,lasso,32.0,0.0887576437333309,0.21105802961492537,0.15527931658607896,0,plain
1,fashion,64,random,lasso,5.0,0.03575860883970297,0.13692118198124484,0.15451421611807584,0,plain
1,fashion,64,shuffled,lasso,5.0,-0.019918407905858745,0.023790919147426107,-0.04237604660913077,0,plain
1,fashion,64,pca,lasso,5.0,0.07641441696871762,0.318512035805686,0.3227001706495715,0,plain
1,fashion,64,emotion,lasso,1.0,0.011954523463343135,0.16164991744361099,0.12994122738534622,0,plain
1,fashion,64,population,elastic,,0.019558598936666536,0.1545422569514339,0.07696952740288557,0,plain
1,fashion,64,identity,elastic,37.0,0.09001635968848577,0.22986371466714392,0.17641469115085473,0,plain
1,fashion,64,random,elastic,5.0,0.031981769573072846,0.13697054073466275,0.15698716393477816,0,plain
1,fashion,64,shuffled,elastic,5.0,-0.01949013221304064,0.019842218873994386,-0.042491896876746746,0,plain
1,fashion,64,pca,elastic,5.0,0.07313759218224446,0.32527418502393785,0.32263551405098934,0,plain
1,fashion,64,emotion,elastic,6.0,0.03973692183910025,0.26579688715537253,0.1592054307792246,0,plain
1,fashion,69,population,lasso,,0.25685715596504816,0.3684563440793471,0.3279266081594601,0,plain
1,fashion,69,identity,lasso,29.0,0.13337435506593864,0.25941909358441306,0.2031988182126734,0,plain
1,fashion,69,random,lasso,4.0,-0.05327658196682037,-0.16001502902145756,-0.18334039194551213,0,plain
1,fashion,69,shuffled,lasso,6.0,0.13413302634011043,0.259783592511569,0.19340268033726135,0,plain
1,fashion,69,pca,lasso,7.0,0.17769478943430067,0.320498699520687,0.26588957360458343,0,plain
1,fashion,69,emotion,lasso,1.0,0.1521919633287282,0.3391402160809479,0.395409743769929,0,plain
1,fashion,69,population,elastic,,0.2582226802907926,0.3771522470557816,0.3312041551701974,0,plain
1,fashion,69,identity,elastic,32.0,0.12359412335604929,0.2551492490091578,0.20946475149337038,0,plain
1,fashion,69,random,elastic,4.0,-0.050318795188686864,-0.15985881519553358,-0.1826336446459607,0,plain
1,fashion,69,shuffled,elastic,6.0,0.133559291718918,0.2588463095560252,0.19398692868285541,0,plain
1,fashion,69,pca,elastic,7.0,0.1723677734324891,0.3184679197836753,0.26548399372774517,0,plain
1,fashion,69,emotion,elastic,3.0,0.2086092360497852,0.3198738442169911,0.31307194100940405,0,plain
1,fashion,81,population,lasso,,0.19870567353292382,0.3692783186665126,0.3750347794326793,0,plain
1,fashion,81,identity,lasso,12.0,0.14375261766831626,0.250314710761533,0.24372801051764728,0,plain
1,fashion,81,random,lasso,3.0,0.12476535091392964,0.2850215248108757,0.32877662107260336,0,plain
1,fashion,81,shuffled,lasso,6.0,0.3096358746562009,0.38695914846523444,0.43916505570511005,0,plain
1,fashion,81,pca,lasso,5.0,0.22785293227116626,0.3160721178833223,0.36755333967074444,0,plain
1,fashion,81,emotion,lasso,2.0,0.22467893498822028,0.39361674487092596,0.42038130223398945,0,plain
1,fashion,81,population,elastic,,0.19818814942768925,0.37560849229815385,0.37607143443115626,0,plain
1,fashion,81,identity,elastic,15.0,0.13859718022070255,0.2651578765184846,0.25528703490450405,0,plain
1,fashion,81,random,elastic,3.0,0.1139176676235817,0.2835481223276489,0.3256128144951956,0,plain
1,fashion,81,shuffled,elastic,6.0,0.30640817876935106,0.38908739649656215,0.4391369814539292,0,plain
1,fashion,81,pca,elastic,5.0,0.22178338045171953,0.3187460705380672,0.3684341165769148,0,plain
1,fashion,81,emotion,elastic,3.0,0.29804328725940477,0.34985123407285545,0.4007803911791437,0,plain
1,fashion,92,population,lasso,,0.03121809797195771,-0.005115651302146496,0.06370551284072574,0,plain
1,fashion,92,identity,lasso,23.0,0.24773067598910767,0.2340275848329334,0.3491389616329292,0,plain
1,fashion,92,random,lasso,6.0,-0.013919499881562589,-0.0877199575915436,-0.03450972036226473,0,plain
1,fashion,92,shuffled,lasso,7.0,0.2256967117923246,0.2105494378041347,0.2833298863619126,0,plain
1,fashion,92,pca,lasso,6.0,0.2569439943897627,0.2676831855049498,0.3374120728274109,0,plain
1,fashion,92,emotion,lasso,2.0,0.10497602158559076,0.15567734646847914,0.21864757463340387,0,plain
1,fashion,92,population,elastic,,0.03140402819896777,-0.004200218963867649,0.06473704659615745,0,plain
1,fashion,92,identity,elastic,26.0,0.23528767520449556,0.24307421029357137,0.34746972382099356,0,plain
1,fashion,92,random,elastic,5.0,-0.016129154731679165,-0.08185042083434393,-0.04275098452068789,0,plain
1,fashion,92,shuffled,elastic,7.0,0.22265763071851044,0.2105494378041347,0.2815800309908439,0,plain
1,fashion,92,pca,elastic,6.0,0.2503784122188313,0.26558307602301595,0.3359812943369814,0,plain
1,fashion,92,emotion,elastic,4.0,0.14584206251300053,0.16940883154266184,0.21203980481847634,0,plain
1,fashion,100,population,lasso,,0.24118383220397727,0.5042951676289588,0.57183790545427,0,plain
1,fashion,100,identity,lasso,31.0,0.3004925726968765,0.2600643451480065,0.3613648753019263,0,plain
1,fashion,100,random,lasso,6.0,0.06286645053915148,0.3542055134655401,0.19729900930968367,0,plain
1,fashion,100,shuffled,lasso,7.0,0.40929017111358035,0.49230620637626904,0.48464444786644634,0,plain
1,fashion,100,pca,lasso,3.0,0.33228827278687456,0.4242170002744957,0.4258759973380044,0,plain
1,fashion,100,emotion,lasso,2.0,0.4599791978847959,0.6203908050758903,0.6324438921710249,0,plain
1,fashion,100,population,elastic,,0.2399556770291868,0.5115795997824917,0.5712745869293533,0,plain
1,fashion,100,identity,elastic,32.0,0.3007839837451547,0.268815780999126,0.3758042124087484,0,plain
1,fashion,100,random,elastic,6.0,0.059918091947840584,0.36002294192148654,0.19749687412641626,0,plain
1,fashion,100,shuffled,elastic,7.0,0.4044311510638401,0.4847182562163389,0.4841920269062647,0,plain
1,fashion,100,pca,elastic,4.0,0.32526844760238116,0.4228005829113088,0.4257527085195623,0,plain
1,fashion,100,emotion,elastic,4.0,0.5211015579984323,0.5975763682617002,0.6348531967362011,0,plain
1,fashion,101,population,lasso,,0.1662893863824163,0.2734490433726677,0.26362645326331835,0,plain
1,fashion,101,identity,lasso,31.0,0.1859560280545736,0.32926309224735084,0.3011968353694394,0,plain
1,fashion,101,random,lasso,6.0,-0.0005220583532647888,-0.0018903153807824946,-0.0012502389108156222,0,plain
1,fashion,101,shuffled,lasso,6.0,0.09110689212937899,0.13386417604436032,0.14764993895373446,0,plain
1,fashion,101,pca,lasso,6.0,0.11988335144191856,0.21524722770120666,0.19373134308056367,0,plain
1,fashion,101,emotion,lasso,2.0,0.13979869816868087,0.34821599119677527,0.2918615865187034,0,plain
1,fashion,101,population,elastic,,0.16504895469224926,0.27937542299676854,0.2621099464705391,0,plain
1,fashion,101,identity,elastic,32.0,0.18711351166092866,0.37070079519976706,0.3236327770563691,0,plain
1,fashion,101,random,elastic,6.0,-0.0010467226955380498,0.003183689062370517,-0.0027200684653909137,0,plain
1,fashion,101,shuffled,elastic,6.0,0.09405056211308814,0.13555551085874468,0.15422466490897954,0,plain
1,fashion,101,pca,elastic,6.0,0.11592720786067875,0.2109691455236463,0.19276382482139479,0,plain
1,fashion,101,emotion,elastic,6.0,0.18992766830686036,0.3509519739847499,0.30175899267921896,0,plain
1,fashion,106,population,lasso,,0.1186881796136448,0.3054285396661419,0.3752685931259064,0,plain
1,fashion,106,identity,lasso,26.0,0.0990872616130166,0.20068332364909633,0.1514837230909886,0,plain
1,fashion,106,random,lasso,5.0,-0.002590350425990069,-0.014249703454373704,-0.004879410064519003,0,plain
1,fashion,106,shuffled,lasso,6.0,0.06480741317477696,0.10182600593437877,0.08772081765164386,0,plain
1,fashion,106,pca,lasso,7.0,0.019670229094157155,0.045965189267754065,0.037694292234544235,0,plain
1,fashion,106,emotion,lasso,3.0,0.04231041585790323,0.08802160571295423,0.09159850691064476,0,plain
1,fashion,106,population,elastic,,0.11810182584578281,0.307407665145916,0.376010447656484,0,plain
1,fashion,106,identity,elastic,35.0,0.08488105655232352,0.18702735783865487,0.1389885884995052,0,plain
1,fashion,106,random,elastic,5.0,-0.0059372061507043175,-0.01687204471507442,-0.012186427911861282,0,plain
1,fashion,106,shuffled,elastic,6.0,0.06548980243289827,0.10098487760547475,0.08927095166013428,0,plain
1,fashion,106,pca,elastic,7.0,0.01875572893832181,0.04799379288452254,0.036930646817227984,0,plain
1,fashion,106,emotion,elastic,6.0,0.05144135550188387,0.08327170456149632,0.0867797803025599,0,plain
1,fashion,111,population,lasso,,0.19718578156951744,0.37142990912224666,0.35069569588208876,0,plain
1,fashion,111,identity,lasso,38.0,0.38291156194869497,0.5615403386095158,0.5510448240681411,0,plain
1,fashion,111,random,lasso,7.0,0.07013345640369467,0.17208652671748675,0.1260109293465713,0,plain
1,fashion,111,shuffled,lasso,7.0,0.16384692305443968,0.28872622447834034,0.2806229892665167,0,plain
1,fashion,111,pca,lasso,6.0,0.358639299070363,0.4817833410669364,0.4873503202127626,0,plain
1,fashion,111,emotion,lasso,3.0,0.08268861781197476,0.4246667227528847,0.4015261904777259,0,plain
1,fashion,111,population,elastic,,0.19564730454550336,0.36607676088816965,0.3507243311359044,0,plain
1,fashion,111,identity,elastic,41.0,0.39986995117611346,0.6419357850240495,0.6174043402814507,0,plain
1,fashion,111,random,elastic,6.0,0.06538115311129594,0.1726267526860633,0.1248733104407295,0,plain
1,fashion,111,shuffled,elastic,7.0,0.16051842168124295,0.28798955270300863,0.27964042395116423,0,plain
1,fashion,111,pca,elastic,6.0,0.34877809988725517,0.4828146815524007,0.48669321492829953,0,plain
1,fashion,111,emotion,elastic,7.0,0.2355322857215766,0.4549193769931735,0.43874408119023806,0,plain
1,fashion,118,population,lasso,,0.22109498739042915,0.31293987686239594,0.3160488097089704,0,plain
1,fashion,118,identity,lasso,38.0,0.11973314832714353,0.20761880648979675,0.14258413328422911,0,plain
1,fashion,118,random,lasso,6.0,0.09725629892947077,0.2592633031148548,0.26456201081181896,0,plain
1,fashion,118,shuffled,lasso,7.0,0.05391205105856084,0.08921314196267228,0.0679617263697279,0,plain
1,fashion,118,pca,lasso,5.0,0.20733751190138897,0.29465118276004815,0.3210541643010376,0,plain
1,fashion,118,emotion,lasso,3.0,0.19551205438574276,0.3273626681463613,0.375079081343774,0,plain
1,fashion,118,population,elastic,,0.2196178574258464,0.31056085974339137,0.31598325030338154,0,plain
1,fashion,118,identity,elastic,45.0,0.1100548311361116,0.20063044370272073,0.13776883776570267,0,plain
1,fashion,118,random,elastic,6.0,0.086364397615635,0.2648143430591989,0.2626160784332331,0,plain
1,fashion,118,shuffled,elastic,7.0,0.05393345359448654,0.09060090194875828,0.06851324086444889,0,plain
1,fashion,118,pca,elastic,5.0,0.20107281192938592,0.29415555419358885,0.32014698712283396,0,plain
1,fashion,118,emotion,elastic,6.0,0.21865159632103962,0.30520807122563104,0.32742599307128356,0,plain
1,fashion,119,population,lasso,,0.2268238176666484,0.45093356776891286,0.51903221977726,0,plain
1,fashion,119,identity,lasso,34.0,0.26555157539708624,0.3889130694663497,0.38428860601247866,0,plain
1,fashion,119,random,lasso,5.0,0.15483509688275263,0.4034514183186474,0.3919788734818328,0,plain
1,fashion,119,shuffled,lasso,5.0,0.22429545203137408,0.3406477093035025,0.3806401130416261,0,plain
1,fashion,119,pca,lasso,4.0,0.278775780570939,0.4639054951960473,0.4482983555074266,0,plain
1,fashion,119,emotion,lasso,2.0,0.22247332691025046,0.42498971291464416,0.48631404392112576,0,plain
1,fashion,119,population,elastic,,0.22653192453916352,0.4544090653059942,0.5216219178175767,0,plain
1,fashion,119,identity,elastic,45.0,0.27622337459626956,0.43659102159476054,0.4273871080734207,0,plain
1,fashion,119,random,elastic,5.0,0.1443649564277082,0.4065842611689743,0.3947098551608747,0,plain
1,fashion,119,shuffled,elastic,6.0,0.2223148730666582,0.35313013003527327,0.3822292566164762,0,plain
1,fashion,119,pca,elastic,4.0,0.26984015589321964,0.4639054951960473,0.4469054608094108,0,plain
1,fashion,119,emotion,elastic,7.0,0.40775604522469433,0.5422755171237534,0.5605416239616264,0,plain
1,fashion,128,population,lasso,,0.36540372401756616,0.5530393399120798,0.5453617356400811,0,plain
1,fashion,128,identity,lasso,29.0,0.3890955496614641,0.5670828996881019,0.5519340964638264,0,plain
1,fashion,128,random,lasso,5.0,0.05868451108354465,0.07887140085477175,0.09553098289262889,0,plain
1,fashion,128,shuffled,lasso,6.0,0.19769709414463668,0.24596009269694968,0.27162020335650744,0,plain
1,fashion,128,pca,lasso,6.0,0.30826233095323785,0.3853572582202109,0.38711202042513115,0,plain
1,fashion,128,emotion,lasso,2.0,0.36683266516549945,0.5049747620871029,0.5276542801132607,0,plain
1,fashion,128,population,elastic,,0.3650443222492064,0.551654763596134,0.546768854914024,0,plain
1,fashion,128,identity,elastic,29.0,0.37562185255337815,0.5898295105929264,0.5614402705358086,0,plain
1,fashion,128,random,elastic,5.0,0.05493615965787789,0.06987165480112383,0.09531193143428783,0,plain
1,fashion,128,shuffled,elastic,6.0,0.19545597058758943,0.24724577070461368,0.2703076575215628,0,plain
1,fashion,128,pca,elastic,6.0,0.30267125184869925,0.3924779364165037,0.38836328947960796,0,plain
1,fashion,128,emotion,elastic,5.0,0.42404491486323137,0.497903533044951,0.5338757810106265,0,plain
1,fashion,129,population,lasso,,0.1342294814011242,0.19470993262140177,0.2741959062570859,0,plain
1,fashion,129,identity,lasso,26.0,0.0027370024187282392,-0.0033518924680457137,0.003948505582474665,0,plain
1,fashion,129,random,lasso,5.0,-0.01330271923783336,-0.04137335926975829,-0.050672359796218265,0,plain
1,fashion,129,shuffled,lasso,6.0,0.04814813896723546,0.05973372547532213,0.10199160787081286,0,plain
1,fashion,129,pca,lasso,7.0,-0.11452665467884386,-0.22777860308973336,-0.2636278729695513,0,plain
1,fashion,129,emotion,lasso,2.0,-0.025516740122913842,-0.17529897325421168,-0.16328409698652752,0,plain
1,fashion,129,population,elastic,,0.13474180793408252,0.20556606195820654,0.2768913744975561,0,plain
1,fashion,129,identity,elastic,31.0,0.0012422179088208316,-0.005853304757632068,0.0019822678781648093,0,plain
1,fashion,129,random,elastic,5.0,-0.011306334845730952,-0.022762851835235815,-0.046451073776982627,0,plain
1,fashion,129,shuffled,elastic,6.0,0.04134314074471604,0.061484714078032576,0.09015228514493616,0,plain
1,fashion,129,pca,elastic,7.0,-0.10977433967808063,-0.22772857484394166,-0.2631517630673957,0,plain
1,fashion,129,emotion,elastic,6.0,-0.046664460715244646,-0.1398789752336689,-0.09432719290602296,0,plain
1,fashion,137,population,lasso,,0.10493585752176299,0.16180588207829247,0.2014196223261979,0,plain
1,fashion,137,identity,lasso,26.0,0.008398399505011239,0.009401565013723417,0.01236434112051327,0,plain
1,fashion,137,random,lasso,4.0,-0.038600657556743294,-0.041515331823757606,-0.08972204340396008,0,plain
1,fashion,137,shuffled,lasso,6.0,-0.056095349895960746,-0.11935039375316255,-0.09495934312474887,0,plain
1,fashion,137,pca,lasso,7.0,0.09545572820854266,0.2700723254994864,0.19738572012203054,0,plain
1,fashion,137,emotion,lasso,2.0,0.05714911134718843,0.18090590363248846,0.1809554764786232,0,plain
1,fashion,137,population,elastic,,0.10368446271999188,0.1606677978924207,0.20025522414059374,0,plain
1,fashion,137,identity,elastic,29.0,0.009539459390297456,0.017368154314825888,0.01510574814009005,0,plain
1,fashion,137,random,elastic,4.0,-0.036320256033396975,-0.042603934088504526,-0.08994301072433879,0,plain
1,fashion,137,shuffled,elastic,6.0,-0.055653318877508136,-0.12147811636153151,-0.09484532670289575,0,plain
1,fashion,137,pca,elastic,7.0,0.09194430199942985,0.2690826870769892,0.19790774219245927,0,plain
1,fashion,137,emotion,elastic,7.0,0.12600269400516378,0.23360414963046447,0.23953925117454786,0,plain
1,landscape,5,population,lasso,,0.2574651485765484,0.38292076625459576,0.40610977485356187,0,plain
1,landscape,5,identity,lasso,47.0,0.5123747479575431,0.5951351055888773,0.6072827348822352,0,plain
1,landscape,5,random,lasso,6.0,0.1648748008018351,0.34187519444919967,0.3153425900704364,0,plain
1,landscape,5,shuffled,lasso,6.0,0.22779239694388395,0.4643440845418957,0.46254200684257996,0,plain
1,landscape,5,pca,lasso,6.0,0.43796585992929404,0.5739701799520522,0.5781128687697866,0,plain
1,landscape,5,emotion,lasso,4.0,0.25210794595105296,0.5256299007669739,0.5549194479210409,0,plain
1,landscape,5,population,elastic,,0.2578898402085944,0.3950957356136431,0.4082851560849315,0,plain
1,landscape,5,identity,elastic,53.0,0.4983574215506797,0.6095190356333214,0.6106559623017431,0,plain
1,landscape,5,random,elastic,6.0,0.14864494695178138,0.3373545307209458,0.304214087631169,0,plain
1,landscape,5,shuffled,elastic,6.0,0.21971929316640762,0.45103894925078486,0.45507089233325576,0,plain
1,landscape,5,pca,elastic,6.0,0.43343838308829064,0.5739701799520522,0.579091800092449,0,plain
1,landscape,5,emotion,elastic,4.0,0.21730338451116266,0.5227531147580851,0.5377765628397412,0,plain
1,landscape,6,population,lasso,,0.38435734732560367,0.6503989838322114,0.6281218007451184,0,plain
1,landscape,6,identity,lasso,57.0,0.45059577683281116,0.47266911045570525,0.5059787314868408,0,plain
1,landscape,6,random,lasso,7.0,-0.0034581541275065597,0.026870713304850424,-0.00942048005647217,0,plain
1,landscape,6,shuffled,lasso,6.0,0.30185499435309776,0.38689897255759037,0.3845472431857769,0,plain
1,landscape,6,pca,lasso,7.0,0.4719355499497254,0.5328948773876003,0.5355706227689239,0,plain
1,landscape,6,emotion,lasso,3.0,0.4329112121717216,0.5636954939180231,0.5706889979962964,0,plain
1,landscape,6,population,elastic,,0.3827349842939453,0.6437672721390582,0.6270366116841259,0,plain
1,landscape,6,identity,elastic,67.0,0.4424767975479686,0.4638268281981677,0.5067727912692515,0,plain
1,landscape,6,random,elastic,7.0,-0.004212296750172267,0.014000280241101226,-0.012249399239133964,0,plain
1,landscape,6,shuffled,elastic,6.0,0.2951740497961476,0.379579527799962,0.3813571937759899,0,plain
1,landscape,6,pca,elastic,7.0,0.4685888286427322,0.5339264769843131,0.5353486374228269,0,plain
1,landscape,6,emotion,elastic,6.0,0.40813436018986227,0.5712605576272497,0.5749695388452277,0,plain
1,landscape,16,population,lasso,,0.275181312902688,0.4914434355657378,0.4930449801526121,0,plain
1,landscape,16,identity,lasso,66.0,0.45975878263644626,0.5113601888937164,0.4786024644752526,0,plain
1,landscape,16,random,lasso,6.0,0.09636087851319389,0.09374609756100269,0.1558440646484611,0,plain
1,landscape,16,shuffled,lasso,6.0,0.09303361866756052,0.16384718255036573,0.1438197073527221,0,plain
1,landscape,16,pca,lasso,7.0,0.3050274028994727,0.41476884085728816,0.3630646087667182,0,plain
1,landscape,16,emotion,lasso,3.0,0.4098551640655926,0.4991942903091383,0.49836326651087237,0,plain
1,landscape,16,population,elastic,,0.27586297637815005,0.49203210807789477,0.4951519640846999,0,plain
1,landscape,16,identity,elastic,87.0,0.46074748168377117,0.5237223116490134,0.48825907913418354,0,plain
1,landscape,16,random,elastic,6.0,0.0910145407627758,0.0960026755242712,0.15762499954465953,0,plain
1,landscape,16,shuffled,elastic,6.0,0.10143332051876787,0.2171220449005745,0.170018569963814,0,plain
1,landscape,16,pca,elastic,7.0,0.3015508582285579,0.4108934134855879,0.3620325603394551,0,plain
1,landscape,16,emotion,elastic,5.0,0.40049520167522956,0.5100356757413631,0.5139248899075679,0,plain
1,landscape,17,population,lasso,,-0.06833769845078173,-0.062030082111560816,-0.08746753760790588,0,plain
1,landscape,17,identity,lasso,55.0,0.026033499294807166,0.0862564231937584,0.030014266378233914,0,plain
1,landscape,17,random,lasso,4.0,-0.01955045374498579,-0.11878893836128084,-0.07033280263331726,0,plain
1,landscape,17,shuffled,lasso,5.0,-0.027260673886258142,-0.04467230806145882,-0.052361472770172356,0,plain
1,landscape,17,pca,lasso,7.0,0.04971284586381555,0.06272226328533789,0.08672144104085072,0,plain
1,landscape,17,emotion,lasso,2.0,0.0842594617271767,0.06384040210451623,0.1535355431441949,0,plain
1,landscape,17,population,elastic,,-0.06787579870200455,-0.06352093387046528,-0.08698811921488958,0,plain
1,landscape,17,identity,elastic,64.0,0.019366396960849082,0.06048598564698119,0.023238867264316693,0,plain
1,landscape,17,random,elastic,4.0,-0.018308350098094575,-0.12496532421959934,-0.07058466455867943,0,plain
1,landscape,17,shuffled,elastic,5.0,-0.027717350020739332,-0.04275549865715308,-0.054233999310019626,0,plain
1,landscape,17,pca,elastic,7.0,0.04932080856844265,0.064426093866943,0.08733126803316205,0,plain
1,landscape,17,emotion,elastic,2.0,0.0740810852003308,0.06384040210451623,0.1532981685712108,0,plain
1,landscape,23,population,lasso,,0.3337246364385285,0.7213594763066882,0.7105768375689813,0,plain
1,landscape,23,identity,lasso,65.0,0.569767584436338,0.6366800541032201,0.6189025300095683,0,plain
1,landscape,23,random,lasso,5.0,0.05102939919628051,0.1467386648430852,0.24557138691829014,0,plain
1,landscape,23,shuffled,lasso,5.0,0.3982299146679005,0.5700382750864437,0.5544279204989535,0,plain
1,landscape,23,pca,lasso,7.0,0.4978919134445784,0.6240537038725361,0.5855047467523284,0,plain
1,landscape,23,emotion,lasso,3.0,0.46266570495010645,0.6491601531729312,0.6201561010167582,0,plain
1,landscape,23,population,elastic,,0.3327494556774255,0.7204819693408493,0.7103926679638781,0,plain
1,landscape,23,identity,elastic,80.0,0.5865546572290057,0.6585202274752142,0.6409509091991035,0,plain
1,landscape,23,random,elastic,5.0,0.04675417134780017,0.143228636979729,0.24668212700975004,0,plain
1,landscape,23,shuffled,elastic,6.0,0.3900902315195516,0.5581431806606254,0.5507088435922733,0,plain
1,landscape,23,pca,elastic,7.0,0.49338574865403106,0.6249799612253661,0.5853552630125721,0,plain
1,landscape,23,emotion,elastic,6.0,0.45214771530064135,0.6604702429548567,0.6328654688813017,0,plain
1,landscape,35,population,lasso,,0.370055348500643,0.5020486648274768,0.5043063709114473,0,plain
1,landscape,35,identity,lasso,40.0,0.0480765418255694,0.03102803023504153,0.06583587038657465,0,plain
1,landscape,35,random,lasso,4.0,-0.023772580895597483,-0.0884424991902891,-0.08049105212557357,0,plain
1,landscape,35,shuffled,lasso,6.0,0.09215240545040432,0.15211302627422799,0.17306002230108045,0,plain
1,landscape,35,pca,lasso,5.0,0.05882609031875758,0.13611971638071876,0.11127553567218104,0,plain
1,landscape,35,emotion,lasso,3.0,0.10930361200758937,0.38161954585016933,0.3737941495010633,0,plain
1,landscape,35,population,elastic,,0.36854626321031236,0.4981638545378863,0.5030254011708308,0,plain
1,landscape,35,identity,elastic,46.0,0.033093694617156645,0.03945352787610158,0.04718941232183707,0,plain
1,landscape,35,random,elastic,4.0,-0.02167394588451975,-0.08208553689823182,-0.07959665034196868,0,plain
1,landscape,35,shuffled,elastic,6.0,0.08962805162302073,0.1457560639821707,0.17101611295785427,0,plain
1,landscape,35,pca,elastic,5.0,0.05784513199908853,0.13617016846240176,0.11117142062698054,0,plain
1,landscape,35,emotion,elastic,3.0,0.10604975213893286,0.3854034519763939,0.38822528507941184,0,plain
1,landscape,39,population,lasso,,0.41523729553498834,0.7819465766627206,0.7415092489523895,0,plain
1,landscape,39,identity,lasso,55.0,0.6083278276845658,0.61464476683917,0.6249038155203153,0,plain
1,landscape,39,random,lasso,4.0,0.07204509169310266,0.2137442773034233,0.19878857283490362,0,plain
1,landscape,39,shuffled,lasso,5.0,0.5822257936735806,0.7035687237622529,0.6846348998502156,0,plain
1,landscape,39,pca,lasso,7.0,0.696553488603012,0.7638251021449877,0.7547851944758025,0,plain
1,landscape,39,emotion,lasso,3.0,0.6543912349143302,0.7505063134967085,0.7532367966045022,0,plain
1,landscape,39,population,elastic,,0.4153132242091371,0.7780846230769741,0.7423994789488683,0,plain
1,landscape,39,identity,elastic,61.0,0.6223365216082645,0.6502440569436782,0.6424208449329318,0,plain
1,landscape,39,random,elastic,4.0,0.06821237281218812,0.2315191662429482,0.20284866420604175,0,plain
1,landscape,39,shuffled,elastic,5.0,0.5673331122268952,0.6959438410416767,0.6750681676160258,0,plain
1,landscape,39,pca,elastic,7.0,0.6931499465870179,0.7638251021449877,0.7549700579043701,0,plain
1,landscape,39,emotion,elastic,5.0,0.6356734898599744,0.7504568012712503,0.7499936517133103,0,plain
1,landscape,44,population,lasso,,0.3685199460988438,0.6477521805174489,0.5999433628338422,0,plain
1,landscape,44,identity,lasso,42.0,0.16117218651712006,0.24031550408730837,0.1824835285293144,0,plain
1,landscape,44,random,lasso,6.0,0.04798865757024363,0.1291367948076216,0.12468007690644185,0,plain
1,landscape,44,shuffled,lasso,5.0,0.3477997557371884,0.5107461122762378,0.5516061930402121,0,plain
1,landscape,44,pca,lasso,7.0,0.219327884390208,0.28188140991601157,0.3102963931698408,0,plain
1,landscape,44,emotion,lasso,4.0,0.28835228811560126,0.580258027606278,0.48864136048652973,0,plain
1,landscape,44,population,elastic,,0.36776520371216936,0.6428086625912197,0.5998657601879276,0,plain
1,landscape,44,identity,elastic,60.0,0.1485086809985371,0.23814640948702412,0.17675423352616032,0,plain
1,landscape,44,random,elastic,6.0,0.040984787657094804,0.1235375040952599,0.11595547627017293,0,plain
1,landscape,44,shuffled,elastic,5.0,0.3435103201183088,0.5103930038529357,0.5521606601804364,0,plain
1,landscape,44,pca,elastic,7.0,0.2160961283540152,0.2850593857257304,0.3093501443934148,0,plain
1,landscape,44,emotion,elastic,4.0,0.26552384524817557,0.5387425658380465,0.4686065302659107,0,plain
1,landscape,51,population,lasso,,0.3589099685646051,0.7354496362666483,0.7017461642696581,0,plain
1,landscape,51,identity,lasso,63.0,0.4821295488180356,0.43249148915826197,0.4903794441849549,0,plain
1,landscape,51,random,lasso,6.0,0.002191079501581242,0.053672154876413455,0.018092709178979628,0,plain
1,landscape,51,shuffled,lasso,6.0,0.36677285295927586,0.5545311667920289,0.5810311169581653,0,plain
1,landscape,51,pca,lasso,7.0,0.47717688926014773,0.651510862774524,0.6679001780107586,0,plain
1,landscape,51,emotion,lasso,4.0,0.4541019604690071,0.6718994692053646,0.6295105899975821,0,plain
1,landscape,51,population,elastic,,0.3582082693431118,0.7371040816572177,0.7031428499552377,0,plain
1,landscape,51,identity,elastic,77.0,0.5079240451628084,0.4721981785319277,0.5261765184798266,0,plain
1,landscape,51,random,elastic,5.0,0.0013176459089689963,0.052309670437121016,0.011642860226568593,0,plain
1,landscape,51,shuffled,elastic,7.0,0.3590242419414026,0.562803393744876,0.5823827483457679,0,plain
1,landscape,51,pca,elastic,7.0,0.47126102744709175,0.651510862774524,0.6672191851356772,0,plain
1,landscape,51,emotion,elastic,5.0,0.4368105087776389,0.6810475790120425,0.6411366347579252,0,plain
1,landscape,64,population,lasso,,0.17597411990194511,0.344382673117127,0.3619298148714114,0,plain
1,landscape,64,identity,lasso,64.0,0.09718457778136967,0.10452004250083773,0.1019895029976923,0,plain
1,landscape,64,random,lasso,5.0,0.021059565785596545,0.0376884652306896,0.047197262073657945,0,plain
1,landscape,64,shuffled,lasso,7.0,0.148504436084444,0.26456018319210156,0.25995621742938024,0,plain
1,landscape,64,pca,lasso,7.0,0.1980920421780105,0.27246340001636155,0.24908435082945252,0,plain
1,landscape,64,emotion,lasso,1.0,0.2210112155186156,0.26110252583148785,0.30159257798736266,0,plain
1,landscape,64,population,elastic,,0.1747382855166427,0.3385046556040836,0.36010465605463365,0,plain
1,landscape,64,identity,elastic,76.0,0.12364516675938661,0.14690104272093168,0.131306692214007,0,plain
1,landscape,64,random,elastic,5.0,0.01907065346264428,0.03383564702886288,0.04512578104377677,0,plain
1,landscape,64,shuffled,elastic,6.0,0.14518892453934248,0.2500380222775239,0.26093412220306406,0,plain
1,landscape,64,pca,elastic,7.0,0.1963288291753677,0.27369827764515214,0.24929116846976834,0,plain
1,landscape,64,emotion,elastic,4.0,0.22272889786951375,0.27927992452728573,0.3197762595018471,0,plain
1,landscape,69,population,lasso,,0.20656589551461768,0.2655974181056436,0.2398277403230218,0,plain
1,landscape,69,identity,lasso,50.0,0.06400742639277796,0.03815938514703796,0.07308106721670901,0,plain
1,landscape,69,random,lasso,3.0,0.06030790885774317,0.08927474190898538,0.14086301017540778,0,plain
1,landscape,69,shuffled,lasso,2.0,-0.007125341262782957,-0.00804687299519766,-0.02404659527521861,0,plain
1,landscape,69,pca,lasso,6.0,0.1818987088850968,0.2532993669243037,0.2793101531450721,0,plain
1,landscape,69,emotion,lasso,2.0,0.012089746007162857,0.2130650019483154,0.14331688573370235,0,plain
1,landscape,69,population,elastic,,0.2060563620070204,0.2702534704047516,0.239760430360174,0,plain
1,landscape,69,identity,elastic,58.0,0.07422070799706615,0.033857597696775064,0.09021683380233103,0,plain
1,landscape,69,random,elastic,3.0,0.05662188575152082,0.09205825143562608,0.1411763982607225,0,plain
1,landscape,69,shuffled,elastic,2.0,-0.006880978807977852,-0.00804687299519766,-0.02406244513259015,0,plain
1,landscape,69,pca,elastic,6.0,0.1796661423065642,0.2532993669243037,0.2792857031573177,0,plain
1,landscape,69,emotion,elastic,1.0,0.009019861071693152,0.20856077744156953,0.133192156673744,0,plain
1,landscape,81,population,lasso,,0.3208264027120852,0.447280385465165,0.399767977219099,0,plain
1,landscape,81,identity,lasso,32.0,0.3727788928224794,0.4946278803245013,0.5209725498034388,0,plain
1,landscape,81,random,lasso,2.0,0.03251688346432121,0.16938785487292637,0.18178056403624046,0,plain
1,landscape,81,shuffled,lasso,6.0,0.1890255388550563,0.5341937267231596,0.4714531568612609,0,plain
1,landscape,81,pca,lasso,6.0,0.3709119594011288,0.5300289007864588,0.534075841173247,0,plain
1,landscape,81,emotion,lasso,2.0,0.10078496290469428,0.4380191277901328,0.4273602867272271,0,plain
1,landscape,81,population,elastic,,0.32223145488850524,0.4495271994573326,0.4021615383967744,0,plain
1,landscape,81,identity,elastic,35.0,0.3572635216161574,0.49440867895941176,0.521076698724255,0,plain
1,landscape,81,random,elastic,2.0,0.02777946610518379,0.17152506818254917,0.18190970661632822,0,plain
1,landscape,81,shuffled,elastic,6.0,0.17879404308146943,0.5254256721195788,0.46417151567243276,0,plain
1,landscape,81,pca,elastic,6.0,0.3665595985106037,0.5321661140960815,0.5345485650575389,0,plain
1,landscape,81,emotion,elastic,4.0,0.0875996947371697,0.4427319571395575,0.42968910105998565,0,plain
1,landscape,92,population,lasso,,0.27096235011866193,0.4481299341718271,0.4453587074904894,0,plain
1,landscape,92,identity,lasso,61.0,0.3570614678151364,0.3420412159171503,0.39875488780667656,0,plain
1,landscape,92,random,lasso,4.0,-0.04167616374136051,-0.09330213074375536,-0.12984638402013407,0,plain
1,landscape,92,shuffled,lasso,6.0,0.2069869038723528,0.34643660537402954,0.38315781152753625,0,plain
1,landscape,92,pca,lasso,7.0,0.3167871708224514,0.3818494590663864,0.45228848399049393,0,plain
1,landscape,92,emotion,lasso,4.0,0.22283246640978427,0.42420503019631384,0.405666898252193,0,plain
1,landscape,92,population,elastic,,0.2710554046526328,0.4529249044884227,0.4465915784929452,0,plain
1,landscape,92,identity,elastic,71.0,0.342044190789645,0.35188089458766414,0.3918327638947898,0,plain
1,landscape,92,random,elastic,3.0,-0.03849695499311162,-0.08221376188662813,-0.1300274532363303,0,plain
1,landscape,92,shuffled,elastic,6.0,0.20002604616712588,0.3590234024550929,0.3884792260484799,0,plain
1,landscape,92,pca,elastic,7.0,0.3121357835913657,0.3818494590663864,0.45251453098606104,0,plain
1,landscape,92,emotion,elastic,5.0,0.2173021844899197,0.4305983239517746,0.41074069455684525,0,plain
1,landscape,100,population,lasso,,0.24670538155863123,0.4998736654880691,0.4486812343967592,0,plain
1,landscape,100,identity,lasso,67.0,0.32576627453647367,0.35344249482056794,0.3463203629727193,0,plain
1,landscape,100,random,lasso,4.0,-0.016468951315996624,-0.07606230318097006,-0.026403896049596903,0,plain
1,landscape,100,shuffled,lasso,4.0,0.11536029111213299,0.23577815713549546,0.20198284724493878,0,plain
1,landscape,100,pca,lasso,7.0,0.48564728071537,0.564898694208767,0.5685212084586022,0,plain
1,landscape,100,emotion,lasso,2.0,0.36537989177220653,0.4819942797107957,0.45909311057716895,0,plain
1,landscape,100,population,elastic,,0.24681021417080046,0.49702694764084954,0.44956743219765277,0,plain
1,landscape,100,identity,elastic,78.0,0.3349333641534216,0.39389585370210817,0.37077078496467797,0,plain
1,landscape,100,random,elastic,4.0,-0.0163339917123006,-0.07771040298725501,-0.027683552421953812,0,plain
1,landscape,100,shuffled,elastic,4.0,0.11182902696520665,0.2572034546172001,0.2043353789706526,0,plain
1,landscape,100,pca,elastic,7.0,0.48151170309273184,0.5648487517903947,0.5682254216429845,0,plain
1,landscape,100,emotion,elastic,6.0,0.3583953636627639,0.5096623794890344,0.46705466699423676,0,plain
1,landscape,101,population,lasso,,0.13234257352884593,0.17813769249125225,0.2111893442256317,0,plain
1,landscape,101,identity,lasso,41.0,0.2695341230829798,0.25213725890131305,0.29213806931721426,0,plain
1,landscape,101,random,lasso,5.0,0.08249028261293162,0.20248233006708954,0.25359816542182123,0,plain
1,landscape,101,shuffled,lasso,6.0,0.1690595494930194,0.24944359336578203,0.2786692875503408,0,plain
1,landscape,101,pca,lasso,7.0,0.38841134919198705,0.39947568130705924,0.45801156618764477,0,plain
1,landscape,101,emotion,lasso,2.0,0.1920721694773812,0.2659105298471417,0.34987462969025535,0,plain
1,landscape,101,population,elastic,,0.13265559078170244,0.17813769249125225,0.21177832255462617,0,plain
1,landscape,101,identity,elastic,48.0,0.2676283582816632,0.27216186684469496,0.30350719786677033,0,plain
1,landscape,101,random,elastic,5.0,0.07376197684139962,0.2035496315056962,0.2547084854641298,0,plain
1,landscape,101,shuffled,elastic,6.0,0.15213697269949583,0.23267171361624897,0.2626590078470522,0,plain
1,landscape,101,pca,elastic,7.0,0.38477621922415167,0.39759519781999036,0.4582985940963553,0,plain
1,landscape,101,emotion,elastic,2.0,0.17076223444596778,0.2673335984319506,0.3492071645042883,0,plain
1,landscape,106,population,lasso,,0.2772386047355608,0.4628706837424117,0.4769542745936409,0,plain
1,landscape,106,identity,lasso,58.0,0.2393085473720158,0.2843751553951615,0.2861720495305027,0,plain
1,landscape,106,random,lasso,6.0,-0.06310108020502425,-0.08226832171745142,-0.18965668653025625,0,plain
1,landscape,106,shuffled,lasso,6.0,0.16961766151580507,0.31382741256837665,0.28028344911090397,0,plain
1,landscape,106,pca,lasso,7.0,0.24205178751632883,0.3947592453048587,0.29910917632620765,0,plain
1,landscape,106,emotion,lasso,2.0,0.216081901943017,0.4199545375757268,0.3863546706458037,0,plain
1,landscape,106,population,elastic,,0.2753541764003827,0.4641576731314933,0.4748962590216147,0,plain
1,landscape,106,identity,elastic,71.0,0.22339459287776375,0.2748217341608245,0.27292186590758627,0,plain
1,landscape,106,random,elastic,6.0,-0.05828003439581465,-0.08291181641199226,-0.19005789078319008,0,plain
1,landscape,106,shuffled,elastic,7.0,0.16679690613902992,0.31595589501955024,0.2856504585258408,0,plain
1,landscape,106,pca,elastic,7.0,0.23996923510012655,0.3954027399993995,0.2991706909699915,0,plain
1,landscape,106,emotion,elastic,2.0,0.20368505761880504,0.41990503798383894,0.3915750751134193,0,plain
1,landscape,111,population,lasso,,0.2999980744782008,0.47533545131289273,0.4767458663749285,0,plain
1,landscape,111,identity,lasso,68.0,0.46011441703819056,0.4997444360785201,0.507876285112488,0,plain
1,landscape,111,random,lasso,4.0,0.049873868462524076,0.22455281751120507,0.22681941596407992,0,plain
1,landscape,111,shuffled,lasso,6.0,0.20808946163319367,0.4167243608776868,0.40049246643313585,0,plain
1,landscape,111,pca,lasso,7.0,0.32374917553389787,0.46593602371161286,0.4550438614861077,0,plain
1,landscape,111,emotion,lasso,3.0,0.24209649406727293,0.40860443651008893,0.44310808182127864,0,plain
1,landscape,111,population,elastic,,0.29843007240636205,0.4716445766003483,0.4759944256707732,0,plain
1,landscape,111,identity,elastic,79.0,0.4502807850384674,0.5017129025918772,0.5178149063083063,0,plain
1,landscape,111,random,elastic,4.0,0.04556196325070287,0.22440518252270328,0.22637838250463385,0,plain
1,landscape,111,shuffled,elastic,6.0,0.19188571562184875,0.4067343933223997,0.3861583698552831,0,plain
1,landscape,111,pca,elastic,7.0,0.32061838514224045,0.46721552694529495,0.4549299865633599,0,plain
1,landscape,111,emotion,elastic,3.0,0.22568549536659446,0.42130104552124187,0.44775491537736706,0,plain
1,landscape,118,population,lasso,,0.30485245222531815,0.5315450027131093,0.49545982741938954,0,plain
1,landscape,118,identity,lasso,55.0,0.48008302047945695,0.4824034780149229,0.5259804244674925,0,plain
1,landscape,118,random,lasso,6.0,0.16357193130682285,0.19024292388223968,0.18985920278701296,0,plain
1,landscape,118,shuffled,lasso,6.0,0.3342185404696429,0.404683194272401,0.4686954027299238,0,plain
1,landscape,118,pca,lasso,7.0,0.4412282223994398,0.44302055396602164,0.49031599397945325,0,plain
1,landscape,118,emotion,lasso,4.0,0.523605259454578,0.5799396957289525,0.5861351518314631,0,plain
1,landscape,118,population,elastic,,0.3047121788978622,0.5351795835671799,0.4960240721406432,0,plain
1,landscape,118,identity,elastic,67.0,0.4906713978814131,0.5018708905346705,0.5438535983938251,0,plain
1,landscape,118,random,elastic,6.0,0.1598636176171096,0.19089017800693717,0.19119592817733586,0,plain
1,landscape,118,shuffled,elastic,6.0,0.33267566239488405,0.40015241539951857,0.47931494518963585,0,plain
1,landscape,118,pca,elastic,7.0,0.43776346485718454,0.44302055396602164,0.4895338797740805,0,plain
1,landscape,118,emotion,elastic,6.0,0.529682512938868,0.6013488706227927,0.6032315088851287,0,plain
1,landscape,119,population,lasso,,0.3642218222081841,0.7139623265318558,0.7167228414125556,0,plain
1,landscape,119,identity,lasso,60.0,0.5138192859033115,0.520642372450244,0.5215972595991275,0,plain
1,landscape,119,random,lasso,6.0,0.2956209336733231,0.4635273886058321,0.425055604869051,0,plain
1,landscape,119,shuffled,lasso,7.0,0.5992264661250383,0.6644559996062436,0.6671827911739887,0,plain
1,landscape,119,pca,lasso,6.0,0.6868563826234285,0.6903354445208456,0.7039396725451628,0,plain
1,landscape,119,emotion,lasso,5.0,0.6469525427444136,0.6982945001135376,0.698614581799652,0,plain
1,landscape,119,population,elastic,,0.36443277149094294,0.7161648324820347,0.7175208176053844,0,plain
1,landscape,119,identity,elastic,71.0,0.5323461457565978,0.5345582054991016,0.541142950571073,0,plain
1,landscape,119,random,elastic,6.0,0.28107748844215097,0.464778812441161,0.42822056438256134,0,plain
1,landscape,119,shuffled,elastic,7.0,0.5841887784474917,0.6580987665227727,0.664086900821132,0,plain
1,landscape,119,pca,elastic,6.0,0.6839360432525486,0.6943400007938982,0.7039305908322886,0,plain
1,landscape,119,emotion,elastic,5.0,0.6316618352858977,0.6902353306140193,0.6982203161035071,0,plain
1,landscape,128,population,lasso,,0.3030419789903048,0.4319536477488845,0.4101193252690858,0,plain
1,landscape,128,identity,lasso,49.0,0.17192863550934165,0.2031537510467167,0.24555535660291516,0,plain
1,landscape,128,random,lasso,3.0,0.06809990334924651,0.264019259792856,0.20682489326318726,0,plain
1,landscape,128,shuffled,lasso,3.0,0.051989879630901466,0.12324257813994768,0.13175428321458632,0,plain
1,landscape,128,pca,lasso,6.0,0.2616406518815677,0.47543620904683004,0.5010504565250896,0,plain
1,landscape,128,emotion,lasso,2.0,0.15169601706746072,0.4428872697670238,0.42273671356851494,0,plain
1,landscape,128,population,elastic,,0.30473828925633323,0.43643794433696925,0.41263138303378094,0,plain
1,landscape,128,identity,elastic,53.0,0.18221161286231505,0.2119711881581193,0.2751398077147469,0,plain
1,landscape,128,random,elastic,3.0,0.06377988879243048,0.264019259792856,0.20737202008894,0,plain
1,landscape,128,shuffled,elastic,3.0,0.05329430822804186,0.1312538495725935,0.13819158598118855,0,plain
1,landscape,128,pca,elastic,6.0,0.25790324460556596,0.47543620904683004,0.500479354459358,0,plain
1,landscape,128,emotion,elastic,3.0,0.14397829372447785,0.45699516914526794,0.4313843440911727,0,plain
1,landscape,129,population,lasso,,0.38003738366406153,0.5530259215904626,0.5666037194767579,0,plain
1,landscape,129,identity,lasso,47.0,0.42837484038986107,0.45944381544236473,0.5321956664320875,0,plain
1,landscape,129,random,lasso,5.0,0.1520452072097619,0.32950463771996585,0.3316224587829839,0,plain
1,landscape,129,shuffled,lasso,5.0,0.30033534400963197,0.35754440661905,0.4740979638092813,0,plain
1,landscape,129,pca,lasso,7.0,0.46369141688525617,0.5190594519826911,0.5594653617041534,0,plain
1,landscape,129,emotion,lasso,3.0,0.3638063758469576,0.5627377420794882,0.5840380346360236,0,plain
1,landscape,129,population,elastic,,0.3795988168316417,0.5558647614257163,0.5670284644415465,0,plain
1,landscape,129,identity,elastic,54.0,0.41589603570034456,0.45839792708200805,0.5411810554002691,0,plain
1,landscape,129,random,elastic,5.0,0.14114808020993058,0.32412578329527475,0.32944725956220383,0,plain
1,landscape,129,shuffled,elastic,3.0,0.27682478506232683,0.359387162301583,0.47279065607595455,0,plain
1,landscape,129,pca,elastic,7.0,0.45825321175182715,0.5202547529659557,0.5596014433255734,0,plain
1,landscape,129,emotion,elastic,6.0,0.3506178476861497,0.5758362486877637,0.5879524013635378,0,plain
1,landscape,137,population,lasso,,0.25617220610202224,0.39580411833252616,0.4322437459197711,0,plain
1,landscape,137,identity,lasso,58.0,0.3341023375087192,0.4387011025572254,0.36799208151741414,0,plain
1,landscape,137,random,lasso,6.0,-0.010804957991294991,-0.017675146277769605,-0.02778799904711556,0,plain
1,landscape,137,shuffled,lasso,7.0,0.24611467586356497,0.28200795184756,0.3088252484002214,0,plain
1,landscape,137,pca,lasso,6.0,0.3679528220961021,0.405138184344382,0.43180041477495984,0,plain
1,landscape,137,emotion,lasso,3.0,0.3914653103215051,0.3987830755703525,0.4573933434029327,0,plain
1,landscape,137,population,elastic,,0.2562735027544322,0.3967971040784682,0.43332163047327216,0,plain
1,landscape,137,identity,elastic,64.0,0.34010027742318205,0.42926773797077533,0.3829127993325266,0,plain
1,landscape,137,random,elastic,6.0,-0.011856910615307314,-0.029392378079886535,-0.03272231750814682,0,plain
1,landscape,137,shuffled,elastic,7.0,0.24542880387330746,0.2813128618254005,0.3145477646976572,0,plain
1,landscape,137,pca,elastic,6.0,0.3644640537073625,0.405138184344382,0.4314037226511782,0,plain
1,landscape,137,emotion,elastic,4.0,0.3937139554819902,0.4153659375275857,0.475985438555784,0,plain
2,art,7,population,lasso,,0.25090313656844554,0.24768052860183176,0.2943101731834451,0,plain
2,art,7,identity,lasso,56.0,0.4384440258304299,0.46198988688353687,0.46568698937045877,0,plain
2,art,7,random,lasso,7.0,0.4078714269367529,0.4452299231863558,0.4625397528842181,0,plain
2,art,7,shuffled,lasso,7.0,0.21479047737661577,0.25858938071242293,0.25739167502170257,0,plain
2,art,7,pca,lasso,7.0,0.39831397352247294,0.4372466268690595,0.4328274471761856,0,plain
2,art,7,emotion,lasso,3.0,0.34332511556874334,0.4149330657337594,0.4438807289614922,0,plain
2,art,7,population,elastic,,0.25006612444911025,0.2530357832743038,0.29381962105640674,0,plain
2,art,7,identity,elastic,60.0,0.4399223847000097,0.4764193230843643,0.4738190517208479,0,plain
2,art,7,random,elastic,7.0,0.4076218474960007,0.45008932094471005,0.4625678919347681,0,plain
2,art,7,shuffled,elastic,7.0,0.21435122421281072,0.2549200395479514,0.2572136965930457,0,plain
2,art,7,pca,elastic,7.0,0.3945147612597887,0.438486269154354,0.4350160468410339,0,plain
2,art,7,emotion,elastic,4.0,0.32763504407174787,0.3926195045984592,0.43927469398227253,0,plain
2,art,8,population,lasso,,0.3132415247312917,0.5803194935965504,0.6009545402397912,0,plain
2,art,8,identity,lasso,54.0,0.572337188203519,0.5746817091293857,0.6259674581910106,0,plain
2,art,8,random,lasso,7.0,0.016188890311145798,0.04659150182298397,0.019021913238063744,0,plain
2,art,8,shuffled,lasso,7.0,0.11226425005121062,0.11679787443295984,0.21288659136131832,0,plain
2,art,8,pca,lasso,6.0,0.5240985160686534,0.6045726041345421,0.5906331530887761,0,plain
2,art,8,emotion,lasso,3.0,0.48199186742250816,0.5278774607227351,0.5542434465092336,0,plain
2,art,8,population,elastic,,0.3135212570437053,0.5823405861413831,0.6027709017717519,0,plain
2,art,8,identity,elastic,61.0,0.5771933583331667,0.594307581472629,0.6350049149171427,0,plain
2,art,8,random,elastic,7.0,0.01608744184203091,0.04659150182298397,0.018919649211690762,0,plain
2,art,8,shuffled,elastic,7.0,0.11225452441235295,0.11679787443295984,0.21317643286281895,0,plain
2,art,8,pca,elastic,6.0,0.5201157836103997,0.6045726041345421,0.5901648841398275,0,plain
2,art,8,emotion,elastic,4.0,0.4699023948715994,0.5215482498586539,0.5547999552426279,0,plain
2,art,40,population,lasso,,0.13650600544809874,0.23862766519736073,0.2562003006508341,0,plain
2,art,40,identity,lasso,57.0,0.18659191634909109,0.18117749376426573,0.19984130426559696,0,plain
2,art,40,random,lasso,7.0,-0.04593288283981206,-0.08577629762580155,-0.09209037281250092,0,plain
2,art,40,shuffled,lasso,7.0,0.08078343058404241,0.1428275095350556,0.1254598959232999,0,plain
2,art,40,pca,lasso,6.0,0.1358849060486689,0.16900922828711712,0.15737126048838262,0,plain
2,art,40,emotion,lasso,4.0,0.17722706796823454,0.21922825835059515,0.24163470839379514,0,plain
2,art,40,population,elastic,,0.13640049648271735,0.24421309853113382,0.2569069387580562,0,plain
2,art,40,identity,elastic,63.0,0.19872892204655035,0.19588912620590027,0.2190267135772817,0,plain
2,art,40,random,elastic,7.0,-0.04573719198292913,-0.08577629762580155,-0.09194257329773176,0,plain
2,art,40,shuffled,elastic,7.0,0.08076330437851471,0.1428275095350556,0.12577855158366025,0,plain
2,art,40,pca,elastic,6.0,0.13371759085727492,0.17773646787113762,0.15814403201113336,0,plain
2,art,40,emotion,elastic,6.0,0.15713262498128924,0.20725947263536704,0.22186183161837175,0,plain
2,art,41,population,lasso,,0.4026622113743293,0.6489046311501525,0.6539141020096518,0,plain
2,art,41,identity,lasso,69.0,0.587053912848542,0.6111657423116217,0.5933647452020537,0,plain
2,art,41,random,lasso,6.0,0.02661613773131551,0.027331514854709266,0.04783479124521736,0,plain
2,art,41,shuffled,lasso,7.0,0.2170841155590522,0.3118321588049747,0.30732070542808965,0,plain
2,art,41,pca,lasso,6.0,0.520191885825068,0.549207824295786,0.5679484685942866,0,plain
2,art,41,emotion,lasso,2.0,0.5376171416498131,0.5827156779165951,0.6083219666234316,0,plain
2,art,41,population,elastic,,0.40201974557902675,0.6487101007953148,0.6553254648600079,0,plain
2,art,41,identity,elastic,86.0,0.6079103519610892,0.6211354229970582,0.6187747129683381,0,plain
2,art,41,random,elastic,6.0,0.02654521180123867,0.028839125104702126,0.04784209386487158,0,plain
2,art,41,shuffled,elastic,7.0,0.21642259424524088,0.312513015046907,0.30701238718721247,0,plain
2,art,41,pca,elastic,6.0,0.513063104247616,0.5498400479490088,0.566997854508144,0,plain
2,art,41,emotion,elastic,4.0,0.5221498773614974,0.5787278056424203,0.6127409191296554,0,plain
2,art,45,population,lasso,,-0.014283095229436393,0.051902683841191934,-0.019172076336896705,0,plain
2,art,45,identity,lasso,61.0,-0.04150911685087986,-0.031152116920877347,-0.0453755285191304,0,plain
2,art,45,random,lasso,6.0,0.08653763668475828,0.17057491339306702,0.18068860421797409,0,plain
2,art,45,shuffled,lasso,7.0,0.03508997890359403,0.05216534924524655,0.0665879726598908,0,plain
2,art,45,pca,lasso,4.0,-0.08338098506903294,-0.18517910985850364,-0.13833780077329302,0,plain
2,art,45,emotion,lasso,3.0,0.036722993946535144,0.11861969647106416,0.07674876872865846,0,plain
2,art,45,population,elastic,,-0.015159964899793908,0.05221788232605747,-0.020380389173345653,0,plain
2,art,45,identity,elastic,71.0,-0.025801165793793313,-0.03976754217386872,-0.02890172162432309,0,plain
2,art,45,random,elastic,6.0,0.08636021787114971,0.1689463878879284,0.18077058213971334,0,plain
2,art,45,shuffled,elastic,7.0,0.03526970118473257,0.0452309825782047,0.06705422833298098,0,plain
2,art,45,pca,elastic,4.0,-0.08131248139042983,-0.18344551819174315,-0.13938003547029157,0,plain
2,art,45,emotion,elastic,4.0,0.03844690471857115,0.12523886465324044,0.0869691656995418,0,plain
2,art,46,population,lasso,,0.0721056933583709,0.06087385095967447,0.09624489103774561,0,plain
2,art,46,identity,lasso,51.0,0.0161130317284736,0.03219143496864991,0.01866003548725063,0,plain
2,art,46,random,lasso,7.0,-0.12496964709333103,-0.17362015637120184,-0.2616824965834251,0,plain
2,art,46,shuffled,lasso,7.0,0.08325754458003282,0.12057802892680716,0.11336521353132198,0,plain
2,art,46,pca,lasso,6.0,0.15695710453009135,0.2322055166932946,0.22538303333311632,0,plain
2,art,46,emotion,lasso,1.0,-0.011228406563997609,-0.08503014102303737,-0.1256363689344794,0,plain
2,art,46,population,elastic,,0.07161062754935266,0.062450366732230776,0.09578597538323384,0,plain
2,art,46,identity,elastic,57.0,0.0367946101359359,0.052330152579369286,0.044165361401449464,0,plain
2,art,46,random,elastic,7.0,-0.12469195319816649,-0.17224706198865283,-0.2616501126600906,0,plain
2,art,46,shuffled,elastic,7.0,0.0833164760289294,0.12357849442941433,0.11379660657172307,0,plain
2,art,46,pca,elastic,6.0,0.15386936952493413,0.23362946642334548,0.22614711853131725,0,plain
2,art,46,emotion,elastic,1.0,-0.00932680747250528,-0.08503014102303737,-0.12563623370249383,0,plain
2,art,52,population,lasso,,0.42857110071720816,0.576325572535049,0.571688541614004,0,plain
2,art,52,identity,lasso,61.0,0.5808909608426968,0.6565065654072259,0.6304160602705804,0,plain
2,art,52,random,lasso,7.0,0.15985494102177386,0.2301253742470542,0.2519187105118479,0,plain
2,art,52,shuffled,lasso,7.0,0.20373019752081922,0.3370169072324377,0.40260237766132756,0,plain
2,art,52,pca,lasso,7.0,0.4540616891163872,0.6662329543209075,0.6735577523490006,0,plain
2,art,52,emotion,lasso,3.0,0.43614344193865895,0.6155767359176725,0.6276572238600642,0,plain
2,art,52,population,elastic,,0.42738282775777586,0.576325572535049,0.5716392681475362,0,plain
2,art,52,identity,elastic,67.0,0.5646305249964606,0.6581852315141558,0.6311934456973929,0,plain
2,art,52,random,elastic,7.0,0.15966234244622085,0.23363082405858412,0.2519996251023273,0,plain
2,art,52,shuffled,elastic,7.0,0.2029904146978645,0.3370169072324377,0.40209252756218583,0,plain
2,art,52,pca,elastic,7.0,0.44272848164201256,0.6602588778815395,0.6737031099726776,0,plain
2,art,52,emotion,elastic,4.0,0.4199870322219108,0.6223407728779486,0.6320629068714739,0,plain
2,art,58,population,lasso,,0.48930904103667194,0.6602530962552362,0.6852556369074686,0,plain
2,art,58,identity,lasso,56.0,0.5291970174388954,0.5861550803211925,0.5986650805378714,0,plain
2,art,58,random,lasso,7.0,0.008765809916092215,0.03874309779453974,0.014856257954750063,0,plain
2,art,58,shuffled,lasso,7.0,-0.023319429248984065,-0.031181073636923615,-0.0469844102080818,0,plain
2,art,58,pca,lasso,6.0,0.4305279656603232,0.4869648933186953,0.48805035900560323,0,plain
2,art,58,emotion,lasso,4.0,0.45546605706804477,0.5980382611403036,0.6197426196539078,0,plain
2,art,58,population,elastic,,0.4882619628399632,0.6609405529968376,0.6855591009926828,0,plain
2,art,58,identity,elastic,64.0,0.5203102428531641,0.5769726224155158,0.5937994003575331,0,plain
2,art,58,random,elastic,7.0,0.008817045055727387,0.03874309779453974,0.014973416564773169,0,plain
2,art,58,shuffled,elastic,7.0,-0.023249821180771985,-0.031181073636923615,-0.04692620747003356,0,plain
2,art,58,pca,elastic,6.0,0.4248979857949203,0.4869648933186953,0.48873304960576813,0,plain
2,art,58,emotion,elastic,4.0,0.45117956322147684,0.6106088987010161,0.6351621410311855,0,plain
2,art,65,population,lasso,,0.5350841880906034,0.6595218279317658,0.6591388590721591,0,plain
2,art,65,identity,lasso,67.0,0.4452667845877431,0.5617875919195261,0.47581950964327163,0,plain
2,art,65,random,lasso,6.0,-0.030191469968487386,-0.022701466585045134,-0.07539108109558591,0,plain
2,art,65,shuffled,lasso,7.0,0.029148231682385922,0.08353353505319638,0.06641622211294694,0,plain
2,art,65,pca,lasso,7.0,0.4396615057725443,0.5982475231015683,0.5868402057976535,0,plain
2,art,65,emotion,lasso,3.0,0.48389155491917296,0.5994759574405858,0.5903783027726264,0,plain
2,art,65,population,elastic,,0.5348775399554694,0.6589813168225981,0.6603072463350893,0,plain
2,art,65,identity,elastic,77.0,0.4586334340623559,0.5904346807054164,0.5051921943425247,0,plain
2,art,65,random,elastic,6.0,-0.03021061918904043,-0.022701466585045134,-0.0755576393423644,0,plain
2,art,65,shuffled,elastic,7.0,0.028836451294712143,0.08353353505319638,0.06596034892860002,0,plain
2,art,65,pca,elastic,7.0,0.4289982720027493,0.6006552544060427,0.5883749069911889,0,plain
2,art,65,emotion,elastic,3.0,0.4877235171234559,0.6094999816469694,0.6099884507397544,0,plain
2,art,66,population,lasso,,0.32084400863320117,0.4594959507899879,0.4431723018037862,0,plain
2,art,66,identity,lasso,52.0,0.4089123985559792,0.5468119082614583,0.5234415753941687,0,plain
2,art,66,random,lasso,7.0,0.19208512967976654,0.3486774888172431,0.2839276021851033,0,plain
2,art,66,shuffled,lasso,7.0,0.20154416221362362,0.30186792683757396,0.29999071469586935,0,plain
2,art,66,pca,lasso,6.0,0.31833141983176055,0.42172581361850126,0.42737268231476444,0,plain
2,art,66,emotion,lasso,5.0,0.40456194433373627,0.5680179102438971,0.5647626759551027,0,plain
2,art,66,population,elastic,,0.31933556529185037,0.46203676208742295,0.4427787375023276,0,plain
2,art,66,identity,elastic,65.0,0.4221933649743749,0.5780834319221977,0.549019778068707,0,plain
2,art,66,random,elastic,7.0,0.1918001257657459,0.3486774888172431,0.2842243272572152,0,plain
2,art,66,shuffled,elastic,7.0,0.20149189679103915,0.30186792683757396,0.30030757601173746,0,plain
2,art,66,pca,elastic,6.0,0.3120334888481583,0.42280077224433915,0.4275233620537061,0,plain
2,art,66,emotion,elastic,4.0,0.37284887781134474,0.5457858113913404,0.5489082412424113,0,plain
2,art,74,population,lasso,,0.42647447987983883,0.5078900537037716,0.5047884023874707,0,plain
2,art,74,identity,lasso,53.0,0.28586146083950703,0.34837458506511654,0.3431921959988371,0,plain
2,art,74,random,lasso,7.0,0.07623199480830353,0.20555550205018788,0.19621382704791562,0,plain
2,art,74,shuffled,lasso,7.0,-0.025989790162922934,-0.134620857738608,-0.057527488061391054,0,plain
2,art,74,pca,lasso,7.0,0.3471371733974239,0.42725750876044644,0.4655024668731066,0,plain
2,art,74,emotion,lasso,3.0,0.32111957142039815,0.5031410817449273,0.4984437074947401,0,plain
2,art,74,population,elastic,,0.42686659368488367,0.5154384196594084,0.5065582406312816,0,plain
2,art,74,identity,elastic,62.0,0.2879623922914872,0.36652065686575336,0.3508418553479828,0,plain
2,art,74,random,elastic,7.0,0.07610108728959719,0.20810495015440958,0.19626824321989614,0,plain
2,art,74,shuffled,elastic,7.0,-0.025977177413729943,-0.13906989462636737,-0.05773984983568098,0,plain
2,art,74,pca,elastic,7.0,0.33920885944126195,0.42475804983473897,0.4656420216266733,0,plain
2,art,74,emotion,elastic,3.0,0.2956632013392065,0.4815457566268142,0.48731113272457355,0,plain
2,art,83,population,lasso,,0.6375706520871985,0.6755485369375178,0.6550770518586068,0,plain
2,art,83,identity,lasso,45.0,0.09535064258430176,0.11249897633108921,0.11405745390378966,0,plain
2,art,83,random,lasso,7.0,-0.031531161436866725,-0.09454754846292797,-0.07906626027208977,0,plain
2,art,83,shuffled,lasso,7.0,-0.03569126402161266,-0.17885874901226959,-0.14923926572249166,0,plain
2,art,83,pca,lasso,4.0,0.1204575304076401,0.2699269476917618,0.25066178854367316,0,plain
2,art,83,emotion,lasso,1.0,0.002104109478227282,0.6470077836415086,0.6418798753190628,0,plain
2,art,83,population,elastic,,0.636493069936261,0.6696991952726115,0.6540699738894835,0,plain
2,art,83,identity,elastic,51.0,0.107744833578863,0.12409680894254173,0.13543708414264147,0,plain
2,art,83,random,elastic,7.0,-0.03146679868469502,-0.09454754846292797,-0.07904281272222638,0,plain
2,art,83,shuffled,elastic,7.0,-0.035357309109375006,-0.17664003320833954,-0.1486850025831691,0,plain
2,art,83,pca,elastic,4.0,0.11799769826718265,0.2758771400750287,0.2530247672756518,0,plain
2,art,83,emotion,elastic,0.0,0.0,,,0,plain
2,art,87,population,lasso,,0.3447557625623922,0.6643791099696554,0.6446157854338035,0,plain
2,art,87,identity,lasso,60.0,0.7191811162420162,0.7344608807046253,0.7309489889975689,0,plain
2,art,87,random,lasso,7.0,0.3042317407899934,0.3798343697287208,0.41818981893976404,0,plain
2,art,87,shuffled,lasso,7.0,0.22926691103609603,0.3256423776628413,0.2952221126176605,0,plain
2,art,87,pca,lasso,7.0,0.6841585826900041,0.6853693114214169,0.7434325777376395,0,plain
2,art,87,emotion,lasso,3.0,0.5756086425377135,0.6280385976431244,0.6258350324691653,0,plain
2,art,87,population,elastic,,0.34528914741571193,0.6684986822171973,0.646410992778562,0,plain
2,art,87,identity,elastic,75.0,0.7282003977564653,0.7478494905091366,0.743916790425658,0,plain
2,art,87,random,elastic,7.0,0.3038741116494259,0.3798343697287208,0.41818046523120667,0,plain
2,art,87,shuffled,elastic,7.0,0.2287952269602213,0.3246615271277123,0.29513296444530873,0,plain
2,art,87,pca,elastic,7.0,0.6751945498107449,0.6865953745903282,0.7434511990931782,0,plain
2,art,87,emotion,elastic,3.0,0.5535574885202218,0.621368814004247,0.6225156178014815,0,plain
2,art,93,population,lasso,,0.444062668158733,0.630749733470027,0.6083459266930449,0,plain
2,art,93,identity,lasso,60.0,0.5622657963014358,0.6353218087009478,0.6115657240722204,0,plain
2,art,93,random,lasso,7.0,0.06582145102182586,0.12546167730440447,0.12126719737696173,0,plain
2,art,93,shuffled,lasso,7.0,0.18876682145497944,0.3201435903629631,0.29952489378470065,0,plain
2,art,93,pca,lasso,5.0,0.46534534241289893,0.604939631359991,0.5849621487367554,0,plain
2,art,93,emotion,lasso,6.0,0.5782211858437284,0.6630492326820152,0.6498849533113593,0,plain
2,art,93,population,elastic,,0.4427531440465571,0.6297173293856257,0.6076081137500167,0,plain
2,art,93,identity,elastic,72.0,0.5481575346742271,0.6250960920554478,0.6063153245747377,0,plain
2,art,93,random,elastic,7.0,0.06550926301382587,0.12546167730440447,0.12097620506761393,0,plain
2,art,93,shuffled,elastic,7.0,0.18825719087001447,0.3201435903629631,0.29925013997139477,0,plain
2,art,93,pca,elastic,5.0,0.45589073176595335,0.604939631359991,0.585760542915394,0,plain
2,art,93,emotion,elastic,5.0,0.5666843615777429,0.6591162647414383,0.6518037658245273,0,plain
2,art,94,population,lasso,,0.3890481908685416,0.7018862568305096,0.7096605950705638,0,plain
2,art,94,identity,lasso,67.0,0.49954526911317665,0.5142783659135514,0.5432990609120996,0,plain
2,art,94,random,lasso,7.0,0.09757321944316774,0.17796699748286596,0.20544544238077783,0,plain
2,art,94,shuffled,lasso,7.0,0.3250709164125638,0.36547750563786374,0.3646458185085985,0,plain
2,art,94,pca,lasso,7.0,0.6433259110096257,0.6995003791624768,0.7109350646042099,0,plain
2,art,94,emotion,lasso,4.0,0.6522400976820113,0.7280335284169116,0.7293603595058569,0,plain
2,art,94,population,elastic,,0.38774995798726425,0.7039799862126611,0.7095723676276895,0,plain
2,art,94,identity,elastic,83.0,0.5122646201213489,0.5477780360279733,0.567121157303173,0,plain
2,art,94,random,elastic,7.0,0.09742721894061779,0.17796699748286596,0.20556592893237433,0,plain
2,art,94,shuffled,elastic,7.0,0.32474078630635406,0.36547750563786374,0.36457700205802773,0,plain
2,art,94,pca,elastic,6.0,0.6377046947598932,0.6995003791624768,0.7113270405282952,0,plain
2,art,94,emotion,elastic,5.0,0.6194517945859302,0.6941930186356279,0.7051775532622758,0,plain
2,art,102,population,lasso,,0.1984363841711776,0.29760928558653177,0.27578847720817457,0,plain
2,art,102,identity,lasso,68.0,0.1407263341781859,0.16958020343012387,0.15053735701096976,0,plain
2,art,102,random,lasso,7.0,0.06074677482232638,0.1268376521557279,0.12731527679076932,0,plain
2,art,102,shuffled,lasso,7.0,0.08925507950191994,0.10077512089085229,0.12060705394850756,0,plain
2,art,102,pca,lasso,6.0,0.18930804013957062,0.23625064055151038,0.23850448380773154,0,plain
2,art,102,emotion,lasso,4.0,0.22294334364559842,0.3187571680986022,0.31514025667575785,0,plain
2,art,102,population,elastic,,0.198308076389648,0.30038928892145184,0.2762831168735726,0,plain
2,art,102,identity,elastic,85.0,0.1531147461918821,0.19052951427541434,0.17079347086296828,0,plain
2,art,102,random,elastic,7.0,0.06064739317244972,0.12961765549064796,0.12740416145331232,0,plain
2,art,102,shuffled,elastic,7.0,0.08916077119424763,0.10077512089085229,0.12069454093195629,0,plain
2,art,102,pca,elastic,6.0,0.18612512927483066,0.23476135305066037,0.23929523892384738,0,plain
2,art,102,emotion,elastic,4.0,0.21048448173071949,0.3164735939306321,0.31535118631150855,0,plain
2,art,112,population,lasso,,0.42799431096397617,0.4353469878120824,0.44915177606486706,0,plain
2,art,112,identity,lasso,45.0,0.5279748324209961,0.5622423202036269,0.5835140098495879,0,plain
2,art,112,random,lasso,6.0,0.21601017468854142,0.3300642544057866,0.3448260336390037,0,plain
2,art,112,shuffled,lasso,7.0,-0.037270163431730174,-0.1212823515871231,-0.10598204172433316,0,plain
2,art,112,pca,lasso,5.0,0.2817279574247936,0.468919957109556,0.48594660568575776,0,plain
2,art,112,emotion,lasso,1.0,0.1821802178384486,0.4453664208367973,0.42420495529652624,0,plain
2,art,112,population,elastic,,0.42812414255639425,0.431622486530644,0.44960583583062,0,plain
2,art,112,identity,elastic,46.0,0.5190472460339842,0.5642357152556644,0.5886025535102164,0,plain
2,art,112,random,elastic,6.0,0.21554698440401884,0.3300642544057866,0.3446092250746833,0,plain
2,art,112,shuffled,elastic,7.0,-0.03654464902158874,-0.12275116899388758,-0.10478021702620666,0,plain
2,art,112,pca,elastic,5.0,0.27161715830784705,0.46923470369671977,0.4853943014369904,0,plain
2,art,112,emotion,elastic,3.0,0.17328016534530127,0.44961549976350873,0.4453761769444245,0,plain
2,art,113,population,lasso,,0.37225432097519334,0.48574044242753567,0.47839405651354094,0,plain
2,art,113,identity,lasso,51.0,0.15071556744852135,0.21311239388608355,0.20300708362836406,0,plain
2,art,113,random,lasso,7.0,-0.057159768776283475,-0.0886571226763485,-0.12030223594268913,0,plain
2,art,113,shuffled,lasso,7.0,-0.07156122742483578,-0.14314328538900983,-0.17559534157302048,0,plain
2,art,113,pca,lasso,6.0,0.3002657548562311,0.49017822943580663,0.49576539745867304,0,plain
2,art,113,emotion,lasso,3.0,0.2387608969710081,0.41153078190033626,0.4224993836745146,0,plain
2,art,113,population,elastic,,0.37186088116463795,0.4960459700356318,0.4787973828578165,0,plain
2,art,113,identity,elastic,62.0,0.17189628948818342,0.24230317065159987,0.2380762489397747,0,plain
2,art,113,random,elastic,7.0,-0.05711838665634743,-0.08633961168314029,-0.12045602327412953,0,plain
2,art,113,shuffled,elastic,7.0,-0.0712041218661293,-0.14314328538900983,-0.17538854759899258,0,plain
2,art,113,pca,elastic,6.0,0.29283843690906647,0.4923478141954059,0.496200090651242,0,plain
2,art,113,emotion,elastic,3.0,0.22498803550472934,0.40664921619123806,0.4198051573450089,0,plain
2,art,120,population,lasso,,0.4707806722865179,0.6158194080928229,0.6422523986121528,0,plain
2,art,120,identity,lasso,52.0,0.5658702525287119,0.6491298207718411,0.6165010796878344,0,plain
2,art,120,random,lasso,7.0,0.03870647544462464,0.0919148308004003,0.08810057373042675,0,plain
2,art,120,shuffled,lasso,7.0,0.09531113584173234,0.1802944758007852,0.17140693161546272,0,plain
2,art,120,pca,lasso,6.0,0.33088247778468877,0.5010005566162664,0.443632448375203,0,plain
2,art,120,emotion,lasso,2.0,0.5747312138559489,0.714406279698886,0.6786536331538349,0,plain
2,art,120,population,elastic,,0.4690079883769999,0.6158194080928229,0.6405263799293476,0,plain
2,art,120,identity,elastic,61.0,0.5681452062225478,0.6712869712085573,0.6261796584678458,0,plain
2,art,120,random,elastic,7.0,0.038625925896609986,0.09042109032152057,0.08811470322630502,0,plain
2,art,120,shuffled,elastic,7.0,0.09486274238492128,0.18168863358107298,0.17092296382993405,0,plain
2,art,120,pca,elastic,6.0,0.32346403594273104,0.49960639883597874,0.4436364001674089,0,plain
2,art,120,emotion,elastic,4.0,0.5384230298203561,0.7207297810594768,0.6681432373055527,0,plain
2,art,121,population,lasso,,0.2931098725887625,0.4725846079047736,0.4546638371876959,0,plain
2,art,121,identity,lasso,46.0,0.37767119550322836,0.4157940060141002,0.39684276757189735,0,plain
2,art,121,random,lasso,7.0,0.020326158567933607,0.010744167925262518,0.028186691904634586,0,plain
2,art,121,shuffled,lasso,7.0,0.030072956227354505,-0.05398547430427473,0.042362543133748015,0,plain
2,art,121,pca,lasso,7.0,0.4115701284691519,0.4094957006786015,0.4527071776965029,0,plain
2,art,121,emotion,lasso,2.0,0.3349526768557712,0.427067443295287,0.42999277378921724,0,plain
2,art,121,population,elastic,,0.29340939766302643,0.4744899775861009,0.4559716608739303,0,plain
2,art,121,identity,elastic,52.0,0.38511403070208167,0.4466504094644847,0.4124700460934724,0,plain
2,art,121,random,elastic,7.0,0.020184873783580037,0.010744167925262518,0.028059233237524718,0,plain
2,art,121,shuffled,elastic,7.0,0.029950449115737212,-0.05398547430427473,0.042315738559543487,0,plain
2,art,121,pca,elastic,7.0,0.40546522656377193,0.4075903309972742,0.452909802199893,0,plain
2,art,121,emotion,elastic,5.0,0.30283867246145874,0.42807305507154314,0.4207848960296738,0,plain
2,art,131,population,lasso,,0.24760040070647438,0.36204366053169923,0.37114196097058405,0,plain
2,art,131,identity,lasso,75.0,0.4267203839965905,0.5063712145136188,0.4878389768953462,0,plain
2,art,131,random,lasso,7.0,0.15592176250012627,0.20781991988842602,0.24534797553739404,0,plain
2,art,131,shuffled,lasso,7.0,-0.0738767214705683,-0.10944594555180188,-0.11722960253435967,0,plain
2,art,131,pca,lasso,7.0,0.3119584604062434,0.37634903926989355,0.4033118775338367,0,plain
2,art,131,emotion,lasso,4.0,0.2878448939213183,0.3849714593312709,0.3976652431059701,0,plain
2,art,131,population,elastic,,0.2464220816686263,0.3641992655470435,0.3706554525025241,0,plain
2,art,131,identity,elastic,85.0,0.37833690407570764,0.46066258998370335,0.4481773503096314,0,plain
2,art,131,random,elastic,7.0,0.15548610914210112,0.20781991988842602,0.24521284605261592,0,plain
2,art,131,shuffled,elastic,6.0,-0.07363724514451674,-0.10939695452872589,-0.11695369590605809,0,plain
2,art,131,pca,elastic,7.0,0.3039161712180473,0.37213581128535683,0.4006937475791699,0,plain
2,art,131,emotion,elastic,4.0,0.27112519712457567,0.3830118184082306,0.39153967877454354,0,plain
2,art,138,population,lasso,,0.39210891167572753,0.4772090654443595,0.45389036073259115,0,plain
2,art,138,identity,lasso,54.0,0.4662202506671723,0.523300229182582,0.4977150918363177,0,plain
2,art,138,random,lasso,6.0,0.19940474306982509,0.2388591800356506,0.29959591527677704,0,plain
2,art,138,shuffled,lasso,7.0,-0.09866347861414389,-0.1527883880825057,-0.1507503838519422,0,plain
2,art,138,pca,lasso,5.0,0.4107283242912276,0.529615482556659,0.4480680785947821,0,plain
2,art,138,emotion,lasso,4.0,0.41716740798401714,0.49732620320855614,0.5038927403687289,0,plain
2,art,138,population,elastic,,0.3929499045661401,0.4856124267888973,0.45524545907721875,0,plain
2,art,138,identity,elastic,65.0,0.4664370618059538,0.5314998726763431,0.5048781066067405,0,plain
2,art,138,random,elastic,6.0,0.19924980586067023,0.2422714540361599,0.29984959949265355,0,plain
2,art,138,shuffled,elastic,7.0,-0.09916898961572017,-0.1527883880825057,-0.15172867383933875,0,plain
2,art,138,pca,elastic,5.0,0.40387204101583657,0.5277820218996689,0.4470472316233845,0,plain
2,art,138,emotion,elastic,5.0,0.40453371719845305,0.4982938629997453,0.5088923572159777,0,plain
2,art,139,population,lasso,,0.026377863165983253,0.06079602726558758,0.035744433020409604,0,plain
2,art,139,identity,lasso,78.0,0.33671457413547323,0.32421233836971564,0.3412438292672382,0,plain
2,art,139,random,lasso,7.0,0.14775841356788635,0.3495150185644696,0.28552874866355527,0,plain
2,art,139,shuffled,lasso,7.0,0.2738155011359831,0.33763419230406455,0.3850739696312935,0,plain
2,art,139,pca,lasso,6.0,0.4040640996082949,0.45992219481702074,0.47748354948864397,0,plain
2,art,139,emotion,lasso,2.0,0.2105464959059599,0.28379764485628745,0.2804852952111605,0,plain
2,art,139,population,elastic,,0.026604921501933436,0.06735782252238036,0.03604797791885036,0,plain
2,art,139,identity,elastic,85.0,0.3429669347461624,0.3144193560546537,0.35359330398770306,0,plain
2,art,139,random,elastic,7.0,0.14746803679649625,0.3495150185644696,0.2854027519885336,0,plain
2,art,139,shuffled,elastic,7.0,0.27371871745967935,0.33763419230406455,0.38524861411505384,0,plain
2,art,139,pca,elastic,6.0,0.3947228210955444,0.46270598674414487,0.4758454182521537,0,plain
2,art,139,emotion,elastic,2.0,0.20320447400837335,0.278230061002039,0.2923061838479054,0,plain
2,fashion,7,population,lasso,,0.2960013237957048,0.43487797992024274,0.4892595443204826,0,plain
2,fashion,7,identity,lasso,138.0,0.20988243158556827,0.2086917300211542,0.2107261950738617,0,plain
2,fashion,7,random,lasso,3.0,-0.0030903407216623865,0.011431078329332092,-0.008748544484521696,0,plain
2,fashion,7,shuffled,lasso,7.0,0.02483239604403833,0.020675341673922393,0.06029065290242816,0,plain
2,fashion,7,pca,lasso,7.0,0.16338069854632195,0.17082007051267134,0.2537622187240437,0,plain
2,fashion,7,emotion,lasso,6.0,0.34255283399073055,0.39382549861577176,0.43738232371831626,0,plain
2,fashion,7,population,elastic,,0.2950912799789101,0.4319953601676286,0.4888847795601678,0,plain
2,fashion,7,identity,elastic,86.0,0.18567265503932487,0.1895073985641012,0.19570614734188602,0,plain
2,fashion,7,random,elastic,4.0,-0.002194186140267875,0.013766994335760827,-0.006716850113881418,0,plain
2,fashion,7,shuffled,elastic,7.0,0.02480210355120014,0.017345418856247394,0.061042062413605706,0,plain
2,fashion,7,pca,elastic,7.0,0.16086589251309452,0.17156557562110603,0.25379363938629285,0,plain
2,fashion,7,emotion,elastic,6.0,0.3410805212228975,0.3966087176872613,0.4366145742489536,0,plain
2,fashion,8,population,lasso,,0.2801062574267457,0.4078098248427385,0.3975473058440426,0,plain
2,fashion,8,identity,lasso,135.0,0.22851702971959434,0.2244160574578383,0.2530072440741349,0,plain
2,fashion,8,random,lasso,5.0,0.10965675432584368,0.24716791581761913,0.2501260116450276,0,plain
2,fashion,8,shuffled,lasso,6.0,0.05013649562645403,0.20087625595139838,0.1524032807833973,0,plain
2,fashion,8,pca,lasso,7.0,0.058777213953378614,0.20259988158471512,0.17957431992731956,0,plain
2,fashion,8,emotion,lasso,6.0,0.16218596278425923,0.37530717004305153,0.36281188629992056,0,plain
2,fashion,8,population,elastic,,0.2808924707336785,0.4165756923493207,0.4005775965372174,0,plain
2,fashion,8,identity,elastic,83.0,0.2213159188685799,0.26932881681740567,0.25298829049518384,0,plain
2,fashion,8,random,elastic,5.0,0.10251583806220432,0.24825133764427537,0.24856166477722033,0,plain
2,fashion,8,shuffled,elastic,6.0,0.049711210308654434,0.20319083894470943,0.15211808068040156,0,plain
2,fashion,8,pca,elastic,7.0,0.05831164806228715,0.2080169907179963,0.18156512950392048,0,plain
2,fashion,8,emotion,elastic,5.0,0.1612472890442952,0.3846147484629619,0.3635285654225581,0,plain
2,fashion,40,population,lasso,,0.264884203200272,0.16381324566628255,0.36280066496311447,0,plain
2,fashion,40,identity,lasso,141.0,-0.010257799800771752,0.0015952598482413395,-0.010392370874445129,0,plain
2,fashion,40,random,lasso,3.0,0.06003024780251989,0.0789653624879463,0.12237214989623792,0,plain
2,fashion,40,shuffled,lasso,7.0,0.07913189407125319,0.08679210611838038,0.13465436178407153,0,plain
2,fashion,40,pca,lasso,7.0,0.07284190532624636,0.09137847818207423,0.10689573732494105,0,plain
2,fashion,40,emotion,lasso,7.0,0.22449414599615478,0.13594605019231662,0.27564823962066676,0,plain
2,fashion,40,population,elastic,,0.2613124626197917,0.15419183470657696,0.35891246853222153,0,plain
2,fashion,40,identity,elastic,83.0,-0.0015074285942270422,-0.05005127773857202,-0.0015831225930367442,0,plain
2,fashion,40,random,elastic,4.0,0.05576520462000592,0.07866625126640103,0.12171316312217101,0,plain
2,fashion,40,shuffled,elastic,7.0,0.07787931139746865,0.0850472906593664,0.1344232312772879,0,plain
2,fashion,40,pca,elastic,7.0,0.07211465256302604,0.09137847818207423,0.10722106419248599,0,plain
2,fashion,40,emotion,elastic,7.0,0.222698929015749,0.1336528641604697,0.27606976758697643,0,plain
2,fashion,41,population,lasso,,0.24351681097325764,0.44970167499817615,0.4579097156645831,0,plain
2,fashion,41,identity,lasso,147.0,0.20285687518621034,0.19590385061689075,0.20366274876366847,0,plain
2,fashion,41,random,lasso,4.0,0.09419984384012396,0.21568916488317377,0.1645266181097918,0,plain
2,fashion,41,shuffled,lasso,7.0,0.3141837554060993,0.4599841905405055,0.39968172786013195,0,plain
2,fashion,41,pca,lasso,6.0,0.24745628564623312,0.3160777052490432,0.326974554067577,0,plain
2,fashion,41,emotion,lasso,7.0,0.3081004261394716,0.3774316723949798,0.4135551147940794,0,plain
2,fashion,41,population,elastic,,0.2441331402892566,0.44424365726954634,0.4604282273176987,0,plain
2,fashion,41,identity,elastic,94.0,0.31123888221777773,0.378162656912207,0.3173149960823659,0,plain
2,fashion,41,random,elastic,4.0,0.0879495958546064,0.20828185510860478,0.16016474493877783,0,plain
2,fashion,41,shuffled,elastic,7.0,0.3124625444520266,0.4599841905405055,0.40073156256038905,0,plain
2,fashion,41,pca,elastic,6.0,0.24455143095518508,0.3160777052490432,0.3265664991890922,0,plain
2,fashion,41,emotion,elastic,7.0,0.3070615149331093,0.37470266353066495,0.412988766977786,0,plain
2,fashion,45,population,lasso,,0.18116271895514538,0.35885710941898485,0.3377807499799986,0,plain
2,fashion,45,identity,lasso,148.0,0.18078591145947245,0.16057133469375928,0.19002904273334287,0,plain
2,fashion,45,random,lasso,3.0,0.09293627187250739,0.17727273586406694,0.20745105870538116,0,plain
2,fashion,45,shuffled,lasso,7.0,0.013811813599959956,0.04579256582007208,0.047787920506017344,0,plain
2,fashion,45,pca,lasso,6.0,0.07103439135897822,0.11552215468245457,0.13167525887997683,0,plain
2,fashion,45,emotion,lasso,7.0,0.11566390643371917,0.26781712737193675,0.23137745638570226,0,plain
2,fashion,45,population,elastic,,0.18087248390048166,0.34958956633635113,0.3383504102284555,0,plain
2,fashion,45,identity,elastic,95.0,0.09130939557761296,0.10565990295280701,0.09899258911902177,0,plain
2,fashion,45,random,elastic,3.0,0.08671096268585637,0.17925509802078002,0.2086585344794536,0,plain
2,fashion,45,shuffled,elastic,7.0,0.013596481968499998,0.04782448703070299,0.047791429492031634,0,plain
2,fashion,45,pca,elastic,6.0,0.06969719698893252,0.11621598143730415,0.13147369525027858,0,plain
2,fashion,45,emotion,elastic,7.0,0.11656125131811239,0.2691056627738002,0.23477850999142488,0,plain
2,fashion,46,population,lasso,,0.05285215104266454,0.14290600441243,0.11274484248038145,0,plain
2,fashion,46,identity,lasso,137.0,-0.0794370068656759,0.005521713747236751,-0.08042775244398842,0,plain
2,fashion,46,random,lasso,2.0,-0.006380917366695048,0.029330938161927323,-0.035725989622469055,0,plain
2,fashion,46,shuffled,lasso,7.0,-0.06787863426982223,-0.09204544842870802,-0.1437377991561347,0,plain
2,fashion,46,pca,lasso,4.0,0.02802392290083789,0.07684807114273533,0.058970276877261606,0,plain
2,fashion,46,emotion,lasso,7.0,0.05188722601809245,0.07659478152130245,0.09526954820029103,0,plain
2,fashion,46,population,elastic,,0.053408876497389984,0.1504540351311298,0.11427918157069605,0,plain
2,fashion,46,identity,elastic,86.0,-0.06887244597361751,0.01327237616308283,-0.07041808762105067,0,plain
2,fashion,46,random,elastic,2.0,-0.005917630444788248,0.0277098845847569,-0.03582880338764584,0,plain
2,fashion,46,shuffled,elastic,7.0,-0.06704074101146072,-0.09204544842870802,-0.1432189938001856,0,plain
2,fashion,46,pca,elastic,4.0,0.02796406039369712,0.07684807114273533,0.05990516744626608,0,plain
2,fashion,46,emotion,elastic,7.0,0.051597437460153175,0.07512570171699175,0.09548342274081856,0,plain
2,fashion,52,population,lasso,,0.2536880187470985,0.44558400220356736,0.5055255749539164,0,plain
2,fashion,52,identity,lasso,132.0,0.2803118451365467,0.2568744316154749,0.2858876384205986,0,plain
2,fashion,52,random,lasso,6.0,0.13286697771437914,0.3868596952723078,0.37606371441526515,0,plain
2,fashion,52,shuffled,lasso,6.0,-0.0025537248668997337,-0.05293816087234545,-0.00511648514043092,0,plain
2,fashion,52,pca,lasso,6.0,0.1276992791865063,0.2558085626046223,0.2705775524576744,0,plain
2,fashion,52,emotion,lasso,7.0,0.31043906614217714,0.4890816089797898,0.4889508703909331,0,plain
2,fashion,52,population,elastic,,0.2531890282732877,0.45025352358444537,0.5051714083410219,0,plain
2,fashion,52,identity,elastic,81.0,0.27457802205111287,0.30910201314725194,0.30995060976587585,0,plain
2,fashion,52,random,elastic,6.0,0.12207380763220854,0.3747798464826451,0.37290404557644885,0,plain
2,fashion,52,shuffled,elastic,6.0,-0.002557662534050643,-0.05293816087234545,-0.005160456834788177,0,plain
2,fashion,52,pca,elastic,6.0,0.12578828850839624,0.2517481092299458,0.27063768565836166,0,plain
2,fashion,52,emotion,elastic,7.0,0.3105352456858566,0.48857405230795525,0.49243676258522284,0,plain
2,fashion,58,population,lasso,,0.18027117563014394,0.28016956821097855,0.29653393515685394,0,plain
2,fashion,58,identity,lasso,146.0,0.23807839357918584,0.2752465394249835,0.23982960597268466,0,plain
2,fashion,58,random,lasso,4.0,0.07038314984901685,0.44469719023893334,0.4051975902123937,0,plain
2,fashion,58,shuffled,lasso,7.0,0.033525537397728254,0.11800500000030147,0.061763474375165904,0,plain
2,fashion,58,pca,lasso,7.0,0.07904287720281174,0.2215855256576374,0.1937828780127402,0,plain
2,fashion,58,emotion,lasso,6.0,0.3078789526017618,0.4767953379236211,0.46751194783536437,0,plain
2,fashion,58,population,elastic,,0.18326604800093546,0.2821387797253766,0.3024288039605741,0,plain
2,fashion,58,identity,elastic,89.0,0.23224663973939627,0.32496913016353357,0.24850740160379528,0,plain
2,fashion,58,random,elastic,4.0,0.06470958489072981,0.4463710200261717,0.4030579913331917,0,plain
2,fashion,58,shuffled,elastic,7.0,0.033281095615371944,0.12233726533197711,0.06163810244628279,0,plain
2,fashion,58,pca,elastic,7.0,0.07765571574458896,0.22286551314199612,0.19318561470231582,0,plain
2,fashion,58,emotion,elastic,6.0,0.3053802182482123,0.475909192742142,0.46601544095738684,0,plain
2,fashion,65,population,lasso,,0.18552824291769188,0.19089965087234798,0.3205959599624101,0,plain
2,fashion,65,identity,lasso,150.0,-0.042377121074650206,-0.14456093893860375,-0.04387673650090439,0,plain
2,fashion,65,random,lasso,7.0,0.07833142858018681,0.15381877989117868,0.16012777723301652,0,plain
2,fashion,65,shuffled,lasso,7.0,0.10113519602009166,0.23852554924869615,0.2235218569760638,0,plain
2,fashion,65,pca,lasso,7.0,0.13677978303411786,0.19248388034016828,0.23877499420973466,0,plain
2,fashion,65,emotion,lasso,7.0,0.03480790326733123,-0.008366711876926038,0.050192654003978626,0,plain
2,fashion,65,population,elastic,,0.18423510154632364,0.1874836560823604,0.31982334949126057,0,plain
2,fashion,65,identity,elastic,86.0,0.03481451570692968,-0.0008416219047795424,0.035081038634121015,0,plain
2,fashion,65,random,elastic,7.0,0.07863834071007943,0.16119534835071703,0.17196316669315306,0,plain
2,fashion,65,shuffled,elastic,7.0,0.10018336657162061,0.2412979508173817,0.22235653398191516,0,plain
2,fashion,65,pca,elastic,7.0,0.13544404861172232,0.19248388034016828,0.24027471905587522,0,plain
2,fashion,65,emotion,elastic,7.0,0.03599505521604779,-0.015198701456901146,0.05300973221897383,0,plain
2,fashion,66,population,lasso,,0.18303267754036665,0.26573673544786114,0.2530634217287978,0,plain
2,fashion,66,identity,lasso,154.0,0.14893439586863355,0.18314490229986463,0.15442288580751412,0,plain
2,fashion,66,random,lasso,5.0,0.18592979229579445,0.3283771679378175,0.3695221330193384,0,plain
2,fashion,66,shuffled,lasso,7.0,0.020493280827022866,0.07174543578277773,0.036706465012402996,0,plain
2,fashion,66,pca,lasso,6.0,0.22817101125764405,0.27653337869672573,0.28420475479389307,0,plain
2,fashion,66,emotion,lasso,7.0,0.09675098311702399,0.15378997365087788,0.1464087470544414,0,plain
2,fashion,66,population,elastic,,0.18492731037207868,0.2688214906618225,0.25708938589808134,0,plain
2,fashion,66,identity,elastic,91.0,0.2602737239731854,0.3283771679378175,0.26190286389840134,0,plain
2,fashion,66,random,elastic,6.0,0.17520429496501505,0.32932249614854764,0.36987181866205865,0,plain
2,fashion,66,shuffled,elastic,7.0,0.019714589497776918,0.06667051591464782,0.03552564249454667,0,plain
2,fashion,66,pca,elastic,6.0,0.2251941623672771,0.27364763994818125,0.28389277801184326,0,plain
2,fashion,66,emotion,elastic,6.0,0.09925128496386136,0.15229735016025145,0.15078319916982705,0,plain
2,fashion,74,population,lasso,,-0.07469359586290004,-0.10039423143759574,-0.0913221725223082,0,plain
2,fashion,74,identity,lasso,138.0,0.05223119087530293,0.04423982156488946,0.05833952188535995,0,plain
2,fashion,74,random,lasso,4.0,0.028323099523206035,0.06927553876865644,0.05815590776791506,0,plain
2,fashion,74,shuffled,lasso,6.0,0.012043828759482022,0.056506317544245184,0.030326609659531406,0,plain
2,fashion,74,pca,lasso,7.0,0.17479375393145682,0.30334441286652614,0.2822676109956138,0,plain
2,fashion,74,emotion,lasso,7.0,0.033627436592492406,0.019153831836616914,0.06017620877266997,0,plain
2,fashion,74,population,elastic,,-0.0739661952510287,-0.10632638932925137,-0.09062271009946261,0,plain
2,fashion,74,identity,elastic,94.0,0.058711994352340854,0.05057415965258954,0.058870128654467196,0,plain
2,fashion,74,random,elastic,4.0,0.022812302972307033,0.062036295239856355,0.0516730381684789,0,plain
2,fashion,74,shuffled,elastic,6.0,0.011243074431528617,0.056506317544245184,0.028681367078196487,0,plain
2,fashion,74,pca,elastic,7.0,0.1724361442668741,0.30334441286652614,0.28262962171541167,0,plain
2,fashion,74,emotion,elastic,7.0,0.033015425519777604,0.020109009802222483,0.059614700554583046,0,plain
2,fashion,83,population,lasso,,0.4397634058852099,0.5062592810633523,0.5120805307979498,0,plain
2,fashion,83,identity,lasso,132.0,0.39584602432368393,0.3915194763968024,0.39811323492552614,0,plain
2,fashion,83,random,lasso,5.0,0.20955536587777732,0.40335730349728166,0.3560032028892778,0,plain
2,fashion,83,shuffled,lasso,7.0,0.33647140668841097,0.3969515529017842,0.3979001382763306,0,plain
2,fashion,83,pca,lasso,7.0,0.3081221561179171,0.32694951039418835,0.37961397392673635,0,plain
2,fashion,83,emotion,lasso,6.0,0.41642076474719647,0.47243691791912584,0.482754054042224,0,plain
2,fashion,83,population,elastic,,0.4385056368489872,0.5080016452253275,0.5127427275298331,0,plain
2,fashion,83,identity,elastic,74.0,0.4568454171824031,0.556531611736816,0.49198233061575747,0,plain
2,fashion,83,random,elastic,5.0,0.1986988079465389,0.4034597955068096,0.3533665396285198,0,plain
2,fashion,83,shuffled,elastic,7.0,0.3352022553561358,0.3961316168255606,0.3990432553618142,0,plain
2,fashion,83,pca,elastic,7.0,0.3052498741729453,0.32874312056092764,0.38018948717563533,0,plain
2,fashion,83,emotion,elastic,6.0,0.4140303038032078,0.4733081000001135,0.4811388557715829,0,plain
2,fashion,87,population,lasso,,0.17425663209105585,0.31358810853868524,0.3341836684386897,0,plain
2,fashion,87,identity,lasso,166.0,0.12288968503608429,0.1376441955120668,0.12594954488059945,0,plain
2,fashion,87,random,lasso,5.0,0.12833635699205062,0.3340831042457058,0.29004338424994963,0,plain
2,fashion,87,shuffled,lasso,7.0,0.07419264425543066,0.16816657575354854,0.14013591320132787,0,plain
2,fashion,87,pca,lasso,7.0,0.23758465492316844,0.47040661984347776,0.4517803623596464,0,plain
2,fashion,87,emotion,lasso,7.0,0.2316149708765825,0.38446459727251064,0.3861723366605438,0,plain
2,fashion,87,population,elastic,,0.17463402592730365,0.31779471863606895,0.3360357436138611,0,plain
2,fashion,87,identity,elastic,93.0,0.1167517669565471,0.09259433621334132,0.121948723212465,0,plain
2,fashion,87,random,elastic,5.0,0.12391350536021982,0.32669707953983446,0.29566289374904836,0,plain
2,fashion,87,shuffled,elastic,7.0,0.07289343547745157,0.16718829433555235,0.13867763400962382,0,plain
2,fashion,87,pca,elastic,7.0,0.2334866236739443,0.4692815962127821,0.45107635741039165,0,plain
2,fashion,87,emotion,elastic,7.0,0.22866996202039605,0.3844156832016109,0.3834253840032428,0,plain
2,fashion,93,population,lasso,,0.3590648749086415,0.5677772163236481,0.5656074361788485,0,plain
2,fashion,93,identity,lasso,152.0,0.24024007546348053,0.17922510665256422,0.24549073713070782,0,plain
2,fashion,93,random,lasso,5.0,0.011935248595022124,0.12466541948926979,0.027341124677295835,0,plain
2,fashion,93,shuffled,lasso,7.0,0.04710441437895813,0.3518654234750756,0.28709428550677574,0,plain
2,fashion,93,pca,lasso,7.0,0.20506793843845197,0.3507267004217582,0.32384540633069314,0,plain
2,fashion,93,emotion,lasso,7.0,0.3838248594564283,0.49583962517277086,0.5090095668810469,0,plain
2,fashion,93,population,elastic,,0.35852234386664683,0.5657968284048353,0.56662200164954,0,plain
2,fashion,93,identity,elastic,98.0,0.2615394624983596,0.23804262784130625,0.29012902264402335,0,plain
2,fashion,93,random,elastic,5.0,0.010148578271165387,0.12570512314664656,0.02452382487013109,0,plain
2,fashion,93,shuffled,elastic,7.0,0.04653064974722824,0.35290512713245237,0.28656649316360666,0,plain
2,fashion,93,pca,elastic,7.0,0.2015099032948727,0.3478056282415093,0.32391854246596863,0,plain
2,fashion,93,emotion,elastic,7.0,0.38411064923017946,0.50187980832515,0.5109505436233371,0,plain
2,fashion,94,population,lasso,,0.2548197652333115,0.4132493883710994,0.4612757177648038,0,plain
2,fashion,94,identity,lasso,152.0,0.20406862294059736,0.20596361268975522,0.2064039807224841,0,plain
2,fashion,94,random,lasso,6.0,0.1756837777743154,0.3184454049741983,0.38366517828139807,0,plain
2,fashion,94,shuffled,lasso,7.0,0.11679886625593315,0.13275495815547464,0.1570509619244931,0,plain
2,fashion,94,pca,lasso,7.0,0.15218631873968244,0.23079089553181556,0.23917938200038102,0,plain
2,fashion,94,emotion,lasso,7.0,0.36458054061913103,0.46128797706550023,0.5212142601621591,0,plain
2,fashion,94,population,elastic,,0.25642129968453403,0.41466948936206544,0.46456582271654484,0,plain
2,fashion,94,identity,elastic,100.0,0.23182965417698947,0.2040538217019044,0.24245314657895678,0,plain
2,fashion,94,random,elastic,6.0,0.1669103831271917,0.3154582959932009,0.3875009044239149,0,plain
2,fashion,94,shuffled,elastic,7.0,0.11603934445510736,0.12771115118756102,0.15646346908224512,0,plain
2,fashion,94,pca,elastic,7.0,0.14955249435791218,0.2239352355754281,0.23855869789460074,0,plain
2,fashion,94,emotion,elastic,7.0,0.3630869700656218,0.46647869103247935,0.5229994630775896,0,plain
2,fashion,102,population,lasso,,0.18621881878238727,0.28666356604390536,0.35025853313364286,0,plain
2,fashion,102,identity,lasso,164.0,0.18042459555460752,0.14941371918522744,0.18167412750981304,0,plain
2,fashion,102,random,lasso,4.0,0.006377964357633373,-0.03787051748630188,0.020339412968295938,0,plain
2,fashion,102,shuffled,lasso,6.0,0.0449627372133194,0.2309658348644419,0.1999991022927761,0,plain
2,fashion,102,pca,lasso,7.0,0.15017132576750564,0.28104947112395945,0.3336078173711703,0,plain
2,fashion,102,emotion,lasso,7.0,0.19138377739748083,0.37043177182309855,0.3960617745646409,0,plain
2,fashion,102,population,elastic,,0.1835246494502862,0.2831178218839395,0.3465296614478565,0,plain
2,fashion,102,identity,elastic,95.0,0.2936754408423477,0.2878947272105602,0.3328840383787192,0,plain
2,fashion,102,random,elastic,4.0,0.006653042693296131,-0.03570367383298942,0.022601730195790204,0,plain
2,fashion,102,shuffled,elastic,6.0,0.04416604009147524,0.2259426973044903,0.1985521224567946,0,plain
2,fashion,102,pca,elastic,7.0,0.14713087277962117,0.28203440005728325,0.3326492141428221,0,plain
2,fashion,102,emotion,elastic,7.0,0.1898597623739177,0.373879023089732,0.3965681220660704,0,plain
2,fashion,112,population,lasso,,0.1990453722587749,0.3262985113664574,0.3079961886578799,0,plain
2,fashion,112,identity,lasso,131.0,0.36650940254531994,0.3139230937419394,0.3713980252837087,0,plain
2,fashion,112,random,lasso,4.0,0.09880974425809791,0.22136528275856535,0.30800689011362997,0,plain
2,fashion,112,shuffled,lasso,6.0,0.15686213871175161,0.2941224255427107,0.3278973222729249,0,plain
2,fashion,112,pca,lasso,7.0,0.3764110509497107,0.536680610983263,0.5451927630340808,0,plain
2,fashion,112,emotion,lasso,7.0,0.44523212940393864,0.45366218441878825,0.5111420944119438,0,plain
2,fashion,112,population,elastic,,0.19918752176816087,0.32830951673044156,0.3088361043605818,0,plain
2,fashion,112,identity,elastic,66.0,0.4008918294584955,0.5034216761173709,0.4547621000344127,0,plain
2,fashion,112,random,elastic,4.0,0.09041458422272491,0.21765265747120996,0.3022404768163869,0,plain
2,fashion,112,shuffled,elastic,6.0,0.15615628118963581,0.2922145486589308,0.3281360663049449,0,plain
2,fashion,112,pca,elastic,7.0,0.3716126392510857,0.536680610983263,0.5449986552265546,0,plain
2,fashion,112,emotion,elastic,7.0,0.44503334111829307,0.45366218441878825,0.5119108439994687,0,plain
2,fashion,113,population,lasso,,0.2345417495578484,0.38737358417772716,0.3898906859926716,0,plain
2,fashion,113,identity,lasso,144.0,0.15987597696933575,0.15954731049942988,0.16545574503676894,0,plain
2,fashion,113,random,lasso,4.0,0.03093375463955346,0.01432529076067081,0.10474270741180358,0,plain
2,fashion,113,shuffled,lasso,7.0,0.023233890902104398,-0.051443054449831604,0.046223548856254126,0,plain
2,fashion,113,pca,lasso,6.0,0.2275370114875234,0.3167316864403986,0.330029469505389,0,plain
2,fashion,113,emotion,lasso,7.0,0.2961591853143612,0.3391303369424784,0.35451431318752796,0,plain
2,fashion,113,population,elastic,,0.23280672945726816,0.3847645106027597,0.38883533479711463,0,plain
2,fashion,113,identity,elastic,83.0,0.2014847615981643,0.2513571636563064,0.23790813059369528,0,plain
2,fashion,113,random,elastic,3.0,0.02951991266008737,0.02451544604403458,0.10622636757354335,0,plain
2,fashion,113,shuffled,elastic,7.0,0.022340651562758745,-0.04912934769467171,0.04464186567205529,0,plain
2,fashion,113,pca,elastic,6.0,0.22465848838516259,0.31397492945552724,0.33056265201840385,0,plain
2,fashion,113,emotion,elastic,7.0,0.29574369512223936,0.3375550472368376,0.35547508641047487,0,plain
2,fashion,120,population,lasso,,0.2240150530452511,0.2354977942198897,0.29951889527934095,0,plain
2,fashion,120,identity,lasso,134.0,0.1313211068256704,0.04365598305136177,0.13259038840161316,0,plain
2,fashion,120,random,lasso,4.0,0.024424623858361815,0.06627355186676974,0.057895670459165195,0,plain
2,fashion,120,shuffled,lasso,6.0,0.20815433932162095,0.2710542424927608,0.24826955964922645,0,plain
2,fashion,120,pca,lasso,5.0,0.18233207236828622,0.13769209123434176,0.22262335499836208,0,plain
2,fashion,120,emotion,lasso,6.0,0.30582372032755395,0.29122666873353004,0.34917793662049273,0,plain
2,fashion,120,population,elastic,,0.22213143107138653,0.2428332219438058,0.2974731343551435,0,plain
2,fashion,120,identity,elastic,71.0,0.11347512533868774,-0.014314272155697385,0.11950311965940798,0,plain
2,fashion,120,random,elastic,4.0,0.02284624506728933,0.06627355186676974,0.05759494268456263,0,plain
2,fashion,120,shuffled,elastic,6.0,0.20637600349800295,0.2658583145216536,0.2478453409066987,0,plain
2,fashion,120,pca,elastic,5.0,0.17997769509505687,0.13769209123434176,0.22201312641091503,0,plain
2,fashion,120,emotion,elastic,6.0,0.30510049861167676,0.29193983531779966,0.34870092633519906,0,plain
2,fashion,121,population,lasso,,0.26756041964032723,0.39649520113963477,0.42824169408154245,0,plain
2,fashion,121,identity,lasso,135.0,0.2954701245020533,0.2353906950679688,0.33401455778915495,0,plain
2,fashion,121,random,lasso,2.0,0.06310639525242383,0.13636021914109564,0.10172881848112632,0,plain
2,fashion,121,shuffled,lasso,6.0,0.3523408065716749,0.38566957560751025,0.39687433285320156,0,plain
2,fashion,121,pca,lasso,7.0,0.3020001131656843,0.3192226326861942,0.3745547645662211,0,plain
2,fashion,121,emotion,lasso,7.0,0.42554012888292625,0.378576924396808,0.4934969484786955,0,plain
2,fashion,121,population,elastic,,0.2668631692853809,0.39633521652585957,0.4288629273158084,0,plain
2,fashion,121,identity,elastic,79.0,0.393849749116409,0.28658577147604536,0.4059852118991647,0,plain
2,fashion,121,random,elastic,2.0,0.06009493322103621,0.13838669091558203,0.10212973966708344,0,plain
2,fashion,121,shuffled,elastic,6.0,0.35089454439888446,0.38364310383302397,0.39651851744132655,0,plain
2,fashion,121,pca,elastic,7.0,0.2990037797902762,0.3192226326861942,0.3745567777211688,0,plain
2,fashion,121,emotion,elastic,7.0,0.42428705111135434,0.38193660128608803,0.49300785249130746,0,plain
2,fashion,131,population,lasso,,0.11811766235463728,0.22200714413311237,0.1985890102518797,0,plain
2,fashion,131,identity,lasso,157.0,0.13439330718362033,0.16801602853180886,0.14319463217670422,0,plain
2,fashion,131,random,lasso,5.0,-0.05703528760795865,-0.12350651921899633,-0.1321440747726793,0,plain
2,fashion,131,shuffled,lasso,7.0,-0.025676138769304597,-0.024711129342543818,-0.03655955489222897,0,plain
2,fashion,131,pca,lasso,7.0,0.043382695620578414,0.06425876178935848,0.06992748094483164,0,plain
2,fashion,131,emotion,lasso,6.0,0.1435144571391532,0.17425522023459827,0.1974210867652117,0,plain
2,fashion,131,population,elastic,,0.11814031376944883,0.22313707648873565,0.19933556284749424,0,plain
2,fashion,131,identity,elastic,105.0,0.1859715493175535,0.21439238260608592,0.20864238392062615,0,plain
2,fashion,131,random,elastic,5.0,-0.055511709742484004,-0.11486008032379214,-0.13557240036337895,0,plain
2,fashion,131,shuffled,elastic,7.0,-0.025892444912826842,-0.018078917689972416,-0.0372524234637377,0,plain
2,fashion,131,pca,elastic,7.0,0.04246256601710244,0.065143056676368,0.06941201985516439,0,plain
2,fashion,131,emotion,elastic,6.0,0.14444847113696999,0.1777432722889136,0.19910858720646818,0,plain
2,fashion,138,population,lasso,,0.33596785040433136,0.43079062644369404,0.4482990701262603,0,plain
2,fashion,138,identity,lasso,124.0,0.29664589890123666,0.25510421048326054,0.30069418079047866,0,plain
2,fashion,138,random,lasso,5.0,0.1330995749635133,0.20027538695692418,0.2612526489923619,0,plain
2,fashion,138,shuffled,lasso,6.0,0.05891856787086911,0.056050635749764495,0.08377403334928273,0,plain
2,fashion,138,pca,lasso,6.0,0.44181342117657046,0.5264483417695864,0.5512661676878706,0,plain
2,fashion,138,emotion,lasso,7.0,0.5262749780061562,0.5736408388994971,0.5783719808100055,0,plain
2,fashion,138,population,elastic,,0.33683920166609055,0.4411760303428329,0.45057208647942343,0,plain
2,fashion,138,identity,elastic,76.0,0.4637819633069086,0.46866680536996536,0.4967790029464057,0,plain
2,fashion,138,random,elastic,5.0,0.12598681635178402,0.20536627122120796,0.2610167381596521,0,plain
2,fashion,138,shuffled,elastic,6.0,0.05891703785923963,0.058596077881906385,0.08410206243171954,0,plain
2,fashion,138,pca,elastic,6.0,0.4363064401468825,0.5281792424194429,0.5503860134438754,0,plain
2,fashion,138,emotion,elastic,7.0,0.5305291270181085,0.586520776088135,0.5843769659437659,0,plain
2,fashion,139,population,lasso,,0.3115307713292791,0.4311846890157343,0.48498561964065756,0,plain
2,fashion,139,identity,lasso,143.0,0.44394158996256805,0.3950157528377834,0.4489705838208828,0,plain
2,fashion,139,random,lasso,5.0,0.11102443454411821,0.15761422594619248,0.18131168032438846,0,plain
2,fashion,139,shuffled,lasso,7.0,0.19747529243372888,0.26857150441080063,0.28345622476562615,0,plain
2,fashion,139,pca,lasso,6.0,0.16046205627300872,0.22862884453948631,0.21858101283279585,0,plain
2,fashion,139,emotion,lasso,5.0,0.26745296280262987,0.31792396881621604,0.3317670075752705,0,plain
2,fashion,139,population,elastic,,0.30927186061230094,0.43270398037280267,0.4843183446006135,0,plain
2,fashion,139,identity,elastic,90.0,0.49546073244283506,0.47798866469316403,0.5264819734225185,0,plain
2,fashion,139,random,elastic,5.0,0.10614558560929602,0.15339941766529305,0.18526302976294562,0,plain
2,fashion,139,shuffled,elastic,7.0,0.19590084995745474,0.263376508157599,0.2826109976571734,0,plain
2,fashion,139,pca,elastic,6.0,0.1587483589592004,0.22524719603504373,0.2185903049899464,0,plain
2,fashion,139,emotion,elastic,5.0,0.2665507944998233,0.3163066586619174,0.3320619939712221,0,plain
2,landscape,7,population,lasso,,0.07883617069534223,0.11117584894969847,0.10469239440499087,0,plain
2,landscape,7,identity,lasso,9.0,0.0794076473640659,0.22970929630090597,0.26030210765322676,0,plain
2,landscape,7,random,lasso,2.0,0.0719280496986921,0.1800835636341761,0.17048409775137596,0,plain
2,landscape,7,shuffled,lasso,7.0,-0.21461929449091682,-0.25553700379309974,-0.2735637236010109,0,plain
2,landscape,7,pca,lasso,7.0,0.2893410226291963,0.2633005386581403,0.34442841803326724,0,plain
2,landscape,7,emotion,lasso,1.0,0.2032847380170621,0.28268400479177097,0.3184999071483573,0,plain
2,landscape,7,population,elastic,,0.093651554798403,0.09027012107782453,0.11969703175922355,0,plain
2,landscape,7,identity,elastic,33.0,0.08838609332075956,0.10534051228643268,0.11964036191978962,0,plain
2,landscape,7,random,elastic,2.0,0.06778574661396729,0.1800835636341761,0.17029928033867728,0,plain
2,landscape,7,shuffled,elastic,7.0,-0.2166153123596521,-0.25294915883808616,-0.2724677432534593,0,plain
2,landscape,7,pca,elastic,7.0,0.2865186360406189,0.26122011428254116,0.34475533684239507,0,plain
2,landscape,7,emotion,elastic,2.0,0.17017562037594952,0.2560444243725141,0.29802861686347565,0,plain
2,landscape,8,population,lasso,,0.3740813427819794,0.5156183279414803,0.533523375545265,0,plain
2,landscape,8,identity,lasso,11.0,0.13137729727330133,0.22683056186080264,0.24333555052317965,0,plain
2,landscape,8,random,lasso,4.0,0.14410971746368678,0.27727578156454463,0.29099923186531623,0,plain
2,landscape,8,shuffled,lasso,7.0,0.3044567262135903,0.45341408542726763,0.43178799608308216,0,plain
2,landscape,8,pca,lasso,6.0,0.40111388971892065,0.5012901068698984,0.47144871250783293,0,plain
2,landscape,8,emotion,lasso,3.0,0.3516053470819836,0.4769815387070766,0.4715557543281595,0,plain
2,landscape,8,population,elastic,,0.39481813449312647,0.4997090617861376,0.5332210766226634,0,plain
2,landscape,8,identity,elastic,35.0,0.2600419276583862,0.37609109929959256,0.37200693404582175,0,plain
2,landscape,8,random,elastic,4.0,0.13386354862322,0.27727578156454463,0.29280498485082257,0,plain
2,landscape,8,shuffled,elastic,7.0,0.30811142113674905,0.45227770927331457,0.4301150408798243,0,plain
2,landscape,8,pca,elastic,6.0,0.39785640671585465,0.5012901068698984,0.4715603737259253,0,plain
2,landscape,8,emotion,elastic,4.0,0.3451977488824472,0.4849361717847479,0.48081309800000405,0,plain
2,landscape,40,population,lasso,,0.16374104097166567,0.19144262097405204,0.2506449229491499,0,plain
2,landscape,40,identity,lasso,7.0,0.052100670208951226,0.28852061145223273,0.2751427171301637,0,plain
2,landscape,40,random,lasso,5.0,0.04483299411215798,0.17682062551382918,0.08611034754653668,0,plain
2,landscape,40,shuffled,lasso,7.0,0.13102040783166616,0.28173721149645925,0.28528467508970956,0,plain
2,landscape,40,pca,lasso,7.0,0.18642148005449163,0.34183311036390446,0.3579867514450564,0,plain
2,landscape,40,emotion,lasso,2.0,0.16253517951565816,0.38117683010739073,0.43188166148345647,0,plain
2,landscape,40,population,elastic,,0.16019311826001442,0.1841064995404007,0.2326856067241844,0,plain
2,landscape,40,identity,elastic,38.0,0.2740396251474653,0.3455011710807301,0.3930204995897928,0,plain
2,landscape,40,random,elastic,5.0,0.04222415567258991,0.17993596475277698,0.08638912989575226,0,plain
2,landscape,40,shuffled,elastic,7.0,0.1346212373557513,0.2800790470628257,0.2792417189558346,0,plain
2,landscape,40,pca,elastic,7.0,0.18327526986936107,0.34183311036390446,0.35833995527279355,0,plain
2,landscape,40,emotion,elastic,3.0,0.13477800636421203,0.38188029380650795,0.43058929823883096,0,plain
2,landscape,41,population,lasso,,0.2653934795874236,0.5261420363216274,0.51846045780545,0,plain
2,landscape,41,identity,lasso,7.0,0.005593265673867722,-0.00976507120121803,0.021791971581119923,0,plain
2,landscape,41,random,lasso,5.0,0.009258016948564877,0.03359184493219002,0.0237081898873681,0,plain
2,landscape,41,shuffled,lasso,7.0,0.19759343892582182,0.44753321315182226,0.43679185721392344,0,plain
2,landscape,41,pca,lasso,7.0,0.1072730972240155,0.2720548836659343,0.2785366721289896,0,plain
2,landscape,41,emotion,lasso,4.0,0.15696549060829187,0.4552476194007845,0.4861438650410058,0,plain
2,landscape,41,population,elastic,,0.2972992720832769,0.5150098551522388,0.5228576254671206,0,plain
2,landscape,41,identity,elastic,27.0,0.05909281427042755,0.070406163360782,0.12070523519520665,0,plain
2,landscape,41,random,elastic,5.0,0.0061729152509524465,0.03090645035185506,0.01737849735731257,0,plain
2,landscape,41,shuffled,elastic,7.0,0.20095736082113397,0.454954667264748,0.43521608283220564,0,plain
2,landscape,41,pca,elastic,7.0,0.10523966203764915,0.2730802161420622,0.2778640284717546,0,plain
2,landscape,41,emotion,elastic,3.0,0.14388029551920586,0.48254099340818885,0.4861283888120969,0,plain
2,landscape,45,population,lasso,,0.36460552916695066,0.48592058176483666,0.5250287117959022,0,plain
2,landscape,45,identity,lasso,10.0,0.08629918002944409,0.2542068362162961,0.26165794567000095,0,plain
2,landscape,45,random,lasso,3.0,0.025146876107785838,0.11376217253470107,0.09316407812949028,0,plain
2,landscape,45,shuffled,lasso,4.0,0.13293209190627553,0.23575352458199558,0.22576336891532844,0,plain
2,landscape,45,pca,lasso,7.0,0.1452947906230242,0.20144033970524225,0.19161484924895802,0,plain
2,landscape,45,emotion,lasso,3.0,0.229295241409279,0.40273105796480096,0.4294227452330802,0,plain
2,landscape,45,population,elastic,,0.4129148998007539,0.5281138294475886,0.5593919840519366,0,plain
2,landscape,45,identity,elastic,37.0,0.13495674435201463,0.16533169748028673,0.18317758940812232,0,plain
2,landscape,45,random,elastic,3.0,0.024084956332038263,0.12253996401480076,0.09562971506192577,0,plain
2,landscape,45,shuffled,elastic,5.0,0.13337848459397894,0.23316008619014797,0.22488888095287146,0,plain
2,landscape,45,pca,elastic,7.0,0.1434983994734312,0.19824841553066058,0.1914033600138852,0,plain
2,landscape,45,emotion,elastic,3.0,0.21533392140481342,0.39774367644201714,0.42945821638692433,0,plain
2,landscape,46,population,lasso,,0.1262764334480288,0.47622411864820824,0.42330253670302426,0,plain
2,landscape,46,identity,lasso,7.0,0.007486117703614212,0.08160934682817585,0.06135508048300462,0,plain
2,landscape,46,random,lasso,5.0,-0.00688847668595464,-0.06939847199104231,-0.017084625321236935,0,plain
2,landscape,46,shuffled,lasso,6.0,0.20272232713077873,0.3222144597648614,0.29521693004760613,0,plain
2,landscape,46,pca,lasso,7.0,0.12987875452178063,0.3811828094991854,0.35549812018074795,0,plain
2,landscape,46,emotion,lasso,2.0,0.10677776002154311,0.37405979917752424,0.33004698073951616,0,plain
2,landscape,46,population,elastic,,0.13455439600850416,0.47230646297129447,0.4152249230130502,0,plain
2,landscape,46,identity,elastic,33.0,0.09301944030891508,0.20539709048961713,0.17514226937546756,0,plain
2,landscape,46,random,elastic,5.0,-0.00465771747713349,-0.05245588315451951,-0.012486008726102777,0,plain
2,landscape,46,shuffled,elastic,6.0,0.20351266148634337,0.31651605150753237,0.29323224295509026,0,plain
2,landscape,46,pca,elastic,7.0,0.12766830349985955,0.3804705084670193,0.35605435344236813,0,plain
2,landscape,46,emotion,elastic,2.0,0.09347874069546049,0.37405979917752424,0.33017762169285747,0,plain
2,landscape,52,population,lasso,,0.26631308188283287,0.5332325318708118,0.5384029897774624,0,plain
2,landscape,52,identity,lasso,10.0,0.09658137512039332,0.19400457853588554,0.2087700031396522,0,plain
2,landscape,52,random,lasso,5.0,0.045839437173836955,0.2027627904802877,0.19048658781358294,0,plain
2,landscape,52,shuffled,lasso,7.0,0.377158803975613,0.33184457698644776,0.4421852282389793,0,plain
2,landscape,52,pca,lasso,6.0,0.3911410002860746,0.5320104557855464,0.5763075514263347,0,plain
2,landscape,52,emotion,lasso,3.0,0.28331516220234393,0.4612318825139241,0.5018788359989096,0,plain
2,landscape,52,population,elastic,,0.27558878998142267,0.5391392329495948,0.5266622428678353,0,plain
2,landscape,52,identity,elastic,31.0,0.1789859029540416,0.19038927011697532,0.23334102420187547,0,plain
2,landscape,52,random,elastic,4.0,0.04230290580016106,0.21381239508456257,0.19295706753549208,0,plain
2,landscape,52,shuffled,elastic,7.0,0.37972990254550226,0.3368856408381676,0.44175301287320007,0,plain
2,landscape,52,pca,elastic,6.0,0.38481820806773054,0.5303810210051926,0.577032234131767,0,plain
2,landscape,52,emotion,elastic,3.0,0.27032116368934417,0.4763550740690838,0.5260486015782203,0,plain
2,landscape,58,population,lasso,,0.3351130843750223,0.44345282028433575,0.49568128925040394,0,plain
2,landscape,58,identity,lasso,12.0,0.14569307209220547,0.3318658209121349,0.3162834711419028,0,plain
2,landscape,58,random,lasso,6.0,0.01403579663593455,0.03140531204846463,0.03751403548676223,0,plain
2,landscape,58,shuffled,lasso,6.0,0.0437332960915831,0.03297557765088786,0.0784738954372583,0,plain
2,landscape,58,pca,lasso,7.0,0.3693697281282574,0.4365338374736584,0.45227133904749434,0,plain
2,landscape,58,emotion,lasso,4.0,0.3368335252756938,0.4982649039689217,0.5351403804063629,0,plain
2,landscape,58,population,elastic,,0.36790512570611233,0.4655346803184125,0.5131132923647511,0,plain
2,landscape,58,identity,elastic,37.0,0.16720080241915344,0.27136152441876477,0.26097979295530555,0,plain
2,landscape,58,random,elastic,6.0,0.011946272533564901,0.031159958048086002,0.03471903248343862,0,plain
2,landscape,58,shuffled,elastic,7.0,0.03784421029963165,0.019186682829608864,0.0671588678584542,0,plain
2,landscape,58,pca,elastic,7.0,0.3658582314218087,0.4365338374736584,0.4522835473552471,0,plain
2,landscape,58,emotion,elastic,4.0,0.3300777662193748,0.4947808771635452,0.5398316943250233,0,plain
2,landscape,65,population,lasso,,0.22485762966288692,0.34915548002574553,0.3445745526872601,0,plain
2,landscape,65,identity,lasso,13.0,0.00046577886625797683,-0.0885252562671508,0.0010115116222029854,0,plain
2,landscape,65,random,lasso,5.0,0.11558401508147152,0.261767699118452,0.33834440052069054,0,plain
2,landscape,65,shuffled,lasso,6.0,0.16972695664805829,0.2678012640707383,0.2563243303868176,0,plain
2,landscape,65,pca,lasso,7.0,0.13439252967572202,0.12096803174829655,0.20749880218309746,0,plain
2,landscape,65,emotion,lasso,3.0,0.16255119355360156,0.2777912650573106,0.26292853185439236,0,plain
2,landscape,65,population,elastic,,0.23430686536429643,0.3389182017870303,0.3394088485924772,0,plain
2,landscape,65,identity,elastic,34.0,0.07102592951904806,0.0969326828400087,0.09717295980925976,0,plain
2,landscape,65,random,elastic,5.0,0.10544185753978491,0.2562286886704515,0.33020315682405266,0,plain
2,landscape,65,shuffled,elastic,7.0,0.1715991327384263,0.25939383749788036,0.2563947001190467,0,plain
2,landscape,65,pca,elastic,7.0,0.13268736616674243,0.1270015967005828,0.20808590066150873,0,plain
2,landscape,65,emotion,elastic,3.0,0.1577304796041643,0.28511067172073984,0.273644311734208,0,plain
2,landscape,66,population,lasso,,0.4188413492025832,0.49158112416156563,0.5363402616194561,0,plain
2,landscape,66,identity,lasso,6.0,0.08912199339216252,0.2613184778897101,0.2962895961112426,0,plain
2,landscape,66,random,lasso,3.0,0.04311775805212076,0.19695935315534055,0.18684247483763197,0,plain
2,landscape,66,shuffled,lasso,7.0,-0.042427339911264406,-0.048780130255018206,-0.0743875471868035,0,plain
2,landscape,66,pca,lasso,7.0,0.3385613414442256,0.46793169975520604,0.5020804831769764,0,plain
2,landscape,66,emotion,lasso,1.0,0.18455977323259548,0.4992940033956051,0.5296327394593172,0,plain
2,landscape,66,population,elastic,,0.41890089971693983,0.4806502886908076,0.5175505527528345,0,plain
2,landscape,66,identity,elastic,31.0,0.19283385526537605,0.24711860751180947,0.2879262948553482,0,plain
2,landscape,66,random,elastic,3.0,0.04051258357196178,0.20094348944842055,0.18914566610505124,0,plain
2,landscape,66,shuffled,elastic,7.0,-0.04897473370428936,-0.038870868192742256,-0.08266986853460748,0,plain
2,landscape,66,pca,elastic,7.0,0.3328486952728019,0.46604178894951426,0.5027024912727786,0,plain
2,landscape,66,emotion,elastic,3.0,0.17441190132134554,0.5067514892775242,0.534318122329448,0,plain
2,landscape,74,population,lasso,,0.2600385432674014,0.36993683799127136,0.36241209736778995,0,plain
2,landscape,74,identity,lasso,7.0,0.15729280954043792,0.3188724060216813,0.28695580251606845,0,plain
2,landscape,74,random,lasso,6.0,0.011858100568288898,0.03073039169427423,0.059011183786143034,0,plain
2,landscape,74,shuffled,lasso,7.0,0.19474680563199234,0.24130747043513845,0.257575474661667,0,plain
2,landscape,74,pca,lasso,6.0,0.2884598417955652,0.3095972297557478,0.3315566618336358,0,plain
2,landscape,74,emotion,lasso,3.0,0.21640707002237405,0.30531637917147086,0.2922764929473628,0,plain
2,landscape,74,population,elastic,,0.26521265987318327,0.34414980947169793,0.3585368736842632,0,plain
2,landscape,74,identity,elastic,35.0,0.2097096289912001,0.2048183154548725,0.2623190417193999,0,plain
2,landscape,74,random,elastic,6.0,0.009800001506756173,0.02588895353348476,0.05387075467844897,0,plain
2,landscape,74,shuffled,elastic,7.0,0.20395165054651243,0.25053168419411626,0.2662613237624778,0,plain
2,landscape,74,pca,elastic,6.0,0.2854060422337882,0.3086799046305456,0.3310135168329658,0,plain
2,landscape,74,emotion,elastic,4.0,0.1975699267631666,0.3034307664141107,0.28136090429291305,0,plain
2,landscape,83,population,lasso,,0.3105859881142208,0.5580393142182419,0.5792415359814705,0,plain
2,landscape,83,identity,lasso,3.0,0.018910064593395524,0.2473164331281182,0.27652012027537803,0,plain
2,landscape,83,random,lasso,4.0,0.12028831659767618,0.30806356460487505,0.346265792639926,0,plain
2,landscape,83,shuffled,lasso,7.0,0.15669240105297996,0.21165030614949018,0.23438401885508753,0,plain
2,landscape,83,pca,lasso,5.0,0.3427268485977885,0.4338857347794796,0.5116012574133582,0,plain
2,landscape,83,emotion,lasso,2.0,0.2521142186751436,0.4281499541250219,0.48721259301600295,0,plain
2,landscape,83,population,elastic,,0.34126386392524816,0.5489663520920997,0.5852315565281586,0,plain
2,landscape,83,identity,elastic,21.0,0.16529804734578293,0.3221944423990391,0.31697330402226415,0,plain
2,landscape,83,random,elastic,4.0,0.1106503823191369,0.30670783463200324,0.35222229703196273,0,plain
2,landscape,83,shuffled,elastic,7.0,0.17128655312635116,0.22713691391652605,0.24926417605468487,0,plain
2,landscape,83,pca,elastic,5.0,0.3385475176175661,0.43607576012027255,0.511200658255992,0,plain
2,landscape,83,emotion,elastic,4.0,0.2445995898141238,0.4715854567174154,0.517681595546635,0,plain
2,landscape,87,population,lasso,,0.32989095216641273,0.5621620147766427,0.49640546753904835,0,plain
2,landscape,87,identity,lasso,13.0,0.17658295833871215,0.4384002241037023,0.4260816737450496,0,plain
2,landscape,87,random,lasso,3.0,0.0056709031347091194,0.08790042194698931,0.10851845831470397,0,plain
2,landscape,87,shuffled,lasso,7.0,0.2320171707910449,0.3317677464255597,0.3147269925334618,0,plain
2,landscape,87,pca,lasso,7.0,0.4619558049657746,0.6217139245743466,0.5814647479651625,0,plain
2,landscape,87,emotion,lasso,3.0,0.30361396337618285,0.5159829896854039,0.48032789272294285,0,plain
2,landscape,87,population,elastic,,0.35144085118164586,0.5577544722516655,0.49165925463699595,0,plain
2,landscape,87,identity,elastic,41.0,0.2989217422954848,0.46925302177854294,0.4462063616174061,0,plain
2,landscape,87,random,elastic,2.0,0.005193055371809472,0.09230796447196654,0.11294439125935872,0,plain
2,landscape,87,shuffled,elastic,7.0,0.2289047685207537,0.33672623176615907,0.3089182577198375,0,plain
2,landscape,87,pca,elastic,7.0,0.45738261747838055,0.625670695704724,0.5818082999291151,0,plain
2,landscape,87,emotion,elastic,5.0,0.2959510636325087,0.5358670167583126,0.5104746402531211,0,plain
2,landscape,93,population,lasso,,0.3804695516723143,0.691738136764214,0.7058377638260072,0,plain
2,landscape,93,identity,lasso,12.0,0.4392970014054016,0.6228865228648593,0.6237996362991229,0,plain
2,landscape,93,random,lasso,6.0,0.024596650950386014,0.005551750004843567,0.049256299535648425,0,plain
2,landscape,93,shuffled,lasso,7.0,0.47337174481155303,0.5663280696905156,0.5416276868650765,0,plain
2,landscape,93,pca,lasso,7.0,0.5440409072337375,0.6737445184449441,0.621184889269947,0,plain
2,landscape,93,emotion,lasso,2.0,0.546035952722872,0.6900527840841721,0.6818601423773553,0,plain
2,landscape,93,population,elastic,,0.4115082433785447,0.7052705274010203,0.7085896949439748,0,plain
2,landscape,93,identity,elastic,47.0,0.47830936734372315,0.6381042661817073,0.584165939703409,0,plain
2,landscape,93,random,elastic,5.0,0.023921371660227557,0.013829805815637098,0.05078991471086661,0,plain
2,landscape,93,shuffled,elastic,7.0,0.47404625033439,0.5720285272847746,0.5409813474658653,0,plain
2,landscape,93,pca,elastic,7.0,0.5390204589486739,0.6752315943390987,0.6201395787114701,0,plain
2,landscape,93,emotion,elastic,5.0,0.5227377921516221,0.6935226278371994,0.689008962819187,0,plain
2,landscape,94,population,lasso,,0.3589119315679964,0.5794907372132404,0.600484788063198,0,plain
2,landscape,94,identity,lasso,20.0,0.29517224300845624,0.37763797010206623,0.37467592862040505,0,plain
2,landscape,94,random,lasso,6.0,0.11825082520756514,0.15757696063721172,0.1999441935179852,0,plain
2,landscape,94,shuffled,lasso,7.0,0.20826334082653106,0.28840293787008875,0.3019622671645931,0,plain
2,landscape,94,pca,lasso,6.0,0.42555062557237006,0.4890841290657447,0.5042879973633759,0,plain
2,landscape,94,emotion,lasso,4.0,0.4880735959157274,0.5097331545767547,0.5323708717459632,0,plain
2,landscape,94,population,elastic,,0.38743208045993216,0.5665545864793924,0.6055418102424961,0,plain
2,landscape,94,identity,elastic,46.0,0.3563015408309857,0.4000931751495004,0.39700168983637535,0,plain
2,landscape,94,random,elastic,6.0,0.10820881204420012,0.16304431490963042,0.1958751528134449,0,plain
2,landscape,94,shuffled,elastic,7.0,0.21421498631298966,0.3046097380347587,0.3079135194874475,0,plain
2,landscape,94,pca,elastic,6.0,0.42198254798270785,0.4890841290657447,0.5045369980778834,0,plain
2,landscape,94,emotion,elastic,5.0,0.482949402374844,0.4959671375694147,0.538455893675695,0,plain
2,landscape,102,population,lasso,,0.3399870543362494,0.6790299215000138,0.6491875123311235,0,plain
2,landscape,102,identity,lasso,23.0,0.18583736374909568,0.40202671453640415,0.3860951934311762,0,plain
2,landscape,102,random,lasso,5.0,0.06315981606286834,0.16020946910490927,0.16040049853666458,0,plain
2,landscape,102,shuffled,lasso,7.0,0.33029883579879227,0.4106507247158441,0.3937182567420647,0,plain
2,landscape,102,pca,lasso,7.0,0.48570350639463306,0.7141173229157923,0.6911937909260372,0,plain
2,landscape,102,emotion,lasso,4.0,0.48695118383484803,0.6756788775445743,0.6522678665424305,0,plain
2,landscape,102,population,elastic,,0.35320415522524096,0.6615847809084612,0.6324369472481024,0,plain
2,landscape,102,identity,elastic,48.0,0.3055169810994621,0.4857535333642236,0.4345142322850756,0,plain
2,landscape,102,random,elastic,5.0,0.060238562812144646,0.1606037095702551,0.16332352130011382,0,plain
2,landscape,102,shuffled,elastic,7.0,0.33220441989061134,0.40242095500175,0.3943338910315548,0,plain
2,landscape,102,pca,elastic,7.0,0.4794584145817191,0.7141173229157923,0.6911329002929096,0,plain
2,landscape,102,emotion,elastic,5.0,0.4642390840378216,0.6805576033032289,0.6521081770915564,0,plain
2,landscape,112,population,lasso,,0.39817697157428555,0.4496283623957632,0.5058550450630238,0,plain
2,landscape,112,identity,lasso,10.0,0.2393978731488335,0.5991215515371229,0.6049228218792109,0,plain
2,landscape,112,random,lasso,3.0,-0.006257255251952304,-0.06488194209643373,-0.043890845612137186,0,plain
2,landscape,112,shuffled,lasso,7.0,0.3397738895363211,0.45866887934684447,0.47005680405930594,0,plain
2,landscape,112,pca,lasso,5.0,0.574800397823306,0.589931191763648,0.6418136836805712,0,plain
2,landscape,112,emotion,lasso,2.0,0.46705490045858516,0.5310429625629587,0.563231282458047,0,plain
2,landscape,112,population,elastic,,0.40875355498106214,0.43444428972654403,0.4931042510994045,0,plain
2,landscape,112,identity,elastic,28.0,0.4701464664618427,0.6379308425370681,0.6653312223492989,0,plain
2,landscape,112,random,elastic,3.0,-0.005919983729473645,-0.07172476431907532,-0.04527974005278432,0,plain
2,landscape,112,shuffled,elastic,7.0,0.3447139520832492,0.4536241709929262,0.4689579385386819,0,plain
2,landscape,112,pca,elastic,5.0,0.5704505495669414,0.5854858546993043,0.64200530275083,0,plain
2,landscape,112,emotion,elastic,6.0,0.44821844222505947,0.5104645482875695,0.5676618217875278,0,plain
2,landscape,113,population,lasso,,0.310550555419091,0.4165581380530387,0.4341467631648882,0,plain
2,landscape,113,identity,lasso,7.0,0.09652112362064008,0.2331639686567697,0.24375628882709205,0,plain
2,landscape,113,random,lasso,3.0,0.09810366102690238,0.18580725057253572,0.20468182631034335,0,plain
2,landscape,113,shuffled,lasso,7.0,0.20116702315992988,0.24824572600843656,0.24234530887303607,0,plain
2,landscape,113,pca,lasso,7.0,0.34924562675121223,0.40740853859302756,0.48231098713307247,0,plain
2,landscape,113,emotion,lasso,3.0,0.2719643703311357,0.39825893913301624,0.4110695094285164,0,plain
2,landscape,113,population,elastic,,0.3094456002594301,0.4222892058466721,0.41912697022487383,0,plain
2,landscape,113,identity,elastic,32.0,0.271212656741084,0.39534313271169397,0.3778462376962273,0,plain
2,landscape,113,random,elastic,3.0,0.09259385743440021,0.18972850748396913,0.20719650078357546,0,plain
2,landscape,113,shuffled,elastic,7.0,0.20245038048070385,0.24814518095942542,0.24151690300264114,0,plain
2,landscape,113,pca,elastic,7.0,0.34435210626617113,0.40740853859302756,0.48217091095354414,0,plain
2,landscape,113,emotion,elastic,4.0,0.25745406860508324,0.3895115198690495,0.41079172971294403,0,plain
2,landscape,120,population,lasso,,0.349664603863766,0.5817804170578611,0.5898946131126102,0,plain
2,landscape,120,identity,lasso,12.0,0.17967825724939007,0.4564692425159561,0.4684916360647843,0,plain
2,landscape,120,random,lasso,3.0,0.12677379420641607,0.26144057997951403,0.26820992365629365,0,plain
2,landscape,120,shuffled,lasso,6.0,0.3587807472002237,0.4710438035837796,0.4670038945090821,0,plain
2,landscape,120,pca,lasso,7.0,0.4495609357508245,0.5346009100960408,0.5220246464915678,0,plain
2,landscape,120,emotion,lasso,3.0,0.5072846933846811,0.6594613250172915,0.6786091460848371,0,plain
2,landscape,120,population,elastic,,0.3760734333570986,0.5781743400926265,0.5990766870763403,0,plain
2,landscape,120,identity,elastic,35.0,0.40915522498329987,0.5269379965449171,0.5408057813872117,0,plain
2,landscape,120,random,elastic,3.0,0.11933033589456218,0.2630933652552466,0.26834831051051034,0,plain
2,landscape,120,shuffled,elastic,6.0,0.36646480623728617,0.4776549446867099,0.4735688556666998,0,plain
2,landscape,120,pca,elastic,6.0,0.44589210186543027,0.5346009100960408,0.5223184291982391,0,plain
2,landscape,120,emotion,elastic,4.0,0.47761326761983947,0.6654714532926825,0.6709014470641071,0,plain
2,landscape,121,population,lasso,,0.4834439188666796,0.7627180015255215,0.7286474388248221,0,plain
2,landscape,121,identity,lasso,14.0,0.2497929939448067,0.7109605481845908,0.6393965863122409,0,plain
2,landscape,121,random,lasso,6.0,0.057275979003514575,0.13109910817588197,0.11400342644341328,0,plain
2,landscape,121,shuffled,lasso,7.0,0.4551634598258872,0.5779335119472987,0.5599003394914264,0,plain
2,landscape,121,pca,lasso,7.0,0.5862749076964602,0.7316239822786776,0.7127358138189822,0,plain
2,landscape,121,emotion,lasso,3.0,0.45327166431924054,0.6903959821962171,0.6657262347325438,0,plain
2,landscape,121,population,elastic,,0.5013091866294715,0.743784759281418,0.7000676850281019,0,plain
2,landscape,121,identity,elastic,32.0,0.44327548059174887,0.7038420445732306,0.6620632071763537,0,plain
2,landscape,121,random,elastic,6.0,0.05217454061390631,0.13080250385874195,0.1102364792531637,0,plain
2,landscape,121,shuffled,elastic,7.0,0.4584999753890895,0.5689859483802419,0.5588023099813411,0,plain
2,landscape,121,pca,elastic,7.0,0.5801885585635738,0.7316239822786776,0.7133493023668994,0,plain
2,landscape,121,emotion,elastic,4.0,0.42663379854099676,0.688616356293377,0.6681990295663801,0,plain
2,landscape,131,population,lasso,,0.20485700164272772,0.42519217531147396,0.385435974217834,0,plain
2,landscape,131,identity,lasso,22.0,0.09046419009743685,0.12092666198270635,0.12620754099703155,0,plain
2,landscape,131,random,lasso,3.0,0.08921624043201547,0.23025761665200253,0.2241200848207953,0,plain
2,landscape,131,shuffled,lasso,7.0,0.1176482183554972,0.17281501613725198,0.16634274615845865,0,plain
2,landscape,131,pca,lasso,7.0,0.10328505409940703,0.1736920024046528,0.17070519641077675,0,plain
2,landscape,131,emotion,lasso,4.0,0.09129755262996878,0.13695602209242044,0.178348075347215,0,plain
2,landscape,131,population,elastic,,0.24539678692574712,0.44268317920018935,0.4193963127344743,0,plain
2,landscape,131,identity,elastic,58.0,0.11644248822557043,0.11834442463980407,0.12765820771948275,0,plain
2,landscape,131,random,elastic,3.0,0.08285669648244674,0.23025761665200253,0.22355047230386962,0,plain
2,landscape,131,shuffled,elastic,7.0,0.11720882044927888,0.1757870251545546,0.164029367289536,0,plain
2,landscape,131,pca,elastic,7.0,0.10212813011767115,0.17062255046875008,0.1716218393885043,0,plain
2,landscape,131,emotion,elastic,4.0,0.09553238616455863,0.20618921575778132,0.21785119585857296,0,plain
2,landscape,138,population,lasso,,0.5238598035756077,0.7033761377810577,0.7299233622326994,0,plain
2,landscape,138,identity,lasso,5.0,0.2254991303709755,0.5192749923411298,0.5361440891253981,0,plain
2,landscape,138,random,lasso,3.0,0.08267951091339254,0.25330122368523406,0.26659922670977954,0,plain
2,landscape,138,shuffled,lasso,7.0,0.49636052382307855,0.5901713955037688,0.5841211241818891,0,plain
2,landscape,138,pca,lasso,6.0,0.6878210523000262,0.7720274050236976,0.7521849798908606,0,plain
2,landscape,138,emotion,lasso,2.0,0.5536938259345926,0.7387993934077105,0.7788088326688611,0,plain
2,landscape,138,population,elastic,,0.56123913498754,0.7079661934397226,0.7379362015294673,0,plain
2,landscape,138,identity,elastic,24.0,0.4218217882379406,0.6580742841064089,0.6652945373371004,0,plain
2,landscape,138,random,elastic,3.0,0.0783858296454207,0.25789127934389894,0.2687101900411073,0,plain
2,landscape,138,shuffled,elastic,7.0,0.5066535526982073,0.5894230168637691,0.5902070378745845,0,plain
2,landscape,138,pca,elastic,6.0,0.6825246829818485,0.7720274050236976,0.7524371675288871,0,plain
2,landscape,138,emotion,elastic,5.0,0.5333932498247522,0.7367039332157114,0.7870821269554671,0,plain
2,landscape,139,population,lasso,,0.28935261207544244,0.50265546630773,0.4627137897797507,0,plain
2,landscape,139,identity,lasso,14.0,0.22241256188938127,0.47998112093550876,0.4901276454183694,0,plain
2,landscape,139,random,lasso,5.0,0.1342582906572235,0.356912805772675,0.2883157373605484,0,plain
2,landscape,139,shuffled,lasso,7.0,0.42601302830906057,0.5172003487603212,0.5235154957676573,0,plain
2,landscape,139,pca,lasso,7.0,0.3699096468525768,0.476210225484837,0.4596355735368472,0,plain
2,landscape,139,emotion,lasso,1.0,0.3795528939840248,0.5530483418757984,0.533026321054071,0,plain
2,landscape,139,population,elastic,,0.2925714244971924,0.4840458523953238,0.4425049417724814,0,plain
2,landscape,139,identity,elastic,44.0,0.39511593930237865,0.5519219705074159,0.5642003426940385,0,plain
2,landscape,139,random,elastic,5.0,0.1267290595945077,0.3599980838686792,0.2950368098708665,0,plain
2,landscape,139,shuffled,elastic,7.0,0.4289479760855139,0.5124499999458385,0.5240664535891685,0,plain
2,landscape,139,pca,elastic,7.0,0.3664484462535661,0.4779732415396965,0.459867164613027,0,plain
2,landscape,139,emotion,elastic,3.0,0.3509352429812328,0.5448699062879778,0.5267317897894892,0,plain
3,art,0,population,lasso,,0.2859277713207062,0.27953359394704547,0.3889485026837745,0,plain
3,art,0,identity,lasso,6.0,0.10168652235599901,0.24800084097131164,0.2722695729150449,0,plain
3,art,0,random,lasso,7.0,0.15539421528150738,0.1662863936733052,0.18147237269947827,0,plain
3,art,0,shuffled,lasso,7.0,0.15491774670116965,0.26624872981577447,0.27123799056453085,0,plain
3,art,0,pca,lasso,5.0,0.24967205790932334,0.3048500331405996,0.386293939110428,0,plain
3,art,0,emotion,lasso,4.0,0.3968385827225728,0.39608947736291356,0.48200843835422086,0,plain
3,art,0,population,elastic,,0.2860641657513756,0.27953359394704547,0.3903950136627929,0,plain
3,art,0,identity,elastic,7.0,0.08217384117206754,0.2508082084858444,0.2656194358115887,0,plain
3,art,0,random,elastic,5.0,0.13964653761991935,0.16438139428844367,0.1815929081856466,0,plain
3,art,0,shuffled,elastic,7.0,0.1532167673979873,0.27106135984068774,0.2724229810910021,0,plain
3,art,0,pca,elastic,5.0,0.23360489770243792,0.30530121720543524,0.38670128335124315,0,plain
3,art,0,emotion,elastic,6.0,0.4706877195177368,0.4762498462153751,0.5085903179414123,0,plain
3,art,9,population,lasso,,0.4833865088673348,0.5573028576138034,0.5379830425283912,0,plain
3,art,9,identity,lasso,11.0,0.3178101012458965,0.4753256668342743,0.48306513409571444,0,plain
3,art,9,random,lasso,7.0,0.2146489322051669,0.2510551467623077,0.2808381568377534,0,plain
3,art,9,shuffled,lasso,5.0,0.3261853944283401,0.3827969564494594,0.39479436425027387,0,plain
3,art,9,pca,lasso,4.0,0.3875873466377312,0.5200174397778171,0.5156969025608585,0,plain
3,art,9,emotion,lasso,4.0,0.44513940688019915,0.4979505598340701,0.48401719065588406,0,plain
3,art,9,population,elastic,,0.4803122419514332,0.5593319959994354,0.5362852169070336,0,plain
3,art,9,identity,elastic,14.0,0.28336435531919346,0.4799926851212277,0.48922776076240887,0,plain
3,art,9,random,elastic,7.0,0.20114287010583815,0.27144798753790844,0.29043698969529613,0,plain
3,art,9,shuffled,elastic,4.0,0.3243971773105318,0.3814780164987986,0.39611187059975866,0,plain
3,art,9,pca,elastic,4.0,0.3717770755304556,0.5169230037397284,0.5162135606645267,0,plain
3,art,9,emotion,elastic,7.0,0.45326332903584116,0.5044438026680922,0.49068765745088333,0,plain
3,art,10,population,lasso,,0.2310176383256404,0.5914186932371016,0.5586190230956722,0,plain
3,art,10,identity,lasso,21.0,0.2822992602139837,0.3754865096425195,0.3406417965768077,0,plain
3,art,10,random,lasso,7.0,0.3946272228865001,0.507849745103801,0.49301437352596766,0,plain
3,art,10,shuffled,lasso,7.0,0.20390701250630902,0.36710466887452287,0.2834373323020828,0,plain
3,art,10,pca,lasso,5.0,0.3830282565863969,0.4908864959304744,0.4373231900325731,0,plain
3,art,10,emotion,lasso,4.0,0.5169005526008671,0.5389822965277888,0.5421871307533234,0,plain
3,art,10,population,elastic,,0.23016253846353904,0.58717788094377,0.5599303291073222,0,plain
3,art,10,identity,elastic,29.0,0.3047679707944365,0.40796614261850683,0.3979718816483761,0,plain
3,art,10,random,elastic,6.0,0.3657928935405548,0.5038085004478027,0.48891275171540305,0,plain
3,art,10,shuffled,elastic,7.0,0.20170687495660944,0.3642109381331906,0.28607140054086994,0,plain
3,art,10,pca,elastic,5.0,0.3654890494967868,0.48455022344514354,0.43374794727112487,0,plain
3,art,10,emotion,elastic,7.0,0.5321056465240338,0.5432730007304538,0.5467224053987405,0,plain
3,art,11,population,lasso,,0.4210703780768237,0.5611319008415085,0.6074960995777274,0,plain
3,art,11,identity,lasso,12.0,0.14813341903384905,0.18415221201193568,0.23619352245031924,0,plain
3,art,11,random,lasso,7.0,0.07886110566072876,0.13067117613587834,0.11029027278115314,0,plain
3,art,11,shuffled,lasso,6.0,0.2567280770431445,0.3243366046677026,0.3535345311214226,0,plain
3,art,11,pca,lasso,6.0,0.26755112867444725,0.35647451747064207,0.42340655410500455,0,plain
3,art,11,emotion,lasso,5.0,0.4674197524291145,0.6117047513565635,0.5970529735839579,0,plain
3,art,11,population,elastic,,0.4178259741410579,0.5616248136145597,0.6069194609665821,0,plain
3,art,11,identity,elastic,14.0,0.15138920816125728,0.20943863726946327,0.27344806831976703,0,plain
3,art,11,random,elastic,5.0,0.0727082399121811,0.1678367992239403,0.11563008326841374,0,plain
3,art,11,shuffled,elastic,6.0,0.24676151985206046,0.3193581856598852,0.3456146248404752,0,plain
3,art,11,pca,elastic,6.0,0.2540555778806527,0.3634738788479694,0.423654160703659,0,plain
3,art,11,emotion,elastic,6.0,0.47883953247058914,0.5755742450919092,0.5673289561759141,0,plain
3,art,24,population,lasso,,0.4532830944821812,0.6225113834142746,0.6296823674709773,0,plain
3,art,24,identity,lasso,7.0,0.1464988976912579,0.49218252326551554,0.47046987552585356,0,plain
3,art,24,random,lasso,7.0,0.057988181808044964,0.09841665257996546,0.1057648124966954,0,plain
3,art,24,shuffled,lasso,6.0,0.2515078877820208,0.45357024101276056,0.4476480180291005,0,plain
3,art,24,pca,lasso,5.0,0.3717679969049493,0.6741764037550433,0.6438206997901131,0,plain
3,art,24,emotion,lasso,4.0,0.46405337059563173,0.6937803259784856,0.6954345132950319,0,plain
3,art,24,population,elastic,,0.452240583592245,0.6294099788296127,0.6308993676288396,0,plain
3,art,24,identity,elastic,9.0,0.1317626140913995,0.5235487988230234,0.5236515840787107,0,plain
3,art,24,random,elastic,5.0,0.035810992307161664,0.07568602883734105,0.0871744097016337,0,plain
3,art,24,shuffled,elastic,6.0,0.25062512776403134,0.4463242343175135,0.45042111660523454,0,plain
3,art,24,pca,elastic,5.0,0.3490804015018775,0.6799335049649655,0.6464657894002405,0,plain
3,art,24,emotion,elastic,7.0,0.45131585489896914,0.6288640468183269,0.6379869125035829,0,plain
3,art,28,population,lasso,,0.48130802494115027,0.6397298475229632,0.6340000173783884,0,plain
3,art,28,identity,lasso,15.0,0.22624147722852206,0.5017705406935914,0.4372570364445265,0,plain
3,art,28,random,lasso,7.0,0.20450785665578855,0.3560855126817748,0.38728614461279537,0,plain
3,art,28,shuffled,lasso,7.0,0.24524478842028619,0.33616920547768003,0.34249211300165244,0,plain
3,art,28,pca,lasso,6.0,0.3309921347298862,0.47061682086048595,0.49406762608109933,0,plain
3,art,28,emotion,lasso,5.0,0.39828948112048196,0.5478238656642689,0.5172840204139076,0,plain
3,art,28,population,elastic,,0.47806547339032635,0.6347131454564404,0.6322583735434861,0,plain
3,art,28,identity,elastic,18.0,0.20835196950128126,0.4836100792127795,0.44301784498525953,0,plain
3,art,28,random,elastic,7.0,0.18075617702037805,0.37580115180320867,0.40748369557942354,0,plain
3,art,28,shuffled,elastic,7.0,0.24284544402133368,0.3377745501389673,0.34883641730865894,0,plain
3,art,28,pca,elastic,6.0,0.31519957671944876,0.47392784422439094,0.4938864473436053,0,plain
3,art,28,emotion,elastic,7.0,0.4228908932877332,0.5451650135690119,0.5193222558134835,0,plain
3,art,31,population,lasso,,0.28957338393966087,0.537736128651984,0.5854556247969157,0,plain
3,art,31,identity,lasso,19.0,0.2956393426729375,0.2895578380535812,0.3591964382683006,0,plain
3,art,31,random,lasso,7.0,0.16801780063996682,0.2710954323110195,0.2249469137064463,0,plain
3,art,31,shuffled,lasso,7.0,0.3411830482569483,0.36672376446820226,0.41892465993237,0,plain
3,art,31,pca,lasso,6.0,0.43722367316106575,0.350587720843336,0.5073221411532474,0,plain
3,art,31,emotion,lasso,6.0,0.6177628245598986,0.6225246032820325,0.6596597842314267,0,plain
3,art,31,population,elastic,,0.28770857018423,0.5377856257183179,0.583787229824599,0,plain
3,art,31,identity,elastic,26.0,0.2967844730874052,0.324255281553677,0.3849433193574559,0,plain
3,art,31,random,elastic,7.0,0.15946511772849015,0.30990113231683286,0.24480556987664778,0,plain
3,art,31,shuffled,elastic,7.0,0.3405646340109847,0.37607871000531795,0.4302015700209092,0,plain
3,art,31,pca,elastic,6.0,0.4230962634804646,0.35464648028271956,0.5062499194777622,0,plain
3,art,31,emotion,elastic,7.0,0.6044889157029787,0.607774477514517,0.6326755264756737,0,plain
3,art,32,population,lasso,,0.18540604427455312,0.36759854528131486,0.3764462702077465,0,plain
3,art,32,identity,lasso,12.0,0.18007542884752487,0.31999160135562105,0.2757369510450148,0,plain
3,art,32,random,lasso,7.0,0.05562835647980959,0.13754759885777582,0.11274521185034365,0,plain
3,art,32,shuffled,lasso,6.0,0.16690073994207452,0.25227737676565903,0.26242774197580404,0,plain
3,art,32,pca,lasso,6.0,0.28426597037541096,0.4007164193165801,0.39451169269812647,0,plain
3,art,32,emotion,lasso,4.0,0.30851644898205816,0.37178756208637065,0.4051813377658012,0,plain
3,art,32,population,elastic,,0.18507860573385143,0.3613889438997026,0.3778987587665069,0,plain
3,art,32,identity,elastic,19.0,0.16665276366223367,0.31664038791157634,0.28865217136398874,0,plain
3,art,32,random,elastic,6.0,0.052817206909533676,0.1692362789242573,0.13014351724384363,0,plain
3,art,32,shuffled,elastic,6.0,0.16494266518548203,0.2638094936172246,0.26242318500539386,0,plain
3,art,32,pca,elastic,6.0,0.27190713380175274,0.4068767381475446,0.3955771804856766,0,plain
3,art,32,emotion,elastic,6.0,0.3412280282036641,0.4127413616746229,0.4390561253326315,0,plain
3,art,36,population,lasso,,0.33835093284699996,0.4199183440596708,0.48034277364118144,0,plain
3,art,36,identity,lasso,12.0,0.3302179852766493,0.4715761483915915,0.4842513908593418,0,plain
3,art,36,random,lasso,7.0,0.21374327792341064,0.28173371747178294,0.2845017456729563,0,plain
3,art,36,shuffled,lasso,6.0,0.25951152032661645,0.39870884170416104,0.40043000043137866,0,plain
3,art,36,pca,lasso,6.0,0.37415630617504764,0.47867909648723067,0.48327972596832874,0,plain
3,art,36,emotion,lasso,5.0,0.43098401017301813,0.4703343742489972,0.5089945189047638,0,plain
3,art,36,population,elastic,,0.3365010939520392,0.4218555117221178,0.47959500839230834,0,plain
3,art,36,identity,elastic,18.0,0.28611567422444106,0.45021763313897045,0.46772933604887307,0,plain
3,art,36,random,elastic,7.0,0.20650630561839,0.29410178793202163,0.29488739248363033,0,plain
3,art,36,shuffled,elastic,7.0,0.25930131733915684,0.4238920213159724,0.4103475877626569,0,plain
3,art,36,pca,elastic,6.0,0.35935500443240664,0.49045111535902414,0.4873387960699458,0,plain
3,art,36,emotion,elastic,7.0,0.4644989305950481,0.5122566693029791,0.5222737639747759,0,plain
3,art,42,population,lasso,,0.268108266830449,0.36114140516954774,0.41225427492779926,0,plain
3,art,42,identity,lasso,9.0,0.13338423264970353,0.33699152017632067,0.3432082981371662,0,plain
3,art,42,random,lasso,7.0,0.2929119324856065,0.3078104091428382,0.3741399388267973,0,plain
3,art,42,shuffled,lasso,5.0,0.02729250206199175,0.13634622569092703,0.1324201826220838,0,plain
3,art,42,pca,lasso,5.0,0.11954383901368784,0.2522153613980137,0.28911089829780784,0,plain
3,art,42,emotion,lasso,5.0,0.3089849341482992,0.4547725217787046,0.46338762384379245,0,plain
3,art,42,population,elastic,,0.26578098965119706,0.3542989377548,0.4103870344774432,0,plain
3,art,42,identity,elastic,9.0,0.11327173445324956,0.3356834014058543,0.35489423433349315,0,plain
3,art,42,random,elastic,6.0,0.24988992921605283,0.2984523287079628,0.35888949836641265,0,plain
3,art,42,shuffled,elastic,5.0,0.026102190812197515,0.1337299881499941,0.1359551501795453,0,plain
3,art,42,pca,elastic,5.0,0.11103847198534071,0.25085693036714474,0.2900244049535234,0,plain
3,art,42,emotion,elastic,6.0,0.3327032552808754,0.43821978810626366,0.43593070853840216,0,plain
3,art,47,population,lasso,,0.37916515350144014,0.4766525822361409,0.512990873721765,0,plain
3,art,47,identity,lasso,15.0,0.2721726789452807,0.4809983579548293,0.4920159717446505,0,plain
3,art,47,random,lasso,7.0,0.07742990320648993,0.11802731781437803,0.12633887894463505,0,plain
3,art,47,shuffled,lasso,7.0,0.20550670555829284,0.26138853271611,0.2627023975047895,0,plain
3,art,47,pca,lasso,4.0,0.30158933937484667,0.39679895340524163,0.4346202588432969,0,plain
3,art,47,emotion,lasso,6.0,0.3975155787834986,0.46001023658616375,0.4859178075966185,0,plain
3,art,47,population,elastic,,0.376787755011878,0.48494906315363695,0.5123260434802067,0,plain
3,art,47,identity,elastic,17.0,0.2390519657552474,0.4766031984211558,0.4821206674318074,0,plain
3,art,47,random,elastic,7.0,0.062314027742171346,0.1152124403602276,0.12182683819999958,0,plain
3,art,47,shuffled,elastic,7.0,0.20409448183824294,0.2594131801167062,0.2628897818568636,0,plain
3,art,47,pca,elastic,4.0,0.28794971715129414,0.3953668227706739,0.434932877060984,0,plain
3,art,47,emotion,elastic,7.0,0.37934704385918305,0.44015794296215544,0.4440967280290238,0,plain
3,art,54,population,lasso,,0.15486066032749884,0.20263512432395908,0.2553202925084786,0,plain
3,art,54,identity,lasso,6.0,0.023171468402289973,0.10759757634557329,0.04489653260079051,0,plain
3,art,54,random,lasso,7.0,0.1599192323850677,0.17217705553352927,0.2376669374321852,0,plain
3,art,54,shuffled,lasso,5.0,0.05309100185929523,-0.002093338061197924,0.07455884240865249,0,plain
3,art,54,pca,lasso,5.0,0.14124650943780995,0.16997905056927143,0.2600644701650903,0,plain
3,art,54,emotion,lasso,4.0,0.16689722612519595,0.17599739749521548,0.262140540011045,0,plain
3,art,54,population,elastic,,0.15409273840840723,0.2134681487906583,0.2549233650795114,0,plain
3,art,54,identity,elastic,8.0,0.015907118041938468,0.07551717055771512,0.0392056038693087,0,plain
3,art,54,random,elastic,6.0,0.14229000971881253,0.1833240807094082,0.2569771642920458,0,plain
3,art,54,shuffled,elastic,5.0,0.055819918427123354,0.006698681795833358,0.08070921417247387,0,plain
3,art,54,pca,elastic,5.0,0.13337959740006441,0.1658970413499355,0.2602902172920728,0,plain
3,art,54,emotion,elastic,7.0,0.1870700860321636,0.16893238153867252,0.2598356937694239,0,plain
3,art,55,population,lasso,,0.16914543327527531,0.27577066159794056,0.247900527734967,0,plain
3,art,55,identity,lasso,10.0,0.0858157659858425,0.16512978956272567,0.1837901594913678,0,plain
3,art,55,random,lasso,7.0,0.029129074582614344,0.07332036568558227,0.05853639741502219,0,plain
3,art,55,shuffled,lasso,6.0,0.0914084768533415,0.17207541459765072,0.2099594263708033,0,plain
3,art,55,pca,lasso,7.0,0.16354564100658806,0.17774930547125148,0.21226184847314697,0,plain
3,art,55,emotion,lasso,5.0,0.22522998339661554,0.30893357549708983,0.29904742378390875,0,plain
3,art,55,population,elastic,,0.1692096798419813,0.2708793763620778,0.24926093341555425,0,plain
3,art,55,identity,elastic,15.0,0.07325142252179634,0.17623300704813405,0.18011988761891543,0,plain
3,art,55,random,elastic,6.0,0.011702175971467416,0.06539648360348466,0.027818092293027518,0,plain
3,art,55,shuffled,elastic,6.0,0.09035557309860043,0.16791782214716744,0.21041895869285715,0,plain
3,art,55,pca,elastic,7.0,0.1558772705409472,0.17774930547125148,0.21190246598641566,0,plain
3,art,55,emotion,elastic,6.0,0.22735183170184906,0.29064016871496323,0.2829661061757709,0,plain
3,art,59,population,lasso,,0.32998585815611264,0.5281646608483644,0.5668198281618968,0,plain
3,art,59,identity,lasso,26.0,0.3722043639252036,0.5459354208843444,0.5907749193237856,0,plain
3,art,59,random,lasso,7.0,0.12066720793151914,0.14555332460408968,0.21279178275015026,0,plain
3,art,59,shuffled,lasso,7.0,0.44928732088190765,0.5064666610254277,0.535233248623048,0,plain
3,art,59,pca,lasso,6.0,0.4328420281853916,0.5168738464608634,0.5506699556056268,0,plain
3,art,59,emotion,lasso,5.0,0.3699975025886313,0.4967467425527094,0.5274271343727616,0,plain
3,art,59,population,elastic,,0.3291220543048584,0.5277719368696688,0.5674014210078204,0,plain
3,art,59,identity,elastic,31.0,0.36051538509880415,0.552660819019508,0.6097048866626357,0,plain
3,art,59,random,elastic,6.0,0.13666996436160764,0.1932201975182789,0.2786819849556993,0,plain
3,art,59,shuffled,elastic,7.0,0.4513030596455316,0.5112284392671129,0.5485559595144073,0,plain
3,art,59,pca,elastic,6.0,0.4163118230987951,0.5154011315407546,0.553974436794131,0,plain
3,art,59,emotion,elastic,7.0,0.42350415115596324,0.5090684573842866,0.5393016959989021,0,plain
3,art,60,population,lasso,,0.4400345565277051,0.6278644918060651,0.620400581171441,0,plain
3,art,60,identity,lasso,23.0,0.44427495148444146,0.5691444199675999,0.5845848439805769,0,plain
3,art,60,random,lasso,7.0,0.29594171019664056,0.44502591934189734,0.41080083862949957,0,plain
3,art,60,shuffled,lasso,7.0,0.41911697158993405,0.3315927898342305,0.4567736584082646,0,plain
3,art,60,pca,lasso,4.0,0.5470485923967686,0.5593989657534656,0.5911499274441891,0,plain
3,art,60,emotion,lasso,4.0,0.6257581254102493,0.7134958686825463,0.702286270272316,0,plain
3,art,60,population,elastic,,0.43797080490784057,0.6307831811392324,0.6205935898375438,0,plain
3,art,60,identity,elastic,29.0,0.43097208405984927,0.6007058402143909,0.5983586743188145,0,plain
3,art,60,random,elastic,6.0,0.2757412432921839,0.463032748448217,0.41181617323455444,0,plain
3,art,60,shuffled,elastic,7.0,0.4164680680973744,0.3307023422410609,0.4560470247736,0,plain
3,art,60,pca,elastic,4.0,0.5335696255500375,0.5613777381827314,0.5910664791804876,0,plain
3,art,60,emotion,elastic,6.0,0.6242729810821053,0.6904431698815987,0.6738034688400634,0,plain
3,art,67,population,lasso,,0.349475889431415,0.40350026748008927,0.37657262786279777,0,plain
3,art,67,identity,lasso,6.0,0.2220473744549248,0.3788378452139172,0.36084790213701445,0,plain
3,art,67,random,lasso,7.0,0.3819986323144834,0.5133030264868045,0.461936111485183,0,plain
3,art,67,shuffled,lasso,3.0,0.4718943648802963,0.5563444513334997,0.5367970766840026,0,plain
3,art,67,pca,lasso,6.0,0.3866937822883075,0.46209315604876566,0.4580290112390876,0,plain
3,art,67,emotion,lasso,5.0,0.2869234146286287,0.3943369471051846,0.40116329660359906,0,plain
3,art,67,population,elastic,,0.35052560054782034,0.40459986592507785,0.3784247495350142,0,plain
3,art,67,identity,elastic,8.0,0.20749123256176,0.404180971279368,0.3869202250028191,0,plain
3,art,67,random,elastic,6.0,0.34411325538612625,0.5266552933188086,0.4608481184019937,0,plain
3,art,67,shuffled,elastic,2.0,0.46752843831420376,0.5563444513334997,0.5362434998612082,0,plain
3,art,67,pca,elastic,6.0,0.3739854065500296,0.4680624047501321,0.46139260706555907,0,plain
3,art,67,emotion,elastic,7.0,0.3397680881308064,0.459789235497361,0.4362824112158788,0,plain
3,art,68,population,lasso,,0.4323951756920151,0.635230595932943,0.649006649951416,0,plain
3,art,68,identity,lasso,11.0,0.334118570142834,0.5944103638365067,0.5972301909777653,0,plain
3,art,68,random,lasso,7.0,0.35546885305741777,0.4858056193454999,0.48833523389908134,0,plain
3,art,68,shuffled,lasso,5.0,0.44797864632177153,0.5535901317400705,0.5565196441029011,0,plain
3,art,68,pca,lasso,4.0,0.5095741865817918,0.6709171480465551,0.6823924653201405,0,plain
3,art,68,emotion,lasso,5.0,0.5432301495872348,0.6933956885538722,0.6921503127318676,0,plain
3,art,68,population,elastic,,0.43067460502493893,0.6362772685508004,0.6504194552669421,0,plain
3,art,68,identity,elastic,13.0,0.31325038448494374,0.6168390627905926,0.6123697597162133,0,plain
3,art,68,random,elastic,6.0,0.3071186916438217,0.4744915867619943,0.4887817682925034,0,plain
3,art,68,shuffled,elastic,5.0,0.4430255510403829,0.5456154832230622,0.553264552609531,0,plain
3,art,68,pca,elastic,4.0,0.4903229954239524,0.6719139791111812,0.6828486002236737,0,plain
3,art,68,emotion,elastic,7.0,0.5710839505096212,0.6833775363543807,0.6879264041986063,0,plain
3,art,75,population,lasso,,0.3433189233905979,0.4798873481081716,0.47406788177416564,0,plain
3,art,75,identity,lasso,5.0,0.17494307214480193,0.27818649055368244,0.3244339109883481,0,plain
3,art,75,random,lasso,7.0,0.19227456870664275,0.22836126578272092,0.222983299620409,0,plain
3,art,75,shuffled,lasso,6.0,0.37667694402749363,0.4446705662019946,0.5099425624812671,0,plain
3,art,75,pca,lasso,5.0,0.3918001045247007,0.48500030311084613,0.5262533547443436,0,plain
3,art,75,emotion,lasso,5.0,0.30041173978315094,0.31689886414536145,0.34960182721672506,0,plain
3,art,75,population,elastic,,0.3421723144747849,0.4799916941286344,0.47381379842933846,0,plain
3,art,75,identity,elastic,8.0,0.15768719411323853,0.3193509956262359,0.3586346815896566,0,plain
3,art,75,random,elastic,5.0,0.1811628423811813,0.21959620006385022,0.228939153523435,0,plain
3,art,75,shuffled,elastic,6.0,0.3728184244938473,0.44712269768286916,0.5146199273569367,0,plain
3,art,75,pca,elastic,5.0,0.37287859544066915,0.47946996402632064,0.5267877569108567,0,plain
3,art,75,emotion,elastic,6.0,0.31795061432155575,0.29362970158216894,0.34885796195654123,0,plain
3,art,76,population,lasso,,0.3097963234385821,0.4992787240501347,0.4796390962448206,0,plain
3,art,76,identity,lasso,17.0,0.3252061887871352,0.33189189296817306,0.4181342764127893,0,plain
3,art,76,random,lasso,7.0,0.3690125195336384,0.4569313699363149,0.48327754444623333,0,plain
3,art,76,shuffled,lasso,7.0,0.4322944163092628,0.3987587070187145,0.5309570088917895,0,plain
3,art,76,pca,lasso,6.0,0.49064295836408994,0.5755723424189775,0.6246776772568212,0,plain
3,art,76,emotion,lasso,4.0,0.4789333267614424,0.5278033547334922,0.5466849450059627,0,plain
3,art,76,population,elastic,,0.3092368094568529,0.5004021256010204,0.48166119344565167,0,plain
3,art,76,identity,elastic,23.0,0.3161622660907139,0.34967094359958073,0.43619791273906106,0,plain
3,art,76,random,elastic,6.0,0.33836723507476907,0.456296403842336,0.481592851266286,0,plain
3,art,76,shuffled,elastic,7.0,0.42106974192255386,0.3882573446952183,0.5247486667078518,0,plain
3,art,76,pca,elastic,6.0,0.4748316889008456,0.5765003697871003,0.6246157168916353,0,plain
3,art,76,emotion,elastic,6.0,0.49653554628762137,0.5298059401068099,0.5580302264450275,0,plain
3,art,82,population,lasso,,0.3751856272019769,0.6272437790328598,0.6469770697895355,0,plain
3,art,82,identity,lasso,23.0,0.5922173373436422,0.6805109202272903,0.6888677649873509,0,plain
3,art,82,random,lasso,7.0,0.5060160122468673,0.5974122269982154,0.585093614176715,0,plain
3,art,82,shuffled,lasso,6.0,0.5444389811432261,0.52529896618779,0.5814265902633061,0,plain
3,art,82,pca,lasso,6.0,0.6432063105589134,0.660297724576975,0.6894942150305068,0,plain
3,art,82,emotion,lasso,6.0,0.5980557705442062,0.6114247563500043,0.6297567124281381,0,plain
3,art,82,population,elastic,,0.37474541920479215,0.6347626972216246,0.649721299640922,0,plain
3,art,82,identity,elastic,33.0,0.5986236229278051,0.716836083424959,0.7208749419659358,0,plain
3,art,82,random,elastic,5.0,0.4720716604809967,0.5650418194712608,0.5690195684742159,0,plain
3,art,82,shuffled,elastic,6.0,0.5415345601143418,0.5315972807744827,0.5810363485363063,0,plain
3,art,82,pca,elastic,6.0,0.6313836302171589,0.6592235934071514,0.6898948041168806,0,plain
3,art,82,emotion,elastic,7.0,0.6188884218373002,0.6440392845973733,0.651254241500885,0,plain
3,art,84,population,lasso,,0.2134638659952733,0.26949829497921207,0.2956981759630613,0,plain
3,art,84,identity,lasso,19.0,0.22335857108044405,0.3389660347319029,0.30494107155912026,0,plain
3,art,84,random,lasso,7.0,0.2981226063936235,0.32800545636332645,0.32423518869602885,0,plain
3,art,84,shuffled,lasso,5.0,0.23368962583326572,0.2610241441109145,0.2792632015853689,0,plain
3,art,84,pca,lasso,6.0,0.13682845593020898,0.21317310058513836,0.15902418807453564,0,plain
3,art,84,emotion,lasso,4.0,0.29086037736868686,0.3548994681010373,0.30528952126473835,0,plain
3,art,84,population,elastic,,0.21256189864459551,0.26949829497921207,0.29525984776774483,0,plain
3,art,84,identity,elastic,24.0,0.22201493507359266,0.36352584922445397,0.3189811862208421,0,plain
3,art,84,random,elastic,7.0,0.2840781766625857,0.3254682854446745,0.3234865230647141,0,plain
3,art,84,shuffled,elastic,5.0,0.23389693695854735,0.2728473605918326,0.28504734883754346,0,plain
3,art,84,pca,elastic,6.0,0.131781990284892,0.21317310058513836,0.15834336319795825,0,plain
3,art,84,emotion,elastic,7.0,0.3254572282251187,0.37732805902192074,0.3437949863097823,0,plain
3,art,88,population,lasso,,0.37015098532667295,0.5487524956225437,0.5813342576006112,0,plain
3,art,88,identity,lasso,21.0,0.29527900262186635,0.3978220151627257,0.4398246799069637,0,plain
3,art,88,random,lasso,7.0,0.1816905485719999,0.19102990860168761,0.20673987011765985,0,plain
3,art,88,shuffled,lasso,7.0,0.2576636165132256,0.30904812665581793,0.29257284202230627,0,plain
3,art,88,pca,lasso,7.0,0.39072458835412266,0.44862784191849364,0.4682919553654872,0,plain
3,art,88,emotion,lasso,5.0,0.5263537044294405,0.6053576216275066,0.5804138625359593,0,plain
3,art,88,population,elastic,,0.36934927292378467,0.5499916621287819,0.5820039414035932,0,plain
3,art,88,identity,elastic,28.0,0.31075683876440785,0.4400032430350755,0.48331595976643477,0,plain
3,art,88,random,elastic,7.0,0.19041846211142574,0.20763473978528005,0.22845731310460476,0,plain
3,art,88,shuffled,elastic,7.0,0.24542002235847474,0.30121659433639225,0.2820222478754021,0,plain
3,art,88,pca,elastic,7.0,0.3770766003478865,0.4496191751234842,0.4692634762530506,0,plain
3,art,88,emotion,elastic,7.0,0.5428309613146206,0.5906363235333965,0.5749416308436842,0,plain
3,art,95,population,lasso,,0.291883045254656,0.42955863400840066,0.49043583199620444,0,plain
3,art,95,identity,lasso,21.0,0.4329313231188739,0.5006693511856742,0.6249287108107068,0,plain
3,art,95,random,lasso,7.0,0.22072774334755804,0.3725702557512453,0.39234036184714194,0,plain
3,art,95,shuffled,lasso,7.0,0.44181572897283283,0.4467749129039511,0.5486024765524812,0,plain
3,art,95,pca,lasso,7.0,0.4281926115838686,0.4792113803883215,0.5747819158630055,0,plain
3,art,95,emotion,lasso,7.0,0.3701241476695859,0.3947767604136219,0.48480695811904245,0,plain
3,art,95,population,elastic,,0.2913637172554298,0.426764107578978,0.4916845482888522,0,plain
3,art,95,identity,elastic,26.0,0.4129254517966598,0.514142960756105,0.6262207801035773,0,plain
3,art,95,random,elastic,7.0,0.20359758510927584,0.38240100051189296,0.39698748384602706,0,plain
3,art,95,shuffled,elastic,7.0,0.4413942830810373,0.464639921149189,0.5522759207020302,0,plain
3,art,95,pca,elastic,7.0,0.40909127579924076,0.47252447786077434,0.5747461889607881,0,plain
3,art,95,emotion,elastic,7.0,0.39083174267846316,0.3910340910885023,0.4796185004948299,0,plain
3,art,96,population,lasso,,0.4541788298135938,0.6358364345983772,0.6802265539546998,0,plain
3,art,96,identity,lasso,12.0,0.42226863171376433,0.5043349044194408,0.5951215269183088,0,plain
3,art,96,random,lasso,7.0,0.11026180495161904,0.2371057111783886,0.1687370934028808,0,plain
3,art,96,shuffled,lasso,7.0,0.2510002782283747,0.338926029014994,0.3691965899570599,0,plain
3,art,96,pca,lasso,6.0,0.4875577588623978,0.6022239358530884,0.6526354765794666,0,plain
3,art,96,emotion,lasso,5.0,0.601808234452513,0.6060077990159354,0.6555442339881015,0,plain
3,art,96,population,elastic,,0.45056297068531637,0.6305291979543842,0.6799245523739165,0,plain
3,art,96,identity,elastic,18.0,0.40427484963301497,0.5494955569734179,0.621416393050137,0,plain
3,art,96,random,elastic,7.0,0.10567109884531489,0.2258032627698851,0.1739709968317969,0,plain
3,art,96,shuffled,elastic,7.0,0.25194928821775664,0.338926029014994,0.3733040455894131,0,plain
3,art,96,pca,elastic,6.0,0.4675394841868093,0.603255898533865,0.6526722862632316,0,plain
3,art,96,emotion,elastic,7.0,0.5850459289635644,0.5591272086606643,0.6209897889996199,0,plain
3,art,107,population,lasso,,0.37102246776937203,0.45535445493828774,0.4955707087600696,0,plain
3,art,107,identity,lasso,18.0,0.42385959630497305,0.5695879988159112,0.6391089067062955,0,plain
3,art,107,random,lasso,7.0,0.12195406204903161,0.2171128461425184,0.23622305138423752,0,plain
3,art,107,shuffled,lasso,6.0,0.4747411312159912,0.4595505877082091,0.5361071672424831,0,plain
3,art,107,pca,lasso,7.0,0.5517914309523786,0.5617881284906456,0.6478126717544884,0,plain
3,art,107,emotion,lasso,4.0,0.45263616242874855,0.4976613465126712,0.5332749718052544,0,plain
3,art,107,population,elastic,,0.36916816245100387,0.456539245367442,0.495766627993024,0,plain
3,art,107,identity,elastic,21.0,0.40088003560025703,0.5686500397261641,0.6364272523654121,0,plain
3,art,107,random,elastic,7.0,0.11413505507207206,0.23404547602584808,0.2618371751101044,0,plain
3,art,107,shuffled,elastic,6.0,0.4730617992768195,0.4590075587615135,0.5407235233067041,0,plain
3,art,107,pca,elastic,7.0,0.5345629888800528,0.569341167476504,0.6482512608992517,0,plain
3,art,107,emotion,elastic,7.0,0.4867045030502662,0.49381077761791986,0.537901891809598,0,plain
3,art,122,population,lasso,,0.31005430541720913,0.5454237663111605,0.6045333169611645,0,plain
3,art,122,identity,lasso,16.0,0.27964099684973553,0.40441416405277764,0.5167943159764187,0,plain
3,art,122,random,lasso,7.0,0.26984473905913886,0.32288301123183877,0.36279728676973266,0,plain
3,art,122,shuffled,lasso,7.0,0.007494310167182932,0.00584470312391068,0.013626615335509485,0,plain
3,art,122,pca,lasso,7.0,0.390004824365936,0.45598507396963656,0.5186215480217242,0,plain
3,art,122,emotion,lasso,3.0,0.572549240336022,0.6451766406360563,0.6895195948202307,0,plain
3,art,122,population,elastic,,0.3076207890783399,0.5441958875036162,0.6023523927018113,0,plain
3,art,122,identity,elastic,18.0,0.25170031443669455,0.40677169136326263,0.5164083259716429,0,plain
3,art,122,random,elastic,5.0,0.26842417355063747,0.366890187694225,0.4017074184526797,0,plain
3,art,122,shuffled,elastic,7.0,0.006825221627904972,-0.0048624000778752716,0.012847839699211733,0,plain
3,art,122,pca,elastic,7.0,0.37330086339639357,0.4613386255705295,0.520271986648304,0,plain
3,art,122,emotion,elastic,7.0,0.5725173859051716,0.652298337719813,0.6891132330714466,0,plain
3,art,123,population,lasso,,0.37873939700680587,0.44708902515708693,0.5261363335571717,0,plain
3,art,123,identity,lasso,21.0,0.29429239424110837,0.37114865773020583,0.4126363976171202,0,plain
3,art,123,random,lasso,7.0,0.14748082691516068,0.2885338439474465,0.2630239230311192,0,plain
3,art,123,shuffled,lasso,7.0,0.3517129366926641,0.36101338733794636,0.37184258300242595,0,plain
3,art,123,pca,lasso,5.0,0.4265808017924708,0.48758066638274816,0.4836501542985685,0,plain
3,art,123,emotion,lasso,5.0,0.46368881325281613,0.46409650327873214,0.5257761431490212,0,plain
3,art,123,population,elastic,,0.3769586493613039,0.4504015281633376,0.526929705674104,0,plain
3,art,123,identity,elastic,27.0,0.3020396688347491,0.41702929638394653,0.4506555198869906,0,plain
3,art,123,random,elastic,6.0,0.1391746174331185,0.28057394866376956,0.2745284915889276,0,plain
3,art,123,shuffled,elastic,7.0,0.3499688753593015,0.371494740133844,0.37437728556219346,0,plain
3,art,123,pca,elastic,5.0,0.4155473443292663,0.4856030526476731,0.4852305942041518,0,plain
3,art,123,emotion,elastic,6.0,0.5001737566434888,0.49114037110588316,0.5331189651529793,0,plain
3,art,132,population,lasso,,0.3586818379268681,0.5515666704718265,0.6395124037779695,0,plain
3,art,132,identity,lasso,15.0,0.2142998395150541,0.42602609639925865,0.4639317583065557,0,plain
3,art,132,random,lasso,7.0,0.24048640474141728,0.2293986672919085,0.284522995297519,0,plain
3,art,132,shuffled,lasso,7.0,0.12593179387343345,0.08534382874649335,0.17424124243416683,0,plain
3,art,132,pca,lasso,7.0,0.3059311694983111,0.3351378889870998,0.43806428120499474,0,plain
3,art,132,emotion,lasso,5.0,0.5102133610034622,0.5990404127965872,0.633036389743175,0,plain
3,art,132,population,elastic,,0.35635103133940926,0.5547348868522068,0.6394621931802142,0,plain
3,art,132,identity,elastic,17.0,0.1852066557617915,0.4078583555930156,0.45160343180768164,0,plain
3,art,132,random,elastic,7.0,0.21031463260176683,0.21083489943811787,0.2662962601043355,0,plain
3,art,132,shuffled,elastic,7.0,0.11709358306455163,0.07821534189063777,0.1674036988255583,0,plain
3,art,132,pca,elastic,7.0,0.2908208571248847,0.340880281176539,0.44108602708951566,0,plain
3,art,132,emotion,elastic,7.0,0.5496745234409708,0.625821741886989,0.6617117803330339,0,plain
3,art,140,population,lasso,,0.3582149473321485,0.47374096079774614,0.5004064863963803,0,plain
3,art,140,identity,lasso,16.0,0.35145425963182836,0.48783630143106077,0.5010941376695173,0,plain
3,art,140,random,lasso,7.0,0.3050873229892409,0.38180201422783316,0.33957503492700536,0,plain
3,art,140,shuffled,lasso,7.0,0.39557222792706653,0.4139217103051425,0.4387540079403104,0,plain
3,art,140,pca,lasso,6.0,0.39057981597239494,0.43587508055981716,0.459827749698806,0,plain
3,art,140,emotion,lasso,5.0,0.5339199048397834,0.594803729651825,0.5947424908654824,0,plain
3,art,140,population,elastic,,0.35787177422360955,0.4740356369085471,0.5020970266595212,0,plain
3,art,140,identity,elastic,21.0,0.3373114664247813,0.4816481031042397,0.4959798811893675,0,plain
3,art,140,random,elastic,7.0,0.281499903263963,0.368934490722856,0.33043758959292174,0,plain
3,art,140,shuffled,elastic,7.0,0.3895264732232668,0.413676146879475,0.43612607109729545,0,plain
3,art,140,pca,elastic,6.0,0.37484699649939374,0.4236951346467091,0.4578025856125741,0,plain
3,art,140,emotion,elastic,7.0,0.5685346626269907,0.5582638919125006,0.6163968156005823,0,plain
3,art,141,population,lasso,,0.34720655942359036,0.49914000888201193,0.4787845969955651,0,plain
3,art,141,identity,lasso,16.0,0.20137208810852267,0.504207674834674,0.45810629844244805,0,plain
3,art,141,random,lasso,7.0,0.19982885300793335,0.33767714714273617,0.32244642028367565,0,plain
3,art,141,shuffled,lasso,5.0,0.1281072806448267,0.3442500604080703,0.3170450779425596,0,plain
3,art,141,pca,lasso,4.0,0.2923999086498766,0.49382146837723767,0.4783438735733067,0,plain
3,art,141,emotion,lasso,4.0,0.42347459640144464,0.529696529329252,0.5024601380614624,0,plain
3,art,141,population,elastic,,0.3466480823876351,0.5019498038656661,0.4802048711443243,0,plain
3,art,141,identity,elastic,19.0,0.17609192941442456,0.5105297135478961,0.4752445562623532,0,plain
3,art,141,random,elastic,7.0,0.18443164745568794,0.3987901880372165,0.3607614534016235,0,plain
3,art,141,shuffled,elastic,5.0,0.12113585027671593,0.33933291918667535,0.3138529472341164,0,plain
3,art,141,pca,elastic,4.0,0.2756627946778192,0.4959288146149784,0.4793262300905402,0,plain
3,art,141,emotion,elastic,7.0,0.41702406746528575,0.5197117221551949,0.47739482920261955,0,plain
3,fashion,0,population,lasso,,0.25688510028034056,0.2876837186994515,0.352695150887264,0,plain
3,fashion,0,identity,lasso,44.0,0.41435046575825685,0.38106664746883867,0.4312930105966585,0,plain
3,fashion,0,random,lasso,5.0,0.10062374952610627,0.26794219583427176,0.21626596656182354,0,plain
3,fashion,0,shuffled,lasso,7.0,0.030682207314980548,0.07057720006508282,0.06429605892143296,0,plain
3,fashion,0,pca,lasso,7.0,0.2400791845075661,0.3428394238036942,0.3338303497915403,0,plain
3,fashion,0,emotion,lasso,6.0,0.24879167605212746,0.38272433259492245,0.39163847257779466,0,plain
3,fashion,0,population,elastic,,0.2534142714821691,0.2823590331429399,0.3506531090819079,0,plain
3,fashion,0,identity,elastic,52.0,0.39086936105778486,0.3716228655384219,0.4146349523000355,0,plain
3,fashion,0,random,elastic,5.0,0.09630211421545877,0.26794219583427176,0.21556786443030912,0,plain
3,fashion,0,shuffled,elastic,6.0,0.03221989977090106,0.08499403737375101,0.07660416542169314,0,plain
3,fashion,0,pca,elastic,7.0,0.2422881447134501,0.3428394238036942,0.3345432326272469,0,plain
3,fashion,0,emotion,elastic,5.0,0.23109554322761658,0.39533278612968104,0.39105399902497834,0,plain
3,fashion,9,population,lasso,,0.2642391645373035,0.3089588166470588,0.3457890210854541,0,plain
3,fashion,9,identity,lasso,46.0,0.14054191488389986,0.1368610956386971,0.18301856872028208,0,plain
3,fashion,9,random,lasso,5.0,-0.005537579259987727,-0.0981008077320661,-0.01969547953591225,0,plain
3,fashion,9,shuffled,lasso,6.0,0.04018793623124638,0.09815187530506561,0.0847749808917428,0,plain
3,fashion,9,pca,lasso,7.0,0.10995907664986392,0.14927051587757897,0.15989592794660334,0,plain
3,fashion,9,emotion,lasso,6.0,0.18700412285505538,0.24476687738666988,0.2503889632058557,0,plain
3,fashion,9,population,elastic,,0.2623702423993421,0.3100823032530481,0.3461399052600613,0,plain
3,fashion,9,identity,elastic,47.0,0.1520217572356178,0.17470216723133689,0.20716716394650092,0,plain
3,fashion,9,random,elastic,5.0,-0.004731888160433405,-0.09605810481208554,-0.017465410558823623,0,plain
3,fashion,9,shuffled,elastic,6.0,0.039552981342104186,0.08283160340521147,0.08623458858815562,0,plain
3,fashion,9,pca,elastic,7.0,0.11076330605028918,0.14656393450860475,0.1599621737129741,0,plain
3,fashion,9,emotion,elastic,6.0,0.18526334546696213,0.2531930269315896,0.2492890274632499,0,plain
3,fashion,10,population,lasso,,0.2050808651022812,0.49535853266384117,0.5100929301425051,0,plain
3,fashion,10,identity,lasso,78.0,0.2977109208482619,0.2830900640448862,0.3008959809904741,0,plain
3,fashion,10,random,lasso,5.0,0.027273563178976418,0.03764391108225167,0.07351975613452685,0,plain
3,fashion,10,shuffled,lasso,7.0,0.22302043316919498,0.2869182583922338,0.27916864270554065,0,plain
3,fashion,10,pca,lasso,7.0,0.2570127865868079,0.32250083405668284,0.3392986244546473,0,plain
3,fashion,10,emotion,lasso,7.0,0.4306842524770206,0.5328061260872545,0.5150334701900893,0,plain
3,fashion,10,population,elastic,,0.20364810055254787,0.4959474856403562,0.5119525510478632,0,plain
3,fashion,10,identity,elastic,97.0,0.28587982411574403,0.2900102615189376,0.2928689425369989,0,plain
3,fashion,10,random,elastic,5.0,0.027569225566017774,0.04480950562985109,0.07737093737483772,0,plain
3,fashion,10,shuffled,elastic,7.0,0.22853930837041495,0.30674634193490613,0.30341296804551315,0,plain
3,fashion,10,pca,elastic,7.0,0.25769423058071894,0.32250083405668284,0.3395885370455878,0,plain
3,fashion,10,emotion,elastic,7.0,0.4257213927418997,0.5393827676583389,0.5143356681712833,0,plain
3,fashion,11,population,lasso,,0.4193474808650639,0.6358153402604962,0.6102960919893625,0,plain
3,fashion,11,identity,lasso,58.0,0.2794900472693025,0.34099788482982807,0.32078869649381264,0,plain
3,fashion,11,random,lasso,6.0,0.10896609147313309,0.2514267822843159,0.19106346022961276,0,plain
3,fashion,11,shuffled,lasso,7.0,0.23909638663948568,0.448254049335105,0.3588971792691212,0,plain
3,fashion,11,pca,lasso,7.0,0.4002829790508182,0.48491941722915216,0.47340675628050677,0,plain
3,fashion,11,emotion,lasso,5.0,0.4971160378559018,0.4993165521766789,0.5145038890577817,0,plain
3,fashion,11,population,elastic,,0.416165206610266,0.6312819863496832,0.6105261113518876,0,plain
3,fashion,11,identity,elastic,63.0,0.30288184343572894,0.37726471611633133,0.35928470214120933,0,plain
3,fashion,11,random,elastic,6.0,0.1056341731174273,0.2516260505880879,0.19165480451516945,0,plain
3,fashion,11,shuffled,elastic,6.0,0.22240741223000499,0.45438154967609384,0.35547747133316565,0,plain
3,fashion,11,pca,elastic,7.0,0.40182043985493343,0.4798878925589093,0.47396578958452895,0,plain
3,fashion,11,emotion,elastic,5.0,0.49175136301353956,0.5044477109988078,0.5132446357152974,0,plain
3,fashion,24,population,lasso,,0.3127051493015038,0.4420606899533609,0.49895664473611223,0,plain
3,fashion,24,identity,lasso,59.0,0.021336747739145158,-0.017777516640630837,0.023551808606209507,0,plain
3,fashion,24,random,lasso,7.0,0.005670165378394712,0.01591707885265784,0.011499539046788566,0,plain
3,fashion,24,shuffled,lasso,6.0,0.1790998219988605,0.407900985013079,0.3424373425236642,0,plain
3,fashion,24,pca,lasso,7.0,0.225722515245501,0.33157135687874256,0.3767763650319818,0,plain
3,fashion,24,emotion,lasso,7.0,0.1165209145122253,0.15948086149124058,0.20937025030427825,0,plain
3,fashion,24,population,elastic,,0.3084647657390253,0.43771966844809057,0.4968343304752577,0,plain
3,fashion,24,identity,elastic,70.0,0.040593813670657064,0.0025322625447410196,0.046373195832030124,0,plain
3,fashion,24,random,elastic,7.0,0.007761998444393893,0.00795853942632892,0.01649427406601525,0,plain
3,fashion,24,shuffled,elastic,7.0,0.17258674232385565,0.4081593791502975,0.33682829868290287,0,plain
3,fashion,24,pca,elastic,7.0,0.22659043627710257,0.32893573667911413,0.3758503618908624,0,plain
3,fashion,24,emotion,elastic,6.0,0.13414376267891112,0.20521662377890998,0.26172309411925837,0,plain
3,fashion,28,population,lasso,,0.31322165218538284,0.4643147270636995,0.4267887728181428,0,plain
3,fashion,28,identity,lasso,58.0,0.21074927331659588,0.2500195257096008,0.2275359278378059,0,plain
3,fashion,28,random,lasso,7.0,0.14602978035379932,0.2387034400117642,0.26700785621211587,0,plain
3,fashion,28,shuffled,lasso,7.0,0.2343727143314624,0.27666053463948526,0.2989290060038948,0,plain
3,fashion,28,pca,lasso,7.0,0.447062616024298,0.5712339762356355,0.5212926174687493,0,plain
3,fashion,28,emotion,lasso,5.0,0.3500912060341417,0.4331574328104632,0.3958469711376772,0,plain
3,fashion,28,population,elastic,,0.3118156213409621,0.4656848360943793,0.4276236945463795,0,plain
3,fashion,28,identity,elastic,64.0,0.2337872661789431,0.25291197810770255,0.25608319121816386,0,plain
3,fashion,28,random,elastic,7.0,0.14262296619010048,0.23992131470570174,0.2683360770893101,0,plain
3,fashion,28,shuffled,elastic,7.0,0.2294898332392882,0.2796544765954151,0.2996354595241862,0,plain
3,fashion,28,pca,elastic,7.0,0.4483967760095407,0.5796576095353704,0.5223014001741959,0,plain
3,fashion,28,emotion,elastic,6.0,0.35406414826514176,0.4277784862455723,0.4028798195137159,0,plain
3,fashion,31,population,lasso,,0.05437269680218667,0.22138884759162702,0.1414332465003146,0,plain
3,fashion,31,identity,lasso,63.0,0.03783003712511346,0.02688398082897661,0.0452394067919187,0,plain
3,fashion,31,random,lasso,6.0,-0.06648479590755994,-0.09279625440967336,-0.19129816062641897,0,plain
3,fashion,31,shuffled,lasso,7.0,0.04204565123548153,0.10616479132462893,0.10156935834043943,0,plain
3,fashion,31,pca,lasso,7.0,0.02582856726951976,0.027128825827419017,0.07097343468091924,0,plain
3,fashion,31,emotion,lasso,4.0,-0.09240537796310797,-0.33166703489008836,-0.3456184767854059,0,plain
3,fashion,31,population,elastic,,0.05266132320308208,0.2220254445875773,0.13817583248417586,0,plain
3,fashion,31,identity,elastic,79.0,0.03172181160207829,0.0017139149890968693,0.03978552067389867,0,plain
3,fashion,31,random,elastic,6.0,-0.06339956475952838,-0.092355533412477,-0.19200391180080723,0,plain
3,fashion,31,shuffled,elastic,6.0,0.03041072736682734,0.08540193545671258,0.08330119053837864,0,plain
3,fashion,31,pca,elastic,7.0,0.026544568113781815,0.028108205821188656,0.07215456041516863,0,plain
3,fashion,31,emotion,elastic,5.0,-0.08773492947938097,-0.34292990481843927,-0.3496093738137723,0,plain
3,fashion,32,population,lasso,,0.09976105919038855,0.2352497268931556,0.2238088732273937,0,plain
3,fashion,32,identity,lasso,66.0,0.050126823479417944,0.07084307837839483,0.05868011050663997,0,plain
3,fashion,32,random,lasso,7.0,0.07244673218623893,0.21579591528064387,0.1871490919973581,0,plain
3,fashion,32,shuffled,lasso,7.0,0.06665949207766955,0.13632295054782653,0.15748182347903317,0,plain
3,fashion,32,pca,lasso,7.0,0.11596481499217016,0.18532315272971697,0.18950897106366646,0,plain
3,fashion,32,emotion,lasso,5.0,0.12378726593327978,0.24573235721067443,0.1990545510231914,0,plain
3,fashion,32,population,elastic,,0.09793686886962653,0.22613227633791827,0.22159425405090558,0,plain
3,fashion,32,identity,elastic,81.0,0.08425492076550371,0.1197457677201223,0.10103153688442762,0,plain
3,fashion,32,random,elastic,7.0,0.0704536348691692,0.21579591528064387,0.1863208670655151,0,plain
3,fashion,32,shuffled,elastic,6.0,0.06189308618985513,0.1355916042466043,0.15998637609184296,0,plain
3,fashion,32,pca,elastic,7.0,0.11662313274363281,0.19400179550422095,0.1896232207272226,0,plain
3,fashion,32,emotion,elastic,5.0,0.12504378434108615,0.24865774241556343,0.20309010892236917,0,plain
3,fashion,36,population,lasso,,0.2775569670611325,0.33340553322798266,0.40700704621973094,0,plain
3,fashion,36,identity,lasso,47.0,0.1241763602142927,0.2285200514890484,0.2007972198858205,0,plain
3,fashion,36,random,lasso,5.0,0.053670518624892805,0.1049352140678764,0.13441848770456638,0,plain
3,fashion,36,shuffled,lasso,7.0,0.028862503422454795,0.08399790358324326,0.09772356131744515,0,plain
3,fashion,36,pca,lasso,6.0,0.05750965358097862,0.13447621745949656,0.13067085890697086,0,plain
3,fashion,36,emotion,lasso,3.0,0.12336834230941789,0.4023842734707052,0.415568702702223,0,plain
3,fashion,36,population,elastic,,0.27481018767030824,0.3308691844519345,0.4055438479355015,0,plain
3,fashion,36,identity,elastic,53.0,0.12752028755225725,0.23583070384354024,0.22268842785788415,0,plain
3,fashion,36,random,elastic,5.0,0.05163457069664594,0.10558173434412399,0.13403750071961582,0,plain
3,fashion,36,shuffled,elastic,6.0,0.028554351118691562,0.09021444470100842,0.10867442601625622,0,plain
3,fashion,36,pca,elastic,7.0,0.05709022826119212,0.13348157088065415,0.12851708230195985,0,plain
3,fashion,36,emotion,elastic,3.0,0.1206873544748616,0.4012901622339785,0.41884240586062516,0,plain
3,fashion,42,population,lasso,,0.06385998492028365,0.22601285886513886,0.14971205503937926,0,plain
3,fashion,42,identity,lasso,48.0,0.15521284202320787,0.3074634359047534,0.1984331046019143,0,plain
3,fashion,42,random,lasso,5.0,0.1295281468069652,0.323353793879353,0.309983243248046,0,plain
3,fashion,42,shuffled,lasso,7.0,0.011471737987710997,0.08100084992712582,0.025419284845379017,0,plain
3,fashion,42,pca,lasso,7.0,0.024117937606743214,0.10993329416389686,0.060495267355780584,0,plain
3,fashion,42,emotion,lasso,7.0,0.11707738279783612,0.24979842614787293,0.24286258039014347,0,plain
3,fashion,42,population,elastic,,0.0645227653730188,0.22436385945268045,0.1526114340070316,0,plain
3,fashion,42,identity,elastic,53.0,0.13967029246565751,0.3051648306631446,0.19022787311430112,0,plain
3,fashion,42,random,elastic,4.0,0.1253488911317771,0.31865664403780475,0.3089444663079842,0,plain
3,fashion,42,shuffled,elastic,6.0,0.012329589683024651,0.08704718110614015,0.028744137349698943,0,plain
3,fashion,42,pca,elastic,7.0,0.024328797585388164,0.10903383993891952,0.0604571534188351,0,plain
3,fashion,42,emotion,elastic,7.0,0.11278707046579943,0.25569484828939104,0.2419888479464466,0,plain
3,fashion,47,population,lasso,,0.18035851336961223,0.32708888444246054,0.41868289783498347,0,plain
3,fashion,47,identity,lasso,64.0,0.34684017966547637,0.38453460249866334,0.39128326297073707,0,plain
3,fashion,47,random,lasso,6.0,0.18033124110345128,0.34428352113955524,0.3574207580824135,0,plain
3,fashion,47,shuffled,lasso,7.0,0.16522412513117685,0.28527465429270754,0.3366519836887072,0,plain
3,fashion,47,pca,lasso,7.0,0.22070833059795025,0.3364189287866227,0.39792138812856764,0,plain
3,fashion,47,emotion,lasso,7.0,0.3421122715653066,0.5078279633607855,0.5317185315498351,0,plain
3,fashion,47,population,elastic,,0.1792213776565572,0.32723542964158353,0.4205689463504924,0,plain
3,fashion,47,identity,elastic,80.0,0.3773787180131815,0.434897302597256,0.4420540594838983,0,plain
3,fashion,47,random,elastic,6.0,0.17524313549404577,0.34516279233429303,0.35887604356451325,0,plain
3,fashion,47,shuffled,elastic,6.0,0.1654786062948648,0.3143394521187625,0.37144698372368845,0,plain
3,fashion,47,pca,elastic,7.0,0.22118171872422968,0.33451384119802424,0.39686774977867156,0,plain
3,fashion,47,emotion,elastic,7.0,0.3411216949160764,0.5050436045774491,0.5356268291092495,0,plain
3,fashion,54,population,lasso,,0.06910112678379575,0.05701380877368278,0.13171781208437172,0,plain
3,fashion,54,identity,lasso,60.0,0.06382570303614014,0.08188894349169448,0.07290063891790005,0,plain
3,fashion,54,random,lasso,5.0,0.029536078713444377,0.11945039691589211,0.07736224309427195,0,plain
3,fashion,54,shuffled,lasso,7.0,-0.023816734524525852,-0.08591871531601236,-0.05507100076109431,0,plain
3,fashion,54,pca,lasso,7.0,-0.02464581575914577,-0.1413405154677424,-0.05604482252020706,0,plain
3,fashion,54,emotion,lasso,7.0,0.0032637937572914727,-0.03686494965209332,0.007145473639419754,0,plain
3,fashion,54,population,elastic,,0.06651276708000638,0.05756106173747904,0.12806510406077956,0,plain
3,fashion,54,identity,elastic,69.0,0.042519493021442305,0.060148075748152265,0.05071360631999331,0,plain
3,fashion,54,random,elastic,5.0,0.027409603515856095,0.11800763910224744,0.07483503941769498,0,plain
3,fashion,54,shuffled,elastic,7.0,-0.03395040389488179,-0.09338125573141585,-0.08249539046573826,0,plain
3,fashion,54,pca,elastic,7.0,-0.024868745099811452,-0.13522123232711153,-0.05601216956454224,0,plain
3,fashion,54,emotion,elastic,7.0,0.008064710659144915,-0.03582019399393683,0.018181470099404223,0,plain
3,fashion,55,population,lasso,,0.2845553907982344,0.24440984519202227,0.3986035662160131,0,plain
3,fashion,55,identity,lasso,53.0,0.15043420125267,0.16536429699497435,0.17320673706298745,0,plain
3,fashion,55,random,lasso,6.0,0.0859234940954421,0.17541545615868845,0.1967188613254145,0,plain
3,fashion,55,shuffled,lasso,7.0,0.18449710906727357,0.2725429891829204,0.28894768459710685,0,plain
3,fashion,55,pca,lasso,7.0,0.20345403733853099,0.2243580352021002,0.2679425341405907,0,plain
3,fashion,55,emotion,lasso,5.0,0.22070577976316494,0.26658300535720053,0.37080665487644504,0,plain
3,fashion,55,population,elastic,,0.28210530825732344,0.2370861362536376,0.39791120893434784,0,plain
3,fashion,55,identity,elastic,59.0,0.15109435189603146,0.17814290638401786,0.18047393258404384,0,plain
3,fashion,55,random,elastic,6.0,0.08188605675433326,0.17733477298392025,0.1955588214131685,0,plain
3,fashion,55,shuffled,elastic,6.0,0.1702124589101316,0.283351773409226,0.2939415552312925,0,plain
3,fashion,55,pca,elastic,7.0,0.20469574164769636,0.22218617668933785,0.26828119884670093,0,plain
3,fashion,55,emotion,elastic,5.0,0.21791915132958042,0.2741592559831157,0.3695096771017967,0,plain
3,fashion,59,population,lasso,,0.1439293731035946,0.18714419054442333,0.3607100984094129,0,plain
3,fashion,59,identity,lasso,61.0,0.4133645564788829,0.29693808668835037,0.42494600256221954,0,plain
3,fashion,59,random,lasso,7.0,0.07912761812399907,0.054995861491912996,0.12046312250483478,0,plain
3,fashion,59,shuffled,lasso,7.0,0.3572503088999018,0.3363056278282449,0.435315435275587,0,plain
3,fashion,59,pca,lasso,6.0,0.5045223113080832,0.4617278443241904,0.5927354987808479,0,plain
3,fashion,59,emotion,lasso,6.0,0.44933497300841285,0.3231501429749636,0.47746832549777474,0,plain
3,fashion,59,population,elastic,,0.14438723255770305,0.18961702604316044,0.3660519313709068,0,plain
3,fashion,59,identity,elastic,71.0,0.4152455163258794,0.30030114296663285,0.43095116081014345,0,plain
3,fashion,59,random,elastic,7.0,0.07714658535122851,0.055490428591660416,0.12079192452777968,0,plain
3,fashion,59,shuffled,elastic,7.0,0.35163165478821073,0.3292827750118316,0.4387063295095931,0,plain
3,fashion,59,pca,elastic,7.0,0.5052522966561764,0.4617278443241904,0.5929553943918815,0,plain
3,fashion,59,emotion,elastic,6.0,0.44896792436386285,0.3231501429749636,0.47968889382180585,0,plain
3,fashion,60,population,lasso,,0.2794532168201588,0.41082984791773214,0.44443490132254543,0,plain
3,fashion,60,identity,lasso,54.0,0.3136014365749363,0.28557623279496014,0.33544786022285433,0,plain
3,fashion,60,random,lasso,6.0,0.1098082145700493,0.16891402087555524,0.16276176028337064,0,plain
3,fashion,60,shuffled,lasso,7.0,0.2380324024799021,0.3015029861017868,0.28982848627895036,0,plain
3,fashion,60,pca,lasso,7.0,0.32261727170732746,0.27452296551577454,0.34076131035168566,0,plain
3,fashion,60,emotion,lasso,6.0,0.45575264372187196,0.40927234207384683,0.47944554331659756,0,plain
3,fashion,60,population,elastic,,0.2783578986596906,0.41082984791773214,0.44521490577613465,0,plain
3,fashion,60,identity,elastic,61.0,0.3069113022661187,0.2927608565264308,0.33071072577874716,0,plain
3,fashion,60,random,elastic,6.0,0.106461802647191,0.1705217688434368,0.16181052805204102,0,plain
3,fashion,60,shuffled,elastic,7.0,0.2353502355808764,0.30084983848983493,0.29390298195428244,0,plain
3,fashion,60,pca,elastic,7.0,0.3231446627879075,0.2730157017958856,0.3408538591773125,0,plain
3,fashion,60,emotion,elastic,7.0,0.4527095358233393,0.41705987129327315,0.48187017917490865,0,plain
3,fashion,67,population,lasso,,0.04971098433713528,0.047113823751123024,0.06522265620445225,0,plain
3,fashion,67,identity,lasso,38.0,0.08268950451024173,0.10962127308429614,0.10185843204150166,0,plain
3,fashion,67,random,lasso,6.0,0.013054596960436319,-0.03104640310992595,0.04270521678820735,0,plain
3,fashion,67,shuffled,lasso,7.0,0.034307174011138704,0.10645961934522188,0.0908359878541898,0,plain
3,fashion,67,pca,lasso,7.0,-0.06618248937123715,-0.10899930841431432,-0.1401459177254378,0,plain
3,fashion,67,emotion,lasso,5.0,0.022005011640887667,-0.027210954311704717,0.0496084524090953,0,plain
3,fashion,67,population,elastic,,0.04785389197057697,0.03954658693301085,0.06338912829308861,0,plain
3,fashion,67,identity,elastic,41.0,0.06300894958577757,0.09578255917720059,0.08096337682386659,0,plain
3,fashion,67,random,elastic,6.0,0.01238097923593617,-0.027418275868365323,0.042548006331010677,0,plain
3,fashion,67,shuffled,elastic,6.0,0.019590083983777106,0.06540995112642162,0.06431092187514068,0,plain
3,fashion,67,pca,elastic,7.0,-0.0686403780848971,-0.11470065122248102,-0.1427477907604436,0,plain
3,fashion,67,emotion,elastic,5.0,0.02186615514990162,-0.025293229912594094,0.04983503315980558,0,plain
3,fashion,68,population,lasso,,0.2077600736601168,0.44951766197895826,0.3980875282134193,0,plain
3,fashion,68,identity,lasso,48.0,0.23335271565653676,0.24950997448421655,0.2584380944034982,0,plain
3,fashion,68,random,lasso,6.0,0.045960148166177155,0.09639109920000234,0.07454990389324107,0,plain
3,fashion,68,shuffled,lasso,7.0,0.08001196656172943,0.1641364650386005,0.1011936459989757,0,plain
3,fashion,68,pca,lasso,6.0,0.2507777722989236,0.30249689451228806,0.3335523428660257,0,plain
3,fashion,68,emotion,lasso,4.0,0.23471412316298862,0.3303227142175519,0.33831466400127497,0,plain
3,fashion,68,population,elastic,,0.20671149878395106,0.4458792951298354,0.3985589917402147,0,plain
3,fashion,68,identity,elastic,53.0,0.2350074100075085,0.2637047296561467,0.2688330956765126,0,plain
3,fashion,68,random,elastic,6.0,0.044338055059535496,0.0937776244210549,0.07465039700624775,0,plain
3,fashion,68,shuffled,elastic,5.0,0.07448537777805071,0.17146444334035502,0.09933120558565875,0,plain
3,fashion,68,pca,elastic,7.0,0.2509564172017311,0.3017794700631652,0.3320637964385821,0,plain
3,fashion,68,emotion,elastic,4.0,0.23238818605963033,0.33078391564913084,0.3413364414886475,0,plain
3,fashion,75,population,lasso,,0.31120127041370005,0.4362405110401935,0.44964888830852917,0,plain
3,fashion,75,identity,lasso,57.0,0.47035048179703787,0.5089725170489788,0.5334290460980018,0,plain
3,fashion,75,random,lasso,4.0,0.08034903758941819,0.20026555821169004,0.23779847227596923,0,plain
3,fashion,75,shuffled,lasso,7.0,0.27076896777057774,0.3938135075350687,0.42822204517295587,0,plain
3,fashion,75,pca,lasso,7.0,0.39952432017207734,0.551146978866573,0.5738328447642974,0,plain
3,fashion,75,emotion,lasso,6.0,0.43918959501844274,0.5385198944900478,0.5289642690029669,0,plain
3,fashion,75,population,elastic,,0.31059309369527305,0.44482692841623056,0.45195991684779946,0,plain
3,fashion,75,identity,elastic,63.0,0.46809430485729636,0.48472851504605036,0.5443198640541993,0,plain
3,fashion,75,random,elastic,4.0,0.07586706858350352,0.196224891211202,0.23383140585262618,0,plain
3,fashion,75,shuffled,elastic,6.0,0.24916619216401328,0.4061375418865573,0.43638355674654505,0,plain
3,fashion,75,pca,elastic,7.0,0.3999940801087602,0.5432171698781152,0.5730178258066967,0,plain
3,fashion,75,emotion,elastic,6.0,0.4303916550600185,0.530085002126529,0.5294162565660936,0,plain
3,fashion,76,population,lasso,,0.22304521972136862,0.3156493853383382,0.3180690827170327,0,plain
3,fashion,76,identity,lasso,57.0,0.1689300514543472,0.1944485373627534,0.18432960356022648,0,plain
3,fashion,76,random,lasso,5.0,0.08020345959743473,0.13544486231315875,0.16643765036978506,0,plain
3,fashion,76,shuffled,lasso,7.0,0.11257352905790163,0.09245936708802455,0.1552171889787572,0,plain
3,fashion,76,pca,lasso,7.0,0.18119730372086035,0.26130923099713077,0.22222193195085083,0,plain
3,fashion,76,emotion,lasso,5.0,0.21407628830761827,0.29633632675251725,0.3068041099088568,0,plain
3,fashion,76,population,elastic,,0.22154613258012198,0.3142807433913115,0.3174100492362463,0,plain
3,fashion,76,identity,elastic,61.0,0.16787847463404948,0.19307989541572668,0.1859605725908627,0,plain
3,fashion,76,random,elastic,5.0,0.07882378981849063,0.13838490797714198,0.1684441127806849,0,plain
3,fashion,76,shuffled,elastic,6.0,0.09879621247613102,0.050335609385092316,0.14319845781810397,0,plain
3,fashion,76,pca,elastic,7.0,0.1815343812753032,0.2615626832095431,0.22217844394165867,0,plain
3,fashion,76,emotion,elastic,5.0,0.21077917756314107,0.2916728060441301,0.30359555800082066,0,plain
3,fashion,82,population,lasso,,0.19827479187599087,0.36996933514586133,0.36395953059951675,0,plain
3,fashion,82,identity,lasso,54.0,0.12968934126855491,0.14313698081946274,0.15989136230887954,0,plain
3,fashion,82,random,lasso,4.0,-0.07940410901304572,-0.20257858813198962,-0.17941445367443254,0,plain
3,fashion,82,shuffled,lasso,7.0,0.016167658579623892,0.017693321240183586,0.046953503057611486,0,plain
3,fashion,82,pca,lasso,7.0,0.13706179572211094,0.25784536683728215,0.2622622467600018,0,plain
3,fashion,82,emotion,lasso,5.0,0.11811341197749917,0.16908055859299034,0.24020901855677596,0,plain
3,fashion,82,population,elastic,,0.19600305086489195,0.3638064929161345,0.36332661272305444,0,plain
3,fashion,82,identity,elastic,57.0,0.1292850675894352,0.12842568001301796,0.1671641121210747,0,plain
3,fashion,82,random,elastic,4.0,-0.07560498543522814,-0.21629588212718817,-0.17890738713940507,0,plain
3,fashion,82,shuffled,elastic,6.0,0.006312690666135297,-0.04035667653659852,0.019815807787964705,0,plain
3,fashion,82,pca,elastic,7.0,0.13733879706510002,0.2563543566204128,0.2603828173252843,0,plain
3,fashion,82,emotion,elastic,5.0,0.1181744293760136,0.18170444509581796,0.24108300633753632,0,plain
3,fashion,84,population,lasso,,0.19343317010338493,0.4064131633353817,0.39485580833264555,0,plain
3,fashion,84,identity,lasso,58.0,0.019228576190551305,0.019961653931521064,0.02173892061339524,0,plain
3,fashion,84,random,lasso,7.0,-0.02681804700947479,-0.07073147273184378,-0.06594682626802449,0,plain
3,fashion,84,shuffled,lasso,6.0,0.05683293094456705,0.2044032624518509,0.18029482462051474,0,plain
3,fashion,84,pca,lasso,7.0,0.09510757700157853,0.19946377155553066,0.22392704876844352,0,plain
3,fashion,84,emotion,lasso,5.0,0.16295017027991374,0.26382992096737407,0.25445889467541283,0,plain
3,fashion,84,population,elastic,,0.19084309975359304,0.40799176351874183,0.39379706047052704,0,plain
3,fashion,84,identity,elastic,71.0,0.04103719597258884,0.046034018250242455,0.04886702670556795,0,plain
3,fashion,84,random,elastic,7.0,-0.02563599992592471,-0.07577280880128405,-0.0660689921478756,0,plain
3,fashion,84,shuffled,elastic,5.0,0.053781167129223297,0.21260179888801134,0.18137242487547756,0,plain
3,fashion,84,pca,elastic,7.0,0.09655270793253107,0.2021117460566508,0.22555504255163641,0,plain
3,fashion,84,emotion,elastic,5.0,0.1634828365326002,0.28124544557089504,0.26342211145472355,0,plain
3,fashion,88,population,lasso,,0.12050926709916045,0.33591623862151326,0.3039153464619974,0,plain
3,fashion,88,identity,lasso,65.0,0.3125614476814137,0.3202151167117837,0.31527653542185297,0,plain
3,fashion,88,random,lasso,7.0,0.0622275112993326,0.11600300938896503,0.13353520992882015,0,plain
3,fashion,88,shuffled,lasso,7.0,0.010980229129349822,-0.006875335991527561,0.015782247040776933,0,plain
3,fashion,88,pca,lasso,7.0,0.05488463015401699,0.07002115236761403,0.07650151066566291,0,plain
3,fashion,88,emotion,lasso,7.0,0.19963266665025756,0.28705746795831744,0.2757256950104855,0,plain
3,fashion,88,population,elastic,,0.11895698631427146,0.3399634222193628,0.3035289182272214,0,plain
3,fashion,88,identity,elastic,81.0,0.31129107379492904,0.3147538569170951,0.3193625149407578,0,plain
3,fashion,88,random,elastic,7.0,0.060264210260320306,0.11927001301614479,0.13474726617038665,0,plain
3,fashion,88,shuffled,elastic,7.0,0.022701032144406077,0.013311820749553364,0.034630841587027186,0,plain
3,fashion,88,pca,elastic,7.0,0.05475764669514807,0.07041124235294892,0.07608036945592618,0,plain
3,fashion,88,emotion,elastic,6.0,0.1945088770650348,0.27852424952911653,0.2768171226348822,0,plain
3,fashion,95,population,lasso,,0.0601382858589128,0.16242501907712095,0.14381152157491653,0,plain
3,fashion,95,identity,lasso,74.0,0.055104012160673274,0.09619012599737739,0.05993212814611443,0,plain
3,fashion,95,random,lasso,7.0,0.012360842807130595,0.06834303549456885,0.029595483778799593,0,plain
3,fashion,95,shuffled,lasso,7.0,0.05558411743896915,0.16850431348266368,0.15392443155067587,0,plain
3,fashion,95,pca,lasso,7.0,0.12004635635993739,0.2922963971439164,0.26025860565215775,0,plain
3,fashion,95,emotion,lasso,4.0,0.06836411381105749,0.1455598797585186,0.1631121792465101,0,plain
3,fashion,95,population,elastic,,0.06058237835757497,0.16541563971210566,0.1464113712629877,0,plain
3,fashion,95,identity,elastic,105.0,0.06997519182575036,0.12134075527192102,0.07830253880682218,0,plain
3,fashion,95,random,elastic,7.0,0.012038364489668545,0.06898038087579511,0.029803721858846114,0,plain
3,fashion,95,shuffled,elastic,6.0,0.05447427451629592,0.16835723377930376,0.15218398167748873,0,plain
3,fashion,95,pca,elastic,7.0,0.1205099395507243,0.2901392281613045,0.25983975031659673,0,plain
3,fashion,95,emotion,elastic,4.0,0.06526662709926098,0.14335368420812003,0.1581870994418957,0,plain
3,fashion,96,population,lasso,,0.21166399802482386,0.32904900057861236,0.3448226021641874,0,plain
3,fashion,96,identity,lasso,54.0,0.25534793483316726,0.2609358080298175,0.2898604732922077,0,plain
3,fashion,96,random,lasso,6.0,0.0013430115234237556,-0.023627072596751796,0.004224267346267825,0,plain
3,fashion,96,shuffled,lasso,7.0,-0.00556951166475972,-0.027680252414604617,-0.01318538699987302,0,plain
3,fashion,96,pca,lasso,6.0,0.06237611867753957,0.1492756469501892,0.1866513685055004,0,plain
3,fashion,96,emotion,lasso,5.0,0.22415624857852112,0.3412579690543398,0.32165659814633324,0,plain
3,fashion,96,population,elastic,,0.2102919598621929,0.32781327502438895,0.34455148886332476,0,plain
3,fashion,96,identity,elastic,62.0,0.26916854181638095,0.27581394370266743,0.3178294938391811,0,plain
3,fashion,96,random,elastic,6.0,0.001480211320600055,-0.027433107303759932,0.004837666576400905,0,plain
3,fashion,96,shuffled,elastic,5.0,0.0025950058630891167,0.015273567850201477,0.006734249323584642,0,plain
3,fashion,96,pca,elastic,6.0,0.06314424579000583,0.1573325775637259,0.18686485475979028,0,plain
3,fashion,96,emotion,elastic,4.0,0.221557982507769,0.3557406725498383,0.34250432795542607,0,plain
3,fashion,107,population,lasso,,0.11165201634423681,0.1911619924477929,0.20157542030191675,0,plain
3,fashion,107,identity,lasso,58.0,0.06004937481216554,0.09300174775288315,0.0654657847172383,0,plain
3,fashion,107,random,lasso,6.0,0.006712160441678408,-0.07078053015646094,0.01526327562324385,0,plain
3,fashion,107,shuffled,lasso,7.0,0.1863144030743146,0.3225052607409313,0.29450240665761895,0,plain
3,fashion,107,pca,lasso,7.0,0.030420647609935902,0.02177480920720837,0.04531824053317269,0,plain
3,fashion,107,emotion,lasso,6.0,0.18228268647200835,0.2224601806248965,0.24940868244229192,0,plain
3,fashion,107,population,elastic,,0.10855373418325084,0.18605309643790116,0.19755790617179442,0,plain
3,fashion,107,identity,elastic,72.0,0.09222744861612468,0.11125489077851568,0.10491796813562541,0,plain
3,fashion,107,random,elastic,6.0,0.006198582898098912,-0.06458041363960206,0.014597330071170755,0,plain
3,fashion,107,shuffled,elastic,7.0,0.16224959234999675,0.2999864375516999,0.2809139813402179,0,plain
3,fashion,107,pca,elastic,7.0,0.030101379655080196,0.01924516166832995,0.04458710629923814,0,plain
3,fashion,107,emotion,elastic,6.0,0.17163043795841096,0.2106055578446623,0.24353527793475152,0,plain
3,fashion,122,population,lasso,,0.10635363472047037,0.21939188019658928,0.23089824753378857,0,plain
3,fashion,122,identity,lasso,69.0,0.002024569850852124,-0.0021572949573412624,0.002159579286644642,0,plain
3,fashion,122,random,lasso,7.0,0.0370137512717492,0.14749877150193746,0.07014668926468924,0,plain
3,fashion,122,shuffled,lasso,6.0,-0.023055124022319386,-0.12938752779030502,-0.0889621029927372,0,plain
3,fashion,122,pca,lasso,7.0,0.033514298786176976,0.07615752895916364,0.06191405431960192,0,plain
3,fashion,122,emotion,lasso,5.0,0.16080201425027954,0.2966029718093382,0.3190168127764344,0,plain
3,fashion,122,population,elastic,,0.1057268990713809,0.21683322803788221,0.2311825448693061,0,plain
3,fashion,122,identity,elastic,84.0,0.026702804645073065,0.025536351936900056,0.02946369450219512,0,plain
3,fashion,122,random,elastic,7.0,0.0362828632325933,0.14995708436030308,0.07083484652407883,0,plain
3,fashion,122,shuffled,elastic,4.0,-0.02423687148493755,-0.131043126245939,-0.10694259722662659,0,plain
3,fashion,122,pca,elastic,7.0,0.03463446888927796,0.07741177021343182,0.06363940262808596,0,plain
3,fashion,122,emotion,elastic,5.0,0.15514015884145216,0.3090450450516785,0.3306964986334312,0,plain
3,fashion,123,population,lasso,,0.3572725642381879,0.5359186507827997,0.4749525105141555,0,plain
3,fashion,123,identity,lasso,54.0,0.34308501510219036,0.2898391953094564,0.384736592939572,0,plain
3,fashion,123,random,lasso,7.0,0.15942157199457443,0.25904158277267414,0.3775972427444106,0,plain
3,fashion,123,shuffled,lasso,7.0,0.16639971958055377,0.20674090634397865,0.23999718170750303,0,plain
3,fashion,123,pca,lasso,7.0,0.3709338618100441,0.4616125024273332,0.46229316192694603,0,plain
3,fashion,123,emotion,lasso,5.0,0.34445169009457977,0.4706558470547733,0.45486132215019576,0,plain
3,fashion,123,population,elastic,,0.355672442266683,0.5302414399889066,0.47690692753074365,0,plain
3,fashion,123,identity,elastic,57.0,0.33721131579982044,0.3325438782723681,0.3904123599120476,0,plain
3,fashion,123,random,elastic,7.0,0.15463491739426796,0.25828797072038745,0.38079527920130846,0,plain
3,fashion,123,shuffled,elastic,7.0,0.17252409549505973,0.20463079259757597,0.25657214095083,0,plain
3,fashion,123,pca,elastic,7.0,0.37303584654827177,0.464827913850423,0.46314964891604393,0,plain
3,fashion,123,emotion,elastic,5.0,0.34968574001456987,0.4782422083811259,0.4661006265567324,0,plain
3,fashion,132,population,lasso,,0.10635198708778279,0.27904904814191656,0.31629300900731777,0,plain
3,fashion,132,identity,lasso,57.0,0.3815981916898957,0.3786491618927304,0.43647063070761094,0,plain
3,fashion,132,random,lasso,6.0,0.02723024391167179,0.05578003380962373,0.04752944531537385,0,plain
3,fashion,132,shuffled,lasso,7.0,0.10971165386363395,0.18490783449702666,0.2101076724002077,0,plain
3,fashion,132,pca,lasso,7.0,0.19299256003464724,0.31120693240226904,0.3586613990558022,0,plain
3,fashion,132,emotion,lasso,6.0,0.29821902568078545,0.3352260928683347,0.39526513981221983,0,plain
3,fashion,132,population,elastic,,0.10553683459640183,0.2747811807863759,0.3161525282462194,0,plain
3,fashion,132,identity,elastic,69.0,0.3553175132099033,0.3138867560906317,0.4200693584472532,0,plain
3,fashion,132,random,elastic,6.0,0.026079116629575023,0.052554320110668615,0.04671009929722943,0,plain
3,fashion,132,shuffled,elastic,6.0,0.09798184573733976,0.1818806262564688,0.1956396356634165,0,plain
3,fashion,132,pca,elastic,7.0,0.19472376741171665,0.3102640314748822,0.35868760708116637,0,plain
3,fashion,132,emotion,elastic,7.0,0.2843549912245709,0.3296183136686128,0.3969135585313323,0,plain
3,fashion,140,population,lasso,,0.20468992461486496,0.3613693185780144,0.4216775420992807,0,plain
3,fashion,140,identity,lasso,56.0,0.15471245113396423,0.1533334241045891,0.1938998651571319,0,plain
3,fashion,140,random,lasso,5.0,0.05375269268338723,0.1303652427232246,0.11924260850198835,0,plain
3,fashion,140,shuffled,lasso,7.0,0.09318985073239601,0.005631856841912407,0.13345744286007602,0,plain
3,fashion,140,pca,lasso,6.0,0.2777155493811133,0.3986375190710174,0.458620026486021,0,plain
3,fashion,140,emotion,lasso,7.0,0.3807535689965848,0.5480041570521725,0.5613752912494896,0,plain
3,fashion,140,population,elastic,,0.20241409707378955,0.35637410642257905,0.4215297585991237,0,plain
3,fashion,140,identity,elastic,63.0,0.17999843561768744,0.16768241588441815,0.2325235336120243,0,plain
3,fashion,140,random,elastic,5.0,0.05096708448581323,0.1316385320961787,0.11687862382257036,0,plain
3,fashion,140,shuffled,elastic,7.0,0.09399573339403945,0.0157202264891642,0.14097047519753259,0,plain
3,fashion,140,pca,elastic,6.0,0.2789980099396306,0.40142896115787835,0.45947128979549073,0,plain
3,fashion,140,emotion,elastic,7.0,0.3617612106123002,0.5036838923397314,0.5418452243424139,0,plain
3,fashion,141,population,lasso,,0.16605589776782778,0.31070107317763634,0.2727830617940577,0,plain
3,fashion,141,identity,lasso,48.0,0.04615691013112574,-0.08863371040075618,0.050283664903126905,0,plain
3,fashion,141,random,lasso,6.0,-0.021093900433509224,-0.02293390900214632,-0.04451351230640799,0,plain
3,fashion,141,shuffled,lasso,7.0,0.15664217511761946,0.16867356133064154,0.19324238481719072,0,plain
3,fashion,141,pca,lasso,7.0,-0.026405551560985483,-0.09763437978740783,-0.03919809549739937,0,plain
3,fashion,141,emotion,lasso,5.0,0.1834609188239126,0.22089778426901024,0.2629228274617722,0,plain
3,fashion,141,population,elastic,,0.16601370540686347,0.31548108968806154,0.274754418612439,0,plain
3,fashion,141,identity,elastic,53.0,0.0467846643347771,-0.08461646248242012,0.05254643324107175,0,plain
3,fashion,141,random,elastic,6.0,-0.0204828551152468,-0.023239016438981967,-0.04452745431005173,0,plain
3,fashion,141,shuffled,elastic,7.0,0.15100309363364198,0.16170694152289422,0.18996692068419652,0,plain
3,fashion,141,pca,elastic,7.0,-0.027326689472707017,-0.10043119795840129,-0.04034964108304556,0,plain
3,fashion,141,emotion,elastic,5.0,0.19020703051610052,0.233254635460854,0.27792958637705545,0,plain
3,landscape,0,population,lasso,,0.14606333514259304,0.460365345324975,0.427047035816618,0,plain
3,landscape,0,identity,lasso,36.0,0.26807688846032024,0.39748907885878926,0.3679645431330786,0,plain
3,landscape,0,random,lasso,7.0,0.19884689262374422,0.27877789437925565,0.29988012713556067,0,plain
3,landscape,0,shuffled,lasso,7.0,0.24625215176918924,0.26008361010658054,0.2810551097156485,0,plain
3,landscape,0,pca,lasso,7.0,0.4796773009665216,0.5507623751103509,0.536721038038501,0,plain
3,landscape,0,emotion,lasso,4.0,0.2882152493332619,0.3972411440541118,0.40904516166333926,0,plain
3,landscape,0,population,elastic,,0.14326514139340515,0.46765462858249024,0.4299779217489187,0,plain
3,landscape,0,identity,elastic,42.0,0.2722214263707497,0.4242660377639472,0.38706781539196405,0,plain
3,landscape,0,random,elastic,6.0,0.17904458667988038,0.2991085483628015,0.3139842568193571,0,plain
3,landscape,0,shuffled,elastic,7.0,0.24451193309459077,0.2548769792083554,0.28259978223939397,0,plain
3,landscape,0,pca,elastic,7.0,0.4780086126241725,0.5530433753133829,0.5368387882384476,0,plain
3,landscape,0,emotion,elastic,4.0,0.2845801992864283,0.400265948671176,0.41030672024824055,0,plain
3,landscape,9,population,lasso,,0.39730605181389234,0.47464180549846186,0.5505292586799927,0,plain
3,landscape,9,identity,lasso,25.0,0.42387339238735655,0.5332507101207478,0.6265754085880524,0,plain
3,landscape,9,random,lasso,7.0,0.34837600912483385,0.32671453595522626,0.42982344606398387,0,plain
3,landscape,9,shuffled,lasso,4.0,0.28686200758890285,0.2308729196636455,0.43580360420458847,0,plain
3,landscape,9,pca,lasso,7.0,0.4858979771159617,0.4647063918724236,0.5626751425696324,0,plain
3,landscape,9,emotion,lasso,4.0,0.5261971393641743,0.4741400169314902,0.6031389310487029,0,plain
3,landscape,9,population,elastic,,0.3900156120528634,0.46932284668856256,0.5500734071967842,0,plain
3,landscape,9,identity,elastic,29.0,0.39830298037630013,0.5100680783266587,0.6093204617013788,0,plain
3,landscape,9,random,elastic,6.0,0.3027149598695313,0.33675030729465877,0.41708452317287087,0,plain
3,landscape,9,shuffled,elastic,4.0,0.27726374726611713,0.23212739108107458,0.43362281950616616,0,plain
3,landscape,9,pca,elastic,7.0,0.48420322620205714,0.46641247300012717,0.5628609360373906,0,plain
3,landscape,9,emotion,elastic,6.0,0.523024747402525,0.4944624538938411,0.6071733094778661,0,plain
3,landscape,10,population,lasso,,0.1934522670853127,0.6316594396971398,0.6390481176540118,0,plain
3,landscape,10,identity,lasso,48.0,0.4582227627121013,0.5849115502899197,0.543553201799748,0,plain
3,landscape,10,random,lasso,7.0,0.223998103029649,0.33051492070947674,0.3121993292927803,0,plain
3,landscape,10,shuffled,lasso,7.0,0.24741397891765118,0.4353672548563517,0.3885884743015609,0,plain
3,landscape,10,pca,lasso,7.0,0.6034716651597066,0.6580438505772358,0.6399795308616317,0,plain
3,landscape,10,emotion,lasso,4.0,0.6284621519108372,0.7018057491427382,0.6809000587181726,0,plain
3,landscape,10,population,elastic,,0.1893376972174749,0.6235336285541045,0.6419138003187906,0,plain
3,landscape,10,identity,elastic,55.0,0.4810218018160142,0.6331769104527669,0.589360305563449,0,plain
3,landscape,10,random,elastic,7.0,0.21006089227872346,0.3770180567690151,0.3296203156141399,0,plain
3,landscape,10,shuffled,elastic,7.0,0.2328253413006135,0.4423182499305142,0.38604581768023116,0,plain
3,landscape,10,pca,elastic,7.0,0.6019349987896372,0.6562816264739268,0.6400498368596823,0,plain
3,landscape,10,emotion,elastic,6.0,0.6274154137377231,0.7080224841738554,0.6899864801809075,0,plain
3,landscape,11,population,lasso,,0.24716375519151387,0.35892222990608796,0.4283348306991848,0,plain
3,landscape,11,identity,lasso,33.0,0.39311164524198405,0.38214370934094616,0.49751777168236383,0,plain
3,landscape,11,random,lasso,7.0,0.18013253156376313,0.25262603104928505,0.2931054725631283,0,plain
3,landscape,11,shuffled,lasso,6.0,0.020840030161670766,0.036878273072768385,0.03751530247986183,0,plain
3,landscape,11,pca,lasso,7.0,0.39858932646281026,0.42469177038613215,0.5007317450989959,0,plain
3,landscape,11,emotion,lasso,4.0,0.31188596600390006,0.33604586799998565,0.391664657336188,0,plain
3,landscape,11,population,elastic,,0.23919195285678346,0.35354825695831826,0.42548740539519353,0,plain
3,landscape,11,identity,elastic,39.0,0.3857804246034159,0.3953567804418846,0.5120514265724602,0,plain
3,landscape,11,random,elastic,6.0,0.13997839179448573,0.2335459619594971,0.27130196561176473,0,plain
3,landscape,11,shuffled,elastic,7.0,0.02228650666942403,0.04313969109448173,0.04066171992138785,0,plain
3,landscape,11,pca,elastic,7.0,0.39651468302526016,0.42469177038613215,0.5005634906837232,0,plain
3,landscape,11,emotion,elastic,4.0,0.3031889066305348,0.337524943123225,0.3862544789226046,0,plain
3,landscape,24,population,lasso,,0.08858214458861534,0.11983656847885509,0.11573202429427816,0,plain
3,landscape,24,identity,lasso,22.0,-0.10499085778553953,-0.16743696882380743,-0.16269987276716774,0,plain
3,landscape,24,random,lasso,7.0,-0.05229502149634733,-0.10371819961912605,-0.15687747286719486,0,plain
3,landscape,24,shuffled,lasso,6.0,0.04634317729640078,0.0011320593513522075,0.0968537626185234,0,plain
3,landscape,24,pca,lasso,7.0,-0.06701044977500459,-0.23730120307868652,-0.16963918936529737,0,plain
3,landscape,24,emotion,lasso,4.0,-0.05324868837376579,-0.2157920754029946,-0.2002097378248761,0,plain
3,landscape,24,population,elastic,,0.08748778659371867,0.11514660830896738,0.11654848274758296,0,plain
3,landscape,24,identity,elastic,28.0,-0.10566530980786326,-0.21924216104521085,-0.1825586808226148,0,plain
3,landscape,24,random,elastic,5.0,-0.039531558347627914,-0.1693776419975541,-0.22275825465923343,0,plain
3,landscape,24,shuffled,elastic,6.0,0.04417824131067184,0.003396178054056622,0.09653094487153847,0,plain
3,landscape,24,pca,elastic,7.0,-0.06628122312958629,-0.23730120307868652,-0.16923916424998384,0,plain
3,landscape,24,emotion,elastic,5.0,-0.0509742036753141,-0.21374358705292865,-0.20362408587498382,0,plain
3,landscape,28,population,lasso,,0.21012622578777598,0.3090570361448919,0.3263828121496469,0,plain
3,landscape,28,identity,lasso,34.0,0.17972071224011238,0.2170289059552505,0.23443208605442145,0,plain
3,landscape,28,random,lasso,7.0,0.11526559636364807,0.1440461695535189,0.1553624684872925,0,plain
3,landscape,28,shuffled,lasso,4.0,0.09568643317886472,0.1064967239199914,0.1261854723063874,0,plain
3,landscape,28,pca,lasso,7.0,0.23414603963171415,0.28002142287650233,0.2793650773049504,0,plain
3,landscape,28,emotion,lasso,4.0,0.25986577187915444,0.3322855267596035,0.3136257295967109,0,plain
3,landscape,28,population,elastic,,0.20301258079063034,0.30600583610651877,0.3225294444606101,0,plain
3,landscape,28,identity,elastic,37.0,0.1782506670411237,0.23873179655077556,0.24348572123622234,0,plain
3,landscape,28,random,elastic,5.0,0.10253488570362917,0.15743207939928489,0.15630454450401124,0,plain
3,landscape,28,shuffled,elastic,4.0,0.09575238734264288,0.11363259497747696,0.12766867713894955,0,plain
3,landscape,28,pca,elastic,7.0,0.23312582298020787,0.28002142287650233,0.2792044032656824,0,plain
3,landscape,28,emotion,elastic,4.0,0.260102966565929,0.33194103643269046,0.3174521545398511,0,plain
3,landscape,31,population,lasso,,0.08155116018054527,0.4108785871586063,0.2709623805525323,0,plain
3,landscape,31,identity,lasso,32.0,0.062081220035210494,0.18472896479355158,0.09351017752282093,0,plain
3,landscape,31,random,lasso,7.0,0.1949956108381578,0.3094005360996209,0.311965658251676,0,plain
3,landscape,31,shuffled,lasso,5.0,0.12055235114873764,0.22302643310440984,0.27867345612419503,0,plain
3,landscape,31,pca,lasso,7.0,0.2202934425270752,0.46704479402626875,0.42720332319883625,0,plain
3,landscape,31,emotion,lasso,6.0,0.0998805493217777,0.3416564251849694,0.25128024044421937,0,plain
3,landscape,31,population,elastic,,0.07906641723354141,0.4126705809966812,0.27068307228988914,0,plain
3,landscape,31,identity,elastic,37.0,0.07248796711652855,0.22440882835092477,0.12033290233072107,0,plain
3,landscape,31,random,elastic,7.0,0.16212446454912868,0.32619407835358016,0.31874572800560413,0,plain
3,landscape,31,shuffled,elastic,6.0,0.10962111012575515,0.2200568433156,0.27416544423259986,0,plain
3,landscape,31,pca,elastic,7.0,0.2185878085029658,0.4682223899770037,0.42703660140183053,0,plain
3,landscape,31,emotion,elastic,5.0,0.08723160630671721,0.3547123802909438,0.22847422365967351,0,plain
3,landscape,32,population,lasso,,0.279992612593213,0.5672174104392974,0.5590383200836626,0,plain
3,landscape,32,identity,lasso,49.0,0.5873211566387431,0.6697873088329448,0.666925678639046,0,plain
3,landscape,32,random,lasso,7.0,0.160842526713313,0.16687182897058098,0.19337280330231166,0,plain
3,landscape,32,shuffled,lasso,6.0,0.3204138677273858,0.4556432843240702,0.4814704095835669,0,plain
3,landscape,32,pca,lasso,7.0,0.4321901189068986,0.5136324682918527,0.5029688272318988,0,plain
3,landscape,32,emotion,lasso,6.0,0.46919224322399433,0.5825833207902541,0.6081818875089855,0,plain
3,landscape,32,population,elastic,,0.2718490390418832,0.5623727444369256,0.5572086694612434,0,plain
3,landscape,32,identity,elastic,55.0,0.5710239926827746,0.6785957924736206,0.6708317379329278,0,plain
3,landscape,32,random,elastic,7.0,0.14248091062260063,0.1724505352763423,0.18713380844621855,0,plain
3,landscape,32,shuffled,elastic,6.0,0.3154310793624966,0.45671987676904163,0.4825240383062026,0,plain
3,landscape,32,pca,elastic,7.0,0.4309854932865649,0.5171069257278971,0.503701213090848,0,plain
3,landscape,32,emotion,elastic,6.0,0.47137885358590415,0.5715237802191833,0.6091034760123514,0,plain
3,landscape,36,population,lasso,,0.3232235578491162,0.5828139255616032,0.5797627190589181,0,plain
3,landscape,36,identity,lasso,40.0,0.3691479356160222,0.4566658752057044,0.46831109213672145,0,plain
3,landscape,36,random,lasso,7.0,0.14914732832212446,0.26068941587327266,0.23931843465049393,0,plain
3,landscape,36,shuffled,lasso,5.0,0.3708605128099135,0.5959253764647359,0.5354146055111583,0,plain
3,landscape,36,pca,lasso,7.0,0.42179741034648494,0.5128365228248073,0.5019727448620324,0,plain
3,landscape,36,emotion,lasso,4.0,0.5440244255785334,0.5564420299950747,0.5825300034196965,0,plain
3,landscape,36,population,elastic,,0.31732151276562937,0.5837078881231804,0.5828461038638393,0,plain
3,landscape,36,identity,elastic,47.0,0.3570083858844436,0.4694296740015572,0.47392777769145233,0,plain
3,landscape,36,random,elastic,7.0,0.10894036033217139,0.21122348746599898,0.20071136379051902,0,plain
3,landscape,36,shuffled,elastic,5.0,0.3468697024960431,0.5888233405588723,0.5201831492876199,0,plain
3,landscape,36,pca,elastic,7.0,0.42063251717486294,0.5140284729069103,0.5025860555546514,0,plain
3,landscape,36,emotion,elastic,5.0,0.5547819005978173,0.5859427945271235,0.5965357798706741,0,plain
3,landscape,42,population,lasso,,0.30246355086189014,0.5154890297077461,0.4989455895077597,0,plain
3,landscape,42,identity,lasso,21.0,0.2589527311585294,0.3221933704345571,0.35976584920769744,0,plain
3,landscape,42,random,lasso,7.0,-0.07300806968389292,-0.16626379330688318,-0.21402229743491588,0,plain
3,landscape,42,shuffled,lasso,4.0,0.0700017211419242,0.16692559040210345,0.2432033304163376,0,plain
3,landscape,42,pca,lasso,7.0,0.21448891713627213,0.33268030902035567,0.27831703290842313,0,plain
3,landscape,42,emotion,lasso,4.0,0.3101896926673493,0.5205797765940562,0.5020076599304655,0,plain
3,landscape,42,population,elastic,,0.2973873480390735,0.5146745102059366,0.5021610648521262,0,plain
3,landscape,42,identity,elastic,26.0,0.25505489696867856,0.34540717623613054,0.3798783974229482,0,plain
3,landscape,42,random,elastic,4.0,-0.04969584918462972,-0.15872948791514443,-0.19667778559652546,0,plain
3,landscape,42,shuffled,elastic,5.0,0.06633348489907781,0.15918765513491231,0.23850052058892854,0,plain
3,landscape,42,pca,elastic,7.0,0.2130028927634335,0.33268030902035567,0.27808813014398204,0,plain
3,landscape,42,emotion,elastic,4.0,0.3013859650448493,0.5209361288760979,0.5011788478675218,0,plain
3,landscape,47,population,lasso,,0.36799059239953036,0.5217968229717819,0.5535773029257693,0,plain
3,landscape,47,identity,lasso,34.0,0.4263880626793892,0.3345995187935469,0.48722215484678716,0,plain
3,landscape,47,random,lasso,7.0,0.1394781072709143,0.11858335252629297,0.16495082026925187,0,plain
3,landscape,47,shuffled,lasso,6.0,0.257829402064175,0.23410939968314218,0.3114721531465442,0,plain
3,landscape,47,pca,lasso,7.0,0.5834545858882215,0.48616167350170825,0.6161599449435794,0,plain
3,landscape,47,emotion,lasso,3.0,0.627731229911839,0.48896838007037785,0.6507722210956753,0,plain
3,landscape,47,population,elastic,,0.3601010351130076,0.521496104410853,0.554394497959793,0,plain
3,landscape,47,identity,elastic,38.0,0.4128739539662683,0.3203153871494244,0.48545379367437275,0,plain
3,landscape,47,random,elastic,6.0,0.13014903702417152,0.12645215487059897,0.17001296822101858,0,plain
3,landscape,47,shuffled,elastic,4.0,0.25588743669632086,0.24433383075472448,0.3154357357128045,0,plain
3,landscape,47,pca,elastic,7.0,0.5822076417769071,0.48616167350170825,0.6161701774087083,0,plain
3,landscape,47,emotion,elastic,4.0,0.6237777034156465,0.4839062842947416,0.6511229525353288,0,plain
3,landscape,54,population,lasso,,0.15498853082306363,0.25705059879602293,0.30818777308274553,0,plain
3,landscape,54,identity,lasso,36.0,-0.12187333009615231,-0.2557890626810052,-0.2522942037513481,0,plain
3,landscape,54,random,lasso,7.0,0.03580811474810189,0.04844298681668276,0.0580380310782559,0,plain
3,landscape,54,shuffled,lasso,5.0,0.0006717766919229422,0.05131928915892331,0.0012322746616484392,0,plain
3,landscape,54,pca,lasso,7.0,0.040088008758749745,0.14124158343739068,0.08331807324091388,0,plain
3,landscape,54,emotion,lasso,5.0,0.03728841912878388,0.16798614907576767,0.10857994108759805,0,plain
3,landscape,54,population,elastic,,0.14753491131192897,0.2520549157805525,0.300438571446585,0,plain
3,landscape,54,identity,elastic,41.0,-0.10847691495406055,-0.24488939064725154,-0.2459869638436574,0,plain
3,landscape,54,random,elastic,6.0,0.014549644878718493,0.05177344216032972,0.028552521066463436,0,plain
3,landscape,54,shuffled,elastic,5.0,-0.0031445669947696296,0.02361595607313285,-0.006529182895900469,0,plain
3,landscape,54,pca,elastic,7.0,0.03952282094003071,0.14124158343739068,0.08290315073387065,0,plain
3,landscape,54,emotion,elastic,5.0,0.032447502147122664,0.15133387235753296,0.09936741653479608,0,plain
3,landscape,55,population,lasso,,0.41377643512126216,0.6324829735624852,0.6498277627703292,0,plain
3,landscape,55,identity,lasso,26.0,0.4053369343029676,0.48701487258435033,0.5242184871581826,0,plain
3,landscape,55,random,lasso,7.0,0.09806803883117703,0.16366404252222147,0.16126396721522715,0,plain
3,landscape,55,shuffled,lasso,3.0,0.1375439134306816,0.32623433992430656,0.34865574201964117,0,plain
3,landscape,55,pca,lasso,6.0,0.4883769884655687,0.59340644336125,0.6055637972434478,0,plain
3,landscape,55,emotion,lasso,3.0,0.5152783650490452,0.5526395797925314,0.6053332600491909,0,plain
3,landscape,55,population,elastic,,0.4050940941553892,0.6313395127550698,0.6506184557689744,0,plain
3,landscape,55,identity,elastic,28.0,0.3939938288713458,0.5156511084570112,0.5426398054578467,0,plain
3,landscape,55,random,elastic,7.0,0.07085690579904787,0.14745672846929186,0.15802925986591276,0,plain
3,landscape,55,shuffled,elastic,3.0,0.1327507848694054,0.32747723210627966,0.34945861951372975,0,plain
3,landscape,55,pca,elastic,6.0,0.4862283832871981,0.59340644336125,0.6055770644315375,0,plain
3,landscape,55,emotion,elastic,5.0,0.512299490759234,0.5669576977288618,0.6059634772186016,0,plain
3,landscape,59,population,lasso,,0.24977667481505747,0.48674892744164633,0.4789141113767915,0,plain
3,landscape,59,identity,lasso,23.0,0.20872877688524388,0.29606536892815905,0.32373300081251233,0,plain
3,landscape,59,random,lasso,7.0,0.2576063146763386,0.412129156226969,0.3955614717061985,0,plain
3,landscape,59,shuffled,lasso,4.0,0.1524811376615533,0.35676775679859857,0.3174540416526364,0,plain
3,landscape,59,pca,lasso,7.0,0.24301725214322062,0.4356500476353118,0.4099881945142932,0,plain
3,landscape,59,emotion,lasso,5.0,0.2879238908249851,0.42578976128072266,0.39172552957638584,0,plain
3,landscape,59,population,elastic,,0.243795008271575,0.48556774730541946,0.4792699454936274,0,plain
3,landscape,59,identity,elastic,26.0,0.19186254538300218,0.28789981929076486,0.3351440639225646,0,plain
3,landscape,59,random,elastic,6.0,0.19678656535691316,0.39497636642263156,0.37303350338924596,0,plain
3,landscape,59,shuffled,elastic,4.0,0.1416814076079765,0.3604653641815695,0.32302733089445584,0,plain
3,landscape,59,pca,elastic,7.0,0.24111564092025276,0.4356500476353118,0.40993457721811855,0,plain
3,landscape,59,emotion,elastic,5.0,0.2849411691730092,0.43262006380759954,0.3995702753213873,0,plain
3,landscape,60,population,lasso,,0.4301685983462316,0.7392338863465485,0.6989376094892306,0,plain
3,landscape,60,identity,lasso,34.0,0.6331950839338361,0.695286052520716,0.7214430037090868,0,plain
3,landscape,60,random,lasso,7.0,0.22292365380254817,0.2667212631968679,0.32031180927560976,0,plain
3,landscape,60,shuffled,lasso,4.0,0.36651647701288464,0.6420396792439834,0.6261335455682493,0,plain
3,landscape,60,pca,lasso,7.0,0.6998199506361562,0.7832795995350221,0.7794748450104256,0,plain
3,landscape,60,emotion,lasso,4.0,0.694489843388536,0.7737363616775195,0.7661733989264355,0,plain
3,landscape,60,population,elastic,,0.42090940192052495,0.7371784197310863,0.7003919214818847,0,plain
3,landscape,60,identity,elastic,39.0,0.6200983797440405,0.7107509918180022,0.7280786990640893,0,plain
3,landscape,60,random,elastic,7.0,0.19685939018280718,0.25321391115240266,0.32427113106956174,0,plain
3,landscape,60,shuffled,elastic,4.0,0.3561929661716008,0.6377819269690976,0.6251072582232292,0,plain
3,landscape,60,pca,elastic,7.0,0.6971939858789776,0.7832795995350221,0.7795155813336991,0,plain
3,landscape,60,emotion,elastic,5.0,0.6892402512168226,0.7725128696445064,0.7671381474378577,0,plain
3,landscape,67,population,lasso,,0.38349228081033215,0.49130634812593543,0.4488208281427752,0,plain
3,landscape,67,identity,lasso,19.0,0.19928280912590138,0.2888976165805569,0.3120021070097214,0,plain
3,landscape,67,random,lasso,7.0,0.17193106181231554,0.348635767805689,0.36331348344353287,0,plain
3,landscape,67,shuffled,lasso,5.0,0.022975672920448054,0.05381072465835886,0.03946557622157804,0,plain
3,landscape,67,pca,lasso,7.0,0.2557581765173016,0.37286090246989273,0.36290658442563967,0,plain
3,landscape,67,emotion,lasso,4.0,0.25236126678951015,0.3398219422150957,0.37548972569990924,0,plain
3,landscape,67,population,elastic,,0.37547264494448523,0.4876983493461604,0.44574686235489586,0,plain
3,landscape,67,identity,elastic,22.0,0.1763673007533253,0.2831248185329169,0.30782586815699625,0,plain
3,landscape,67,random,elastic,6.0,0.07581254796053462,0.3071953246779873,0.31663029703940393,0,plain
3,landscape,67,shuffled,elastic,5.0,0.019756032199449707,0.04819255512985204,0.0356513956681285,0,plain
3,landscape,67,pca,elastic,7.0,0.25339071968780874,0.37286090246989273,0.36243661698883606,0,plain
3,landscape,67,emotion,elastic,4.0,0.25374023852894373,0.36012982106125796,0.3930761063974641,0,plain
3,landscape,68,population,lasso,,0.16474019341337162,0.30199532957071923,0.29979968396024026,0,plain
3,landscape,68,identity,lasso,25.0,0.26256342762715024,0.4636393043856325,0.378337009064943,0,plain
3,landscape,68,random,lasso,7.0,0.14992114237238188,0.2413163606698829,0.24946112194780826,0,plain
3,landscape,68,shuffled,lasso,4.0,0.21346318378373114,0.35987526860463065,0.3639261582293875,0,plain
3,landscape,68,pca,lasso,6.0,0.09008655824587011,0.15679565522398978,0.1195475314127135,0,plain
3,landscape,68,emotion,lasso,4.0,0.27130254657740693,0.40480969450401444,0.3685538984511896,0,plain
3,landscape,68,population,elastic,,0.16230520361589149,0.30719352789500837,0.3017553678172738,0,plain
3,landscape,68,identity,elastic,28.0,0.24473279972469555,0.4575414178898318,0.37535459771944024,0,plain
3,landscape,68,random,elastic,6.0,0.11764294198666635,0.23971691503164008,0.26282119907618656,0,plain
3,landscape,68,shuffled,elastic,4.0,0.20297703331671513,0.3533275380230742,0.3596404389474849,0,plain
3,landscape,68,pca,elastic,7.0,0.08963657345103948,0.15409659070945506,0.11954179031596933,0,plain
3,landscape,68,emotion,elastic,4.0,0.2635647064817976,0.3969624143413856,0.36575816665977806,0,plain
3,landscape,75,population,lasso,,0.26062687023795217,0.4334212697460177,0.41860993695301046,0,plain
3,landscape,75,identity,lasso,22.0,-0.011303027157423571,0.015490583302044489,-0.01884116748055948,0,plain
3,landscape,75,random,lasso,7.0,-0.08721950129205343,-0.12465981274255464,-0.1214492332841404,0,plain
3,landscape,75,shuffled,lasso,7.0,-0.15956950395549296,-0.39346081587193,-0.3411419289998575,0,plain
3,landscape,75,pca,lasso,7.0,0.15727575338055375,0.35355287244971373,0.28346986020451614,0,plain
3,landscape,75,emotion,lasso,3.0,0.18805274863043445,0.4307957471524508,0.41058189026643904,0,plain
3,landscape,75,population,elastic,,0.2570754298042691,0.43300118613104693,0.4218904026467838,0,plain
3,landscape,75,identity,elastic,22.0,-0.005239914027430924,0.0290382798848495,-0.009510998275691376,0,plain
3,landscape,75,random,elastic,5.0,-0.09638287992424065,-0.19050791938921152,-0.18834117933073982,0,plain
3,landscape,75,shuffled,elastic,7.0,-0.1496673632571632,-0.4085313155590038,-0.3431366923667386,0,plain
3,landscape,75,pca,elastic,7.0,0.15608860851381876,0.35113739166363217,0.2834779251747555,0,plain
3,landscape,75,emotion,elastic,3.0,0.1814005841135547,0.4252821497059604,0.40699861086390493,0,plain
3,landscape,76,population,lasso,,0.2946703427833485,0.38740770525454327,0.4411079145474148,0,plain
3,landscape,76,identity,lasso,26.0,0.27597257458206853,0.298854507289293,0.35813270275693543,0,plain
3,landscape,76,random,lasso,7.0,0.06293236973629887,0.11818793182564827,0.09742922628591173,0,plain
3,landscape,76,shuffled,lasso,6.0,0.0947857844860774,0.14200603433612044,0.13048860069017598,0,plain
3,landscape,76,pca,lasso,7.0,0.26530604864439283,0.26295185171561286,0.29682091823032764,0,plain
3,landscape,76,emotion,lasso,4.0,0.3232581002183212,0.38795928236531213,0.3701843026470559,0,plain
3,landscape,76,population,elastic,,0.293679163493363,0.3843991028321678,0.4474540909855361,0,plain
3,landscape,76,identity,elastic,37.0,0.23858349158364414,0.27724271322189614,0.3259869892266407,0,plain
3,landscape,76,random,elastic,7.0,0.047161891125188676,0.1069056727417404,0.083853676999852,0,plain
3,landscape,76,shuffled,elastic,6.0,0.09800339754525904,0.14561635724297098,0.13954964892565627,0,plain
3,landscape,76,pca,elastic,7.0,0.26448426131690833,0.26295185171561286,0.29689337060767135,0,plain
3,landscape,76,emotion,elastic,5.0,0.32397743034636717,0.4036541583353706,0.37165202517508533,0,plain
3,landscape,82,population,lasso,,0.29164617795177505,0.4744622380261111,0.45940926582825375,0,plain
3,landscape,82,identity,lasso,31.0,0.18154038362442354,0.26601097283608327,0.2823922759974796,0,plain
3,landscape,82,random,lasso,7.0,0.2118096798839984,0.32681348091290224,0.3287963280482998,0,plain
3,landscape,82,shuffled,lasso,5.0,0.08690631224141808,0.18777841244390941,0.18834756279683096,0,plain
3,landscape,82,pca,lasso,4.0,0.23646095395336728,0.36592976110898917,0.3160174082043388,0,plain
3,landscape,82,emotion,lasso,4.0,0.26521875393563826,0.39501362747240093,0.38299718240096114,0,plain
3,landscape,82,population,elastic,,0.28627846201710666,0.48652140212801354,0.4612803305096035,0,plain
3,landscape,82,identity,elastic,35.0,0.1674834548415614,0.2715845360764583,0.27632123552476323,0,plain
3,landscape,82,random,elastic,5.0,0.15584523022402724,0.3243813805898295,0.3254643470566276,0,plain
3,landscape,82,shuffled,elastic,5.0,0.07867390761551178,0.17288179796508876,0.17928133552941847,0,plain
3,landscape,82,pca,elastic,4.0,0.23509327424291102,0.36592976110898917,0.3161931196520068,0,plain
3,landscape,82,emotion,elastic,4.0,0.2682687893446329,0.3996751530916237,0.39187146158608926,0,plain
3,landscape,84,population,lasso,,0.3231128008869206,0.5258621956545636,0.5261794531254952,0,plain
3,landscape,84,identity,lasso,32.0,0.2480996478834999,0.3997532174184285,0.3878437203357555,0,plain
3,landscape,84,random,lasso,7.0,0.3629836709861348,0.44826844326898047,0.429092420904425,0,plain
3,landscape,84,shuffled,lasso,3.0,0.30252333576856877,0.5301474521965683,0.5211400806214335,0,plain
3,landscape,84,pca,lasso,7.0,0.3581024660863133,0.4582673752003245,0.49887670944452966,0,plain
3,landscape,84,emotion,lasso,5.0,0.44832836612830784,0.5713675389339458,0.5949514399244269,0,plain
3,landscape,84,population,elastic,,0.31575104838334017,0.5183119817472223,0.527007209240098,0,plain
3,landscape,84,identity,elastic,38.0,0.25648042907568125,0.4371981972021353,0.4274684455071821,0,plain
3,landscape,84,random,elastic,5.0,0.32790551684338726,0.46581758910766596,0.44753772006575626,0,plain
3,landscape,84,shuffled,elastic,4.0,0.29841353488072925,0.5354530079152406,0.5222511800335646,0,plain
3,landscape,84,pca,elastic,7.0,0.3561155888185608,0.4582673752003245,0.4986211387330632,0,plain
3,landscape,84,emotion,elastic,5.0,0.43916468899696026,0.5666741627212741,0.5905158215972951,0,plain
3,landscape,88,population,lasso,,0.38855100927938496,0.6715142251977014,0.673366518083452,0,plain
3,landscape,88,identity,lasso,42.0,0.5504426698767756,0.6079542588226057,0.6283411216040253,0,plain
3,landscape,88,random,lasso,7.0,0.11450235768117113,0.1965514895525478,0.19357201942636268,0,plain
3,landscape,88,shuffled,lasso,6.0,0.37221620110971204,0.5784984468458484,0.4992470461987264,0,plain
3,landscape,88,pca,lasso,7.0,0.47554427233956686,0.6104007548339643,0.5872398206949543,0,plain
3,landscape,88,emotion,lasso,6.0,0.5502362928580522,0.7078691559264898,0.6857267947632925,0,plain
3,landscape,88,population,elastic,,0.3799202923689348,0.6741075109697415,0.6731651693913226,0,plain
3,landscape,88,identity,elastic,52.0,0.5525034696524109,0.6332020976598262,0.6429367658320333,0,plain
3,landscape,88,random,elastic,6.0,0.09788105680884403,0.17409265616827613,0.1888781330091876,0,plain
3,landscape,88,shuffled,elastic,5.0,0.34802787098620935,0.5821681908628864,0.4931655572178219,0,plain
3,landscape,88,pca,elastic,7.0,0.4733935825889413,0.6104007548339643,0.587303011574537,0,plain
3,landscape,88,emotion,elastic,6.0,0.5324444702659357,0.7098263527355767,0.6945747450763463,0,plain
3,landscape,95,population,lasso,,0.21936838204480902,0.44085461293468475,0.46757118906054174,0,plain
3,landscape,95,identity,lasso,51.0,0.3380931515304459,0.36754384696160275,0.40786800046924593,0,plain
3,landscape,95,random,lasso,7.0,0.11213558853161677,0.23899012702095865,0.20668180550045942,0,plain
3,landscape,95,shuffled,lasso,7.0,0.058870705489361665,0.15449216786089726,0.1890334592259421,0,plain
3,landscape,95,pca,lasso,7.0,0.3374509915674672,0.3626432623354481,0.46976601614868185,0,plain
3,landscape,95,emotion,lasso,3.0,0.3868769178037461,0.47020861983680323,0.5215673127905838,0,plain
3,landscape,95,population,elastic,,0.21447907189017704,0.44634920781855514,0.46980815377840673,0,plain
3,landscape,95,identity,elastic,60.0,0.31940423873596796,0.3873936897402697,0.4103868909103334,0,plain
3,landscape,95,random,elastic,7.0,0.09269515217470384,0.22181333040201234,0.20495419573726278,0,plain
3,landscape,95,shuffled,elastic,6.0,0.056782306321760144,0.16597636617673453,0.20261717770720028,0,plain
3,landscape,95,pca,elastic,7.0,0.3356265551991992,0.3669993375586966,0.4699477331254515,0,plain
3,landscape,95,emotion,elastic,3.0,0.3791421445318749,0.4718916489003312,0.5229688176343383,0,plain
3,landscape,96,population,lasso,,0.38044412871284444,0.5913344426425794,0.5874795340188947,0,plain
3,landscape,96,identity,lasso,26.0,0.3467202072367536,0.47724074664365074,0.4605430777270697,0,plain
3,landscape,96,random,lasso,7.0,0.20183798488617768,0.209551757898988,0.27208993029800954,0,plain
3,landscape,96,shuffled,lasso,5.0,0.2159500886543277,0.28572986856378096,0.35215151186038174,0,plain
3,landscape,96,pca,lasso,7.0,0.4878371115466837,0.545488800245095,0.5691837254852005,0,plain
3,landscape,96,emotion,lasso,3.0,0.5183453298936854,0.5970837340135071,0.5860880698554467,0,plain
3,landscape,96,population,elastic,,0.37071785627671583,0.5794889199042024,0.5842082311930896,0,plain
3,landscape,96,identity,elastic,29.0,0.3405232390630339,0.48918539509531966,0.4790060014242284,0,plain
3,landscape,96,random,elastic,6.0,0.17079911986116128,0.2342340605086607,0.28739720264448154,0,plain
3,landscape,96,shuffled,elastic,5.0,0.21209201031233277,0.29232172849768945,0.353179119616745,0,plain
3,landscape,96,pca,elastic,7.0,0.4857798015818864,0.5428124059862148,0.5691386122022354,0,plain
3,landscape,96,emotion,elastic,3.0,0.5095335177622079,0.5939117111881678,0.5850232074906518,0,plain
3,landscape,107,population,lasso,,0.1287143822123244,0.1999182374868888,0.1849515085443048,0,plain
3,landscape,107,identity,lasso,35.0,-0.05452344622499299,-0.14825565478885516,-0.07017021439155753,0,plain
3,landscape,107,random,lasso,7.0,0.05083972579541266,0.10462171669929976,0.07569639391400868,0,plain
3,landscape,107,shuffled,lasso,4.0,-0.036455885567793576,-0.03136656806666327,-0.05781835245106489,0,plain
3,landscape,107,pca,lasso,6.0,0.0538448547732765,0.06587477967577453,0.08535125488919842,0,plain
3,landscape,107,emotion,lasso,4.0,0.09904005501786846,0.1677039243373427,0.13754618969758406,0,plain
3,landscape,107,population,elastic,,0.12643294202734923,0.20500470798418555,0.1849382099920924,0,plain
3,landscape,107,identity,elastic,43.0,-0.05685263425540072,-0.13504080496744697,-0.07949865117522514,0,plain
3,landscape,107,random,elastic,6.0,0.026894327639780138,0.09853789904567031,0.04630841941854426,0,plain
3,landscape,107,shuffled,elastic,5.0,-0.03269879570863558,-0.030169751479064037,-0.057584185315184125,0,plain
3,landscape,107,pca,elastic,6.0,0.05365723205762685,0.0674206677680902,0.08548571650064418,0,plain
3,landscape,107,emotion,elastic,6.0,0.10112196902187523,0.17648057931307043,0.1416584053011178,0,plain
3,landscape,122,population,lasso,,0.25230648585364734,0.5343230203043873,0.5300928085735649,0,plain
3,landscape,122,identity,lasso,33.0,0.363700215508504,0.4209772759046326,0.47323734217646807,0,plain
3,landscape,122,random,lasso,7.0,0.1946412555783965,0.4937045758905075,0.4801629566522858,0,plain
3,landscape,122,shuffled,lasso,5.0,0.1915880995579481,0.2829438289926658,0.320961494488554,0,plain
3,landscape,122,pca,lasso,6.0,0.47065494400474156,0.4634757457603241,0.5348074954701144,0,plain
3,landscape,122,emotion,lasso,6.0,0.4923447877095144,0.5204702012594588,0.5825899427187481,0,plain
3,landscape,122,population,elastic,,0.24484786895237165,0.527396610781923,0.530331527989491,0,plain
3,landscape,122,identity,elastic,40.0,0.35321946605871024,0.4139519176747045,0.47466570050959617,0,plain
3,landscape,122,random,elastic,6.0,0.1483846465201296,0.5048363054801822,0.47947385027592515,0,plain
3,landscape,122,shuffled,elastic,5.0,0.18335624828813601,0.28032168824487574,0.32121859506904016,0,plain
3,landscape,122,pca,elastic,6.0,0.46863606557635124,0.4634757457603241,0.5345451215316297,0,plain
3,landscape,122,emotion,elastic,6.0,0.48787411571322686,0.5175017400355454,0.5820982115841499,0,plain
3,landscape,123,population,lasso,,0.38928726498959193,0.66068611642936,0.6499367748012611,0,plain
3,landscape,123,identity,lasso,27.0,0.46454572623881957,0.6326075744067727,0.6108487889842006,0,plain
3,landscape,123,random,lasso,7.0,0.16960120122977235,0.355826312462292,0.36871195276363783,0,plain
3,landscape,123,shuffled,lasso,7.0,0.36647298268482575,0.4671023654426503,0.530001715816127,0,plain
3,landscape,123,pca,lasso,7.0,0.5347263337925435,0.7064126153217772,0.6885301325709845,0,plain
3,landscape,123,emotion,lasso,3.0,0.5667132603780035,0.708093373118904,0.6918879231220786,0,plain
3,landscape,123,population,elastic,,0.37819124493305395,0.6548034641394165,0.6483470858611291,0,plain
3,landscape,123,identity,elastic,33.0,0.4326841961522628,0.6103622506212725,0.6074682639288733,0,plain
3,landscape,123,random,elastic,7.0,0.11482219024982276,0.3467304467366652,0.3470444351999053,0,plain
3,landscape,123,shuffled,elastic,7.0,0.3529050844413632,0.4711559577768971,0.529841277193844,0,plain
3,landscape,123,pca,elastic,7.0,0.5320982048270075,0.7064126153217772,0.6885062650414179,0,plain
3,landscape,123,emotion,elastic,4.0,0.5601438151406911,0.703347704044664,0.6922139509725129,0,plain
3,landscape,132,population,lasso,,0.07191878799833308,0.3718958770900525,0.43953876363658895,0,plain
3,landscape,132,identity,lasso,36.0,0.2291994664647395,0.23214303111285964,0.3110522302956016,0,plain
3,landscape,132,random,lasso,7.0,0.3385308425406613,0.32981265539913607,0.4167252916893067,0,plain
3,landscape,132,shuffled,lasso,4.0,0.1450370902978369,0.3495090245379486,0.35515748305862305,0,plain
3,landscape,132,pca,lasso,7.0,0.36481487437421156,0.2911813746913105,0.40807082413368234,0,plain
3,landscape,132,emotion,lasso,5.0,0.2978463389762708,0.21640624133700434,0.32491590236220014,0,plain
3,landscape,132,population,elastic,,0.06934052599095569,0.3664133825874964,0.4352370228236754,0,plain
3,landscape,132,identity,elastic,45.0,0.24957889643683928,0.3079334412268985,0.36076797099504315,0,plain
3,landscape,132,random,elastic,6.0,0.27722431884838633,0.30422768105387443,0.3895903513718314,0,plain
3,landscape,132,shuffled,elastic,4.0,0.13923118625883524,0.3507273566496277,0.354541350801933,0,plain
3,landscape,132,pca,elastic,7.0,0.36350142589125195,0.2911813746913105,0.4080060741022237,0,plain
3,landscape,132,emotion,elastic,5.0,0.3003091171013911,0.2251883853086913,0.33065427627306065,0,plain
3,landscape,140,population,lasso,,0.23610298525135248,0.491103838208049,0.4266656849557858,0,plain
3,landscape,140,identity,lasso,29.0,0.27642596700860256,0.49339406291988697,0.4128142013529382,0,plain
3,landscape,140,random,lasso,7.0,0.052269777135397065,0.13646752032930476,0.1483810738347991,0,plain
3,landscape,140,shuffled,lasso,6.0,0.10628599056110495,0.2905100259472796,0.3149237715540764,0,plain
3,landscape,140,pca,lasso,7.0,0.19709292022726907,0.36723255379385333,0.32088322862837154,0,plain
3,landscape,140,emotion,lasso,3.0,0.2207364863494416,0.4823412393105817,0.39136645685423427,0,plain
3,landscape,140,population,elastic,,0.22882581636301255,0.4872204136966714,0.4234540226479304,0,plain
3,landscape,140,identity,elastic,30.0,0.2569898033456025,0.48926170093983146,0.4158139954018784,0,plain
3,landscape,140,random,elastic,5.0,0.004663622624439882,-0.0010953248621834019,0.019100567528393793,0,plain
3,landscape,140,shuffled,elastic,5.0,0.1032730913387933,0.2894644885788318,0.31492980369660994,0,plain
3,landscape,140,pca,elastic,7.0,0.1954860370685864,0.36723255379385333,0.3206549344732164,0,plain
3,landscape,140,emotion,elastic,3.0,0.21558676157709863,0.48512933895977584,0.3901579497341668,0,plain
3,landscape,141,population,lasso,,0.2976193753971502,0.44107306642996613,0.4359895632594693,0,plain
3,landscape,141,identity,lasso,32.0,0.25623043937626877,0.4421679110042027,0.4299817368215064,0,plain
3,landscape,141,random,lasso,7.0,0.006826382988515262,-0.03070541374109095,0.018014185450194956,0,plain
3,landscape,141,shuffled,lasso,4.0,0.18828224980841382,0.230514548539276,0.3000849633450585,0,plain
3,landscape,141,pca,lasso,7.0,0.262824088746192,0.40270374066921877,0.38822815892539997,0,plain
3,landscape,141,emotion,lasso,2.0,0.27383512057351356,0.4056896804171368,0.3902666865030282,0,plain
3,landscape,141,population,elastic,,0.29288080170927994,0.4380373610195828,0.437209145143397,0,plain
3,landscape,141,identity,elastic,33.0,0.24720868280497352,0.4546590922829934,0.4379597843586787,0,plain
3,landscape,141,random,elastic,5.0,0.018828673752331788,0.0649441895172183,0.07929593539825568,0,plain
3,landscape,141,shuffled,elastic,4.0,0.18418031895582757,0.22976806360229649,0.3027109043830777,0,plain
3,landscape,141,pca,elastic,7.0,0.26128917288340303,0.40270374066921877,0.38818770779507644,0,plain
3,landscape,141,emotion,elastic,3.0,0.2607933493078576,0.3921534202265749,0.37865588821688245,0,plain
4,art,1,population,lasso,,0.3212815916583224,0.3784430199175785,0.34816280705184227,0,plain
4,art,1,identity,lasso,19.0,0.3336331996873871,0.4966774972247986,0.5154378816935528,0,plain
4,art,1,random,lasso,4.0,0.1241411062602906,0.27715067807816135,0.2569633554393485,0,plain
4,art,1,shuffled,lasso,7.0,0.31458395514523046,0.4007922198963823,0.42242710640908127,0,plain
4,art,1,pca,lasso,7.0,0.2764519321466484,0.34806046695100196,0.38800696775485793,0,plain
4,art,1,emotion,lasso,2.0,0.34494929908836053,0.439517100965646,0.46142627806177866,0,plain
4,art,1,population,elastic,,0.3175629890397061,0.38050285401700745,0.3471519070983652,0,plain
4,art,1,identity,elastic,19.0,0.31187104903669227,0.4792204032321385,0.5159055071791662,0,plain
4,art,1,random,elastic,5.0,0.13661728395202152,0.2849780476559912,0.24828932773472473,0,plain
4,art,1,shuffled,elastic,7.0,0.30831619368018137,0.4028520539958113,0.4237332004690749,0,plain
4,art,1,pca,elastic,7.0,0.2684659417202533,0.34600063285157306,0.3861521993989162,0,plain
4,art,1,emotion,elastic,3.0,0.35433599202008365,0.4367878207839027,0.4614637682271085,0,plain
4,art,2,population,lasso,,0.47451290191939,0.7682037048469291,0.7462074922798864,0,plain
4,art,2,identity,lasso,29.0,0.6160474602284769,0.7293789586961956,0.695996677757963,0,plain
4,art,2,random,lasso,4.0,0.47329377912273596,0.5825697843129236,0.5534567376589805,0,plain
4,art,2,shuffled,lasso,7.0,0.2694374035809494,0.4867491192606019,0.33332174936798564,0,plain
4,art,2,pca,lasso,7.0,0.6275913249702315,0.7315634712673367,0.6782419473203001,0,plain
4,art,2,emotion,lasso,4.0,0.7194142161495057,0.8087661314519793,0.7773575589162207,0,plain
4,art,2,population,elastic,,0.46813200835887825,0.7693952571584606,0.7446646114318628,0,plain
4,art,2,identity,elastic,34.0,0.5903456423600758,0.7273930381769765,0.6860536210318344,0,plain
4,art,2,random,elastic,5.0,0.4773226705481737,0.5807328078326459,0.5509204966822473,0,plain
4,art,2,shuffled,elastic,7.0,0.2657795360732822,0.48317446232600747,0.3334127411844445,0,plain
4,art,2,pca,elastic,7.0,0.6193066405501176,0.7315634712673367,0.6785371947638922,0,plain
4,art,2,emotion,elastic,5.0,0.7255391509301387,0.8095604996596669,0.7827677494324355,0,plain
4,art,12,population,lasso,,0.41876152784728865,0.48891060821062526,0.49018135828676607,0,plain
4,art,12,identity,lasso,35.0,0.27774866906743395,0.3153821995307846,0.34122762366757886,0,plain
4,art,12,random,lasso,4.0,0.23773912906090913,0.3298302708211585,0.30218055523847914,0,plain
4,art,12,shuffled,lasso,6.0,0.07678681456313893,0.1216972158689188,0.10228030350207916,0,plain
4,art,12,pca,lasso,6.0,0.28650090063561146,0.3548870657862825,0.3441137714174376,0,plain
4,art,12,emotion,lasso,6.0,0.5355042693691772,0.6295519734987405,0.6034923270351509,0,plain
4,art,12,population,elastic,,0.4094450679689392,0.4841619414228799,0.4840047652916672,0,plain
4,art,12,identity,elastic,36.0,0.2668330343757788,0.31972672446425365,0.3438565396892225,0,plain
4,art,12,random,elastic,4.0,0.2406274073805761,0.310027319961625,0.2954314085596116,0,plain
4,art,12,shuffled,elastic,6.0,0.07715320854221827,0.12098996762393546,0.1035242581459537,0,plain
4,art,12,pca,elastic,6.0,0.2787496862966306,0.34730940601860383,0.34123494642519125,0,plain
4,art,12,emotion,elastic,7.0,0.5331403663750365,0.6253084840288405,0.5929896388524386,0,plain
4,art,13,population,lasso,,0.23656073678199116,0.34405877105834437,0.3781783528975511,0,plain
4,art,13,identity,lasso,36.0,0.37060666052588853,0.520471538795306,0.46503914781061617,0,plain
4,art,13,random,lasso,5.0,0.08257001083825881,0.25614624521496665,0.2717572580926167,0,plain
4,art,13,shuffled,lasso,7.0,0.03364217768433832,0.1081397532379821,0.06737586369866982,0,plain
4,art,13,pca,lasso,7.0,0.4474689279648591,0.5058276138776627,0.5305653676590266,0,plain
4,art,13,emotion,lasso,4.0,0.2703369773460671,0.2977271557670712,0.334434428909879,0,plain
4,art,13,population,elastic,,0.23430327467977705,0.3354389356553168,0.3796965747870289,0,plain
4,art,13,identity,elastic,51.0,0.3684568071655637,0.5212061838580642,0.47998302214168104,0,plain
4,art,13,random,elastic,6.0,0.09593668016300706,0.27960591088570647,0.2634813600424934,0,plain
4,art,13,shuffled,elastic,7.0,0.03257915508378125,0.11117628616404863,0.06668355193531875,0,plain
4,art,13,pca,elastic,7.0,0.4383023310249189,0.5049950161398703,0.5310670210006703,0,plain
4,art,13,emotion,elastic,6.0,0.2811197383733673,0.32486004675160113,0.34193093790341406,0,plain
4,art,26,population,lasso,,0.3034282715722474,0.4075274015508536,0.38135933469227745,0,plain
4,art,26,identity,lasso,28.0,0.2772851921237639,0.3133555290303185,0.34819251777119287,0,plain
4,art,26,random,lasso,3.0,0.013833343656240655,0.05366945632217629,0.03128732882110978,0,plain
4,art,26,shuffled,lasso,6.0,0.11654484371383039,0.16961951307792283,0.16706354855763017,0,plain
4,art,26,pca,lasso,7.0,0.33440073795733655,0.4210949600054336,0.43772592662648024,0,plain
4,art,26,emotion,lasso,5.0,0.30409883996153997,0.3993167757702221,0.39473406965512314,0,plain
4,art,26,population,elastic,,0.30358987275953747,0.40952999320466615,0.3844745621973534,0,plain
4,art,26,identity,elastic,33.0,0.27374320984555295,0.30995112321883717,0.36669707157599424,0,plain
4,art,26,random,elastic,6.0,0.01175718703704634,0.05401990986159349,0.02385938094569008,0,plain
4,art,26,shuffled,elastic,7.0,0.11609017067444745,0.17037048494810253,0.16990799541873639,0,plain
4,art,26,pca,elastic,7.0,0.32716791326689654,0.41979327543045536,0.43848120356289555,0,plain
4,art,26,emotion,elastic,6.0,0.3179525788092518,0.4176404894026069,0.4007162295952998,0,plain
4,art,29,population,lasso,,0.22082747344262862,0.25599015606024633,0.26039024793622384,0,plain
4,art,29,identity,lasso,21.0,0.024788645060203996,0.010571417233074785,0.03748390975680453,0,plain
4,art,29,random,lasso,3.0,0.04076692036184081,0.2080900023773668,0.2122337055569218,0,plain
4,art,29,shuffled,lasso,5.0,0.0715587814698253,0.156446858860767,0.1604943329757991,0,plain
4,art,29,pca,lasso,5.0,0.19643669738191463,0.3942278751894013,0.400238138251965,0,plain
4,art,29,emotion,lasso,4.0,0.10828517353439412,0.4104643581167553,0.3685346418364209,0,plain
4,art,29,population,elastic,,0.22159182529341565,0.2618069645856224,0.2637855641168855,0,plain
4,art,29,identity,elastic,23.0,0.023941396374910457,0.010672579120472628,0.03919397605849984,0,plain
4,art,29,random,elastic,5.0,0.055083607901543284,0.17667923634033594,0.19696879641466192,0,plain
4,art,29,shuffled,elastic,5.0,0.07072573032769144,0.1548788496061004,0.16123641048905463,0,plain
4,art,29,pca,elastic,5.0,0.19022117694991095,0.38775351439593914,0.4002187877392782,0,plain
4,art,29,emotion,elastic,4.0,0.11842080208114442,0.413954443231981,0.3666871161057025,0,plain
4,art,34,population,lasso,,0.2554110271449753,0.6165540616070493,0.5955179418524631,0,plain
4,art,34,identity,lasso,47.0,0.5307056293316462,0.5468262008446428,0.5516297223228108,0,plain
4,art,34,random,lasso,6.0,0.4390201068106516,0.5578721985891824,0.5450100529202601,0,plain
4,art,34,shuffled,lasso,7.0,0.28064941188304293,0.379262360059171,0.3753779823590562,0,plain
4,art,34,pca,lasso,6.0,0.48404359001733377,0.6060505012517504,0.6201836532014259,0,plain
4,art,34,emotion,lasso,6.0,0.5936806692705693,0.6513193670083904,0.6329670271434633,0,plain
4,art,34,population,elastic,,0.2518695282077151,0.6196114359827699,0.5953279661941442,0,plain
4,art,34,identity,elastic,56.0,0.5538722419046592,0.6039793766746492,0.5895632118202959,0,plain
4,art,34,random,elastic,7.0,0.43700552876764076,0.5421908267911306,0.5362410309099095,0,plain
4,art,34,shuffled,elastic,7.0,0.2747508419402994,0.3840949840724071,0.37223156961534026,0,plain
4,art,34,pca,elastic,6.0,0.4732395772136047,0.6023027520169958,0.6201348487620885,0,plain
4,art,34,emotion,elastic,6.0,0.5910922284943605,0.6335175581433065,0.6262811670244668,0,plain
4,art,38,population,lasso,,0.39478207159370177,0.6217008493693564,0.6083592770443723,0,plain
4,art,38,identity,lasso,32.0,0.2802349925846091,0.3919184128430682,0.36485801975095844,0,plain
4,art,38,random,lasso,6.0,0.3896782268023234,0.6536871915249025,0.6228263035366808,0,plain
4,art,38,shuffled,lasso,7.0,0.1911252274490518,0.18559915838799967,0.3070235955494465,0,plain
4,art,38,pca,lasso,6.0,0.3683337482496317,0.4892979659904272,0.5038988847822947,0,plain
4,art,38,emotion,lasso,3.0,0.4776978312704248,0.6951763673376857,0.693832866529468,0,plain
4,art,38,population,elastic,,0.3892479302555656,0.6255215763037096,0.6089806441863308,0,plain
4,art,38,identity,elastic,43.0,0.30624549964603703,0.43517100108709134,0.4255932151957292,0,plain
4,art,38,random,elastic,7.0,0.40027562654126564,0.6265012498766207,0.6208557572303497,0,plain
4,art,38,shuffled,elastic,6.0,0.18952721324283567,0.1824642029546843,0.307655011691191,0,plain
4,art,38,pca,elastic,6.0,0.3585325391031627,0.48420366341128973,0.5034747167117046,0,plain
4,art,38,emotion,elastic,5.0,0.48202932318878233,0.6927761670840537,0.6999956745481482,0,plain
4,art,43,population,lasso,,0.21087144204642314,0.3900867855323119,0.3989598185090366,0,plain
4,art,43,identity,lasso,41.0,0.31499018523370576,0.4909755210246613,0.41641713889086457,0,plain
4,art,43,random,lasso,5.0,0.18376077837847385,0.4821600004476599,0.4374610058630345,0,plain
4,art,43,shuffled,lasso,7.0,0.010135466021912341,0.01146017675010182,0.01729966603555486,0,plain
4,art,43,pca,lasso,7.0,0.30127947575419955,0.41623949657741605,0.4120321531075902,0,plain
4,art,43,emotion,lasso,5.0,0.2817370463498751,0.34522558081823806,0.33048216136751996,0,plain
4,art,43,population,elastic,,0.20496709991160933,0.37524732589435955,0.39202319137490205,0,plain
4,art,43,identity,elastic,47.0,0.286036740137154,0.46776131683855765,0.3934807228911684,0,plain
4,art,43,random,elastic,6.0,0.20279235781487506,0.49606893291359544,0.4324432461491283,0,plain
4,art,43,shuffled,elastic,7.0,0.008232544089579153,0.009892973091968238,0.014337653371514316,0,plain
4,art,43,pca,elastic,7.0,0.29545845579646257,0.41178276117459867,0.41315814875149437,0,plain
4,art,43,emotion,elastic,5.0,0.2755297437507741,0.34777228676270516,0.3209051156341082,0,plain
4,art,48,population,lasso,,0.3888458082951585,0.5716007538243746,0.5795522662755317,0,plain
4,art,48,identity,lasso,35.0,0.5773548568189821,0.6144990006376801,0.607565605772938,0,plain
4,art,48,random,lasso,6.0,0.4475629368368917,0.5540492425567594,0.5387781742086473,0,plain
4,art,48,shuffled,lasso,7.0,0.4330528141554942,0.4616831888467395,0.4544113291832859,0,plain
4,art,48,pca,lasso,6.0,0.6394098333035338,0.6488175980883243,0.6458248625133509,0,plain
4,art,48,emotion,lasso,5.0,0.617625326521908,0.6381788328786246,0.6400898082186703,0,plain
4,art,48,population,elastic,,0.3839692238604409,0.5826317315763675,0.5818838895397086,0,plain
4,art,48,identity,elastic,43.0,0.5703230079024905,0.6121457253839216,0.6098727265820598,0,plain
4,art,48,random,elastic,6.0,0.46224810340287326,0.548460213829083,0.5424388924744791,0,plain
4,art,48,shuffled,elastic,7.0,0.43063460936073816,0.4659975268119634,0.4558528404091364,0,plain
4,art,48,pca,elastic,6.0,0.6365213958572293,0.651955298426669,0.6470389476762484,0,plain
4,art,48,emotion,elastic,6.0,0.6240850724070033,0.6348450262691335,0.646406238943424,0,plain
4,art,49,population,lasso,,0.35052056933516335,0.5137955617133181,0.5197874510518965,0,plain
4,art,49,identity,lasso,30.0,0.43077454247410907,0.590409859469761,0.6002996887902567,0,plain
4,art,49,random,lasso,4.0,0.08108768737766761,0.19848494312240522,0.13970741577713866,0,plain
4,art,49,shuffled,lasso,7.0,0.14911536450952534,0.21050384199575292,0.26404274665698985,0,plain
4,art,49,pca,lasso,6.0,0.3304993251676967,0.5892722682183742,0.5576922745964283,0,plain
4,art,49,emotion,lasso,5.0,0.3077279506515589,0.5225995287892682,0.4775934946586712,0,plain
4,art,49,population,elastic,,0.3424552449873349,0.51730725644586,0.5150619006189758,0,plain
4,art,49,identity,elastic,30.0,0.40143373495758344,0.5761157780936396,0.5937614400280786,0,plain
4,art,49,random,elastic,5.0,0.0725218713800941,0.18132215337322144,0.11917376245079335,0,plain
4,art,49,shuffled,elastic,7.0,0.14721183332301632,0.21376823428234124,0.2618892223048292,0,plain
4,art,49,pca,elastic,6.0,0.3205181909645711,0.5851670476155435,0.5555873780028504,0,plain
4,art,49,emotion,elastic,5.0,0.3450294184656675,0.5728019253178607,0.5165942697349148,0,plain
4,art,56,population,lasso,,0.042475525447242306,0.05750314076885966,0.16373504482435877,0,plain
4,art,56,identity,lasso,31.0,0.22144237132125916,0.311763385243189,0.33992918679410283,0,plain
4,art,56,random,lasso,2.0,0.03125725390087826,0.1788986601697856,0.15858566018474599,0,plain
4,art,56,shuffled,lasso,5.0,0.08193424025394787,0.22205220114750904,0.2083513382240461,0,plain
4,art,56,pca,lasso,6.0,0.14079144986166336,0.14030137897975867,0.22746365777628896,0,plain
4,art,56,emotion,lasso,3.0,0.1574374883702808,0.27966008352068356,0.27213821603764576,0,plain
4,art,56,population,elastic,,0.04129838984534241,0.054779859056673215,0.16159065151541654,0,plain
4,art,56,identity,elastic,40.0,0.20019246774097763,0.27515619453514445,0.335016880667029,0,plain
4,art,56,random,elastic,6.0,0.03219252394630667,0.19691421611194196,0.12549976618582087,0,plain
4,art,56,shuffled,elastic,5.0,0.08087221312081694,0.2243041456402786,0.20920321388480034,0,plain
4,art,56,pca,elastic,6.0,0.1385621989917547,0.14962338176378143,0.23018556203804647,0,plain
4,art,56,emotion,elastic,4.0,0.16115122481697958,0.2723805420208006,0.27302637707342853,0,plain
4,art,61,population,lasso,,0.22526147389042994,0.3946107226214079,0.3978853172784347,0,plain
4,art,61,identity,lasso,34.0,0.3089834016618096,0.4609643049839044,0.44691834351879084,0,plain
4,art,61,random,lasso,6.0,0.2330843570264763,0.4360378269535486,0.38426115032225316,0,plain
4,art,61,shuffled,lasso,6.0,-0.03880438211963976,-0.02918955777397806,-0.05772259378559151,0,plain
4,art,61,pca,lasso,6.0,0.2843582736825844,0.30654051050610637,0.36869226591571336,0,plain
4,art,61,emotion,lasso,4.0,0.3337794318421307,0.3523811562198795,0.3847436426672514,0,plain
4,art,61,population,elastic,,0.22004915485212173,0.3879904105489593,0.39211649715733626,0,plain
4,art,61,identity,elastic,34.0,0.3026287963579926,0.48614155241094387,0.4566637299782055,0,plain
4,art,61,random,elastic,7.0,0.24948760766000452,0.4191861234964066,0.3721259528223912,0,plain
4,art,61,shuffled,elastic,7.0,-0.03188700118033924,-0.027133248721172048,-0.04877354571207065,0,plain
4,art,61,pca,elastic,6.0,0.2783397097869703,0.3109540518877388,0.3685854242868362,0,plain
4,art,61,emotion,elastic,4.0,0.3452722941385908,0.3529830027719203,0.39618688700728427,0,plain
4,art,72,population,lasso,,0.1900345246855387,0.4742676858662527,0.4536826360447862,0,plain
4,art,72,identity,lasso,45.0,0.3583683749882707,0.3776797523638569,0.3938227858723569,0,plain
4,art,72,random,lasso,4.0,0.29779064731128035,0.40065551982753306,0.3830190223484908,0,plain
4,art,72,shuffled,lasso,7.0,0.046280904584396314,0.14139317200531304,0.09622186755031702,0,plain
4,art,72,pca,lasso,7.0,0.29856089491923865,0.3450850627299215,0.3501770628569909,0,plain
4,art,72,emotion,lasso,5.0,0.390724435313497,0.4414238013574401,0.45911326963930166,0,plain
4,art,72,population,elastic,,0.1865532268335422,0.4577709851493832,0.45155217809590775,0,plain
4,art,72,identity,elastic,60.0,0.33908726262563404,0.41152041637217823,0.38975116838482904,0,plain
4,art,72,random,elastic,4.0,0.31021274916456126,0.4029481126764032,0.3862871887950161,0,plain
4,art,72,shuffled,elastic,6.0,0.047392259197286485,0.14777256080216888,0.10131142092464919,0,plain
4,art,72,pca,elastic,7.0,0.2919274457118937,0.3480754012284477,0.3497926388558954,0,plain
4,art,72,emotion,elastic,6.0,0.39392477571612516,0.4545314517759798,0.45814264148418854,0,plain
4,art,77,population,lasso,,0.3220443540825089,0.44290138454106787,0.44313500264652433,0,plain
4,art,77,identity,lasso,37.0,0.38453307711563595,0.4079185581674185,0.44328081538867475,0,plain
4,art,77,random,lasso,7.0,0.3282408124078256,0.5023276567825853,0.4567257977458769,0,plain
4,art,77,shuffled,lasso,7.0,0.228443304400851,0.3164288184716936,0.32579223101444366,0,plain
4,art,77,pca,lasso,7.0,0.394015986778768,0.477686288276111,0.46419971270508187,0,plain
4,art,77,emotion,lasso,5.0,0.33216347957086995,0.42142677825229297,0.42131606739284305,0,plain
4,art,77,population,elastic,,0.31934513189056396,0.4516099806397415,0.44701671837729806,0,plain
4,art,77,identity,elastic,39.0,0.382541348904704,0.4270180927929187,0.45565326157479114,0,plain
4,art,77,random,elastic,7.0,0.35929518739100247,0.5127680759690634,0.46136539612489524,0,plain
4,art,77,shuffled,elastic,7.0,0.22730301947349482,0.3134104982329487,0.325918260674488,0,plain
4,art,77,pca,elastic,6.0,0.3846232240943596,0.47476692935666914,0.4634056143182611,0,plain
4,art,77,emotion,elastic,5.0,0.34284092685539463,0.4272160154315249,0.4285213804796021,0,plain
4,art,78,population,lasso,,0.3277094308162793,0.5765988618218482,0.5864115364935691,0,plain
4,art,78,identity,lasso,41.0,0.4003399256891758,0.5131946636703856,0.5120905677683812,0,plain
4,art,78,random,lasso,7.0,0.4054421403881393,0.511618180111064,0.5524004873239289,0,plain
4,art,78,shuffled,lasso,7.0,0.37715924526431116,0.47723113247336324,0.47163566691877334,0,plain
4,art,78,pca,lasso,7.0,0.5096357272707669,0.5705392531407061,0.6082777266748073,0,plain
4,art,78,emotion,lasso,6.0,0.425692774897041,0.5090071292159377,0.5617455549604686,0,plain
4,art,78,population,elastic,,0.3225112064549816,0.573938545815493,0.5863509814272144,0,plain
4,art,78,identity,elastic,57.0,0.40912159569929984,0.5234910719172042,0.5310057272494834,0,plain
4,art,78,random,elastic,7.0,0.4098392565025263,0.5013710369754741,0.5492582815167096,0,plain
4,art,78,shuffled,elastic,7.0,0.372269173759961,0.4826995598197598,0.4706168542981195,0,plain
4,art,78,pca,elastic,7.0,0.5015375471243633,0.5705392531407061,0.6084528807606925,0,plain
4,art,78,emotion,elastic,6.0,0.42475358527975865,0.49565628407293355,0.5562117530014331,0,plain
4,art,89,population,lasso,,0.26772782953636565,0.4869979921911644,0.49542852389339725,0,plain
4,art,89,identity,lasso,31.0,0.28701740953808397,0.3550596719730347,0.36137105725339896,0,plain
4,art,89,random,lasso,5.0,0.05367163445351456,0.13158567865970014,0.11138053027445123,0,plain
4,art,89,shuffled,lasso,6.0,0.07021611117115602,0.10161114619319112,0.10115135347415302,0,plain
4,art,89,pca,lasso,7.0,0.3162376984629069,0.3744549576866582,0.37962771775373755,0,plain
4,art,89,emotion,lasso,3.0,0.3510016085624134,0.5213553554552974,0.5131377122434976,0,plain
4,art,89,population,elastic,,0.26158387043915343,0.4784338400578761,0.4916375788197713,0,plain
4,art,89,identity,elastic,33.0,0.2769342447093201,0.36609231501532963,0.37437641069104155,0,plain
4,art,89,random,elastic,7.0,0.07114042405772196,0.14906662448470626,0.12903886956913968,0,plain
4,art,89,shuffled,elastic,7.0,0.06822502418569348,0.09853812689830532,0.0998432659581138,0,plain
4,art,89,pca,elastic,7.0,0.30886322486408513,0.36992099479256435,0.37829954465645355,0,plain
4,art,89,emotion,elastic,3.0,0.3602568501916407,0.5182823361604116,0.5102935601271142,0,plain
4,art,90,population,lasso,,0.22172486602509656,0.4007117720538722,0.37650625532482995,0,plain
4,art,90,identity,lasso,43.0,0.4558577997571254,0.5627005771952721,0.5264752285860469,0,plain
4,art,90,random,lasso,6.0,0.3009139943914811,0.3758479105449338,0.35220780258240464,0,plain
4,art,90,shuffled,lasso,7.0,0.2806745397396123,0.41879911018562493,0.42459638028920327,0,plain
4,art,90,pca,lasso,7.0,0.3818197874444933,0.4424671146280011,0.49661010953636325,0,plain
4,art,90,emotion,lasso,4.0,0.375934926072249,0.4727123329364692,0.46289562589774036,0,plain
4,art,90,population,elastic,,0.21841029884935484,0.4136668902749623,0.3753363907634392,0,plain
4,art,90,identity,elastic,52.0,0.43480318707235177,0.5488983935520338,0.5290060097452125,0,plain
4,art,90,random,elastic,6.0,0.2914418436187695,0.36483606005700725,0.338938999664703,0,plain
4,art,90,shuffled,elastic,7.0,0.2766607574814879,0.4141651640526966,0.42236219161935107,0,plain
4,art,90,pca,elastic,7.0,0.37425212557413085,0.4447591740055786,0.49582573820711096,0,plain
4,art,90,emotion,elastic,5.0,0.3794372128927839,0.4903013972904877,0.47392412881532475,0,plain
4,art,97,population,lasso,,0.3081336015048935,0.37605365836945764,0.3754386472792644,0,plain
4,art,97,identity,lasso,33.0,0.15131393934050988,0.27643013099836766,0.3007813790729366,0,plain
4,art,97,random,lasso,6.0,0.14357074598787034,0.3463175448965717,0.30632231152723216,0,plain
4,art,97,shuffled,lasso,7.0,0.20712680540259037,0.35089620196261667,0.32932773671513726,0,plain
4,art,97,pca,lasso,4.0,0.22278427661679634,0.38958836991633805,0.3716855098698404,0,plain
4,art,97,emotion,lasso,5.0,0.26221162114645413,0.4146955114103652,0.400293080051581,0,plain
4,art,97,population,elastic,,0.3067828907755047,0.3856134918040572,0.37790503962273414,0,plain
4,art,97,identity,elastic,38.0,0.14822719333685322,0.30415364795870636,0.30767967408657926,0,plain
4,art,97,random,elastic,7.0,0.15374549525201966,0.3512484063523125,0.2851828091841436,0,plain
4,art,97,shuffled,elastic,7.0,0.20484641407456908,0.3459653405068759,0.32994877403762873,0,plain
4,art,97,pca,elastic,4.0,0.21653416876130682,0.38797829270630013,0.3716653826457304,0,plain
4,art,97,emotion,elastic,5.0,0.2665122748685483,0.4065948104473625,0.39497053742784693,0,plain
4,art,103,population,lasso,,0.3960230789042073,0.6369834232227993,0.6784672294953801,0,plain
4,art,103,identity,lasso,35.0,0.5774632592018785,0.6374327766331306,0.6732136278349031,0,plain
4,art,103,random,lasso,5.0,0.41780730031456503,0.46762711568464804,0.5235550878748924,0,plain
4,art,103,shuffled,lasso,7.0,0.4779205397703696,0.513960445105463,0.5634887393015989,0,plain
4,art,103,pca,lasso,7.0,0.5286136922716008,0.5025268972203697,0.605874583091553,0,plain
4,art,103,emotion,lasso,4.0,0.6369838441275476,0.6880599275304435,0.7183294883308345,0,plain
4,art,103,population,elastic,,0.38922880705291546,0.6393799747445656,0.6758041961101275,0,plain
4,art,103,identity,elastic,44.0,0.5743904716290396,0.6320405357091564,0.6909462523961291,0,plain
4,art,103,random,elastic,6.0,0.42325445265368616,0.4633832223648535,0.5170459012351403,0,plain
4,art,103,shuffled,elastic,7.0,0.47537387793900493,0.5159076432168981,0.565467641451886,0,plain
4,art,103,pca,elastic,7.0,0.5188961626383796,0.5005796991089345,0.6053451584470304,0,plain
4,art,103,emotion,elastic,7.0,0.6614364440266859,0.6871112925530777,0.7359837895772002,0,plain
4,art,108,population,lasso,,0.14272420478716125,0.2938502661986966,0.2967445319908273,0,plain
4,art,108,identity,lasso,48.0,0.33842362178207713,0.40703004592944364,0.38811752628744056,0,plain
4,art,108,random,lasso,5.0,0.07365492153601935,0.13135608485643951,0.12385475333610603,0,plain
4,art,108,shuffled,lasso,6.0,0.2778883316008784,0.43494011008419553,0.4289055581792899,0,plain
4,art,108,pca,lasso,7.0,0.2973131812383602,0.40166654605628843,0.387692867984512,0,plain
4,art,108,emotion,lasso,4.0,0.33900862918372304,0.39997803683696176,0.4138494332936678,0,plain
4,art,108,population,elastic,,0.13925291154485997,0.29345296991179626,0.2947931655998861,0,plain
4,art,108,identity,elastic,59.0,0.3547786140094479,0.42133271225785746,0.426594390816308,0,plain
4,art,108,random,elastic,6.0,0.08659315655199089,0.14511246879036532,0.1363797997644984,0,plain
4,art,108,shuffled,elastic,5.0,0.273960505909987,0.4316127536814048,0.42795217989207657,0,plain
4,art,108,pca,elastic,7.0,0.28861389659765796,0.40107060162593783,0.3870342474073907,0,plain
4,art,108,emotion,elastic,5.0,0.34773860433844334,0.41060571251154704,0.42328205092515686,0,plain
4,art,114,population,lasso,,0.2515882288187417,0.6159507153028465,0.6303652054329589,0,plain
4,art,114,identity,lasso,43.0,0.5332830470242249,0.711252294558435,0.6938100796398898,0,plain
4,art,114,random,lasso,5.0,0.28315406460661807,0.43770512671589,0.4016327457839384,0,plain
4,art,114,shuffled,lasso,6.0,0.30245198227688924,0.39588711009232785,0.36635482780980827,0,plain
4,art,114,pca,lasso,7.0,0.5366091805383636,0.6524302617191453,0.6333733733979466,0,plain
4,art,114,emotion,lasso,5.0,0.4385720269666821,0.5655318300120268,0.5505585066252269,0,plain
4,art,114,population,elastic,,0.24667163527664077,0.6235629783761663,0.6282551440754147,0,plain
4,art,114,identity,elastic,51.0,0.5211114341025983,0.7089785016923784,0.696205580191658,0,plain
4,art,114,random,elastic,6.0,0.28375758995689737,0.42149199497531276,0.3858822452465882,0,plain
4,art,114,shuffled,elastic,7.0,0.30061854403642213,0.39964381134929094,0.36872508779396507,0,plain
4,art,114,pca,elastic,7.0,0.5249237301632209,0.6537154489912643,0.6319605465022814,0,plain
4,art,114,emotion,elastic,5.0,0.4377889466591553,0.5580184274981007,0.5476691004952617,0,plain
4,art,115,population,lasso,,0.09038605106718514,0.1740287131803168,0.170757849584279,0,plain
4,art,115,identity,lasso,20.0,-0.09872630802081424,0.005765295484457216,-0.11744977592205136,0,plain
4,art,115,random,lasso,4.0,0.12493481504394491,0.14960050241627643,0.17462334539174726,0,plain
4,art,115,shuffled,lasso,5.0,-0.07506057508587802,-0.10532065565420812,-0.11765834770631475,0,plain
4,art,115,pca,lasso,4.0,-0.04410836463852537,-0.005052063053390344,-0.052996000446282394,0,plain
4,art,115,emotion,lasso,4.0,0.18593392924934507,0.2780417760442357,0.2339878762708999,0,plain
4,art,115,population,elastic,,0.0856275587431069,0.17664389876089534,0.16386191326508828,0,plain
4,art,115,identity,elastic,25.0,-0.07322186025768516,-0.009390893675713816,-0.09202110448516036,0,plain
4,art,115,random,elastic,6.0,0.13994465304469506,0.1474013690871536,0.18069502242080737,0,plain
4,art,115,shuffled,elastic,5.0,-0.07441414395692396,-0.10276490610955183,-0.1180359731884415,0,plain
4,art,115,pca,elastic,4.0,-0.04385051168299737,-0.0024963135087340527,-0.0540491085052174,0,plain
4,art,115,emotion,elastic,5.0,0.17966860758813108,0.27423786974521236,0.22146974665110578,0,plain
4,art,124,population,lasso,,0.3801446708564823,0.4817754966855983,0.5202655308204333,0,plain
4,art,124,identity,lasso,24.0,0.36432069990731936,0.5084322376358571,0.4964595952602137,0,plain
4,art,124,random,lasso,6.0,0.2142560886818765,0.3529512843113214,0.37722841099198823,0,plain
4,art,124,shuffled,lasso,6.0,0.17401984992158237,0.25915162442620016,0.29291796078122284,0,plain
4,art,124,pca,lasso,4.0,0.504347110153827,0.55443014777183,0.59335479850887,0,plain
4,art,124,emotion,lasso,5.0,0.5171050959322848,0.5538288679007715,0.5776698663568537,0,plain
4,art,124,population,elastic,,0.37955894770236753,0.49024352153633843,0.5243539540902847,0,plain
4,art,124,identity,elastic,26.0,0.36110892273602835,0.5241657275952204,0.5144605961192884,0,plain
4,art,124,random,elastic,7.0,0.25123462482722303,0.37439693304574,0.3907253864139381,0,plain
4,art,124,shuffled,elastic,6.0,0.1738644002659272,0.2502827463280877,0.2950673352603878,0,plain
4,art,124,pca,elastic,4.0,0.49415595314048166,0.5514738550724592,0.5928366383968985,0,plain
4,art,124,emotion,elastic,5.0,0.520420432599106,0.5435068967809344,0.5744080177147559,0,plain
4,art,134,population,lasso,,0.36388606497850173,0.5240388232062899,0.5832230924398755,0,plain
4,art,134,identity,lasso,28.0,0.33456704338175003,0.3781413709704566,0.37312875614938606,0,plain
4,art,134,random,lasso,6.0,0.2883319600244037,0.4450315600779049,0.4525022531338794,0,plain
4,art,134,shuffled,lasso,7.0,0.20802964508907767,0.28489900868739365,0.2602360611166204,0,plain
4,art,134,pca,lasso,6.0,0.45495908192375434,0.5000017007582527,0.5011758641000289,0,plain
4,art,134,emotion,lasso,4.0,0.5284021104256129,0.5900423971414746,0.5634862709846995,0,plain
4,art,134,population,elastic,,0.3582920322935656,0.5217730288771717,0.5825380754146964,0,plain
4,art,134,identity,elastic,39.0,0.32946430483188194,0.3819833700502659,0.38257393151902774,0,plain
4,art,134,random,elastic,7.0,0.302462288468195,0.4324219220723771,0.4468053296967021,0,plain
4,art,134,shuffled,elastic,7.0,0.20738580103221838,0.28445570110126184,0.2643457135518657,0,plain
4,art,134,pca,elastic,6.0,0.4477602474870328,0.5000017007582527,0.5016751410162785,0,plain
4,art,134,emotion,elastic,6.0,0.532100783880538,0.5896976023522609,0.5629724107787701,0,plain
4,art,135,population,lasso,,0.06532121356310745,0.01244913226370709,0.08515790353530314,0,plain
4,art,135,identity,lasso,26.0,0.36960821320543313,0.4743270596507993,0.4664815695678155,0,plain
4,art,135,random,lasso,4.0,0.11156179506945706,0.2159697641699793,0.21448749561596184,0,plain
4,art,135,shuffled,lasso,6.0,0.19059589447591602,0.2425312730889009,0.26585320534748214,0,plain
4,art,135,pca,lasso,6.0,0.2405018045249765,0.38642711362689175,0.34547876897795354,0,plain
4,art,135,emotion,lasso,5.0,0.18508514422983677,0.3786653064665238,0.38914016447146355,0,plain
4,art,135,population,elastic,,0.06184313404590869,0.010785887872199668,0.08128748962959728,0,plain
4,art,135,identity,elastic,30.0,0.3487205312246019,0.47276461794968627,0.46696397244111476,0,plain
4,art,135,random,elastic,6.0,0.14031127961094592,0.21657458031234567,0.23652066474726705,0,plain
4,art,135,shuffled,elastic,6.0,0.18879238372533758,0.24132164080416824,0.26588029534289,0,plain
4,art,135,pca,elastic,6.0,0.2348773324171208,0.38360463829584884,0.3453051991744318,0,plain
4,art,135,emotion,elastic,6.0,0.2236979346195644,0.42488334001235134,0.42348810528906455,0,plain
4,art,142,population,lasso,,0.3141985091594635,0.5687779436135922,0.585736233818141,0,plain
4,art,142,identity,lasso,24.0,0.4438012445903541,0.5655210957661135,0.570187060996775,0,plain
4,art,142,random,lasso,7.0,0.2895061639828217,0.39158506541170196,0.40909604264511473,0,plain
4,art,142,shuffled,lasso,7.0,0.326681343172622,0.4258837443054625,0.3901648087687644,0,plain
4,art,142,pca,lasso,5.0,0.5948455647168488,0.6565601707526678,0.6709123268468244,0,plain
4,art,142,emotion,lasso,5.0,0.5747092100370208,0.5717294619753699,0.6220194437060148,0,plain
4,art,142,population,elastic,,0.31464235436883364,0.5772762809656071,0.590056560497695,0,plain
4,art,142,identity,elastic,28.0,0.4428393172571866,0.5744265390990632,0.5800947956447972,0,plain
4,art,142,random,elastic,7.0,0.3261830592878157,0.4019153796779236,0.4199353387623089,0,plain
4,art,142,shuffled,elastic,7.0,0.3248472678939705,0.42237245521989947,0.39127220463965523,0,plain
4,art,142,pca,elastic,5.0,0.5850724824808299,0.6582903711716409,0.6711140932513968,0,plain
4,art,142,emotion,elastic,5.0,0.5912570479774287,0.6027712930216516,0.6357877626189383,0,plain
4,art,143,population,lasso,,0.4018950080340707,0.7231840147503007,0.7155510746031313,0,plain
4,art,143,identity,lasso,42.0,0.6575637350571573,0.766373018937764,0.757994332805052,0,plain
4,art,143,random,lasso,6.0,0.3986587265645586,0.540521367661403,0.5348052758719344,0,plain
4,art,143,shuffled,lasso,7.0,0.1936721385010568,0.2921235921651461,0.2908547081372288,0,plain
4,art,143,pca,lasso,6.0,0.651248192770358,0.7554415647705415,0.7323942016917943,0,plain
4,art,143,emotion,lasso,4.0,0.7138138672340851,0.8120996821283322,0.8039755542703174,0,plain
4,art,143,population,elastic,,0.3953190127389756,0.7165958615691622,0.7120587064649837,0,plain
4,art,143,identity,elastic,56.0,0.636555467214675,0.7686178711328184,0.7583563137174627,0,plain
4,art,143,random,elastic,6.0,0.40242354910995554,0.5181216468455323,0.5257039258344457,0,plain
4,art,143,shuffled,elastic,6.0,0.19375458212813607,0.293050813723973,0.29630500192751863,0,plain
4,art,143,pca,elastic,6.0,0.6411686029352169,0.7554903659052166,0.7325075093508279,0,plain
4,art,143,emotion,elastic,5.0,0.714905098297788,0.810586846953404,0.8034567139379983,0,plain
4,fashion,1,population,lasso,,0.20861691593362547,0.2681638263890559,0.24594963035616907,0,plain
4,fashion,1,identity,lasso,10.0,0.24328807154335763,0.5122773344627718,0.49339101554757486,0,plain
4,fashion,1,random,lasso,6.0,0.033791257946435255,0.07803856173915151,0.11873041076974827,0,plain
4,fashion,1,shuffled,lasso,7.0,0.1926250331588847,0.3130984857819196,0.2790222349546747,0,plain
4,fashion,1,pca,lasso,6.0,0.3266947444352584,0.5413265642062425,0.4905527733135232,0,plain
4,fashion,1,emotion,lasso,5.0,0.2078784345857549,0.2732182812774992,0.3093340243085936,0,plain
4,fashion,1,population,elastic,,0.20873506669717048,0.27005230403968306,0.24719934756385972,0,plain
4,fashion,1,identity,elastic,12.0,0.2283499292492669,0.5292736333184163,0.49713021170029115,0,plain
4,fashion,1,random,elastic,4.0,0.015864143986861992,0.16685255477894032,0.15214670328580937,0,plain
4,fashion,1,shuffled,elastic,6.0,0.18156403177750685,0.30354501060815875,0.27630052537038363,0,plain
4,fashion,1,pca,elastic,6.0,0.31757081588707664,0.5413265642062425,0.49020340749323443,0,plain
4,fashion,1,emotion,elastic,5.0,0.2261989461119888,0.2658310010559282,0.31018632475808694,0,plain
4,fashion,2,population,lasso,,0.26233293536726815,0.5522899912236953,0.5529629803063374,0,plain
4,fashion,2,identity,lasso,26.0,0.183525753873654,0.1803701453354812,0.24911988847512537,0,plain
4,fashion,2,random,lasso,6.0,-0.06369816454564585,-0.12881442864163722,-0.10497323832523445,0,plain
4,fashion,2,shuffled,lasso,7.0,-0.0009886330524820526,-0.017218511383713615,-0.0016817095566708825,0,plain
4,fashion,2,pca,lasso,7.0,0.18957116689841966,0.28542801914045846,0.28515050576035056,0,plain
4,fashion,2,emotion,lasso,3.0,0.4302078930749486,0.5337738528951221,0.5472606849382075,0,plain
4,fashion,2,population,elastic,,0.2599539218846582,0.5482473842031712,0.5529299409143777,0,plain
4,fashion,2,identity,elastic,29.0,0.18845601711949103,0.2201973107969405,0.2743848086421921,0,plain
4,fashion,2,random,elastic,6.0,-0.03898079112024842,-0.12402319069138647,-0.08676097417434274,0,plain
4,fashion,2,shuffled,elastic,7.0,0.0040801878739541485,0.005290325236735198,0.007676013820153822,0,plain
4,fashion,2,pca,elastic,7.0,0.18605386941187624,0.28542801914045846,0.28654472125124825,0,plain
4,fashion,2,emotion,elastic,5.0,0.4411390598198887,0.5204981310746356,0.5424381932680373,0,plain
4,fashion,12,population,lasso,,0.1344499131197899,0.148466166676643,0.18639459910487954,0,plain
4,fashion,12,identity,lasso,39.0,0.19862453802931354,0.23408283402910357,0.2741260425451271,0,plain
4,fashion,12,random,lasso,3.0,0.03239310904547161,0.13842034308988613,0.18810730274204115,0,plain
4,fashion,12,shuffled,lasso,7.0,0.046927199949718064,0.015245420719600878,0.07668669869043089,0,plain
4,fashion,12,pca,lasso,5.0,0.1995042796000652,0.19935154444272804,0.2910209665803766,0,plain
4,fashion,12,emotion,lasso,5.0,0.23772109686795923,0.29486259080526067,0.3305840393765059,0,plain
4,fashion,12,population,elastic,,0.13365244986353925,0.1525046887215704,0.1863434245062938,0,plain
4,fashion,12,identity,elastic,46.0,0.19817816861680695,0.25311436916582386,0.2945990243883644,0,plain
4,fashion,12,random,elastic,1.0,0.009400823252093618,0.11131176386331104,0.12919671854448092,0,plain
4,fashion,12,shuffled,elastic,7.0,0.05392555663833775,0.03634669840434647,0.09108143008532622,0,plain
4,fashion,12,pca,elastic,5.0,0.19465887465925993,0.19480820714218475,0.292287351942695,0,plain
4,fashion,12,emotion,elastic,6.0,0.2511953922846268,0.30869452880913695,0.337412937529063,0,plain
4,fashion,13,population,lasso,,0.29628245385961244,0.40068897376116436,0.4034489713818456,0,plain
4,fashion,13,identity,lasso,33.0,0.3675801524685024,0.5040909831727854,0.510624865040415,0,plain
4,fashion,13,random,lasso,6.0,-0.007547584267724014,-0.11929097304069254,-0.022732342087679668,0,plain
4,fashion,13,shuffled,lasso,7.0,-0.028299898650014078,-0.056279600144094374,-0.06353965072890613,0,plain
4,fashion,13,pca,lasso,7.0,0.2319678459294391,0.3339157278558141,0.36777886509824465,0,plain
4,fashion,13,emotion,lasso,4.0,0.33597759769050384,0.47087760437182913,0.4454080916044651,0,plain
4,fashion,13,population,elastic,,0.29387412069265023,0.3873244249142818,0.40250521099280173,0,plain
4,fashion,13,identity,elastic,35.0,0.35413120512733376,0.5158715854896672,0.525914126725854,0,plain
4,fashion,13,random,elastic,3.0,-0.0016607860424739881,-0.09374983524442808,-0.006303421401757295,0,plain
4,fashion,13,shuffled,elastic,7.0,-0.031878976361334035,-0.0969672266334924,-0.0801643085278547,0,plain
4,fashion,13,pca,elastic,7.0,0.22402785031465688,0.33252977464206324,0.36764110139674283,0,plain
4,fashion,13,emotion,elastic,6.0,0.3447270583882074,0.4764709155558948,0.44882216207322523,0,plain
4,fashion,26,population,lasso,,0.31947870689026125,0.41531539401033407,0.43500613518972187,0,plain
4,fashion,26,identity,lasso,30.0,0.162367225614932,0.24174471302598596,0.22097155547295944,0,plain
4,fashion,26,random,lasso,5.0,-0.000365830714925004,-0.04308922499961089,-0.0010183248914471068,0,plain
4,fashion,26,shuffled,lasso,7.0,-0.032344865086459014,-0.06610048952405098,-0.03899606747032331,0,plain
4,fashion,26,pca,lasso,5.0,0.09021224035828398,0.15506052094930398,0.20358323154480237,0,plain
4,fashion,26,emotion,lasso,4.0,0.27170139912190916,0.4345335929538225,0.44237248420251774,0,plain
4,fashion,26,population,elastic,,0.3181747933302985,0.42022109216169823,0.4358170912205961,0,plain
4,fashion,26,identity,elastic,32.0,0.14728365394416806,0.25808018212795114,0.22072931279784191,0,plain
4,fashion,26,random,elastic,3.0,-0.003361936167390645,-0.032468641372946236,-0.013144997932751782,0,plain
4,fashion,26,shuffled,elastic,6.0,-0.011833551342638268,-0.029231892077200814,-0.01555391032244139,0,plain
4,fashion,26,pca,elastic,5.0,0.0869796107528296,0.15506052094930398,0.202872879778873,0,plain
4,fashion,26,emotion,elastic,5.0,0.2755587850612997,0.4044419393449393,0.4320942467707878,0,plain
4,fashion,29,population,lasso,,0.13781530340034825,0.29414378849452477,0.217437720954366,0,plain
4,fashion,29,identity,lasso,17.0,0.029997531848645075,-0.022618371604128485,0.05306006441965861,0,plain
4,fashion,29,random,lasso,6.0,0.10297943824500815,0.161687245736241,0.1858555849398464,0,plain
4,fashion,29,shuffled,lasso,7.0,0.11057876390021834,0.24145505278560364,0.19770735448834895,0,plain
4,fashion,29,pca,lasso,3.0,0.2627609367661767,0.37343928616004246,0.38741162366114357,0,plain
4,fashion,29,emotion,lasso,4.0,0.10100260218191545,0.24030051873620498,0.17825865889908052,0,plain
4,fashion,29,population,elastic,,0.13604880520061502,0.2806567316447312,0.2153621652146688,0,plain
4,fashion,29,identity,elastic,20.0,0.034453949887359656,-0.006454894912547109,0.0663835353181812,0,plain
4,fashion,29,random,elastic,4.0,0.05684078624036741,0.11991410467618002,0.16272682294519145,0,plain
4,fashion,29,shuffled,elastic,6.0,0.11008328320853276,0.24507609139508127,0.20681298275405918,0,plain
4,fashion,29,pca,elastic,3.0,0.25608913769665015,0.37569587543841254,0.3887016254306943,0,plain
4,fashion,29,emotion,elastic,5.0,0.11448404725069895,0.25562433430095094,0.18696685555220535,0,plain
4,fashion,34,population,lasso,,0.20962665786210888,0.36943493518352133,0.38848445777213453,0,plain
4,fashion,34,identity,lasso,32.0,0.3171604774486254,0.31341847107657295,0.369479787982863,0,plain
4,fashion,34,random,lasso,4.0,0.004686409698577534,0.046484866811263396,0.016189304886876227,0,plain
4,fashion,34,shuffled,lasso,7.0,0.15181078263709497,0.20984178046346347,0.21204376769827973,0,plain
4,fashion,34,pca,lasso,6.0,0.29406264681407396,0.40976092374218825,0.41002119962105943,0,plain
4,fashion,34,emotion,lasso,4.0,0.3487297956980472,0.5299568096400818,0.5217287059960012,0,plain
4,fashion,34,population,elastic,,0.20828153034240238,0.3734919740324538,0.38842260523444744,0,plain
4,fashion,34,identity,elastic,38.0,0.30634847841625623,0.31855086962040335,0.36669198867843855,0,plain
4,fashion,34,random,elastic,4.0,0.008330769670083662,0.09037909435754576,0.047138479064842864,0,plain
4,fashion,34,shuffled,elastic,7.0,0.1404289923307484,0.18559730734213156,0.2006766758263336,0,plain
4,fashion,34,pca,elastic,6.0,0.2873207420841772,0.4087344440334222,0.41126045552897333,0,plain
4,fashion,34,emotion,elastic,4.0,0.35850777720897725,0.5271217704444422,0.524074356634297,0,plain
4,fashion,38,population,lasso,,0.2162367229968201,0.3943390254621606,0.3965134107317931,0,plain
4,fashion,38,identity,lasso,30.0,0.01561187921341406,0.01961346315095475,0.020930380507388262,0,plain
4,fashion,38,random,lasso,4.0,0.17023957306059564,0.3251005437358003,0.3049527130428888,0,plain
4,fashion,38,shuffled,lasso,7.0,0.03724723894083954,0.0759898496954076,0.08384697274898435,0,plain
4,fashion,38,pca,lasso,5.0,0.05958210347476248,0.1334996775777297,0.10246547384089102,0,plain
4,fashion,38,emotion,lasso,4.0,0.16157433897604345,0.33643495711449267,0.29752748648586513,0,plain
4,fashion,38,population,elastic,,0.21521472134783776,0.38773549766761806,0.3967482574459336,0,plain
4,fashion,38,identity,elastic,38.0,0.027403816352419442,0.06194503311746261,0.03959512751413345,0,plain
4,fashion,38,random,elastic,3.0,0.12250784521444845,0.32662822553901527,0.31599078302931366,0,plain
4,fashion,38,shuffled,elastic,7.0,0.039381916323211134,0.0986586764527925,0.09663592403300082,0,plain
4,fashion,38,pca,elastic,5.0,0.0584287517830946,0.13566800013713173,0.1034852215853446,0,plain
4,fashion,38,emotion,elastic,4.0,0.16741993284200468,0.33076775042514645,0.29829353129355207,0,plain
4,fashion,43,population,lasso,,0.2997126867208927,0.4482082954433005,0.4626330250718145,0,plain
4,fashion,43,identity,lasso,36.0,0.23941233460584813,0.3792873280537253,0.34960756417043853,0,plain
4,fashion,43,random,lasso,4.0,0.01805015728888378,0.07222641106538161,0.10033781411313931,0,plain
4,fashion,43,shuffled,lasso,7.0,0.1281856982281237,0.18327945157642944,0.20873044246403552,0,plain
4,fashion,43,pca,lasso,7.0,0.37714950184932494,0.39793595058290165,0.4901593112433532,0,plain
4,fashion,43,emotion,lasso,5.0,0.4454633527520354,0.6153058735023493,0.5991760972058143,0,plain
4,fashion,43,population,elastic,,0.2973369178930757,0.4483563003840082,0.46240687824713295,0,plain
4,fashion,43,identity,elastic,44.0,0.23808094266867585,0.41490718378405694,0.35912284986161513,0,plain
4,fashion,43,random,elastic,2.0,0.0052207451183596204,0.08717491007686429,0.08928801105022803,0,plain
4,fashion,43,shuffled,elastic,7.0,0.12822154460410332,0.2058255375442432,0.22069173319786453,0,plain
4,fashion,43,pca,elastic,7.0,0.3688025726456748,0.39793595058290165,0.4908126230679084,0,plain
4,fashion,43,emotion,elastic,5.0,0.4600528768957778,0.6179206274548529,0.6084333196714721,0,plain
4,fashion,48,population,lasso,,0.3094520232889703,0.5195500123283288,0.466512824328899,0,plain
4,fashion,48,identity,lasso,35.0,0.34092249905205185,0.30852898836369475,0.3830369300643509,0,plain
4,fashion,48,random,lasso,4.0,0.022707091017399348,0.05584547051946207,0.04040066033559702,0,plain
4,fashion,48,shuffled,lasso,7.0,-0.03472916836653676,-0.018812142626485458,-0.10691265538497498,0,plain
4,fashion,48,pca,lasso,7.0,0.10974261873018565,0.11917640093218537,0.18201223873964903,0,plain
4,fashion,48,emotion,lasso,6.0,0.15739482407279246,0.22934070212445756,0.23118719521406342,0,plain
4,fashion,48,population,elastic,,0.3087727179424599,0.5264937613082619,0.46778008670467736,0,plain
4,fashion,48,identity,elastic,38.0,0.3456547194040503,0.3339894012901162,0.4002374426622588,0,plain
4,fashion,48,random,elastic,4.0,0.028649036866434198,0.11356230601223943,0.06179951333779996,0,plain
4,fashion,48,shuffled,elastic,6.0,-0.03443066648289659,-0.012163872326549498,-0.11760480450473673,0,plain
4,fashion,48,pca,elastic,7.0,0.10618092904663998,0.12178646260549356,0.18099129821744034,0,plain
4,fashion,48,emotion,elastic,7.0,0.14530876613341687,0.213581839191276,0.2119818030319497,0,plain
4,fashion,49,population,lasso,,0.0916227426141142,0.17557435369509453,0.15379572511254105,0,plain
4,fashion,49,identity,lasso,24.0,0.08569154275623932,0.14513081880197123,0.13087453723179013,0,plain
4,fashion,49,random,lasso,6.0,0.009852789290902768,-0.06787411058138959,0.02103618752384481,0,plain
4,fashion,49,shuffled,lasso,7.0,0.10762268007645776,0.10066329488431087,0.16455831858846676,0,plain
4,fashion,49,pca,lasso,7.0,0.025783399046532762,0.06777429571288754,0.04482206555110283,0,plain
4,fashion,49,emotion,lasso,4.0,0.08014763430897481,0.19304195568295218,0.16169749756843058,0,plain
4,fashion,49,population,elastic,,0.09498380958292985,0.18206232014772736,0.16051372577252304,0,plain
4,fashion,49,identity,elastic,31.0,0.08081793797435392,0.15645980637695323,0.1338250099680531,0,plain
4,fashion,49,random,elastic,6.0,0.0013433827326156768,-0.09357643922066579,0.0037423276421863815,0,plain
4,fashion,49,shuffled,elastic,7.0,0.11623935564394482,0.14333415116893447,0.18888101952162428,0,plain
4,fashion,49,pca,elastic,7.0,0.024948615720677858,0.06672623959361608,0.044721936571586504,0,plain
4,fashion,49,emotion,elastic,7.0,0.09406495462813057,0.1802656525146906,0.19303746014702286,0,plain
4,fashion,56,population,lasso,,0.028622385686060674,0.003724077655435845,0.10769442573730224,0,plain
4,fashion,56,identity,lasso,38.0,-0.32204234905065926,-0.36682164906043074,-0.37500754362311994,0,plain
4,fashion,56,random,lasso,6.0,-0.12372936522359256,-0.23944655550185157,-0.23115853718372037,0,plain
4,fashion,56,shuffled,lasso,7.0,-0.2839531209233577,-0.28809231987598233,-0.3175910532347876,0,plain
4,fashion,56,pca,lasso,7.0,-0.10306114589908472,-0.1926046412420726,-0.14272898736323236,0,plain
4,fashion,56,emotion,lasso,5.0,-0.0541839259826719,-0.041488552630089964,-0.07608245128928301,0,plain
4,fashion,56,population,elastic,,0.028023126338228323,0.005702493909886137,0.10642609039768969,0,plain
4,fashion,56,identity,elastic,44.0,-0.3225964839491032,-0.3840455082168215,-0.39723196269326344,0,plain
4,fashion,56,random,elastic,5.0,-0.08329800444738661,-0.21099227466578713,-0.21554983800349745,0,plain
4,fashion,56,shuffled,elastic,7.0,-0.27622601447754397,-0.2930383605121081,-0.3183564912149036,0,plain
4,fashion,56,pca,elastic,7.0,-0.10018121473402723,-0.1926046412420726,-0.14186532519000372,0,plain
4,fashion,56,emotion,elastic,6.0,-0.05384425483281007,-0.040266589649400074,-0.07318946259564316,0,plain
4,fashion,61,population,lasso,,0.22955655425865676,0.34678612990215263,0.30989837426617445,0,plain
4,fashion,61,identity,lasso,35.0,0.1524543388399622,0.21747944019549142,0.2005622636187243,0,plain
4,fashion,61,random,lasso,7.0,-0.025064290205780052,-0.03547927360759397,-0.06183593264125008,0,plain
4,fashion,61,shuffled,lasso,7.0,0.03404158983310287,0.04253509529824383,0.045184243816668426,0,plain
4,fashion,61,pca,lasso,6.0,0.18914563085256098,0.2397478136163367,0.23288959505742526,0,plain
4,fashion,61,emotion,lasso,6.0,0.22275742858352898,0.3116571453146618,0.2598157025109367,0,plain
4,fashion,61,population,elastic,,0.22652164783386253,0.3414817533120187,0.307291034773403,0,plain
4,fashion,61,identity,elastic,41.0,0.14700208033175058,0.21747944019549142,0.2017401799160466,0,plain
4,fashion,61,random,elastic,5.0,-0.016218247696064798,-0.05924888568602435,-0.06162904980885988,0,plain
4,fashion,61,shuffled,elastic,7.0,0.030888050712294064,0.045887861633517164,0.04280595184418372,0,plain
4,fashion,61,pca,elastic,6.0,0.1863307486503991,0.24224987804564513,0.23551186140036232,0,plain
4,fashion,61,emotion,elastic,7.0,0.2435122240634498,0.33462609677571353,0.27685589978411856,0,plain
4,fashion,72,population,lasso,,0.09988244275565358,0.17949379397061183,0.21565695315375366,0,plain
4,fashion,72,identity,lasso,45.0,0.13524774187841251,0.1935496517794974,0.174253348870745,0,plain
4,fashion,72,random,lasso,6.0,0.057123616189954235,0.0865880021118804,0.11792717600551848,0,plain
4,fashion,72,shuffled,lasso,7.0,0.07678850288229222,0.10245593915048293,0.11840352592106583,0,plain
4,fashion,72,pca,lasso,7.0,0.14726749041998222,0.1976145862677814,0.24374071710600745,0,plain
4,fashion,72,emotion,lasso,6.0,0.13915890590281027,0.17782864008384489,0.2168839834341964,0,plain
4,fashion,72,population,elastic,,0.09882996102822325,0.16631948821942644,0.21445026658093178,0,plain
4,fashion,72,identity,elastic,56.0,0.12317936992486492,0.16107915098754227,0.171375088510617,0,plain
4,fashion,72,random,elastic,5.0,0.05008623870376541,0.08702877814073048,0.11822231152742069,0,plain
4,fashion,72,shuffled,elastic,6.0,0.0765121539475966,0.11264276292835122,0.12040798992688258,0,plain
4,fashion,72,pca,elastic,7.0,0.1441103807150804,0.20109181938426524,0.24396910128946378,0,plain
4,fashion,72,emotion,elastic,7.0,0.1472184598491022,0.1885052150048799,0.22868944654911466,0,plain
4,fashion,77,population,lasso,,0.33654378851055045,0.4709288633731353,0.4877404281153148,0,plain
4,fashion,77,identity,lasso,25.0,0.13983089936609647,0.25478661239017547,0.24366866343874904,0,plain
4,fashion,77,random,lasso,6.0,0.04816123328243113,0.1146515110117137,0.11091904731595877,0,plain
4,fashion,77,shuffled,lasso,7.0,0.05864460881842582,0.12593921351458665,0.11407206547118753,0,plain
4,fashion,77,pca,lasso,4.0,0.10553388514926204,0.266715101498015,0.23504221753397675,0,plain
4,fashion,77,emotion,lasso,5.0,0.28125367721793915,0.4172506623878575,0.4119806025817376,0,plain
4,fashion,77,population,elastic,,0.3319514803035178,0.4649153275419104,0.4830030598375743,0,plain
4,fashion,77,identity,elastic,26.0,0.1255257844002914,0.24271024945042058,0.23859265676505323,0,plain
4,fashion,77,random,elastic,4.0,0.027687105544570774,0.08980870724993223,0.0865602608536921,0,plain
4,fashion,77,shuffled,elastic,7.0,0.06493148448115947,0.12791086460679152,0.13548571073693746,0,plain
4,fashion,77,pca,elastic,4.0,0.10226046888801794,0.27085556879164524,0.23534930946056432,0,plain
4,fashion,77,emotion,elastic,5.0,0.29135800572879417,0.4261230923027794,0.4173964406245045,0,plain
4,fashion,78,population,lasso,,0.18105073102187527,0.3247839818556314,0.3338617461040518,0,plain
4,fashion,78,identity,lasso,39.0,0.40433271756978717,0.5113737029401523,0.5381588888819356,0,plain
4,fashion,78,random,lasso,4.0,0.017087720146056532,0.07101996343206333,0.06963980848647586,0,plain
4,fashion,78,shuffled,lasso,7.0,0.11652541335017265,0.21315977772717742,0.20999441882789105,0,plain
4,fashion,78,pca,lasso,7.0,0.2441620288103507,0.4008982042680537,0.4195933589320373,0,plain
4,fashion,78,emotion,lasso,3.0,0.3634660701712696,0.4844040965735459,0.48154758684405485,0,plain
4,fashion,78,population,elastic,,0.17752405491159615,0.32043887860767817,0.32982554157711275,0,plain
4,fashion,78,identity,elastic,46.0,0.37674830157811484,0.4933939653624147,0.5348202194592581,0,plain
4,fashion,78,random,elastic,4.0,0.010380797998648177,0.11776728113418097,0.0709701666572556,0,plain
4,fashion,78,shuffled,elastic,7.0,0.11774490358979868,0.2208511099132096,0.2213923770665847,0,plain
4,fashion,78,pca,elastic,7.0,0.2384765958429186,0.3973522004679999,0.4201634904938727,0,plain
4,fashion,78,emotion,elastic,7.0,0.3701903519671259,0.4758137775086269,0.4854797994519976,0,plain
4,fashion,89,population,lasso,,0.12588976257213996,0.27423961134834535,0.2967207549572136,0,plain
4,fashion,89,identity,lasso,32.0,0.23682583960799236,0.3191008585989007,0.27219485663023807,0,plain
4,fashion,89,random,lasso,6.0,-0.005043306838067104,-0.08538902605100213,-0.011561870442467502,0,plain
4,fashion,89,shuffled,lasso,7.0,0.17693665057548313,0.2570534694268922,0.2381578045798269,0,plain
4,fashion,89,pca,lasso,5.0,0.31353477741548025,0.4453131272083115,0.4668632960824422,0,plain
4,fashion,89,emotion,lasso,5.0,0.09859762701341997,0.18574821583874276,0.15106204292203304,0,plain
4,fashion,89,population,elastic,,0.12377616397419797,0.27310700027615786,0.2928837372230723,0,plain
4,fashion,89,identity,elastic,39.0,0.23753615647534937,0.3288511626116449,0.28802313013321057,0,plain
4,fashion,89,random,elastic,4.0,-0.0015472577469309626,-0.05387289186839465,-0.004694848454641821,0,plain
4,fashion,89,shuffled,elastic,7.0,0.16169123817913783,0.25690573754791124,0.2256321792180153,0,plain
4,fashion,89,pca,elastic,5.0,0.3079760490285253,0.4467904459981213,0.46882696508428,0,plain
4,fashion,89,emotion,elastic,6.0,0.09360617006927283,0.177573718535129,0.13346223082119765,0,plain
4,fashion,90,population,lasso,,0.16682148005398445,0.3456782193160456,0.3007972339308989,0,plain
4,fashion,90,identity,lasso,40.0,0.2379590747866163,0.306287888478987,0.34307412422610123,0,plain
4,fashion,90,random,lasso,6.0,0.03652816759326375,0.1340345086475376,0.10413898553482363,0,plain
4,fashion,90,shuffled,lasso,7.0,0.08732619955279916,0.17776900236501528,0.1707863042985444,0,plain
4,fashion,90,pca,lasso,6.0,0.19464533179716167,0.30174848232304347,0.3145239618584735,0,plain
4,fashion,90,emotion,lasso,5.0,0.28117149568082184,0.32425026982723676,0.349295541257372,0,plain
4,fashion,90,population,elastic,,0.1688618061781124,0.3461663275048567,0.30588057612273245,0,plain
4,fashion,90,identity,elastic,49.0,0.22517679976151248,0.2969162112538133,0.3556509830543896,0,plain
4,fashion,90,random,elastic,4.0,0.038026365529518255,0.15180164672026292,0.1377553785633861,0,plain
4,fashion,90,shuffled,elastic,7.0,0.08372602736961848,0.16903186578529594,0.17248754991009546,0,plain
4,fashion,90,pca,elastic,6.0,0.18880116076467074,0.30174848232304347,0.31449156454607796,0,plain
4,fashion,90,emotion,elastic,6.0,0.2844277741693061,0.32503124292933466,0.34866658084280466,0,plain
4,fashion,97,population,lasso,,0.4330346413757044,0.5564641576509319,0.561130800618952,0,plain
4,fashion,97,identity,lasso,22.0,0.14328931048891172,0.24931756476864061,0.2587964581533004,0,plain
4,fashion,97,random,lasso,5.0,0.03810720403756855,0.08557064301120453,0.09454420242197546,0,plain
4,fashion,97,shuffled,lasso,7.0,0.21545882445080217,0.3444753835164997,0.3266087621075296,0,plain
4,fashion,97,pca,lasso,6.0,0.05549171748736759,0.22325880518656344,0.1474882690795616,0,plain
4,fashion,97,emotion,lasso,2.0,0.2838768457806461,0.5024088050931985,0.5231410083564916,0,plain
4,fashion,97,population,elastic,,0.4320063352464484,0.5512626048576406,0.5618945836809085,0,plain
4,fashion,97,identity,elastic,22.0,0.12728079551705962,0.23488580554803817,0.2580951111280704,0,plain
4,fashion,97,random,elastic,4.0,0.02158588152320086,0.10785572703736447,0.12862779485664985,0,plain
4,fashion,97,shuffled,elastic,7.0,0.1942964583350403,0.3444243879008792,0.3239710881608095,0,plain
4,fashion,97,pca,elastic,7.0,0.054052226367236236,0.23024520452657238,0.15028186275819322,0,plain
4,fashion,97,emotion,elastic,4.0,0.2731804771736332,0.4770639841298084,0.490875083465654,0,plain
4,fashion,103,population,lasso,,0.08435082202385578,0.1331286107777117,0.10763769423247457,0,plain
4,fashion,103,identity,lasso,15.0,0.15094973160214611,0.28679991355557966,0.27480756240939347,0,plain
4,fashion,103,random,lasso,5.0,-0.04020407940435537,-0.11532826843777047,-0.15535224745475307,0,plain
4,fashion,103,shuffled,lasso,7.0,-0.024906878681541178,-0.011767173087468151,-0.03935806690526781,0,plain
4,fashion,103,pca,lasso,6.0,0.07604736950605749,0.16643569392359614,0.12649425703403702,0,plain
4,fashion,103,emotion,lasso,3.0,0.14871482924822646,0.2975698685847878,0.29715586393687254,0,plain
4,fashion,103,population,elastic,,0.08737629787728653,0.14379884400109386,0.11209857282218853,0,plain
4,fashion,103,identity,elastic,16.0,0.1422857945960754,0.2892929587012297,0.28557598641338544,0,plain
4,fashion,103,random,elastic,3.0,-0.01647773170246763,-0.059882944398513764,-0.09380881547228266,0,plain
4,fashion,103,shuffled,elastic,6.0,-0.03356749727235916,-0.02667558305845534,-0.05787306720584855,0,plain
4,fashion,103,pca,elastic,6.0,0.07302460599501981,0.16758249469059514,0.12566209622497077,0,plain
4,fashion,103,emotion,elastic,5.0,0.19252318826228584,0.33052792541028125,0.35336445587369775,0,plain
4,fashion,108,population,lasso,,0.2743239786839429,0.4707450870046026,0.483450279228531,0,plain
4,fashion,108,identity,lasso,41.0,-0.0665471782682819,-0.11762488089473379,-0.08690023708481596,0,plain
4,fashion,108,random,lasso,7.0,0.061302549667444785,0.0830004378756159,0.11668474986224295,0,plain
4,fashion,108,shuffled,lasso,7.0,0.04140595505422255,0.15829018418527221,0.10254754980472948,0,plain
4,fashion,108,pca,lasso,6.0,0.007210008633272861,0.030106075986835828,0.01884468578589603,0,plain
4,fashion,108,emotion,lasso,3.0,0.12150777639745841,0.2588729633386813,0.28171652000542535,0,plain
4,fashion,108,population,elastic,,0.2715254326458841,0.4721202421883406,0.4823733212034537,0,plain
4,fashion,108,identity,elastic,48.0,-0.07511824944184307,-0.1558345499285972,-0.10625249264585888,0,plain
4,fashion,108,random,elastic,6.0,0.04326605212603312,0.08506317065122292,0.10924197082020058,0,plain
4,fashion,108,shuffled,elastic,6.0,0.03801582021781583,0.1649203966782948,0.10295001444137478,0,plain
4,fashion,108,pca,elastic,6.0,0.006871469525503315,0.030106075986835828,0.01852279404129205,0,plain
4,fashion,108,emotion,elastic,4.0,0.1259272856376295,0.2561226529712053,0.27848728921506866,0,plain
4,fashion,114,population,lasso,,0.2973466206474185,0.41852149102246644,0.42008866136926337,0,plain
4,fashion,114,identity,lasso,36.0,0.3000921449348309,0.379554816507501,0.3818340430901849,0,plain
4,fashion,114,random,lasso,5.0,0.06868602688853459,0.11996424434554898,0.1276453882982366,0,plain
4,fashion,114,shuffled,lasso,7.0,0.1530741189240751,0.18405752942586565,0.19351562453120918,0,plain
4,fashion,114,pca,lasso,7.0,0.25120842604468235,0.20560921572378887,0.315675246686385,0,plain
4,fashion,114,emotion,lasso,5.0,0.34075929090613877,0.3659701042912746,0.4535246337828222,0,plain
4,fashion,114,population,elastic,,0.2950994261088712,0.42168785251647417,0.42008017097053063,0,plain
4,fashion,114,identity,elastic,41.0,0.31837076766317474,0.4252117064372246,0.41815942463063366,0,plain
4,fashion,114,random,elastic,4.0,0.0569109745016924,0.10147677884827831,0.1325575344312228,0,plain
4,fashion,114,shuffled,elastic,6.0,0.14184820911009136,0.16965569166279848,0.1875452302245825,0,plain
4,fashion,114,pca,elastic,7.0,0.24644530708037668,0.20014468862929174,0.3156227222505769,0,plain
4,fashion,114,emotion,elastic,6.0,0.3439042408126647,0.3610673510102304,0.4451247802819232,0,plain
4,fashion,115,population,lasso,,0.21673572916765954,0.4191585525875278,0.43978120762969897,0,plain
4,fashion,115,identity,lasso,15.0,0.1126351783391981,0.060501412240662786,0.2523784338932891,0,plain
4,fashion,115,random,lasso,5.0,-0.009761430841243913,-0.051619924138338893,-0.022170212356928076,0,plain
4,fashion,115,shuffled,lasso,7.0,0.07938878925528509,-0.03087658279868308,0.13100102831218458,0,plain
4,fashion,115,pca,lasso,5.0,0.18542212726864613,0.059070836975858944,0.25815368129283717,0,plain
4,fashion,115,emotion,lasso,4.0,0.2669824410181079,0.2814060760474572,0.35138163793975846,0,plain
4,fashion,115,population,elastic,,0.21572633338372293,0.4166550458741211,0.44049836414156734,0,plain
4,fashion,115,identity,elastic,14.0,0.10860660735236868,0.08190043391002037,0.2601358194049658,0,plain
4,fashion,115,random,elastic,2.0,-0.015946070892707616,-0.0588324077650583,-0.06196874342779684,0,plain
4,fashion,115,shuffled,elastic,4.0,0.08737889392065988,0.024498601409765917,0.14971353052742825,0,plain
4,fashion,115,pca,elastic,5.0,0.18010329481948195,0.05370617973284451,0.25731593466491504,0,plain
4,fashion,115,emotion,elastic,6.0,0.27015261165241466,0.2867707332904716,0.3443835302714627,0,plain
4,fashion,124,population,lasso,,0.2321455279432196,0.3999463422172355,0.4060206057781527,0,plain
4,fashion,124,identity,lasso,15.0,0.1854715331331082,0.27336259621615316,0.2804575555636343,0,plain
4,fashion,124,random,lasso,5.0,-0.01682040901325675,-0.0944693663618275,-0.06097296566877612,0,plain
4,fashion,124,shuffled,lasso,7.0,-0.0009349647091420647,-0.05038366205964133,-0.0016186277043070193,0,plain
4,fashion,124,pca,lasso,7.0,0.17456734614166036,0.23630353899873105,0.2888975484059735,0,plain
4,fashion,124,emotion,lasso,6.0,0.38610264695540913,0.5359510002356682,0.5051913119052439,0,plain
4,fashion,124,population,elastic,,0.2282398051333256,0.38802706679196913,0.40257348457951153,0,plain
4,fashion,124,identity,elastic,20.0,0.17517109883665538,0.28840482590131467,0.2857824924829282,0,plain
4,fashion,124,random,elastic,3.0,-0.012662125902751172,-0.06506154708114842,-0.0834457653642232,0,plain
4,fashion,124,shuffled,elastic,7.0,0.0001697034653688556,-0.03856848510970478,0.00032965110407182834,0,plain
4,fashion,124,pca,elastic,7.0,0.16859703817790728,0.23630353899873105,0.287913764919467,0,plain
4,fashion,124,emotion,elastic,6.0,0.4073456681554412,0.5494317527908821,0.5211417569832623,0,plain
4,fashion,134,population,lasso,,0.1977848701678484,0.28140008441519215,0.28781461865048275,0,plain
4,fashion,134,identity,lasso,36.0,0.3540421852613022,0.4079673659157629,0.400377008674812,0,plain
4,fashion,134,random,lasso,3.0,0.038762843519433765,0.07134157358679537,0.07603792472735521,0,plain
4,fashion,134,shuffled,lasso,7.0,0.14937235940652469,0.15910024398068578,0.19619479867111714,0,plain
4,fashion,134,pca,lasso,7.0,0.2581837705325105,0.3085108864819547,0.31251418947458737,0,plain
4,fashion,134,emotion,lasso,3.0,0.28775139886585305,0.3830655921655514,0.3320682255684966,0,plain
4,fashion,134,population,elastic,,0.19728432509143476,0.2756766928677645,0.28930016751631454,0,plain
4,fashion,134,identity,elastic,39.0,0.32457694879141613,0.40435259230686127,0.39185537043231794,0,plain
4,fashion,134,random,elastic,3.0,0.04432101519241534,0.1198397861728927,0.10461733707659136,0,plain
4,fashion,134,shuffled,elastic,7.0,0.14750083193426022,0.17591898229988104,0.20076029307337812,0,plain
4,fashion,134,pca,elastic,7.0,0.2517979450458155,0.3085108864819547,0.31075043626039084,0,plain
4,fashion,134,emotion,elastic,6.0,0.2868418614980608,0.3831660025435766,0.3280715625670924,0,plain
4,fashion,135,population,lasso,,0.012260588518177505,0.018064905179607085,0.01689209384302812,0,plain
4,fashion,135,identity,lasso,28.0,0.17752153487122357,0.19260891976816527,0.22727249653117923,0,plain
4,fashion,135,random,lasso,5.0,0.02282767563035815,0.1030350131989224,0.048346493958259434,0,plain
4,fashion,135,shuffled,lasso,7.0,0.08140632870507573,0.1043360867021628,0.15884910750803657,0,plain
4,fashion,135,pca,lasso,7.0,0.2310304442386423,0.23849678140168246,0.3048104415238556,0,plain
4,fashion,135,emotion,lasso,3.0,0.07568677500510634,0.09317687934744709,0.1233813922211971,0,plain
4,fashion,135,population,elastic,,0.014098260358892127,0.024720396561567593,0.019572581000864443,0,plain
4,fashion,135,identity,elastic,33.0,0.1715260810950942,0.1859534283862048,0.23728333517131087,0,plain
4,fashion,135,random,elastic,4.0,0.007079132229485404,0.07491180901349531,0.021807366254652398,0,plain
4,fashion,135,shuffled,elastic,7.0,0.0800660444440635,0.13195887800172823,0.1739732512095162,0,plain
4,fashion,135,pca,elastic,7.0,0.22695612639461474,0.2374459143413729,0.3076855929914954,0,plain
4,fashion,135,emotion,elastic,5.0,0.06949285337332808,0.06995772144346456,0.10898068850033021,0,plain
4,fashion,142,population,lasso,,0.15084493835120114,0.39588489903678514,0.4182369389513183,0,plain
4,fashion,142,identity,lasso,30.0,0.2432709967594429,0.3002110241542407,0.32100598737599906,0,plain
4,fashion,142,random,lasso,5.0,0.05919144157244601,0.09897122475919629,0.13183712361604746,0,plain
4,fashion,142,shuffled,lasso,7.0,-0.05681558441899406,-0.06888924819220327,-0.06925095215653768,0,plain
4,fashion,142,pca,lasso,7.0,0.11326954079853072,0.20123979939504444,0.18852461815625574,0,plain
4,fashion,142,emotion,lasso,4.0,0.25077200535455624,0.32709710776386347,0.3345024448195312,0,plain
4,fashion,142,population,elastic,,0.14894351664197245,0.3925875491601333,0.41711725641532743,0,plain
4,fashion,142,identity,elastic,39.0,0.21135129108856576,0.2582078595716602,0.29261184421508407,0,plain
4,fashion,142,random,elastic,5.0,0.0414326463660127,0.11662472871419388,0.1275606882784662,0,plain
4,fashion,142,shuffled,elastic,7.0,-0.05524070210301158,-0.09060102891846468,-0.06998757428939363,0,plain
4,fashion,142,pca,elastic,7.0,0.10969644802916954,0.19875410487264536,0.18759321529727876,0,plain
4,fashion,142,emotion,elastic,7.0,0.2535269981065378,0.35459193288917584,0.3442752874444907,0,plain
4,fashion,143,population,lasso,,0.28089847071176666,0.3318448536642247,0.3776311183415812,0,plain
4,fashion,143,identity,lasso,28.0,0.22694534087495022,0.2606317347244285,0.3312357080579717,0,plain
4,fashion,143,random,lasso,5.0,0.0042161754239231,-0.11763620592307904,0.006567599565570272,0,plain
4,fashion,143,shuffled,lasso,7.0,0.28349074848707656,0.27988411862385015,0.3533600291716636,0,plain
4,fashion,143,pca,lasso,5.0,0.3351406040220526,0.4046623379289727,0.45641605509759814,0,plain
4,fashion,143,emotion,lasso,5.0,0.3621570567493238,0.46241948962723767,0.4839454219117007,0,plain
4,fashion,143,population,elastic,,0.2835348581821069,0.34178156793489395,0.3836197149446427,0,plain
4,fashion,143,identity,elastic,33.0,0.22369536355728836,0.27972885746337095,0.348885121350465,0,plain
4,fashion,143,random,elastic,4.0,-0.0032228156763979238,-0.12565803254783806,-0.006816107328128613,0,plain
4,fashion,143,shuffled,elastic,6.0,0.28594316366299405,0.27237982920068854,0.366071442967852,0,plain
4,fashion,143,pca,elastic,5.0,0.32922782548463925,0.40673248673536216,0.4577636354914426,0,plain
4,fashion,143,emotion,elastic,5.0,0.37680405075984047,0.4678536302440099,0.4906875947254154,0,plain
4,landscape,1,population,lasso,,0.3816361004467545,0.5749957317569125,0.5284755584054363,0,plain
4,landscape,1,identity,lasso,15.0,0.32032540755716676,0.6261166519928506,0.6221158328901873,0,plain
4,landscape,1,random,lasso,6.0,0.08034185696536193,0.21107438254367678,0.19166508392603238,0,plain
4,landscape,1,shuffled,lasso,7.0,0.349868687760694,0.4679971240433518,0.5055759910735009,0,plain
4,landscape,1,pca,lasso,3.0,0.38615988431831955,0.5798098094472924,0.5880180078579132,0,plain
4,landscape,1,emotion,lasso,2.0,0.2960399725030798,0.5745372481673526,0.5862197326371741,0,plain
4,landscape,1,population,elastic,,0.3786142498530384,0.5723594511169428,0.5266956639592142,0,plain
4,landscape,1,identity,elastic,18.0,0.29588842241188307,0.6257727893006807,0.6315863541475232,0,plain
4,landscape,1,random,elastic,6.0,0.071993218922666,0.21107438254367678,0.19059404972505592,0,plain
4,landscape,1,shuffled,elastic,7.0,0.3584653541773683,0.462724562763412,0.5054704726906293,0,plain
4,landscape,1,pca,elastic,3.0,0.36302576244926926,0.5798098094472924,0.5875857004519369,0,plain
4,landscape,1,emotion,elastic,6.0,0.3988529698450625,0.5796378781012075,0.5997583752202593,0,plain
4,landscape,2,population,lasso,,0.3446328537338987,0.6142903889016055,0.608194565410742,0,plain
4,landscape,2,identity,lasso,29.0,0.21711880099403724,0.24419183690725804,0.31155941606808135,0,plain
4,landscape,2,random,lasso,5.0,0.13457799468238021,0.2876650037652853,0.2611782416128537,0,plain
4,landscape,2,shuffled,lasso,6.0,0.16825874614020606,0.23411328265297493,0.2615894584042112,0,plain
4,landscape,2,pca,lasso,5.0,0.32625346450958326,0.5367707626472684,0.5483533281050347,0,plain
4,landscape,2,emotion,lasso,2.0,0.3713925450631468,0.5619922193134596,0.5630755505279689,0,plain
4,landscape,2,population,elastic,,0.3410696881460611,0.6170482022547674,0.6076765921780765,0,plain
4,landscape,2,identity,elastic,36.0,0.20930270754167477,0.2487046223942505,0.3255373008084545,0,plain
4,landscape,2,random,elastic,5.0,0.1262172101016612,0.28119667790059616,0.2608080521544421,0,plain
4,landscape,2,shuffled,elastic,7.0,0.172755412898553,0.2354169762381061,0.26315724686418757,0,plain
4,landscape,2,pca,elastic,5.0,0.3086383992335134,0.5354169270011707,0.5480749609725611,0,plain
4,landscape,2,emotion,elastic,4.0,0.4037310033189813,0.5708172220435782,0.5620830206525635,0,plain
4,landscape,12,population,lasso,,0.48593919944820374,0.7508292900582517,0.7543077750386001,0,plain
4,landscape,12,identity,lasso,31.0,0.6910233454734618,0.711431434942994,0.7215883550657263,0,plain
4,landscape,12,random,lasso,5.0,0.35575473041045297,0.35326911571337916,0.37035124861078006,0,plain
4,landscape,12,shuffled,lasso,7.0,0.33852481054376193,0.40300827722892857,0.43566972427640416,0,plain
4,landscape,12,pca,lasso,5.0,0.6684496181967248,0.6757160938141816,0.6946828693410134,0,plain
4,landscape,12,emotion,lasso,2.0,0.6617280955682386,0.6993245396450914,0.6973780858227496,0,plain
4,landscape,12,population,elastic,,0.48092745923158986,0.7496186005284615,0.7522136509384514,0,plain
4,landscape,12,identity,elastic,38.0,0.6831942459167604,0.7142059317820967,0.7255506220959864,0,plain
4,landscape,12,random,elastic,5.0,0.34584094129302767,0.34807323981469607,0.36975086627416287,0,plain
4,landscape,12,shuffled,elastic,7.0,0.34356692002880085,0.40971751503984954,0.43798574948315905,0,plain
4,landscape,12,pca,elastic,5.0,0.6517364802358245,0.6657783505904867,0.6929865934281083,0,plain
4,landscape,12,emotion,elastic,4.0,0.6783985169330217,0.7046717517349984,0.7065834233632433,0,plain
4,landscape,13,population,lasso,,0.0715394639118148,0.060093201606107705,0.12825516037819437,0,plain
4,landscape,13,identity,lasso,36.0,0.3211177620724134,0.5314248632293371,0.514753825423641,0,plain
4,landscape,13,random,lasso,3.0,-0.01300471629403031,-0.034582857093125294,-0.04019866067883224,0,plain
4,landscape,13,shuffled,lasso,7.0,0.2128111832546115,0.37568006393688436,0.3562882325779817,0,plain
4,landscape,13,pca,lasso,6.0,0.24836907876125955,0.4566010229178362,0.47465167966206656,0,plain
4,landscape,13,emotion,lasso,3.0,0.09424671555698365,0.32592757559416535,0.3309922043819584,0,plain
4,landscape,13,population,elastic,,0.069973229869889,0.05892255482157313,0.12692619224186275,0,plain
4,landscape,13,identity,elastic,44.0,0.29438828486827007,0.5335710490009838,0.5144642486620209,0,plain
4,landscape,13,random,elastic,3.0,-0.01206595862879801,-0.031412355385010846,-0.04043538299719827,0,plain
4,landscape,13,shuffled,elastic,7.0,0.2125363413463192,0.37611905648108473,0.354081210556667,0,plain
4,landscape,13,pca,elastic,6.0,0.23248044552177785,0.4559669225762133,0.4736816415353095,0,plain
4,landscape,13,emotion,elastic,3.0,0.14393418104191713,0.3463651173741646,0.3942238450163304,0,plain
4,landscape,26,population,lasso,,0.09353418396512464,0.2061085302177255,0.17427694543200203,0,plain
4,landscape,26,identity,lasso,31.0,0.11456399143755859,0.21727479187868579,0.17534252252167346,0,plain
4,landscape,26,random,lasso,4.0,0.07162449263400429,0.04825595898415005,0.13011018455303772,0,plain
4,landscape,26,shuffled,lasso,7.0,0.11658397881841374,0.2627268878025947,0.18696919614756866,0,plain
4,landscape,26,pca,lasso,6.0,0.14866760391199516,0.2647928921627724,0.3131431055932625,0,plain
4,landscape,26,emotion,lasso,4.0,0.1487634725646368,0.32869145558826773,0.30903341531844064,0,plain
4,landscape,26,population,elastic,,0.09252528808208804,0.20773181935786508,0.1742910671700629,0,plain
4,landscape,26,identity,elastic,36.0,0.11252077213666101,0.22903134049969687,0.18682578232829186,0,plain
4,landscape,26,random,elastic,5.0,0.06935375167966187,0.05007601044430657,0.13214995086934028,0,plain
4,landscape,26,shuffled,elastic,7.0,0.11959258938404722,0.25992302474235357,0.1890666472046847,0,plain
4,landscape,26,pca,elastic,6.0,0.13877927066133372,0.2618906479425228,0.3152177728832631,0,plain
4,landscape,26,emotion,elastic,5.0,0.15478152938967715,0.3080314119864909,0.2813105519688571,0,plain
4,landscape,29,population,lasso,,0.2455273032548909,0.24729142482127744,0.28885493770675186,0,plain
4,landscape,29,identity,lasso,21.0,0.11759387235020717,0.186345398436753,0.19853103643454,0,plain
4,landscape,29,random,lasso,3.0,-0.05799871695491357,-0.18685370557924275,-0.18708761427885265,0,plain
4,landscape,29,shuffled,lasso,7.0,0.05662211359127024,0.06104768781302245,0.10778421013306892,0,plain
4,landscape,29,pca,lasso,3.0,0.15364928690187307,0.21069331056201338,0.25693076422756883,0,plain
4,landscape,29,emotion,lasso,2.0,0.1667749056285663,0.3301963197613603,0.35572394951086583,0,plain
4,landscape,29,population,elastic,,0.24018702923045684,0.2435299519668531,0.2844155180953269,0,plain
4,landscape,29,identity,elastic,23.0,0.11656299498254805,0.19503745057332816,0.2118333765111587,0,plain
4,landscape,29,random,elastic,3.0,-0.052484253868179565,-0.19020853271967525,-0.1869105494222937,0,plain
4,landscape,29,shuffled,elastic,7.0,0.062297017298704384,0.06613075923792024,0.11345886536695651,0,plain
4,landscape,29,pca,elastic,3.0,0.1445114180376041,0.21404813770244593,0.25632473130176303,0,plain
4,landscape,29,emotion,elastic,3.0,0.21123271352232975,0.3373634504704663,0.3623076898180885,0,plain
4,landscape,34,population,lasso,,0.393082930831529,0.6625118826919267,0.6287628191534864,0,plain
4,landscape,34,identity,lasso,41.0,0.3158077293867531,0.41424179086785456,0.43375501276710715,0,plain
4,landscape,34,random,lasso,7.0,0.10675738394933068,0.21429008716777112,0.20314098359102678,0,plain
4,landscape,34,shuffled,lasso,7.0,0.27536306778369646,0.4005908641417683,0.4057779398143079,0,plain
4,landscape,34,pca,lasso,6.0,0.4522145819131162,0.6958535346595978,0.6544050812682932,0,plain
4,landscape,34,emotion,lasso,3.0,0.4082402511006443,0.6209698538780095,0.588906426280804,0,plain
4,landscape,34,population,elastic,,0.3890972408973984,0.6667348312474786,0.6286459030505976,0,plain
4,landscape,34,identity,elastic,44.0,0.3416138763747421,0.4594666236546367,0.4904734122779762,0,plain
4,landscape,34,random,elastic,7.0,0.10019911685186286,0.21812020329955073,0.20643413496132842,0,plain
4,landscape,34,shuffled,elastic,7.0,0.27479333452958965,0.3980374533872486,0.4039189995223624,0,plain
4,landscape,34,pca,elastic,6.0,0.4313967326560371,0.6915323779981029,0.6551888414039315,0,plain
4,landscape,34,emotion,elastic,4.0,0.43185632964666426,0.6353573413986688,0.6012989793209484,0,plain
4,landscape,38,population,lasso,,0.38159447657178525,0.5505431684943172,0.48307407724874296,0,plain
4,landscape,38,identity,lasso,17.0,0.03504937801796232,0.05002596075313325,0.11839742122760394,0,plain
4,landscape,38,random,lasso,4.0,0.006391128493111772,0.08402918845351219,0.041387353621585354,0,plain
4,landscape,38,shuffled,lasso,7.0,0.22776610363094354,0.5297805915802979,0.50822723753284,0,plain
4,landscape,38,pca,lasso,4.0,0.028957373075146897,0.36373149631011403,0.239726422759361,0,plain
4,landscape,38,emotion,lasso,2.0,0.032828960557293396,0.4444634020775289,0.42758780043050104,0,plain
4,landscape,38,population,elastic,,0.3777463870133731,0.5404967603101143,0.48149798865745636,0,plain
4,landscape,38,identity,elastic,17.0,0.03286714517860608,0.06336965162343347,0.12455073042474388,0,plain
4,landscape,38,random,elastic,4.0,0.005548251761663812,0.0802682253896824,0.03971597807524771,0,plain
4,landscape,38,shuffled,elastic,7.0,0.2378943907011279,0.5363236369105223,0.5058780173195049,0,plain
4,landscape,38,pca,elastic,3.0,0.02392542556253209,0.3301404289454973,0.22560045770179085,0,plain
4,landscape,38,emotion,elastic,4.0,0.08301328300245522,0.4150969781544743,0.4153708572779106,0,plain
4,landscape,43,population,lasso,,0.1302206397425972,0.46024929067216713,0.47762441843489517,0,plain
4,landscape,43,identity,lasso,29.0,0.24394979579988327,0.2664184763796344,0.29565606644016396,0,plain
4,landscape,43,random,lasso,4.0,0.1939561997401856,0.46736960629923985,0.47266185011752765,0,plain
4,landscape,43,shuffled,lasso,6.0,0.11690283861981955,0.18839168429963013,0.22154460270987603,0,plain
4,landscape,43,pca,lasso,4.0,0.3916140244405984,0.42494439235459874,0.48170228947340016,0,plain
4,landscape,43,emotion,lasso,3.0,0.3802928114925338,0.5347159249386352,0.5736242633390292,0,plain
4,landscape,43,population,elastic,,0.1289706698319019,0.46183158303373884,0.4774063386534147,0,plain
4,landscape,43,identity,elastic,36.0,0.2320394011352494,0.28451594526511065,0.3014680278325702,0,plain
4,landscape,43,random,elastic,4.0,0.18187633425142313,0.46123822339814946,0.4715026357642161,0,plain
4,landscape,43,shuffled,elastic,7.0,0.119152685618945,0.1867104986654602,0.22282596322954032,0,plain
4,landscape,43,pca,elastic,4.0,0.37426784306487065,0.4262300048983757,0.47912416861218027,0,plain
4,landscape,43,emotion,elastic,4.0,0.4025785024811344,0.5165195627805607,0.552156342617151,0,plain
4,landscape,48,population,lasso,,0.3376796413217683,0.408640270772663,0.42670210113559,0,plain
4,landscape,48,identity,lasso,34.0,0.5272362144925054,0.4957703924725912,0.5732296622952198,0,plain
4,landscape,48,random,lasso,6.0,0.21194155599896233,0.32827554675767046,0.34146187909157,0,plain
4,landscape,48,shuffled,lasso,7.0,0.30885700871168636,0.35882234236541,0.3441491958964094,0,plain
4,landscape,48,pca,lasso,7.0,0.3191810072446124,0.3881903186795623,0.4201624317079728,0,plain
4,landscape,48,emotion,lasso,3.0,0.5047928707891965,0.5577352849050695,0.5931090459329021,0,plain
4,landscape,48,population,elastic,,0.3344111024824253,0.4045400297514899,0.4264164495041914,0,plain
4,landscape,48,identity,elastic,37.0,0.5307278264269151,0.5210381277655702,0.5887470547757765,0,plain
4,landscape,48,random,elastic,6.0,0.19846949098531683,0.3370398119404279,0.34518041478266825,0,plain
4,landscape,48,shuffled,elastic,7.0,0.310283830074403,0.35677222185482343,0.3433129719001503,0,plain
4,landscape,48,pca,elastic,7.0,0.297078135690782,0.3848588728498591,0.41342378161399534,0,plain
4,landscape,48,emotion,elastic,5.0,0.5049745514296027,0.5293411158334459,0.5698515695573564,0,plain
4,landscape,49,population,lasso,,0.35262585955357856,0.454507169375926,0.4737454595106237,0,plain
4,landscape,49,identity,lasso,17.0,0.22858478385798375,0.28471428511081776,0.30886957986230673,0,plain
4,landscape,49,random,lasso,4.0,0.07355140142378214,0.1722825159992007,0.16733570721109878,0,plain
4,landscape,49,shuffled,lasso,7.0,0.25004465772603535,0.3589053107867741,0.38698179756912965,0,plain
4,landscape,49,pca,lasso,6.0,0.2598747705556951,0.46237440565565835,0.5053062899314587,0,plain
4,landscape,49,emotion,lasso,2.0,0.23652445584235907,0.4508225144094691,0.46115295694938424,0,plain
4,landscape,49,population,elastic,,0.3481051729021864,0.4643661110429323,0.47203316225674014,0,plain
4,landscape,49,identity,elastic,20.0,0.21203060677654476,0.2801333627200876,0.3139759556847124,0,plain
4,landscape,49,random,elastic,4.0,0.06833803094750086,0.17118707803619998,0.16498083471130592,0,plain
4,landscape,49,shuffled,elastic,7.0,0.2534135702455791,0.3554198263590447,0.3858797171378809,0,plain
4,landscape,49,pca,elastic,6.0,0.23884051455320246,0.4633702583492953,0.5043021224750148,0,plain
4,landscape,49,emotion,elastic,2.0,0.27160318600921624,0.4426565223216457,0.4596491781221656,0,plain
4,landscape,56,population,lasso,,0.00658665086076167,0.10436729641805417,0.052730958389827824,0,plain
4,landscape,56,identity,lasso,8.0,0.003362443050557897,0.04278892874919694,0.014125563863830674,0,plain
4,landscape,56,random,lasso,2.0,-0.009164968762409208,-0.08984566515861168,-0.09795707554339377,0,plain
4,landscape,56,shuffled,lasso,5.0,-0.00037214612305940057,0.0012747996907144165,-0.001041449322738346,0,plain
4,landscape,56,pca,lasso,1.0,0.01076007092880918,0.03885367753003504,0.05708026814589776,0,plain
4,landscape,56,emotion,lasso,0.0,0.0,,,0,plain
4,landscape,56,population,elastic,,0.006401698074608325,0.10436729641805417,0.05169959352890223,0,plain
4,landscape,56,identity,elastic,8.0,0.008204004246204287,0.06994770476876494,0.047112392619187045,0,plain
4,landscape,56,random,elastic,2.0,-0.007812366547113398,-0.09256154276056848,-0.0970476997954777,0,plain
4,landscape,56,shuffled,elastic,7.0,0.0024353672703655645,0.033865330914196023,0.005738399533460488,0,plain
4,landscape,56,pca,elastic,1.0,0.009711089684982408,0.03885367753003504,0.05708076355615794,0,plain
4,landscape,56,emotion,elastic,2.0,0.017248120986323806,0.13778921874417563,0.12126544475058966,0,plain
4,landscape,61,population,lasso,,0.24004566603440627,0.4561765878367242,0.42845049813019775,0,plain
4,landscape,61,identity,lasso,21.0,0.27540793339589925,0.3923763826010571,0.3895862388227028,0,plain
4,landscape,61,random,lasso,3.0,0.04757791155459634,0.06272492087776262,0.1433304321735278,0,plain
4,landscape,61,shuffled,lasso,6.0,0.26714025377225337,0.38996979380003277,0.3739716834433894,0,plain
4,landscape,61,pca,lasso,4.0,0.285935178499231,0.39852086464622566,0.40068174203591256,0,plain
4,landscape,61,emotion,lasso,2.0,0.2834437383729817,0.46846555192706135,0.44709096780969604,0,plain
4,landscape,61,population,elastic,,0.23752310000730617,0.45243869459258,0.42723782898342005,0,plain
4,landscape,61,identity,elastic,25.0,0.2679282370832029,0.38479818807868255,0.39769011526790626,0,plain
4,landscape,61,random,elastic,3.0,0.04036783375481198,0.059294251735876824,0.1329391133145172,0,plain
4,landscape,61,shuffled,elastic,6.0,0.2733361817136846,0.3952438075554691,0.37879785573580627,0,plain
4,landscape,61,pca,elastic,4.0,0.27056758762429534,0.40835203591849545,0.40015626114458,0,plain
4,landscape,61,emotion,elastic,3.0,0.3030435898248353,0.42340601692915847,0.4300441410464922,0,plain
4,landscape,72,population,lasso,,-0.014289720888904844,-0.0650895525603615,-0.03982510886928305,0,plain
4,landscape,72,identity,lasso,37.0,0.22656571517094468,0.3243213070389119,0.3242655340490608,0,plain
4,landscape,72,random,lasso,3.0,0.09140270401343627,0.3094814767711997,0.2966724624485946,0,plain
4,landscape,72,shuffled,lasso,7.0,0.10103506170753855,0.21691619886368782,0.22898890226929225,0,plain
4,landscape,72,pca,lasso,5.0,0.2715431694166496,0.4584185191610112,0.47314877693012264,0,plain
4,landscape,72,emotion,lasso,3.0,0.2544712847596341,0.46385489262542057,0.47840405496687544,0,plain
4,landscape,72,population,elastic,,-0.01392750076731867,-0.06205301963429498,-0.039283975997848976,0,plain
4,landscape,72,identity,elastic,48.0,0.20356056929017605,0.32554571547684197,0.31082857383270873,0,plain
4,landscape,72,random,elastic,3.0,0.08602695401345274,0.3094814767711997,0.297297937496566,0,plain
4,landscape,72,shuffled,elastic,7.0,0.10341130345535537,0.2188262760268587,0.2301137820509133,0,plain
4,landscape,72,pca,elastic,6.0,0.2550720522342361,0.46277741320004206,0.473184169188783,0,plain
4,landscape,72,emotion,elastic,3.0,0.27480972589703373,0.45665537101039183,0.4735758172567858,0,plain
4,landscape,77,population,lasso,,0.2105683128651422,0.4124194376607154,0.36784264677892825,0,plain
4,landscape,77,identity,lasso,45.0,0.38790396947446515,0.506647557605997,0.4697128720815888,0,plain
4,landscape,77,random,lasso,5.0,0.021703945042434013,-0.01939414526940308,0.05409256671293108,0,plain
4,landscape,77,shuffled,lasso,7.0,0.11716163005443019,0.11156531041338437,0.16508646161399498,0,plain
4,landscape,77,pca,lasso,7.0,0.19176427106240984,0.2626045629660083,0.2804364709089159,0,plain
4,landscape,77,emotion,lasso,3.0,0.2962360630303288,0.5426442666287528,0.4813710106743157,0,plain
4,landscape,77,population,elastic,,0.20684961507705013,0.41442741734769917,0.3652902842197738,0,plain
4,landscape,77,identity,elastic,51.0,0.38733405387052644,0.49871358908669583,0.4944729752903741,0,plain
4,landscape,77,random,elastic,4.0,0.01994484551533003,-0.015721011695652494,0.054033654114763324,0,plain
4,landscape,77,shuffled,elastic,7.0,0.1206965623627366,0.12258471113463613,0.16849777318138032,0,plain
4,landscape,77,pca,elastic,7.0,0.17847981661406254,0.262506612737375,0.27858731689943583,0,plain
4,landscape,77,emotion,elastic,4.0,0.33684055079974123,0.5504802849194207,0.4948936062193248,0,plain
4,landscape,78,population,lasso,,0.17966927758479143,0.3629842276975943,0.36624363521282843,0,plain
4,landscape,78,identity,lasso,41.0,0.04745047749699945,0.0957007596666466,0.0612383311084239,0,plain
4,landscape,78,random,lasso,5.0,0.046321966618402786,0.020851552979783222,0.06796911060681102,0,plain
4,landscape,78,shuffled,lasso,7.0,0.09539679505280471,0.14168236824234784,0.11770431854679499,0,plain
4,landscape,78,pca,lasso,7.0,0.18034472279992408,0.24456314379354238,0.24711951337566293,0,plain
4,landscape,78,emotion,lasso,3.0,0.22236905864551265,0.3221171509848588,0.32926119446842167,0,plain
4,landscape,78,population,elastic,,0.17749850723280416,0.3614597037769027,0.36513148690941827,0,plain
4,landscape,78,identity,elastic,49.0,0.05421165619450634,0.08630772518754613,0.07251980310834118,0,plain
4,landscape,78,random,elastic,5.0,0.04198397429255091,0.016425515790678295,0.06399435249580677,0,plain
4,landscape,78,shuffled,elastic,7.0,0.09604033317398378,0.14301017939907928,0.11808159628951055,0,plain
4,landscape,78,pca,elastic,7.0,0.17224321938323817,0.25115302138620976,0.2472779033043539,0,plain
4,landscape,78,emotion,elastic,5.0,0.23734684386758736,0.3424769220547415,0.3360173554487775,0,plain
4,landscape,89,population,lasso,,0.22249030404610137,0.42455797153494096,0.4421398681944666,0,plain
4,landscape,89,identity,lasso,34.0,0.15652834296479043,0.3054764435430995,0.3085045901723933,0,plain
4,landscape,89,random,lasso,5.0,0.09269422630927938,0.20376611234078476,0.27470737570689213,0,plain
4,landscape,89,shuffled,lasso,7.0,0.027724211881938587,0.19276106437469248,0.10976536311080946,0,plain
4,landscape,89,pca,lasso,5.0,0.07312644831614554,0.23845915592895903,0.2912951835809389,0,plain
4,landscape,89,emotion,lasso,1.0,0.03289645051675351,0.4660613138644638,0.5115863069945114,0,plain
4,landscape,89,population,elastic,,0.22121257531591,0.4271735210515458,0.4442939838946737,0,plain
4,landscape,89,identity,elastic,38.0,0.14137879781347454,0.31717239138150244,0.3111792960292512,0,plain
4,landscape,89,random,elastic,5.0,0.08649977831570539,0.1972519135447122,0.27548521954671124,0,plain
4,landscape,89,shuffled,elastic,7.0,0.027857922326424825,0.20203886266000792,0.10392833354335938,0,plain
4,landscape,89,pca,elastic,5.0,0.06714115660666908,0.23362285682278394,0.28807784732073893,0,plain
4,landscape,89,emotion,elastic,4.0,0.08558150361246218,0.4802247612468337,0.4911402335795224,0,plain
4,landscape,90,population,lasso,,0.2648628724782953,0.4931683584405462,0.46968667088093663,0,plain
4,landscape,90,identity,lasso,32.0,0.3123767582398246,0.3841735801487427,0.39066537634951054,0,plain
4,landscape,90,random,lasso,5.0,0.15383702894204052,0.3591342391898148,0.3293089902713228,0,plain
4,landscape,90,shuffled,lasso,7.0,0.10825884403766389,0.1335262218681973,0.1872011405686781,0,plain
4,landscape,90,pca,lasso,5.0,0.3037308430430319,0.46056134648186126,0.3901205007447507,0,plain
4,landscape,90,emotion,lasso,2.0,0.35406649073517665,0.5251151038019368,0.47216447809353523,0,plain
4,landscape,90,population,elastic,,0.2643693926597957,0.4969775888095514,0.47179031018321177,0,plain
4,landscape,90,identity,elastic,37.0,0.305616915069514,0.40286420382599514,0.40144698234088455,0,plain
4,landscape,90,random,elastic,5.0,0.14295491880740693,0.37127298663237823,0.3314850378743212,0,plain
4,landscape,90,shuffled,elastic,7.0,0.11145550341434553,0.14327785161285075,0.19007172468290953,0,plain
4,landscape,90,pca,elastic,5.0,0.29026463588345575,0.45543158291826746,0.391533980113058,0,plain
4,landscape,90,emotion,elastic,5.0,0.3686931477587769,0.5286703854796752,0.47088901452701204,0,plain
4,landscape,97,population,lasso,,0.5620358249609253,0.6415454279089912,0.6235864757275026,0,plain
4,landscape,97,identity,lasso,23.0,0.3299830430578628,0.43364462942182125,0.45435430036073554,0,plain
4,landscape,97,random,lasso,4.0,0.08929983369904654,0.20356060140535018,0.12641690934587144,0,plain
4,landscape,97,shuffled,lasso,5.0,-0.042485330469001034,-0.0661746098277461,-0.054097053678031776,0,plain
4,landscape,97,pca,lasso,5.0,0.368928479985178,0.5374878633053612,0.5745913134971911,0,plain
4,landscape,97,emotion,lasso,3.0,0.4064490890847088,0.5741384164407284,0.5966368394773012,0,plain
4,landscape,97,population,elastic,,0.5575116070909512,0.6422955854293056,0.6216237585687804,0,plain
4,landscape,97,identity,elastic,29.0,0.30868327506779225,0.4273218731791702,0.4519852425710588,0,plain
4,landscape,97,random,elastic,4.0,0.0824859040863654,0.19723784516269915,0.12363547656306838,0,plain
4,landscape,97,shuffled,elastic,5.0,-0.04579079682967397,-0.07035405886949848,-0.0577627508954395,0,plain
4,landscape,97,pca,elastic,5.0,0.3494233905441617,0.5398455012263498,0.5754038820892878,0,plain
4,landscape,97,emotion,elastic,3.0,0.45620219475012436,0.5729595974802341,0.6008140347716402,0,plain
4,landscape,103,population,lasso,,0.31499042426747975,0.44368657097454667,0.43845592955781487,0,plain
4,landscape,103,identity,lasso,29.0,0.2960417059181027,0.47271650543602856,0.36526140001126883,0,plain
4,landscape,103,random,lasso,7.0,0.28782281486513406,0.49723067231461326,0.4203158619501416,0,plain
4,landscape,103,shuffled,lasso,7.0,0.15824381137860533,0.2295101656142801,0.21262752483561698,0,plain
4,landscape,103,pca,lasso,6.0,0.29245144895929887,0.43346406413853766,0.42474382302865654,0,plain
4,landscape,103,emotion,lasso,4.0,0.2936073889331233,0.5033840259440556,0.46499653191530044,0,plain
4,landscape,103,population,elastic,,0.3138092453570554,0.44716023834600604,0.44100226545575355,0,plain
4,landscape,103,identity,elastic,36.0,0.2905614142907227,0.455596287676693,0.38173049864436936,0,plain
4,landscape,103,random,elastic,7.0,0.2699602301253922,0.48809988950963434,0.4223982216267196,0,plain
4,landscape,103,shuffled,elastic,7.0,0.16141813577719236,0.22648311261915122,0.21328494291563385,0,plain
4,landscape,103,pca,elastic,6.0,0.27515815075603317,0.4235889240396745,0.4226423924225872,0,plain
4,landscape,103,emotion,elastic,5.0,0.3212766659812995,0.49370738112356166,0.45955734306331963,0,plain
4,landscape,108,population,lasso,,0.2648922584793261,0.5016937005980969,0.42008769015489766,0,plain
4,landscape,108,identity,lasso,41.0,0.293690189974877,0.3444024993254313,0.34875070129665064,0,plain
4,landscape,108,random,lasso,7.0,0.04574594233327993,0.100839011480075,0.10441987836511857,0,plain
4,landscape,108,shuffled,lasso,7.0,0.07061182024693684,0.08740034944430625,0.09170717296862743,0,plain
4,landscape,108,pca,lasso,4.0,0.27815506929510514,0.3239992752127313,0.3243690539542059,0,plain
4,landscape,108,emotion,lasso,2.0,0.35271217189370596,0.46873464626219696,0.42520086054626965,0,plain
4,landscape,108,population,elastic,,0.26304962976948953,0.5017427468099064,0.4208569103345683,0,plain
4,landscape,108,identity,elastic,51.0,0.2886480450604809,0.3475905030930407,0.3559811556474912,0,plain
4,landscape,108,random,elastic,7.0,0.041860375063753744,0.09975999482026876,0.10213693985965895,0,plain
4,landscape,108,shuffled,elastic,7.0,0.07170595893839822,0.08911696685763437,0.09223270911203638,0,plain
4,landscape,108,pca,elastic,4.0,0.2655807273289485,0.31963416236169695,0.32209187954189067,0,plain
4,landscape,108,emotion,elastic,5.0,0.3542798553885149,0.4380317176695282,0.4100380209598975,0,plain
4,landscape,114,population,lasso,,0.27880126037322345,0.46185950917665125,0.43552089329590415,0,plain
4,landscape,114,identity,lasso,42.0,0.3476995601948692,0.4812075430311687,0.4727698217138849,0,plain
4,landscape,114,random,lasso,3.0,0.08111869226063846,0.18674841954940172,0.1781700566521475,0,plain
4,landscape,114,shuffled,lasso,7.0,0.1784846235037715,0.3414329582522706,0.2969744293625116,0,plain
4,landscape,114,pca,lasso,7.0,0.06194673323350417,0.22379890705946995,0.1273822753147233,0,plain
4,landscape,114,emotion,lasso,3.0,0.09916659744021551,0.43533076172664276,0.4093603572177991,0,plain
4,landscape,114,population,elastic,,0.2769585058953764,0.4598648665112371,0.43679303678290693,0,plain
4,landscape,114,identity,elastic,45.0,0.3172927223433277,0.4705362047712029,0.46913165272854246,0,plain
4,landscape,114,random,elastic,2.0,0.07384678009633996,0.18236020568549055,0.17236525705085093,0,plain
4,landscape,114,shuffled,elastic,7.0,0.1768156432672324,0.3285176469937139,0.2908762962268682,0,plain
4,landscape,114,pca,elastic,7.0,0.055431200476270245,0.21277850633305667,0.12224339117879812,0,plain
4,landscape,114,emotion,elastic,4.0,0.15500438774918363,0.4950204434891618,0.459425158690721,0,plain
4,landscape,115,population,lasso,,0.1821972279093895,0.23826473055147504,0.25533753788585706,0,plain
4,landscape,115,identity,lasso,25.0,0.08844173716093465,0.022348582895902348,0.110340850861548,0,plain
4,landscape,115,random,lasso,3.0,0.03525796921883037,0.10386426659224664,0.0827822417928038,0,plain
4,landscape,115,shuffled,lasso,6.0,0.08176921516124777,0.14856143238405134,0.13741569619779334,0,plain
4,landscape,115,pca,lasso,6.0,0.1498320278021549,0.20793451090703616,0.22258452532348735,0,plain
4,landscape,115,emotion,lasso,2.0,0.11266868690462839,0.2377497862451179,0.23490663506589637,0,plain
4,landscape,115,population,elastic,,0.1817938552018775,0.24027301334626813,0.2566800947760026,0,plain
4,landscape,115,identity,elastic,27.0,0.09442463526952682,0.021988121881452313,0.12428776777777421,0,plain
4,landscape,115,random,elastic,3.0,0.031553197053652934,0.10386426659224664,0.07918163528627278,0,plain
4,landscape,115,shuffled,elastic,6.0,0.08140095115569577,0.1445448667944652,0.13413443435059352,0,plain
4,landscape,115,pca,elastic,6.0,0.14206106363733048,0.21030325471627928,0.2233927154228028,0,plain
4,landscape,115,emotion,elastic,3.0,0.14068398072338842,0.21946926336943734,0.23310371550508288,0,plain
4,landscape,124,population,lasso,,0.2728030884679648,0.5691678431436382,0.5455164670905503,0,plain
4,landscape,124,identity,lasso,27.0,0.3298877370716555,0.4247558226474917,0.40143064446205556,0,plain
4,landscape,124,random,lasso,5.0,-0.022602938707272566,-0.019390487642168035,-0.05882590831548497,0,plain
4,landscape,124,shuffled,lasso,7.0,0.10854272492686844,0.17699399077978958,0.168940404585264,0,plain
4,landscape,124,pca,lasso,5.0,0.39621814113466347,0.5244358230586368,0.5211087181316487,0,plain
4,landscape,124,emotion,lasso,2.0,0.32094510906328455,0.5587535147424738,0.5198786023918803,0,plain
4,landscape,124,population,elastic,,0.2697697611847986,0.5701596839437492,0.5446056409385597,0,plain
4,landscape,124,identity,elastic,43.0,0.33046412280341364,0.43784812120895544,0.4194467933676764,0,plain
4,landscape,124,random,elastic,5.0,-0.02102272402688557,-0.02405213940268925,-0.058734392182255894,0,plain
4,landscape,124,shuffled,elastic,7.0,0.10923689903901544,0.17798583157990047,0.16896262030518922,0,plain
4,landscape,124,pca,elastic,5.0,0.3796932164411947,0.526816240978903,0.5242190885091509,0,plain
4,landscape,124,emotion,elastic,6.0,0.34889798032092556,0.5451652957809545,0.5332538584833572,0,plain
4,landscape,134,population,lasso,,0.2995098024208252,0.4496474956917931,0.4074794173068657,0,plain
4,landscape,134,identity,lasso,25.0,0.21245337511046844,0.2553755741580678,0.2767449974085057,0,plain
4,landscape,134,random,lasso,5.0,-0.03292578717709274,-0.08952280274913814,-0.06994707433727555,0,plain
4,landscape,134,shuffled,lasso,6.0,0.12581335777573377,0.26350950194247696,0.21464111427985824,0,plain
4,landscape,134,pca,lasso,5.0,0.21166153451721242,0.3546194125519877,0.3350478729950556,0,plain
4,landscape,134,emotion,lasso,2.0,0.24069285224702494,0.40362136774098956,0.36062638723436713,0,plain
4,landscape,134,population,elastic,,0.2968114653674546,0.4482587763139671,0.40697510664966524,0,plain
4,landscape,134,identity,elastic,30.0,0.20308176450294985,0.2880104795369779,0.2914409778142806,0,plain
4,landscape,134,random,elastic,5.0,-0.03081019063911273,-0.10177329154638864,-0.07133768643634128,0,plain
4,landscape,134,shuffled,elastic,7.0,0.12675991925731514,0.2676756600759549,0.21433470608724745,0,plain
4,landscape,134,pca,elastic,5.0,0.19932097395265752,0.35556175784408384,0.335538121793562,0,plain
4,landscape,134,emotion,elastic,5.0,0.27955208183522073,0.4180045327256157,0.3875273407658173,0,plain
4,landscape,135,population,lasso,,0.39026044208567473,0.4021510506913886,0.4622721885486749,0,plain
4,landscape,135,identity,lasso,20.0,0.20631188372775996,0.2582205303849231,0.3021981161946705,0,plain
4,landscape,135,random,lasso,7.0,0.2796311360509713,0.37815384045341066,0.4401668150251525,0,plain
4,landscape,135,shuffled,lasso,7.0,0.08663968531819573,0.10843574560281902,0.13704763483409294,0,plain
4,landscape,135,pca,lasso,4.0,0.2964149202250316,0.38026348530949666,0.4470510898960516,0,plain
4,landscape,135,emotion,lasso,3.0,0.3516529531436829,0.4174987170194141,0.5207323279399025,0,plain
4,landscape,135,population,elastic,,0.3899956759976188,0.4063703404035606,0.4646647208126898,0,plain
4,landscape,135,identity,elastic,23.0,0.20450608559209776,0.2684523079369401,0.3229532549908383,0,plain
4,landscape,135,random,elastic,6.0,0.26388608398445995,0.37414551522684736,0.4430266651929738,0,plain
4,landscape,135,shuffled,elastic,7.0,0.0949471286846387,0.12499645772309391,0.1467952046558428,0,plain
4,landscape,135,pca,elastic,4.0,0.27956255327711516,0.38785820679140615,0.44737367280523954,0,plain
4,landscape,135,emotion,elastic,4.0,0.3624606489174385,0.43231897213341813,0.5138311111782057,0,plain
4,landscape,142,population,lasso,,0.28476924571092155,0.44078452833473736,0.4620800317171372,0,plain
4,landscape,142,identity,lasso,27.0,0.37835476692666636,0.518263273596956,0.5048605532068962,0,plain
4,landscape,142,random,lasso,4.0,0.1294095168566775,0.29774684477371843,0.26691648366064047,0,plain
4,landscape,142,shuffled,lasso,5.0,0.30177638365953074,0.37701356108044976,0.4177425251544097,0,plain
4,landscape,142,pca,lasso,5.0,0.3782882458250215,0.44714175871522716,0.4752233843423212,0,plain
4,landscape,142,emotion,lasso,1.0,0.32692335854263566,0.4455524511201047,0.45870973141268284,0,plain
4,landscape,142,population,elastic,,0.28248261411042574,0.447390088026965,0.46281010037276393,0,plain
4,landscape,142,identity,elastic,33.0,0.35616769544661164,0.5338086885117473,0.5037033193656117,0,plain
4,landscape,142,random,elastic,4.0,0.12157859530945628,0.2941212368223453,0.26564398073938744,0,plain
4,landscape,142,shuffled,elastic,6.0,0.30196605752662803,0.3783545393638343,0.41450364821491553,0,plain
4,landscape,142,pca,elastic,5.0,0.3605289803535942,0.44619810733062315,0.4753168154226651,0,plain
4,landscape,142,emotion,elastic,5.0,0.3454237134865633,0.4509660301159905,0.45566386792563923,0,plain
4,landscape,143,population,lasso,,0.4424217578814237,0.6670493743921282,0.6407336209219215,0,plain
4,landscape,143,identity,lasso,39.0,0.5003432846394085,0.586685592716655,0.5962023058808941,0,plain
4,landscape,143,random,lasso,7.0,0.3207828962315054,0.4373528939316336,0.43309386795461685,0,plain
4,landscape,143,shuffled,lasso,7.0,0.20979561325609541,0.2821728304351507,0.2780980498586275,0,plain
4,landscape,143,pca,lasso,4.0,0.5533292309013664,0.6991848915670843,0.7178200866445092,0,plain
4,landscape,143,emotion,lasso,3.0,0.5689575252006457,0.6492573928769114,0.6688643659803144,0,plain
4,landscape,143,population,elastic,,0.43860645111280266,0.662451446584825,0.6418466817191621,0,plain
4,landscape,143,identity,elastic,46.0,0.5104644787699595,0.6067265606593569,0.6223151241102082,0,plain
4,landscape,143,random,elastic,7.0,0.2998559807745642,0.4373528939316336,0.4330968901595408,0,plain
4,landscape,143,shuffled,elastic,7.0,0.2082125825941986,0.273526727058374,0.274964113998072,0,plain
4,landscape,143,pca,elastic,4.0,0.5287160565126078,0.6991848915670843,0.7174803364667353,0,plain
4,landscape,143,emotion,elastic,4.0,0.5940333779088111,0.6523559963992246,0.6762748116357364,0,plain
