fold,domain,user_id,mediator,head,eff_dof,ccc,srocc,plcc,seed,stage2_variant
0,art,3,population,lasso,,0.06244597436658254,0.09650990358644981,0.08555433108989885,1,plain
0,art,3,identity,lasso,35.0,0.11805542319585827,0.18126225546693617,0.19203999855807813,1,plain
0,art,3,random,lasso,5.0,0.06671336613989212,0.26601460734742255,0.18159030645451096,1,plain
0,art,3,shuffled,lasso,4.0,0.05579499756535691,0.06760592230928972,0.10491565555745001,1,plain
0,art,3,pca,lasso,7.0,0.13056962675899542,0.2460757592460596,0.25344818952002834,1,plain
0,art,3,emotion,lasso,5.0,0.004572435084885641,0.007887357602750467,0.017086766615520714,1,plain
0,art,3,population,elastic,,0.06288175673616421,0.09709778117174798,0.08629512379352715,1,plain
0,art,3,identity,elastic,42.0,0.11044231858170932,0.19542030731286716,0.20537891220147467,1,plain
0,art,3,random,elastic,5.0,0.06535604644787237,0.2707176280298079,0.18347307181144057,1,plain
0,art,3,shuffled,elastic,4.0,0.05097873042390418,0.07191702460147631,0.10198780680295233,1,plain
0,art,3,pca,elastic,7.0,0.12374944571465127,0.2514646371112928,0.2488310493083034,1,plain
0,art,3,emotion,elastic,5.0,0.019290209680464306,0.13237043628963827,0.11233616446828751,1,plain
0,art,14,population,lasso,,0.31370112526113064,0.6348446126598832,0.6277535882340936,1,plain
0,art,14,identity,lasso,37.0,0.4574092611421935,0.5847762792304831,0.5139173623351251,1,plain
0,art,14,random,lasso,6.0,0.2594115332220671,0.39831147397853095,0.3906004065830027,1,plain
0,art,14,shuffled,lasso,5.0,0.23405148918552954,0.48136132863523423,0.47442289545830824,1,plain
0,art,14,pca,lasso,7.0,0.46431868312848235,0.5932700143658278,0.53417230281039,1,plain
0,art,14,emotion,lasso,5.0,0.42670944238171626,0.5315786749617456,0.5249331201411305,1,plain
0,art,14,population,elastic,,0.3142619329695804,0.6352916513512172,0.6289804010525841,1,plain
0,art,14,identity,elastic,46.0,0.4647256083127189,0.6141814909271149,0.5416448917859584,1,plain
0,art,14,random,elastic,7.0,0.2534261668785047,0.4003479835723855,0.39018577693353607,1,plain
0,art,14,shuffled,elastic,5.0,0.2208683468961544,0.47838107069300806,0.48712767203770346,1,plain
0,art,14,pca,elastic,7.0,0.4577531548557079,0.5907864660806393,0.5361741909049759,1,plain
0,art,14,emotion,elastic,5.0,0.4380594599398346,0.5599407963785983,0.5557677531310572,1,plain
0,art,15,population,lasso,,0.170330874319862,0.24841961917707003,0.23491191478839452,1,plain
0,art,15,identity,lasso,14.0,0.09808162752461476,0.04710307871100067,0.17712137392133764,1,plain
0,art,15,random,lasso,6.0,0.0261729966543529,0.035314033080964424,0.0790238412955907,1,plain
0,art,15,shuffled,lasso,2.0,0.043603239709335766,0.18554470915021004,0.1348727373298148,1,plain
0,art,15,pca,lasso,7.0,0.11289392955636761,0.26158936384485826,0.22775801907276122,1,plain
0,art,15,emotion,lasso,4.0,0.11994626537521207,0.2469858163301737,0.20654328828196594,1,plain
0,art,15,population,elastic,,0.17086973810711978,0.24841961917707003,0.2356393203950758,1,plain
0,art,15,identity,elastic,15.0,0.09254210450727883,0.050714137732813566,0.18299455731728448,1,plain
0,art,15,random,elastic,6.0,0.025363187502057124,0.026711215999586622,0.07972235640536293,1,plain
0,art,15,shuffled,elastic,2.0,0.04184168745407774,0.18554470915021004,0.13442767188094681,1,plain
0,art,15,pca,elastic,7.0,0.1072092274894746,0.27406875899377053,0.23861141551933507,1,plain
0,art,15,emotion,elastic,4.0,0.115211525016102,0.2629700628826102,0.2161460555478613,1,plain
0,art,19,population,lasso,,0.5100816440178864,0.5784765375270383,0.5871520125362644,1,plain
0,art,19,identity,lasso,32.0,0.2667260885699878,0.35879811454962374,0.3473639321851929,1,plain
0,art,19,random,lasso,6.0,0.19169477508098962,0.36543236301828774,0.2889036688222153,1,plain
0,art,19,shuffled,lasso,5.0,0.1963758061095867,0.3312634893262966,0.3245880659702063,1,plain
0,art,19,pca,lasso,6.0,0.25542610004491406,0.31570044028702465,0.34069790648467446,1,plain
0,art,19,emotion,lasso,7.0,0.5352613163912975,0.6527003098681812,0.6547100940016466,1,plain
0,art,19,population,elastic,,0.5100261412612748,0.5827663523263248,0.5875304377554786,1,plain
0,art,19,identity,elastic,38.0,0.2807533526522029,0.37121862484058116,0.38183763751660743,1,plain
0,art,19,random,elastic,6.0,0.187863398011595,0.37221625618925236,0.29033924613073603,1,plain
0,art,19,shuffled,elastic,5.0,0.18001104077382968,0.3357029488278837,0.3215346358013972,1,plain
0,art,19,pca,elastic,6.0,0.24941506506675493,0.31804487395640224,0.3419510591901137,1,plain
0,art,19,emotion,elastic,6.0,0.5167870060899297,0.6532490071099503,0.653996934388053,1,plain
0,art,21,population,lasso,,0.2594251237736896,0.4606521793022512,0.4698586977453104,1,plain
0,art,21,identity,lasso,32.0,0.3532389658088626,0.4189575994745881,0.4167708371757462,1,plain
0,art,21,random,lasso,7.0,0.3637002083241896,0.5644108260868941,0.588550660118138,1,plain
0,art,21,shuffled,lasso,5.0,0.15970621829159237,0.30156899957378513,0.2514308100859194,1,plain
0,art,21,pca,lasso,7.0,0.4256958092007632,0.531366991410447,0.5093762491097351,1,plain
0,art,21,emotion,lasso,7.0,0.4382760591433921,0.5210062152409674,0.5059778540278526,1,plain
0,art,21,population,elastic,,0.2585842100099359,0.459344508523579,0.46956572698926696,1,plain
0,art,21,identity,elastic,34.0,0.37505229072836455,0.45114641864190336,0.4582072539280667,1,plain
0,art,21,random,elastic,7.0,0.3541372891802272,0.555106245546342,0.5868489504660294,1,plain
0,art,21,shuffled,elastic,4.0,0.1475584874367269,0.3056428969996485,0.24456929167229785,1,plain
0,art,21,pca,elastic,7.0,0.41318010558965595,0.5288522399130005,0.5080879215782788,1,plain
0,art,21,emotion,elastic,5.0,0.41443863032138845,0.5468075656047685,0.5137477148956711,1,plain
0,art,22,population,lasso,,0.29209273306723527,0.40605604620344987,0.4261343742780548,1,plain
0,art,22,identity,lasso,40.0,0.3165300836300831,0.35483650656243915,0.35922564879148255,1,plain
0,art,22,random,lasso,6.0,0.23975899126909633,0.1842832296019254,0.2681828000771897,1,plain
0,art,22,shuffled,lasso,5.0,0.00019420803737779557,-0.031160176207458982,0.00036114100048561523,1,plain
0,art,22,pca,lasso,7.0,0.47518089610846076,0.5042592890322699,0.5120794341250419,1,plain
0,art,22,emotion,lasso,6.0,0.2990330974958319,0.35663795424943284,0.3275504500275303,1,plain
0,art,22,population,elastic,,0.2910147087599381,0.4051796662476151,0.42582430357074136,1,plain
0,art,22,identity,elastic,54.0,0.3416544507447745,0.3890153248399958,0.39687204952180855,1,plain
0,art,22,random,elastic,6.0,0.23598058866390395,0.18403979072530463,0.267599006873026,1,plain
0,art,22,shuffled,elastic,5.0,-0.012910650506379491,-0.07658587058489529,-0.025754429250207864,1,plain
0,art,22,pca,elastic,7.0,0.4668179877871639,0.5019222758167105,0.5094834291964762,1,plain
0,art,22,emotion,elastic,5.0,0.2924440168828252,0.35605370094554306,0.3250904163653764,1,plain
0,art,30,population,lasso,,-0.2006022222447219,-0.24192374150908877,-0.2277854896623564,1,plain
0,art,30,identity,lasso,33.0,0.20609790666154426,0.28005195179189896,0.26997080049267347,1,plain
0,art,30,random,lasso,7.0,0.0765230846959596,0.14915004178074645,0.12212209709380617,1,plain
0,art,30,shuffled,lasso,5.0,0.06634781076484385,0.09084503539497057,0.13190848856664092,1,plain
0,art,30,pca,lasso,7.0,0.29554607486452733,0.39384314746083054,0.3845309624333821,1,plain
0,art,30,emotion,lasso,7.0,0.18502130319817048,0.326488254587695,0.2877996442656988,1,plain
0,art,30,population,elastic,,-0.20242601435500351,-0.25028128695369956,-0.23004144630126916,1,plain
0,art,30,identity,elastic,40.0,0.17540489260305883,0.27105151823616425,0.24616136311924264,1,plain
0,art,30,random,elastic,7.0,0.07431844448593848,0.15854609878948048,0.12127144030347049,1,plain
0,art,30,shuffled,elastic,5.0,0.060057033358615605,0.08308092512985878,0.12530485621827459,1,plain
0,art,30,pca,elastic,7.0,0.28823902710494476,0.3945849414352043,0.3852116613826303,1,plain
0,art,30,emotion,elastic,6.0,0.1844379646589435,0.33667555850242775,0.3225796166319738,1,plain
0,art,50,population,lasso,,0.49205459199587953,0.48744075438804885,0.5156871375572091,1,plain
0,art,50,identity,lasso,25.0,0.3130177732931372,0.4551445826826143,0.4661355946418276,1,plain
0,art,50,random,lasso,6.0,0.2134344122453217,0.31780695349224036,0.36710439583351623,1,plain
0,art,50,shuffled,lasso,1.0,0.07204263584491077,0.18194211389103931,0.1276757219634475,1,plain
0,art,50,pca,lasso,7.0,0.351557812617988,0.4349989250878563,0.43476260772544534,1,plain
0,art,50,emotion,lasso,6.0,0.40398346173750543,0.5081124082646544,0.5066728288667978,1,plain
0,art,50,population,elastic,,0.49037376399863997,0.4870199573625709,0.5139995181998307,1,plain
0,art,50,identity,elastic,27.0,0.3053214505133098,0.4706088733689299,0.47411187763730017,1,plain
0,art,50,random,elastic,6.0,0.20734071070678803,0.32091033155514037,0.367738179787992,1,plain
0,art,50,shuffled,elastic,3.0,0.07000967423629016,0.17100139122861194,0.12880664140334516,1,plain
0,art,50,pca,elastic,7.0,0.3409805747488731,0.43157994925584775,0.433773834162089,1,plain
0,art,50,emotion,elastic,5.0,0.3869338561924344,0.48544196851702853,0.5132432915096282,1,plain
0,art,57,population,lasso,,0.45601703052739867,0.5326254756634917,0.5293606739522505,1,plain
0,art,57,identity,lasso,20.0,0.3363127253832479,0.40360847063204564,0.44632689346016885,1,plain
0,art,57,random,lasso,4.0,0.24002203063074615,0.276449397905161,0.28341818514409534,1,plain
0,art,57,shuffled,lasso,5.0,0.11280514339039963,0.13863453696093958,0.1834393969139934,1,plain
0,art,57,pca,lasso,7.0,0.38672947342142944,0.430002038370372,0.44165894152311924,1,plain
0,art,57,emotion,lasso,6.0,0.4039674039456716,0.529893222274431,0.5018149184904251,1,plain
0,art,57,population,elastic,,0.45623496559960547,0.5241008450896223,0.5303177109037847,1,plain
0,art,57,identity,elastic,22.0,0.30764450724554193,0.3907122346356792,0.43528365116879475,1,plain
0,art,57,random,elastic,4.0,0.2370755521757989,0.276449397905161,0.2858308546254288,1,plain
0,art,57,shuffled,elastic,6.0,0.10636384075447201,0.1319131936238503,0.18360188673790923,1,plain
0,art,57,pca,elastic,7.0,0.37892016326268024,0.42814410606581077,0.44323370490793706,1,plain
0,art,57,emotion,elastic,4.0,0.37405227580063005,0.548800415726731,0.5042083397727747,1,plain
0,art,62,population,lasso,,0.263475203195587,0.49430687187198796,0.5093199706610158,1,plain
0,art,62,identity,lasso,32.0,0.402124340298708,0.5040512725719735,0.49959302189629917,1,plain
0,art,62,random,lasso,5.0,0.3930964545018493,0.5359420384991984,0.44831968187028765,1,plain
0,art,62,shuffled,lasso,4.0,0.17524170330524635,0.2432655184849897,0.2448749365843765,1,plain
0,art,62,pca,lasso,7.0,0.49736515325773906,0.5393378145007085,0.535266354083957,1,plain
0,art,62,emotion,lasso,4.0,0.3099603691488258,0.4260468528271406,0.41628908149769317,1,plain
0,art,62,population,elastic,,0.26356607888795935,0.49258437679875827,0.510485050063347,1,plain
0,art,62,identity,elastic,44.0,0.38989402214735563,0.5116302508941843,0.4990736409973505,1,plain
0,art,62,random,elastic,5.0,0.38873515167681255,0.5350069697451595,0.4482563720271345,1,plain
0,art,62,shuffled,elastic,4.0,0.17314226012393263,0.2432655184849897,0.24542293695075482,1,plain
0,art,62,pca,elastic,7.0,0.4926023340584284,0.5427335905022186,0.5365486589772763,1,plain
0,art,62,emotion,elastic,4.0,0.30197324931005,0.43426561503369393,0.41857598283190356,1,plain
0,art,63,population,lasso,,0.12804777934943723,0.16262231340284578,0.17901892288946367,1,plain
0,art,63,identity,lasso,32.0,0.07650636923818155,0.021773070584868544,0.1297628736942388,1,plain
0,art,63,random,lasso,6.0,0.10529940604502354,0.1490579406936518,0.2254187610067138,1,plain
0,art,63,shuffled,lasso,6.0,-0.05293363158011217,-0.21012264440293826,-0.24006871135860208,1,plain
0,art,63,pca,lasso,7.0,0.08775040478313077,0.20211415867057284,0.25695524637848444,1,plain
0,art,63,emotion,lasso,7.0,0.030647387847041963,-0.02022142647422274,0.046485140242088045,1,plain
0,art,63,population,elastic,,0.127310042026236,0.1630727907252913,0.17831228300190127,1,plain
0,art,63,identity,elastic,38.0,0.09027055992312863,0.05645982441317637,0.16963330015790057,1,plain
0,art,63,random,elastic,6.0,0.09767423582913558,0.1430515763943777,0.21889527111425722,1,plain
0,art,63,shuffled,elastic,6.0,-0.04413215120121016,-0.19345498347245274,-0.2283479097015612,1,plain
0,art,63,pca,elastic,7.0,0.08752861870877096,0.24440897394462782,0.27339964181633625,1,plain
0,art,63,emotion,elastic,5.0,0.027232819183751308,0.004454720188628277,0.04883765331741796,1,plain
0,art,79,population,lasso,,0.4557779033208845,0.46484688180690287,0.5088420310205154,1,plain
0,art,79,identity,lasso,23.0,0.31779693503370066,0.46042460966724175,0.47462713928099426,1,plain
0,art,79,random,lasso,7.0,0.26177773370457547,0.4490385296754707,0.45938074062679796,1,plain
0,art,79,shuffled,lasso,4.0,0.23430563584881672,0.43602586682773237,0.44285963648379295,1,plain
0,art,79,pca,lasso,6.0,0.4490196906347122,0.498903460353718,0.5217768786604278,1,plain
0,art,79,emotion,lasso,6.0,0.37901210135775104,0.4521392032446584,0.46203199231324354,1,plain
0,art,79,population,elastic,,0.45419896385422015,0.46484688180690287,0.5073736770594756,1,plain
0,art,79,identity,elastic,29.0,0.3106881911319831,0.46571100394913545,0.4784163031686171,1,plain
0,art,79,random,elastic,7.0,0.25450063876583146,0.4459378561062831,0.45892961289148654,1,plain
0,art,79,shuffled,elastic,4.0,0.21143996188569555,0.42372483397947974,0.43449469433833154,1,plain
0,art,79,pca,elastic,6.0,0.43717909623745543,0.5012416732091709,0.5245221074660371,1,plain
0,art,79,emotion,elastic,6.0,0.3464295448511774,0.4549348925283521,0.4722107887919705,1,plain
0,art,80,population,lasso,,0.3463860690637057,0.6837564576332503,0.6692933798909327,1,plain
0,art,80,identity,lasso,35.0,0.7729800350497886,0.7589215230290596,0.811294728530231,1,plain
0,art,80,random,lasso,7.0,0.5342575187577613,0.5979798535933268,0.6643258104994859,1,plain
0,art,80,shuffled,lasso,6.0,0.5434188631109014,0.5839293903886199,0.6206377277550358,1,plain
0,art,80,pca,lasso,7.0,0.8129090449939905,0.7907561389614022,0.8391287707326162,1,plain
0,art,80,emotion,lasso,5.0,0.5863880600895969,0.6470090923286325,0.6271893998253104,1,plain
0,art,80,population,elastic,,0.34567768365700235,0.6860163223444968,0.6703142683451748,1,plain
0,art,80,identity,elastic,46.0,0.7755584609553773,0.7803411102921789,0.823362245317632,1,plain
0,art,80,random,elastic,7.0,0.5261345346698654,0.5997484433673457,0.6687380460108749,1,plain
0,art,80,shuffled,elastic,7.0,0.5315048538389435,0.5747916765561882,0.6136811278283723,1,plain
0,art,80,pca,elastic,7.0,0.807764978717131,0.7901666090367293,0.8385974825346636,1,plain
0,art,80,emotion,elastic,4.0,0.5765875873038245,0.6567363360857371,0.630784941994649,1,plain
0,art,85,population,lasso,,0.047278400055445535,0.01661762040951794,0.08824923961932185,1,plain
0,art,85,identity,lasso,29.0,0.2795244941648478,0.35943862127376264,0.3757527817837126,1,plain
0,art,85,random,lasso,6.0,0.1580084608129578,0.2958647890648729,0.34478434937455843,1,plain
0,art,85,shuffled,lasso,4.0,0.1053474376261918,0.2863109277896761,0.2364702570382699,1,plain
0,art,85,pca,lasso,7.0,0.39447704375233145,0.42728120000986797,0.49858130237341974,1,plain
0,art,85,emotion,lasso,7.0,0.10523912527514988,0.15540270095506378,0.1585495663221222,1,plain
0,art,85,population,elastic,,0.04721099019504925,0.021394551047116368,0.08819406471485564,1,plain
0,art,85,identity,elastic,33.0,0.2659695788078593,0.37483659981836187,0.3772168730845284,1,plain
0,art,85,random,elastic,6.0,0.15285871173500817,0.30059090129143307,0.3427717098213733,1,plain
0,art,85,shuffled,elastic,3.0,0.1024500157249938,0.2777734347352448,0.23908685103798538,1,plain
0,art,85,pca,elastic,6.0,0.3807364798184074,0.4239780032923798,0.5006891422672338,1,plain
0,art,85,emotion,elastic,4.0,0.11899115434931694,0.18442001365792235,0.19942615873123606,1,plain
0,art,86,population,lasso,,0.398131696921942,0.6351343826170743,0.643665389278786,1,plain
0,art,86,identity,lasso,27.0,0.28642235428877594,0.502925757051329,0.4398144779097549,1,plain
0,art,86,random,lasso,7.0,0.08807956182629931,0.11404782892214908,0.1571055434513503,1,plain
0,art,86,shuffled,lasso,3.0,0.02069429391184209,0.08971828341863566,0.07277767910390161,1,plain
0,art,86,pca,lasso,7.0,0.3808432790661251,0.5206917537678905,0.5063454328213525,1,plain
0,art,86,emotion,lasso,7.0,0.3886769033815061,0.6619314276645546,0.65149599647697,1,plain
0,art,86,population,elastic,,0.3974544506103369,0.6351343826170743,0.6435743117478697,1,plain
0,art,86,identity,elastic,31.0,0.2704491075866996,0.5099828057470743,0.4450734627627371,1,plain
0,art,86,random,elastic,7.0,0.08732747778427198,0.12974112602177842,0.1626276916197862,1,plain
0,art,86,shuffled,elastic,4.0,0.023214923095148374,0.1135543290133557,0.08863386696087816,1,plain
0,art,86,pca,elastic,7.0,0.3650425550693132,0.5220242035216326,0.5060827065397167,1,plain
0,art,86,emotion,elastic,4.0,0.3699946873915245,0.6631158274456588,0.6609040908914847,1,plain
0,art,98,population,lasso,,0.202111263935649,0.3866802881424239,0.3879868321891357,1,plain
0,art,98,identity,lasso,40.0,0.35019565286566,0.3596693515073635,0.3745325304709748,1,plain
0,art,98,random,lasso,7.0,0.1919946795146015,0.1516161333749007,0.20663123809998848,1,plain
0,art,98,shuffled,lasso,6.0,0.28839505704125484,0.3610001823269742,0.3472943331939514,1,plain
0,art,98,pca,lasso,7.0,0.3603601075572801,0.35957077144665167,0.3817924607321726,1,plain
0,art,98,emotion,lasso,6.0,0.28273118684904963,0.24960471372252832,0.2942592531722115,1,plain
0,art,98,population,elastic,,0.20361142769793464,0.3857437775656608,0.3912502883468557,1,plain
0,art,98,identity,elastic,52.0,0.3500080686017497,0.3493184451326142,0.38210653475429135,1,plain
0,art,98,random,elastic,7.0,0.18984607006563187,0.14259605781976195,0.2064432760740914,1,plain
0,art,98,shuffled,elastic,6.0,0.26415126508409126,0.3596693515073635,0.3443695402568261,1,plain
0,art,98,pca,elastic,7.0,0.35707810159554937,0.35528253880568406,0.3814967520158305,1,plain
0,art,98,emotion,elastic,6.0,0.29653441805644426,0.2842063150324049,0.3143673675826114,1,plain
0,art,99,population,lasso,,0.4712366498744009,0.7175395719798754,0.731849245974576,1,plain
0,art,99,identity,lasso,44.0,0.6141579909035493,0.6612867235367981,0.6619969102844265,1,plain
0,art,99,random,lasso,7.0,0.3427796187047841,0.4999119717855865,0.5010014987407578,1,plain
0,art,99,shuffled,lasso,4.0,0.17049296952088955,0.33698273717584426,0.34871053896583876,1,plain
0,art,99,pca,lasso,7.0,0.628458801621965,0.6581291802304078,0.6725542382037581,1,plain
0,art,99,emotion,lasso,6.0,0.6722053225249337,0.7179767702838372,0.7205274079913261,1,plain
0,art,99,population,elastic,,0.47130069760266147,0.7193855203743805,0.7332683652033011,1,plain
0,art,99,identity,elastic,61.0,0.6293864854278296,0.6859641389159717,0.6844148011433291,1,plain
0,art,99,random,elastic,7.0,0.3321387905239726,0.5000091269642446,0.5037068464162645,1,plain
0,art,99,shuffled,elastic,4.0,0.1665508072747588,0.3270243313633824,0.34803245113756015,1,plain
0,art,99,pca,elastic,7.0,0.6177298018012921,0.6488022830792239,0.6691613082407162,1,plain
0,art,99,emotion,elastic,5.0,0.6634382905143357,0.7238546585926561,0.7254676053654844,1,plain
0,art,105,population,lasso,,0.19539536554335737,0.2579347676457762,0.25176478727640533,1,plain
0,art,105,identity,lasso,29.0,0.11622630795146381,0.15080562893564453,0.19465677922682106,1,plain
0,art,105,random,lasso,6.0,0.00471053167741551,0.0671296226332968,0.02573314100802077,1,plain
0,art,105,shuffled,lasso,6.0,0.025750019022563256,0.13689275377848462,0.0908829328279007,1,plain
0,art,105,pca,lasso,7.0,0.08365404447778282,0.12188672414469062,0.1435707014964567,1,plain
0,art,105,emotion,lasso,4.0,0.08902533607551921,0.24104056209779626,0.24041115536729987,1,plain
0,art,105,population,elastic,,0.19574913222377283,0.25753725692700025,0.25261691595551206,1,plain
0,art,105,identity,elastic,33.0,0.10554671508388173,0.16938925503842248,0.1949685439152298,1,plain
0,art,105,random,elastic,6.0,0.004815092893468542,0.07587485844636878,0.028132625276092685,1,plain
0,art,105,shuffled,elastic,6.0,0.021142675838313817,0.15647015667820252,0.08761790444975391,1,plain
0,art,105,pca,elastic,7.0,0.0813175607381948,0.1302344492389866,0.1479639646884688,1,plain
0,art,105,emotion,elastic,3.0,0.07829353062544732,0.27890345806121014,0.26552269050773664,1,plain
0,art,109,population,lasso,,0.36351336096781284,0.4497326599499079,0.47881967156644123,1,plain
0,art,109,identity,lasso,31.0,0.26066048950636533,0.4095381831376356,0.37575448412318485,1,plain
0,art,109,random,lasso,7.0,0.06379603265568742,0.13101172039063055,0.11392334818974463,1,plain
0,art,109,shuffled,lasso,3.0,-0.026137409941836397,-0.18619053616566428,-0.15663940640409363,1,plain
0,art,109,pca,lasso,7.0,0.345818121948944,0.4130311540444956,0.41857418057210805,1,plain
0,art,109,emotion,lasso,5.0,0.35470950880626256,0.50389902038962,0.5062505162546946,1,plain
0,art,109,population,elastic,,0.3641816260404472,0.44831522248045746,0.47997950606704615,1,plain
0,art,109,identity,elastic,32.0,0.25512263014536246,0.41343613617862424,0.3844525235999126,1,plain
0,art,109,random,elastic,7.0,0.06208086163118086,0.12741750395023843,0.11387150838004453,1,plain
0,art,109,shuffled,elastic,3.0,-0.022429588548358574,-0.17388920384150533,-0.14396820368039417,1,plain
0,art,109,pca,elastic,4.0,0.3406668004794482,0.4096900514379339,0.42392035722027294,1,plain
0,art,109,emotion,elastic,3.0,0.323861824132489,0.4841561413508464,0.4805533728752048,1,plain
0,art,110,population,lasso,,0.3220496067491026,0.4865427806559464,0.5087595812214964,1,plain
0,art,110,identity,lasso,28.0,0.33112231126292085,0.49579264340605955,0.43857201367282395,1,plain
0,art,110,random,lasso,6.0,0.22131613674007217,0.2438880478446474,0.30166257811384417,1,plain
0,art,110,shuffled,lasso,4.0,0.3555164883651287,0.48828997695319004,0.4688922142224591,1,plain
0,art,110,pca,lasso,7.0,0.4497036093897636,0.5198422865563535,0.5093917629845927,1,plain
0,art,110,emotion,lasso,4.0,0.3904085023167067,0.43330468171640685,0.45782414656694653,1,plain
0,art,110,population,elastic,,0.3220220059698323,0.4899343969976546,0.5097724428093351,1,plain
0,art,110,identity,elastic,29.0,0.33677037760854245,0.4952787621421644,0.46179596903186365,1,plain
0,art,110,random,elastic,6.0,0.21749443908975616,0.24142141777795065,0.3023540257204314,1,plain
0,art,110,shuffled,elastic,4.0,0.3294655695762661,0.46321257127510573,0.4631869284617951,1,plain
0,art,110,pca,elastic,7.0,0.4364997602687328,0.5131618301257163,0.5068943898974543,1,plain
0,art,110,emotion,elastic,3.0,0.36302527157095493,0.4110022348633565,0.4438385868879489,1,plain
0,art,116,population,lasso,,0.36766002758745114,0.5825308081123058,0.5988767191502403,1,plain
0,art,116,identity,lasso,25.0,0.5744617161102065,0.630426558430253,0.6373223991328141,1,plain
0,art,116,random,lasso,7.0,0.33068762461685225,0.49346680280408983,0.4572097942843833,1,plain
0,art,116,shuffled,lasso,7.0,0.27785621456077775,0.3974242762231331,0.41525951031888125,1,plain
0,art,116,pca,lasso,7.0,0.55648413411377,0.6385597990502817,0.6198771166003137,1,plain
0,art,116,emotion,lasso,6.0,0.5966414968648559,0.5897101501410967,0.6225680801270953,1,plain
0,art,116,population,elastic,,0.3693740552263807,0.5825308081123058,0.6010965173518515,1,plain
0,art,116,identity,elastic,37.0,0.5755455744890237,0.6399153391536198,0.654938005365745,1,plain
0,art,116,random,elastic,7.0,0.3250863956155197,0.49893916840645486,0.459942527221202,1,plain
0,art,116,shuffled,elastic,7.0,0.26292163957774867,0.3930062195900311,0.4079016910008445,1,plain
0,art,116,pca,elastic,7.0,0.5477126918797453,0.6498966731215897,0.6217579979371831,1,plain
0,art,116,emotion,elastic,6.0,0.5839065974524492,0.5992491360534761,0.6185748271468537,1,plain
0,art,117,population,lasso,,0.4300957843084696,0.7340510690551971,0.7427844449451173,1,plain
0,art,117,identity,lasso,43.0,0.5171814185720229,0.5579591437079775,0.5731506546697924,1,plain
0,art,117,random,lasso,6.0,0.29931798144833144,0.40366441078899507,0.3882883135527283,1,plain
0,art,117,shuffled,lasso,5.0,0.4024678782572014,0.5227407586385336,0.5161474518317537,1,plain
0,art,117,pca,lasso,7.0,0.592885945635987,0.6396618784726958,0.6160730307197135,1,plain
0,art,117,emotion,lasso,6.0,0.647605291673608,0.6719902987033399,0.7087621520320084,1,plain
0,art,117,population,elastic,,0.4297474154585979,0.7391452443642682,0.7438030343871359,1,plain
0,art,117,identity,elastic,50.0,0.5080379920493523,0.55648967006113,0.5836030448238534,1,plain
0,art,117,random,elastic,6.0,0.2978834090842641,0.4027827266008866,0.3926544664744594,1,plain
0,art,117,shuffled,elastic,6.0,0.3867076541358816,0.5005027241162422,0.5230718865106394,1,plain
0,art,117,pca,elastic,7.0,0.5894402255709814,0.6457846853345602,0.6199963541046432,1,plain
0,art,117,emotion,elastic,4.0,0.6447212819028711,0.6623407550890414,0.7146849188536268,1,plain
0,art,126,population,lasso,,0.38637649658734474,0.47267040866740073,0.4782998609015313,1,plain
0,art,126,identity,lasso,32.0,0.40493014856975384,0.5143737249321182,0.530180262601093,1,plain
0,art,126,random,lasso,7.0,0.1619190036325918,0.21565587395450156,0.22368115794172905,1,plain
0,art,126,shuffled,lasso,5.0,0.10324397660891818,0.24288365895377995,0.2014226338750299,1,plain
0,art,126,pca,lasso,7.0,0.34362780180368174,0.39783092729506225,0.40308151306854345,1,plain
0,art,126,emotion,lasso,4.0,0.33534234925846207,0.4038870169061134,0.40661770149954807,1,plain
0,art,126,population,elastic,,0.38740800717942364,0.48035130280824595,0.47962593975196016,1,plain
0,art,126,identity,elastic,39.0,0.3912034703945899,0.5345606903022885,0.5369083335140508,1,plain
0,art,126,random,elastic,7.0,0.15852321361602306,0.21107687937053612,0.22442535730669166,1,plain
0,art,126,shuffled,elastic,6.0,0.09626028095120434,0.23008216871903786,0.19722878238305455,1,plain
0,art,126,pca,elastic,7.0,0.3399243192469301,0.4051179294286847,0.40677192937130907,1,plain
0,art,126,emotion,elastic,5.0,0.327467538571094,0.40039122534201066,0.4064714193048855,1,plain
0,art,127,population,lasso,,0.252174374800148,0.45159857309690626,0.4895661146221735,1,plain
0,art,127,identity,lasso,40.0,0.45554426879402776,0.5210337552040586,0.5230408885734482,1,plain
0,art,127,random,lasso,4.0,0.0673325600923236,0.11374611457553284,0.1063127704248724,1,plain
0,art,127,shuffled,lasso,6.0,0.11002297203062164,0.2358342651639391,0.21956685271843737,1,plain
0,art,127,pca,lasso,7.0,0.541854307501155,0.6097046909408954,0.59381806799149,1,plain
0,art,127,emotion,lasso,6.0,0.617212766273004,0.6510713754047325,0.6761758556765591,1,plain
0,art,127,population,elastic,,0.2518970807973438,0.4472803426902424,0.4900962029400494,1,plain
0,art,127,identity,elastic,46.0,0.4735391390996328,0.5386501724312442,0.5612787612407207,1,plain
0,art,127,random,elastic,5.0,0.06579717811167494,0.11016394617000486,0.10628663903421284,1,plain
0,art,127,shuffled,elastic,6.0,0.1049305412603541,0.24898523958423366,0.2212266620996307,1,plain
0,art,127,pca,elastic,7.0,0.5364801242906387,0.6102935405418042,0.5955371058832639,1,plain
0,art,127,emotion,elastic,5.0,0.5990795425691319,0.6601985442188175,0.6741423412554001,1,plain
0,art,136,population,lasso,,0.36244528725877473,0.3371409319202754,0.3803233566306861,1,plain
0,art,136,identity,lasso,28.0,0.2758772999583885,0.35234470147707114,0.37531904016701034,1,plain
0,art,136,random,lasso,5.0,0.17214604751678197,0.26505592660903393,0.33386828081023684,1,plain
0,art,136,shuffled,lasso,6.0,0.012290901004761476,0.03816890399223553,0.03502178913297005,1,plain
0,art,136,pca,lasso,7.0,0.33888612215282904,0.4261308278576044,0.4243850453915231,1,plain
0,art,136,emotion,lasso,5.0,0.3813247002997003,0.4107144181671472,0.402370909769526,1,plain
0,art,136,population,elastic,,0.3634506066348504,0.3333134095143688,0.38172365127973723,1,plain
0,art,136,identity,elastic,30.0,0.25528578367492577,0.35978710615522297,0.37477691191292783,1,plain
0,art,136,random,elastic,5.0,0.16270901311742073,0.25527448046060586,0.33032522452431196,1,plain
0,art,136,shuffled,elastic,6.0,0.012218327452242717,0.03455402171999038,0.03587808476249069,1,plain
0,art,136,pca,elastic,7.0,0.33137730161831414,0.43229739173378734,0.4295826182403083,1,plain
0,art,136,emotion,elastic,5.0,0.37704439839672743,0.421027464649729,0.40747294996125766,1,plain
0,art,144,population,lasso,,0.1756245052601044,0.6770972883882282,0.6817389780652593,1,plain
0,art,144,identity,lasso,13.0,0.24979518662453776,0.502491820385146,0.5153563618942737,1,plain
0,art,144,random,lasso,6.0,0.2926675348941973,0.6306063554218463,0.5615025512726732,1,plain
0,art,144,shuffled,lasso,1.0,0.10461711683435376,0.26825546710422526,0.22920952502829345,1,plain
0,art,144,pca,lasso,7.0,0.38524153454996146,0.5959747861941942,0.6110358976839726,1,plain
0,art,144,emotion,lasso,4.0,0.5656676467774251,0.65761007097717,0.6784854781374965,1,plain
0,art,144,population,elastic,,0.17480293653531268,0.6746474667708382,0.6799745766548925,1,plain
0,art,144,identity,elastic,13.0,0.22832732652343912,0.5176361722017399,0.5233306286427137,1,plain
0,art,144,random,elastic,6.0,0.28207097246441337,0.6281565338044561,0.5581093912885172,1,plain
0,art,144,shuffled,elastic,1.0,0.10133894051942048,0.26825546710422526,0.22920936507476697,1,plain
0,art,144,pca,elastic,6.0,0.3617624554221391,0.5842267779835276,0.611327133605612,1,plain
0,art,144,emotion,elastic,3.0,0.5266782718422093,0.6548261827755901,0.6734422841898439,1,plain
0,fashion,3,population,lasso,,0.2396605581041413,0.4839319071524737,0.4956097398022119,1,plain
0,fashion,3,identity,lasso,30.0,0.38105460599637003,0.40143506826552083,0.46275245132737375,1,plain
0,fashion,3,random,lasso,6.0,0.27387721370360985,0.401484615916504,0.41247694037953603,1,plain
0,fashion,3,shuffled,lasso,7.0,0.3070168980121706,0.5090030185499501,0.48133584665151924,1,plain
0,fashion,3,pca,lasso,4.0,0.1546729633836903,0.45197367226833884,0.4831976800970839,1,plain
0,fashion,3,emotion,lasso,7.0,0.316411426538983,0.3652157353968346,0.4198578846772509,1,plain
0,fashion,3,population,elastic,,0.23908843003448754,0.48308959708576005,0.497637059494271,1,plain
0,fashion,3,identity,elastic,34.0,0.3608075983559764,0.40752942933644887,0.46446603308293,1,plain
0,fashion,3,random,elastic,6.0,0.2678733023467861,0.401484615916504,0.4135328599540377,1,plain
0,fashion,3,shuffled,elastic,7.0,0.2931785323624797,0.5039987058006514,0.4730951408774921,1,plain
0,fashion,3,pca,elastic,4.0,0.13547525456291853,0.4514286481075241,0.48369760883001656,1,plain
0,fashion,3,emotion,elastic,7.0,0.3158469693027532,0.37542255149936454,0.42624813802006356,1,plain
0,fashion,14,population,lasso,,0.228066268152598,0.4560145842561296,0.5475740518544311,1,plain
0,fashion,14,identity,lasso,37.0,0.44373144213926347,0.5069393229890186,0.49878718172386083,1,plain
0,fashion,14,random,lasso,6.0,0.274567301674048,0.29611974403020264,0.4177624479505785,1,plain
0,fashion,14,shuffled,lasso,6.0,0.30302982611512685,0.5624310826497363,0.5424081476301899,1,plain
0,fashion,14,pca,lasso,6.0,0.40375057117765234,0.5623819748978243,0.5478671696533262,1,plain
0,fashion,14,emotion,lasso,7.0,0.5990786743895006,0.682499536074918,0.692753429191548,1,plain
0,fashion,14,population,elastic,,0.22758597685500567,0.4675549059554824,0.5495610928753167,1,plain
0,fashion,14,identity,elastic,57.0,0.4475536706233632,0.5361093276248295,0.5235930701339233,1,plain
0,fashion,14,random,elastic,5.0,0.2693316778183705,0.2928786324040014,0.41930802087713115,1,plain
0,fashion,14,shuffled,elastic,4.0,0.2944731955917303,0.5486809121143373,0.5460239989957469,1,plain
0,fashion,14,pca,elastic,6.0,0.3659363772389281,0.5583551392410288,0.5467140650673998,1,plain
0,fashion,14,emotion,elastic,7.0,0.5894834345912185,0.6846602771590522,0.6898438909997581,1,plain
0,fashion,15,population,lasso,,-0.0035331340501664537,-0.0264934171617345,-0.007926371612955485,1,plain
0,fashion,15,identity,lasso,8.0,0.004151945641848164,-0.0441556952695575,0.01890236474998465,1,plain
0,fashion,15,random,lasso,5.0,0.033418628303208596,0.056725169260400866,0.06777649257843914,1,plain
0,fashion,15,shuffled,lasso,5.0,0.06959683748574123,0.17618935094061475,0.15776404424758134,1,plain
0,fashion,15,pca,lasso,1.0,-0.011634393621451493,-0.41945201567719537,-0.3581625649610106,1,plain
0,fashion,15,emotion,lasso,5.0,0.012939616357226931,0.00043343013761528836,0.028301082908922564,1,plain
0,fashion,15,population,elastic,,-0.0034313616142466973,-0.028714746617012853,-0.007740239242577566,1,plain
0,fashion,15,identity,elastic,8.0,-0.0012512947998614891,-0.07303297818817608,-0.006554225593104081,1,plain
0,fashion,15,random,elastic,5.0,0.03136182228506661,0.05927157131889068,0.06627672366957307,1,plain
0,fashion,15,shuffled,elastic,5.0,0.06613370549268194,0.18144469135920005,0.1555811489389274,1,plain
0,fashion,15,pca,elastic,1.0,-0.006916301385520425,-0.41945201567719537,-0.35816237952110214,1,plain
0,fashion,15,emotion,elastic,4.0,0.009024766867571381,-0.04393898020074986,0.022019275557376327,1,plain
0,fashion,19,population,lasso,,0.3114006469586485,0.3881165033055951,0.4585400395299601,1,plain
0,fashion,19,identity,lasso,33.0,0.08673324731358484,0.18715989548300696,0.14758338779434882,1,plain
0,fashion,19,random,lasso,5.0,0.0964863062077627,0.19904470386541767,0.1753714571119339,1,plain
0,fashion,19,shuffled,lasso,5.0,0.13793397034708374,0.19439412667230047,0.2578365490926904,1,plain
0,fashion,19,pca,lasso,4.0,0.08421938443103955,0.2479791105529957,0.2616597381019247,1,plain
0,fashion,19,emotion,lasso,7.0,0.43270394974763265,0.5442208777545636,0.5577376296058456,1,plain
0,fashion,19,population,elastic,,0.3103917013924388,0.3824324645140074,0.45854121582435303,1,plain
0,fashion,19,identity,elastic,35.0,0.07373143537426836,0.17000443294839673,0.13075755021097474,1,plain
0,fashion,19,random,elastic,5.0,0.09281885367482284,0.19186214575604774,0.1736200844527975,1,plain
0,fashion,19,shuffled,elastic,5.0,0.12613806151420567,0.1957376267503121,0.24919464017237367,1,plain
0,fashion,19,pca,elastic,4.0,0.07230314823373563,0.24425864879850193,0.26122128555616353,1,plain
0,fashion,19,emotion,elastic,6.0,0.42790337939196343,0.5253085305025536,0.5610666962919191,1,plain
0,fashion,21,population,lasso,,0.09668405940407297,0.14585631970193683,0.1786397776636118,1,plain
0,fashion,21,identity,lasso,23.0,0.03390966674148143,0.09427360324344096,0.04834722074515687,1,plain
0,fashion,21,random,lasso,6.0,0.06060290960369522,0.08194629392329113,0.13673589011629053,1,plain
0,fashion,21,shuffled,lasso,5.0,0.05810890671071115,0.2346230511589174,0.24829109404827018,1,plain
0,fashion,21,pca,lasso,1.0,0.06465578525865669,0.2443232289846091,0.23618575884467338,1,plain
0,fashion,21,emotion,lasso,6.0,0.1478783491841956,0.23073287567673897,0.23857841525361959,1,plain
0,fashion,21,population,elastic,,0.09755007849748537,0.1469172766516218,0.18117975724862906,1,plain
0,fashion,21,identity,elastic,25.0,0.04810801191369791,0.10791447831081988,0.07508139287642801,1,plain
0,fashion,21,random,elastic,6.0,0.05764095657404633,0.07750037908651577,0.1335169680669363,1,plain
0,fashion,21,shuffled,elastic,5.0,0.05285791014286536,0.2322990502215121,0.24786140262651618,1,plain
0,fashion,21,pca,elastic,1.0,0.055944294703672494,0.2443232289846091,0.23618575205916068,1,plain
0,fashion,21,emotion,elastic,6.0,0.1481834418549214,0.24775870863120822,0.24329514501351807,1,plain
0,fashion,22,population,lasso,,0.16015398905354156,0.4079398013921249,0.38454690542816017,1,plain
0,fashion,22,identity,lasso,43.0,0.2824854044334489,0.3645626898940375,0.3667320249103525,1,plain
0,fashion,22,random,lasso,6.0,0.054865950988990005,0.1374908219506791,0.12416682240693538,1,plain
0,fashion,22,shuffled,lasso,6.0,0.09259512969478449,0.2597752857132647,0.2760158448854999,1,plain
0,fashion,22,pca,lasso,4.0,0.20486600945065625,0.43713405958016344,0.46061362256715194,1,plain
0,fashion,22,emotion,lasso,7.0,0.25999145819666675,0.381426151218013,0.3530441071159402,1,plain
0,fashion,22,population,elastic,,0.1588930960496109,0.4094994278729549,0.3840856044344814,1,plain
0,fashion,22,identity,elastic,47.0,0.2648180438856609,0.36436773658393373,0.3636353687478832,1,plain
0,fashion,22,random,elastic,6.0,0.053872667891586214,0.13427409233396703,0.12508037177994857,1,plain
0,fashion,22,shuffled,elastic,6.0,0.08996422028004666,0.259531594075635,0.2850282622832496,1,plain
0,fashion,22,pca,elastic,4.0,0.1817813678594845,0.43630550801222245,0.4605530670556877,1,plain
0,fashion,22,emotion,elastic,6.0,0.2582979258429906,0.37084993414488393,0.35211852178067354,1,plain
0,fashion,30,population,lasso,,0.194648689746304,0.38992434587068125,0.3596195521420531,1,plain
0,fashion,30,identity,lasso,33.0,0.4534727491561342,0.470420373489651,0.5123686155923132,1,plain
0,fashion,30,random,lasso,6.0,0.08029337190099102,0.09940415741109516,0.11885310091098848,1,plain
0,fashion,30,shuffled,lasso,6.0,0.2452780243067084,0.3620832413736147,0.4177616682194963,1,plain
0,fashion,30,pca,lasso,3.0,0.21412249655402002,0.39424195031140286,0.3650757857003651,1,plain
0,fashion,30,emotion,lasso,7.0,0.5003559007127268,0.5888815436046206,0.5763703177271737,1,plain
0,fashion,30,population,elastic,,0.19358588120834908,0.3920583342724172,0.3594399155451866,1,plain
0,fashion,30,identity,elastic,39.0,0.4245489310102797,0.4653087268529346,0.5036630787830719,1,plain
0,fashion,30,random,elastic,6.0,0.08061660058225434,0.09746867955835789,0.12249439494475431,1,plain
0,fashion,30,shuffled,elastic,6.0,0.2200615952466575,0.33721979511152844,0.3995484469478443,1,plain
0,fashion,30,pca,elastic,3.0,0.19004801251915573,0.39597891761514137,0.36435407565667605,1,plain
0,fashion,30,emotion,elastic,7.0,0.495848667289084,0.5819336743896665,0.571998705892642,1,plain
0,fashion,50,population,lasso,,0.03787796534901183,0.019838618926909843,0.0640800836267629,1,plain
0,fashion,50,identity,lasso,19.0,0.09855530510604048,0.2794958242919872,0.27567635645463834,1,plain
0,fashion,50,random,lasso,3.0,0.012434792811800233,0.09217245737355162,0.07460612768063031,1,plain
0,fashion,50,shuffled,lasso,4.0,0.030776288916273143,0.12371213840212411,0.16560685773065367,1,plain
0,fashion,50,pca,lasso,0.0,0.0,,,1,plain
0,fashion,50,emotion,lasso,7.0,0.08819934943253595,0.07366350459455799,0.16367703678778528,1,plain
0,fashion,50,population,elastic,,0.03785549533878561,0.013828527938328578,0.06448860789771745,1,plain
0,fashion,50,identity,elastic,21.0,0.08502273225950924,0.28853755409781745,0.28157659295133186,1,plain
0,fashion,50,random,elastic,3.0,0.011896126791705191,0.09142784433071854,0.07408005835845229,1,plain
0,fashion,50,shuffled,elastic,4.0,0.026124745711816704,0.1208400595226251,0.15483541637276324,1,plain
0,fashion,50,pca,elastic,0.0,0.0,,,1,plain
0,fashion,50,emotion,elastic,7.0,0.09775005767173876,0.08717291265738669,0.18807220387429222,1,plain
0,fashion,57,population,lasso,,0.07920419255406654,0.20213833560044592,0.14455378707669053,1,plain
0,fashion,57,identity,lasso,27.0,0.08195949301765255,0.16445677661466312,0.13511811621373804,1,plain
0,fashion,57,random,lasso,6.0,0.013534255151452087,-0.044650066469454984,0.027542375455550105,1,plain
0,fashion,57,shuffled,lasso,6.0,0.0004644701628176361,-0.021524945338454025,0.0007364432703905852,1,plain
0,fashion,57,pca,lasso,1.0,0.0932559012175672,0.2944323458286373,0.17536338778831528,1,plain
0,fashion,57,emotion,lasso,7.0,0.17413655904529762,0.29458720155049667,0.25460871612602864,1,plain
0,fashion,57,population,elastic,,0.08131285037661427,0.21013921456318066,0.14908321879889685,1,plain
0,fashion,57,identity,elastic,32.0,0.08661346363733703,0.18211032890663262,0.15227207704378004,1,plain
0,fashion,57,random,elastic,6.0,0.014314680618735377,-0.0437209321382987,0.029931197333173523,1,plain
0,fashion,57,shuffled,elastic,6.0,0.0009772818964916086,-0.010014003346906667,0.0015772243192332352,1,plain
0,fashion,57,pca,elastic,1.0,0.08288334045921844,0.2944323458286373,0.1753633718753459,1,plain
0,fashion,57,emotion,elastic,7.0,0.1767544957245861,0.2890640141375121,0.25843407756361875,1,plain
0,fashion,62,population,lasso,,0.14397859756846207,0.29439797253124367,0.2800335864237131,1,plain
0,fashion,62,identity,lasso,34.0,0.19430481257802387,0.2744052374660861,0.2722949926292738,1,plain
0,fashion,62,random,lasso,7.0,0.0008588883260578019,-0.03483882546007657,0.0027506110897447264,1,plain
0,fashion,62,shuffled,lasso,4.0,-0.02814519799759138,-0.09748932692663473,-0.0676653514923748,1,plain
0,fashion,62,pca,lasso,5.0,0.08164220223806075,0.10931671227458686,0.18473869565846399,1,plain
0,fashion,62,emotion,lasso,7.0,0.22532267069234715,0.2788095776165787,0.27007233724916974,1,plain
0,fashion,62,population,elastic,,0.1434596066546501,0.29162670232419213,0.28029353636357524,1,plain
0,fashion,62,identity,elastic,37.0,0.17597884399847644,0.2584209468075566,0.26829743899604847,1,plain
0,fashion,62,random,elastic,7.0,0.0016112332184954913,-0.028702441430176723,0.005301967032284711,1,plain
0,fashion,62,shuffled,elastic,4.0,-0.026055068269606275,-0.09041269050505667,-0.0652306725865448,1,plain
0,fashion,62,pca,elastic,5.0,0.070454242491627,0.10733723355526432,0.18124207425649413,1,plain
0,fashion,62,emotion,elastic,7.0,0.20427929755332602,0.271980376034916,0.254355555509889,1,plain
0,fashion,63,population,lasso,,0.14940974929720172,0.18998589373809346,0.2378652494280946,1,plain
0,fashion,63,identity,lasso,24.0,0.05950872046348717,0.13379921380766363,0.12280745581671411,1,plain
0,fashion,63,random,lasso,6.0,0.13811655526414918,0.38441677815512765,0.33255932447044945,1,plain
0,fashion,63,shuffled,lasso,5.0,0.056396101157989674,0.1789483326139824,0.1593928494631095,1,plain
0,fashion,63,pca,lasso,3.0,0.016716897530831522,0.21545718863988833,0.24293151431205803,1,plain
0,fashion,63,emotion,lasso,6.0,0.09511244886061906,0.0906478436210935,0.15918649171215005,1,plain
0,fashion,63,population,elastic,,0.1484099207912148,0.18349321072391045,0.23755517255904063,1,plain
0,fashion,63,identity,elastic,23.0,0.06101141022746175,0.1589708464164962,0.13813962096100504,1,plain
0,fashion,63,random,elastic,6.0,0.13390444031900126,0.38291846669031615,0.3321973553119013,1,plain
0,fashion,63,shuffled,elastic,5.0,0.054749305831412125,0.18993595002259975,0.16185085900083374,1,plain
0,fashion,63,pca,elastic,2.0,0.010242223075701967,0.17490289165899142,0.18881487964362811,1,plain
0,fashion,63,emotion,elastic,6.0,0.09064048214392464,0.0990883315395314,0.16094336614798202,1,plain
0,fashion,79,population,lasso,,0.4381951747783783,0.4553763346583937,0.5367848430143122,1,plain
0,fashion,79,identity,lasso,21.0,0.3481907898935681,0.585037432984459,0.6004354818480974,1,plain
0,fashion,79,random,lasso,4.0,0.054997065547373686,0.08165934047086058,0.13103965047769017,1,plain
0,fashion,79,shuffled,lasso,3.0,0.2924049470606754,0.42305071117212456,0.45732087702873986,1,plain
0,fashion,79,pca,lasso,1.0,0.24846529171117476,0.3847825008008995,0.5506719896086385,1,plain
0,fashion,79,emotion,lasso,7.0,0.45080457263990714,0.49236381509751626,0.5487616025792246,1,plain
0,fashion,79,population,elastic,,0.4360641149222336,0.4533783959643137,0.5372367025480225,1,plain
0,fashion,79,identity,elastic,23.0,0.33954789243542277,0.6070659878166234,0.6140794666321749,1,plain
0,fashion,79,random,elastic,4.0,0.05393368866732812,0.08032738134147388,0.1324532475831707,1,plain
0,fashion,79,shuffled,elastic,3.0,0.28595119257141305,0.42305071117212456,0.45784762637732884,1,plain
0,fashion,79,pca,elastic,1.0,0.21786465290831303,0.3847825008008995,0.5506719489938919,1,plain
0,fashion,79,emotion,elastic,7.0,0.44482067422960314,0.4952838793427102,0.5571537108868883,1,plain
0,fashion,80,population,lasso,,0.1371169223818804,0.2796556776962023,0.2862229815809446,1,plain
0,fashion,80,identity,lasso,38.0,0.31713398192513736,0.41867639415808916,0.42686101335829074,1,plain
0,fashion,80,random,lasso,7.0,0.06831168292403618,0.07215184967673578,0.11129406496745355,1,plain
0,fashion,80,shuffled,lasso,5.0,0.25366489340456877,0.3865382482342821,0.4060568898310163,1,plain
0,fashion,80,pca,lasso,3.0,0.21350648999089078,0.41642623477834007,0.4299419754374289,1,plain
0,fashion,80,emotion,lasso,5.0,0.29987276159561443,0.3018148559359049,0.3515023377360627,1,plain
0,fashion,80,population,elastic,,0.13567285558179343,0.2717312033588252,0.2852483359674134,1,plain
0,fashion,80,identity,elastic,41.0,0.29898153580135456,0.42772594818534077,0.4260327492082951,1,plain
0,fashion,80,random,elastic,7.0,0.06837873409564785,0.07249426523452367,0.11463965641755353,1,plain
0,fashion,80,shuffled,elastic,5.0,0.2458296023399334,0.37944535453724704,0.4015940510863913,1,plain
0,fashion,80,pca,elastic,3.0,0.1876843183623648,0.4124639976096515,0.4302245478179628,1,plain
0,fashion,80,emotion,elastic,6.0,0.2998871510322005,0.314582064590568,0.35506656433489275,1,plain
0,fashion,85,population,lasso,,0.24003265423921621,0.3949097365807394,0.41386976703149986,1,plain
0,fashion,85,identity,lasso,30.0,0.12902744664906968,0.2294134500604744,0.229604337093286,1,plain
0,fashion,85,random,lasso,5.0,0.20462545995785966,0.3918613795503602,0.4047199071564608,1,plain
0,fashion,85,shuffled,lasso,5.0,0.171891900986719,0.3905830362795561,0.4085143150179121,1,plain
0,fashion,85,pca,lasso,2.0,0.10001547407619467,0.3720962259017724,0.43521268737488406,1,plain
0,fashion,85,emotion,lasso,7.0,0.3846704927097749,0.5251532490561351,0.4812896967561256,1,plain
0,fashion,85,population,elastic,,0.24018706773107318,0.39899060163753736,0.4168649719117488,1,plain
0,fashion,85,identity,elastic,32.0,0.12395640707271738,0.24219688276851625,0.23790124026412235,1,plain
0,fashion,85,random,elastic,5.0,0.19889991371993573,0.39505723772737067,0.4046412676237617,1,plain
0,fashion,85,shuffled,elastic,5.0,0.155303614290605,0.3799137866732288,0.4002141625214693,1,plain
0,fashion,85,pca,elastic,2.0,0.08621597740906256,0.37445624424787244,0.4361135355851802,1,plain
0,fashion,85,emotion,elastic,7.0,0.3728405317259718,0.5237274046386997,0.478510549001609,1,plain
0,fashion,86,population,lasso,,0.06894700156271862,0.1258841896009291,0.15462295231988998,1,plain
0,fashion,86,identity,lasso,27.0,0.12283022308364383,0.17881959206427686,0.19895650410890922,1,plain
0,fashion,86,random,lasso,6.0,0.1173997248631015,0.18612447747037206,0.18978316860561137,1,plain
0,fashion,86,shuffled,lasso,7.0,0.009848932042507395,-0.00680455078923941,0.014928117753085505,1,plain
0,fashion,86,pca,lasso,2.0,0.05512078477953923,0.1519015896774327,0.11856972687158882,1,plain
0,fashion,86,emotion,lasso,7.0,0.054795077510035615,0.12763536075992452,0.11821156230042275,1,plain
0,fashion,86,population,elastic,,0.06702591099448975,0.12448325267373271,0.15081577594716125,1,plain
0,fashion,86,identity,elastic,34.0,0.10522393066548308,0.17401637974246076,0.18097520802416345,1,plain
0,fashion,86,random,elastic,6.0,0.11244802336030946,0.18457344015811897,0.18813381021875633,1,plain
0,fashion,86,shuffled,elastic,7.0,0.00509074890987056,-0.02366582737728118,0.007879624429867553,1,plain
0,fashion,86,pca,elastic,2.0,0.04601984815141577,0.15485356391688215,0.11304393057278289,1,plain
0,fashion,86,emotion,elastic,6.0,0.053166671908686396,0.14429650350122397,0.11904882948512277,1,plain
0,fashion,98,population,lasso,,0.1501533178962835,0.29205914624811036,0.3262209613528578,1,plain
0,fashion,98,identity,lasso,49.0,0.2831180069205464,0.34173374389568806,0.33558773487253923,1,plain
0,fashion,98,random,lasso,5.0,0.04732553158143015,0.0651856380197463,0.0865009313378595,1,plain
0,fashion,98,shuffled,lasso,6.0,0.021742156152239362,0.033819958279823197,0.045825411091940944,1,plain
0,fashion,98,pca,lasso,2.0,0.05939586967748525,0.24979646979103085,0.23073096424718834,1,plain
0,fashion,98,emotion,lasso,7.0,0.27950162157001057,0.41884717561934887,0.3986301515311286,1,plain
0,fashion,98,population,elastic,,0.1506772828996987,0.29701678889870853,0.3292721665064031,1,plain
0,fashion,98,identity,elastic,63.0,0.2808708623863822,0.3523362271880565,0.34723029407933065,1,plain
0,fashion,98,random,elastic,5.0,0.0451769218109061,0.056890176554884014,0.08500805617704436,1,plain
0,fashion,98,shuffled,elastic,6.0,0.015648218227969326,0.056890176554884014,0.03575260333656373,1,plain
0,fashion,98,pca,elastic,2.0,0.05235912542072375,0.2463604798351707,0.23083095699185355,1,plain
0,fashion,98,emotion,elastic,7.0,0.27851462949627576,0.4142331319643367,0.4036714783341297,1,plain
0,fashion,99,population,lasso,,0.23612794513757815,0.4179914088845003,0.43925436245729843,1,plain
0,fashion,99,identity,lasso,36.0,0.4870558755635706,0.5352759181284635,0.5723326520719291,1,plain
0,fashion,99,random,lasso,6.0,0.2424195002629146,0.2842459158869985,0.30259999446962027,1,plain
0,fashion,99,shuffled,lasso,6.0,0.25402123484219713,0.3197644076171043,0.3663093065049483,1,plain
0,fashion,99,pca,lasso,5.0,0.4107273687091503,0.5065181875828467,0.552627459620374,1,plain
0,fashion,99,emotion,lasso,7.0,0.38488265729779647,0.41603176796146,0.4355535532890208,1,plain
0,fashion,99,population,elastic,,0.2358613933474139,0.41691360637682817,0.4411497011163663,1,plain
0,fashion,99,identity,elastic,44.0,0.4664288753141486,0.5270454262516941,0.569164072283547,1,plain
0,fashion,99,random,elastic,6.0,0.23687268497088923,0.28968391944843536,0.3026335300274946,1,plain
0,fashion,99,shuffled,elastic,6.0,0.24637465687499321,0.33088536985535805,0.3653854620945094,1,plain
0,fashion,99,pca,elastic,5.0,0.3716170278671194,0.501178166067562,0.5510014966903233,1,plain
0,fashion,99,emotion,elastic,6.0,0.3866600618972324,0.4120634950923034,0.4385531374371625,1,plain
0,fashion,105,population,lasso,,0.050754248107858245,0.06910712486382817,0.10191217832226677,1,plain
0,fashion,105,identity,lasso,36.0,0.06592787488273383,0.1056344246776109,0.079325295901751,1,plain
0,fashion,105,random,lasso,6.0,-0.06185974801529335,-0.04573807426250319,-0.14270240752449037,1,plain
0,fashion,105,shuffled,lasso,6.0,0.001794461954411316,0.044053818363308586,0.004606319010586464,1,plain
0,fashion,105,pca,lasso,4.0,0.03544119849764568,0.0583173605096128,0.09123840586697075,1,plain
0,fashion,105,emotion,lasso,7.0,0.09372655317623631,0.10084482196427628,0.11822859624828705,1,plain
0,fashion,105,population,elastic,,0.05082682406875703,0.06726496997408409,0.10240401924785184,1,plain
0,fashion,105,identity,elastic,41.0,0.060793506355566206,0.08705497678962056,0.07686437251051295,1,plain
0,fashion,105,random,elastic,6.0,-0.059597903720002884,-0.05958055243400875,-0.14253531274809514,1,plain
0,fashion,105,shuffled,elastic,5.0,0.0028264102938140357,0.040790572558619065,0.00756819648312393,1,plain
0,fashion,105,pca,elastic,4.0,0.031768864788599215,0.05300142782777986,0.09304364647334493,1,plain
0,fashion,105,emotion,elastic,7.0,0.09260148518016804,0.10958189944134823,0.11717679458235297,1,plain
0,fashion,109,population,lasso,,0.35344070422277435,0.47583050850171443,0.5518199729279372,1,plain
0,fashion,109,identity,lasso,28.0,0.17350820002582037,0.3307503438754728,0.24517052800339356,1,plain
0,fashion,109,random,lasso,7.0,0.1552407987298753,0.36642496346921155,0.372007647896955,1,plain
0,fashion,109,shuffled,lasso,6.0,0.07906615347834742,0.12045251530442759,0.13744735587421247,1,plain
0,fashion,109,pca,lasso,2.0,0.20193096912217057,0.2833699897275385,0.38163510061954103,1,plain
0,fashion,109,emotion,lasso,7.0,0.22922325620006467,0.2953797693350898,0.3182317615161187,1,plain
0,fashion,109,population,elastic,,0.3519944327779365,0.47583050850171443,0.5540061290433528,1,plain
0,fashion,109,identity,elastic,34.0,0.1554128679033939,0.3451924839098699,0.23794080715748658,1,plain
0,fashion,109,random,elastic,7.0,0.15196342023814327,0.35968529811982625,0.3747331576664481,1,plain
0,fashion,109,shuffled,elastic,6.0,0.08088150976670108,0.12151667299117264,0.14495587198412566,1,plain
0,fashion,109,pca,elastic,2.0,0.17937222575426467,0.28635976608553654,0.38210921377363,1,plain
0,fashion,109,emotion,elastic,7.0,0.23204095440412423,0.3225411274348682,0.33135490598871215,1,plain
0,fashion,110,population,lasso,,0.2792929848439288,0.35576561654859573,0.39240457996816147,1,plain
0,fashion,110,identity,lasso,29.0,0.15719660347593162,0.22725028427851313,0.24096487151198706,1,plain
0,fashion,110,random,lasso,4.0,0.15680257012886684,0.2196552879701723,0.2658538177611548,1,plain
0,fashion,110,shuffled,lasso,6.0,0.19662919727645084,0.3101456716175749,0.32138082028422293,1,plain
0,fashion,110,pca,lasso,3.0,0.17405873354752555,0.3252856971532806,0.40406309105977767,1,plain
0,fashion,110,emotion,lasso,7.0,0.20790833482932147,0.2529833309811152,0.2751759016493993,1,plain
0,fashion,110,population,elastic,,0.2794708607632496,0.346072002839266,0.3931711886185087,1,plain
0,fashion,110,identity,elastic,30.0,0.1505286608245092,0.23789327252638542,0.23940975131470033,1,plain
0,fashion,110,random,elastic,4.0,0.15485750213106134,0.2194554196462686,0.2696204601600637,1,plain
0,fashion,110,shuffled,elastic,6.0,0.18437719671161815,0.29285706159990443,0.31431289744891167,1,plain
0,fashion,110,pca,elastic,3.0,0.1537963724712942,0.3252856971532806,0.40423059238401127,1,plain
0,fashion,110,emotion,elastic,6.0,0.2186635887085448,0.2600286893987208,0.29103633861209144,1,plain
0,fashion,116,population,lasso,,0.18504161756017745,0.25824586907985814,0.33243124401410473,1,plain
0,fashion,116,identity,lasso,15.0,0.08084188114354769,0.1669701784903248,0.17757837040666527,1,plain
0,fashion,116,random,lasso,7.0,0.02289461725185544,0.08464111396077874,0.10638986772603724,1,plain
0,fashion,116,shuffled,lasso,4.0,0.09642365378581273,0.2211022923476637,0.23531722214401718,1,plain
0,fashion,116,pca,lasso,3.0,0.05107287014772886,0.21316090517082104,0.2746330186661181,1,plain
0,fashion,116,emotion,lasso,7.0,0.21438799162188954,0.32449111147909004,0.4369418940896283,1,plain
0,fashion,116,population,elastic,,0.18496338114911404,0.2549285807654809,0.3334001500087528,1,plain
0,fashion,116,identity,elastic,17.0,0.07404007378745664,0.17883199731143157,0.18175366743508387,1,plain
0,fashion,116,random,elastic,7.0,0.02058355789137624,0.07222641375394244,0.10108796971097707,1,plain
0,fashion,116,shuffled,elastic,4.0,0.09005856657855592,0.22386669927631148,0.2325046993606438,1,plain
0,fashion,116,pca,elastic,3.0,0.04401002191265518,0.21672950320598455,0.277111861245809,1,plain
0,fashion,116,emotion,elastic,7.0,0.2029553195736205,0.3363529303001967,0.43861178760490244,1,plain
0,fashion,117,population,lasso,,0.33941408932361694,0.4563161878946497,0.5323407193592141,1,plain
0,fashion,117,identity,lasso,35.0,0.3919361469851344,0.4452588510363148,0.4771147074396587,1,plain
0,fashion,117,random,lasso,5.0,0.21541296246477498,0.3174460890783795,0.30379144139095343,1,plain
0,fashion,117,shuffled,lasso,7.0,0.10724154550757921,0.1341958609625195,0.17388733204747384,1,plain
0,fashion,117,pca,lasso,3.0,0.3211089182624339,0.4745607937109024,0.45956019380543917,1,plain
0,fashion,117,emotion,lasso,7.0,0.43091232934781226,0.4781292978788195,0.501700419610938,1,plain
0,fashion,117,population,elastic,,0.3396893959860102,0.4625485050329839,0.5352710706852458,1,plain
0,fashion,117,identity,elastic,41.0,0.39992555000598184,0.49185044770757147,0.5059603728015042,1,plain
0,fashion,117,random,elastic,5.0,0.2143095022839787,0.323577884972547,0.3081682349439447,1,plain
0,fashion,117,shuffled,elastic,7.0,0.10272621345834526,0.11273457533293306,0.17115271933565568,1,plain
0,fashion,117,pca,elastic,3.0,0.2916330648738457,0.47596809112923594,0.4599270846267187,1,plain
0,fashion,117,emotion,elastic,7.0,0.4458946479015352,0.497228334270489,0.5268877403389457,1,plain
0,fashion,126,population,lasso,,0.25265189808126404,0.29904893017068673,0.42293721357039643,1,plain
0,fashion,126,identity,lasso,30.0,0.14065671360149337,0.11378156506494258,0.2052334704911563,1,plain
0,fashion,126,random,lasso,4.0,0.059205336071519704,0.00486500583611011,0.11688719709106252,1,plain
0,fashion,126,shuffled,lasso,6.0,0.022346960525410957,-0.0969526163053372,0.03403518015759081,1,plain
0,fashion,126,pca,lasso,4.0,0.04119011003208769,-0.019062880010880433,0.09205685642794628,1,plain
0,fashion,126,emotion,lasso,7.0,0.2856943391660546,0.2384349288860904,0.40678698774993166,1,plain
0,fashion,126,population,elastic,,0.2498165063193487,0.2903117768323666,0.42071274098201744,1,plain
0,fashion,126,identity,elastic,37.0,0.13387872794502098,0.12936944090717292,0.20638439649137053,1,plain
0,fashion,126,random,elastic,4.0,0.05784614359130157,0.00486500583611011,0.11685369861734501,1,plain
0,fashion,126,shuffled,elastic,6.0,0.02356798396352231,-0.09347761213668712,0.03686307592551492,1,plain
0,fashion,126,pca,elastic,4.0,0.03609215495003169,-0.015041803758585342,0.09174649379734734,1,plain
0,fashion,126,emotion,elastic,7.0,0.28751668561466787,0.2413638609710955,0.41868812967216795,1,plain
0,fashion,127,population,lasso,,0.21000503569906825,0.4848026866646597,0.46578442555141464,1,plain
0,fashion,127,identity,lasso,49.0,0.39108648976741567,0.4833289729550701,0.4736504665117019,1,plain
0,fashion,127,random,lasso,7.0,0.09593957373201016,0.10777759596131961,0.16057132404566227,1,plain
0,fashion,127,shuffled,lasso,7.0,0.3985609477327955,0.5102488100502401,0.48612066574398805,1,plain
0,fashion,127,pca,lasso,5.0,0.2173953830161302,0.31286942054587263,0.3525534757712781,1,plain
0,fashion,127,emotion,lasso,7.0,0.2520586639519643,0.29420238022440437,0.27820031475413126,1,plain
0,fashion,127,population,elastic,,0.21013319664104982,0.4832798491647505,0.46820083680181257,1,plain
0,fashion,127,identity,elastic,57.0,0.385167619422512,0.4879466092451175,0.480724023964854,1,plain
0,fashion,127,random,elastic,7.0,0.09257062902990963,0.11052852821922021,0.1588581585167385,1,plain
0,fashion,127,shuffled,elastic,7.0,0.38981873955463575,0.5124102568243049,0.4861022865986718,1,plain
0,fashion,127,pca,elastic,5.0,0.19343693561604233,0.3022586818368275,0.35456884051528786,1,plain
0,fashion,127,emotion,elastic,7.0,0.25806724930307373,0.2983287786112553,0.28796087670201503,1,plain
0,fashion,136,population,lasso,,0.23656803616125155,0.48993497500706024,0.4390064571819795,1,plain
0,fashion,136,identity,lasso,27.0,0.1671142563626773,0.27177728662652584,0.23860142098701287,1,plain
0,fashion,136,random,lasso,6.0,0.2003878993639589,0.37077486143019545,0.41269006592066176,1,plain
0,fashion,136,shuffled,lasso,3.0,0.10729053687590662,0.21516519479132534,0.2278889121913057,1,plain
0,fashion,136,pca,lasso,5.0,0.1494006603301795,0.36493704606764005,0.3682940821767913,1,plain
0,fashion,136,emotion,lasso,7.0,0.3631046232878833,0.4957727903696156,0.4742147094379824,1,plain
0,fashion,136,population,elastic,,0.23719402816679533,0.4917991513413216,0.4422509070239013,1,plain
0,fashion,136,identity,elastic,33.0,0.16962531787884966,0.2867888118445253,0.2591644567028567,1,plain
0,fashion,136,random,elastic,6.0,0.19427520654740305,0.36984277326306464,0.41270976897736655,1,plain
0,fashion,136,shuffled,elastic,3.0,0.10420998808115257,0.21722560021340367,0.22933351688437667,1,plain
0,fashion,136,pca,elastic,5.0,0.12943798847941027,0.36199360975038525,0.365834234365422,1,plain
0,fashion,136,emotion,elastic,7.0,0.36118720302184876,0.5074974783666805,0.48171108482783653,1,plain
0,fashion,144,population,lasso,,0.14790552710757238,0.5312154686982553,0.4816150838318414,1,plain
0,fashion,144,identity,lasso,19.0,0.16123803064084444,0.3102346993513997,0.28300918325110874,1,plain
0,fashion,144,random,lasso,6.0,0.16352551811273877,0.22316016684270754,0.2187015885231755,1,plain
0,fashion,144,shuffled,lasso,5.0,0.11036142664158743,0.3052677004073649,0.2949374617488368,1,plain
0,fashion,144,pca,lasso,5.0,0.14586080551764377,0.4090678416051539,0.31639604491575934,1,plain
0,fashion,144,emotion,lasso,7.0,0.3356490590589563,0.5149460129734065,0.42492016889129625,1,plain
0,fashion,144,population,elastic,,0.14645793838520213,0.5270594083573282,0.4803885276723251,1,plain
0,fashion,144,identity,elastic,22.0,0.1682774852996146,0.32315903333842916,0.3052119058920832,1,plain
0,fashion,144,random,elastic,6.0,0.16254726042740028,0.2296983593302636,0.22154954448917813,1,plain
0,fashion,144,shuffled,elastic,4.0,0.10174057793680816,0.2958912228089318,0.291745116429612,1,plain
0,fashion,144,pca,elastic,5.0,0.12682819230709333,0.40460767928806146,0.3132401719388579,1,plain
0,fashion,144,emotion,elastic,6.0,0.3428822647282805,0.5267553063811627,0.4452998862163711,1,plain
0,landscape,3,population,lasso,,0.3448955132426263,0.44292704991572074,0.48320410453515256,1,plain
0,landscape,3,identity,lasso,30.0,0.20097136116597625,0.30214567851949553,0.2963204391745283,1,plain
0,landscape,3,random,lasso,7.0,-0.007008744589569876,0.06426012230572714,-0.011500679388914487,1,plain
0,landscape,3,shuffled,lasso,7.0,0.17120687064096704,0.25684352333078375,0.25515067231241645,1,plain
0,landscape,3,pca,lasso,7.0,0.3675523354421509,0.44903299257159063,0.4627151140772517,1,plain
0,landscape,3,emotion,lasso,6.0,0.26274084661945346,0.4057989792501895,0.4204683837078655,1,plain
0,landscape,3,population,elastic,,0.3429602472717196,0.438741524708068,0.4829977358266435,1,plain
0,landscape,3,identity,elastic,32.0,0.20500665832798914,0.327258829765412,0.31925058266234135,1,plain
0,landscape,3,random,elastic,7.0,-0.008136111147872181,0.06997213317734732,-0.013730935504387694,1,plain
0,landscape,3,shuffled,elastic,7.0,0.170460413847312,0.25817304310262634,0.25519190839934836,1,plain
0,landscape,3,pca,elastic,7.0,0.367112690058366,0.44903299257159063,0.46262403779134365,1,plain
0,landscape,3,emotion,elastic,7.0,0.27611478443469223,0.33976616391533887,0.37058507741644187,1,plain
0,landscape,14,population,lasso,,0.18480756534515524,0.29691948686618713,0.35203935682653054,1,plain
0,landscape,14,identity,lasso,35.0,0.23015321152786994,0.3152600895607597,0.30843680633697257,1,plain
0,landscape,14,random,lasso,7.0,0.09691024567695433,0.1514338952214026,0.1897514850146829,1,plain
0,landscape,14,shuffled,lasso,7.0,0.26881667829941175,0.3456460069979838,0.3704218522142018,1,plain
0,landscape,14,pca,lasso,7.0,0.2357637601044819,0.3413334869049357,0.3382079281347718,1,plain
0,landscape,14,emotion,lasso,5.0,0.29708397643567186,0.3368226900260003,0.39685740572309447,1,plain
0,landscape,14,population,elastic,,0.18356133105825947,0.28769961632242913,0.3515718960101439,1,plain
0,landscape,14,identity,elastic,39.0,0.2110133923186884,0.27937199131516377,0.31316146644708026,1,plain
0,landscape,14,random,elastic,7.0,0.09480832698773888,0.16640379255589152,0.19786342383507227,1,plain
0,landscape,14,shuffled,elastic,7.0,0.26767092217562877,0.3501072346804474,0.3710181046712232,1,plain
0,landscape,14,pca,elastic,7.0,0.23538656186752796,0.3413334869049357,0.33810820309929884,1,plain
0,landscape,14,emotion,elastic,7.0,0.31549475554788187,0.3152600895607597,0.3978967220330641,1,plain
0,landscape,15,population,lasso,,0.026356530512429355,-0.015203040912304105,0.041834676634250695,1,plain
0,landscape,15,identity,lasso,8.0,-0.014001444117496329,-0.11442288686628879,-0.07812609456260457,1,plain
0,landscape,15,random,lasso,7.0,-0.08598365417150124,-0.12722544763454488,-0.1436226604939903,1,plain
0,landscape,15,shuffled,lasso,7.0,-0.06592942062766208,-0.14002800840280097,-0.16006274517547345,1,plain
0,landscape,15,pca,lasso,6.0,-0.09788642589270448,-0.20884177253217745,-0.24127103086700663,1,plain
0,landscape,15,emotion,lasso,2.0,0.005269592153456729,0.06481296388929644,0.0828174862757798,1,plain
0,landscape,15,population,elastic,,0.02574251282139641,-0.001600320096032011,0.04097172419038396,1,plain
0,landscape,15,identity,elastic,7.0,-0.010032440433911643,-0.09681936580993668,-0.06982807890620418,1,plain
0,landscape,15,random,elastic,7.0,-0.09078759006058287,-0.14882976893097702,-0.1652121870651566,1,plain
0,landscape,15,shuffled,elastic,7.0,-0.0657810900832327,-0.14002800840280097,-0.16036903102100059,1,plain
0,landscape,15,pca,elastic,6.0,-0.09752439631925745,-0.20884177253217745,-0.2412152874616563,1,plain
0,landscape,15,emotion,elastic,6.0,0.018526437803475376,0.031206241872624222,0.07691014585173424,1,plain
0,landscape,19,population,lasso,,0.42885526482768843,0.52642917402806,0.5552009474242197,1,plain
0,landscape,19,identity,lasso,31.0,0.49935130645277365,0.6843727985175034,0.6879976248925807,1,plain
0,landscape,19,random,lasso,7.0,0.20906698588017938,0.32138999295827414,0.35822362559897536,1,plain
0,landscape,19,shuffled,lasso,7.0,0.30157832107039195,0.43972377565014525,0.4306055545271845,1,plain
0,landscape,19,pca,lasso,7.0,0.5862114398801683,0.610804581712,0.6530536746370571,1,plain
0,landscape,19,emotion,lasso,4.0,0.48063865732997624,0.511408170192435,0.5583719384796484,1,plain
0,landscape,19,population,elastic,,0.4283045800491903,0.5284617191015274,0.5567313072470838,1,plain
0,landscape,19,identity,elastic,35.0,0.4770656487151501,0.7058880317342072,0.6971635839961299,1,plain
0,landscape,19,random,elastic,6.0,0.197331249976246,0.3180685168626079,0.352038182091453,1,plain
0,landscape,19,shuffled,elastic,7.0,0.29991853787656425,0.4373442106860858,0.431380261192994,1,plain
0,landscape,19,pca,elastic,7.0,0.5855213860948475,0.610804581712,0.6529897724262046,1,plain
0,landscape,19,emotion,elastic,7.0,0.5292270933891401,0.5413014550534313,0.5785948459710182,1,plain
0,landscape,21,population,lasso,,0.11046705635315561,0.1660919411874004,0.18480548735998692,1,plain
0,landscape,21,identity,lasso,31.0,0.21440528754842664,0.30014330958564484,0.276476707189136,1,plain
0,landscape,21,random,lasso,7.0,0.08353491724974722,0.022108993373202636,0.1264767831229987,1,plain
0,landscape,21,shuffled,lasso,7.0,0.14037958118533372,0.26630606916345206,0.25522629210504927,1,plain
0,landscape,21,pca,lasso,7.0,0.2775811140798831,0.3473557423871114,0.32228299046309616,1,plain
0,landscape,21,emotion,lasso,5.0,0.352878330800455,0.5146953694307873,0.463390251164308,1,plain
0,landscape,21,population,elastic,,0.10818658489910182,0.16324721743509216,0.1820778495149416,1,plain
0,landscape,21,identity,elastic,35.0,0.19390826599456382,0.29615071484556305,0.26022036063004544,1,plain
0,landscape,21,random,elastic,6.0,0.07612098200754426,0.006088706978624654,0.12140582824065121,1,plain
0,landscape,21,shuffled,elastic,7.0,0.14053036918874043,0.2675537550197276,0.25618778456310787,1,plain
0,landscape,21,pca,elastic,7.0,0.2772690780400212,0.3473557423871114,0.322272550535728,1,plain
0,landscape,21,emotion,elastic,6.0,0.3526794826649931,0.4379876429869669,0.4005705550047024,1,plain
0,landscape,22,population,lasso,,0.254212730362863,0.39218738681460996,0.42894532192414014,1,plain
0,landscape,22,identity,lasso,48.0,0.24820988517075498,0.2845625110891987,0.2913869461884668,1,plain
0,landscape,22,random,lasso,7.0,0.2525519083377261,0.34865975365211344,0.37786289654725225,1,plain
0,landscape,22,shuffled,lasso,7.0,0.19713758995708722,0.3097139766119851,0.24634157781249091,1,plain
0,landscape,22,pca,lasso,7.0,0.266357817733351,0.3456376783373601,0.33079142734240935,1,plain
0,landscape,22,emotion,lasso,3.0,0.308515114489319,0.3977928490919751,0.3988375440921172,1,plain
0,landscape,22,population,elastic,,0.2537424255036337,0.39218738681460996,0.4297898028452311,1,plain
0,landscape,22,identity,elastic,57.0,0.24472841122425906,0.2968945280994021,0.3005199823358208,1,plain
0,landscape,22,random,elastic,7.0,0.2486597903018844,0.3531441234740056,0.3804235201616256,1,plain
0,landscape,22,shuffled,elastic,7.0,0.19534164230220627,0.3131259971286421,0.24558620459052208,1,plain
0,landscape,22,pca,elastic,7.0,0.2660327480864538,0.3456376783373601,0.3307742509493697,1,plain
0,landscape,22,emotion,elastic,7.0,0.3024349079120759,0.3902376608050917,0.38135748023745797,1,plain
0,landscape,30,population,lasso,,0.14203834313442326,0.3563423195503324,0.39636135469463946,1,plain
0,landscape,30,identity,lasso,33.0,0.5658443519982596,0.48332701901720926,0.5866238921249721,1,plain
0,landscape,30,random,lasso,7.0,0.2315147197937835,0.2577442116408548,0.2751975820296369,1,plain
0,landscape,30,shuffled,lasso,7.0,0.3639948513009372,0.41492741276453954,0.4654303426999116,1,plain
0,landscape,30,pca,lasso,7.0,0.44918085792894047,0.493745502088808,0.4976116498841094,1,plain
0,landscape,30,emotion,lasso,4.0,0.5024573352079926,0.5453346090858546,0.5577042459677942,1,plain
0,landscape,30,population,elastic,,0.14192937241194356,0.3619793731929365,0.39878992661909785,1,plain
0,landscape,30,identity,elastic,40.0,0.5553877779895084,0.5062778802763832,0.589517073385877,1,plain
0,landscape,30,random,elastic,7.0,0.22725123613039544,0.26076406180653555,0.2744093281430466,1,plain
0,landscape,30,shuffled,elastic,7.0,0.362081360255757,0.40304933544619514,0.4662529913864874,1,plain
0,landscape,30,pca,elastic,7.0,0.4488810185652803,0.493745502088808,0.49770295417261323,1,plain
0,landscape,30,emotion,elastic,7.0,0.5113785765344974,0.5328525617343741,0.5609013502358993,1,plain
0,landscape,50,population,lasso,,0.4288059074072296,0.46569940152887784,0.44369237168243364,1,plain
0,landscape,50,identity,lasso,25.0,0.32076868663104185,0.39299128217481755,0.36691883423014227,1,plain
0,landscape,50,random,lasso,7.0,0.21870335040776487,0.30848061970968466,0.33854497482839546,1,plain
0,landscape,50,shuffled,lasso,7.0,0.18370270525765048,0.24735235397403516,0.23225713519631597,1,plain
0,landscape,50,pca,lasso,7.0,0.3815384940712377,0.40468248053955924,0.3850627649097755,1,plain
0,landscape,50,emotion,lasso,4.0,0.33967097548717157,0.3706109881623119,0.3701129112263351,1,plain
0,landscape,50,population,elastic,,0.42945280694531324,0.4719347073234068,0.44476148261730947,1,plain
0,landscape,50,identity,elastic,22.0,0.3071513845357684,0.3893169055458987,0.3645081760050302,1,plain
0,landscape,50,random,elastic,7.0,0.20913663383584305,0.30057514272019265,0.339264049429985,1,plain
0,landscape,50,shuffled,elastic,7.0,0.1818240730931006,0.24156242716482976,0.231528875806607,1,plain
0,landscape,50,pca,elastic,7.0,0.38136423253454377,0.40468248053955924,0.38500225908954866,1,plain
0,landscape,50,emotion,elastic,7.0,0.36908526003332953,0.36047861624620253,0.38782244451552894,1,plain
0,landscape,57,population,lasso,,0.41016726189702757,0.4436189666426193,0.4769133787765763,1,plain
0,landscape,57,identity,lasso,25.0,0.19342150025757057,0.32286231513217245,0.4079946589730993,1,plain
0,landscape,57,random,lasso,7.0,0.018242946962111803,0.011320936079104393,0.030378819376098678,1,plain
0,landscape,57,shuffled,lasso,7.0,0.04408625120225644,0.0259842437625158,0.06675293056218229,1,plain
0,landscape,57,pca,lasso,7.0,0.20220456228993017,0.1981702906037512,0.26358306586158337,1,plain
0,landscape,57,emotion,lasso,5.0,0.2516026740795041,0.3912731145816176,0.4383256790194221,1,plain
0,landscape,57,population,elastic,,0.4083900156454509,0.44582924463901585,0.4766092103687764,1,plain
0,landscape,57,identity,elastic,29.0,0.17829859157334013,0.3381186242292512,0.40668675497463014,1,plain
0,landscape,57,random,elastic,7.0,0.01933921158993187,0.02582251610424288,0.033596414038477344,1,plain
0,landscape,57,shuffled,elastic,7.0,0.04428271000556367,0.028140612539488064,0.06735815723394728,1,plain
0,landscape,57,pca,elastic,7.0,0.20199312183872134,0.1981702906037512,0.2637308072460059,1,plain
0,landscape,57,emotion,elastic,7.0,0.2886538855821513,0.3566633957112127,0.42544032937694837,1,plain
0,landscape,62,population,lasso,,0.2694307206433346,0.32396575300016667,0.41282657345755697,1,plain
0,landscape,62,identity,lasso,42.0,0.24035761357792051,0.22604460388262282,0.2611420430381755,1,plain
0,landscape,62,random,lasso,7.0,0.0759676383594335,0.13498987680685795,0.09697072344208944,1,plain
0,landscape,62,shuffled,lasso,7.0,0.3017487698077609,0.3029684334231324,0.32095102534379194,1,plain
0,landscape,62,pca,lasso,7.0,0.24913268067601835,0.2698304835693294,0.2766462877701444,1,plain
0,landscape,62,emotion,lasso,5.0,0.3290859994039975,0.33854446066858146,0.38978158736127966,1,plain
0,landscape,62,population,elastic,,0.26907979691992395,0.33023509486439967,0.4143552110122797,1,plain
0,landscape,62,identity,elastic,51.0,0.25007059963883715,0.2492809741254546,0.2832533850045741,1,plain
0,landscape,62,random,elastic,7.0,0.07769356218966272,0.13648257725072296,0.10117230720650405,1,plain
0,landscape,62,shuffled,elastic,7.0,0.3015892521565505,0.3009781661646457,0.3212531765337214,1,plain
0,landscape,62,pca,elastic,7.0,0.24891572926184677,0.2698304835693294,0.2766501485253145,1,plain
0,landscape,62,emotion,elastic,6.0,0.2954421855312673,0.30953631537613835,0.32855815608435496,1,plain
0,landscape,63,population,lasso,,0.1897986699421688,0.23574569961102546,0.25528033903025105,1,plain
0,landscape,63,identity,lasso,23.0,-0.012266066552808588,-0.07746225421239086,-0.03140751874041473,1,plain
0,landscape,63,random,lasso,7.0,-0.11132458092726064,-0.33625542905939115,-0.3414988482374901,1,plain
0,landscape,63,shuffled,lasso,7.0,-0.01482013268479367,-0.002325417904975043,-0.053447837594628386,1,plain
0,landscape,63,pca,lasso,7.0,0.0680516749565916,0.19817728145731753,0.20942914434673288,1,plain
0,landscape,63,emotion,lasso,2.0,0.019421264885067346,0.07710052253828364,0.04771147397950087,1,plain
0,landscape,63,population,elastic,,0.18902553635571664,0.2346088286352599,0.2561549225392987,1,plain
0,landscape,63,identity,elastic,23.0,-0.01969164708481021,-0.13146362556125576,-0.06046241940687351,1,plain
0,landscape,63,random,elastic,6.0,-0.09055932636554667,-0.3093322573151246,-0.31810150739891385,1,plain
0,landscape,63,shuffled,elastic,7.0,-0.014543463746194689,0.0004650835809950086,-0.05277342984457175,1,plain
0,landscape,63,pca,elastic,7.0,0.0679022113806996,0.19817728145731753,0.20951192089490248,1,plain
0,landscape,63,emotion,elastic,7.0,0.011012822063873894,0.052347740838660416,0.019869238994673962,1,plain
0,landscape,79,population,lasso,,0.32025279162201764,0.38623840975809987,0.3372182769575017,1,plain
0,landscape,79,identity,lasso,26.0,0.12879068018057427,0.23270199697340652,0.20208064768417744,1,plain
0,landscape,79,random,lasso,7.0,-0.09527960354340505,-0.1946566536832415,-0.21660543261652884,1,plain
0,landscape,79,shuffled,lasso,7.0,-0.02282652413210492,0.005941327582299741,-0.05991152638634485,1,plain
0,landscape,79,pca,lasso,7.0,0.14773134910721333,0.16536695104067614,0.17845210542925335,1,plain
0,landscape,79,emotion,lasso,5.0,0.180359891445804,0.37862934110006685,0.3520885403982185,1,plain
0,landscape,79,population,elastic,,0.319647525193207,0.3852481884943832,0.33725729842390245,1,plain
0,landscape,79,identity,elastic,27.0,0.10741062352059136,0.2271776046600401,0.1821607723539484,1,plain
0,landscape,79,random,elastic,7.0,-0.08737204249612229,-0.21550341712990728,-0.22162600959883744,1,plain
0,landscape,79,shuffled,elastic,7.0,-0.022747384710826355,-0.0007817536292499659,-0.06034691816927325,1,plain
0,landscape,79,pca,elastic,7.0,0.14749384004662544,0.16208358579782628,0.17843316813224466,1,plain
0,landscape,79,emotion,elastic,7.0,0.19540431113947976,0.34793248192485154,0.32357911425741614,1,plain
0,landscape,80,population,lasso,,0.3783660371216927,0.6219887192616687,0.6127269536066563,1,plain
0,landscape,80,identity,lasso,38.0,0.47125358992324834,0.5501231466750771,0.5314650228461992,1,plain
0,landscape,80,random,lasso,7.0,0.1770693023162554,0.27286459591471474,0.27544222624287146,1,plain
0,landscape,80,shuffled,lasso,7.0,0.3292352096741804,0.437393794023963,0.4415313607816124,1,plain
0,landscape,80,pca,lasso,7.0,0.6032832401634195,0.7139688406972245,0.697999129308907,1,plain
0,landscape,80,emotion,lasso,5.0,0.6619550113782183,0.7533679691465311,0.7339850486145226,1,plain
0,landscape,80,population,elastic,,0.3758125697031886,0.6248692007715931,0.6132305081632493,1,plain
0,landscape,80,identity,elastic,47.0,0.47520335978780925,0.5726299598288941,0.5575561692084126,1,plain
0,landscape,80,random,elastic,6.0,0.17562593034870252,0.2798949236677508,0.2783386708277906,1,plain
0,landscape,80,shuffled,elastic,7.0,0.3277736206779365,0.445400556187143,0.4427156169253436,1,plain
0,landscape,80,pca,elastic,7.0,0.6027153882188461,0.7139688406972245,0.6979327944833668,1,plain
0,landscape,80,emotion,elastic,7.0,0.6825624596575465,0.7458494241884233,0.739409781969365,1,plain
0,landscape,85,population,lasso,,0.15305364417031042,0.32968076798300683,0.27259720015649613,1,plain
0,landscape,85,identity,lasso,36.0,0.2230814081925228,0.29158432368274834,0.3057088974665285,1,plain
0,landscape,85,random,lasso,7.0,0.12314436628119468,0.2054883805956918,0.2791631061956608,1,plain
0,landscape,85,shuffled,lasso,7.0,0.42420913719622816,0.47463925431913656,0.5257994894055091,1,plain
0,landscape,85,pca,lasso,7.0,0.4762025187054546,0.49116118705943446,0.5774093828556924,1,plain
0,landscape,85,emotion,lasso,5.0,0.42990577972025584,0.48504756668764226,0.5543533549282714,1,plain
0,landscape,85,population,elastic,,0.1529855793941756,0.3321060058164451,0.2745730596187665,1,plain
0,landscape,85,identity,elastic,44.0,0.2143090804705884,0.30295262602698986,0.3142816798344579,1,plain
0,landscape,85,random,elastic,7.0,0.11473876281253717,0.19740425448423107,0.27300536768111666,1,plain
0,landscape,85,shuffled,elastic,7.0,0.4239413451474721,0.4751950379892995,0.526365930607429,1,plain
0,landscape,85,pca,elastic,7.0,0.4755548451222837,0.4955569306325412,0.5773282346503679,1,plain
0,landscape,85,emotion,elastic,7.0,0.4468413022536522,0.4851486182640355,0.5473465454567802,1,plain
0,landscape,86,population,lasso,,0.4826990294301457,0.5760048836012421,0.5869740778170492,1,plain
0,landscape,86,identity,lasso,25.0,0.2337349175843067,0.396940263815045,0.39092175243918853,1,plain
0,landscape,86,random,lasso,7.0,0.056266459671403576,0.19590326522480753,0.1009457558314847,1,plain
0,landscape,86,shuffled,lasso,7.0,0.18056324490111506,0.24718926154545284,0.29132523973524405,1,plain
0,landscape,86,pca,lasso,7.0,0.41396433660450754,0.5865803743340279,0.5514316934014935,1,plain
0,landscape,86,emotion,lasso,4.0,0.4462753533440743,0.5748241249271933,0.5815714167196872,1,plain
0,landscape,86,population,elastic,,0.4811073107460193,0.5765182569377851,0.588221389636274,1,plain
0,landscape,86,identity,elastic,26.0,0.2253181759116008,0.40469220119684424,0.40144408606629367,1,plain
0,landscape,86,random,elastic,7.0,0.05350160935929949,0.19123156786226622,0.10166401377060894,1,plain
0,landscape,86,shuffled,elastic,7.0,0.1798768630137236,0.24718926154545284,0.29095053296307555,1,plain
0,landscape,86,pca,elastic,7.0,0.41348007257878505,0.5865803743340279,0.5514744521530844,1,plain
0,landscape,86,emotion,elastic,6.0,0.4489118622791059,0.541198171383627,0.5474710327698487,1,plain
0,landscape,98,population,lasso,,0.2543413865960296,0.4813021996014399,0.4971169749464332,1,plain
0,landscape,98,identity,lasso,45.0,0.44083151128268366,0.4852884448128628,0.4980328685066979,1,plain
0,landscape,98,random,lasso,7.0,-0.028117645608575645,-0.0532483619599957,-0.06040762339754664,1,plain
0,landscape,98,shuffled,lasso,7.0,0.2501482881392804,0.3912425855655877,0.34407267734426583,1,plain
0,landscape,98,pca,lasso,6.0,0.44859253397975735,0.5627495554644647,0.5790940045040911,1,plain
0,landscape,98,emotion,lasso,5.0,0.3366775425702613,0.48395969640905523,0.48942466071214974,1,plain
0,landscape,98,population,elastic,,0.2533016524485093,0.4846486770628814,0.49798543940881507,1,plain
0,landscape,98,identity,elastic,47.0,0.4183437920561152,0.4985759288509394,0.508607287474595,1,plain
0,landscape,98,random,elastic,7.0,-0.02857912041425495,-0.06092557495977327,-0.06552189949711894,1,plain
0,landscape,98,shuffled,elastic,7.0,0.24918166713078937,0.3935063791424452,0.34381540954654743,1,plain
0,landscape,98,pca,elastic,6.0,0.44796220398938397,0.5627495554644647,0.5790806645611702,1,plain
0,landscape,98,emotion,elastic,7.0,0.3587010038975755,0.49414676750491393,0.49700050859453415,1,plain
0,landscape,99,population,lasso,,0.4216021634512566,0.6297973391006445,0.5981395537392994,1,plain
0,landscape,99,identity,lasso,42.0,0.501215380974227,0.5703963325017248,0.5533199323050764,1,plain
0,landscape,99,random,lasso,7.0,0.06635877131353429,0.07309012746122213,0.08402141134862116,1,plain
0,landscape,99,shuffled,lasso,7.0,0.22884833988211736,0.29534278260417585,0.29698860558231377,1,plain
0,landscape,99,pca,lasso,7.0,0.551835128754876,0.6640201412564007,0.6449316121670433,1,plain
0,landscape,99,emotion,lasso,6.0,0.4984832636574689,0.6283306475796835,0.5984535416565163,1,plain
0,landscape,99,population,elastic,,0.41946837746681703,0.627988419558126,0.5983282245678874,1,plain
0,landscape,99,identity,elastic,51.0,0.5019831115479854,0.5795875993664136,0.5710686721257525,1,plain
0,landscape,99,random,elastic,6.0,0.06889167506604832,0.07406792180852946,0.08903040737868546,1,plain
0,landscape,99,shuffled,elastic,7.0,0.2274726892173033,0.29280051730117684,0.2972033562947947,1,plain
0,landscape,99,pca,elastic,7.0,0.5512882409595945,0.6640201412564007,0.6449346918958861,1,plain
0,landscape,99,emotion,elastic,7.0,0.5096140028965639,0.6410419740946787,0.6069067359307031,1,plain
0,landscape,105,population,lasso,,0.21605458753338982,0.2985363507921056,0.308966821818077,1,plain
0,landscape,105,identity,lasso,33.0,0.16020350713519102,0.2501737623525326,0.2777603787748114,1,plain
0,landscape,105,random,lasso,7.0,0.05349404883188538,0.1439362751177769,0.13661312999316538,1,plain
0,landscape,105,shuffled,lasso,7.0,0.07996109125295171,0.19735540748322664,0.20956103962573364,1,plain
0,landscape,105,pca,lasso,7.0,0.16948293288264624,0.2829662006837131,0.3420173233379235,1,plain
0,landscape,105,emotion,lasso,6.0,0.19056179777477059,0.24001060970943391,0.2827977175066328,1,plain
0,landscape,105,population,elastic,,0.21389853579853396,0.3020408861862776,0.3077278051663007,1,plain
0,landscape,105,identity,elastic,37.0,0.15181826622996042,0.25337790899863266,0.28554046778777004,1,plain
0,landscape,105,random,elastic,6.0,0.04948581007180039,0.14628932031100664,0.1382484944141799,1,plain
0,landscape,105,shuffled,elastic,7.0,0.07949415838841524,0.2001590357985642,0.20892068372592545,1,plain
0,landscape,105,pca,elastic,7.0,0.16910143303584538,0.2819649048568068,0.3418904271945311,1,plain
0,landscape,105,emotion,elastic,7.0,0.2328823109563795,0.276257518643441,0.2971084831347207,1,plain
0,landscape,109,population,lasso,,0.28969140276328526,0.35176698851476623,0.38720975203896635,1,plain
0,landscape,109,identity,lasso,25.0,0.20654687717883613,0.22756987033813023,0.27285375399000966,1,plain
0,landscape,109,random,lasso,7.0,0.0961992241081287,0.1769322033372823,0.18245417680604578,1,plain
0,landscape,109,shuffled,lasso,6.0,0.1852891911453345,0.2765096274000937,0.2979711779611001,1,plain
0,landscape,109,pca,lasso,7.0,0.1871718659577068,0.21019126272837177,0.2569401657617088,1,plain
0,landscape,109,emotion,lasso,4.0,0.29016982774487843,0.3862745110962118,0.41771896755786986,1,plain
0,landscape,109,population,elastic,,0.2888915662705195,0.3543138534230928,0.3879975476777266,1,plain
0,landscape,109,identity,elastic,26.0,0.1915838796257892,0.2178318574533518,0.2707275916253299,1,plain
0,landscape,109,random,elastic,7.0,0.09383546643997143,0.18552163008693306,0.1861537267632916,1,plain
0,landscape,109,shuffled,elastic,6.0,0.1834873974604573,0.27800778322852115,0.29743761621260223,1,plain
0,landscape,109,pca,elastic,7.0,0.18690710522688714,0.21019126272837177,0.25700611890922287,1,plain
0,landscape,109,emotion,elastic,7.0,0.3353625754099363,0.4012061308528721,0.4355633054690891,1,plain
0,landscape,110,population,lasso,,0.5694278458742879,0.6889092464580163,0.6714799388543822,1,plain
0,landscape,110,identity,lasso,20.0,0.48021999286346645,0.5714454578914422,0.5453273669737655,1,plain
0,landscape,110,random,lasso,7.0,0.402459277254457,0.5438306332949244,0.5018073227899766,1,plain
0,landscape,110,shuffled,lasso,7.0,0.5429360751979925,0.5913503040878372,0.608674216207719,1,plain
0,landscape,110,pca,lasso,7.0,0.6331916246133465,0.7018096024739078,0.6929224290978405,1,plain
0,landscape,110,emotion,lasso,4.0,0.6140605988240464,0.7504378976119361,0.6910928949989394,1,plain
0,landscape,110,population,elastic,,0.5668858029094977,0.6888588544423293,0.6711145606324566,1,plain
0,landscape,110,identity,elastic,23.0,0.48052026925099334,0.5885283512093609,0.5659135699376566,1,plain
0,landscape,110,random,elastic,6.0,0.3895649690218582,0.5445361215145436,0.49873718359217045,1,plain
0,landscape,110,shuffled,elastic,7.0,0.5407438762305281,0.5857063983308847,0.6082301425642856,1,plain
0,landscape,110,pca,elastic,7.0,0.6326859040121372,0.7018096024739078,0.692953082018898,1,plain
0,landscape,110,emotion,elastic,6.0,0.6272008943988141,0.744390855729487,0.6832907237312844,1,plain
0,landscape,116,population,lasso,,0.25986710116304146,0.46095150591506956,0.5476359458276486,1,plain
0,landscape,116,identity,lasso,23.0,0.20256610814522996,0.35534635998226155,0.35902023209529976,1,plain
0,landscape,116,random,lasso,7.0,0.08158076187385897,0.0908011600411229,0.14803649912891495,1,plain
0,landscape,116,shuffled,lasso,7.0,0.182124456004932,0.1992961251377187,0.2704875695601347,1,plain
0,landscape,116,pca,lasso,7.0,0.3383779863760098,0.42363734969493194,0.49668727116154254,1,plain
0,landscape,116,emotion,lasso,4.0,0.2750128925454187,0.31463539878012775,0.4580711556335808,1,plain
0,landscape,116,population,elastic,,0.257170272962819,0.4582137824967442,0.5455084282535947,1,plain
0,landscape,116,identity,elastic,26.0,0.19697425834581966,0.3722796863104218,0.3703153921911871,1,plain
0,landscape,116,random,elastic,6.0,0.07891435651412579,0.09171373451389803,0.14991440847915796,1,plain
0,landscape,116,shuffled,elastic,7.0,0.18168065901826375,0.20690091241084457,0.27216280881561705,1,plain
0,landscape,116,pca,elastic,7.0,0.33790510441952804,0.42363734969493194,0.49670309635840204,1,plain
0,landscape,116,emotion,elastic,5.0,0.28921064472800617,0.28254319648753656,0.4291992721094833,1,plain
0,landscape,117,population,lasso,,0.4656355165710192,0.574185554388335,0.5587140675973662,1,plain
0,landscape,117,identity,lasso,42.0,0.28081205215749805,0.28661340618030956,0.33016673982286776,1,plain
0,landscape,117,random,lasso,7.0,0.11554682419710137,0.2298457861181884,0.17499501990764255,1,plain
0,landscape,117,shuffled,lasso,7.0,0.33700463410933623,0.518174835927042,0.4692563058370044,1,plain
0,landscape,117,pca,lasso,7.0,0.5210044490107972,0.6033514960735847,0.5786351193247129,1,plain
0,landscape,117,emotion,lasso,4.0,0.5001605456135434,0.5906860092863915,0.5779935804269837,1,plain
0,landscape,117,population,elastic,,0.4643841005679393,0.5769104001513168,0.5592644947082975,1,plain
0,landscape,117,identity,elastic,50.0,0.2986508675084776,0.3452480501911406,0.36443951095407684,1,plain
0,landscape,117,random,elastic,7.0,0.11345613829812996,0.23832308404746516,0.17617810356341285,1,plain
0,landscape,117,shuffled,elastic,7.0,0.33438004823892953,0.4968806708904064,0.4682741563277926,1,plain
0,landscape,117,pca,elastic,7.0,0.5205084335730906,0.6033514960735847,0.5785863410370874,1,plain
0,landscape,117,emotion,elastic,7.0,0.5121111467505327,0.5980027247610649,0.5759514476431119,1,plain
0,landscape,126,population,lasso,,0.18768415913392356,0.25383490832551775,0.27899300758697365,1,plain
0,landscape,126,identity,lasso,35.0,0.2900161379240984,0.25615506404144534,0.32485225276588503,1,plain
0,landscape,126,random,lasso,7.0,-0.04397834023262693,-0.11487239044602875,-0.07226070006382408,1,plain
0,landscape,126,shuffled,lasso,7.0,0.25032672001056544,0.28873597409489565,0.3024102195535425,1,plain
0,landscape,126,pca,lasso,7.0,0.3016604967160988,0.3079389650203384,0.3030411495534421,1,plain
0,landscape,126,emotion,lasso,6.0,0.16069329938172244,0.15944899920097674,0.18795854027363426,1,plain
0,landscape,126,population,elastic,,0.18686522439330222,0.2585245847726053,0.27880342725077506,1,plain
0,landscape,126,identity,elastic,43.0,0.28852509912056595,0.2577347445288853,0.33480073752840495,1,plain
0,landscape,126,random,elastic,7.0,-0.040086879616306394,-0.11630397588777128,-0.06757312348618248,1,plain
0,landscape,126,shuffled,elastic,7.0,0.24917407452927623,0.28750184871408313,0.30182264256533087,1,plain
0,landscape,126,pca,elastic,7.0,0.30166294944704414,0.3088275352945234,0.30310115689016587,1,plain
0,landscape,126,emotion,elastic,7.0,0.14973235979515928,0.15638836825656172,0.1699771498989848,1,plain
0,landscape,127,population,lasso,,0.24239028435349758,0.3489802678615658,0.36897565034512747,1,plain
0,landscape,127,identity,lasso,45.0,0.32346232596099633,0.29628370969448803,0.34976321147679157,1,plain
0,landscape,127,random,lasso,7.0,-0.10989373009411202,-0.1776920120012315,-0.15187680071329754,1,plain
0,landscape,127,shuffled,lasso,7.0,0.22753209369831778,0.3125130764027161,0.2568528178569094,1,plain
0,landscape,127,pca,lasso,7.0,0.2543668384595092,0.27624141948251973,0.28628251764633755,1,plain
0,landscape,127,emotion,lasso,6.0,0.27977302413329125,0.2317573119388827,0.29630065156718133,1,plain
0,landscape,127,population,elastic,,0.2403246247259042,0.3456072970697955,0.3679532261229817,1,plain
0,landscape,127,identity,elastic,56.0,0.3286709756679602,0.30728252749373897,0.3673415214386562,1,plain
0,landscape,127,random,elastic,6.0,-0.10608393248933638,-0.1703594668017309,-0.15078327824713458,1,plain
0,landscape,127,shuffled,elastic,7.0,0.22518006897744666,0.3106066146508459,0.2556172745687102,1,plain
0,landscape,127,pca,elastic,7.0,0.2541628766586417,0.2788811357543399,0.28628985281783687,1,plain
0,landscape,127,emotion,elastic,7.0,0.27401335235846885,0.23801441717578983,0.28507282167253495,1,plain
0,landscape,136,population,lasso,,0.3689590397277982,0.4990803251280403,0.5541034511870291,1,plain
0,landscape,136,identity,lasso,31.0,-0.06929387625194057,-0.16091468741115292,-0.09906549902548645,1,plain
0,landscape,136,random,lasso,6.0,0.11491225937335643,0.25363671778529134,0.21909215303618454,1,plain
0,landscape,136,shuffled,lasso,7.0,0.17203789758500584,0.3197810972116703,0.2772073477078433,1,plain
0,landscape,136,pca,lasso,7.0,0.2974692805579299,0.34251198289067514,0.3802591486578258,1,plain
0,landscape,136,emotion,lasso,7.0,0.39588715824217335,0.49208620645757734,0.5620614293581793,1,plain
0,landscape,136,population,elastic,,0.3679738130638597,0.4990803251280403,0.554975351569222,1,plain
0,landscape,136,identity,elastic,37.0,-0.029043635242849794,-0.10591093986701157,-0.04518784948465343,1,plain
0,landscape,136,random,elastic,6.0,0.10697492455071901,0.25228785204170207,0.21417038928708215,1,plain
0,landscape,136,shuffled,elastic,7.0,0.1702900882629763,0.3135863063892601,0.27538281794841785,1,plain
0,landscape,136,pca,elastic,7.0,0.29723063434926617,0.34251198289067514,0.38035227427733986,1,plain
0,landscape,136,emotion,elastic,7.0,0.3309736723582749,0.4125031275858087,0.4633356496081212,1,plain
0,landscape,144,population,lasso,,0.24984155125404472,0.5632856653392488,0.5584265390696966,1,plain
0,landscape,144,identity,lasso,18.0,0.20844460278720933,0.21078250312183897,0.2902436869275225,1,plain
0,landscape,144,random,lasso,7.0,0.2268001511354855,0.23251848528189206,0.29076803785946387,1,plain
0,landscape,144,shuffled,lasso,7.0,0.25788393954294986,0.18945760336670409,0.26828694412265475,1,plain
0,landscape,144,pca,lasso,7.0,0.33366225679857603,0.3570764539721255,0.37092302828335066,1,plain
0,landscape,144,emotion,lasso,3.0,0.4060234417222786,0.4620052378275119,0.45713240288947815,1,plain
0,landscape,144,population,elastic,,0.2484309587707904,0.5652383067626106,0.5591906912134353,1,plain
0,landscape,144,identity,elastic,18.0,0.20861070831681192,0.21258098864335634,0.30756403851772246,1,plain
0,landscape,144,random,elastic,6.0,0.220644921058387,0.23590991512246776,0.29472307555592475,1,plain
0,landscape,144,shuffled,elastic,7.0,0.25684286741670836,0.1890979062624006,0.2676398061516913,1,plain
0,landscape,144,pca,elastic,7.0,0.3334849981320677,0.3590290953954873,0.37110022214888344,1,plain
0,landscape,144,emotion,elastic,6.0,0.39217961960968667,0.43487379910290663,0.42124756509985556,1,plain
1,art,5,population,lasso,,0.1037767326088451,0.20800207446364047,0.20058738436729118,1,plain
1,art,5,identity,lasso,22.0,0.1589866626003758,0.309391564231737,0.27712114030138907,1,plain
1,art,5,random,lasso,5.0,0.018007419932470164,0.06728575230064589,0.06977253076796694,1,plain
1,art,5,shuffled,lasso,4.0,0.009371758471888533,0.00880757183844071,0.020705250023942162,1,plain
1,art,5,pca,lasso,7.0,0.19253055234922006,0.2943367612055651,0.30859456675556773,1,plain
1,art,5,emotion,lasso,4.0,0.07174715907444307,0.19975777756835583,0.23554196122016247,1,plain
1,art,5,population,elastic,,0.10313334749072872,0.20656828369924315,0.19974905438072504,1,plain
1,art,5,identity,elastic,23.0,0.14506647686960766,0.32337102418461094,0.2771476334186604,1,plain
1,art,5,random,elastic,5.0,0.01640121160959937,0.0775783217164981,0.07360158682113176,1,plain
1,art,5,shuffled,elastic,4.0,0.008284505228886761,0.0037893041630500724,0.019047038350777087,1,plain
1,art,5,pca,elastic,7.0,0.19246295456319523,0.2943367612055651,0.30858591540004066,1,plain
1,art,5,emotion,elastic,3.0,0.06672351381870917,0.19525157802310714,0.23313326871455134,1,plain
1,art,6,population,lasso,,0.483222635256224,0.6943809093714995,0.6605410388540316,1,plain
1,art,6,identity,lasso,41.0,0.5380853467477177,0.5283896665668377,0.5576722860953367,1,plain
1,art,6,random,lasso,6.0,0.3210401942551021,0.28915086122686534,0.38201434835174103,1,plain
1,art,6,shuffled,lasso,5.0,0.09282814576762989,0.05933601049490769,0.12949700218924398,1,plain
1,art,6,pca,lasso,7.0,0.6045335316970655,0.6654109748357506,0.6171009273218157,1,plain
1,art,6,emotion,lasso,4.0,0.7014610524606149,0.7592017611726594,0.7251366959078249,1,plain
1,art,6,population,elastic,,0.4831390825538836,0.6943809093714995,0.662168731085616,1,plain
1,art,6,identity,elastic,46.0,0.5335821260864186,0.5523733817332668,0.5661126128522274,1,plain
1,art,6,random,elastic,6.0,0.3044844711837414,0.26601480335322064,0.3754640772506612,1,plain
1,art,6,shuffled,elastic,5.0,0.08254474522193989,0.046471564522062164,0.12046053375476376,1,plain
1,art,6,pca,elastic,7.0,0.6044673809939881,0.6654109748357506,0.6170890339461407,1,plain
1,art,6,emotion,elastic,6.0,0.6924705875243153,0.7580549307177157,0.7237600610199094,1,plain
1,art,16,population,lasso,,0.26333704164463034,0.47110996554910367,0.4716768219784439,1,plain
1,art,16,identity,lasso,50.0,0.32581101772084065,0.28121310993348136,0.3399144297315778,1,plain
1,art,16,random,lasso,5.0,0.17038009341574736,0.2951080018077952,0.3123257438186362,1,plain
1,art,16,shuffled,lasso,6.0,0.12197427511743965,0.14635952774277236,0.16862873325325284,1,plain
1,art,16,pca,lasso,7.0,0.4319501210381807,0.46613705687829654,0.49286423775856264,1,plain
1,art,16,emotion,lasso,4.0,0.3928190102220259,0.47437648398973187,0.4910369899133833,1,plain
1,art,16,population,elastic,,0.26096534783302405,0.4689647892597359,0.4687288116659119,1,plain
1,art,16,identity,elastic,62.0,0.3312908876214583,0.3257742719444387,0.35760739534742175,1,plain
1,art,16,random,elastic,5.0,0.15464439369699076,0.2951080018077952,0.3100021632544224,1,plain
1,art,16,shuffled,elastic,7.0,0.11748536345024706,0.1554765269725853,0.17117850230996506,1,plain
1,art,16,pca,elastic,7.0,0.4317938121659912,0.46613705687829654,0.4928544330666431,1,plain
1,art,16,emotion,elastic,5.0,0.3790573977909513,0.4687697732334298,0.4863356353252328,1,plain
1,art,17,population,lasso,,0.09829137735557514,0.11852528135453723,0.11833261397452752,1,plain
1,art,17,identity,lasso,38.0,0.2259584642198536,0.28187806141524363,0.2899393615622376,1,plain
1,art,17,random,lasso,7.0,0.09822253987260295,0.212550100656086,0.1888946594252507,1,plain
1,art,17,shuffled,lasso,7.0,0.07604211581614521,0.20400685336706798,0.16895451873833633,1,plain
1,art,17,pca,lasso,7.0,0.3240020121912856,0.29557671655108286,0.366409764105125,1,plain
1,art,17,emotion,lasso,3.0,0.09968695013565569,0.18613477283142113,0.1783662043710544,1,plain
1,art,17,population,elastic,,0.09835103185138146,0.12088203922736977,0.11860167625438843,1,plain
1,art,17,identity,elastic,45.0,0.23121080304976904,0.32552718118499663,0.3169563023292642,1,plain
1,art,17,random,elastic,7.0,0.0909677502696889,0.20710009807516072,0.19200670448282967,1,plain
1,art,17,shuffled,elastic,6.0,0.0738152090187636,0.20489063756938022,0.16964118363043365,1,plain
1,art,17,pca,elastic,7.0,0.323926506679248,0.29557671655108286,0.3664162640524178,1,plain
1,art,17,emotion,elastic,3.0,0.09492970580415128,0.1760203536271814,0.17685516580562746,1,plain
1,art,23,population,lasso,,0.10287434410490688,0.126978898796567,0.15107175374091217,1,plain
1,art,23,identity,lasso,41.0,0.14157250801194166,0.18722005078377557,0.1691082001127378,1,plain
1,art,23,random,lasso,6.0,0.11799165877643293,0.2666064708453502,0.27225981758169715,1,plain
1,art,23,shuffled,lasso,5.0,0.03709851994684832,0.04941349395029197,0.06555458134765854,1,plain
1,art,23,pca,lasso,7.0,0.15553650110231254,0.2630628736696321,0.2792853000052905,1,plain
1,art,23,emotion,lasso,5.0,0.06428510631894394,0.09395454178397149,0.13458989033305233,1,plain
1,art,23,population,elastic,,0.10130966431989959,0.1234845182482894,0.14910630921535317,1,plain
1,art,23,identity,elastic,48.0,0.1494691059727686,0.2046919535251637,0.19367785459810066,1,plain
1,art,23,random,elastic,6.0,0.10938784554031726,0.2705930176680331,0.27817412642304457,1,plain
1,art,23,shuffled,elastic,6.0,0.03239101733132746,0.04650971293130071,0.06519979718846473,1,plain
1,art,23,pca,elastic,7.0,0.15547465747194517,0.2630628736696321,0.27927793217072866,1,plain
1,art,23,emotion,elastic,5.0,0.06414970642018496,0.10266588484094528,0.1375131928245266,1,plain
1,art,35,population,lasso,,0.09049305837033318,0.09559052126134217,0.11309259312163514,1,plain
1,art,35,identity,lasso,25.0,-0.09727037233541319,-0.11993118289113867,-0.16447026099946513,1,plain
1,art,35,random,lasso,2.0,-0.004676124188034424,-0.06009589477335197,-0.0718977759198679,1,plain
1,art,35,shuffled,lasso,5.0,-0.052968814764768224,-0.1060147874839531,-0.1208168524360828,1,plain
1,art,35,pca,lasso,7.0,0.08452268359058182,0.1295215078159407,0.12406320747030107,1,plain
1,art,35,emotion,lasso,2.0,0.04744727649274362,0.19144164917824963,0.14162407014247255,1,plain
1,art,35,population,elastic,,0.08965315622050946,0.0980923451547688,0.11233948174851534,1,plain
1,art,35,identity,elastic,28.0,-0.07814091338557426,-0.10512872485503116,-0.14578040611781887,1,plain
1,art,35,random,elastic,2.0,-0.0068786132748886565,-0.11070570728412803,-0.12145569903978116,1,plain
1,art,35,shuffled,elastic,5.0,-0.055407098539210865,-0.13733970748289892,-0.13941811524922523,1,plain
1,art,35,pca,elastic,7.0,0.08447447951951943,0.13202333170936736,0.12403911987674278,1,plain
1,art,35,emotion,elastic,2.0,0.04417600071728441,0.19144164917824963,0.14170254277470318,1,plain
1,art,39,population,lasso,,0.5818047048095407,0.7729032388199801,0.7615346736247909,1,plain
1,art,39,identity,lasso,29.0,0.6375143875213346,0.638601637306634,0.6872598500460617,1,plain
1,art,39,random,lasso,5.0,0.4134901560680294,0.48774773509016695,0.48638665009494425,1,plain
1,art,39,shuffled,lasso,5.0,0.006640972364695967,0.053720640605338446,0.009841678333293169,1,plain
1,art,39,pca,lasso,7.0,0.6615167790715341,0.7133347794033594,0.6996297226587543,1,plain
1,art,39,emotion,lasso,4.0,0.7007717303977556,0.7068922671536417,0.7292214387045474,1,plain
1,art,39,population,elastic,,0.5809364735977276,0.7803369068004236,0.761946680317252,1,plain
1,art,39,identity,elastic,38.0,0.6356964417066775,0.6607044101018194,0.6946741824949604,1,plain
1,art,39,random,elastic,5.0,0.394350719399346,0.4730786302754251,0.4861579206129132,1,plain
1,art,39,shuffled,elastic,5.0,0.006193899982992336,0.04926043981707234,0.009541172672721953,1,plain
1,art,39,pca,elastic,7.0,0.6614357022600409,0.7133347794033594,0.6996261656781972,1,plain
1,art,39,emotion,elastic,4.0,0.6930673243189193,0.7058019958498434,0.7276056116105871,1,plain
1,art,44,population,lasso,,0.34475775841090045,0.6332234910927498,0.6057773333309121,1,plain
1,art,44,identity,lasso,28.0,0.42628005061602975,0.5363587092694594,0.5232876303291125,1,plain
1,art,44,random,lasso,4.0,0.1919077153632487,0.2826390250618634,0.33145839352735695,1,plain
1,art,44,shuffled,lasso,5.0,0.026416601171867185,0.06459319903608882,0.06123143095235931,1,plain
1,art,44,pca,lasso,7.0,0.48029395493186744,0.5067889334132792,0.5185645960734091,1,plain
1,art,44,emotion,lasso,5.0,0.6237715545886617,0.7325399125386338,0.7022484834314192,1,plain
1,art,44,population,elastic,,0.3436685426364015,0.6332234910927498,0.6055140392338011,1,plain
1,art,44,identity,elastic,35.0,0.4157012035060326,0.5584234658728019,0.5326478261404706,1,plain
1,art,44,random,elastic,4.0,0.177363691051112,0.27838618081858874,0.32979430793174336,1,plain
1,art,44,shuffled,elastic,5.0,0.02382833198902195,0.05773861478516381,0.06027726702675924,1,plain
1,art,44,pca,elastic,7.0,0.4801979942302855,0.5067889334132792,0.5185747631820173,1,plain
1,art,44,emotion,elastic,5.0,0.6201696168413482,0.7451483448834009,0.7091181642992118,1,plain
1,art,51,population,lasso,,0.3380756062418948,0.49850794423731315,0.5424204391903584,1,plain
1,art,51,identity,lasso,44.0,0.31443301253834266,0.4020036687592255,0.40090260720796506,1,plain
1,art,51,random,lasso,7.0,0.23082788099172286,0.5264844362193446,0.49233792107666075,1,plain
1,art,51,shuffled,lasso,5.0,0.08165532154557105,0.2204489080744395,0.18871504506373507,1,plain
1,art,51,pca,lasso,7.0,0.46384423884843456,0.5845819596384763,0.5880294196723833,1,plain
1,art,51,emotion,lasso,5.0,0.40803828865457326,0.5931113779256809,0.574843404457068,1,plain
1,art,51,population,elastic,,0.3382607890014572,0.5004087860270331,0.5448522967382056,1,plain
1,art,51,identity,elastic,47.0,0.3120492498344376,0.41989107739582054,0.4198840881850987,1,plain
1,art,51,random,elastic,6.0,0.2148271008283183,0.5243886362973458,0.4887846802455887,1,plain
1,art,51,shuffled,elastic,5.0,0.07894417231726271,0.2214724382689041,0.20011188789112574,1,plain
1,art,51,pca,elastic,7.0,0.4636918530108206,0.5845819596384763,0.5880102910101815,1,plain
1,art,51,emotion,elastic,6.0,0.3986452928402625,0.5845332201054063,0.5749501013503084,1,plain
1,art,64,population,lasso,,0.23994292567857933,0.39417597323384584,0.37849426484599313,1,plain
1,art,64,identity,lasso,35.0,0.189069778845145,0.20710352706890237,0.24525112119113276,1,plain
1,art,64,random,lasso,6.0,0.08769122741794928,0.24176126358342545,0.25328389655530786,1,plain
1,art,64,shuffled,lasso,6.0,0.023219728648417107,0.06534892235499482,0.06655123454588835,1,plain
1,art,64,pca,lasso,7.0,0.28103609827844256,0.4035965310847176,0.42265014714909865,1,plain
1,art,64,emotion,lasso,3.0,0.13864666853649185,0.25623917354371256,0.20474088327463846,1,plain
1,art,64,population,elastic,,0.2387664559203064,0.39705172247253295,0.37774630393736036,1,plain
1,art,64,identity,elastic,42.0,0.1970538223370991,0.25861910394814336,0.27274320414406117,1,plain
1,art,64,random,elastic,6.0,0.07677854275788124,0.22683711667230747,0.24766554927653575,1,plain
1,art,64,shuffled,elastic,6.0,0.019806459042705945,0.07437282513846145,0.06377512577516774,1,plain
1,art,64,pca,elastic,7.0,0.2808804791354538,0.4035965310847176,0.4226328838698662,1,plain
1,art,64,emotion,elastic,3.0,0.14410550793206214,0.2846991746300305,0.22211226965092706,1,plain
1,art,69,population,lasso,,0.320178861492273,0.3715686038816837,0.3601068179061596,1,plain
1,art,69,identity,lasso,28.0,0.2540490893187429,0.30625165297639106,0.29171801466605446,1,plain
1,art,69,random,lasso,3.0,0.13978016756738618,0.23907711007763513,0.2719928984261309,1,plain
1,art,69,shuffled,lasso,4.0,0.03281620451699666,0.08851174822907827,0.06351280374375994,1,plain
1,art,69,pca,lasso,7.0,0.17754454374739526,0.22471842602005354,0.21737149667407224,1,plain
1,art,69,emotion,lasso,5.0,0.1860778214836664,0.2538374356473169,0.23529127955344534,1,plain
1,art,69,population,elastic,,0.3185842159181075,0.37091593642452086,0.3591577191485978,1,plain
1,art,69,identity,elastic,33.0,0.24042141320250424,0.30469529211700286,0.28836952286896955,1,plain
1,art,69,random,elastic,3.0,0.12969283501318307,0.23516110533465834,0.2720286928047719,1,plain
1,art,69,shuffled,elastic,4.0,0.029839232454156477,0.09900463273269561,0.06190712787973025,1,plain
1,art,69,pca,elastic,7.0,0.17746849569947704,0.22471842602005354,0.21734016257258,1,plain
1,art,69,emotion,elastic,5.0,0.18138917656964676,0.2545905134825048,0.23270385729236992,1,plain
1,art,81,population,lasso,,0.3200695199650725,0.36426565665856053,0.44459683158927477,1,plain
1,art,81,identity,lasso,23.0,0.14238958815113328,0.20967561988169225,0.23624529864185947,1,plain
1,art,81,random,lasso,3.0,0.0905700582226983,0.26254541245938123,0.19651094386463341,1,plain
1,art,81,shuffled,lasso,7.0,0.10013981313349021,0.3416955112891377,0.2247059793136275,1,plain
1,art,81,pca,lasso,7.0,0.30682616003517776,0.4071901568702709,0.40540672422829166,1,plain
1,art,81,emotion,lasso,3.0,0.29784003729707204,0.3429837615956116,0.4156482210822031,1,plain
1,art,81,population,elastic,,0.3183038292197335,0.3678727575166874,0.4436289982886346,1,plain
1,art,81,identity,elastic,27.0,0.13026477044740056,0.2078720694526288,0.23229280385978612,1,plain
1,art,81,random,elastic,3.0,0.07761653892459726,0.23420390571695537,0.18474309627019492,1,plain
1,art,81,shuffled,elastic,7.0,0.08910600604260224,0.33927360071296686,0.2116109781275324,1,plain
1,art,81,pca,elastic,7.0,0.3067005233425302,0.4071901568702709,0.4053936868596911,1,plain
1,art,81,emotion,elastic,4.0,0.29379378447013266,0.3490127730299094,0.4188957443189124,1,plain
1,art,92,population,lasso,,0.2616031963613058,0.32055125779816906,0.35485627635724076,1,plain
1,art,92,identity,lasso,42.0,0.4467794033012988,0.5274266329672387,0.4786683952405788,1,plain
1,art,92,random,lasso,5.0,0.1694679849462491,0.28396873833437686,0.26941186046311405,1,plain
1,art,92,shuffled,lasso,5.0,0.08948894107294826,0.16454768150760793,0.14693916657949854,1,plain
1,art,92,pca,lasso,7.0,0.5839054603016105,0.6427720533973703,0.647397853761546,1,plain
1,art,92,emotion,lasso,5.0,0.37476801919617253,0.45602933994662936,0.45473453132530717,1,plain
1,art,92,population,elastic,,0.26025009571531715,0.3215824429105713,0.3542579848521141,1,plain
1,art,92,identity,elastic,50.0,0.46698523044342277,0.5393589178393213,0.5156273475462217,1,plain
1,art,92,random,elastic,5.0,0.1591185993126608,0.2870622936715834,0.268232652914707,1,plain
1,art,92,shuffled,elastic,4.0,0.09220152596233144,0.1768727988034628,0.15734295719075223,1,plain
1,art,92,pca,elastic,7.0,0.5837781919879478,0.6427720533973703,0.6474034029350748,1,plain
1,art,92,emotion,elastic,5.0,0.35429020018178176,0.44061066731356785,0.4427470200673969,1,plain
1,art,100,population,lasso,,0.3932995087600532,0.6218556820721224,0.6689240360835099,1,plain
1,art,100,identity,lasso,28.0,0.42417975286694803,0.3086386795943744,0.4922920761791542,1,plain
1,art,100,random,lasso,6.0,0.3168865363247658,0.45479666120815676,0.39144866674900125,1,plain
1,art,100,shuffled,lasso,6.0,0.15748380939621948,0.2546443281980674,0.2712673862463917,1,plain
1,art,100,pca,lasso,7.0,0.5026866920722706,0.5043619828585916,0.5543307403540164,1,plain
1,art,100,emotion,lasso,3.0,0.6494841597594072,0.6547997010807448,0.7092607187527935,1,plain
1,art,100,population,elastic,,0.39198531011274546,0.6251898954763183,0.6690839946803763,1,plain
1,art,100,identity,elastic,36.0,0.40962247809194324,0.32685244236953426,0.4970010487491497,1,plain
1,art,100,random,elastic,6.0,0.29834984494796196,0.4492728151206083,0.3895630419534133,1,plain
1,art,100,shuffled,elastic,6.0,0.14601904107339278,0.2570330183980884,0.26584457536497286,1,plain
1,art,100,pca,elastic,7.0,0.5025560525506114,0.5043619828585916,0.5543278836429916,1,plain
1,art,100,emotion,elastic,5.0,0.6445362877956888,0.6543518216682409,0.7096763653054011,1,plain
1,art,101,population,lasso,,0.4624586855280736,0.6210253498479661,0.607448288518273,1,plain
1,art,101,identity,lasso,27.0,0.4096273808634321,0.5158765691636779,0.49332040215713263,1,plain
1,art,101,random,lasso,6.0,0.23843524113014733,0.38390097346609614,0.36953984944985463,1,plain
1,art,101,shuffled,lasso,5.0,0.07962857829790888,0.2330643794737277,0.19431687386790403,1,plain
1,art,101,pca,lasso,7.0,0.4070989337246022,0.5009727830451814,0.44450414286143186,1,plain
1,art,101,emotion,lasso,2.0,0.4536162902437457,0.6261645864405511,0.5980680896646525,1,plain
1,art,101,population,elastic,,0.4625550440353383,0.6210253498479661,0.6084798426381245,1,plain
1,art,101,identity,elastic,28.0,0.39432311129894776,0.5224033996362607,0.48921255669876146,1,plain
1,art,101,random,elastic,6.0,0.2220864395899112,0.3799437612898058,0.36321984863033246,1,plain
1,art,101,shuffled,elastic,5.0,0.07521758880529368,0.2250471703892952,0.19717216648766064,1,plain
1,art,101,pca,elastic,7.0,0.40702893232349635,0.5009727830451814,0.44453389872817717,1,plain
1,art,101,emotion,elastic,3.0,0.436479899731872,0.6274493955886973,0.5999228336674476,1,plain
1,art,106,population,lasso,,0.41709884315217277,0.4698877220064493,0.48159413496967896,1,plain
1,art,106,identity,lasso,33.0,0.07858807138414106,0.11609762112899498,0.10106489248197759,1,plain
1,art,106,random,lasso,4.0,0.1498671132799347,0.4365008300918556,0.4000456498492675,1,plain
1,art,106,shuffled,lasso,5.0,-0.03573272669041473,-0.05330807364611108,-0.061298320081091956,1,plain
1,art,106,pca,lasso,7.0,0.23477695782272356,0.3129895033564478,0.29694594042564476,1,plain
1,art,106,emotion,lasso,2.0,0.28791569655006244,0.4136040794434786,0.40612527402901205,1,plain
1,art,106,population,elastic,,0.4162790823718079,0.4642896177730355,0.48114102367386424,1,plain
1,art,106,identity,elastic,37.0,0.10495780108414686,0.16395889065610889,0.14612726262192244,1,plain
1,art,106,random,elastic,4.0,0.13645372569359057,0.4411407002672976,0.4014840331739747,1,plain
1,art,106,shuffled,elastic,5.0,-0.03192310925915814,-0.05290460667433351,-0.059241021137341275,1,plain
1,art,106,pca,elastic,7.0,0.23470157987627813,0.3129895033564478,0.2969266710644302,1,plain
1,art,106,emotion,elastic,2.0,0.2776069023502316,0.41093111075545224,0.40590821284779904,1,plain
1,art,111,population,lasso,,0.4847764436046023,0.6674733323583324,0.6718124368546665,1,plain
1,art,111,identity,lasso,31.0,0.466443329722869,0.6020743306844734,0.5619132948155042,1,plain
1,art,111,random,lasso,6.0,0.4322990838025509,0.6564012666121939,0.6566027296390845,1,plain
1,art,111,shuffled,lasso,6.0,0.015171916970154199,0.01633744812319127,0.04093097371554136,1,plain
1,art,111,pca,lasso,7.0,0.5883590933669952,0.6380462420641505,0.6622743641232773,1,plain
1,art,111,emotion,lasso,4.0,0.5481036197131713,0.6679162149881781,0.6672178673402718,1,plain
1,art,111,population,elastic,,0.48378467381999557,0.6674733323583324,0.6719640760245038,1,plain
1,art,111,identity,elastic,41.0,0.48117402713867985,0.6286472884752062,0.5939662272200126,1,plain
1,art,111,random,elastic,6.0,0.4084433111048936,0.6523661137624899,0.6509933805817726,1,plain
1,art,111,shuffled,elastic,5.0,0.011853495497926414,0.008021096518313786,0.0339173474864953,1,plain
1,art,111,pca,elastic,7.0,0.5882028014035449,0.6380462420641505,0.662264783198009,1,plain
1,art,111,emotion,elastic,5.0,0.5349722823081259,0.6702782556806877,0.6631453003112484,1,plain
1,art,118,population,lasso,,0.42870213226719744,0.606527419128281,0.5725569719784899,1,plain
1,art,118,identity,lasso,27.0,0.5035499268397584,0.6661286674462027,0.574261162380268,1,plain
1,art,118,random,lasso,6.0,0.20949512474229517,0.3077238364240519,0.35159423429425296,1,plain
1,art,118,shuffled,lasso,6.0,0.052733576743677624,0.17945158460939445,0.18802561095674136,1,plain
1,art,118,pca,lasso,7.0,0.5173660039284683,0.5683547132657993,0.5587881076601836,1,plain
1,art,118,emotion,lasso,2.0,0.510677973267827,0.5985540079820707,0.5650258615566706,1,plain
1,art,118,population,elastic,,0.4286423300723196,0.607872932259204,0.5738514323687683,1,plain
1,art,118,identity,elastic,34.0,0.5054702138757934,0.6768429386739226,0.5902980169088475,1,plain
1,art,118,random,elastic,6.0,0.19971730860467404,0.31430190061967533,0.35225777859941254,1,plain
1,art,118,shuffled,elastic,6.0,0.05391714724217278,0.19539840690181495,0.2166338288359808,1,plain
1,art,118,pca,elastic,7.0,0.5172751692821907,0.5683547132657993,0.5588223896118875,1,plain
1,art,118,emotion,elastic,3.0,0.5014343794026719,0.6062782500299619,0.5720824566342383,1,plain
1,art,119,population,lasso,,0.29205898226054905,0.5866268264183392,0.5974497046775648,1,plain
1,art,119,identity,lasso,34.0,0.5092167879066638,0.5565358350707552,0.5428998698051262,1,plain
1,art,119,random,lasso,6.0,0.43920490700322307,0.5185779178806657,0.47105448296700975,1,plain
1,art,119,shuffled,lasso,4.0,0.05384909063132354,0.11869224364880318,0.09273931960757115,1,plain
1,art,119,pca,lasso,7.0,0.4639919774584656,0.5066791925438761,0.48857748255802125,1,plain
1,art,119,emotion,lasso,4.0,0.46683323872818144,0.5581092202392564,0.5590480548043854,1,plain
1,art,119,population,elastic,,0.29067707537228843,0.582890036643149,0.596148705619229,1,plain
1,art,119,identity,elastic,41.0,0.5272397281276435,0.5895769236092787,0.5685049742680844,1,plain
1,art,119,random,elastic,6.0,0.4335163248107395,0.521724688217668,0.4714291252284923,1,plain
1,art,119,shuffled,elastic,4.0,0.04855788665662613,0.12734586207555934,0.09022424891809096,1,plain
1,art,119,pca,elastic,7.0,0.463946005778781,0.5066791925438761,0.48858452846665407,1,plain
1,art,119,emotion,elastic,6.0,0.45040525964974976,0.5696637675704365,0.5652887090835075,1,plain
1,art,128,population,lasso,,0.4319131629926997,0.5187655838175419,0.5004581929086616,1,plain
1,art,128,identity,lasso,23.0,0.28915026061991844,0.5091393160981094,0.5106028806204173,1,plain
1,art,128,random,lasso,3.0,0.08521556523441695,0.31390657391336907,0.3212903605836466,1,plain
1,art,128,shuffled,lasso,6.0,0.17734455585667888,0.3744718416481318,0.42128959995714255,1,plain
1,art,128,pca,lasso,7.0,0.5112421818520696,0.6800055681180361,0.6208623354455575,1,plain
1,art,128,emotion,lasso,2.0,0.2581069251734266,0.6752425710693587,0.6469763126454933,1,plain
1,art,128,population,elastic,,0.43061034872290344,0.520119277715587,0.49998542288434494,1,plain
1,art,128,identity,elastic,28.0,0.27781577225667814,0.5255340533077678,0.5259535198422178,1,plain
1,art,128,random,elastic,3.0,0.07548163141448293,0.30633591544652367,0.3094247719149121,1,plain
1,art,128,shuffled,elastic,7.0,0.1649095494478255,0.38119017432731916,0.42388188299288243,1,plain
1,art,128,pca,elastic,7.0,0.5111037919236308,0.6800055681180361,0.6208625113637708,1,plain
1,art,128,emotion,elastic,2.0,0.24381596881169396,0.6743902452817006,0.6486972150171474,1,plain
1,art,129,population,lasso,,0.25311268290735556,0.3484921597617948,0.37136710032998294,1,plain
1,art,129,identity,lasso,28.0,0.3217551226556493,0.383717717163203,0.43161500435730543,1,plain
1,art,129,random,lasso,5.0,0.1150118538994007,0.18214924981070055,0.23105721772218382,1,plain
1,art,129,shuffled,lasso,4.0,0.037295588297277055,0.041798987628736524,0.07130798830141277,1,plain
1,art,129,pca,lasso,7.0,0.1703781177554933,0.2224428717385222,0.26687558217747914,1,plain
1,art,129,emotion,lasso,4.0,0.19682842198052033,0.3004709939026102,0.3490935888577879,1,plain
1,art,129,population,elastic,,0.25057774566198143,0.34573232264345094,0.36867670150271326,1,plain
1,art,129,identity,elastic,30.0,0.3033665869600449,0.3906925782441087,0.43445122275999226,1,plain
1,art,129,random,elastic,5.0,0.10320798713819933,0.18024245325620836,0.22994215065952447,1,plain
1,art,129,shuffled,elastic,4.0,0.0359211029464262,0.0457129384511152,0.07152672069018452,1,plain
1,art,129,pca,elastic,7.0,0.17031053456500989,0.2224428717385222,0.2668643795300242,1,plain
1,art,129,emotion,elastic,4.0,0.18928232526423736,0.30112331903967327,0.3408411936148208,1,plain
1,art,137,population,lasso,,0.4509810198202609,0.49185315334558866,0.5180838994917955,1,plain
1,art,137,identity,lasso,34.0,0.3363047142726169,0.3775958966461492,0.42071446330848555,1,plain
1,art,137,random,lasso,4.0,0.03692489523769133,0.11536119154677701,0.08197587103111144,1,plain
1,art,137,shuffled,lasso,6.0,0.05097943118793707,0.08083813813912909,0.1003786738212486,1,plain
1,art,137,pca,lasso,7.0,0.5216678137206132,0.5569853093385059,0.5863670828207964,1,plain
1,art,137,emotion,lasso,3.0,0.5127634081636747,0.5477523997062279,0.5735721622396084,1,plain
1,art,137,population,elastic,,0.45164843350560124,0.48824027566339295,0.5194842040060813,1,plain
1,art,137,identity,elastic,37.0,0.34167654106553463,0.40278568270812487,0.44947379606897475,1,plain
1,art,137,random,elastic,4.0,0.031096564692808113,0.11852245951869826,0.07366443485241134,1,plain
1,art,137,shuffled,elastic,6.0,0.04189170158775771,0.07306041535106886,0.0852192905614535,1,plain
1,art,137,pca,elastic,7.0,0.5215637106396912,0.5569853093385059,0.586365428510424,1,plain
1,art,137,emotion,elastic,4.0,0.5010178555038157,0.5477523997062279,0.5721652409691259,1,plain
1,fashion,5,population,lasso,,0.10434425504483583,0.17625792320213432,0.2055653195568114,1,plain
1,fashion,5,identity,lasso,26.0,0.12130874821818514,0.1934941657677684,0.24600177233000736,1,plain
1,fashion,5,random,lasso,4.0,0.13689034598872807,0.2297276292416555,0.2814841710962893,1,plain
1,fashion,5,shuffled,lasso,6.0,0.06410114887936248,0.1281778781506287,0.12611813960476007,1,plain
1,fashion,5,pca,lasso,7.0,0.07630452336466892,0.10251028473245534,0.1493198673670617,1,plain
1,fashion,5,emotion,lasso,1.0,0.06626330945115451,0.15736742825403996,0.1731413061271461,1,plain
1,fashion,5,population,elastic,,0.10437167779633975,0.17588438234157877,0.2064171247656018,1,plain
1,fashion,5,identity,elastic,27.0,0.11341498117729493,0.18783768987935595,0.25473373212656025,1,plain
1,fashion,5,random,elastic,4.0,0.1293856093331528,0.2357576459906235,0.2816374256170347,1,plain
1,fashion,5,shuffled,elastic,5.0,0.06277416286108178,0.13025903437372385,0.12981420427539633,1,plain
1,fashion,5,pca,elastic,7.0,0.0737513055012337,0.10891384234197883,0.14949557738166716,1,plain
1,fashion,5,emotion,elastic,5.0,0.12030983067179411,0.20128516085935527,0.19313212866701546,1,plain
1,fashion,6,population,lasso,,0.2573764756145742,0.37020982898773297,0.3920000643825106,1,plain
1,fashion,6,identity,lasso,41.0,0.4101595942342334,0.5773103898593297,0.5645584650437612,1,plain
1,fashion,6,random,lasso,5.0,0.1293336961519271,0.34053077188901487,0.35177864793814084,1,plain
1,fashion,6,shuffled,lasso,6.0,0.048693710050200144,0.12107649181896694,0.1003068667908966,1,plain
1,fashion,6,pca,lasso,7.0,0.2580095711666913,0.4616072637079818,0.44933587750044296,1,plain
1,fashion,6,emotion,lasso,2.0,0.19212433799972786,0.36177314270586386,0.4008153613483587,1,plain
1,fashion,6,population,elastic,,0.25654897414523636,0.3735744598263356,0.39253636342132675,1,plain
1,fashion,6,identity,elastic,45.0,0.3938352548297762,0.5932798317500105,0.581997528106168,1,plain
1,fashion,6,random,elastic,5.0,0.11967675967695021,0.34585391918590846,0.3524441495832307,1,plain
1,fashion,6,shuffled,elastic,6.0,0.04560483770651671,0.13503719888063132,0.10035874513829551,1,plain
1,fashion,6,pca,elastic,7.0,0.25061305601979567,0.4616072637079818,0.44877008278395764,1,plain
1,fashion,6,emotion,elastic,5.0,0.386571134706022,0.496910778327946,0.5315228771275179,1,plain
1,fashion,16,population,lasso,,0.13869671192627342,0.2813874466680309,0.28283137551443116,1,plain
1,fashion,16,identity,lasso,48.0,0.36427590023031575,0.4043113867634684,0.4620310176855801,1,plain
1,fashion,16,random,lasso,5.0,0.15293874989486023,0.23012845655674835,0.22777265647555292,1,plain
1,fashion,16,shuffled,lasso,5.0,0.1510686129164657,0.28407244138814564,0.21295608602563118,1,plain
1,fashion,16,pca,lasso,7.0,0.0776423911164189,0.04569372832777185,0.1288172827989392,1,plain
1,fashion,16,emotion,lasso,4.0,0.19203775101773496,0.3208812780966286,0.30165827976719506,1,plain
1,fashion,16,population,elastic,,0.13772435233885902,0.2831448977575606,0.28241454434927776,1,plain
1,fashion,16,identity,elastic,61.0,0.3233892661671829,0.3664285521669396,0.44097813269998504,1,plain
1,fashion,16,random,elastic,6.0,0.14925106765099366,0.2396479832917008,0.23443539347729628,1,plain
1,fashion,16,shuffled,elastic,5.0,0.1478264459345389,0.28504880310455105,0.21437918071505896,1,plain
1,fashion,16,pca,elastic,7.0,0.07665751302085524,0.04720708898820019,0.13098085277277144,1,plain
1,fashion,16,emotion,elastic,5.0,0.2108648265093164,0.3264953579659595,0.2943338742801456,1,plain
1,fashion,17,population,lasso,,0.06445543911120204,0.022945540095059197,0.0923141745924332,1,plain
1,fashion,17,identity,lasso,40.0,0.08965567975367177,0.045362381109587076,0.09314620873542702,1,plain
1,fashion,17,random,lasso,6.0,-0.016286787391643298,-0.0869709987474018,-0.021821797473147386,1,plain
1,fashion,17,shuffled,lasso,6.0,0.023526931375238768,0.007507526943544714,0.028315681684226303,1,plain
1,fashion,17,pca,lasso,7.0,0.10362475999123753,0.07951634171191022,0.10983877808605824,1,plain
1,fashion,17,emotion,lasso,4.0,0.07798312632373203,0.04737143761560609,0.14332364461797611,1,plain
1,fashion,17,population,elastic,,0.06554401540545259,0.02474311696886568,0.09434006567937445,1,plain
1,fashion,17,identity,elastic,45.0,0.09175999994606263,0.07904051253943203,0.09932178658844477,1,plain
1,fashion,17,random,elastic,6.0,-0.011192042562660159,-0.07592118796429725,-0.016045975091748408,1,plain
1,fashion,17,shuffled,elastic,6.0,0.02219762128498073,0.0011102680691157678,0.029658417756980117,1,plain
1,fashion,17,pca,elastic,7.0,0.10168842067561293,0.08184261766624802,0.10929355855252605,1,plain
1,fashion,17,emotion,elastic,6.0,0.2225230071957954,0.16638160064320576,0.24068042992192148,1,plain
1,fashion,23,population,lasso,,0.18621660166344453,0.41793732732333905,0.4587549754248075,1,plain
1,fashion,23,identity,lasso,48.0,0.4527680154669441,0.5540122386613614,0.5247692196013168,1,plain
1,fashion,23,random,lasso,6.0,0.28984962713732676,0.3229807044113712,0.3656361936021428,1,plain
1,fashion,23,shuffled,lasso,6.0,0.23450653253793607,0.41897267990960657,0.4219459727506024,1,plain
1,fashion,23,pca,lasso,7.0,0.31592601105502544,0.40812612900585116,0.4295396674083595,1,plain
1,fashion,23,emotion,lasso,3.0,0.2880974493138896,0.5133869752763865,0.4963611228741535,1,plain
1,fashion,23,population,elastic,,0.1848123567826368,0.4250861904189959,0.4585119844767082,1,plain
1,fashion,23,identity,elastic,61.0,0.43426567139810673,0.5564280613626523,0.5424474088618066,1,plain
1,fashion,23,random,elastic,6.0,0.27357559638212137,0.3251007120880143,0.3659971855377381,1,plain
1,fashion,23,shuffled,elastic,6.0,0.22827828360162333,0.4254806104518598,0.4229091832535386,1,plain
1,fashion,23,pca,elastic,7.0,0.30344634524598796,0.4070414739154756,0.4260860811401729,1,plain
1,fashion,23,emotion,elastic,4.0,0.33599390789615247,0.48848921070185713,0.48261428487797986,1,plain
1,fashion,35,population,lasso,,0.1886786843744706,0.28170011791898236,0.24243866401815117,1,plain
1,fashion,35,identity,lasso,27.0,-0.12046436769227271,-0.1679644714851243,-0.17479301289008653,1,plain
1,fashion,35,random,lasso,3.0,-0.009642871012130285,-0.08289558943905395,-0.05212300281557094,1,plain
1,fashion,35,shuffled,lasso,4.0,-0.08242506447411314,-0.10933731615775343,-0.1258911665697271,1,plain
1,fashion,35,pca,lasso,6.0,0.060739847520078584,0.04284491139546609,0.10945487237272564,1,plain
1,fashion,35,emotion,lasso,1.0,0.12827960204006775,0.3160588391346701,0.31509270386413774,1,plain
1,fashion,35,population,elastic,,0.1890405563249132,0.28128615742240776,0.24432558139885155,1,plain
1,fashion,35,identity,elastic,34.0,-0.1177479107055378,-0.1771750925339081,-0.18171024651327422,1,plain
1,fashion,35,random,elastic,3.0,-0.008088660070996912,-0.06199058436203909,-0.04839724856926846,1,plain
1,fashion,35,shuffled,elastic,4.0,-0.0799659182114277,-0.10731925873695249,-0.12428918899695168,1,plain
1,fashion,35,pca,elastic,6.0,0.058476779116545995,0.039429737298726036,0.10869435717154362,1,plain
1,fashion,35,emotion,elastic,5.0,0.17889753675535855,0.26395156162834843,0.2648192104693445,1,plain
1,fashion,39,population,lasso,,0.2797774039919956,0.3101432881353129,0.40149568536687646,1,plain
1,fashion,39,identity,lasso,31.0,0.28909828571139146,0.3040355429936651,0.3213111207816331,1,plain
1,fashion,39,random,lasso,5.0,0.04487403151445843,0.09912569983985789,0.06450547618282189,1,plain
1,fashion,39,shuffled,lasso,5.0,0.07672549214541904,0.10202938195637896,0.10063926523334879,1,plain
1,fashion,39,pca,lasso,7.0,0.25724963697342546,0.3800819763556571,0.3572995536835785,1,plain
1,fashion,39,emotion,lasso,1.0,0.3211465983610776,0.36020677290291786,0.3957110658012302,1,plain
1,fashion,39,population,elastic,,0.2785704247539157,0.32411100038547475,0.40262541510032573,1,plain
1,fashion,39,identity,elastic,38.0,0.268586080096538,0.2962757028546863,0.3103500053084123,1,plain
1,fashion,39,random,elastic,5.0,0.04535483248557561,0.09907563635509027,0.06863350820639816,1,plain
1,fashion,39,shuffled,elastic,5.0,0.07498375196467252,0.09782404923590016,0.1001723767988832,1,plain
1,fashion,39,pca,elastic,7.0,0.25104169193841525,0.37727842120867117,0.3579954621092931,1,plain
1,fashion,39,emotion,elastic,5.0,0.3628825493382305,0.3762771515133191,0.4041864371159755,1,plain
1,fashion,44,population,lasso,,0.14614705109456594,0.39976986297157413,0.3172065726089573,1,plain
1,fashion,44,identity,lasso,20.0,0.0899832101668851,0.11496449280240821,0.15161810218903246,1,plain
1,fashion,44,random,lasso,5.0,0.18289412830584062,0.27811188192155906,0.33673126492451333,1,plain
1,fashion,44,shuffled,lasso,5.0,0.12323720251469973,0.31745528612504986,0.24267847366356204,1,plain
1,fashion,44,pca,lasso,6.0,0.14573549999628774,0.2225201627353279,0.17902994538715142,1,plain
1,fashion,44,emotion,lasso,2.0,0.13476407916585842,0.26538914471809255,0.2605492967485335,1,plain
1,fashion,44,population,elastic,,0.14480371129070171,0.40160929485641267,0.3163706056548374,1,plain
1,fashion,44,identity,elastic,22.0,0.08618267116910659,0.12554122614022978,0.15539424389642514,1,plain
1,fashion,44,random,elastic,5.0,0.16675989679524914,0.27560821074497327,0.3316871097759154,1,plain
1,fashion,44,shuffled,elastic,5.0,0.11919385802618152,0.31878376470854436,0.24103293211283772,1,plain
1,fashion,44,pca,elastic,6.0,0.14293005514404775,0.22752750508849948,0.1799756214279212,1,plain
1,fashion,44,emotion,elastic,5.0,0.1713058202612578,0.21076823680441503,0.2518101243339392,1,plain
1,fashion,51,population,lasso,,0.2145595837358231,0.4714883719494742,0.49701195815847526,1,plain
1,fashion,51,identity,lasso,48.0,0.1600869909542624,0.20924971782334484,0.18245690512728596,1,plain
1,fashion,51,random,lasso,5.0,0.09122897155384703,0.2111193367458201,0.16094494058741626,1,plain
1,fashion,51,shuffled,lasso,5.0,0.23201308442568877,0.365608900339825,0.35035855017666834,1,plain
1,fashion,51,pca,lasso,6.0,0.1619231986024051,0.2425092544442198,0.22752563925811278,1,plain
1,fashion,51,emotion,lasso,4.0,0.32356322556276296,0.4315375676060563,0.4234472994522622,1,plain
1,fashion,51,population,elastic,,0.2126936891308671,0.4809218141896472,0.4950625775207524,1,plain
1,fashion,51,identity,elastic,57.0,0.16379124705321016,0.2243542706970262,0.19761002311127213,1,plain
1,fashion,51,random,elastic,5.0,0.08835194341952317,0.2169249955050852,0.1648945259575977,1,plain
1,fashion,51,shuffled,elastic,6.0,0.22714390827453187,0.369102135694976,0.3518291293877176,1,plain
1,fashion,51,pca,elastic,6.0,0.15927951250079037,0.23857321460742986,0.2294601407749253,1,plain
1,fashion,51,emotion,elastic,6.0,0.356505239664503,0.4400492537531146,0.42427616610393537,1,plain
1,fashion,64,population,lasso,,0.0192891293817418,0.15241983055446434,0.07557799488584066,1,plain
1,fashion,64,identity,lasso,32.0,0.0887576437333309,0.21105802961492537,0.15527931658607896,1,plain
1,fashion,64,random,lasso,2.0,0.008866013873548595,0.16762232660717646,0.10743384222555366,1,plain
1,fashion,64,shuffled,lasso,5.0,0.08659242974938978,0.2820359170298605,0.23167069628033674,1,plain
1,fashion,64,pca,lasso,5.0,0.07641441696871762,0.318512035805686,0.3227001706495715,1,plain
1,fashion,64,emotion,lasso,1.0,0.011954523463343135,0.16164991744361099,0.12994122738534622,1,plain
1,fashion,64,population,elastic,,0.019558598936666536,0.1545422569514339,0.07696952740288557,1,plain
1,fashion,64,identity,elastic,37.0,0.09001635968848577,0.22986371466714392,0.17641469115085473,1,plain
1,fashion,64,random,elastic,2.0,0.007843315129608378,0.1697941117575639,0.1075494377013311,1,plain
1,fashion,64,shuffled,elastic,5.0,0.08368493691184725,0.2924506140010366,0.2339820480810508,1,plain
1,fashion,64,pca,elastic,5.0,0.07313759218224446,0.32527418502393785,0.32263551405098934,1,plain
1,fashion,64,emotion,elastic,6.0,0.03973692183910025,0.26579688715537253,0.1592054307792246,1,plain
1,fashion,69,population,lasso,,0.25685715596504816,0.3684563440793471,0.3279266081594601,1,plain
1,fashion,69,identity,lasso,29.0,0.13337435506593864,0.25941909358441306,0.2031988182126734,1,plain
1,fashion,69,random,lasso,3.0,0.03782716666067585,0.15137119732033097,0.12675295765447123,1,plain
1,fashion,69,shuffled,lasso,4.0,0.10268212162929206,0.21713721803432406,0.16416604478157948,1,plain
1,fashion,69,pca,lasso,7.0,0.17769478943430067,0.320498699520687,0.26588957360458343,1,plain
1,fashion,69,emotion,lasso,1.0,0.1521919633287282,0.3391402160809479,0.395409743769929,1,plain
1,fashion,69,population,elastic,,0.2582226802907926,0.3771522470557816,0.3312041551701974,1,plain
1,fashion,69,identity,elastic,32.0,0.12359412335604929,0.2551492490091578,0.20946475149337038,1,plain
1,fashion,69,random,elastic,3.0,0.035369630471601944,0.15392268981042254,0.12710037720111045,1,plain
1,fashion,69,shuffled,elastic,4.0,0.1030540119644337,0.21838692864171588,0.17378769712039457,1,plain
1,fashion,69,pca,elastic,7.0,0.1723677734324891,0.3184679197836753,0.26548399372774517,1,plain
1,fashion,69,emotion,elastic,3.0,0.2086092360497852,0.3198738442169911,0.31307194100940405,1,plain
1,fashion,81,population,lasso,,0.19870567353292382,0.3692783186665126,0.3750347794326793,1,plain
1,fashion,81,identity,lasso,12.0,0.14375261766831626,0.250314710761533,0.24372801051764728,1,plain
1,fashion,81,random,lasso,5.0,0.076480051060252,0.16463908488501092,0.17296237821878105,1,plain
1,fashion,81,shuffled,lasso,5.0,0.1638915422231438,0.29009657780865694,0.2467571519952396,1,plain
1,fashion,81,pca,lasso,5.0,0.22785293227116626,0.3160721178833223,0.36755333967074444,1,plain
1,fashion,81,emotion,lasso,2.0,0.22467893498822028,0.39361674487092596,0.42038130223398945,1,plain
1,fashion,81,population,elastic,,0.19818814942768925,0.37560849229815385,0.37607143443115626,1,plain
1,fashion,81,identity,elastic,15.0,0.13859718022070255,0.2651578765184846,0.25528703490450405,1,plain
1,fashion,81,random,elastic,5.0,0.06919868898902642,0.15923660911317924,0.16798604432620717,1,plain
1,fashion,81,shuffled,elastic,5.0,0.16002906056363425,0.2934253760115027,0.24765607589248215,1,plain
1,fashion,81,pca,elastic,5.0,0.22178338045171953,0.3187460705380672,0.3684341165769148,1,plain
1,fashion,81,emotion,elastic,3.0,0.29804328725940477,0.34985123407285545,0.4007803911791437,1,plain
1,fashion,92,population,lasso,,0.03121809797195771,-0.005115651302146496,0.06370551284072574,1,plain
1,fashion,92,identity,lasso,23.0,0.24773067598910767,0.2340275848329334,0.3491389616329292,1,plain
1,fashion,92,random,lasso,5.0,0.06895631470443865,0.11712149033861714,0.17624108573359595,1,plain
1,fashion,92,shuffled,lasso,4.0,0.17452814298671718,0.266067716672693,0.2773481139132971,1,plain
1,fashion,92,pca,lasso,6.0,0.2569439943897627,0.2676831855049498,0.3374120728274109,1,plain
1,fashion,92,emotion,lasso,2.0,0.10497602158559076,0.15567734646847914,0.21864757463340387,1,plain
1,fashion,92,population,elastic,,0.03140402819896777,-0.004200218963867649,0.06473704659615745,1,plain
1,fashion,92,identity,elastic,26.0,0.23528767520449556,0.24307421029357137,0.34746972382099356,1,plain
1,fashion,92,random,elastic,5.0,0.06427290282222999,0.11103655773711656,0.17378957666836195,1,plain
1,fashion,92,shuffled,elastic,4.0,0.16805988299682356,0.26816782615462686,0.27416840406274934,1,plain
1,fashion,92,pca,elastic,6.0,0.2503784122188313,0.26558307602301595,0.3359812943369814,1,plain
1,fashion,92,emotion,elastic,4.0,0.14584206251300053,0.16940883154266184,0.21203980481847634,1,plain
1,fashion,100,population,lasso,,0.24118383220397727,0.5042951676289588,0.57183790545427,1,plain
1,fashion,100,identity,lasso,31.0,0.3004925726968765,0.2600643451480065,0.3613648753019263,1,plain
1,fashion,100,random,lasso,6.0,0.2304114829239811,0.22971254450828582,0.31836526321359704,1,plain
1,fashion,100,shuffled,lasso,6.0,0.2655161454028338,0.39386519963477507,0.36981735093457213,1,plain
1,fashion,100,pca,lasso,3.0,0.33228827278687456,0.4242170002744957,0.4258759973380044,1,plain
1,fashion,100,emotion,lasso,2.0,0.4599791978847959,0.6203908050758903,0.6324438921710249,1,plain
1,fashion,100,population,elastic,,0.2399556770291868,0.5115795997824917,0.5712745869293533,1,plain
1,fashion,100,identity,elastic,32.0,0.3007839837451547,0.268815780999126,0.3758042124087484,1,plain
1,fashion,100,random,elastic,6.0,0.2215261013786121,0.22794202280430215,0.3156527941608558,1,plain
1,fashion,100,shuffled,elastic,6.0,0.2583515161708569,0.39356168162837785,0.36980926773294703,1,plain
1,fashion,100,pca,elastic,4.0,0.32526844760238116,0.4228005829113088,0.4257527085195623,1,plain
1,fashion,100,emotion,elastic,4.0,0.5211015579984323,0.5975763682617002,0.6348531967362011,1,plain
1,fashion,101,population,lasso,,0.1662893863824163,0.2734490433726677,0.26362645326331835,1,plain
1,fashion,101,identity,lasso,31.0,0.1859560280545736,0.32926309224735084,0.3011968353694394,1,plain
1,fashion,101,random,lasso,5.0,-0.08134546483612086,-0.17181971908480884,-0.14598898548102648,1,plain
1,fashion,101,shuffled,lasso,6.0,0.14631332816930628,0.327621502574566,0.290329688492467,1,plain
1,fashion,101,pca,lasso,6.0,0.11988335144191856,0.21524722770120666,0.19373134308056367,1,plain
1,fashion,101,emotion,lasso,2.0,0.13979869816868087,0.34821599119677527,0.2918615865187034,1,plain
1,fashion,101,population,elastic,,0.16504895469224926,0.27937542299676854,0.2621099464705391,1,plain
1,fashion,101,identity,elastic,32.0,0.18711351166092866,0.37070079519976706,0.3236327770563691,1,plain
1,fashion,101,random,elastic,5.0,-0.07383714433964234,-0.16754163690724844,-0.14226718644096553,1,plain
1,fashion,101,shuffled,elastic,6.0,0.14350566231228817,0.3246865392201932,0.2914305484473762,1,plain
1,fashion,101,pca,elastic,6.0,0.11592720786067875,0.2109691455236463,0.19276382482139479,1,plain
1,fashion,101,emotion,elastic,6.0,0.18992766830686036,0.3509519739847499,0.30175899267921896,1,plain
1,fashion,106,population,lasso,,0.1186881796136448,0.3054285396661419,0.3752685931259064,1,plain
1,fashion,106,identity,lasso,26.0,0.0990872616130166,0.20068332364909633,0.1514837230909886,1,plain
1,fashion,106,random,lasso,6.0,0.04928505439528899,0.11543249360782587,0.09063737290272539,1,plain
1,fashion,106,shuffled,lasso,5.0,0.0800425579733408,0.1837123226600332,0.1638333278433899,1,plain
1,fashion,106,pca,lasso,7.0,0.019670229094157155,0.045965189267754065,0.037694292234544235,1,plain
1,fashion,106,emotion,lasso,3.0,0.04231041585790323,0.08802160571295423,0.09159850691064476,1,plain
1,fashion,106,population,elastic,,0.11810182584578281,0.307407665145916,0.376010447656484,1,plain
1,fashion,106,identity,elastic,35.0,0.08488105655232352,0.18702735783865487,0.1389885884995052,1,plain
1,fashion,106,random,elastic,6.0,0.046859068913729304,0.11592727497776942,0.09102996944632595,1,plain
1,fashion,106,shuffled,elastic,5.0,0.0749605996915965,0.16951209734265382,0.16078081642889544,1,plain
1,fashion,106,pca,elastic,7.0,0.01875572893832181,0.04799379288452254,0.036930646817227984,1,plain
1,fashion,106,emotion,elastic,6.0,0.05144135550188387,0.08327170456149632,0.0867797803025599,1,plain
1,fashion,111,population,lasso,,0.19718578156951744,0.37142990912224666,0.35069569588208876,1,plain
1,fashion,111,identity,lasso,38.0,0.38291156194869497,0.5615403386095158,0.5510448240681411,1,plain
1,fashion,111,random,lasso,6.0,0.0034977896471007726,0.024899506006211696,0.008584940873689382,1,plain
1,fashion,111,shuffled,lasso,5.0,0.018256921388546545,0.0789221028638702,0.07416144862779403,1,plain
1,fashion,111,pca,lasso,6.0,0.358639299070363,0.4817833410669364,0.4873503202127626,1,plain
1,fashion,111,emotion,lasso,3.0,0.08268861781197476,0.4246667227528847,0.4015261904777259,1,plain
1,fashion,111,population,elastic,,0.19564730454550336,0.36607676088816965,0.3507243311359044,1,plain
1,fashion,111,identity,elastic,41.0,0.39986995117611346,0.6419357850240495,0.6174043402814507,1,plain
1,fashion,111,random,elastic,6.0,0.001431647936717702,0.0276497473007834,0.0036704448249370507,1,plain
1,fashion,111,shuffled,elastic,5.0,0.01748916964602173,0.07479674092201265,0.07442488901646471,1,plain
1,fashion,111,pca,elastic,6.0,0.34877809988725517,0.4828146815524007,0.48669321492829953,1,plain
1,fashion,111,emotion,elastic,7.0,0.2355322857215766,0.4549193769931735,0.43874408119023806,1,plain
1,fashion,118,population,lasso,,0.22109498739042915,0.31293987686239594,0.3160488097089704,1,plain
1,fashion,118,identity,lasso,38.0,0.11973314832714353,0.20761880648979675,0.14258413328422911,1,plain
1,fashion,118,random,lasso,6.0,0.07361128697351754,0.15438829845206897,0.13028768288819356,1,plain
1,fashion,118,shuffled,lasso,7.0,0.23988279314431044,0.24484051183088945,0.32714086842905843,1,plain
1,fashion,118,pca,lasso,5.0,0.20733751190138897,0.29465118276004815,0.3210541643010376,1,plain
1,fashion,118,emotion,lasso,3.0,0.19551205438574276,0.3273626681463613,0.375079081343774,1,plain
1,fashion,118,population,elastic,,0.2196178574258464,0.31056085974339137,0.31598325030338154,1,plain
1,fashion,118,identity,elastic,45.0,0.1100548311361116,0.20063044370272073,0.13776883776570267,1,plain
1,fashion,118,random,elastic,6.0,0.0707930714074834,0.1640034926413792,0.13241233010830197,1,plain
1,fashion,118,shuffled,elastic,7.0,0.23802080220125493,0.25063936605846315,0.33464708884478434,1,plain
1,fashion,118,pca,elastic,5.0,0.20107281192938592,0.29415555419358885,0.32014698712283396,1,plain
1,fashion,118,emotion,elastic,6.0,0.21865159632103962,0.30520807122563104,0.32742599307128356,1,plain
1,fashion,119,population,lasso,,0.2268238176666484,0.45093356776891286,0.51903221977726,1,plain
1,fashion,119,identity,lasso,34.0,0.26555157539708624,0.3889130694663497,0.38428860601247866,1,plain
1,fashion,119,random,lasso,5.0,0.12437486345504058,0.22365560911161125,0.20712534876446784,1,plain
1,fashion,119,shuffled,lasso,4.0,0.08937634068319619,0.38803195741469526,0.36976755651265947,1,plain
1,fashion,119,pca,lasso,4.0,0.278775780570939,0.4639054951960473,0.4482983555074266,1,plain
1,fashion,119,emotion,lasso,2.0,0.22247332691025046,0.42498971291464416,0.48631404392112576,1,plain
1,fashion,119,population,elastic,,0.22653192453916352,0.4544090653059942,0.5216219178175767,1,plain
1,fashion,119,identity,elastic,45.0,0.27622337459626956,0.43659102159476054,0.4273871080734207,1,plain
1,fashion,119,random,elastic,5.0,0.11678151616792863,0.2235087571030022,0.20649872474255127,1,plain
1,fashion,119,shuffled,elastic,5.0,0.08688230059780477,0.39067529356965847,0.3712166455269749,1,plain
1,fashion,119,pca,elastic,4.0,0.26984015589321964,0.4639054951960473,0.4469054608094108,1,plain
1,fashion,119,emotion,elastic,7.0,0.40775604522469433,0.5422755171237534,0.5605416239616264,1,plain
1,fashion,128,population,lasso,,0.36540372401756616,0.5530393399120798,0.5453617356400811,1,plain
1,fashion,128,identity,lasso,29.0,0.3890955496614641,0.5670828996881019,0.5519340964638264,1,plain
1,fashion,128,random,lasso,5.0,0.10266148626888384,0.1620448781198038,0.21075185487814357,1,plain
1,fashion,128,shuffled,lasso,6.0,0.25863628675511424,0.38926374139734377,0.39993863950646663,1,plain
1,fashion,128,pca,lasso,6.0,0.30826233095323785,0.3853572582202109,0.38711202042513115,1,plain
1,fashion,128,emotion,lasso,2.0,0.36683266516549945,0.5049747620871029,0.5276542801132607,1,plain
1,fashion,128,population,elastic,,0.3650443222492064,0.551654763596134,0.546768854914024,1,plain
1,fashion,128,identity,elastic,29.0,0.37562185255337815,0.5898295105929264,0.5614402705358086,1,plain
1,fashion,128,random,elastic,5.0,0.09619737134594847,0.1658030138345139,0.20755319945171846,1,plain
1,fashion,128,shuffled,elastic,7.0,0.24569281734666262,0.38051124111440043,0.38825561426475036,1,plain
1,fashion,128,pca,elastic,6.0,0.30267125184869925,0.3924779364165037,0.38836328947960796,1,plain
1,fashion,128,emotion,elastic,5.0,0.42404491486323137,0.497903533044951,0.5338757810106265,1,plain
1,fashion,129,population,lasso,,0.1342294814011242,0.19470993262140177,0.2741959062570859,1,plain
1,fashion,129,identity,lasso,26.0,0.0027370024187282392,-0.0033518924680457137,0.003948505582474665,1,plain
1,fashion,129,random,lasso,6.0,-0.048694177388062934,-0.11651578444893235,-0.09747701722298932,1,plain
1,fashion,129,shuffled,lasso,4.0,-0.05799477278793804,-0.10971194302125747,-0.1254527115743257,1,plain
1,fashion,129,pca,lasso,7.0,-0.11452665467884386,-0.22777860308973336,-0.2636278729695513,1,plain
1,fashion,129,emotion,lasso,2.0,-0.025516740122913842,-0.17529897325421168,-0.16328409698652752,1,plain
1,fashion,129,population,elastic,,0.13474180793408252,0.20556606195820654,0.2768913744975561,1,plain
1,fashion,129,identity,elastic,31.0,0.0012422179088208316,-0.005853304757632068,0.0019822678781648093,1,plain
1,fashion,129,random,elastic,6.0,-0.047532604878306885,-0.12647140536148604,-0.10309291880538589,1,plain
1,fashion,129,shuffled,elastic,5.0,-0.05121369831218724,-0.10295812983937433,-0.12028676062039423,1,plain
1,fashion,129,pca,elastic,7.0,-0.10977433967808063,-0.22772857484394166,-0.2631517630673957,1,plain
1,fashion,129,emotion,elastic,6.0,-0.046664460715244646,-0.1398789752336689,-0.09432719290602296,1,plain
1,fashion,137,population,lasso,,0.10493585752176299,0.16180588207829247,0.2014196223261979,1,plain
1,fashion,137,identity,lasso,26.0,0.008398399505011239,0.009401565013723417,0.01236434112051327,1,plain
1,fashion,137,random,lasso,4.0,0.000978424154538923,0.027660393908796786,0.0023473580165041265,1,plain
1,fashion,137,shuffled,lasso,4.0,0.03430749703608254,0.07828039921952866,0.11084508769123827,1,plain
1,fashion,137,pca,lasso,7.0,0.09545572820854266,0.2700723254994864,0.19738572012203054,1,plain
1,fashion,137,emotion,lasso,2.0,0.05714911134718843,0.18090590363248846,0.1809554764786232,1,plain
1,fashion,137,population,elastic,,0.10368446271999188,0.1606677978924207,0.20025522414059374,1,plain
1,fashion,137,identity,elastic,29.0,0.009539459390297456,0.017368154314825888,0.01510574814009005,1,plain
1,fashion,137,random,elastic,4.0,0.0014053691009657961,0.025681117063802383,0.003644242786510051,1,plain
1,fashion,137,shuffled,elastic,4.0,0.03354048276726444,0.08045760374902251,0.11311196159356156,1,plain
1,fashion,137,pca,elastic,7.0,0.09194430199942985,0.2690826870769892,0.19790774219245927,1,plain
1,fashion,137,emotion,elastic,7.0,0.12600269400516378,0.23360414963046447,0.23953925117454786,1,plain
1,landscape,5,population,lasso,,0.2574651485765484,0.38292076625459576,0.40610977485356187,1,plain
1,landscape,5,identity,lasso,47.0,0.5123747479575431,0.5951351055888773,0.6072827348822352,1,plain
1,landscape,5,random,lasso,7.0,0.005795533360320808,0.025891074079999497,0.01061499648641828,1,plain
1,landscape,5,shuffled,lasso,7.0,0.06285128891999228,0.1108076325209502,0.11166460540337143,1,plain
1,landscape,5,pca,lasso,6.0,0.43796585992929404,0.5739701799520522,0.5781128687697866,1,plain
1,landscape,5,emotion,lasso,4.0,0.25210794595105296,0.5256299007669739,0.5549194479210409,1,plain
1,landscape,5,population,elastic,,0.2578898402085944,0.3950957356136431,0.4082851560849315,1,plain
1,landscape,5,identity,elastic,53.0,0.4983574215506797,0.6095190356333214,0.6106559623017431,1,plain
1,landscape,5,random,elastic,7.0,0.0060832706142803766,0.024504052254285237,0.011351645275464086,1,plain
1,landscape,5,shuffled,elastic,7.0,0.06271791925292688,0.1040266369285694,0.11186038488490749,1,plain
1,landscape,5,pca,elastic,6.0,0.43343838308829064,0.5739701799520522,0.579091800092449,1,plain
1,landscape,5,emotion,elastic,4.0,0.21730338451116266,0.5227531147580851,0.5377765628397412,1,plain
1,landscape,6,population,lasso,,0.38435734732560367,0.6503989838322114,0.6281218007451184,1,plain
1,landscape,6,identity,lasso,57.0,0.45059577683281116,0.47266911045570525,0.5059787314868408,1,plain
1,landscape,6,random,lasso,7.0,0.09468939328071525,0.2285729963573474,0.2069845186022608,1,plain
1,landscape,6,shuffled,lasso,7.0,0.17587700641852763,0.1989513507945964,0.2500753743585915,1,plain
1,landscape,6,pca,lasso,7.0,0.4719355499497254,0.5328948773876003,0.5355706227689239,1,plain
1,landscape,6,emotion,lasso,3.0,0.4329112121717216,0.5636954939180231,0.5706889979962964,1,plain
1,landscape,6,population,elastic,,0.3827349842939453,0.6437672721390582,0.6270366116841259,1,plain
1,landscape,6,identity,elastic,67.0,0.4424767975479686,0.4638268281981677,0.5067727912692515,1,plain
1,landscape,6,random,elastic,7.0,0.09361193707471656,0.22316937942218554,0.20639899076937315,1,plain
1,landscape,6,shuffled,elastic,7.0,0.1755557476302394,0.1989513507945964,0.2499472796812441,1,plain
1,landscape,6,pca,elastic,7.0,0.4685888286427322,0.5339264769843131,0.5353486374228269,1,plain
1,landscape,6,emotion,elastic,6.0,0.40813436018986227,0.5712605576272497,0.5749695388452277,1,plain
1,landscape,16,population,lasso,,0.275181312902688,0.4914434355657378,0.4930449801526121,1,plain
1,landscape,16,identity,lasso,66.0,0.45975878263644626,0.5113601888937164,0.4786024644752526,1,plain
1,landscape,16,random,lasso,6.0,0.19330856894427445,0.3308339518322356,0.31766158590858024,1,plain
1,landscape,16,shuffled,lasso,7.0,0.06318503407635709,0.17145086916572705,0.09015355430116663,1,plain
1,landscape,16,pca,lasso,7.0,0.3050274028994727,0.41476884085728816,0.3630646087667182,1,plain
1,landscape,16,emotion,lasso,3.0,0.4098551640655926,0.4991942903091383,0.49836326651087237,1,plain
1,landscape,16,population,elastic,,0.27586297637815005,0.49203210807789477,0.4951519640846999,1,plain
1,landscape,16,identity,elastic,87.0,0.46074748168377117,0.5237223116490134,0.48825907913418354,1,plain
1,landscape,16,random,elastic,6.0,0.19199061174359525,0.3308339518322356,0.317672367902121,1,plain
1,landscape,16,shuffled,elastic,7.0,0.06320393893919564,0.16934145933049777,0.09028716250756377,1,plain
1,landscape,16,pca,elastic,7.0,0.3015508582285579,0.4108934134855879,0.3620325603394551,1,plain
1,landscape,16,emotion,elastic,5.0,0.40049520167522956,0.5100356757413631,0.5139248899075679,1,plain
1,landscape,17,population,lasso,,-0.06833769845078173,-0.062030082111560816,-0.08746753760790588,1,plain
1,landscape,17,identity,lasso,55.0,0.026033499294807166,0.0862564231937584,0.030014266378233914,1,plain
1,landscape,17,random,lasso,7.0,0.07450067369827056,0.15318501822743388,0.1346672107936885,1,plain
1,landscape,17,shuffled,lasso,7.0,0.06275089312850775,0.12070574776558658,0.12444158612357548,1,plain
1,landscape,17,pca,lasso,7.0,0.04971284586381555,0.06272226328533789,0.08672144104085072,1,plain
1,landscape,17,emotion,lasso,2.0,0.0842594617271767,0.06384040210451623,0.1535355431441949,1,plain
1,landscape,17,population,elastic,,-0.06787579870200455,-0.06352093387046528,-0.08698811921488958,1,plain
1,landscape,17,identity,elastic,64.0,0.019366396960849082,0.06048598564698119,0.023238867264316693,1,plain
1,landscape,17,random,elastic,7.0,0.0742147188698974,0.15765757350414727,0.13490899140925827,1,plain
1,landscape,17,shuffled,elastic,7.0,0.0627348054323348,0.12070574776558658,0.12467684633849747,1,plain
1,landscape,17,pca,elastic,7.0,0.04932080856844265,0.064426093866943,0.08733126803316205,1,plain
1,landscape,17,emotion,elastic,2.0,0.0740810852003308,0.06384040210451623,0.1532981685712108,1,plain
1,landscape,23,population,lasso,,0.3337246364385285,0.7213594763066882,0.7105768375689813,1,plain
1,landscape,23,identity,lasso,65.0,0.569767584436338,0.6366800541032201,0.6189025300095683,1,plain
1,landscape,23,random,lasso,7.0,0.12748242806177193,0.19807282234466947,0.237680093885322,1,plain
1,landscape,23,shuffled,lasso,7.0,0.32878361703258085,0.4463585432901289,0.46133540151044616,1,plain
1,landscape,23,pca,lasso,7.0,0.4978919134445784,0.6240537038725361,0.5855047467523284,1,plain
1,landscape,23,emotion,lasso,3.0,0.46266570495010645,0.6491601531729312,0.6201561010167582,1,plain
1,landscape,23,population,elastic,,0.3327494556774255,0.7204819693408493,0.7103926679638781,1,plain
1,landscape,23,identity,elastic,80.0,0.5865546572290057,0.6585202274752142,0.6409509091991035,1,plain
1,landscape,23,random,elastic,7.0,0.126299901104782,0.19807282234466947,0.23758129603827496,1,plain
1,landscape,23,shuffled,elastic,7.0,0.32843970661048916,0.4463585432901289,0.46140965680256324,1,plain
1,landscape,23,pca,elastic,7.0,0.49338574865403106,0.6249799612253661,0.5853552630125721,1,plain
1,landscape,23,emotion,elastic,6.0,0.45214771530064135,0.6604702429548567,0.6328654688813017,1,plain
1,landscape,35,population,lasso,,0.370055348500643,0.5020486648274768,0.5043063709114473,1,plain
1,landscape,35,identity,lasso,40.0,0.0480765418255694,0.03102803023504153,0.06583587038657465,1,plain
1,landscape,35,random,lasso,6.0,-0.03409013029682177,-0.04369150273747311,-0.10317198628595384,1,plain
1,landscape,35,shuffled,lasso,7.0,-0.08100408101896873,-0.18223291903897562,-0.2110057124678684,1,plain
1,landscape,35,pca,lasso,5.0,0.05882609031875758,0.13611971638071876,0.11127553567218104,1,plain
1,landscape,35,emotion,lasso,3.0,0.10930361200758937,0.38161954585016933,0.3737941495010633,1,plain
1,landscape,35,population,elastic,,0.36854626321031236,0.4981638545378863,0.5030254011708308,1,plain
1,landscape,35,identity,elastic,46.0,0.033093694617156645,0.03945352787610158,0.04718941232183707,1,plain
1,landscape,35,random,elastic,6.0,-0.033581451048052186,-0.04212748820530028,-0.10268501357286716,1,plain
1,landscape,35,shuffled,elastic,7.0,-0.08052906487648061,-0.18223291903897562,-0.21045376426992746,1,plain
1,landscape,35,pca,elastic,5.0,0.05784513199908853,0.13617016846240176,0.11117142062698054,1,plain
1,landscape,35,emotion,elastic,3.0,0.10604975213893286,0.3854034519763939,0.38822528507941184,1,plain
1,landscape,39,population,lasso,,0.41523729553498834,0.7819465766627206,0.7415092489523895,1,plain
1,landscape,39,identity,lasso,55.0,0.6083278276845658,0.61464476683917,0.6249038155203153,1,plain
1,landscape,39,random,lasso,7.0,0.10191484866317185,0.10199518444407042,0.1768514562062719,1,plain
1,landscape,39,shuffled,lasso,7.0,0.347824134552487,0.4572454021072769,0.39415132345534565,1,plain
1,landscape,39,pca,lasso,7.0,0.696553488603012,0.7638251021449877,0.7547851944758025,1,plain
1,landscape,39,emotion,lasso,3.0,0.6543912349143302,0.7505063134967085,0.7532367966045022,1,plain
1,landscape,39,population,elastic,,0.4153132242091371,0.7780846230769741,0.7423994789488683,1,plain
1,landscape,39,identity,elastic,61.0,0.6223365216082645,0.6502440569436782,0.6424208449329318,1,plain
1,landscape,39,random,elastic,7.0,0.10076659135864995,0.10402518568786019,0.17647287139679005,1,plain
1,landscape,39,shuffled,elastic,7.0,0.3477433553183837,0.4572454021072769,0.39433108316806115,1,plain
1,landscape,39,pca,elastic,7.0,0.6931499465870179,0.7638251021449877,0.7549700579043701,1,plain
1,landscape,39,emotion,elastic,5.0,0.6356734898599744,0.7504568012712503,0.7499936517133103,1,plain
1,landscape,44,population,lasso,,0.3685199460988438,0.6477521805174489,0.5999433628338422,1,plain
1,landscape,44,identity,lasso,42.0,0.16117218651712006,0.24031550408730837,0.1824835285293144,1,plain
1,landscape,44,random,lasso,7.0,0.023121230601527216,0.08721778055561633,0.03473889348185126,1,plain
1,landscape,44,shuffled,lasso,7.0,-0.026286811383374804,-0.04923340302040574,-0.04081082373627721,1,plain
1,landscape,44,pca,lasso,7.0,0.219327884390208,0.28188140991601157,0.3102963931698408,1,plain
1,landscape,44,emotion,lasso,4.0,0.28835228811560126,0.580258027606278,0.48864136048652973,1,plain
1,landscape,44,population,elastic,,0.36776520371216936,0.6428086625912197,0.5998657601879276,1,plain
1,landscape,44,identity,elastic,60.0,0.1485086809985371,0.23814640948702412,0.17675423352616032,1,plain
1,landscape,44,random,elastic,7.0,0.0231844289836351,0.08721778055561633,0.03523028693097739,1,plain
1,landscape,44,shuffled,elastic,7.0,-0.025033861642565818,-0.0474678609038953,-0.03896737874295764,1,plain
1,landscape,44,pca,elastic,7.0,0.2160961283540152,0.2850593857257304,0.3093501443934148,1,plain
1,landscape,44,emotion,elastic,4.0,0.26552384524817557,0.5387425658380465,0.4686065302659107,1,plain
1,landscape,51,population,lasso,,0.3589099685646051,0.7354496362666483,0.7017461642696581,1,plain
1,landscape,51,identity,lasso,63.0,0.4821295488180356,0.43249148915826197,0.4903794441849549,1,plain
1,landscape,51,random,lasso,6.0,0.11093036042063198,0.14476397167482327,0.1690118402404869,1,plain
1,landscape,51,shuffled,lasso,7.0,0.24225546907515824,0.29877337347341676,0.3200676070296451,1,plain
1,landscape,51,pca,lasso,7.0,0.47717688926014773,0.651510862774524,0.6679001780107586,1,plain
1,landscape,51,emotion,lasso,4.0,0.4541019604690071,0.6718994692053646,0.6295105899975821,1,plain
1,landscape,51,population,elastic,,0.3582082693431118,0.7371040816572177,0.7031428499552377,1,plain
1,landscape,51,identity,elastic,77.0,0.5079240451628084,0.4721981785319277,0.5261765184798266,1,plain
1,landscape,51,random,elastic,6.0,0.10991738484735562,0.145299233418831,0.1689693514826986,1,plain
1,landscape,51,shuffled,elastic,7.0,0.24170386354776421,0.29877337347341676,0.31968541752838836,1,plain
1,landscape,51,pca,elastic,7.0,0.47126102744709175,0.651510862774524,0.6672191851356772,1,plain
1,landscape,51,emotion,elastic,5.0,0.4368105087776389,0.6810475790120425,0.6411366347579252,1,plain
1,landscape,64,population,lasso,,0.17597411990194511,0.344382673117127,0.3619298148714114,1,plain
1,landscape,64,identity,lasso,64.0,0.09718457778136967,0.10452004250083773,0.1019895029976923,1,plain
1,landscape,64,random,lasso,7.0,0.12255821061182774,0.11089201106539733,0.1627214004060294,1,plain
1,landscape,64,shuffled,lasso,6.0,-0.03325441638467714,-0.035218709973108366,-0.0440823322542464,1,plain
1,landscape,64,pca,lasso,7.0,0.1980920421780105,0.27246340001636155,0.24908435082945252,1,plain
1,landscape,64,emotion,lasso,1.0,0.2210112155186156,0.26110252583148785,0.30159257798736266,1,plain
1,landscape,64,population,elastic,,0.1747382855166427,0.3385046556040836,0.36010465605463365,1,plain
1,landscape,64,identity,elastic,76.0,0.12364516675938661,0.14690104272093168,0.131306692214007,1,plain
1,landscape,64,random,elastic,7.0,0.12170891146976794,0.11089201106539733,0.1626240819393977,1,plain
1,landscape,64,shuffled,elastic,6.0,-0.03318707209377971,-0.035218709973108366,-0.044020085782436415,1,plain
1,landscape,64,pca,elastic,7.0,0.1963288291753677,0.27369827764515214,0.24929116846976834,1,plain
1,landscape,64,emotion,elastic,4.0,0.22272889786951375,0.27927992452728573,0.3197762595018471,1,plain
1,landscape,69,population,lasso,,0.20656589551461768,0.2655974181056436,0.2398277403230218,1,plain
1,landscape,69,identity,lasso,50.0,0.06400742639277796,0.03815938514703796,0.07308106721670901,1,plain
1,landscape,69,random,lasso,7.0,0.08372167520372961,0.2421147195536202,0.2015792278434451,1,plain
1,landscape,69,shuffled,lasso,7.0,0.030046604188126658,0.053645819967984405,0.04088746955044488,1,plain
1,landscape,69,pca,lasso,6.0,0.1818987088850968,0.2532993669243037,0.2793101531450721,1,plain
1,landscape,69,emotion,lasso,2.0,0.012089746007162857,0.2130650019483154,0.14331688573370235,1,plain
1,landscape,69,population,elastic,,0.2060563620070204,0.2702534704047516,0.239760430360174,1,plain
1,landscape,69,identity,elastic,58.0,0.07422070799706615,0.033857597696775064,0.09021683380233103,1,plain
1,landscape,69,random,elastic,7.0,0.08286689869469141,0.2361934356514936,0.20107838686079135,1,plain
1,landscape,69,shuffled,elastic,7.0,0.029904618267715434,0.051823886459637765,0.040769110493485125,1,plain
1,landscape,69,pca,elastic,6.0,0.1796661423065642,0.2532993669243037,0.2792857031573177,1,plain
1,landscape,69,emotion,elastic,1.0,0.009019861071693152,0.20856077744156953,0.133192156673744,1,plain
1,landscape,81,population,lasso,,0.3208264027120852,0.447280385465165,0.399767977219099,1,plain
1,landscape,81,identity,lasso,32.0,0.3727788928224794,0.4946278803245013,0.5209725498034388,1,plain
1,landscape,81,random,lasso,7.0,0.011832871576937009,-0.03293500510470034,0.0299159390940113,1,plain
1,landscape,81,shuffled,lasso,7.0,0.30721749903591633,0.4051937233679772,0.41390510423083154,1,plain
1,landscape,81,pca,lasso,6.0,0.3709119594011288,0.5300289007864588,0.534075841173247,1,plain
1,landscape,81,emotion,lasso,2.0,0.10078496290469428,0.4380191277901328,0.4273602867272271,1,plain
1,landscape,81,population,elastic,,0.32223145488850524,0.4495271994573326,0.4021615383967744,1,plain
1,landscape,81,identity,elastic,35.0,0.3572635216161574,0.49440867895941176,0.521076698724255,1,plain
1,landscape,81,random,elastic,7.0,0.012106327082701132,-0.03293500510470034,0.030935314205490633,1,plain
1,landscape,81,shuffled,elastic,7.0,0.3071682094883198,0.40305651005835436,0.41416644841634315,1,plain
1,landscape,81,pca,elastic,6.0,0.3665595985106037,0.5321661140960815,0.5345485650575389,1,plain
1,landscape,81,emotion,elastic,4.0,0.0875996947371697,0.4427319571395575,0.42968910105998565,1,plain
1,landscape,92,population,lasso,,0.27096235011866193,0.4481299341718271,0.4453587074904894,1,plain
1,landscape,92,identity,lasso,61.0,0.3570614678151364,0.3420412159171503,0.39875488780667656,1,plain
1,landscape,92,random,lasso,7.0,-0.055109087133200334,0.009040516951081221,-0.1645210648917628,1,plain
1,landscape,92,shuffled,lasso,7.0,0.21753791589357785,0.2578794973394052,0.34356617635023373,1,plain
1,landscape,92,pca,lasso,7.0,0.3167871708224514,0.3818494590663864,0.45228848399049393,1,plain
1,landscape,92,emotion,lasso,4.0,0.22283246640978427,0.42420503019631384,0.405666898252193,1,plain
1,landscape,92,population,elastic,,0.2710554046526328,0.4529249044884227,0.4465915784929452,1,plain
1,landscape,92,identity,elastic,71.0,0.342044190789645,0.35188089458766414,0.3918327638947898,1,plain
1,landscape,92,random,elastic,7.0,-0.05434152118874452,0.006742927007712513,-0.16465823694578435,1,plain
1,landscape,92,shuffled,elastic,7.0,0.21762789970790775,0.2578794973394052,0.34428795536315077,1,plain
1,landscape,92,pca,elastic,7.0,0.3121357835913657,0.3818494590663864,0.45251453098606104,1,plain
1,landscape,92,emotion,elastic,5.0,0.2173021844899197,0.4305983239517746,0.41074069455684525,1,plain
1,landscape,100,population,lasso,,0.24670538155863123,0.4998736654880691,0.4486812343967592,1,plain
1,landscape,100,identity,lasso,67.0,0.32576627453647367,0.35344249482056794,0.3463203629727193,1,plain
1,landscape,100,random,lasso,7.0,-0.2302376581509303,-0.3107916695306478,-0.33442891318711065,1,plain
1,landscape,100,shuffled,lasso,7.0,0.2128776269936934,0.22643892489988063,0.2529854956924192,1,plain
1,landscape,100,pca,lasso,7.0,0.48564728071537,0.564898694208767,0.5685212084586022,1,plain
1,landscape,100,emotion,lasso,2.0,0.36537989177220653,0.4819942797107957,0.45909311057716895,1,plain
1,landscape,100,population,elastic,,0.24681021417080046,0.49702694764084954,0.44956743219765277,1,plain
1,landscape,100,identity,elastic,78.0,0.3349333641534216,0.39389585370210817,0.37077078496467797,1,plain
1,landscape,100,random,elastic,7.0,-0.22761586977031997,-0.3140878691432177,-0.3347912066304273,1,plain
1,landscape,100,shuffled,elastic,7.0,0.21229181509101822,0.22608932797127473,0.25300943288789873,1,plain
1,landscape,100,pca,elastic,7.0,0.48151170309273184,0.5648487517903947,0.5682254216429845,1,plain
1,landscape,100,emotion,elastic,6.0,0.3583953636627639,0.5096623794890344,0.46705466699423676,1,plain
1,landscape,101,population,lasso,,0.13234257352884593,0.17813769249125225,0.2111893442256317,1,plain
1,landscape,101,identity,lasso,41.0,0.2695341230829798,0.25213725890131305,0.29213806931721426,1,plain
1,landscape,101,random,lasso,5.0,0.0612703212326072,0.14144285255439515,0.1128309262391437,1,plain
1,landscape,101,shuffled,lasso,7.0,0.20117446738668066,0.21117321321002938,0.27651679075599506,1,plain
1,landscape,101,pca,lasso,7.0,0.38841134919198705,0.39947568130705924,0.45801156618764477,1,plain
1,landscape,101,emotion,lasso,2.0,0.1920721694773812,0.2659105298471417,0.34987462969025535,1,plain
1,landscape,101,population,elastic,,0.13265559078170244,0.17813769249125225,0.21177832255462617,1,plain
1,landscape,101,identity,elastic,48.0,0.2676283582816632,0.27216186684469496,0.30350719786677033,1,plain
1,landscape,101,random,elastic,5.0,0.06108864380752432,0.14144285255439515,0.11325634544732259,1,plain
1,landscape,101,shuffled,elastic,7.0,0.2009485387748511,0.2144767652819071,0.27675510791073427,1,plain
1,landscape,101,pca,elastic,7.0,0.38477621922415167,0.39759519781999036,0.4582985940963553,1,plain
1,landscape,101,emotion,elastic,2.0,0.17076223444596778,0.2673335984319506,0.3492071645042883,1,plain
1,landscape,106,population,lasso,,0.2772386047355608,0.4628706837424117,0.4769542745936409,1,plain
1,landscape,106,identity,lasso,58.0,0.2393085473720158,0.2843751553951615,0.2861720495305027,1,plain
1,landscape,106,random,lasso,7.0,0.15121300646704908,0.2626943341483241,0.2240676936416202,1,plain
1,landscape,106,shuffled,lasso,7.0,0.11670473163453417,0.14572679851755535,0.15617432702168388,1,plain
1,landscape,106,pca,lasso,7.0,0.24205178751632883,0.3947592453048587,0.29910917632620765,1,plain
1,landscape,106,emotion,lasso,2.0,0.216081901943017,0.4199545375757268,0.3863546706458037,1,plain
1,landscape,106,population,elastic,,0.2753541764003827,0.4641576731314933,0.4748962590216147,1,plain
1,landscape,106,identity,elastic,71.0,0.22339459287776375,0.2748217341608245,0.27292186590758627,1,plain
1,landscape,106,random,elastic,7.0,0.14957817909114604,0.2626943341483241,0.22379566777707974,1,plain
1,landscape,106,shuffled,elastic,7.0,0.11646583920327414,0.14572679851755535,0.1559953890837982,1,plain
1,landscape,106,pca,elastic,7.0,0.23996923510012655,0.3954027399993995,0.2991706909699915,1,plain
1,landscape,106,emotion,elastic,2.0,0.20368505761880504,0.41990503798383894,0.3915750751134193,1,plain
1,landscape,111,population,lasso,,0.2999980744782008,0.47533545131289273,0.4767458663749285,1,plain
1,landscape,111,identity,lasso,68.0,0.46011441703819056,0.4997444360785201,0.507876285112488,1,plain
1,landscape,111,random,lasso,7.0,0.18646337277978525,0.18031153262350547,0.24311476490083042,1,plain
1,landscape,111,shuffled,lasso,7.0,0.2720441170659278,0.404569080157707,0.4063893824938477,1,plain
1,landscape,111,pca,lasso,7.0,0.32374917553389787,0.46593602371161286,0.4550438614861077,1,plain
1,landscape,111,emotion,lasso,3.0,0.24209649406727293,0.40860443651008893,0.44310808182127864,1,plain
1,landscape,111,population,elastic,,0.29843007240636205,0.4716445766003483,0.4759944256707732,1,plain
1,landscape,111,identity,elastic,79.0,0.4502807850384674,0.5017129025918772,0.5178149063083063,1,plain
1,landscape,111,random,elastic,7.0,0.18559884510815497,0.18218157581119462,0.2441012849052309,1,plain
1,landscape,111,shuffled,elastic,7.0,0.27177406609982646,0.4027482486328517,0.40671200621404063,1,plain
1,landscape,111,pca,elastic,7.0,0.32061838514224045,0.46721552694529495,0.4549299865633599,1,plain
1,landscape,111,emotion,elastic,3.0,0.22568549536659446,0.42130104552124187,0.44775491537736706,1,plain
1,landscape,118,population,lasso,,0.30485245222531815,0.5315450027131093,0.49545982741938954,1,plain
1,landscape,118,identity,lasso,55.0,0.48008302047945695,0.4824034780149229,0.5259804244674925,1,plain
1,landscape,118,random,lasso,7.0,-0.14040452850815577,-0.18287418461645286,-0.22126691227117,1,plain
1,landscape,118,shuffled,lasso,7.0,0.09539875549863082,0.16191310873201872,0.12072237523753988,1,plain
1,landscape,118,pca,lasso,7.0,0.4412282223994398,0.44302055396602164,0.49031599397945325,1,plain
1,landscape,118,emotion,lasso,4.0,0.523605259454578,0.5799396957289525,0.5861351518314631,1,plain
1,landscape,118,population,elastic,,0.3047121788978622,0.5351795835671799,0.4960240721406432,1,plain
1,landscape,118,identity,elastic,67.0,0.4906713978814131,0.5018708905346705,0.5438535983938251,1,plain
1,landscape,118,random,elastic,7.0,-0.13963207361190627,-0.18287418461645286,-0.22121898718691885,1,plain
1,landscape,118,shuffled,elastic,7.0,0.09575376973521628,0.1649502242402146,0.12137412937287433,1,plain
1,landscape,118,pca,elastic,7.0,0.43776346485718454,0.44302055396602164,0.4895338797740805,1,plain
1,landscape,118,emotion,elastic,6.0,0.529682512938868,0.6013488706227927,0.6032315088851287,1,plain
1,landscape,119,population,lasso,,0.3642218222081841,0.7139623265318558,0.7167228414125556,1,plain
1,landscape,119,identity,lasso,60.0,0.5138192859033115,0.520642372450244,0.5215972595991275,1,plain
1,landscape,119,random,lasso,7.0,0.017769254120601027,0.07138121556716162,0.04893923862078237,1,plain
1,landscape,119,shuffled,lasso,7.0,0.42212674131763195,0.4907583712625895,0.4930027513010774,1,plain
1,landscape,119,pca,lasso,6.0,0.6868563826234285,0.6903354445208456,0.7039396725451628,1,plain
1,landscape,119,emotion,lasso,5.0,0.6469525427444136,0.6982945001135376,0.698614581799652,1,plain
1,landscape,119,population,elastic,,0.36443277149094294,0.7161648324820347,0.7175208176053844,1,plain
1,landscape,119,identity,elastic,71.0,0.5323461457565978,0.5345582054991016,0.541142950571073,1,plain
1,landscape,119,random,elastic,7.0,0.017522974276148497,0.07138121556716162,0.048723971339764305,1,plain
1,landscape,119,shuffled,elastic,7.0,0.42111089126725143,0.4907583712625895,0.492458243628874,1,plain
1,landscape,119,pca,elastic,6.0,0.6839360432525486,0.6943400007938982,0.7039305908322886,1,plain
1,landscape,119,emotion,elastic,5.0,0.6316618352858977,0.6902353306140193,0.6982203161035071,1,plain
1,landscape,128,population,lasso,,0.3030419789903048,0.4319536477488845,0.4101193252690858,1,plain
1,landscape,128,identity,lasso,49.0,0.17192863550934165,0.2031537510467167,0.24555535660291516,1,plain
1,landscape,128,random,lasso,7.0,0.018280835034366436,0.002922350585493445,0.03276890048038664,1,plain
1,landscape,128,shuffled,lasso,6.0,0.1486323696749034,0.12938959144046838,0.23410245891059805,1,plain
1,landscape,128,pca,lasso,6.0,0.2616406518815677,0.47543620904683004,0.5010504565250896,1,plain
1,landscape,128,emotion,lasso,2.0,0.15169601706746072,0.4428872697670238,0.42273671356851494,1,plain
1,landscape,128,population,elastic,,0.30473828925633323,0.43643794433696925,0.41263138303378094,1,plain
1,landscape,128,identity,elastic,53.0,0.18221161286231505,0.2119711881581193,0.2751398077147469,1,plain
1,landscape,128,random,elastic,7.0,0.0180992947211203,0.004685838007773972,0.03274169650847174,1,plain
1,landscape,128,shuffled,elastic,6.0,0.14804671051410176,0.12938959144046838,0.2341139631145716,1,plain
1,landscape,128,pca,elastic,6.0,0.25790324460556596,0.47543620904683004,0.500479354459358,1,plain
1,landscape,128,emotion,elastic,3.0,0.14397829372447785,0.45699516914526794,0.4313843440911727,1,plain
1,landscape,129,population,lasso,,0.38003738366406153,0.5530259215904626,0.5666037194767579,1,plain
1,landscape,129,identity,lasso,47.0,0.42837484038986107,0.45944381544236473,0.5321956664320875,1,plain
1,landscape,129,random,lasso,7.0,0.18135019680991343,0.373133123609127,0.35953137234016264,1,plain
1,landscape,129,shuffled,lasso,7.0,0.38418746605556153,0.4819055130862136,0.466553164173683,1,plain
1,landscape,129,pca,lasso,7.0,0.46369141688525617,0.5190594519826911,0.5594653617041534,1,plain
1,landscape,129,emotion,lasso,3.0,0.3638063758469576,0.5627377420794882,0.5840380346360236,1,plain
1,landscape,129,population,elastic,,0.3795988168316417,0.5558647614257163,0.5670284644415465,1,plain
1,landscape,129,identity,elastic,54.0,0.41589603570034456,0.45839792708200805,0.5411810554002691,1,plain
1,landscape,129,random,elastic,7.0,0.17959797840171848,0.373133123609127,0.3596638578142925,1,plain
1,landscape,129,shuffled,elastic,7.0,0.383569082151231,0.4853420034130996,0.4668215920407673,1,plain
1,landscape,129,pca,elastic,7.0,0.45825321175182715,0.5202547529659557,0.5596014433255734,1,plain
1,landscape,129,emotion,elastic,6.0,0.3506178476861497,0.5758362486877637,0.5879524013635378,1,plain
1,landscape,137,population,lasso,,0.25617220610202224,0.39580411833252616,0.4322437459197711,1,plain
1,landscape,137,identity,lasso,58.0,0.3341023375087192,0.4387011025572254,0.36799208151741414,1,plain
1,landscape,137,random,lasso,6.0,-0.06254167117697756,-0.11121440354551661,-0.09294839902432933,1,plain
1,landscape,137,shuffled,lasso,7.0,0.17992592339865848,0.1950224005030309,0.2635329951875881,1,plain
1,landscape,137,pca,lasso,6.0,0.3679528220961021,0.405138184344382,0.43180041477495984,1,plain
1,landscape,137,emotion,lasso,3.0,0.3914653103215051,0.3987830755703525,0.4573933434029327,1,plain
1,landscape,137,population,elastic,,0.2562735027544322,0.3967971040784682,0.43332163047327216,1,plain
1,landscape,137,identity,elastic,64.0,0.34010027742318205,0.42926773797077533,0.3829127993325266,1,plain
1,landscape,137,random,elastic,6.0,-0.06189202806728496,-0.11121440354551661,-0.09255460878702948,1,plain
1,landscape,137,shuffled,elastic,7.0,0.17958560233003262,0.19859714918842256,0.26322968160429283,1,plain
1,landscape,137,pca,elastic,6.0,0.3644640537073625,0.405138184344382,0.4314037226511782,1,plain
1,landscape,137,emotion,elastic,4.0,0.3937139554819902,0.4153659375275857,0.475985438555784,1,plain
2,art,7,population,lasso,,0.25090313656844554,0.24768052860183176,0.2943101731834451,1,plain
2,art,7,identity,lasso,56.0,0.4384440258304299,0.46198988688353687,0.46568698937045877,1,plain
2,art,7,random,lasso,7.0,0.015820860074431575,0.015817835560357225,0.023508492073234168,1,plain
2,art,7,shuffled,lasso,7.0,0.23000057386466033,0.299249647670081,0.32008980866525577,1,plain
2,art,7,pca,lasso,7.0,0.39831397352247294,0.4372466268690595,0.4328274471761856,1,plain
2,art,7,emotion,lasso,3.0,0.34332511556874334,0.4149330657337594,0.4438807289614922,1,plain
2,art,7,population,elastic,,0.25006612444911025,0.2530357832743038,0.29381962105640674,1,plain
2,art,7,identity,elastic,60.0,0.4399223847000097,0.4764193230843643,0.4738190517208479,1,plain
2,art,7,random,elastic,7.0,0.0157232180331134,0.015817835560357225,0.02331069399372963,1,plain
2,art,7,shuffled,elastic,7.0,0.18472183810912413,0.26062239406030585,0.2870241401952381,1,plain
2,art,7,pca,elastic,7.0,0.3945147612597887,0.438486269154354,0.4350160468410339,1,plain
2,art,7,emotion,elastic,4.0,0.32763504407174787,0.3926195045984592,0.43927469398227253,1,plain
2,art,8,population,lasso,,0.3132415247312917,0.5803194935965504,0.6009545402397912,1,plain
2,art,8,identity,lasso,54.0,0.572337188203519,0.5746817091293857,0.6259674581910106,1,plain
2,art,8,random,lasso,7.0,0.35821562880792124,0.5066028023560758,0.4439013395059889,1,plain
2,art,8,shuffled,lasso,7.0,0.031575417770183446,0.078503489372973,0.07305474248106975,1,plain
2,art,8,pca,lasso,6.0,0.5240985160686534,0.6045726041345421,0.5906331530887761,1,plain
2,art,8,emotion,lasso,3.0,0.48199186742250816,0.5278774607227351,0.5542434465092336,1,plain
2,art,8,population,elastic,,0.3135212570437053,0.5823405861413831,0.6027709017717519,1,plain
2,art,8,identity,elastic,61.0,0.5771933583331667,0.594307581472629,0.6350049149171427,1,plain
2,art,8,random,elastic,7.0,0.35801564842557704,0.5066028023560758,0.4433757198923124,1,plain
2,art,8,shuffled,elastic,3.0,0.03844670980634489,0.08573687321763718,0.09687877260212717,1,plain
2,art,8,pca,elastic,6.0,0.5201157836103997,0.6045726041345421,0.5901648841398275,1,plain
2,art,8,emotion,elastic,4.0,0.4699023948715994,0.5215482498586539,0.5547999552426279,1,plain
2,art,40,population,lasso,,0.13650600544809874,0.23862766519736073,0.2562003006508341,1,plain
2,art,40,identity,lasso,57.0,0.18659191634909109,0.18117749376426573,0.19984130426559696,1,plain
2,art,40,random,lasso,7.0,0.010337719792701426,-0.06188859613582542,0.013693198014233838,1,plain
2,art,40,shuffled,lasso,7.0,0.058348487577199785,0.14063323215393045,0.10624712238173686,1,plain
2,art,40,pca,lasso,6.0,0.1358849060486689,0.16900922828711712,0.15737126048838262,1,plain
2,art,40,emotion,lasso,4.0,0.17722706796823454,0.21922825835059515,0.24163470839379514,1,plain
2,art,40,population,elastic,,0.13640049648271735,0.24421309853113382,0.2569069387580562,1,plain
2,art,40,identity,elastic,63.0,0.19872892204655035,0.19588912620590027,0.2190267135772817,1,plain
2,art,40,random,elastic,7.0,0.009795163967859628,-0.06188859613582542,0.012953108129346027,1,plain
2,art,40,shuffled,elastic,7.0,0.04634225388910383,0.14262802977313513,0.11000882374120777,1,plain
2,art,40,pca,elastic,6.0,0.13371759085727492,0.17773646787113762,0.15814403201113336,1,plain
2,art,40,emotion,elastic,6.0,0.15713262498128924,0.20725947263536704,0.22186183161837175,1,plain
2,art,41,population,lasso,,0.4026622113743293,0.6489046311501525,0.6539141020096518,1,plain
2,art,41,identity,lasso,69.0,0.587053912848542,0.6111657423116217,0.5933647452020537,1,plain
2,art,41,random,lasso,7.0,0.31214970411039006,0.3046345356759766,0.3716980264589161,1,plain
2,art,41,shuffled,lasso,7.0,0.11367440645257168,0.15071239241057652,0.1336016732954547,1,plain
2,art,41,pca,lasso,6.0,0.520191885825068,0.549207824295786,0.5679484685942866,1,plain
2,art,41,emotion,lasso,2.0,0.5376171416498131,0.5827156779165951,0.6083219666234316,1,plain
2,art,41,population,elastic,,0.40201974557902675,0.6487101007953148,0.6553254648600079,1,plain
2,art,41,identity,elastic,86.0,0.6079103519610892,0.6211354229970582,0.6187747129683381,1,plain
2,art,41,random,elastic,7.0,0.3123564788337678,0.3046345356759766,0.3715594781011307,1,plain
2,art,41,shuffled,elastic,7.0,0.10279639118909135,0.1610225012169793,0.12806617172682902,1,plain
2,art,41,pca,elastic,6.0,0.513063104247616,0.5498400479490088,0.566997854508144,1,plain
2,art,41,emotion,elastic,4.0,0.5221498773614974,0.5787278056424203,0.6127409191296554,1,plain
2,art,45,population,lasso,,-0.014283095229436393,0.051902683841191934,-0.019172076336896705,1,plain
2,art,45,identity,lasso,61.0,-0.04150911685087986,-0.031152116920877347,-0.0453755285191304,1,plain
2,art,45,random,lasso,7.0,-0.010910517619620112,-0.06493088788230084,-0.01362361872606244,1,plain
2,art,45,shuffled,lasso,7.0,0.014962347203627014,0.04559871414388117,0.027394403615649574,1,plain
2,art,45,pca,lasso,4.0,-0.08338098506903294,-0.18517910985850364,-0.13833780077329302,1,plain
2,art,45,emotion,lasso,3.0,0.036722993946535144,0.11861969647106416,0.07674876872865846,1,plain
2,art,45,population,elastic,,-0.015159964899793908,0.05221788232605747,-0.020380389173345653,1,plain
2,art,45,identity,elastic,71.0,-0.025801165793793313,-0.03976754217386872,-0.02890172162432309,1,plain
2,art,45,random,elastic,7.0,-0.01031460030458414,-0.06718981035717053,-0.01285640031056946,1,plain
2,art,45,shuffled,elastic,7.0,0.007137350957317458,-0.015076994192734904,0.01689833749428125,1,plain
2,art,45,pca,elastic,4.0,-0.08131248139042983,-0.18344551819174315,-0.13938003547029157,1,plain
2,art,45,emotion,elastic,4.0,0.03844690471857115,0.12523886465324044,0.0869691656995418,1,plain
2,art,46,population,lasso,,0.0721056933583709,0.06087385095967447,0.09624489103774561,1,plain
2,art,46,identity,lasso,51.0,0.0161130317284736,0.03219143496864991,0.01866003548725063,1,plain
2,art,46,random,lasso,7.0,-0.16908738676197127,-0.2586502973942392,-0.25756163404196214,1,plain
2,art,46,shuffled,lasso,7.0,0.013564872649616451,0.0035090189776253453,0.03897199162569532,1,plain
2,art,46,pca,lasso,6.0,0.15695710453009135,0.2322055166932946,0.22538303333311632,1,plain
2,art,46,emotion,lasso,1.0,-0.011228406563997609,-0.08503014102303737,-0.1256363689344794,1,plain
2,art,46,population,elastic,,0.07161062754935266,0.062450366732230776,0.09578597538323384,1,plain
2,art,46,identity,elastic,57.0,0.0367946101359359,0.052330152579369286,0.044165361401449464,1,plain
2,art,46,random,elastic,7.0,-0.16938553943230297,-0.25564983189163204,-0.2570210689852678,1,plain
2,art,46,shuffled,elastic,6.0,-0.0028454093893158696,-0.06672221592238338,-0.01120889520000262,1,plain
2,art,46,pca,elastic,6.0,0.15386936952493413,0.23362946642334548,0.22614711853131725,1,plain
2,art,46,emotion,elastic,1.0,-0.00932680747250528,-0.08503014102303737,-0.12563623370249383,1,plain
2,art,52,population,lasso,,0.42857110071720816,0.576325572535049,0.571688541614004,1,plain
2,art,52,identity,lasso,61.0,0.5808909608426968,0.6565065654072259,0.6304160602705804,1,plain
2,art,52,random,lasso,7.0,0.26073716008938475,0.3829827350427804,0.35789041604224753,1,plain
2,art,52,shuffled,lasso,7.0,0.1635212887251814,0.3500512558274221,0.35567179530737697,1,plain
2,art,52,pca,lasso,7.0,0.4540616891163872,0.6662329543209075,0.6735577523490006,1,plain
2,art,52,emotion,lasso,3.0,0.43614344193865895,0.6155767359176725,0.6276572238600642,1,plain
2,art,52,population,elastic,,0.42738282775777586,0.576325572535049,0.5716392681475362,1,plain
2,art,52,identity,elastic,67.0,0.5646305249964606,0.6581852315141558,0.6311934456973929,1,plain
2,art,52,random,elastic,7.0,0.2604678233710514,0.3812546964032938,0.35713723754072213,1,plain
2,art,52,shuffled,elastic,5.0,0.16386472738137775,0.35479101895287096,0.39247816508487093,1,plain
2,art,52,pca,elastic,7.0,0.44272848164201256,0.6602588778815395,0.6737031099726776,1,plain
2,art,52,emotion,elastic,4.0,0.4199870322219108,0.6223407728779486,0.6320629068714739,1,plain
2,art,58,population,lasso,,0.48930904103667194,0.6602530962552362,0.6852556369074686,1,plain
2,art,58,identity,lasso,56.0,0.5291970174388954,0.5861550803211925,0.5986650805378714,1,plain
2,art,58,random,lasso,7.0,0.2844467093371834,0.3178505348847347,0.3519571723911214,1,plain
2,art,58,shuffled,lasso,7.0,0.09664522725149054,0.15173152368203777,0.15371728270609775,1,plain
2,art,58,pca,lasso,6.0,0.4305279656603232,0.4869648933186953,0.48805035900560323,1,plain
2,art,58,emotion,lasso,4.0,0.45546605706804477,0.5980382611403036,0.6197426196539078,1,plain
2,art,58,population,elastic,,0.4882619628399632,0.6609405529968376,0.6855591009926828,1,plain
2,art,58,identity,elastic,64.0,0.5203102428531641,0.5769726224155158,0.5937994003575331,1,plain
2,art,58,random,elastic,7.0,0.2842301743844808,0.31259640121678073,0.351200083302881,1,plain
2,art,58,shuffled,elastic,7.0,0.09974103906441316,0.17004733544041964,0.17605304765273475,1,plain
2,art,58,pca,elastic,6.0,0.4248979857949203,0.4869648933186953,0.48873304960576813,1,plain
2,art,58,emotion,elastic,4.0,0.45117956322147684,0.6106088987010161,0.6351621410311855,1,plain
2,art,65,population,lasso,,0.5350841880906034,0.6595218279317658,0.6591388590721591,1,plain
2,art,65,identity,lasso,67.0,0.4452667845877431,0.5617875919195261,0.47581950964327163,1,plain
2,art,65,random,lasso,7.0,0.2559723940437626,0.3585554148724553,0.3562589015482346,1,plain
2,art,65,shuffled,lasso,7.0,0.18005039412839718,0.26475216874507185,0.2681814392455221,1,plain
2,art,65,pca,lasso,7.0,0.4396615057725443,0.5982475231015683,0.5868402057976535,1,plain
2,art,65,emotion,lasso,3.0,0.48389155491917296,0.5994759574405858,0.5903783027726264,1,plain
2,art,65,population,elastic,,0.5348775399554694,0.6589813168225981,0.6603072463350893,1,plain
2,art,65,identity,elastic,77.0,0.4586334340623559,0.5904346807054164,0.5051921943425247,1,plain
2,art,65,random,elastic,7.0,0.2557045931173251,0.3585554148724553,0.35559996252423426,1,plain
2,art,65,shuffled,elastic,6.0,0.1677565921175072,0.26357287177961497,0.26552824119669227,1,plain
2,art,65,pca,elastic,7.0,0.4289982720027493,0.6006552544060427,0.5883749069911889,1,plain
2,art,65,emotion,elastic,3.0,0.4877235171234559,0.6094999816469694,0.6099884507397544,1,plain
2,art,66,population,lasso,,0.32084400863320117,0.4594959507899879,0.4431723018037862,1,plain
2,art,66,identity,lasso,52.0,0.4089123985559792,0.5468119082614583,0.5234415753941687,1,plain
2,art,66,random,lasso,7.0,0.34622020342049215,0.494969585442639,0.5135720698339713,1,plain
2,art,66,shuffled,lasso,7.0,0.11930368748521732,0.24909723066007639,0.23609981632281682,1,plain
2,art,66,pca,lasso,6.0,0.31833141983176055,0.42172581361850126,0.42737268231476444,1,plain
2,art,66,emotion,lasso,5.0,0.40456194433373627,0.5680179102438971,0.5647626759551027,1,plain
2,art,66,population,elastic,,0.31933556529185037,0.46203676208742295,0.4427787375023276,1,plain
2,art,66,identity,elastic,65.0,0.4221933649743749,0.5780834319221977,0.549019778068707,1,plain
2,art,66,random,elastic,7.0,0.34702631294995323,0.496044544068477,0.5139992186772059,1,plain
2,art,66,shuffled,elastic,7.0,0.09525827586443432,0.22676740829607975,0.20493721360773737,1,plain
2,art,66,pca,elastic,6.0,0.3120334888481583,0.42280077224433915,0.4275233620537061,1,plain
2,art,66,emotion,elastic,4.0,0.37284887781134474,0.5457858113913404,0.5489082412424113,1,plain
2,art,74,population,lasso,,0.42647447987983883,0.5078900537037716,0.5047884023874707,1,plain
2,art,74,identity,lasso,53.0,0.28586146083950703,0.34837458506511654,0.3431921959988371,1,plain
2,art,74,random,lasso,7.0,0.1300294576042744,0.23109997227091894,0.18852211593354196,1,plain
2,art,74,shuffled,lasso,7.0,0.03729225859030483,0.04489028230570737,0.07843251852636458,1,plain
2,art,74,pca,lasso,7.0,0.3471371733974239,0.42725750876044644,0.4655024668731066,1,plain
2,art,74,emotion,lasso,3.0,0.32111957142039815,0.5031410817449273,0.4984437074947401,1,plain
2,art,74,population,elastic,,0.42686659368488367,0.5154384196594084,0.5065582406312816,1,plain
2,art,74,identity,elastic,62.0,0.2879623922914872,0.36652065686575336,0.3508418553479828,1,plain
2,art,74,random,elastic,7.0,0.13059240966232463,0.23109997227091894,0.1889575405827247,1,plain
2,art,74,shuffled,elastic,5.0,0.040320477504975735,0.06523587796096673,0.09657990011143783,1,plain
2,art,74,pca,elastic,7.0,0.33920885944126195,0.42475804983473897,0.4656420216266733,1,plain
2,art,74,emotion,elastic,3.0,0.2956632013392065,0.4815457566268142,0.48731113272457355,1,plain
2,art,83,population,lasso,,0.6375706520871985,0.6755485369375178,0.6550770518586068,1,plain
2,art,83,identity,lasso,45.0,0.09535064258430176,0.11249897633108921,0.11405745390378966,1,plain
2,art,83,random,lasso,7.0,0.12091242758795664,0.18450638924045512,0.21150885559383217,1,plain
2,art,83,shuffled,lasso,7.0,0.07262092517992391,0.03363371457321224,0.12292894979645014,1,plain
2,art,83,pca,lasso,4.0,0.1204575304076401,0.2699269476917618,0.25066178854367316,1,plain
2,art,83,emotion,lasso,1.0,0.002104109478227282,0.6470077836415086,0.6418798753190628,1,plain
2,art,83,population,elastic,,0.636493069936261,0.6696991952726115,0.6540699738894835,1,plain
2,art,83,identity,elastic,51.0,0.107744833578863,0.12409680894254173,0.13543708414264147,1,plain
2,art,83,random,elastic,7.0,0.12198572596854454,0.18753191079126885,0.21263870546953947,1,plain
2,art,83,shuffled,elastic,6.0,0.09325216122205487,0.09959008438095078,0.20157070283759387,1,plain
2,art,83,pca,elastic,4.0,0.11799769826718265,0.2758771400750287,0.2530247672756518,1,plain
2,art,83,emotion,elastic,0.0,0.0,,,1,plain
2,art,87,population,lasso,,0.3447557625623922,0.6643791099696554,0.6446157854338035,1,plain
2,art,87,identity,lasso,60.0,0.7191811162420162,0.7344608807046253,0.7309489889975689,1,plain
2,art,87,random,lasso,7.0,0.26061075511379284,0.30744760023619766,0.35827501968735936,1,plain
2,art,87,shuffled,lasso,7.0,0.18184400737542825,0.33873673230681406,0.34932926032572054,1,plain
2,art,87,pca,lasso,7.0,0.6841585826900041,0.6853693114214169,0.7434325777376395,1,plain
2,art,87,emotion,lasso,3.0,0.5756086425377135,0.6280385976431244,0.6258350324691653,1,plain
2,art,87,population,elastic,,0.34528914741571193,0.6684986822171973,0.646410992778562,1,plain
2,art,87,identity,elastic,75.0,0.7282003977564653,0.7478494905091366,0.743916790425658,1,plain
2,art,87,random,elastic,7.0,0.2606702663650124,0.30744760023619766,0.3581258252315208,1,plain
2,art,87,shuffled,elastic,7.0,0.17272324229898123,0.3630127830512578,0.3710542901731093,1,plain
2,art,87,pca,elastic,7.0,0.6751945498107449,0.6865953745903282,0.7434511990931782,1,plain
2,art,87,emotion,elastic,3.0,0.5535574885202218,0.621368814004247,0.6225156178014815,1,plain
2,art,93,population,lasso,,0.444062668158733,0.630749733470027,0.6083459266930449,1,plain
2,art,93,identity,lasso,60.0,0.5622657963014358,0.6353218087009478,0.6115657240722204,1,plain
2,art,93,random,lasso,7.0,0.17614632476067593,0.32574806967828523,0.28898387574424284,1,plain
2,art,93,shuffled,lasso,7.0,0.10201155026222948,0.10928734664878177,0.16014719892580767,1,plain
2,art,93,pca,lasso,5.0,0.46534534241289893,0.604939631359991,0.5849621487367554,1,plain
2,art,93,emotion,lasso,6.0,0.5782211858437284,0.6630492326820152,0.6498849533113593,1,plain
2,art,93,population,elastic,,0.4427531440465571,0.6297173293856257,0.6076081137500167,1,plain
2,art,93,identity,elastic,72.0,0.5481575346742271,0.6250960920554478,0.6063153245747377,1,plain
2,art,93,random,elastic,7.0,0.17646800588511427,0.32574806967828523,0.28880411236034914,1,plain
2,art,93,shuffled,elastic,7.0,0.07792071491225523,0.100978951874313,0.13958858072839211,1,plain
2,art,93,pca,elastic,5.0,0.45589073176595335,0.604939631359991,0.585760542915394,1,plain
2,art,93,emotion,elastic,5.0,0.5666843615777429,0.6591162647414383,0.6518037658245273,1,plain
2,art,94,population,lasso,,0.3890481908685416,0.7018862568305096,0.7096605950705638,1,plain
2,art,94,identity,lasso,67.0,0.49954526911317665,0.5142783659135514,0.5432990609120996,1,plain
2,art,94,random,lasso,6.0,0.39337285546513934,0.48131430098991246,0.45814013790921126,1,plain
2,art,94,shuffled,lasso,7.0,-0.03833902470457642,-0.06587943846629758,-0.05591488769545557,1,plain
2,art,94,pca,lasso,7.0,0.6433259110096257,0.6995003791624768,0.7109350646042099,1,plain
2,art,94,emotion,lasso,4.0,0.6522400976820113,0.7280335284169116,0.7293603595058569,1,plain
2,art,94,population,elastic,,0.38774995798726425,0.7039799862126611,0.7095723676276895,1,plain
2,art,94,identity,elastic,83.0,0.5122646201213489,0.5477780360279733,0.567121157303173,1,plain
2,art,94,random,elastic,7.0,0.39351140587650035,0.4821907458475572,0.4582178246193623,1,plain
2,art,94,shuffled,elastic,6.0,-0.036421268393760704,-0.0751308008525478,-0.06038303066139145,1,plain
2,art,94,pca,elastic,6.0,0.6377046947598932,0.6995003791624768,0.7113270405282952,1,plain
2,art,94,emotion,elastic,5.0,0.6194517945859302,0.6941930186356279,0.7051775532622758,1,plain
2,art,102,population,lasso,,0.1984363841711776,0.29760928558653177,0.27578847720817457,1,plain
2,art,102,identity,lasso,68.0,0.1407263341781859,0.16958020343012387,0.15053735701096976,1,plain
2,art,102,random,lasso,7.0,0.17495268921580653,0.16833913051274882,0.2084746242999126,1,plain
2,art,102,shuffled,lasso,7.0,0.05554861734817491,-0.001936073751105044,0.07619523895935779,1,plain
2,art,102,pca,lasso,6.0,0.18930804013957062,0.23625064055151038,0.23850448380773154,1,plain
2,art,102,emotion,lasso,4.0,0.22294334364559842,0.3187571680986022,0.31514025667575785,1,plain
2,art,102,population,elastic,,0.198308076389648,0.30038928892145184,0.2762831168735726,1,plain
2,art,102,identity,elastic,85.0,0.1531147461918821,0.19052951427541434,0.17079347086296828,1,plain
2,art,102,random,elastic,7.0,0.1752094591353769,0.16833913051274882,0.2084861558079303,1,plain
2,art,102,shuffled,elastic,7.0,0.0625007003344302,0.018516807927235424,0.09234432358520714,1,plain
2,art,102,pca,elastic,6.0,0.18612512927483066,0.23476135305066037,0.23929523892384738,1,plain
2,art,102,emotion,elastic,4.0,0.21048448173071949,0.3164735939306321,0.31535118631150855,1,plain
2,art,112,population,lasso,,0.42799431096397617,0.4353469878120824,0.44915177606486706,1,plain
2,art,112,identity,lasso,45.0,0.5279748324209961,0.5622423202036269,0.5835140098495879,1,plain
2,art,112,random,lasso,6.0,0.06308526790162577,0.0950010115589446,0.10069770334472647,1,plain
2,art,112,shuffled,lasso,7.0,0.18988125293825348,0.2988518845120417,0.30540977306299877,1,plain
2,art,112,pca,lasso,5.0,0.2817279574247936,0.468919957109556,0.48594660568575776,1,plain
2,art,112,emotion,lasso,1.0,0.1821802178384486,0.4453664208367973,0.42420495529652624,1,plain
2,art,112,population,elastic,,0.42812414255639425,0.431622486530644,0.44960583583062,1,plain
2,art,112,identity,elastic,46.0,0.5190472460339842,0.5642357152556644,0.5886025535102164,1,plain
2,art,112,random,elastic,7.0,0.06284256424854767,0.0972566954336186,0.0996193673270735,1,plain
2,art,112,shuffled,elastic,6.0,0.14058324055341725,0.2694755363767523,0.27703671700466453,1,plain
2,art,112,pca,elastic,5.0,0.27161715830784705,0.46923470369671977,0.4853943014369904,1,plain
2,art,112,emotion,elastic,3.0,0.17328016534530127,0.44961549976350873,0.4453761769444245,1,plain
2,art,113,population,lasso,,0.37225432097519334,0.48574044242753567,0.47839405651354094,1,plain
2,art,113,identity,lasso,51.0,0.15071556744852135,0.21311239388608355,0.20300708362836406,1,plain
2,art,113,random,lasso,7.0,0.1937810229606962,0.3213943968878974,0.2767041702392174,1,plain
2,art,113,shuffled,lasso,7.0,0.061550106454428634,0.1165165633393835,0.1230525610831477,1,plain
2,art,113,pca,lasso,6.0,0.3002657548562311,0.49017822943580663,0.49576539745867304,1,plain
2,art,113,emotion,lasso,3.0,0.2387608969710081,0.41153078190033626,0.4224993836745146,1,plain
2,art,113,population,elastic,,0.37186088116463795,0.4960459700356318,0.4787973828578165,1,plain
2,art,113,identity,elastic,62.0,0.17189628948818342,0.24230317065159987,0.2380762489397747,1,plain
2,art,113,random,elastic,7.0,0.1933117697054912,0.31956997334005266,0.27576145000220254,1,plain
2,art,113,shuffled,elastic,7.0,0.042580967897554146,0.08959398882253905,0.09893136037098708,1,plain
2,art,113,pca,elastic,6.0,0.29283843690906647,0.4923478141954059,0.496200090651242,1,plain
2,art,113,emotion,elastic,3.0,0.22498803550472934,0.40664921619123806,0.4198051573450089,1,plain
2,art,120,population,lasso,,0.4707806722865179,0.6158194080928229,0.6422523986121528,1,plain
2,art,120,identity,lasso,52.0,0.5658702525287119,0.6491298207718411,0.6165010796878344,1,plain
2,art,120,random,lasso,7.0,0.23458862482643786,0.3527219184128037,0.31437000867816023,1,plain
2,art,120,shuffled,lasso,7.0,0.1769039823688848,0.21768777912207482,0.22401832107865793,1,plain
2,art,120,pca,lasso,6.0,0.33088247778468877,0.5010005566162664,0.443632448375203,1,plain
2,art,120,emotion,lasso,2.0,0.5747312138559489,0.714406279698886,0.6786536331538349,1,plain
2,art,120,population,elastic,,0.4690079883769999,0.6158194080928229,0.6405263799293476,1,plain
2,art,120,identity,elastic,61.0,0.5681452062225478,0.6712869712085573,0.6261796584678458,1,plain
2,art,120,random,elastic,7.0,0.2347562211848287,0.3483402796747565,0.3139977091703807,1,plain
2,art,120,shuffled,elastic,5.0,0.13841243046732274,0.14668531502599094,0.18989746075165917,1,plain
2,art,120,pca,elastic,6.0,0.32346403594273104,0.49960639883597874,0.4436364001674089,1,plain
2,art,120,emotion,elastic,4.0,0.5384230298203561,0.7207297810594768,0.6681432373055527,1,plain
2,art,121,population,lasso,,0.2931098725887625,0.4725846079047736,0.4546638371876959,1,plain
2,art,121,identity,lasso,46.0,0.37767119550322836,0.4157940060141002,0.39684276757189735,1,plain
2,art,121,random,lasso,7.0,0.23106804875093362,0.2995135285175399,0.3004044773094844,1,plain
2,art,121,shuffled,lasso,7.0,0.16570915791821056,0.266751755385828,0.2218769269837596,1,plain
2,art,121,pca,lasso,7.0,0.4115701284691519,0.4094957006786015,0.4527071776965029,1,plain
2,art,121,emotion,lasso,2.0,0.3349526768557712,0.427067443295287,0.42999277378921724,1,plain
2,art,121,population,elastic,,0.29340939766302643,0.4744899775861009,0.4559716608739303,1,plain
2,art,121,identity,elastic,52.0,0.38511403070208167,0.4466504094644847,0.4124700460934724,1,plain
2,art,121,random,elastic,7.0,0.23214623275616839,0.3040652449784885,0.30090264650506937,1,plain
2,art,121,shuffled,elastic,6.0,0.17012924550966088,0.28908692220583193,0.24784460339605383,1,plain
2,art,121,pca,elastic,7.0,0.40546522656377193,0.4075903309972742,0.452909802199893,1,plain
2,art,121,emotion,elastic,5.0,0.30283867246145874,0.42807305507154314,0.4207848960296738,1,plain
2,art,131,population,lasso,,0.24760040070647438,0.36204366053169923,0.37114196097058405,1,plain
2,art,131,identity,lasso,75.0,0.4267203839965905,0.5063712145136188,0.4878389768953462,1,plain
2,art,131,random,lasso,7.0,0.2348485523380106,0.2947299948252642,0.29931509119643046,1,plain
2,art,131,shuffled,lasso,7.0,0.008298328640080406,-0.005046075376828825,0.01064555576080929,1,plain
2,art,131,pca,lasso,7.0,0.3119584604062434,0.37634903926989355,0.4033118775338367,1,plain
2,art,131,emotion,lasso,4.0,0.2878448939213183,0.3849714593312709,0.3976652431059701,1,plain
2,art,131,population,elastic,,0.2464220816686263,0.3641992655470435,0.3706554525025241,1,plain
2,art,131,identity,elastic,85.0,0.37833690407570764,0.46066258998370335,0.4481773503096314,1,plain
2,art,131,random,elastic,7.0,0.23504937241740384,0.29267237185607187,0.2992055976909319,1,plain
2,art,131,shuffled,elastic,6.0,0.016334045137837885,0.007985536761389307,0.02195778512273534,1,plain
2,art,131,pca,elastic,7.0,0.3039161712180473,0.37213581128535683,0.4006937475791699,1,plain
2,art,131,emotion,elastic,4.0,0.27112519712457567,0.3830118184082306,0.39153967877454354,1,plain
2,art,138,population,lasso,,0.39210891167572753,0.4772090654443595,0.45389036073259115,1,plain
2,art,138,identity,lasso,54.0,0.4662202506671723,0.523300229182582,0.4977150918363177,1,plain
2,art,138,random,lasso,6.0,0.31924713346594574,0.4699261522790934,0.41565683676976545,1,plain
2,art,138,shuffled,lasso,7.0,0.16524584022692831,0.2752737458619811,0.2820182625479376,1,plain
2,art,138,pca,lasso,5.0,0.4107283242912276,0.529615482556659,0.4480680785947821,1,plain
2,art,138,emotion,lasso,4.0,0.41716740798401714,0.49732620320855614,0.5038927403687289,1,plain
2,art,138,population,elastic,,0.3929499045661401,0.4856124267888973,0.45524545907721875,1,plain
2,art,138,identity,elastic,65.0,0.4664370618059538,0.5314998726763431,0.5048781066067405,1,plain
2,art,138,random,elastic,6.0,0.31954925478601326,0.46554621848739497,0.4154109850243698,1,plain
2,art,138,shuffled,elastic,7.0,0.13535924257984916,0.2576521517697988,0.28236515583274396,1,plain
2,art,138,pca,elastic,5.0,0.40387204101583657,0.5277820218996689,0.4470472316233845,1,plain
2,art,138,emotion,elastic,5.0,0.40453371719845305,0.4982938629997453,0.5088923572159777,1,plain
2,art,139,population,lasso,,0.026377863165983253,0.06079602726558758,0.035744433020409604,1,plain
2,art,139,identity,lasso,78.0,0.33671457413547323,0.32421233836971564,0.3412438292672382,1,plain
2,art,139,random,lasso,7.0,0.09993838020418574,0.09947085082456317,0.15342617440475853,1,plain
2,art,139,shuffled,lasso,7.0,0.04427466854227216,0.06646303226009043,0.08656276516522682,1,plain
2,art,139,pca,lasso,6.0,0.4040640996082949,0.45992219481702074,0.47748354948864397,1,plain
2,art,139,emotion,lasso,2.0,0.2105464959059599,0.28379764485628745,0.2804852952111605,1,plain
2,art,139,population,elastic,,0.026604921501933436,0.06735782252238036,0.03604797791885036,1,plain
2,art,139,identity,elastic,85.0,0.3429669347461624,0.3144193560546537,0.35359330398770306,1,plain
2,art,139,random,elastic,7.0,0.10047840669102766,0.09862577113240045,0.153832485061264,1,plain
2,art,139,shuffled,elastic,6.0,0.05676901842625635,0.0815253350086375,0.12368837582691325,1,plain
2,art,139,pca,elastic,6.0,0.3947228210955444,0.46270598674414487,0.4758454182521537,1,plain
2,art,139,emotion,elastic,2.0,0.20320447400837335,0.278230061002039,0.2923061838479054,1,plain
2,fashion,7,population,lasso,,0.2960013237957048,0.43487797992024274,0.4892595443204826,1,plain
2,fashion,7,identity,lasso,138.0,0.20988243158556827,0.2086917300211542,0.2107261950738617,1,plain
2,fashion,7,random,lasso,7.0,0.10702922626585355,0.2141587674830087,0.19407933144003547,1,plain
2,fashion,7,shuffled,lasso,7.0,0.04486617440045065,0.10362521007242353,0.08108250090857123,1,plain
2,fashion,7,pca,lasso,7.0,0.16338069854632195,0.17082007051267134,0.2537622187240437,1,plain
2,fashion,7,emotion,lasso,6.0,0.34255283399073055,0.39382549861577176,0.43738232371831626,1,plain
2,fashion,7,population,elastic,,0.2950912799789101,0.4319953601676286,0.4888847795601678,1,plain
2,fashion,7,identity,elastic,86.0,0.18567265503932487,0.1895073985641012,0.19570614734188602,1,plain
2,fashion,7,random,elastic,7.0,0.106861821600357,0.2141587674830087,0.19403699376728736,1,plain
2,fashion,7,shuffled,elastic,7.0,0.04492132132724906,0.10506651994873065,0.08112536720781088,1,plain
2,fashion,7,pca,elastic,7.0,0.16086589251309452,0.17156557562110603,0.25379363938629285,1,plain
2,fashion,7,emotion,elastic,6.0,0.3410805212228975,0.3966087176872613,0.4366145742489536,1,plain
2,fashion,8,population,lasso,,0.2801062574267457,0.4078098248427385,0.3975473058440426,1,plain
2,fashion,8,identity,lasso,135.0,0.22851702971959434,0.2244160574578383,0.2530072440741349,1,plain
2,fashion,8,random,lasso,7.0,0.15324462396351513,0.36974232156977177,0.40837046344430383,1,plain
2,fashion,8,shuffled,lasso,7.0,0.07094126612650498,0.29976312085711254,0.20291953479433775,1,plain
2,fashion,8,pca,lasso,7.0,0.058777213953378614,0.20259988158471512,0.17957431992731956,1,plain
2,fashion,8,emotion,lasso,6.0,0.16218596278425923,0.37530717004305153,0.36281188629992056,1,plain
2,fashion,8,population,elastic,,0.2808924707336785,0.4165756923493207,0.4005775965372174,1,plain
2,fashion,8,identity,elastic,83.0,0.2213159188685799,0.26932881681740567,0.25298829049518384,1,plain
2,fashion,8,random,elastic,7.0,0.153108917644583,0.36974232156977177,0.40845655350386595,1,plain
2,fashion,8,shuffled,elastic,7.0,0.07090892295890482,0.2986796990304563,0.2024542774992582,1,plain
2,fashion,8,pca,elastic,7.0,0.05831164806228715,0.2080169907179963,0.18156512950392048,1,plain
2,fashion,8,emotion,elastic,5.0,0.1612472890442952,0.3846147484629619,0.3635285654225581,1,plain
2,fashion,40,population,lasso,,0.264884203200272,0.16381324566628255,0.36280066496311447,1,plain
2,fashion,40,identity,lasso,141.0,-0.010257799800771752,0.0015952598482413395,-0.010392370874445129,1,plain
2,fashion,40,random,lasso,7.0,0.1337361179557632,0.11605515395955744,0.15766558151005983,1,plain
2,fashion,40,shuffled,lasso,7.0,0.05401888893749601,0.08918499589074239,0.0761084950385633,1,plain
2,fashion,40,pca,lasso,7.0,0.07284190532624636,0.09137847818207423,0.10689573732494105,1,plain
2,fashion,40,emotion,lasso,7.0,0.22449414599615478,0.13594605019231662,0.27564823962066676,1,plain
2,fashion,40,population,elastic,,0.2613124626197917,0.15419183470657696,0.35891246853222153,1,plain
2,fashion,40,identity,elastic,83.0,-0.0015074285942270422,-0.05005127773857202,-0.0015831225930367442,1,plain
2,fashion,40,random,elastic,7.0,0.1336730066314614,0.11605515395955744,0.15768030745300723,1,plain
2,fashion,40,shuffled,elastic,7.0,0.05420046964625829,0.08918499589074239,0.07629103175908253,1,plain
2,fashion,40,pca,elastic,7.0,0.07211465256302604,0.09137847818207423,0.10722106419248599,1,plain
2,fashion,40,emotion,elastic,7.0,0.222698929015749,0.1336528641604697,0.27606976758697643,1,plain
2,fashion,41,population,lasso,,0.24351681097325764,0.44970167499817615,0.4579097156645831,1,plain
2,fashion,41,identity,lasso,147.0,0.20285687518621034,0.19590385061689075,0.20366274876366847,1,plain
2,fashion,41,random,lasso,7.0,-0.03249795375738697,-0.08391702257768305,-0.07284942236060143,1,plain
2,fashion,41,shuffled,lasso,7.0,0.1611808566382763,0.26178992176963617,0.23736575191423945,1,plain
2,fashion,41,pca,lasso,6.0,0.24745628564623312,0.3160777052490432,0.326974554067577,1,plain
2,fashion,41,emotion,lasso,7.0,0.3081004261394716,0.3774316723949798,0.4135551147940794,1,plain
2,fashion,41,population,elastic,,0.2441331402892566,0.44424365726954634,0.4604282273176987,1,plain
2,fashion,41,identity,elastic,94.0,0.31123888221777773,0.378162656912207,0.3173149960823659,1,plain
2,fashion,41,random,elastic,7.0,-0.032434666790667276,-0.08391702257768305,-0.07276523585072826,1,plain
2,fashion,41,shuffled,elastic,7.0,0.16150594085340872,0.26178992176963617,0.237667055707211,1,plain
2,fashion,41,pca,elastic,6.0,0.24455143095518508,0.3160777052490432,0.3265664991890922,1,plain
2,fashion,41,emotion,elastic,7.0,0.3070615149331093,0.37470266353066495,0.412988766977786,1,plain
2,fashion,45,population,lasso,,0.18116271895514538,0.35885710941898485,0.3377807499799986,1,plain
2,fashion,45,identity,lasso,148.0,0.18078591145947245,0.16057133469375928,0.19002904273334287,1,plain
2,fashion,45,random,lasso,7.0,0.11385440025977145,0.2367931596193771,0.2028370358598988,1,plain
2,fashion,45,shuffled,lasso,7.0,-0.0681768537820728,-0.14302742960684853,-0.17699262442750138,1,plain
2,fashion,45,pca,lasso,6.0,0.07103439135897822,0.11552215468245457,0.13167525887997683,1,plain
2,fashion,45,emotion,lasso,7.0,0.11566390643371917,0.26781712737193675,0.23137745638570226,1,plain
2,fashion,45,population,elastic,,0.18087248390048166,0.34958956633635113,0.3383504102284555,1,plain
2,fashion,45,identity,elastic,95.0,0.09130939557761296,0.10565990295280701,0.09899258911902177,1,plain
2,fashion,45,random,elastic,7.0,0.11373717725244323,0.2367931596193771,0.2027909522208583,1,plain
2,fashion,45,shuffled,elastic,7.0,-0.0683685404224386,-0.14302742960684853,-0.1771874807347257,1,plain
2,fashion,45,pca,elastic,6.0,0.06969719698893252,0.11621598143730415,0.13147369525027858,1,plain
2,fashion,45,emotion,elastic,7.0,0.11656125131811239,0.2691056627738002,0.23477850999142488,1,plain
2,fashion,46,population,lasso,,0.05285215104266454,0.14290600441243,0.11274484248038145,1,plain
2,fashion,46,identity,lasso,137.0,-0.0794370068656759,0.005521713747236751,-0.08042775244398842,1,plain
2,fashion,46,random,lasso,7.0,-0.03100433852438466,-0.0724914896540898,-0.06128376300069551,1,plain
2,fashion,46,shuffled,lasso,7.0,0.04890121976330149,0.1519231149354405,0.13181201000362042,1,plain
2,fashion,46,pca,lasso,4.0,0.02802392290083789,0.07684807114273533,0.058970276877261606,1,plain
2,fashion,46,emotion,lasso,7.0,0.05188722601809245,0.07659478152130245,0.09526954820029103,1,plain
2,fashion,46,population,elastic,,0.053408876497389984,0.1504540351311298,0.11427918157069605,1,plain
2,fashion,46,identity,elastic,86.0,-0.06887244597361751,0.01327237616308283,-0.07041808762105067,1,plain
2,fashion,46,random,elastic,7.0,-0.030901515641590566,-0.0724914896540898,-0.06117183383556594,1,plain
2,fashion,46,shuffled,elastic,7.0,0.049111157511748334,0.15354416851261093,0.1321768544083124,1,plain
2,fashion,46,pca,elastic,4.0,0.02796406039369712,0.07684807114273533,0.05990516744626608,1,plain
2,fashion,46,emotion,elastic,7.0,0.051597437460153175,0.07512570171699175,0.09548342274081856,1,plain
2,fashion,52,population,lasso,,0.2536880187470985,0.44558400220356736,0.5055255749539164,1,plain
2,fashion,52,identity,lasso,132.0,0.2803118451365467,0.2568744316154749,0.2858876384205986,1,plain
2,fashion,52,random,lasso,7.0,0.06968034040260829,0.06004395427802941,0.16804349082586728,1,plain
2,fashion,52,shuffled,lasso,7.0,0.18028919406896246,0.34782858720822946,0.38460042716889825,1,plain
2,fashion,52,pca,lasso,6.0,0.1276992791865063,0.2558085626046223,0.2705775524576744,1,plain
2,fashion,52,emotion,lasso,7.0,0.31043906614217714,0.4890816089797898,0.4889508703909331,1,plain
2,fashion,52,population,elastic,,0.2531890282732877,0.45025352358444537,0.5051714083410219,1,plain
2,fashion,52,identity,elastic,81.0,0.27457802205111287,0.30910201314725194,0.30995060976587585,1,plain
2,fashion,52,random,elastic,7.0,0.06960922164466644,0.06004395427802941,0.16804783273646282,1,plain
2,fashion,52,shuffled,elastic,7.0,0.18040278070497573,0.34782858720822946,0.383903857289429,1,plain
2,fashion,52,pca,elastic,6.0,0.12578828850839624,0.2517481092299458,0.27063768565836166,1,plain
2,fashion,52,emotion,elastic,7.0,0.3105352456858566,0.48857405230795525,0.49243676258522284,1,plain
2,fashion,58,population,lasso,,0.18027117563014394,0.28016956821097855,0.29653393515685394,1,plain
2,fashion,58,identity,lasso,146.0,0.23807839357918584,0.2752465394249835,0.23982960597268466,1,plain
2,fashion,58,random,lasso,7.0,-0.0023154477637482803,0.007433773466852533,-0.0053842649277534085,1,plain
2,fashion,58,shuffled,lasso,7.0,0.06743864208550941,0.2183363266588807,0.1759270974194537,1,plain
2,fashion,58,pca,lasso,7.0,0.07904287720281174,0.2215855256576374,0.1937828780127402,1,plain
2,fashion,58,emotion,lasso,6.0,0.3078789526017618,0.4767953379236211,0.46751194783536437,1,plain
2,fashion,58,population,elastic,,0.18326604800093546,0.2821387797253766,0.3024288039605741,1,plain
2,fashion,58,identity,elastic,89.0,0.23224663973939627,0.32496913016353357,0.24850740160379528,1,plain
2,fashion,58,random,elastic,7.0,-0.0023236674984173813,0.007433773466852533,-0.005408307747385791,1,plain
2,fashion,58,shuffled,elastic,7.0,0.06756277778453972,0.2183363266588807,0.17588923281241428,1,plain
2,fashion,58,pca,elastic,7.0,0.07765571574458896,0.22286551314199612,0.19318561470231582,1,plain
2,fashion,58,emotion,elastic,6.0,0.3053802182482123,0.475909192742142,0.46601544095738684,1,plain
2,fashion,65,population,lasso,,0.18552824291769188,0.19089965087234798,0.3205959599624101,1,plain
2,fashion,65,identity,lasso,150.0,-0.042377121074650206,-0.14456093893860375,-0.04387673650090439,1,plain
2,fashion,65,random,lasso,7.0,0.14588772729946672,0.18624597681062577,0.2606405058858207,1,plain
2,fashion,65,shuffled,lasso,7.0,0.09995848280587907,0.17164136140415723,0.18287976074752493,1,plain
2,fashion,65,pca,lasso,7.0,0.13677978303411786,0.19248388034016828,0.23877499420973466,1,plain
2,fashion,65,emotion,lasso,7.0,0.03480790326733123,-0.008366711876926038,0.050192654003978626,1,plain
2,fashion,65,population,elastic,,0.18423510154632364,0.1874836560823604,0.31982334949126057,1,plain
2,fashion,65,identity,elastic,86.0,0.03481451570692968,-0.0008416219047795424,0.035081038634121015,1,plain
2,fashion,65,random,elastic,7.0,0.14578213234174975,0.1895134500880052,0.2606256824008054,1,plain
2,fashion,65,shuffled,elastic,7.0,0.09982678457550981,0.17094826101198585,0.18246823254655967,1,plain
2,fashion,65,pca,elastic,7.0,0.13544404861172232,0.19248388034016828,0.24027471905587522,1,plain
2,fashion,65,emotion,elastic,7.0,0.03599505521604779,-0.015198701456901146,0.05300973221897383,1,plain
2,fashion,66,population,lasso,,0.18303267754036665,0.26573673544786114,0.2530634217287978,1,plain
2,fashion,66,identity,lasso,154.0,0.14893439586863355,0.18314490229986463,0.15442288580751412,1,plain
2,fashion,66,random,lasso,7.0,0.06650078203901273,0.07955683205038944,0.11156606908773894,1,plain
2,fashion,66,shuffled,lasso,7.0,0.2256549014254207,0.3433531569604362,0.31213859168004066,1,plain
2,fashion,66,pca,lasso,6.0,0.22817101125764405,0.27653337869672573,0.28420475479389307,1,plain
2,fashion,66,emotion,lasso,7.0,0.09675098311702399,0.15378997365087788,0.1464087470544414,1,plain
2,fashion,66,population,elastic,,0.18492731037207868,0.2688214906618225,0.25708938589808134,1,plain
2,fashion,66,identity,elastic,91.0,0.2602737239731854,0.3283771679378175,0.26190286389840134,1,plain
2,fashion,66,random,elastic,7.0,0.06641358791962176,0.07955683205038944,0.11151227871288368,1,plain
2,fashion,66,shuffled,elastic,7.0,0.22583905122185902,0.34046741821189175,0.3121781627907635,1,plain
2,fashion,66,pca,elastic,6.0,0.2251941623672771,0.27364763994818125,0.28389277801184326,1,plain
2,fashion,66,emotion,elastic,6.0,0.09925128496386136,0.15229735016025145,0.15078319916982705,1,plain
2,fashion,74,population,lasso,,-0.07469359586290004,-0.10039423143759574,-0.0913221725223082,1,plain
2,fashion,74,identity,lasso,138.0,0.05223119087530293,0.04423982156488946,0.05833952188535995,1,plain
2,fashion,74,random,lasso,7.0,0.19793899054003014,0.4741201786119006,0.46424966639670356,1,plain
2,fashion,74,shuffled,lasso,7.0,0.20347315332692836,0.3040985007341095,0.31856833933069334,1,plain
2,fashion,74,pca,lasso,7.0,0.17479375393145682,0.30334441286652614,0.2822676109956138,1,plain
2,fashion,74,emotion,lasso,7.0,0.033627436592492406,0.019153831836616914,0.06017620877266997,1,plain
2,fashion,74,population,elastic,,-0.0739661952510287,-0.10632638932925137,-0.09062271009946261,1,plain
2,fashion,74,identity,elastic,94.0,0.058711994352340854,0.05057415965258954,0.058870128654467196,1,plain
2,fashion,74,random,elastic,7.0,0.19767535477516254,0.4741201786119006,0.4642744894959531,1,plain
2,fashion,74,shuffled,elastic,7.0,0.20395722196861515,0.30716512472894836,0.3188847319278305,1,plain
2,fashion,74,pca,elastic,7.0,0.1724361442668741,0.30334441286652614,0.28262962171541167,1,plain
2,fashion,74,emotion,elastic,7.0,0.033015425519777604,0.020109009802222483,0.059614700554583046,1,plain
2,fashion,83,population,lasso,,0.4397634058852099,0.5062592810633523,0.5120805307979498,1,plain
2,fashion,83,identity,lasso,132.0,0.39584602432368393,0.3915194763968024,0.39811323492552614,1,plain
2,fashion,83,random,lasso,7.0,0.1472786663788417,0.2256874049805652,0.2236616119516105,1,plain
2,fashion,83,shuffled,lasso,7.0,0.3244274841694603,0.39864267105899553,0.38533826423787565,1,plain
2,fashion,83,pca,lasso,7.0,0.3081221561179171,0.32694951039418835,0.37961397392673635,1,plain
2,fashion,83,emotion,lasso,6.0,0.41642076474719647,0.47243691791912584,0.482754054042224,1,plain
2,fashion,83,population,elastic,,0.4385056368489872,0.5080016452253275,0.5127427275298331,1,plain
2,fashion,83,identity,elastic,74.0,0.4568454171824031,0.556531611736816,0.49198233061575747,1,plain
2,fashion,83,random,elastic,7.0,0.14713962217235124,0.2256874049805652,0.22365059745088406,1,plain
2,fashion,83,shuffled,elastic,7.0,0.3245284292709467,0.39864267105899553,0.38518961194315265,1,plain
2,fashion,83,pca,elastic,7.0,0.3052498741729453,0.32874312056092764,0.38018948717563533,1,plain
2,fashion,83,emotion,elastic,6.0,0.4140303038032078,0.4733081000001135,0.4811388557715829,1,plain
2,fashion,87,population,lasso,,0.17425663209105585,0.31358810853868524,0.3341836684386897,1,plain
2,fashion,87,identity,lasso,166.0,0.12288968503608429,0.1376441955120668,0.12594954488059945,1,plain
2,fashion,87,random,lasso,7.0,-0.040655963933403746,-0.11269801935316344,-0.08355954277119647,1,plain
2,fashion,87,shuffled,lasso,7.0,0.07118781119039583,0.12106232547703104,0.13384739627679357,1,plain
2,fashion,87,pca,lasso,7.0,0.23758465492316844,0.47040661984347776,0.4517803623596464,1,plain
2,fashion,87,emotion,lasso,7.0,0.2316149708765825,0.38446459727251064,0.3861723366605438,1,plain
2,fashion,87,population,elastic,,0.17463402592730365,0.31779471863606895,0.3360357436138611,1,plain
2,fashion,87,identity,elastic,93.0,0.1167517669565471,0.09259433621334132,0.121948723212465,1,plain
2,fashion,87,random,elastic,7.0,-0.04060586592184533,-0.10942077660287612,-0.08354286132299715,1,plain
2,fashion,87,shuffled,elastic,7.0,0.07123004463337038,0.12106232547703104,0.13372497569229566,1,plain
2,fashion,87,pca,elastic,7.0,0.2334866236739443,0.4692815962127821,0.45107635741039165,1,plain
2,fashion,87,emotion,elastic,7.0,0.22866996202039605,0.3844156832016109,0.3834253840032428,1,plain
2,fashion,93,population,lasso,,0.3590648749086415,0.5677772163236481,0.5656074361788485,1,plain
2,fashion,93,identity,lasso,152.0,0.24024007546348053,0.17922510665256422,0.24549073713070782,1,plain
2,fashion,93,random,lasso,7.0,0.16007949333099156,0.20873288664287584,0.24025216312847544,1,plain
2,fashion,93,shuffled,lasso,7.0,0.14527257437649435,0.3651835322290921,0.3346580112827505,1,plain
2,fashion,93,pca,lasso,7.0,0.20506793843845197,0.3507267004217582,0.32384540633069314,1,plain
2,fashion,93,emotion,lasso,7.0,0.3838248594564283,0.49583962517277086,0.5090095668810469,1,plain
2,fashion,93,population,elastic,,0.35852234386664683,0.5657968284048353,0.56662200164954,1,plain
2,fashion,93,identity,elastic,98.0,0.2615394624983596,0.23804262784130625,0.29012902264402335,1,plain
2,fashion,93,random,elastic,7.0,0.16000765794107988,0.20873288664287584,0.24028367168301878,1,plain
2,fashion,93,shuffled,elastic,7.0,0.14555185620616534,0.3651835322290921,0.3346569672759405,1,plain
2,fashion,93,pca,elastic,7.0,0.2015099032948727,0.3478056282415093,0.32391854246596863,1,plain
2,fashion,93,emotion,elastic,7.0,0.38411064923017946,0.50187980832515,0.5109505436233371,1,plain
2,fashion,94,population,lasso,,0.2548197652333115,0.4132493883710994,0.4612757177648038,1,plain
2,fashion,94,identity,lasso,152.0,0.20406862294059736,0.20596361268975522,0.2064039807224841,1,plain
2,fashion,94,random,lasso,7.0,-0.07925699373426386,-0.14328329308849827,-0.12133732519021914,1,plain
2,fashion,94,shuffled,lasso,7.0,0.11421420406762042,0.19264404477448813,0.2047183501407672,1,plain
2,fashion,94,pca,lasso,7.0,0.15218631873968244,0.23079089553181556,0.23917938200038102,1,plain
2,fashion,94,emotion,lasso,7.0,0.36458054061913103,0.46128797706550023,0.5212142601621591,1,plain
2,fashion,94,population,elastic,,0.25642129968453403,0.41466948936206544,0.46456582271654484,1,plain
2,fashion,94,identity,elastic,100.0,0.23182965417698947,0.2040538217019044,0.24245314657895678,1,plain
2,fashion,94,random,elastic,7.0,-0.07918163538413803,-0.14641730906856112,-0.12132081504012261,1,plain
2,fashion,94,shuffled,elastic,7.0,0.1141659202873087,0.19328064177043836,0.20453730001444254,1,plain
2,fashion,94,pca,elastic,7.0,0.14955249435791218,0.2239352355754281,0.23855869789460074,1,plain
2,fashion,94,emotion,elastic,7.0,0.3630869700656218,0.46647869103247935,0.5229994630775896,1,plain
2,fashion,102,population,lasso,,0.18621881878238727,0.28666356604390536,0.35025853313364286,1,plain
2,fashion,102,identity,lasso,164.0,0.18042459555460752,0.14941371918522744,0.18167412750981304,1,plain
2,fashion,102,random,lasso,7.0,0.1759927389391792,0.4027374408361206,0.39648262432267134,1,plain
2,fashion,102,shuffled,lasso,7.0,0.07335074597411033,0.1387764867053299,0.1590911081084263,1,plain
2,fashion,102,pca,lasso,7.0,0.15017132576750564,0.28104947112395945,0.3336078173711703,1,plain
2,fashion,102,emotion,lasso,7.0,0.19138377739748083,0.37043177182309855,0.3960617745646409,1,plain
2,fashion,102,population,elastic,,0.1835246494502862,0.2831178218839395,0.3465296614478565,1,plain
2,fashion,102,identity,elastic,95.0,0.2936754408423477,0.2878947272105602,0.3328840383787192,1,plain
2,fashion,102,random,elastic,7.0,0.17578903855345612,0.4027374408361206,0.39644640012308985,1,plain
2,fashion,102,shuffled,elastic,7.0,0.07335054561447155,0.1367081359453498,0.15894076135857832,1,plain
2,fashion,102,pca,elastic,7.0,0.14713087277962117,0.28203440005728325,0.3326492141428221,1,plain
2,fashion,102,emotion,elastic,7.0,0.1898597623739177,0.373879023089732,0.3965681220660704,1,plain
2,fashion,112,population,lasso,,0.1990453722587749,0.3262985113664574,0.3079961886578799,1,plain
2,fashion,112,identity,lasso,131.0,0.36650940254531994,0.3139230937419394,0.3713980252837087,1,plain
2,fashion,112,random,lasso,7.0,0.14963662020155727,0.2315750022987927,0.24359296719667534,1,plain
2,fashion,112,shuffled,lasso,7.0,0.28810023707749777,0.41442179770104587,0.41158794981354846,1,plain
2,fashion,112,pca,lasso,7.0,0.3764110509497107,0.536680610983263,0.5451927630340808,1,plain
2,fashion,112,emotion,lasso,7.0,0.44523212940393864,0.45366218441878825,0.5111420944119438,1,plain
2,fashion,112,population,elastic,,0.19918752176816087,0.32830951673044156,0.3088361043605818,1,plain
2,fashion,112,identity,elastic,66.0,0.4008918294584955,0.5034216761173709,0.4547621000344127,1,plain
2,fashion,112,random,elastic,7.0,0.14947968895453048,0.2315750022987927,0.24366010413471542,1,plain
2,fashion,112,shuffled,elastic,7.0,0.2882302681751091,0.4107091724136904,0.4113324373232262,1,plain
2,fashion,112,pca,elastic,7.0,0.3716126392510857,0.536680610983263,0.5449986552265546,1,plain
2,fashion,112,emotion,elastic,7.0,0.44503334111829307,0.45366218441878825,0.5119108439994687,1,plain
2,fashion,113,population,lasso,,0.2345417495578484,0.38737358417772716,0.3898906859926716,1,plain
2,fashion,113,identity,lasso,144.0,0.15987597696933575,0.15954731049942988,0.16545574503676894,1,plain
2,fashion,113,random,lasso,7.0,0.12850591979056372,0.2042461558969869,0.22144897775447725,1,plain
2,fashion,113,shuffled,lasso,7.0,0.05421934766111754,0.07364479373870629,0.09760951785022906,1,plain
2,fashion,113,pca,lasso,6.0,0.2275370114875234,0.3167316864403986,0.330029469505389,1,plain
2,fashion,113,emotion,lasso,7.0,0.2961591853143612,0.3391303369424784,0.35451431318752796,1,plain
2,fashion,113,population,elastic,,0.23280672945726816,0.3847645106027597,0.38883533479711463,1,plain
2,fashion,113,identity,elastic,83.0,0.2014847615981643,0.2513571636563064,0.23790813059369528,1,plain
2,fashion,113,random,elastic,7.0,0.12840735964063124,0.2042461558969869,0.2215153713881411,1,plain
2,fashion,113,shuffled,elastic,7.0,0.05408977369388273,0.07364479373870629,0.09733793542721483,1,plain
2,fashion,113,pca,elastic,6.0,0.22465848838516259,0.31397492945552724,0.33056265201840385,1,plain
2,fashion,113,emotion,elastic,7.0,0.29574369512223936,0.3375550472368376,0.35547508641047487,1,plain
2,fashion,120,population,lasso,,0.2240150530452511,0.2354977942198897,0.29951889527934095,1,plain
2,fashion,120,identity,lasso,134.0,0.1313211068256704,0.04365598305136177,0.13259038840161316,1,plain
2,fashion,120,random,lasso,7.0,0.1253168825318007,0.19158710881700308,0.1684499019616436,1,plain
2,fashion,120,shuffled,lasso,7.0,0.20226767631440035,0.23162631847671172,0.2580687533916584,1,plain
2,fashion,120,pca,lasso,5.0,0.18233207236828622,0.13769209123434176,0.22262335499836208,1,plain
2,fashion,120,emotion,lasso,6.0,0.30582372032755395,0.29122666873353004,0.34917793662049273,1,plain
2,fashion,120,population,elastic,,0.22213143107138653,0.2428332219438058,0.2974731343551435,1,plain
2,fashion,120,identity,elastic,71.0,0.11347512533868774,-0.014314272155697385,0.11950311965940798,1,plain
2,fashion,120,random,elastic,7.0,0.1252130976691249,0.19158710881700308,0.16845227548394576,1,plain
2,fashion,120,shuffled,elastic,7.0,0.2023620292973313,0.23162631847671172,0.25809640798223404,1,plain
2,fashion,120,pca,elastic,5.0,0.17997769509505687,0.13769209123434176,0.22201312641091503,1,plain
2,fashion,120,emotion,elastic,6.0,0.30510049861167676,0.29193983531779966,0.34870092633519906,1,plain
2,fashion,121,population,lasso,,0.26756041964032723,0.39649520113963477,0.42824169408154245,1,plain
2,fashion,121,identity,lasso,135.0,0.2954701245020533,0.2353906950679688,0.33401455778915495,1,plain
2,fashion,121,random,lasso,7.0,0.2300354682607887,0.303704125149996,0.3069383818200946,1,plain
2,fashion,121,shuffled,lasso,7.0,0.21137696548656018,0.2514958128546762,0.2366561129449987,1,plain
2,fashion,121,pca,lasso,7.0,0.3020001131656843,0.3192226326861942,0.3745547645662211,1,plain
2,fashion,121,emotion,lasso,7.0,0.42554012888292625,0.378576924396808,0.4934969484786955,1,plain
2,fashion,121,population,elastic,,0.2668631692853809,0.39633521652585957,0.4288629273158084,1,plain
2,fashion,121,identity,elastic,79.0,0.393849749116409,0.28658577147604536,0.4059852118991647,1,plain
2,fashion,121,random,elastic,7.0,0.22979214210362625,0.303704125149996,0.3069224419373389,1,plain
2,fashion,121,shuffled,elastic,7.0,0.21130115144659506,0.2514958128546762,0.23638931653850623,1,plain
2,fashion,121,pca,elastic,7.0,0.2990037797902762,0.3192226326861942,0.3745567777211688,1,plain
2,fashion,121,emotion,elastic,7.0,0.42428705111135434,0.38193660128608803,0.49300785249130746,1,plain
2,fashion,131,population,lasso,,0.11811766235463728,0.22200714413311237,0.1985890102518797,1,plain
2,fashion,131,identity,lasso,157.0,0.13439330718362033,0.16801602853180886,0.14319463217670422,1,plain
2,fashion,131,random,lasso,6.0,-0.07964817846293397,-0.15568502760739833,-0.10155988790083903,1,plain
2,fashion,131,shuffled,lasso,7.0,0.00934726150267226,-0.0067795941337396555,0.015238900009258663,1,plain
2,fashion,131,pca,lasso,7.0,0.043382695620578414,0.06425876178935848,0.06992748094483164,1,plain
2,fashion,131,emotion,lasso,6.0,0.1435144571391532,0.17425522023459827,0.1974210867652117,1,plain
2,fashion,131,population,elastic,,0.11814031376944883,0.22313707648873565,0.19933556284749424,1,plain
2,fashion,131,identity,elastic,105.0,0.1859715493175535,0.21439238260608592,0.20864238392062615,1,plain
2,fashion,131,random,elastic,6.0,-0.07957231185531834,-0.15568502760739833,-0.10153784399796328,1,plain
2,fashion,131,shuffled,elastic,7.0,0.009359712676765629,-0.0067795941337396555,0.01525343463069748,1,plain
2,fashion,131,pca,elastic,7.0,0.04246256601710244,0.065143056676368,0.06941201985516439,1,plain
2,fashion,131,emotion,elastic,6.0,0.14444847113696999,0.1777432722889136,0.19910858720646818,1,plain
2,fashion,138,population,lasso,,0.33596785040433136,0.43079062644369404,0.4482990701262603,1,plain
2,fashion,138,identity,lasso,124.0,0.29664589890123666,0.25510421048326054,0.30069418079047866,1,plain
2,fashion,138,random,lasso,7.0,0.03248726976620919,0.06908329946633099,0.04722551852206371,1,plain
2,fashion,138,shuffled,lasso,7.0,0.41916700536313806,0.48424491121867375,0.48857454606262735,1,plain
2,fashion,138,pca,lasso,6.0,0.44181342117657046,0.5264483417695864,0.5512661676878706,1,plain
2,fashion,138,emotion,lasso,7.0,0.5262749780061562,0.5736408388994971,0.5783719808100055,1,plain
2,fashion,138,population,elastic,,0.33683920166609055,0.4411760303428329,0.45057208647942343,1,plain
2,fashion,138,identity,elastic,76.0,0.4637819633069086,0.46866680536996536,0.4967790029464057,1,plain
2,fashion,138,random,elastic,7.0,0.032523840178128836,0.06908329946633099,0.0473115275330135,1,plain
2,fashion,138,shuffled,elastic,7.0,0.41931538122196266,0.48424491121867375,0.4885076839003375,1,plain
2,fashion,138,pca,elastic,6.0,0.4363064401468825,0.5281792424194429,0.5503860134438754,1,plain
2,fashion,138,emotion,elastic,7.0,0.5305291270181085,0.586520776088135,0.5843769659437659,1,plain
2,fashion,139,population,lasso,,0.3115307713292791,0.4311846890157343,0.48498561964065756,1,plain
2,fashion,139,identity,lasso,143.0,0.44394158996256805,0.3950157528377834,0.4489705838208828,1,plain
2,fashion,139,random,lasso,7.0,0.06713908828136556,0.14006886124198326,0.19090599588742624,1,plain
2,fashion,139,shuffled,lasso,7.0,0.09235880587079445,0.15736917895311694,0.13818261744149335,1,plain
2,fashion,139,pca,lasso,6.0,0.16046205627300872,0.22862884453948631,0.21858101283279585,1,plain
2,fashion,139,emotion,lasso,5.0,0.26745296280262987,0.31792396881621604,0.3317670075752705,1,plain
2,fashion,139,population,elastic,,0.30927186061230094,0.43270398037280267,0.4843183446006135,1,plain
2,fashion,139,identity,elastic,90.0,0.49546073244283506,0.47798866469316403,0.5264819734225185,1,plain
2,fashion,139,random,elastic,7.0,0.06707198687466025,0.14006886124198326,0.19092785513070942,1,plain
2,fashion,139,shuffled,elastic,7.0,0.09244923429759652,0.15736917895311694,0.13824279324224578,1,plain
2,fashion,139,pca,elastic,6.0,0.1587483589592004,0.22524719603504373,0.2185903049899464,1,plain
2,fashion,139,emotion,elastic,5.0,0.2665507944998233,0.3163066586619174,0.3320619939712221,1,plain
2,landscape,7,population,lasso,,0.07883617069534223,0.11117584894969847,0.10469239440499087,1,plain
2,landscape,7,identity,lasso,9.0,0.0794076473640659,0.22970929630090597,0.26030210765322676,1,plain
2,landscape,7,random,lasso,7.0,-0.07735141918920671,-0.18485331708067163,-0.19096404235996567,1,plain
2,landscape,7,shuffled,lasso,7.0,-0.04000843068876688,-0.08585556203691914,-0.08577262972116582,1,plain
2,landscape,7,pca,lasso,7.0,0.2893410226291963,0.2633005386581403,0.34442841803326724,1,plain
2,landscape,7,emotion,lasso,1.0,0.2032847380170621,0.28268400479177097,0.3184999071483573,1,plain
2,landscape,7,population,elastic,,0.093651554798403,0.09027012107782453,0.11969703175922355,1,plain
2,landscape,7,identity,elastic,33.0,0.08838609332075956,0.10534051228643268,0.11964036191978962,1,plain
2,landscape,7,random,elastic,7.0,-0.07731493074837772,-0.18485331708067163,-0.19093988213764285,1,plain
2,landscape,7,shuffled,elastic,7.0,-0.04001016650761571,-0.08585556203691914,-0.08592297789617849,1,plain
2,landscape,7,pca,elastic,7.0,0.2865186360406189,0.26122011428254116,0.34475533684239507,1,plain
2,landscape,7,emotion,elastic,2.0,0.17017562037594952,0.2560444243725141,0.29802861686347565,1,plain
2,landscape,8,population,lasso,,0.3740813427819794,0.5156183279414803,0.533523375545265,1,plain
2,landscape,8,identity,lasso,11.0,0.13137729727330133,0.22683056186080264,0.24333555052317965,1,plain
2,landscape,8,random,lasso,7.0,0.20911992635567292,0.17934980168911208,0.2960168943533159,1,plain
2,landscape,8,shuffled,lasso,7.0,-0.028716397206414102,0.052965010305985716,-0.04320547382447219,1,plain
2,landscape,8,pca,lasso,6.0,0.40111388971892065,0.5012901068698984,0.47144871250783293,1,plain
2,landscape,8,emotion,lasso,3.0,0.3516053470819836,0.4769815387070766,0.4715557543281595,1,plain
2,landscape,8,population,elastic,,0.39481813449312647,0.4997090617861376,0.5332210766226634,1,plain
2,landscape,8,identity,elastic,35.0,0.2600419276583862,0.37609109929959256,0.37200693404582175,1,plain
2,landscape,8,random,elastic,7.0,0.2090888638456969,0.17934980168911208,0.2960282056354709,1,plain
2,landscape,8,shuffled,elastic,7.0,-0.028845588298243015,0.052965010305985716,-0.04343007557794241,1,plain
2,landscape,8,pca,elastic,6.0,0.39785640671585465,0.5012901068698984,0.4715603737259253,1,plain
2,landscape,8,emotion,elastic,4.0,0.3451977488824472,0.4849361717847479,0.48081309800000405,1,plain
2,landscape,40,population,lasso,,0.16374104097166567,0.19144262097405204,0.2506449229491499,1,plain
2,landscape,40,identity,lasso,7.0,0.052100670208951226,0.28852061145223273,0.2751427171301637,1,plain
2,landscape,40,random,lasso,7.0,0.18276583914318084,0.29394733141685153,0.29491822304530035,1,plain
2,landscape,40,shuffled,lasso,7.0,0.31657911064600563,0.42534430093053816,0.46028105890206567,1,plain
2,landscape,40,pca,lasso,7.0,0.18642148005449163,0.34183311036390446,0.3579867514450564,1,plain
2,landscape,40,emotion,lasso,2.0,0.16253517951565816,0.38117683010739073,0.43188166148345647,1,plain
2,landscape,40,population,elastic,,0.16019311826001442,0.1841064995404007,0.2326856067241844,1,plain
2,landscape,40,identity,elastic,38.0,0.2740396251474653,0.3455011710807301,0.3930204995897928,1,plain
2,landscape,40,random,elastic,7.0,0.1827275279032557,0.29394733141685153,0.29491405990615127,1,plain
2,landscape,40,shuffled,elastic,7.0,0.31627888285453043,0.42534430093053816,0.46039305082017346,1,plain
2,landscape,40,pca,elastic,7.0,0.18327526986936107,0.34183311036390446,0.35833995527279355,1,plain
2,landscape,40,emotion,elastic,3.0,0.13477800636421203,0.38188029380650795,0.43058929823883096,1,plain
2,landscape,41,population,lasso,,0.2653934795874236,0.5261420363216274,0.51846045780545,1,plain
2,landscape,41,identity,lasso,7.0,0.005593265673867722,-0.00976507120121803,0.021791971581119923,1,plain
2,landscape,41,random,lasso,7.0,0.1601990745916295,0.28440769873547506,0.3078899978152232,1,plain
2,landscape,41,shuffled,lasso,7.0,-0.04341830197621031,-0.14486483127006944,-0.108638126281015,1,plain
2,landscape,41,pca,lasso,7.0,0.1072730972240155,0.2720548836659343,0.2785366721289896,1,plain
2,landscape,41,emotion,lasso,4.0,0.15696549060829187,0.4552476194007845,0.4861438650410058,1,plain
2,landscape,41,population,elastic,,0.2972992720832769,0.5150098551522388,0.5228576254671206,1,plain
2,landscape,41,identity,elastic,27.0,0.05909281427042755,0.070406163360782,0.12070523519520665,1,plain
2,landscape,41,random,elastic,7.0,0.16016352232751394,0.28440769873547506,0.3078844151545902,1,plain
2,landscape,41,shuffled,elastic,7.0,-0.04343327061115069,-0.14486483127006944,-0.10871583254550211,1,plain
2,landscape,41,pca,elastic,7.0,0.10523966203764915,0.2730802161420622,0.2778640284717546,1,plain
2,landscape,41,emotion,elastic,3.0,0.14388029551920586,0.48254099340818885,0.4861283888120969,1,plain
2,landscape,45,population,lasso,,0.36460552916695066,0.48592058176483666,0.5250287117959022,1,plain
2,landscape,45,identity,lasso,10.0,0.08629918002944409,0.2542068362162961,0.26165794567000095,1,plain
2,landscape,45,random,lasso,7.0,0.1064757264034992,0.16563094037165377,0.15627088233472333,1,plain
2,landscape,45,shuffled,lasso,7.0,0.20608759826835868,0.22946942386328786,0.32037419115664334,1,plain
2,landscape,45,pca,lasso,7.0,0.1452947906230242,0.20144033970524225,0.19161484924895802,1,plain
2,landscape,45,emotion,lasso,3.0,0.229295241409279,0.40273105796480096,0.4294227452330802,1,plain
2,landscape,45,population,elastic,,0.4129148998007539,0.5281138294475886,0.5593919840519366,1,plain
2,landscape,45,identity,elastic,37.0,0.13495674435201463,0.16533169748028673,0.18317758940812232,1,plain
2,landscape,45,random,elastic,7.0,0.10645236714921041,0.16563094037165377,0.1562675291097687,1,plain
2,landscape,45,shuffled,elastic,7.0,0.2058478923286302,0.22946942386328786,0.3202001022319768,1,plain
2,landscape,45,pca,elastic,7.0,0.1434983994734312,0.19824841553066058,0.1914033600138852,1,plain
2,landscape,45,emotion,elastic,3.0,0.21533392140481342,0.39774367644201714,0.42945821638692433,1,plain
2,landscape,46,population,lasso,,0.1262764334480288,0.47622411864820824,0.42330253670302426,1,plain
2,landscape,46,identity,lasso,7.0,0.007486117703614212,0.08160934682817585,0.06135508048300462,1,plain
2,landscape,46,random,lasso,7.0,0.04979326573578611,0.09158156127850157,0.10111352986219709,1,plain
2,landscape,46,shuffled,lasso,7.0,0.01396625911568472,0.051540067541734506,0.02956022075687751,1,plain
2,landscape,46,pca,lasso,7.0,0.12987875452178063,0.3811828094991854,0.35549812018074795,1,plain
2,landscape,46,emotion,lasso,2.0,0.10677776002154311,0.37405979917752424,0.33004698073951616,1,plain
2,landscape,46,population,elastic,,0.13455439600850416,0.47230646297129447,0.4152249230130502,1,plain
2,landscape,46,identity,elastic,33.0,0.09301944030891508,0.20539709048961713,0.17514226937546756,1,plain
2,landscape,46,random,elastic,7.0,0.04978540961874184,0.09158156127850157,0.10111657239713281,1,plain
2,landscape,46,shuffled,elastic,7.0,0.0140238778371029,0.04975931496131919,0.029705529580642456,1,plain
2,landscape,46,pca,elastic,7.0,0.12766830349985955,0.3804705084670193,0.35605435344236813,1,plain
2,landscape,46,emotion,elastic,2.0,0.09347874069546049,0.37405979917752424,0.33017762169285747,1,plain
2,landscape,52,population,lasso,,0.26631308188283287,0.5332325318708118,0.5384029897774624,1,plain
2,landscape,52,identity,lasso,10.0,0.09658137512039332,0.19400457853588554,0.2087700031396522,1,plain
2,landscape,52,random,lasso,7.0,0.03351619138990525,0.07408836266921612,0.05011177189012396,1,plain
2,landscape,52,shuffled,lasso,7.0,0.08684575745859224,0.15617113972954355,0.15487194709402177,1,plain
2,landscape,52,pca,lasso,6.0,0.3911410002860746,0.5320104557855464,0.5763075514263347,1,plain
2,landscape,52,emotion,lasso,3.0,0.28331516220234393,0.4612318825139241,0.5018788359989096,1,plain
2,landscape,52,population,elastic,,0.27558878998142267,0.5391392329495948,0.5266622428678353,1,plain
2,landscape,52,identity,elastic,31.0,0.1789859029540416,0.19038927011697532,0.23334102420187547,1,plain
2,landscape,52,random,elastic,7.0,0.033510847277457734,0.07408836266921612,0.05011929882883548,1,plain
2,landscape,52,shuffled,elastic,7.0,0.08673229250000834,0.15617113972954355,0.1547740535955172,1,plain
2,landscape,52,pca,elastic,6.0,0.38481820806773054,0.5303810210051926,0.577032234131767,1,plain
2,landscape,52,emotion,elastic,3.0,0.27032116368934417,0.4763550740690838,0.5260486015782203,1,plain
2,landscape,58,population,lasso,,0.3351130843750223,0.44345282028433575,0.49568128925040394,1,plain
2,landscape,58,identity,lasso,12.0,0.14569307209220547,0.3318658209121349,0.3162834711419028,1,plain
2,landscape,58,random,lasso,7.0,0.11454964137327048,0.24363652237597955,0.20134235643929688,1,plain
2,landscape,58,shuffled,lasso,7.0,0.16230369711674744,0.2852485608401951,0.2321824829059425,1,plain
2,landscape,58,pca,lasso,7.0,0.3693697281282574,0.4365338374736584,0.45227133904749434,1,plain
2,landscape,58,emotion,lasso,4.0,0.3368335252756938,0.4982649039689217,0.5351403804063629,1,plain
2,landscape,58,population,elastic,,0.36790512570611233,0.4655346803184125,0.5131132923647511,1,plain
2,landscape,58,identity,elastic,37.0,0.16720080241915344,0.27136152441876477,0.26097979295530555,1,plain
2,landscape,58,random,elastic,7.0,0.11452858854231034,0.24363652237597955,0.20135208189448583,1,plain
2,landscape,58,shuffled,elastic,7.0,0.16217618070921075,0.2852485608401951,0.2322093552449518,1,plain
2,landscape,58,pca,elastic,7.0,0.3658582314218087,0.4365338374736584,0.4522835473552471,1,plain
2,landscape,58,emotion,elastic,4.0,0.3300777662193748,0.4947808771635452,0.5398316943250233,1,plain
2,landscape,65,population,lasso,,0.22485762966288692,0.34915548002574553,0.3445745526872601,1,plain
2,landscape,65,identity,lasso,13.0,0.00046577886625797683,-0.0885252562671508,0.0010115116222029854,1,plain
2,landscape,65,random,lasso,7.0,0.037247913165958796,0.13976110291115537,0.08179209839254817,1,plain
2,landscape,65,shuffled,lasso,7.0,0.0010642983262293937,0.0035113369804288855,0.0018481147984511516,1,plain
2,landscape,65,pca,lasso,7.0,0.13439252967572202,0.12096803174829655,0.20749880218309746,1,plain
2,landscape,65,emotion,lasso,3.0,0.16255119355360156,0.2777912650573106,0.26292853185439236,1,plain
2,landscape,65,population,elastic,,0.23430686536429643,0.3389182017870303,0.3394088485924772,1,plain
2,landscape,65,identity,elastic,34.0,0.07102592951904806,0.0969326828400087,0.09717295980925976,1,plain
2,landscape,65,random,elastic,7.0,0.03723937083703772,0.13976110291115537,0.08178978339198968,1,plain
2,landscape,65,shuffled,elastic,7.0,0.0010510999955652743,0.0035113369804288855,0.001826809013981634,1,plain
2,landscape,65,pca,elastic,7.0,0.13268736616674243,0.1270015967005828,0.20808590066150873,1,plain
2,landscape,65,emotion,elastic,3.0,0.1577304796041643,0.28511067172073984,0.273644311734208,1,plain
2,landscape,66,population,lasso,,0.4188413492025832,0.49158112416156563,0.5363402616194561,1,plain
2,landscape,66,identity,lasso,6.0,0.08912199339216252,0.2613184778897101,0.2962895961112426,1,plain
2,landscape,66,random,lasso,7.0,0.05103004910476158,0.06354186600758392,0.08956013043661139,1,plain
2,landscape,66,shuffled,lasso,7.0,0.2585041003240139,0.22740224072810578,0.30268446264427895,1,plain
2,landscape,66,pca,lasso,7.0,0.3385613414442256,0.46793169975520604,0.5020804831769764,1,plain
2,landscape,66,emotion,lasso,1.0,0.18455977323259548,0.4992940033956051,0.5296327394593172,1,plain
2,landscape,66,population,elastic,,0.41890089971693983,0.4806502886908076,0.5175505527528345,1,plain
2,landscape,66,identity,elastic,31.0,0.19283385526537605,0.24711860751180947,0.2879262948553482,1,plain
2,landscape,66,random,elastic,7.0,0.05103568239895466,0.06354186600758392,0.08959308325995423,1,plain
2,landscape,66,shuffled,elastic,7.0,0.2583253854515055,0.22740224072810578,0.3025825383072433,1,plain
2,landscape,66,pca,elastic,7.0,0.3328486952728019,0.46604178894951426,0.5027024912727786,1,plain
2,landscape,66,emotion,elastic,3.0,0.17441190132134554,0.5067514892775242,0.534318122329448,1,plain
2,landscape,74,population,lasso,,0.2600385432674014,0.36993683799127136,0.36241209736778995,1,plain
2,landscape,74,identity,lasso,7.0,0.15729280954043792,0.3188724060216813,0.28695580251606845,1,plain
2,landscape,74,random,lasso,7.0,0.15927153992883394,0.2555260098757728,0.26193772005316446,1,plain
2,landscape,74,shuffled,lasso,6.0,0.1084795417869918,0.09805186338272573,0.12464016024096439,1,plain
2,landscape,74,pca,lasso,6.0,0.2884598417955652,0.3095972297557478,0.3315566618336358,1,plain
2,landscape,74,emotion,lasso,3.0,0.21640707002237405,0.30531637917147086,0.2922764929473628,1,plain
2,landscape,74,population,elastic,,0.26521265987318327,0.34414980947169793,0.3585368736842632,1,plain
2,landscape,74,identity,elastic,35.0,0.2097096289912001,0.2048183154548725,0.2623190417193999,1,plain
2,landscape,74,random,elastic,7.0,0.15924720943249887,0.2555260098757728,0.2619487319070643,1,plain
2,landscape,74,shuffled,elastic,6.0,0.10829067650122813,0.09805186338272573,0.12448777329460836,1,plain
2,landscape,74,pca,elastic,6.0,0.2854060422337882,0.3086799046305456,0.3310135168329658,1,plain
2,landscape,74,emotion,elastic,4.0,0.1975699267631666,0.3034307664141107,0.28136090429291305,1,plain
2,landscape,83,population,lasso,,0.3105859881142208,0.5580393142182419,0.5792415359814705,1,plain
2,landscape,83,identity,lasso,3.0,0.018910064593395524,0.2473164331281182,0.27652012027537803,1,plain
2,landscape,83,random,lasso,7.0,0.40130954944343555,0.4840998872362322,0.515611768972634,1,plain
2,landscape,83,shuffled,lasso,7.0,0.2420732881973346,0.3849751688351037,0.34916775337735084,1,plain
2,landscape,83,pca,lasso,5.0,0.3427268485977885,0.4338857347794796,0.5116012574133582,1,plain
2,landscape,83,emotion,lasso,2.0,0.2521142186751436,0.4281499541250219,0.48721259301600295,1,plain
2,landscape,83,population,elastic,,0.34126386392524816,0.5489663520920997,0.5852315565281586,1,plain
2,landscape,83,identity,elastic,21.0,0.16529804734578293,0.3221944423990391,0.31697330402226415,1,plain
2,landscape,83,random,elastic,7.0,0.4012316302301543,0.4840998872362322,0.5156073276175458,1,plain
2,landscape,83,shuffled,elastic,7.0,0.24200443213613626,0.3871651941758967,0.3493050372702393,1,plain
2,landscape,83,pca,elastic,5.0,0.3385475176175661,0.43607576012027255,0.511200658255992,1,plain
2,landscape,83,emotion,elastic,4.0,0.2445995898141238,0.4715854567174154,0.517681595546635,1,plain
2,landscape,87,population,lasso,,0.32989095216641273,0.5621620147766427,0.49640546753904835,1,plain
2,landscape,87,identity,lasso,13.0,0.17658295833871215,0.4384002241037023,0.4260816737450496,1,plain
2,landscape,87,random,lasso,7.0,0.10667241996958969,0.06606305216414753,0.13295086092475802,1,plain
2,landscape,87,shuffled,lasso,7.0,0.31356754653718294,0.47366056430352016,0.42492791092400084,1,plain
2,landscape,87,pca,lasso,7.0,0.4619558049657746,0.6217139245743466,0.5814647479651625,1,plain
2,landscape,87,emotion,lasso,3.0,0.30361396337618285,0.5159829896854039,0.48032789272294285,1,plain
2,landscape,87,population,elastic,,0.35144085118164586,0.5577544722516655,0.49165925463699595,1,plain
2,landscape,87,identity,elastic,41.0,0.2989217422954848,0.46925302177854294,0.4462063616174061,1,plain
2,landscape,87,random,elastic,7.0,0.10668599480266108,0.06606305216414753,0.1329858266152333,1,plain
2,landscape,87,shuffled,elastic,7.0,0.3134801005938249,0.4755137355924311,0.42503424528879274,1,plain
2,landscape,87,pca,elastic,7.0,0.45738261747838055,0.625670695704724,0.5818082999291151,1,plain
2,landscape,87,emotion,elastic,5.0,0.2959510636325087,0.5358670167583126,0.5104746402531211,1,plain
2,landscape,93,population,lasso,,0.3804695516723143,0.691738136764214,0.7058377638260072,1,plain
2,landscape,93,identity,lasso,12.0,0.4392970014054016,0.6228865228648593,0.6237996362991229,1,plain
2,landscape,93,random,lasso,7.0,0.2656003042028803,0.39481864989802684,0.3887541598565318,1,plain
2,landscape,93,shuffled,lasso,7.0,0.5534039314320172,0.6050416121350051,0.6121432740460132,1,plain
2,landscape,93,pca,lasso,7.0,0.5440409072337375,0.6737445184449441,0.621184889269947,1,plain
2,landscape,93,emotion,lasso,2.0,0.546035952722872,0.6900527840841721,0.6818601423773553,1,plain
2,landscape,93,population,elastic,,0.4115082433785447,0.7052705274010203,0.7085896949439748,1,plain
2,landscape,93,identity,elastic,47.0,0.47830936734372315,0.6381042661817073,0.584165939703409,1,plain
2,landscape,93,random,elastic,7.0,0.2655534721639305,0.39481864989802684,0.38873867415872543,1,plain
2,landscape,93,shuffled,elastic,7.0,0.5530907126876803,0.6066278264221032,0.6120762088100541,1,plain
2,landscape,93,pca,elastic,7.0,0.5390204589486739,0.6752315943390987,0.6201395787114701,1,plain
2,landscape,93,emotion,elastic,5.0,0.5227377921516221,0.6935226278371994,0.689008962819187,1,plain
2,landscape,94,population,lasso,,0.3589119315679964,0.5794907372132404,0.600484788063198,1,plain
2,landscape,94,identity,lasso,20.0,0.29517224300845624,0.37763797010206623,0.37467592862040505,1,plain
2,landscape,94,random,lasso,7.0,0.06361135109928395,0.16885337882407536,0.10331137769337688,1,plain
2,landscape,94,shuffled,lasso,7.0,0.21685211641542396,0.28659675833366477,0.29032252548345316,1,plain
2,landscape,94,pca,lasso,6.0,0.42555062557237006,0.4890841290657447,0.5042879973633759,1,plain
2,landscape,94,emotion,lasso,4.0,0.4880735959157274,0.5097331545767547,0.5323708717459632,1,plain
2,landscape,94,population,elastic,,0.38743208045993216,0.5665545864793924,0.6055418102424961,1,plain
2,landscape,94,identity,elastic,46.0,0.3563015408309857,0.4000931751495004,0.39700168983637535,1,plain
2,landscape,94,random,elastic,7.0,0.0636151671538881,0.16885337882407536,0.10333923759345601,1,plain
2,landscape,94,shuffled,elastic,7.0,0.21666972947248692,0.28659675833366477,0.2902995097340711,1,plain
2,landscape,94,pca,elastic,6.0,0.42198254798270785,0.4890841290657447,0.5045369980778834,1,plain
2,landscape,94,emotion,elastic,5.0,0.482949402374844,0.4959671375694147,0.538455893675695,1,plain
2,landscape,102,population,lasso,,0.3399870543362494,0.6790299215000138,0.6491875123311235,1,plain
2,landscape,102,identity,lasso,23.0,0.18583736374909568,0.40202671453640415,0.3860951934311762,1,plain
2,landscape,102,random,lasso,7.0,0.18302708361456663,0.39458542575300176,0.37258625239433707,1,plain
2,landscape,102,shuffled,lasso,7.0,0.11836725171744543,0.12403790640942991,0.16779760458670454,1,plain
2,landscape,102,pca,lasso,7.0,0.48570350639463306,0.7141173229157923,0.6911937909260372,1,plain
2,landscape,102,emotion,lasso,4.0,0.48695118383484803,0.6756788775445743,0.6522678665424305,1,plain
2,landscape,102,population,elastic,,0.35320415522524096,0.6615847809084612,0.6324369472481024,1,plain
2,landscape,102,identity,elastic,48.0,0.3055169810994621,0.4857535333642236,0.4345142322850756,1,plain
2,landscape,102,random,elastic,7.0,0.1829880226992112,0.39458542575300176,0.37261190485277784,1,plain
2,landscape,102,shuffled,elastic,7.0,0.11827968987056596,0.12403790640942991,0.16777939986759657,1,plain
2,landscape,102,pca,elastic,7.0,0.4794584145817191,0.7141173229157923,0.6911329002929096,1,plain
2,landscape,102,emotion,elastic,5.0,0.4642390840378216,0.6805576033032289,0.6521081770915564,1,plain
2,landscape,112,population,lasso,,0.39817697157428555,0.4496283623957632,0.5058550450630238,1,plain
2,landscape,112,identity,lasso,10.0,0.2393978731488335,0.5991215515371229,0.6049228218792109,1,plain
2,landscape,112,random,lasso,7.0,0.22105627264070854,0.271814879822011,0.298830454192186,1,plain
2,landscape,112,shuffled,lasso,7.0,0.2795712711496218,0.363219001482114,0.3899505054551743,1,plain
2,landscape,112,pca,lasso,5.0,0.574800397823306,0.589931191763648,0.6418136836805712,1,plain
2,landscape,112,emotion,lasso,2.0,0.46705490045858516,0.5310429625629587,0.563231282458047,1,plain
2,landscape,112,population,elastic,,0.40875355498106214,0.43444428972654403,0.4931042510994045,1,plain
2,landscape,112,identity,elastic,28.0,0.4701464664618427,0.6379308425370681,0.6653312223492989,1,plain
2,landscape,112,random,elastic,7.0,0.2210136654253872,0.271814879822011,0.29882772964500837,1,plain
2,landscape,112,shuffled,elastic,7.0,0.2793932014481765,0.363219001482114,0.3899191827177122,1,plain
2,landscape,112,pca,elastic,5.0,0.5704505495669414,0.5854858546993043,0.64200530275083,1,plain
2,landscape,112,emotion,elastic,6.0,0.44821844222505947,0.5104645482875695,0.5676618217875278,1,plain
2,landscape,113,population,lasso,,0.310550555419091,0.4165581380530387,0.4341467631648882,1,plain
2,landscape,113,identity,lasso,7.0,0.09652112362064008,0.2331639686567697,0.24375628882709205,1,plain
2,landscape,113,random,lasso,7.0,0.17319729890272403,0.300529151494215,0.22127176064391013,1,plain
2,landscape,113,shuffled,lasso,7.0,-0.06631522046484414,-0.08576492680647889,-0.12343097028365374,1,plain
2,landscape,113,pca,lasso,7.0,0.34924562675121223,0.40740853859302756,0.48231098713307247,1,plain
2,landscape,113,emotion,lasso,3.0,0.2719643703311357,0.39825893913301624,0.4110695094285164,1,plain
2,landscape,113,population,elastic,,0.3094456002594301,0.4222892058466721,0.41912697022487383,1,plain
2,landscape,113,identity,elastic,32.0,0.271212656741084,0.39534313271169397,0.3778462376962273,1,plain
2,landscape,113,random,elastic,7.0,0.17318987077229367,0.300529151494215,0.22131669188249042,1,plain
2,landscape,113,shuffled,elastic,7.0,-0.06633867797021073,-0.08576492680647889,-0.12361142144398297,1,plain
2,landscape,113,pca,elastic,7.0,0.34435210626617113,0.40740853859302756,0.48217091095354414,1,plain
2,landscape,113,emotion,elastic,4.0,0.25745406860508324,0.3895115198690495,0.41079172971294403,1,plain
2,landscape,120,population,lasso,,0.349664603863766,0.5817804170578611,0.5898946131126102,1,plain
2,landscape,120,identity,lasso,12.0,0.17967825724939007,0.4564692425159561,0.4684916360647843,1,plain
2,landscape,120,random,lasso,7.0,0.09537452792452374,0.18135562070992728,0.14406712521535406,1,plain
2,landscape,120,shuffled,lasso,7.0,0.2100639081850714,0.27917045839191784,0.2535955714275135,1,plain
2,landscape,120,pca,lasso,7.0,0.4495609357508245,0.5346009100960408,0.5220246464915678,1,plain
2,landscape,120,emotion,lasso,3.0,0.5072846933846811,0.6594613250172915,0.6786091460848371,1,plain
2,landscape,120,population,elastic,,0.3760734333570986,0.5781743400926265,0.5990766870763403,1,plain
2,landscape,120,identity,elastic,35.0,0.40915522498329987,0.5269379965449171,0.5408057813872117,1,plain
2,landscape,120,random,elastic,7.0,0.0953602679389703,0.18135562070992728,0.14407399890749187,1,plain
2,landscape,120,shuffled,elastic,7.0,0.20989028509758456,0.27917045839191784,0.25355954071334946,1,plain
2,landscape,120,pca,elastic,6.0,0.44589210186543027,0.5346009100960408,0.5223184291982391,1,plain
2,landscape,120,emotion,elastic,4.0,0.47761326761983947,0.6654714532926825,0.6709014470641071,1,plain
2,landscape,121,population,lasso,,0.4834439188666796,0.7627180015255215,0.7286474388248221,1,plain
2,landscape,121,identity,lasso,14.0,0.2497929939448067,0.7109605481845908,0.6393965863122409,1,plain
2,landscape,121,random,lasso,7.0,0.313098986857516,0.576845962784452,0.5739748702777713,1,plain
2,landscape,121,shuffled,lasso,7.0,0.3206414100657891,0.41554264831314625,0.43572223674932314,1,plain
2,landscape,121,pca,lasso,7.0,0.5862749076964602,0.7316239822786776,0.7127358138189822,1,plain
2,landscape,121,emotion,lasso,3.0,0.45327166431924054,0.6903959821962171,0.6657262347325438,1,plain
2,landscape,121,population,elastic,,0.5013091866294715,0.743784759281418,0.7000676850281019,1,plain
2,landscape,121,identity,elastic,32.0,0.44327548059174887,0.7038420445732306,0.6620632071763537,1,plain
2,landscape,121,random,elastic,7.0,0.31303217334022665,0.576845962784452,0.5739804803140428,1,plain
2,landscape,121,shuffled,elastic,7.0,0.32037320686492987,0.41554264831314625,0.43579829665861025,1,plain
2,landscape,121,pca,elastic,7.0,0.5801885585635738,0.7316239822786776,0.7133493023668994,1,plain
2,landscape,121,emotion,elastic,4.0,0.42663379854099676,0.688616356293377,0.6681990295663801,1,plain
2,landscape,131,population,lasso,,0.20485700164272772,0.42519217531147396,0.385435974217834,1,plain
2,landscape,131,identity,lasso,22.0,0.09046419009743685,0.12092666198270635,0.12620754099703155,1,plain
2,landscape,131,random,lasso,7.0,-0.006690678273704327,-0.02168104938851907,-0.01267720354569252,1,plain
2,landscape,131,shuffled,lasso,7.0,0.01655703111398783,0.03079196227762708,0.031237658324270175,1,plain
2,landscape,131,pca,lasso,7.0,0.10328505409940703,0.1736920024046528,0.17070519641077675,1,plain
2,landscape,131,emotion,lasso,4.0,0.09129755262996878,0.13695602209242044,0.178348075347215,1,plain
2,landscape,131,population,elastic,,0.24539678692574712,0.44268317920018935,0.4193963127344743,1,plain
2,landscape,131,identity,elastic,58.0,0.11644248822557043,0.11834442463980407,0.12765820771948275,1,plain
2,landscape,131,random,elastic,7.0,-0.006677145175747187,-0.02168104938851907,-0.01265385648524891,1,plain
2,landscape,131,shuffled,elastic,7.0,0.016548017283110082,0.02869693952772524,0.03128102101887624,1,plain
2,landscape,131,pca,elastic,7.0,0.10212813011767115,0.17062255046875008,0.1716218393885043,1,plain
2,landscape,131,emotion,elastic,4.0,0.09553238616455863,0.20618921575778132,0.21785119585857296,1,plain
2,landscape,138,population,lasso,,0.5238598035756077,0.7033761377810577,0.7299233622326994,1,plain
2,landscape,138,identity,lasso,5.0,0.2254991303709755,0.5192749923411298,0.5361440891253981,1,plain
2,landscape,138,random,lasso,7.0,0.11911971519527434,0.3206553012852077,0.22665101832566345,1,plain
2,landscape,138,shuffled,lasso,7.0,0.3802846255118631,0.6583736355624087,0.6869064104939273,1,plain
2,landscape,138,pca,lasso,6.0,0.6878210523000262,0.7720274050236976,0.7521849798908606,1,plain
2,landscape,138,emotion,lasso,2.0,0.5536938259345926,0.7387993934077105,0.7788088326688611,1,plain
2,landscape,138,population,elastic,,0.56123913498754,0.7079661934397226,0.7379362015294673,1,plain
2,landscape,138,identity,elastic,24.0,0.4218217882379406,0.6580742841064089,0.6652945373371004,1,plain
2,landscape,138,random,elastic,7.0,0.1190949259887247,0.3206553012852077,0.22665769691996343,1,plain
2,landscape,138,shuffled,elastic,7.0,0.3797553107308222,0.6554799048210765,0.6868736410047,1,plain
2,landscape,138,pca,elastic,6.0,0.6825246829818485,0.7720274050236976,0.7524371675288871,1,plain
2,landscape,138,emotion,elastic,5.0,0.5333932498247522,0.7367039332157114,0.7870821269554671,1,plain
2,landscape,139,population,lasso,,0.28935261207544244,0.50265546630773,0.4627137897797507,1,plain
2,landscape,139,identity,lasso,14.0,0.22241256188938127,0.47998112093550876,0.4901276454183694,1,plain
2,landscape,139,random,lasso,7.0,0.15136449581544212,0.2419249808612808,0.240312961131344,1,plain
2,landscape,139,shuffled,lasso,7.0,0.18171881204723261,0.2502013617854825,0.27691982939745546,1,plain
2,landscape,139,pca,lasso,7.0,0.3699096468525768,0.476210225484837,0.4596355735368472,1,plain
2,landscape,139,emotion,lasso,1.0,0.3795528939840248,0.5530483418757984,0.533026321054071,1,plain
2,landscape,139,population,elastic,,0.2925714244971924,0.4840458523953238,0.4425049417724814,1,plain
2,landscape,139,identity,elastic,44.0,0.39511593930237865,0.5519219705074159,0.5642003426940385,1,plain
2,landscape,139,random,elastic,7.0,0.1513463960358384,0.2419249808612808,0.24033146536922087,1,plain
2,landscape,139,shuffled,elastic,7.0,0.1817014500503088,0.2502013617854825,0.27705756733819015,1,plain
2,landscape,139,pca,elastic,7.0,0.3664484462535661,0.4779732415396965,0.459867164613027,1,plain
2,landscape,139,emotion,elastic,3.0,0.3509352429812328,0.5448699062879778,0.5267317897894892,1,plain
3,art,0,population,lasso,,0.2859277713207062,0.27953359394704547,0.3889485026837745,1,plain
3,art,0,identity,lasso,6.0,0.10168652235599901,0.24800084097131164,0.2722695729150449,1,plain
3,art,0,random,lasso,7.0,0.20001677998040882,0.2275972949281898,0.25039907389917787,1,plain
3,art,0,shuffled,lasso,3.0,0.25171522018823156,0.2940717471473043,0.38138977788549605,1,plain
3,art,0,pca,lasso,5.0,0.24967205790932334,0.3048500331405996,0.386293939110428,1,plain
3,art,0,emotion,lasso,4.0,0.3968385827225728,0.39608947736291356,0.48200843835422086,1,plain
3,art,0,population,elastic,,0.2860641657513756,0.27953359394704547,0.3903950136627929,1,plain
3,art,0,identity,elastic,7.0,0.08217384117206754,0.2508082084858444,0.2656194358115887,1,plain
3,art,0,random,elastic,7.0,0.19939323303402853,0.22594295335712583,0.2503347186533117,1,plain
3,art,0,shuffled,elastic,6.0,0.2787827329647478,0.3128710831821217,0.3880967010215942,1,plain
3,art,0,pca,elastic,5.0,0.23360489770243792,0.30530121720543524,0.38670128335124315,1,plain
3,art,0,emotion,elastic,6.0,0.4706877195177368,0.4762498462153751,0.5085903179414123,1,plain
3,art,9,population,lasso,,0.4833865088673348,0.5573028576138034,0.5379830425283912,1,plain
3,art,9,identity,lasso,11.0,0.3178101012458965,0.4753256668342743,0.48306513409571444,1,plain
3,art,9,random,lasso,7.0,0.18965780091811205,0.3009212225892119,0.2687051680768498,1,plain
3,art,9,shuffled,lasso,3.0,0.3694717171431709,0.48907307939693045,0.4647142979118281,1,plain
3,art,9,pca,lasso,4.0,0.3875873466377312,0.5200174397778171,0.5156969025608585,1,plain
3,art,9,emotion,lasso,4.0,0.44513940688019915,0.4979505598340701,0.48401719065588406,1,plain
3,art,9,population,elastic,,0.4803122419514332,0.5593319959994354,0.5362852169070336,1,plain
3,art,9,identity,elastic,14.0,0.28336435531919346,0.4799926851212277,0.48922776076240887,1,plain
3,art,9,random,elastic,7.0,0.18914565241620918,0.2962034758426177,0.26870889606536347,1,plain
3,art,9,shuffled,elastic,7.0,0.4064999754578094,0.5274237948853735,0.48725744348699035,1,plain
3,art,9,pca,elastic,4.0,0.3717770755304556,0.5169230037397284,0.5162135606645267,1,plain
3,art,9,emotion,elastic,7.0,0.45326332903584116,0.5044438026680922,0.49068765745088333,1,plain
3,art,10,population,lasso,,0.2310176383256404,0.5914186932371016,0.5586190230956722,1,plain
3,art,10,identity,lasso,21.0,0.2822992602139837,0.3754865096425195,0.3406417965768077,1,plain
3,art,10,random,lasso,7.0,0.08895447242611403,0.1288708018079495,0.10971440939890628,1,plain
3,art,10,shuffled,lasso,7.0,0.4141298314994591,0.47517054449048046,0.4543139577675767,1,plain
3,art,10,pca,lasso,5.0,0.3830282565863969,0.4908864959304744,0.4373231900325731,1,plain
3,art,10,emotion,lasso,4.0,0.5169005526008671,0.5389822965277888,0.5421871307533234,1,plain
3,art,10,population,elastic,,0.23016253846353904,0.58717788094377,0.5599303291073222,1,plain
3,art,10,identity,elastic,29.0,0.3047679707944365,0.40796614261850683,0.3979718816483761,1,plain
3,art,10,random,elastic,7.0,0.08890727384885123,0.1288708018079495,0.10987735845655046,1,plain
3,art,10,shuffled,elastic,6.0,0.4156051330956376,0.47372367911981444,0.4504486220503548,1,plain
3,art,10,pca,elastic,5.0,0.3654890494967868,0.48455022344514354,0.43374794727112487,1,plain
3,art,10,emotion,elastic,7.0,0.5321056465240338,0.5432730007304538,0.5467224053987405,1,plain
3,art,11,population,lasso,,0.4210703780768237,0.5611319008415085,0.6074960995777274,1,plain
3,art,11,identity,lasso,12.0,0.14813341903384905,0.18415221201193568,0.23619352245031924,1,plain
3,art,11,random,lasso,7.0,0.29376111394095106,0.3291671498436045,0.36043884843730356,1,plain
3,art,11,shuffled,lasso,5.0,0.2845951750768304,0.41394814680841435,0.47905836024514276,1,plain
3,art,11,pca,lasso,6.0,0.26755112867444725,0.35647451747064207,0.42340655410500455,1,plain
3,art,11,emotion,lasso,5.0,0.4674197524291145,0.6117047513565635,0.5970529735839579,1,plain
3,art,11,population,elastic,,0.4178259741410579,0.5616248136145597,0.6069194609665821,1,plain
3,art,11,identity,elastic,14.0,0.15138920816125728,0.20943863726946327,0.27344806831976703,1,plain
3,art,11,random,elastic,7.0,0.29306085759591155,0.3291671498436045,0.3603630199223005,1,plain
3,art,11,shuffled,elastic,7.0,0.33718563305715965,0.3907319551977019,0.44571005678608316,1,plain
3,art,11,pca,elastic,6.0,0.2540555778806527,0.3634738788479694,0.423654160703659,1,plain
3,art,11,emotion,elastic,6.0,0.47883953247058914,0.5755742450919092,0.5673289561759141,1,plain
3,art,24,population,lasso,,0.4532830944821812,0.6225113834142746,0.6296823674709773,1,plain
3,art,24,identity,lasso,7.0,0.1464988976912579,0.49218252326551554,0.47046987552585356,1,plain
3,art,24,random,lasso,6.0,0.007618337252767198,0.012159394796818728,0.012954084538340288,1,plain
3,art,24,shuffled,lasso,5.0,0.2857147629648802,0.5719878572789218,0.5751477170962288,1,plain
3,art,24,pca,lasso,5.0,0.3717679969049493,0.6741764037550433,0.6438206997901131,1,plain
3,art,24,emotion,lasso,4.0,0.46405337059563173,0.6937803259784856,0.6954345132950319,1,plain
3,art,24,population,elastic,,0.452240583592245,0.6294099788296127,0.6308993676288396,1,plain
3,art,24,identity,elastic,9.0,0.1317626140913995,0.5235487988230234,0.5236515840787107,1,plain
3,art,24,random,elastic,6.0,0.007710637802932165,0.012159394796818728,0.013160944055314249,1,plain
3,art,24,shuffled,elastic,4.0,0.31979337736247315,0.5593321606536613,0.5749118319867185,1,plain
3,art,24,pca,elastic,5.0,0.3490804015018775,0.6799335049649655,0.6464657894002405,1,plain
3,art,24,emotion,elastic,7.0,0.45131585489896914,0.6288640468183269,0.6379869125035829,1,plain
3,art,28,population,lasso,,0.48130802494115027,0.6397298475229632,0.6340000173783884,1,plain
3,art,28,identity,lasso,15.0,0.22624147722852206,0.5017705406935914,0.4372570364445265,1,plain
3,art,28,random,lasso,7.0,0.13468330348497717,0.12466504635308683,0.15785499282819848,1,plain
3,art,28,shuffled,lasso,3.0,0.24432570514146162,0.28123631784925746,0.3539015572216147,1,plain
3,art,28,pca,lasso,6.0,0.3309921347298862,0.47061682086048595,0.49406762608109933,1,plain
3,art,28,emotion,lasso,5.0,0.39828948112048196,0.5478238656642689,0.5172840204139076,1,plain
3,art,28,population,elastic,,0.47806547339032635,0.6347131454564404,0.6322583735434861,1,plain
3,art,28,identity,elastic,18.0,0.20835196950128126,0.4836100792127795,0.44301784498525953,1,plain
3,art,28,random,elastic,7.0,0.1341827460106297,0.12466504635308683,0.15787075619063345,1,plain
3,art,28,shuffled,elastic,5.0,0.2528362477805626,0.2762697828034001,0.34391764445568246,1,plain
3,art,28,pca,elastic,6.0,0.31519957671944876,0.47392784422439094,0.4938864473436053,1,plain
3,art,28,emotion,elastic,7.0,0.4228908932877332,0.5451650135690119,0.5193222558134835,1,plain
3,art,31,population,lasso,,0.28957338393966087,0.537736128651984,0.5854556247969157,1,plain
3,art,31,identity,lasso,19.0,0.2956393426729375,0.2895578380535812,0.3591964382683006,1,plain
3,art,31,random,lasso,7.0,0.20662839970326385,0.25669178600784137,0.253465617005571,1,plain
3,art,31,shuffled,lasso,5.0,0.32649060357508436,0.3610810989061325,0.3973640025481111,1,plain
3,art,31,pca,lasso,6.0,0.43722367316106575,0.350587720843336,0.5073221411532474,1,plain
3,art,31,emotion,lasso,6.0,0.6177628245598986,0.6225246032820325,0.6596597842314267,1,plain
3,art,31,population,elastic,,0.28770857018423,0.5377856257183179,0.583787229824599,1,plain
3,art,31,identity,elastic,26.0,0.2967844730874052,0.324255281553677,0.3849433193574559,1,plain
3,art,31,random,elastic,7.0,0.20607887323800372,0.25807770386519185,0.25339477215135964,1,plain
3,art,31,shuffled,elastic,6.0,0.346059858666032,0.35261710056302775,0.4019478202198193,1,plain
3,art,31,pca,elastic,6.0,0.4230962634804646,0.35464648028271956,0.5062499194777622,1,plain
3,art,31,emotion,elastic,7.0,0.6044889157029787,0.607774477514517,0.6326755264756737,1,plain
3,art,32,population,lasso,,0.18540604427455312,0.36759854528131486,0.3764462702077465,1,plain
3,art,32,identity,lasso,12.0,0.18007542884752487,0.31999160135562105,0.2757369510450148,1,plain
3,art,32,random,lasso,7.0,0.029369544339465124,0.044945686190717135,0.05675744272090261,1,plain
3,art,32,shuffled,lasso,4.0,0.2599345616824885,0.3169360832154626,0.346125423586674,1,plain
3,art,32,pca,lasso,6.0,0.28426597037541096,0.4007164193165801,0.39451169269812647,1,plain
3,art,32,emotion,lasso,4.0,0.30851644898205816,0.37178756208637065,0.4051813377658012,1,plain
3,art,32,population,elastic,,0.18507860573385143,0.3613889438997026,0.3778987587665069,1,plain
3,art,32,identity,elastic,19.0,0.16665276366223367,0.31664038791157634,0.28865217136398874,1,plain
3,art,32,random,elastic,7.0,0.02946908523493125,0.048296899634761845,0.05715831115143459,1,plain
3,art,32,shuffled,elastic,6.0,0.28152904739999485,0.30905087511182805,0.3498998038972203,1,plain
3,art,32,pca,elastic,6.0,0.27190713380175274,0.4068767381475446,0.3955771804856766,1,plain
3,art,32,emotion,elastic,6.0,0.3412280282036641,0.4127413616746229,0.4390561253326315,1,plain
3,art,36,population,lasso,,0.33835093284699996,0.4199183440596708,0.48034277364118144,1,plain
3,art,36,identity,lasso,12.0,0.3302179852766493,0.4715761483915915,0.4842513908593418,1,plain
3,art,36,random,lasso,7.0,0.3193989180852582,0.43104464037731527,0.4152731659766259,1,plain
3,art,36,shuffled,lasso,2.0,0.1925841788853432,0.37337664919523844,0.328522472884386,1,plain
3,art,36,pca,lasso,6.0,0.37415630617504764,0.47867909648723067,0.48327972596832874,1,plain
3,art,36,emotion,lasso,5.0,0.43098401017301813,0.4703343742489972,0.5089945189047638,1,plain
3,art,36,population,elastic,,0.3365010939520392,0.4218555117221178,0.47959500839230834,1,plain
3,art,36,identity,elastic,18.0,0.28611567422444106,0.45021763313897045,0.46772933604887307,1,plain
3,art,36,random,elastic,7.0,0.31829203953234053,0.43104464037731527,0.415080546653006,1,plain
3,art,36,shuffled,elastic,5.0,0.22631715972142047,0.3879799131121468,0.3532931316874717,1,plain
3,art,36,pca,elastic,6.0,0.35935500443240664,0.49045111535902414,0.4873387960699458,1,plain
3,art,36,emotion,elastic,7.0,0.4644989305950481,0.5122566693029791,0.5222737639747759,1,plain
3,art,42,population,lasso,,0.268108266830449,0.36114140516954774,0.41225427492779926,1,plain
3,art,42,identity,lasso,9.0,0.13338423264970353,0.33699152017632067,0.3432082981371662,1,plain
3,art,42,random,lasso,7.0,0.12291994903784925,0.22726048023834589,0.2505497573467989,1,plain
3,art,42,shuffled,lasso,5.0,0.2058052182976884,0.29412547431334296,0.3181202541341498,1,plain
3,art,42,pca,lasso,5.0,0.11954383901368784,0.2522153613980137,0.28911089829780784,1,plain
3,art,42,emotion,lasso,5.0,0.3089849341482992,0.4547725217787046,0.46338762384379245,1,plain
3,art,42,population,elastic,,0.26578098965119706,0.3542989377548,0.4103870344774432,1,plain
3,art,42,identity,elastic,9.0,0.11327173445324956,0.3356834014058543,0.35489423433349315,1,plain
3,art,42,random,elastic,7.0,0.12241426466036964,0.22570080016586663,0.2505310241760711,1,plain
3,art,42,shuffled,elastic,4.0,0.23743844805476583,0.34257618108100446,0.34494626788927474,1,plain
3,art,42,pca,elastic,5.0,0.11103847198534071,0.25085693036714474,0.2900244049535234,1,plain
3,art,42,emotion,elastic,6.0,0.3327032552808754,0.43821978810626366,0.43593070853840216,1,plain
3,art,47,population,lasso,,0.37916515350144014,0.4766525822361409,0.512990873721765,1,plain
3,art,47,identity,lasso,15.0,0.2721726789452807,0.4809983579548293,0.4920159717446505,1,plain
3,art,47,random,lasso,6.0,0.1755013980416868,0.2648453997650667,0.24686044703803336,1,plain
3,art,47,shuffled,lasso,4.0,0.416289817944905,0.5046532053326901,0.5451110197028585,1,plain
3,art,47,pca,lasso,4.0,0.30158933937484667,0.39679895340524163,0.4346202588432969,1,plain
3,art,47,emotion,lasso,6.0,0.3975155787834986,0.46001023658616375,0.4859178075966185,1,plain
3,art,47,population,elastic,,0.376787755011878,0.48494906315363695,0.5123260434802067,1,plain
3,art,47,identity,elastic,17.0,0.2390519657552474,0.4766031984211558,0.4821206674318074,1,plain
3,art,47,random,elastic,6.0,0.175154880306259,0.2648453997650667,0.24694088594774571,1,plain
3,art,47,shuffled,elastic,6.0,0.4182413165648362,0.48638119378820466,0.5256283905930593,1,plain
3,art,47,pca,elastic,4.0,0.28794971715129414,0.3953668227706739,0.434932877060984,1,plain
3,art,47,emotion,elastic,7.0,0.37934704385918305,0.44015794296215544,0.4440967280290238,1,plain
3,art,54,population,lasso,,0.15486066032749884,0.20263512432395908,0.2553202925084786,1,plain
3,art,54,identity,lasso,6.0,0.023171468402289973,0.10759757634557329,0.04489653260079051,1,plain
3,art,54,random,lasso,7.0,0.03069046886320702,0.04312276406067724,0.06017000951633585,1,plain
3,art,54,shuffled,lasso,3.0,0.14041035406152202,0.25392190682330823,0.24195087209457714,1,plain
3,art,54,pca,lasso,5.0,0.14124650943780995,0.16997905056927143,0.2600644701650903,1,plain
3,art,54,emotion,lasso,4.0,0.16689722612519595,0.17599739749521548,0.262140540011045,1,plain
3,art,54,population,elastic,,0.15409273840840723,0.2134681487906583,0.2549233650795114,1,plain
3,art,54,identity,elastic,8.0,0.015907118041938468,0.07551717055771512,0.0392056038693087,1,plain
3,art,54,random,elastic,7.0,0.03058017652669036,0.04312276406067724,0.06019583074594849,1,plain
3,art,54,shuffled,elastic,5.0,0.15402940646664673,0.2010127873265307,0.1997272156035028,1,plain
3,art,54,pca,elastic,5.0,0.13337959740006441,0.1658970413499355,0.2602902172920728,1,plain
3,art,54,emotion,elastic,7.0,0.1870700860321636,0.16893238153867252,0.2598356937694239,1,plain
3,art,55,population,lasso,,0.16914543327527531,0.27577066159794056,0.247900527734967,1,plain
3,art,55,identity,lasso,10.0,0.0858157659858425,0.16512978956272567,0.1837901594913678,1,plain
3,art,55,random,lasso,7.0,0.07136507324535382,0.13001036156923126,0.131404098026552,1,plain
3,art,55,shuffled,lasso,4.0,0.2079714006643321,0.2937705912659153,0.29812439388255224,1,plain
3,art,55,pca,lasso,7.0,0.16354564100658806,0.17774930547125148,0.21226184847314697,1,plain
3,art,55,emotion,lasso,5.0,0.22522998339661554,0.30893357549708983,0.29904742378390875,1,plain
3,art,55,population,elastic,,0.1692096798419813,0.2708793763620778,0.24926093341555425,1,plain
3,art,55,identity,elastic,15.0,0.07325142252179634,0.17623300704813405,0.18011988761891543,1,plain
3,art,55,random,elastic,7.0,0.07115905156920393,0.13001036156923126,0.13138007109920277,1,plain
3,art,55,shuffled,elastic,5.0,0.22881256965639246,0.3093248783159589,0.3061295180091541,1,plain
3,art,55,pca,elastic,7.0,0.1558772705409472,0.17774930547125148,0.21190246598641566,1,plain
3,art,55,emotion,elastic,6.0,0.22735183170184906,0.29064016871496323,0.2829661061757709,1,plain
3,art,59,population,lasso,,0.32998585815611264,0.5281646608483644,0.5668198281618968,1,plain
3,art,59,identity,lasso,26.0,0.3722043639252036,0.5459354208843444,0.5907749193237856,1,plain
3,art,59,random,lasso,7.0,0.24295872714139075,0.3917912592462866,0.4217807759388699,1,plain
3,art,59,shuffled,lasso,3.0,0.37818611475546365,0.521242900723853,0.49587264820105226,1,plain
3,art,59,pca,lasso,6.0,0.4328420281853916,0.5168738464608634,0.5506699556056268,1,plain
3,art,59,emotion,lasso,5.0,0.3699975025886313,0.4967467425527094,0.5274271343727616,1,plain
3,art,59,population,elastic,,0.3291220543048584,0.5277719368696688,0.5674014210078204,1,plain
3,art,59,identity,elastic,31.0,0.36051538509880415,0.552660819019508,0.6097048866626357,1,plain
3,art,59,random,elastic,7.0,0.24254301472890694,0.3917912592462866,0.4221657120304337,1,plain
3,art,59,shuffled,elastic,6.0,0.3965294595854409,0.5204083622691247,0.4942099206646904,1,plain
3,art,59,pca,elastic,6.0,0.4163118230987951,0.5154011315407546,0.553974436794131,1,plain
3,art,59,emotion,elastic,7.0,0.42350415115596324,0.5090684573842866,0.5393016959989021,1,plain
3,art,60,population,lasso,,0.4400345565277051,0.6278644918060651,0.620400581171441,1,plain
3,art,60,identity,lasso,23.0,0.44427495148444146,0.5691444199675999,0.5845848439805769,1,plain
3,art,60,random,lasso,7.0,0.3596048729111692,0.45882785703602696,0.4222152229892832,1,plain
3,art,60,shuffled,lasso,5.0,0.42378644942930516,0.5845788449158739,0.5560630736946348,1,plain
3,art,60,pca,lasso,4.0,0.5470485923967686,0.5593989657534656,0.5911499274441891,1,plain
3,art,60,emotion,lasso,4.0,0.6257581254102493,0.7134958686825463,0.702286270272316,1,plain
3,art,60,population,elastic,,0.43797080490784057,0.6307831811392324,0.6205935898375438,1,plain
3,art,60,identity,elastic,29.0,0.43097208405984927,0.6007058402143909,0.5983586743188145,1,plain
3,art,60,random,elastic,7.0,0.3588700484675639,0.4608066294652928,0.4223387718789951,1,plain
3,art,60,shuffled,elastic,6.0,0.43113265298432196,0.5475263311778702,0.5309961581935858,1,plain
3,art,60,pca,elastic,4.0,0.5335696255500375,0.5613777381827314,0.5910664791804876,1,plain
3,art,60,emotion,elastic,6.0,0.6242729810821053,0.6904431698815987,0.6738034688400634,1,plain
3,art,67,population,lasso,,0.349475889431415,0.40350026748008927,0.37657262786279777,1,plain
3,art,67,identity,lasso,6.0,0.2220473744549248,0.3788378452139172,0.36084790213701445,1,plain
3,art,67,random,lasso,7.0,0.2525906835274723,0.2757374005385609,0.29126512834914536,1,plain
3,art,67,shuffled,lasso,3.0,0.23404815149808345,0.34228928737572595,0.312797006130749,1,plain
3,art,67,pca,lasso,6.0,0.3866937822883075,0.46209315604876566,0.4580290112390876,1,plain
3,art,67,emotion,lasso,5.0,0.2869234146286287,0.3943369471051846,0.40116329660359906,1,plain
3,art,67,population,elastic,,0.35052560054782034,0.40459986592507785,0.3784247495350142,1,plain
3,art,67,identity,elastic,8.0,0.20749123256176,0.404180971279368,0.3869202250028191,1,plain
3,art,67,random,elastic,7.0,0.2521919101425253,0.2757374005385609,0.2913924114613287,1,plain
3,art,67,shuffled,elastic,4.0,0.2822237848293345,0.4017199652358221,0.35765732616223184,1,plain
3,art,67,pca,elastic,6.0,0.3739854065500296,0.4680624047501321,0.46139260706555907,1,plain
3,art,67,emotion,elastic,7.0,0.3397680881308064,0.459789235497361,0.4362824112158788,1,plain
3,art,68,population,lasso,,0.4323951756920151,0.635230595932943,0.649006649951416,1,plain
3,art,68,identity,lasso,11.0,0.334118570142834,0.5944103638365067,0.5972301909777653,1,plain
3,art,68,random,lasso,7.0,0.554967611736454,0.640513800575461,0.6214863349163289,1,plain
3,art,68,shuffled,lasso,4.0,0.5918960093799784,0.7480718724486105,0.7430918313871119,1,plain
3,art,68,pca,lasso,4.0,0.5095741865817918,0.6709171480465551,0.6823924653201405,1,plain
3,art,68,emotion,lasso,5.0,0.5432301495872348,0.6933956885538722,0.6921503127318676,1,plain
3,art,68,population,elastic,,0.43067460502493893,0.6362772685508004,0.6504194552669421,1,plain
3,art,68,identity,elastic,13.0,0.31325038448494374,0.6168390627905926,0.6123697597162133,1,plain
3,art,68,random,elastic,7.0,0.5533247859882986,0.6378223567009706,0.621217866881568,1,plain
3,art,68,shuffled,elastic,6.0,0.6143857440283513,0.744034706636875,0.7340098213838728,1,plain
3,art,68,pca,elastic,4.0,0.4903229954239524,0.6719139791111812,0.6828486002236737,1,plain
3,art,68,emotion,elastic,7.0,0.5710839505096212,0.6833775363543807,0.6879264041986063,1,plain
3,art,75,population,lasso,,0.3433189233905979,0.4798873481081716,0.47406788177416564,1,plain
3,art,75,identity,lasso,5.0,0.17494307214480193,0.27818649055368244,0.3244339109883481,1,plain
3,art,75,random,lasso,7.0,0.08035195361987152,0.1456148715557629,0.13580407195248748,1,plain
3,art,75,shuffled,lasso,4.0,0.23734028786856828,0.4706005522869871,0.4080189701572863,1,plain
3,art,75,pca,lasso,5.0,0.3918001045247007,0.48500030311084613,0.5262533547443436,1,plain
3,art,75,emotion,lasso,5.0,0.30041173978315094,0.31689886414536145,0.34960182721672506,1,plain
3,art,75,population,elastic,,0.3421723144747849,0.4799916941286344,0.47381379842933846,1,plain
3,art,75,identity,elastic,8.0,0.15768719411323853,0.3193509956262359,0.3586346815896566,1,plain
3,art,75,random,elastic,7.0,0.08014694738612385,0.1410758196656334,0.1359256318485679,1,plain
3,art,75,shuffled,elastic,6.0,0.32652749296727585,0.4522356526855437,0.42998311891207386,1,plain
3,art,75,pca,elastic,5.0,0.37287859544066915,0.47946996402632064,0.5267877569108567,1,plain
3,art,75,emotion,elastic,6.0,0.31795061432155575,0.29362970158216894,0.34885796195654123,1,plain
3,art,76,population,lasso,,0.3097963234385821,0.4992787240501347,0.4796390962448206,1,plain
3,art,76,identity,lasso,17.0,0.3252061887871352,0.33189189296817306,0.4181342764127893,1,plain
3,art,76,random,lasso,7.0,0.0866593341733332,0.09895702356931844,0.1225003513101008,1,plain
3,art,76,shuffled,lasso,4.0,0.24415448523096647,0.2802154216274333,0.33301574012224017,1,plain
3,art,76,pca,lasso,6.0,0.49064295836408994,0.5755723424189775,0.6246776772568212,1,plain
3,art,76,emotion,lasso,4.0,0.4789333267614424,0.5278033547334922,0.5466849450059627,1,plain
3,art,76,population,elastic,,0.3092368094568529,0.5004021256010204,0.48166119344565167,1,plain
3,art,76,identity,elastic,23.0,0.3161622660907139,0.34967094359958073,0.43619791273906106,1,plain
3,art,76,random,elastic,7.0,0.08641562906335999,0.09895702356931844,0.12254360524219668,1,plain
3,art,76,shuffled,elastic,6.0,0.24212607932111826,0.24734371537760538,0.31004380703055834,1,plain
3,art,76,pca,elastic,6.0,0.4748316889008456,0.5765003697871003,0.6246157168916353,1,plain
3,art,76,emotion,elastic,6.0,0.49653554628762137,0.5298059401068099,0.5580302264450275,1,plain
3,art,82,population,lasso,,0.3751856272019769,0.6272437790328598,0.6469770697895355,1,plain
3,art,82,identity,lasso,23.0,0.5922173373436422,0.6805109202272903,0.6888677649873509,1,plain
3,art,82,random,lasso,7.0,0.34422974989711963,0.3519732546935383,0.38353274528729603,1,plain
3,art,82,shuffled,lasso,5.0,0.6304297768879724,0.6513629062098065,0.6570510536405704,1,plain
3,art,82,pca,lasso,6.0,0.6432063105589134,0.660297724576975,0.6894942150305068,1,plain
3,art,82,emotion,lasso,6.0,0.5980557705442062,0.6114247563500043,0.6297567124281381,1,plain
3,art,82,population,elastic,,0.37474541920479215,0.6347626972216246,0.649721299640922,1,plain
3,art,82,identity,elastic,33.0,0.5986236229278051,0.716836083424959,0.7208749419659358,1,plain
3,art,82,random,elastic,7.0,0.34378706709017337,0.3519732546935383,0.3836937955892738,1,plain
3,art,82,shuffled,elastic,7.0,0.6252987890321612,0.6666936874518332,0.6527392272293305,1,plain
3,art,82,pca,elastic,6.0,0.6313836302171589,0.6592235934071514,0.6898948041168806,1,plain
3,art,82,emotion,elastic,7.0,0.6188884218373002,0.6440392845973733,0.651254241500885,1,plain
3,art,84,population,lasso,,0.2134638659952733,0.26949829497921207,0.2956981759630613,1,plain
3,art,84,identity,lasso,19.0,0.22335857108044405,0.3389660347319029,0.30494107155912026,1,plain
3,art,84,random,lasso,7.0,0.17517710806796696,0.2241844223720879,0.24297917491226922,1,plain
3,art,84,shuffled,lasso,4.0,0.3138076500951419,0.3748416315216418,0.3990672169045281,1,plain
3,art,84,pca,lasso,6.0,0.13682845593020898,0.21317310058513836,0.15902418807453564,1,plain
3,art,84,emotion,lasso,4.0,0.29086037736868686,0.3548994681010373,0.30528952126473835,1,plain
3,art,84,population,elastic,,0.21256189864459551,0.26949829497921207,0.29525984776774483,1,plain
3,art,84,identity,elastic,24.0,0.22201493507359266,0.36352584922445397,0.3189811862208421,1,plain
3,art,84,random,elastic,7.0,0.1745210249161772,0.2241844223720879,0.2428637814470277,1,plain
3,art,84,shuffled,elastic,6.0,0.34443420741263353,0.3709343883069178,0.41449972690887116,1,plain
3,art,84,pca,elastic,6.0,0.131781990284892,0.21317310058513836,0.15834336319795825,1,plain
3,art,84,emotion,elastic,7.0,0.3254572282251187,0.37732805902192074,0.3437949863097823,1,plain
3,art,88,population,lasso,,0.37015098532667295,0.5487524956225437,0.5813342576006112,1,plain
3,art,88,identity,lasso,21.0,0.29527900262186635,0.3978220151627257,0.4398246799069637,1,plain
3,art,88,random,lasso,7.0,0.15682834151100145,0.26617296553997466,0.28855867499793925,1,plain
3,art,88,shuffled,lasso,3.0,0.3851863215298915,0.40431524765541405,0.43823487897446567,1,plain
3,art,88,pca,lasso,7.0,0.39072458835412266,0.44862784191849364,0.4682919553654872,1,plain
3,art,88,emotion,lasso,5.0,0.5263537044294405,0.6053576216275066,0.5804138625359593,1,plain
3,art,88,population,elastic,,0.36934927292378467,0.5499916621287819,0.5820039414035932,1,plain
3,art,88,identity,elastic,28.0,0.31075683876440785,0.4400032430350755,0.48331595976643477,1,plain
3,art,88,random,elastic,7.0,0.15618640513551915,0.26339723256600106,0.2882894709616558,1,plain
3,art,88,shuffled,elastic,4.0,0.4024021945138901,0.4219609787042466,0.44532857934219505,1,plain
3,art,88,pca,elastic,7.0,0.3770766003478865,0.4496191751234842,0.4692634762530506,1,plain
3,art,88,emotion,elastic,7.0,0.5428309613146206,0.5906363235333965,0.5749416308436842,1,plain
3,art,95,population,lasso,,0.291883045254656,0.42955863400840066,0.49043583199620444,1,plain
3,art,95,identity,lasso,21.0,0.4329313231188739,0.5006693511856742,0.6249287108107068,1,plain
3,art,95,random,lasso,7.0,0.23348610201161563,0.33289796090497686,0.35362488129729497,1,plain
3,art,95,shuffled,lasso,4.0,0.4758482038354128,0.5178357278235565,0.6187848558041993,1,plain
3,art,95,pca,lasso,7.0,0.4281926115838686,0.4792113803883215,0.5747819158630055,1,plain
3,art,95,emotion,lasso,7.0,0.3701241476695859,0.3947767604136219,0.48480695811904245,1,plain
3,art,95,population,elastic,,0.2913637172554298,0.426764107578978,0.4916845482888522,1,plain
3,art,95,identity,elastic,26.0,0.4129254517966598,0.514142960756105,0.6262207801035773,1,plain
3,art,95,random,elastic,7.0,0.2327259661730118,0.33289796090497686,0.3535439036845823,1,plain
3,art,95,shuffled,elastic,7.0,0.48836984441844433,0.5156899307438212,0.6230921309422119,1,plain
3,art,95,pca,elastic,7.0,0.40909127579924076,0.47252447786077434,0.5747461889607881,1,plain
3,art,95,emotion,elastic,7.0,0.39083174267846316,0.3910340910885023,0.4796185004948299,1,plain
3,art,96,population,lasso,,0.4541788298135938,0.6358364345983772,0.6802265539546998,1,plain
3,art,96,identity,lasso,12.0,0.42226863171376433,0.5043349044194408,0.5951215269183088,1,plain
3,art,96,random,lasso,7.0,0.1662118563756545,0.20865302583698198,0.280222678166836,1,plain
3,art,96,shuffled,lasso,3.0,0.5595100961799961,0.5670389225466168,0.6528732248584179,1,plain
3,art,96,pca,lasso,6.0,0.4875577588623978,0.6022239358530884,0.6526354765794666,1,plain
3,art,96,emotion,lasso,5.0,0.601808234452513,0.6060077990159354,0.6555442339881015,1,plain
3,art,96,population,elastic,,0.45056297068531637,0.6305291979543842,0.6799245523739165,1,plain
3,art,96,identity,elastic,18.0,0.40427484963301497,0.5494955569734179,0.621416393050137,1,plain
3,art,96,random,elastic,7.0,0.1656332257660635,0.20865302583698198,0.2801809369215921,1,plain
3,art,96,shuffled,elastic,6.0,0.5791184046337625,0.5614368394224021,0.6420893746042144,1,plain
3,art,96,pca,elastic,6.0,0.4675394841868093,0.603255898533865,0.6526722862632316,1,plain
3,art,96,emotion,elastic,7.0,0.5850459289635644,0.5591272086606643,0.6209897889996199,1,plain
3,art,107,population,lasso,,0.37102246776937203,0.45535445493828774,0.4955707087600696,1,plain
3,art,107,identity,lasso,18.0,0.42385959630497305,0.5695879988159112,0.6391089067062955,1,plain
3,art,107,random,lasso,7.0,0.2838217434782839,0.28528766208676987,0.3425323582652398,1,plain
3,art,107,shuffled,lasso,5.0,0.32828378380923195,0.39433774783684333,0.4129916670882708,1,plain
3,art,107,pca,lasso,7.0,0.5517914309523786,0.5617881284906456,0.6478126717544884,1,plain
3,art,107,emotion,lasso,4.0,0.45263616242874855,0.4976613465126712,0.5332749718052544,1,plain
3,art,107,population,elastic,,0.36916816245100387,0.456539245367442,0.495766627993024,1,plain
3,art,107,identity,elastic,21.0,0.40088003560025703,0.5686500397261641,0.6364272523654121,1,plain
3,art,107,random,elastic,7.0,0.28332256523651966,0.2866205513195684,0.34262415108564015,1,plain
3,art,107,shuffled,elastic,6.0,0.3552370072806186,0.40179205428693887,0.4087625720580101,1,plain
3,art,107,pca,elastic,7.0,0.5345629888800528,0.569341167476504,0.6482512608992517,1,plain
3,art,107,emotion,elastic,7.0,0.4867045030502662,0.49381077761791986,0.537901891809598,1,plain
3,art,122,population,lasso,,0.31005430541720913,0.5454237663111605,0.6045333169611645,1,plain
3,art,122,identity,lasso,16.0,0.27964099684973553,0.40441416405277764,0.5167943159764187,1,plain
3,art,122,random,lasso,7.0,0.22488124446000035,0.40942390958755825,0.39196252588629205,1,plain
3,art,122,shuffled,lasso,4.0,0.2487339461953324,0.3076081988659881,0.42572843281456574,1,plain
3,art,122,pca,lasso,7.0,0.390004824365936,0.45598507396963656,0.5186215480217242,1,plain
3,art,122,emotion,lasso,3.0,0.572549240336022,0.6451766406360563,0.6895195948202307,1,plain
3,art,122,population,elastic,,0.3076207890783399,0.5441958875036162,0.6023523927018113,1,plain
3,art,122,identity,elastic,18.0,0.25170031443669455,0.40677169136326263,0.5164083259716429,1,plain
3,art,122,random,elastic,7.0,0.22422788621204845,0.4106517883951025,0.39221195555702976,1,plain
3,art,122,shuffled,elastic,5.0,0.2719039158093937,0.30500509579399426,0.4236294656720318,1,plain
3,art,122,pca,elastic,7.0,0.37330086339639357,0.4613386255705295,0.520271986648304,1,plain
3,art,122,emotion,elastic,7.0,0.5725173859051716,0.652298337719813,0.6891132330714466,1,plain
3,art,123,population,lasso,,0.37873939700680587,0.44708902515708693,0.5261363335571717,1,plain
3,art,123,identity,lasso,21.0,0.29429239424110837,0.37114865773020583,0.4126363976171202,1,plain
3,art,123,random,lasso,7.0,0.2579424084422814,0.3159237941782357,0.3156771023978286,1,plain
3,art,123,shuffled,lasso,6.0,0.33693504824881904,0.48772898741287873,0.4635329146964949,1,plain
3,art,123,pca,lasso,5.0,0.4265808017924708,0.48758066638274816,0.4836501542985685,1,plain
3,art,123,emotion,lasso,5.0,0.46368881325281613,0.46409650327873214,0.5257761431490212,1,plain
3,art,123,population,elastic,,0.3769586493613039,0.4504015281633376,0.526929705674104,1,plain
3,art,123,identity,elastic,27.0,0.3020396688347491,0.41702929638394653,0.4506555198869906,1,plain
3,art,123,random,elastic,7.0,0.25739489092492557,0.3159237941782357,0.31559263550319944,1,plain
3,art,123,shuffled,elastic,7.0,0.40094004747843903,0.5342523505305189,0.49604376310211384,1,plain
3,art,123,pca,elastic,5.0,0.4155473443292663,0.4856030526476731,0.4852305942041518,1,plain
3,art,123,emotion,elastic,6.0,0.5001737566434888,0.49114037110588316,0.5331189651529793,1,plain
3,art,132,population,lasso,,0.3586818379268681,0.5515666704718265,0.6395124037779695,1,plain
3,art,132,identity,lasso,15.0,0.2142998395150541,0.42602609639925865,0.4639317583065557,1,plain
3,art,132,random,lasso,7.0,0.19580905678331487,0.3045943029449963,0.3624322043312328,1,plain
3,art,132,shuffled,lasso,3.0,0.3656290167989153,0.4760740145330781,0.5579829092730815,1,plain
3,art,132,pca,lasso,7.0,0.3059311694983111,0.3351378889870998,0.43806428120499474,1,plain
3,art,132,emotion,lasso,5.0,0.5102133610034622,0.5990404127965872,0.633036389743175,1,plain
3,art,132,population,elastic,,0.35635103133940926,0.5547348868522068,0.6394621931802142,1,plain
3,art,132,identity,elastic,17.0,0.1852066557617915,0.4078583555930156,0.45160343180768164,1,plain
3,art,132,random,elastic,7.0,0.19514650415496512,0.3045943029449963,0.36248576069936705,1,plain
3,art,132,shuffled,elastic,7.0,0.3980910598498604,0.4510253037756966,0.5358308817981114,1,plain
3,art,132,pca,elastic,7.0,0.2908208571248847,0.340880281176539,0.44108602708951566,1,plain
3,art,132,emotion,elastic,7.0,0.5496745234409708,0.625821741886989,0.6617117803330339,1,plain
3,art,140,population,lasso,,0.3582149473321485,0.47374096079774614,0.5004064863963803,1,plain
3,art,140,identity,lasso,16.0,0.35145425963182836,0.48783630143106077,0.5010941376695173,1,plain
3,art,140,random,lasso,6.0,0.2239029989955149,0.2485592994606462,0.287520843738518,1,plain
3,art,140,shuffled,lasso,5.0,0.37235864652969175,0.41824362659689057,0.4308646088713806,1,plain
3,art,140,pca,lasso,6.0,0.39057981597239494,0.43587508055981716,0.459827749698806,1,plain
3,art,140,emotion,lasso,5.0,0.5339199048397834,0.594803729651825,0.5947424908654824,1,plain
3,art,140,population,elastic,,0.35787177422360955,0.4740356369085471,0.5020970266595212,1,plain
3,art,140,identity,elastic,21.0,0.3373114664247813,0.4816481031042397,0.4959798811893675,1,plain
3,art,140,random,elastic,6.0,0.22363411736510455,0.24630011594450518,0.28788181854623773,1,plain
3,art,140,shuffled,elastic,7.0,0.3920928815535458,0.45723909859288997,0.4412181587649879,1,plain
3,art,140,pca,elastic,6.0,0.37484699649939374,0.4236951346467091,0.4578025856125741,1,plain
3,art,140,emotion,elastic,7.0,0.5685346626269907,0.5582638919125006,0.6163968156005823,1,plain
3,art,141,population,lasso,,0.34720655942359036,0.49914000888201193,0.4787845969955651,1,plain
3,art,141,identity,lasso,16.0,0.20137208810852267,0.504207674834674,0.45810629844244805,1,plain
3,art,141,random,lasso,7.0,0.10551264367695226,0.23366455783710588,0.17626335145436328,1,plain
3,art,141,shuffled,lasso,3.0,0.3186243343626795,0.4526780418308716,0.45920654587770576,1,plain
3,art,141,pca,lasso,4.0,0.2923999086498766,0.49382146837723767,0.4783438735733067,1,plain
3,art,141,emotion,lasso,4.0,0.42347459640144464,0.529696529329252,0.5024601380614624,1,plain
3,art,141,population,elastic,,0.3466480823876351,0.5019498038656661,0.4802048711443243,1,plain
3,art,141,identity,elastic,19.0,0.17609192941442456,0.5105297135478961,0.4752445562623532,1,plain
3,art,141,random,elastic,7.0,0.10518233910244933,0.23366455783710588,0.17623356402792573,1,plain
3,art,141,shuffled,elastic,5.0,0.3711482092892184,0.45443416369565554,0.4823006479060894,1,plain
3,art,141,pca,elastic,4.0,0.2756627946778192,0.4959288146149784,0.4793262300905402,1,plain
3,art,141,emotion,elastic,7.0,0.41702406746528575,0.5197117221551949,0.47739482920261955,1,plain
3,fashion,0,population,lasso,,0.25688510028034056,0.2876837186994515,0.352695150887264,1,plain
3,fashion,0,identity,lasso,44.0,0.41435046575825685,0.38106664746883867,0.4312930105966585,1,plain
3,fashion,0,random,lasso,4.0,0.03813321849960496,0.19460218722571596,0.14341781219253666,1,plain
3,fashion,0,shuffled,lasso,4.0,0.03339834323160844,0.10795046472588114,0.10810004182355212,1,plain
3,fashion,0,pca,lasso,7.0,0.2400791845075661,0.3428394238036942,0.3338303497915403,1,plain
3,fashion,0,emotion,lasso,6.0,0.24879167605212746,0.38272433259492245,0.39163847257779466,1,plain
3,fashion,0,population,elastic,,0.2534142714821691,0.2823590331429399,0.3506531090819079,1,plain
3,fashion,0,identity,elastic,52.0,0.39086936105778486,0.3716228655384219,0.4146349523000355,1,plain
3,fashion,0,random,elastic,3.0,0.03466381414996017,0.19068402238224513,0.1414824067218577,1,plain
3,fashion,0,shuffled,elastic,6.0,0.05465576803420452,0.14537396226928803,0.13215610771836564,1,plain
3,fashion,0,pca,elastic,7.0,0.2422881447134501,0.3428394238036942,0.3345432326272469,1,plain
3,fashion,0,emotion,elastic,5.0,0.23109554322761658,0.39533278612968104,0.39105399902497834,1,plain
3,fashion,9,population,lasso,,0.2642391645373035,0.3089588166470588,0.3457890210854541,1,plain
3,fashion,9,identity,lasso,46.0,0.14054191488389986,0.1368610956386971,0.18301856872028208,1,plain
3,fashion,9,random,lasso,6.0,0.03269233170378678,0.07174994006431695,0.09674795204401299,1,plain
3,fashion,9,shuffled,lasso,4.0,-0.0442100146641488,-0.2516609997416043,-0.20080931196156884,1,plain
3,fashion,9,pca,lasso,7.0,0.10995907664986392,0.14927051587757897,0.15989592794660334,1,plain
3,fashion,9,emotion,lasso,6.0,0.18700412285505538,0.24476687738666988,0.2503889632058557,1,plain
3,fashion,9,population,elastic,,0.2623702423993421,0.3100823032530481,0.3461399052600613,1,plain
3,fashion,9,identity,elastic,47.0,0.1520217572356178,0.17470216723133689,0.20716716394650092,1,plain
3,fashion,9,random,elastic,6.0,0.029738877353255234,0.07174994006431695,0.09400562010445632,1,plain
3,fashion,9,shuffled,elastic,5.0,-0.0600201845123068,-0.2382812956157316,-0.19868116895649504,1,plain
3,fashion,9,pca,elastic,7.0,0.11076330605028918,0.14656393450860475,0.1599621737129741,1,plain
3,fashion,9,emotion,elastic,6.0,0.18526334546696213,0.2531930269315896,0.2492890274632499,1,plain
3,fashion,10,population,lasso,,0.2050808651022812,0.49535853266384117,0.5100929301425051,1,plain
3,fashion,10,identity,lasso,78.0,0.2977109208482619,0.2830900640448862,0.3008959809904741,1,plain
3,fashion,10,random,lasso,5.0,0.12261996559212417,0.20848935368631702,0.21786423032745714,1,plain
3,fashion,10,shuffled,lasso,4.0,0.19525136252898764,0.1986243913296904,0.2583085899351988,1,plain
3,fashion,10,pca,lasso,7.0,0.2570127865868079,0.32250083405668284,0.3392986244546473,1,plain
3,fashion,10,emotion,lasso,7.0,0.4306842524770206,0.5328061260872545,0.5150334701900893,1,plain
3,fashion,10,population,elastic,,0.20364810055254787,0.4959474856403562,0.5119525510478632,1,plain
3,fashion,10,identity,elastic,97.0,0.28587982411574403,0.2900102615189376,0.2928689425369989,1,plain
3,fashion,10,random,elastic,6.0,0.11622903570805154,0.21388808930437136,0.21872869556750427,1,plain
3,fashion,10,shuffled,elastic,7.0,0.20037814109592975,0.20436668285071183,0.26366416845370927,1,plain
3,fashion,10,pca,elastic,7.0,0.25769423058071894,0.32250083405668284,0.3395885370455878,1,plain
3,fashion,10,emotion,elastic,7.0,0.4257213927418997,0.5393827676583389,0.5143356681712833,1,plain
3,fashion,11,population,lasso,,0.4193474808650639,0.6358153402604962,0.6102960919893625,1,plain
3,fashion,11,identity,lasso,58.0,0.2794900472693025,0.34099788482982807,0.32078869649381264,1,plain
3,fashion,11,random,lasso,4.0,0.06443374938392106,0.20793647498607779,0.19836282381867656,1,plain
3,fashion,11,shuffled,lasso,4.0,0.012121270730640536,0.10262317644257793,0.06755011130711686,1,plain
3,fashion,11,pca,lasso,7.0,0.4002829790508182,0.48491941722915216,0.47340675628050677,1,plain
3,fashion,11,emotion,lasso,5.0,0.4971160378559018,0.4993165521766789,0.5145038890577817,1,plain
3,fashion,11,population,elastic,,0.416165206610266,0.6312819863496832,0.6105261113518876,1,plain
3,fashion,11,identity,elastic,63.0,0.30288184343572894,0.37726471611633133,0.35928470214120933,1,plain
3,fashion,11,random,elastic,4.0,0.059984209752442834,0.2081357432898498,0.195505944247421,1,plain
3,fashion,11,shuffled,elastic,5.0,0.05965353129132757,0.29058300397551307,0.22984977221344338,1,plain
3,fashion,11,pca,elastic,7.0,0.40182043985493343,0.4798878925589093,0.47396578958452895,1,plain
3,fashion,11,emotion,elastic,5.0,0.49175136301353956,0.5044477109988078,0.5132446357152974,1,plain
3,fashion,24,population,lasso,,0.3127051493015038,0.4420606899533609,0.49895664473611223,1,plain
3,fashion,24,identity,lasso,59.0,0.021336747739145158,-0.017777516640630837,0.023551808606209507,1,plain
3,fashion,24,random,lasso,6.0,0.08370420891259524,0.19240027457287381,0.13528841850407622,1,plain
3,fashion,24,shuffled,lasso,5.0,0.08977449799521413,0.29524114118582545,0.33081393999441433,1,plain
3,fashion,24,pca,lasso,7.0,0.225722515245501,0.33157135687874256,0.3767763650319818,1,plain
3,fashion,24,emotion,lasso,7.0,0.1165209145122253,0.15948086149124058,0.20937025030427825,1,plain
3,fashion,24,population,elastic,,0.3084647657390253,0.43771966844809057,0.4968343304752577,1,plain
3,fashion,24,identity,elastic,70.0,0.040593813670657064,0.0025322625447410196,0.046373195832030124,1,plain
3,fashion,24,random,elastic,5.0,0.07600995950347886,0.1835115162525584,0.1356972142870472,1,plain
3,fashion,24,shuffled,elastic,6.0,0.14542946246185615,0.3541550044716369,0.38670872341055096,1,plain
3,fashion,24,pca,elastic,7.0,0.22659043627710257,0.32893573667911413,0.3758503618908624,1,plain
3,fashion,24,emotion,elastic,6.0,0.13414376267891112,0.20521662377890998,0.26172309411925837,1,plain
3,fashion,28,population,lasso,,0.31322165218538284,0.4643147270636995,0.4267887728181428,1,plain
3,fashion,28,identity,lasso,58.0,0.21074927331659588,0.2500195257096008,0.2275359278378059,1,plain
3,fashion,28,random,lasso,5.0,0.20011152300736457,0.2073431666428717,0.2818202660742223,1,plain
3,fashion,28,shuffled,lasso,4.0,0.30194435048599794,0.3605416541844355,0.39163566565258706,1,plain
3,fashion,28,pca,lasso,7.0,0.447062616024298,0.5712339762356355,0.5212926174687493,1,plain
3,fashion,28,emotion,lasso,5.0,0.3500912060341417,0.4331574328104632,0.3958469711376772,1,plain
3,fashion,28,population,elastic,,0.3118156213409621,0.4656848360943793,0.4276236945463795,1,plain
3,fashion,28,identity,elastic,64.0,0.2337872661789431,0.25291197810770255,0.25608319121816386,1,plain
3,fashion,28,random,elastic,6.0,0.19557138840053492,0.2102863638198875,0.29200905636503505,1,plain
3,fashion,28,shuffled,elastic,5.0,0.31666857552003436,0.3494792923811692,0.38966347970784937,1,plain
3,fashion,28,pca,elastic,7.0,0.4483967760095407,0.5796576095353704,0.5223014001741959,1,plain
3,fashion,28,emotion,elastic,6.0,0.35406414826514176,0.4277784862455723,0.4028798195137159,1,plain
3,fashion,31,population,lasso,,0.05437269680218667,0.22138884759162702,0.1414332465003146,1,plain
3,fashion,31,identity,lasso,63.0,0.03783003712511346,0.02688398082897661,0.0452394067919187,1,plain
3,fashion,31,random,lasso,6.0,-0.023316344721757393,-0.07433494152711564,-0.06869860142604155,1,plain
3,fashion,31,shuffled,lasso,3.0,0.023364941636776368,0.12065961523241961,0.11934721142211659,1,plain
3,fashion,31,pca,lasso,7.0,0.02582856726951976,0.027128825827419017,0.07097343468091924,1,plain
3,fashion,31,emotion,lasso,4.0,-0.09240537796310797,-0.33166703489008836,-0.3456184767854059,1,plain
3,fashion,31,population,elastic,,0.05266132320308208,0.2220254445875773,0.13817583248417586,1,plain
3,fashion,31,identity,elastic,79.0,0.03172181160207829,0.0017139149890968693,0.03978552067389867,1,plain
3,fashion,31,random,elastic,6.0,-0.015599239294840847,-0.060182900617144354,-0.050357491180347,1,plain
3,fashion,31,shuffled,elastic,6.0,0.028968089933068947,0.11938642124051908,0.11184943704602537,1,plain
3,fashion,31,pca,elastic,7.0,0.026544568113781815,0.028108205821188656,0.07215456041516863,1,plain
3,fashion,31,emotion,elastic,5.0,-0.08773492947938097,-0.34292990481843927,-0.3496093738137723,1,plain
3,fashion,32,population,lasso,,0.09976105919038855,0.2352497268931556,0.2238088732273937,1,plain
3,fashion,32,identity,lasso,66.0,0.050126823479417944,0.07084307837839483,0.05868011050663997,1,plain
3,fashion,32,random,lasso,6.0,0.012287982418723734,-0.019990132233408044,0.03490894935667469,1,plain
3,fashion,32,shuffled,lasso,4.0,0.06317601466368623,0.2598717190343045,0.2634460361961076,1,plain
3,fashion,32,pca,lasso,7.0,0.11596481499217016,0.18532315272971697,0.18950897106366646,1,plain
3,fashion,32,emotion,lasso,5.0,0.12378726593327978,0.24573235721067443,0.1990545510231914,1,plain
3,fashion,32,population,elastic,,0.09793686886962653,0.22613227633791827,0.22159425405090558,1,plain
3,fashion,32,identity,elastic,81.0,0.08425492076550371,0.1197457677201223,0.10103153688442762,1,plain
3,fashion,32,random,elastic,6.0,0.013562728173173416,-0.010628899577763301,0.041520842169171124,1,plain
3,fashion,32,shuffled,elastic,6.0,0.07125814964635704,0.25275328170240796,0.24521548614900976,1,plain
3,fashion,32,pca,elastic,7.0,0.11662313274363281,0.19400179550422095,0.1896232207272226,1,plain
3,fashion,32,emotion,elastic,5.0,0.12504378434108615,0.24865774241556343,0.20309010892236917,1,plain
3,fashion,36,population,lasso,,0.2775569670611325,0.33340553322798266,0.40700704621973094,1,plain
3,fashion,36,identity,lasso,47.0,0.1241763602142927,0.2285200514890484,0.2007972198858205,1,plain
3,fashion,36,random,lasso,3.0,0.021127345198727616,0.05346225361278064,0.055583616083691174,1,plain
3,fashion,36,shuffled,lasso,4.0,-0.0073145290971332825,-0.006514935091417918,-0.044836090471366954,1,plain
3,fashion,36,pca,lasso,6.0,0.05750965358097862,0.13447621745949656,0.13067085890697086,1,plain
3,fashion,36,emotion,lasso,3.0,0.12336834230941789,0.4023842734707052,0.415568702702223,1,plain
3,fashion,36,population,elastic,,0.27481018767030824,0.3308691844519345,0.4055438479355015,1,plain
3,fashion,36,identity,elastic,53.0,0.12752028755225725,0.23583070384354024,0.22268842785788415,1,plain
3,fashion,36,random,elastic,2.0,0.01827085257662337,0.05420823854691245,0.0515610738956181,1,plain
3,fashion,36,shuffled,elastic,5.0,-0.022964585153627946,-0.050677243192021826,-0.10397923830818546,1,plain
3,fashion,36,pca,elastic,7.0,0.05709022826119212,0.13348157088065415,0.12851708230195985,1,plain
3,fashion,36,emotion,elastic,3.0,0.1206873544748616,0.4012901622339785,0.41884240586062516,1,plain
3,fashion,42,population,lasso,,0.06385998492028365,0.22601285886513886,0.14971205503937926,1,plain
3,fashion,42,identity,lasso,48.0,0.15521284202320787,0.3074634359047534,0.1984331046019143,1,plain
3,fashion,42,random,lasso,4.0,0.012220944642364074,-0.002098726524947122,0.05378163920199173,1,plain
3,fashion,42,shuffled,lasso,2.0,-0.018205933837572918,-0.08884608955609483,-0.10014675805561968,1,plain
3,fashion,42,pca,lasso,7.0,0.024117937606743214,0.10993329416389686,0.060495267355780584,1,plain
3,fashion,42,emotion,lasso,7.0,0.11707738279783612,0.24979842614787293,0.24286258039014347,1,plain
3,fashion,42,population,elastic,,0.0645227653730188,0.22436385945268045,0.1526114340070316,1,plain
3,fashion,42,identity,elastic,53.0,0.13967029246565751,0.3051648306631446,0.19022787311430112,1,plain
3,fashion,42,random,elastic,4.0,0.012098097937826246,-0.0006496058291502996,0.05713286653932883,1,plain
3,fashion,42,shuffled,elastic,4.0,-0.03263530953198685,-0.10693511341397241,-0.12883412895078364,1,plain
3,fashion,42,pca,elastic,7.0,0.024328797585388164,0.10903383993891952,0.0604571534188351,1,plain
3,fashion,42,emotion,elastic,7.0,0.11278707046579943,0.25569484828939104,0.2419888479464466,1,plain
3,fashion,47,population,lasso,,0.18035851336961223,0.32708888444246054,0.41868289783498347,1,plain
3,fashion,47,identity,lasso,64.0,0.34684017966547637,0.38453460249866334,0.39128326297073707,1,plain
3,fashion,47,random,lasso,5.0,0.13135496311313097,0.4009476648004356,0.40263777027364633,1,plain
3,fashion,47,shuffled,lasso,6.0,0.04638918090985462,0.23706128378125166,0.202633924433625,1,plain
3,fashion,47,pca,lasso,7.0,0.22070833059795025,0.3364189287866227,0.39792138812856764,1,plain
3,fashion,47,emotion,lasso,7.0,0.3421122715653066,0.5078279633607855,0.5317185315498351,1,plain
3,fashion,47,population,elastic,,0.1792213776565572,0.32723542964158353,0.4205689463504924,1,plain
3,fashion,47,identity,elastic,80.0,0.3773787180131815,0.434897302597256,0.4420540594838983,1,plain
3,fashion,47,random,elastic,5.0,0.1231808488940654,0.3917641656553963,0.40556190779901824,1,plain
3,fashion,47,shuffled,elastic,7.0,0.060197053474420094,0.18811518727418094,0.20405260131284375,1,plain
3,fashion,47,pca,elastic,7.0,0.22118171872422968,0.33451384119802424,0.39686774977867156,1,plain
3,fashion,47,emotion,elastic,7.0,0.3411216949160764,0.5050436045774491,0.5356268291092495,1,plain
3,fashion,54,population,lasso,,0.06910112678379575,0.05701380877368278,0.13171781208437172,1,plain
3,fashion,54,identity,lasso,60.0,0.06382570303614014,0.08188894349169448,0.07290063891790005,1,plain
3,fashion,54,random,lasso,5.0,0.06958218036884356,0.11880364341322382,0.16148533866532716,1,plain
3,fashion,54,shuffled,lasso,4.0,0.05765250983146644,0.11974889853250825,0.16813746540167135,1,plain
3,fashion,54,pca,lasso,7.0,-0.02464581575914577,-0.1413405154677424,-0.05604482252020706,1,plain
3,fashion,54,emotion,lasso,7.0,0.0032637937572914727,-0.03686494965209332,0.007145473639419754,1,plain
3,fashion,54,population,elastic,,0.06651276708000638,0.05756106173747904,0.12806510406077956,1,plain
3,fashion,54,identity,elastic,69.0,0.042519493021442305,0.060148075748152265,0.05071360631999331,1,plain
3,fashion,54,random,elastic,5.0,0.06552357649690897,0.11357986512244135,0.16194916792169306,1,plain
3,fashion,54,shuffled,elastic,6.0,0.06306698265238868,0.10696307928745026,0.1581814381464524,1,plain
3,fashion,54,pca,elastic,7.0,-0.024868745099811452,-0.13522123232711153,-0.05601216956454224,1,plain
3,fashion,54,emotion,elastic,7.0,0.008064710659144915,-0.03582019399393683,0.018181470099404223,1,plain
3,fashion,55,population,lasso,,0.2845553907982344,0.24440984519202227,0.3986035662160131,1,plain
3,fashion,55,identity,lasso,53.0,0.15043420125267,0.16536429699497435,0.17320673706298745,1,plain
3,fashion,55,random,lasso,5.0,0.10212761954891382,0.26900740555749336,0.24211780394754853,1,plain
3,fashion,55,shuffled,lasso,3.0,-0.012275604191383392,-0.08354079023509088,-0.06181869702938112,1,plain
3,fashion,55,pca,lasso,7.0,0.20345403733853099,0.2243580352021002,0.2679425341405907,1,plain
3,fashion,55,emotion,lasso,5.0,0.22070577976316494,0.26658300535720053,0.37080665487644504,1,plain
3,fashion,55,population,elastic,,0.28210530825732344,0.2370861362536376,0.39791120893434784,1,plain
3,fashion,55,identity,elastic,59.0,0.15109435189603146,0.17814290638401786,0.18047393258404384,1,plain
3,fashion,55,random,elastic,5.0,0.09686146531929717,0.26178471329412095,0.24361943890988408,1,plain
3,fashion,55,shuffled,elastic,5.0,-0.00528821788979375,-0.04889207070590567,-0.01884546529215354,1,plain
3,fashion,55,pca,elastic,7.0,0.20469574164769636,0.22218617668933785,0.26828119884670093,1,plain
3,fashion,55,emotion,elastic,5.0,0.21791915132958042,0.2741592559831157,0.3695096771017967,1,plain
3,fashion,59,population,lasso,,0.1439293731035946,0.18714419054442333,0.3607100984094129,1,plain
3,fashion,59,identity,lasso,61.0,0.4133645564788829,0.29693808668835037,0.42494600256221954,1,plain
3,fashion,59,random,lasso,5.0,0.24447712097284754,0.2801228052969381,0.35060439995067927,1,plain
3,fashion,59,shuffled,lasso,5.0,0.22803670547324714,0.22670955852421687,0.2954272036930831,1,plain
3,fashion,59,pca,lasso,6.0,0.5045223113080832,0.4617278443241904,0.5927354987808479,1,plain
3,fashion,59,emotion,lasso,6.0,0.44933497300841285,0.3231501429749636,0.47746832549777474,1,plain
3,fashion,59,population,elastic,,0.14438723255770305,0.18961702604316044,0.3660519313709068,1,plain
3,fashion,59,identity,elastic,71.0,0.4152455163258794,0.30030114296663285,0.43095116081014345,1,plain
3,fashion,59,random,elastic,5.0,0.23133501201932888,0.2814086797562814,0.3500992851476516,1,plain
3,fashion,59,shuffled,elastic,6.0,0.24035007918146603,0.22878674034315605,0.30022562942937175,1,plain
3,fashion,59,pca,elastic,7.0,0.5052522966561764,0.4617278443241904,0.5929553943918815,1,plain
3,fashion,59,emotion,elastic,6.0,0.44896792436386285,0.3231501429749636,0.47968889382180585,1,plain
3,fashion,60,population,lasso,,0.2794532168201588,0.41082984791773214,0.44443490132254543,1,plain
3,fashion,60,identity,lasso,54.0,0.3136014365749363,0.28557623279496014,0.33544786022285433,1,plain
3,fashion,60,random,lasso,5.0,0.2046058950235211,0.29949330114193484,0.3323153533120873,1,plain
3,fashion,60,shuffled,lasso,3.0,0.16236476986625814,0.22016098735177964,0.2882459475249464,1,plain
3,fashion,60,pca,lasso,7.0,0.32261727170732746,0.27452296551577454,0.34076131035168566,1,plain
3,fashion,60,emotion,lasso,6.0,0.45575264372187196,0.40927234207384683,0.47944554331659756,1,plain
3,fashion,60,population,elastic,,0.2783578986596906,0.41082984791773214,0.44521490577613465,1,plain
3,fashion,60,identity,elastic,61.0,0.3069113022661187,0.2927608565264308,0.33071072577874716,1,plain
3,fashion,60,random,elastic,5.0,0.19236366185648832,0.2992923326459496,0.3307895981228863,1,plain
3,fashion,60,shuffled,elastic,6.0,0.17849741923984866,0.21996001885579444,0.29337314094016465,1,plain
3,fashion,60,pca,elastic,7.0,0.3231446627879075,0.2730157017958856,0.3408538591773125,1,plain
3,fashion,60,emotion,elastic,7.0,0.4527095358233393,0.41705987129327315,0.48187017917490865,1,plain
3,fashion,67,population,lasso,,0.04971098433713528,0.047113823751123024,0.06522265620445225,1,plain
3,fashion,67,identity,lasso,38.0,0.08268950451024173,0.10962127308429614,0.10185843204150166,1,plain
3,fashion,67,random,lasso,3.0,0.10077972936731996,0.2726796773978638,0.25324790202760883,1,plain
3,fashion,67,shuffled,lasso,5.0,-0.009273186742189873,-0.033948904903174454,-0.028406861854042512,1,plain
3,fashion,67,pca,lasso,7.0,-0.06618248937123715,-0.10899930841431432,-0.1401459177254378,1,plain
3,fashion,67,emotion,lasso,5.0,0.022005011640887667,-0.027210954311704717,0.0496084524090953,1,plain
3,fashion,67,population,elastic,,0.04785389197057697,0.03954658693301085,0.06338912829308861,1,plain
3,fashion,67,identity,elastic,41.0,0.06300894958577757,0.09578255917720059,0.08096337682386659,1,plain
3,fashion,67,random,elastic,3.0,0.09387626054748371,0.2726796773978638,0.2532987608943116,1,plain
3,fashion,67,shuffled,elastic,6.0,-0.05176212792512096,-0.1520999289080164,-0.11801083642364273,1,plain
3,fashion,67,pca,elastic,7.0,-0.0686403780848971,-0.11470065122248102,-0.1427477907604436,1,plain
3,fashion,67,emotion,elastic,5.0,0.02186615514990162,-0.025293229912594094,0.04983503315980558,1,plain
3,fashion,68,population,lasso,,0.2077600736601168,0.44951766197895826,0.3980875282134193,1,plain
3,fashion,68,identity,lasso,48.0,0.23335271565653676,0.24950997448421655,0.2584380944034982,1,plain
3,fashion,68,random,lasso,5.0,0.11160511870996286,0.25858026930526945,0.2981214663237787,1,plain
3,fashion,68,shuffled,lasso,3.0,0.056370707072422525,0.1521964724210563,0.11105884033403349,1,plain
3,fashion,68,pca,lasso,6.0,0.2507777722989236,0.30249689451228806,0.3335523428660257,1,plain
3,fashion,68,emotion,lasso,4.0,0.23471412316298862,0.3303227142175519,0.33831466400127497,1,plain
3,fashion,68,population,elastic,,0.20671149878395106,0.4458792951298354,0.3985589917402147,1,plain
3,fashion,68,identity,elastic,53.0,0.2350074100075085,0.2637047296561467,0.2688330956765126,1,plain
3,fashion,68,random,elastic,5.0,0.10647964430502052,0.26011760741053264,0.2982429433719875,1,plain
3,fashion,68,shuffled,elastic,4.0,0.08898114445325872,0.17623019146667096,0.1387414093248235,1,plain
3,fashion,68,pca,elastic,7.0,0.2509564172017311,0.3017794700631652,0.3320637964385821,1,plain
3,fashion,68,emotion,elastic,4.0,0.23238818605963033,0.33078391564913084,0.3413364414886475,1,plain
3,fashion,75,population,lasso,,0.31120127041370005,0.4362405110401935,0.44964888830852917,1,plain
3,fashion,75,identity,lasso,57.0,0.47035048179703787,0.5089725170489788,0.5334290460980018,1,plain
3,fashion,75,random,lasso,3.0,0.03959056861553379,0.11955323487694082,0.18304103308219172,1,plain
3,fashion,75,shuffled,lasso,5.0,0.12776517578985602,0.30870695883728866,0.30906851789151646,1,plain
3,fashion,75,pca,lasso,7.0,0.39952432017207734,0.551146978866573,0.5738328447642974,1,plain
3,fashion,75,emotion,lasso,6.0,0.43918959501844274,0.5385198944900478,0.5289642690029669,1,plain
3,fashion,75,population,elastic,,0.31059309369527305,0.44482692841623056,0.45195991684779946,1,plain
3,fashion,75,identity,elastic,63.0,0.46809430485729636,0.48472851504605036,0.5443198640541993,1,plain
3,fashion,75,random,elastic,3.0,0.036548210464248485,0.11955323487694082,0.18356360111406117,1,plain
3,fashion,75,shuffled,elastic,6.0,0.17786433425470127,0.36527629684412166,0.354631994566724,1,plain
3,fashion,75,pca,elastic,7.0,0.3999940801087602,0.5432171698781152,0.5730178258066967,1,plain
3,fashion,75,emotion,elastic,6.0,0.4303916550600185,0.530085002126529,0.5294162565660936,1,plain
3,fashion,76,population,lasso,,0.22304521972136862,0.3156493853383382,0.3180690827170327,1,plain
3,fashion,76,identity,lasso,57.0,0.1689300514543472,0.1944485373627534,0.18432960356022648,1,plain
3,fashion,76,random,lasso,4.0,-0.012428812452863987,-0.08125677929939876,-0.02010410456720837,1,plain
3,fashion,76,shuffled,lasso,4.0,0.11792427940080688,0.16540291382029831,0.2503841356357869,1,plain
3,fashion,76,pca,lasso,7.0,0.18119730372086035,0.26130923099713077,0.22222193195085083,1,plain
3,fashion,76,emotion,lasso,5.0,0.21407628830761827,0.29633632675251725,0.3068041099088568,1,plain
3,fashion,76,population,elastic,,0.22154613258012198,0.3142807433913115,0.3174100492362463,1,plain
3,fashion,76,identity,elastic,61.0,0.16787847463404948,0.19307989541572668,0.1859605725908627,1,plain
3,fashion,76,random,elastic,4.0,-0.010180689472975383,-0.07841811452038047,-0.017617725069730316,1,plain
3,fashion,76,shuffled,elastic,5.0,0.1251768096924687,0.1611449166517709,0.23670709728765213,1,plain
3,fashion,76,pca,elastic,7.0,0.1815343812753032,0.2615626832095431,0.22217844394165867,1,plain
3,fashion,76,emotion,elastic,5.0,0.21077917756314107,0.2916728060441301,0.30359555800082066,1,plain
3,fashion,82,population,lasso,,0.19827479187599087,0.36996933514586133,0.36395953059951675,1,plain
3,fashion,82,identity,lasso,54.0,0.12968934126855491,0.14313698081946274,0.15989136230887954,1,plain
3,fashion,82,random,lasso,4.0,-0.01666602004098969,-0.057751795733408225,-0.04778528881805841,1,plain
3,fashion,82,shuffled,lasso,5.0,0.012722297595775782,0.0757433190169657,0.06224533885571704,1,plain
3,fashion,82,pca,lasso,7.0,0.13706179572211094,0.25784536683728215,0.2622622467600018,1,plain
3,fashion,82,emotion,lasso,5.0,0.11811341197749917,0.16908055859299034,0.24020901855677596,1,plain
3,fashion,82,population,elastic,,0.19600305086489195,0.3638064929161345,0.36332661272305444,1,plain
3,fashion,82,identity,elastic,57.0,0.1292850675894352,0.12842568001301796,0.1671641121210747,1,plain
3,fashion,82,random,elastic,4.0,-0.01563755691556178,-0.05258296031492763,-0.04749096677853415,1,plain
3,fashion,82,shuffled,elastic,6.0,0.0014754672047720392,0.06331823387638734,0.003859244315398471,1,plain
3,fashion,82,pca,elastic,7.0,0.13733879706510002,0.2563543566204128,0.2603828173252843,1,plain
3,fashion,82,emotion,elastic,5.0,0.1181744293760136,0.18170444509581796,0.24108300633753632,1,plain
3,fashion,84,population,lasso,,0.19343317010338493,0.4064131633353817,0.39485580833264555,1,plain
3,fashion,84,identity,lasso,58.0,0.019228576190551305,0.019961653931521064,0.02173892061339524,1,plain
3,fashion,84,random,lasso,4.0,0.03372802762486166,0.11732563943424626,0.11813980207293143,1,plain
3,fashion,84,shuffled,lasso,3.0,0.0545558757862349,0.3447459110112184,0.36622216647847367,1,plain
3,fashion,84,pca,lasso,7.0,0.09510757700157853,0.19946377155553066,0.22392704876844352,1,plain
3,fashion,84,emotion,lasso,5.0,0.16295017027991374,0.26382992096737407,0.25445889467541283,1,plain
3,fashion,84,population,elastic,,0.19084309975359304,0.40799176351874183,0.39379706047052704,1,plain
3,fashion,84,identity,elastic,71.0,0.04103719597258884,0.046034018250242455,0.04886702670556795,1,plain
3,fashion,84,random,elastic,4.0,0.031250172822867,0.1276120019193668,0.11982149605013628,1,plain
3,fashion,84,shuffled,elastic,4.0,0.0822719520883936,0.337056600440658,0.34557800964933805,1,plain
3,fashion,84,pca,elastic,7.0,0.09655270793253107,0.2021117460566508,0.22555504255163641,1,plain
3,fashion,84,emotion,elastic,5.0,0.1634828365326002,0.28124544557089504,0.26342211145472355,1,plain
3,fashion,88,population,lasso,,0.12050926709916045,0.33591623862151326,0.3039153464619974,1,plain
3,fashion,88,identity,lasso,65.0,0.3125614476814137,0.3202151167117837,0.31527653542185297,1,plain
3,fashion,88,random,lasso,6.0,0.057319419944475175,0.06407228009125684,0.11964300200160852,1,plain
3,fashion,88,shuffled,lasso,5.0,0.09599206824584747,0.18275715812939927,0.21497190051018497,1,plain
3,fashion,88,pca,lasso,7.0,0.05488463015401699,0.07002115236761403,0.07650151066566291,1,plain
3,fashion,88,emotion,lasso,7.0,0.19963266665025756,0.28705746795831744,0.2757256950104855,1,plain
3,fashion,88,population,elastic,,0.11895698631427146,0.3399634222193628,0.3035289182272214,1,plain
3,fashion,88,identity,elastic,81.0,0.31129107379492904,0.3147538569170951,0.3193625149407578,1,plain
3,fashion,88,random,elastic,6.0,0.05598618444157447,0.09479186643638,0.12324164097090788,1,plain
3,fashion,88,shuffled,elastic,6.0,0.10057304483286665,0.1564748453674606,0.20020349896785236,1,plain
3,fashion,88,pca,elastic,7.0,0.05475764669514807,0.07041124235294892,0.07608036945592618,1,plain
3,fashion,88,emotion,elastic,6.0,0.1945088770650348,0.27852424952911653,0.2768171226348822,1,plain
3,fashion,95,population,lasso,,0.0601382858589128,0.16242501907712095,0.14381152157491653,1,plain
3,fashion,95,identity,lasso,74.0,0.055104012160673274,0.09619012599737739,0.05993212814611443,1,plain
3,fashion,95,random,lasso,6.0,0.004756348982081522,0.10540712074126474,0.011897571611787346,1,plain
3,fashion,95,shuffled,lasso,4.0,0.05424359264200211,0.2219922989378822,0.23433661130372269,1,plain
3,fashion,95,pca,lasso,7.0,0.12004635635993739,0.2922963971439164,0.26025860565215775,1,plain
3,fashion,95,emotion,lasso,4.0,0.06836411381105749,0.1455598797585186,0.1631121792465101,1,plain
3,fashion,95,population,elastic,,0.06058237835757497,0.16541563971210566,0.1464113712629877,1,plain
3,fashion,95,identity,elastic,105.0,0.06997519182575036,0.12134075527192102,0.07830253880682218,1,plain
3,fashion,95,random,elastic,6.0,0.00782064354064129,0.10261260637742654,0.02125500268655893,1,plain
3,fashion,95,shuffled,elastic,7.0,0.07210962389450652,0.2135107027107944,0.24349401768801945,1,plain
3,fashion,95,pca,elastic,7.0,0.1205099395507243,0.2901392281613045,0.25983975031659673,1,plain
3,fashion,95,emotion,elastic,4.0,0.06526662709926098,0.14335368420812003,0.1581870994418957,1,plain
3,fashion,96,population,lasso,,0.21166399802482386,0.32904900057861236,0.3448226021641874,1,plain
3,fashion,96,identity,lasso,54.0,0.25534793483316726,0.2609358080298175,0.2898604732922077,1,plain
3,fashion,96,random,lasso,5.0,0.03208331815430288,0.2399284736080193,0.19668514871865772,1,plain
3,fashion,96,shuffled,lasso,4.0,0.09795360888366023,0.2224800287823846,0.23083076135294758,1,plain
3,fashion,96,pca,lasso,6.0,0.06237611867753957,0.1492756469501892,0.1866513685055004,1,plain
3,fashion,96,emotion,lasso,5.0,0.22415624857852112,0.3412579690543398,0.32165659814633324,1,plain
3,fashion,96,population,elastic,,0.2102919598621929,0.32781327502438895,0.34455148886332476,1,plain
3,fashion,96,identity,elastic,62.0,0.26916854181638095,0.27581394370266743,0.3178294938391811,1,plain
3,fashion,96,random,elastic,5.0,0.03013154491505378,0.2451185209357577,0.20305155118134907,1,plain
3,fashion,96,shuffled,elastic,7.0,0.10161817084363675,0.19534349561163833,0.205104342972879,1,plain
3,fashion,96,pca,elastic,6.0,0.06314424579000583,0.1573325775637259,0.18686485475979028,1,plain
3,fashion,96,emotion,elastic,4.0,0.221557982507769,0.3557406725498383,0.34250432795542607,1,plain
3,fashion,107,population,lasso,,0.11165201634423681,0.1911619924477929,0.20157542030191675,1,plain
3,fashion,107,identity,lasso,58.0,0.06004937481216554,0.09300174775288315,0.0654657847172383,1,plain
3,fashion,107,random,lasso,4.0,0.09206928504281889,0.16403028257001842,0.17986232493403354,1,plain
3,fashion,107,shuffled,lasso,5.0,0.12178519750252496,0.22811468688827177,0.21387214644944366,1,plain
3,fashion,107,pca,lasso,7.0,0.030420647609935902,0.02177480920720837,0.04531824053317269,1,plain
3,fashion,107,emotion,lasso,6.0,0.18228268647200835,0.2224601806248965,0.24940868244229192,1,plain
3,fashion,107,population,elastic,,0.10855373418325084,0.18605309643790116,0.19755790617179442,1,plain
3,fashion,107,identity,elastic,72.0,0.09222744861612468,0.11125489077851568,0.10491796813562541,1,plain
3,fashion,107,random,elastic,4.0,0.0845080959475998,0.15887178562799187,0.1739438928581883,1,plain
3,fashion,107,shuffled,elastic,5.0,0.13239178331544646,0.2056454646311752,0.2106266993787041,1,plain
3,fashion,107,pca,elastic,7.0,0.030101379655080196,0.01924516166832995,0.04458710629923814,1,plain
3,fashion,107,emotion,elastic,6.0,0.17163043795841096,0.2106055578446623,0.24353527793475152,1,plain
3,fashion,122,population,lasso,,0.10635363472047037,0.21939188019658928,0.23089824753378857,1,plain
3,fashion,122,identity,lasso,69.0,0.002024569850852124,-0.0021572949573412624,0.002159579286644642,1,plain
3,fashion,122,random,lasso,3.0,0.020416943897720315,0.09015486135679648,0.08195139428656588,1,plain
3,fashion,122,shuffled,lasso,4.0,0.08206275260447365,0.19114636715047,0.20280303236855599,1,plain
3,fashion,122,pca,lasso,7.0,0.033514298786176976,0.07615752895916364,0.06191405431960192,1,plain
3,fashion,122,emotion,lasso,5.0,0.16080201425027954,0.2966029718093382,0.3190168127764344,1,plain
3,fashion,122,population,elastic,,0.1057268990713809,0.21683322803788221,0.2311825448693061,1,plain
3,fashion,122,identity,elastic,84.0,0.026702804645073065,0.025536351936900056,0.02946369450219512,1,plain
3,fashion,122,random,elastic,3.0,0.019267864919874665,0.0930145314165279,0.0830417501417316,1,plain
3,fashion,122,shuffled,elastic,5.0,0.07429279586683893,0.16340255060605793,0.15682396864149978,1,plain
3,fashion,122,pca,elastic,7.0,0.03463446888927796,0.07741177021343182,0.06363940262808596,1,plain
3,fashion,122,emotion,elastic,5.0,0.15514015884145216,0.3090450450516785,0.3306964986334312,1,plain
3,fashion,123,population,lasso,,0.3572725642381879,0.5359186507827997,0.4749525105141555,1,plain
3,fashion,123,identity,lasso,54.0,0.34308501510219036,0.2898391953094564,0.384736592939572,1,plain
3,fashion,123,random,lasso,4.0,0.19181558865986045,0.31465815223143095,0.3006588432407816,1,plain
3,fashion,123,shuffled,lasso,6.0,0.2119506446472968,0.3826842001511751,0.3981981665394288,1,plain
3,fashion,123,pca,lasso,7.0,0.3709338618100441,0.4616125024273332,0.46229316192694603,1,plain
3,fashion,123,emotion,lasso,5.0,0.34445169009457977,0.4706558470547733,0.45486132215019576,1,plain
3,fashion,123,population,elastic,,0.355672442266683,0.5302414399889066,0.47690692753074365,1,plain
3,fashion,123,identity,elastic,57.0,0.33721131579982044,0.3325438782723681,0.3904123599120476,1,plain
3,fashion,123,random,elastic,4.0,0.18438906567372437,0.31641658035343323,0.30348396226155444,1,plain
3,fashion,123,shuffled,elastic,7.0,0.2602375770332998,0.4023283543141145,0.41968926198076,1,plain
3,fashion,123,pca,elastic,7.0,0.37303584654827177,0.464827913850423,0.46314964891604393,1,plain
3,fashion,123,emotion,elastic,5.0,0.34968574001456987,0.4782422083811259,0.4661006265567324,1,plain
3,fashion,132,population,lasso,,0.10635198708778279,0.27904904814191656,0.31629300900731777,1,plain
3,fashion,132,identity,lasso,57.0,0.3815981916898957,0.3786491618927304,0.43647063070761094,1,plain
3,fashion,132,random,lasso,5.0,0.10950904547937394,0.25051388849731365,0.26708751289504545,1,plain
3,fashion,132,shuffled,lasso,3.0,0.07420344064209566,0.22024180609173497,0.2155890931073427,1,plain
3,fashion,132,pca,lasso,7.0,0.19299256003464724,0.31120693240226904,0.3586613990558022,1,plain
3,fashion,132,emotion,lasso,6.0,0.29821902568078545,0.3352260928683347,0.39526513981221983,1,plain
3,fashion,132,population,elastic,,0.10553683459640183,0.2747811807863759,0.3161525282462194,1,plain
3,fashion,132,identity,elastic,69.0,0.3553175132099033,0.3138867560906317,0.4200693584472532,1,plain
3,fashion,132,random,elastic,5.0,0.1026834144054147,0.2494221084761289,0.2665383783325894,1,plain
3,fashion,132,shuffled,elastic,6.0,0.08046676954343117,0.185602603601417,0.19658822159113942,1,plain
3,fashion,132,pca,elastic,7.0,0.19472376741171665,0.3102640314748822,0.35868760708116637,1,plain
3,fashion,132,emotion,elastic,7.0,0.2843549912245709,0.3296183136686128,0.3969135585313323,1,plain
3,fashion,140,population,lasso,,0.20468992461486496,0.3613693185780144,0.4216775420992807,1,plain
3,fashion,140,identity,lasso,56.0,0.15471245113396423,0.1533334241045891,0.1938998651571319,1,plain
3,fashion,140,random,lasso,4.0,0.0850151223095827,0.3163144638427151,0.30586437601086836,1,plain
3,fashion,140,shuffled,lasso,5.0,0.10550741760937854,0.19182594130235567,0.2474111640482202,1,plain
3,fashion,140,pca,lasso,6.0,0.2777155493811133,0.3986375190710174,0.458620026486021,1,plain
3,fashion,140,emotion,lasso,7.0,0.3807535689965848,0.5480041570521725,0.5613752912494896,1,plain
3,fashion,140,population,elastic,,0.20241409707378955,0.35637410642257905,0.4215297585991237,1,plain
3,fashion,140,identity,elastic,63.0,0.17999843561768744,0.16768241588441815,0.2325235336120243,1,plain
3,fashion,140,random,elastic,4.0,0.07894042395649567,0.30681376621374984,0.3036603291804685,1,plain
3,fashion,140,shuffled,elastic,5.0,0.11976896945207682,0.215773576047531,0.257076888387741,1,plain
3,fashion,140,pca,elastic,6.0,0.2789980099396306,0.40142896115787835,0.45947128979549073,1,plain
3,fashion,140,emotion,elastic,7.0,0.3617612106123002,0.5036838923397314,0.5418452243424139,1,plain
3,fashion,141,population,lasso,,0.16605589776782778,0.31070107317763634,0.2727830617940577,1,plain
3,fashion,141,identity,lasso,48.0,0.04615691013112574,-0.08863371040075618,0.050283664903126905,1,plain
3,fashion,141,random,lasso,3.0,0.16175442620043318,0.2525272552209726,0.24596306977637816,1,plain
3,fashion,141,shuffled,lasso,4.0,0.15049602114379326,0.3370420152244475,0.3206585445276742,1,plain
3,fashion,141,pca,lasso,7.0,-0.026405551560985483,-0.09763437978740783,-0.03919809549739937,1,plain
3,fashion,141,emotion,lasso,5.0,0.1834609188239126,0.22089778426901024,0.2629228274617722,1,plain
3,fashion,141,population,elastic,,0.16601370540686347,0.31548108968806154,0.274754418612439,1,plain
3,fashion,141,identity,elastic,53.0,0.0467846643347771,-0.08461646248242012,0.05254643324107175,1,plain
3,fashion,141,random,elastic,3.0,0.15589898183972511,0.24179764369225223,0.25113872978847207,1,plain
3,fashion,141,shuffled,elastic,4.0,0.16253835198122504,0.29986975916997083,0.30214665767004517,1,plain
3,fashion,141,pca,elastic,7.0,-0.027326689472707017,-0.10043119795840129,-0.04034964108304556,1,plain
3,fashion,141,emotion,elastic,5.0,0.19020703051610052,0.233254635460854,0.27792958637705545,1,plain
3,landscape,0,population,lasso,,0.14606333514259304,0.460365345324975,0.427047035816618,1,plain
3,landscape,0,identity,lasso,36.0,0.26807688846032024,0.39748907885878926,0.3679645431330786,1,plain
3,landscape,0,random,lasso,7.0,0.2394490327351612,0.3136375279168965,0.2947041352253112,1,plain
3,landscape,0,shuffled,lasso,7.0,0.347613543336261,0.49715887033909945,0.4808452300601387,1,plain
3,landscape,0,pca,lasso,7.0,0.4796773009665216,0.5507623751103509,0.536721038038501,1,plain
3,landscape,0,emotion,lasso,4.0,0.2882152493332619,0.3972411440541118,0.40904516166333926,1,plain
3,landscape,0,population,elastic,,0.14326514139340515,0.46765462858249024,0.4299779217489187,1,plain
3,landscape,0,identity,elastic,42.0,0.2722214263707497,0.4242660377639472,0.38706781539196405,1,plain
3,landscape,0,random,elastic,7.0,0.23917045300857673,0.314629267135606,0.29489633914284263,1,plain
3,landscape,0,shuffled,elastic,7.0,0.3479459290419024,0.501472935940486,0.48468447286044397,1,plain
3,landscape,0,pca,elastic,7.0,0.4780086126241725,0.5530433753133829,0.5368387882384476,1,plain
3,landscape,0,emotion,elastic,4.0,0.2845801992864283,0.400265948671176,0.41030672024824055,1,plain
3,landscape,9,population,lasso,,0.39730605181389234,0.47464180549846186,0.5505292586799927,1,plain
3,landscape,9,identity,lasso,25.0,0.42387339238735655,0.5332507101207478,0.6265754085880524,1,plain
3,landscape,9,random,lasso,7.0,0.21875831926828093,0.13829292905738036,0.25680660771209535,1,plain
3,landscape,9,shuffled,lasso,6.0,0.2479559304626043,0.28877932029217124,0.3137950374470093,1,plain
3,landscape,9,pca,lasso,7.0,0.4858979771159617,0.4647063918724236,0.5626751425696324,1,plain
3,landscape,9,emotion,lasso,4.0,0.5261971393641743,0.4741400169314902,0.6031389310487029,1,plain
3,landscape,9,population,elastic,,0.3900156120528634,0.46932284668856256,0.5500734071967842,1,plain
3,landscape,9,identity,elastic,29.0,0.39830298037630013,0.5100680783266587,0.6093204617013788,1,plain
3,landscape,9,random,elastic,7.0,0.21849316911584657,0.1399990101850839,0.25668313113611646,1,plain
3,landscape,9,shuffled,elastic,6.0,0.24649787660917852,0.2858187677470386,0.31292944991950183,1,plain
3,landscape,9,pca,elastic,7.0,0.48420322620205714,0.46641247300012717,0.5628609360373906,1,plain
3,landscape,9,emotion,elastic,6.0,0.523024747402525,0.4944624538938411,0.6071733094778661,1,plain
3,landscape,10,population,lasso,,0.1934522670853127,0.6316594396971398,0.6390481176540118,1,plain
3,landscape,10,identity,lasso,48.0,0.4582227627121013,0.5849115502899197,0.543553201799748,1,plain
3,landscape,10,random,lasso,7.0,0.17545192392076203,0.2749559107857125,0.2665825751801752,1,plain
3,landscape,10,shuffled,lasso,7.0,0.5125389209711754,0.566114493187959,0.5577601108313962,1,plain
3,landscape,10,pca,lasso,7.0,0.6034716651597066,0.6580438505772358,0.6399795308616317,1,plain
3,landscape,10,emotion,lasso,4.0,0.6284621519108372,0.7018057491427382,0.6809000587181726,1,plain
3,landscape,10,population,elastic,,0.1893376972174749,0.6235336285541045,0.6419138003187906,1,plain
3,landscape,10,identity,elastic,55.0,0.4810218018160142,0.6331769104527669,0.589360305563449,1,plain
3,landscape,10,random,elastic,7.0,0.17503429683926208,0.2749559107857125,0.26650630395027475,1,plain
3,landscape,10,shuffled,elastic,7.0,0.5098246024178886,0.5604362155217416,0.5567476598259021,1,plain
3,landscape,10,pca,elastic,7.0,0.6019349987896372,0.6562816264739268,0.6400498368596823,1,plain
3,landscape,10,emotion,elastic,6.0,0.6274154137377231,0.7080224841738554,0.6899864801809075,1,plain
3,landscape,11,population,lasso,,0.24716375519151387,0.35892222990608796,0.4283348306991848,1,plain
3,landscape,11,identity,lasso,33.0,0.39311164524198405,0.38214370934094616,0.49751777168236383,1,plain
3,landscape,11,random,lasso,7.0,0.0950485884165411,0.09495662291196778,0.17220478709405815,1,plain
3,landscape,11,shuffled,lasso,7.0,0.16018283873879435,0.12927116577112124,0.22919570092988212,1,plain
3,landscape,11,pca,lasso,7.0,0.39858932646281026,0.42469177038613215,0.5007317450989959,1,plain
3,landscape,11,emotion,lasso,4.0,0.31188596600390006,0.33604586799998565,0.391664657336188,1,plain
3,landscape,11,population,elastic,,0.23919195285678346,0.35354825695831826,0.42548740539519353,1,plain
3,landscape,11,identity,elastic,39.0,0.3857804246034159,0.3953567804418846,0.5120514265724602,1,plain
3,landscape,11,random,elastic,7.0,0.0947530548595555,0.09495662291196778,0.17195621208605696,1,plain
3,landscape,11,shuffled,elastic,7.0,0.16043479689217582,0.13055303087792872,0.23270356676950385,1,plain
3,landscape,11,pca,elastic,7.0,0.39651468302526016,0.42469177038613215,0.5005634906837232,1,plain
3,landscape,11,emotion,elastic,4.0,0.3031889066305348,0.337524943123225,0.3862544789226046,1,plain
3,landscape,24,population,lasso,,0.08858214458861534,0.11983656847885509,0.11573202429427816,1,plain
3,landscape,24,identity,lasso,22.0,-0.10499085778553953,-0.16743696882380743,-0.16269987276716774,1,plain
3,landscape,24,random,lasso,7.0,-0.1266349677254107,-0.2384332624300387,-0.2513836574088328,1,plain
3,landscape,24,shuffled,lasso,6.0,-0.04645639838404797,-0.16856902817515962,-0.15624991747072323,1,plain
3,landscape,24,pca,lasso,7.0,-0.06701044977500459,-0.23730120307868652,-0.16963918936529737,1,plain
3,landscape,24,emotion,lasso,4.0,-0.05324868837376579,-0.2157920754029946,-0.2002097378248761,1,plain
3,landscape,24,population,elastic,,0.08748778659371867,0.11514660830896738,0.11654848274758296,1,plain
3,landscape,24,identity,elastic,28.0,-0.10566530980786326,-0.21924216104521085,-0.1825586808226148,1,plain
3,landscape,24,random,elastic,7.0,-0.1262225534542316,-0.2384332624300387,-0.2512373882463821,1,plain
3,landscape,24,shuffled,elastic,6.0,-0.04487358111590959,-0.14738334602842548,-0.15405106496411866,1,plain
3,landscape,24,pca,elastic,7.0,-0.06628122312958629,-0.23730120307868652,-0.16923916424998384,1,plain
3,landscape,24,emotion,elastic,5.0,-0.0509742036753141,-0.21374358705292865,-0.20362408587498382,1,plain
3,landscape,28,population,lasso,,0.21012622578777598,0.3090570361448919,0.3263828121496469,1,plain
3,landscape,28,identity,lasso,34.0,0.17972071224011238,0.2170289059552505,0.23443208605442145,1,plain
3,landscape,28,random,lasso,7.0,0.10533825384991087,0.1397154340151828,0.19051492165371142,1,plain
3,landscape,28,shuffled,lasso,7.0,0.0026140583167786253,0.03474431011437798,0.003373091489292101,1,plain
3,landscape,28,pca,lasso,7.0,0.23414603963171415,0.28002142287650233,0.2793650773049504,1,plain
3,landscape,28,emotion,lasso,4.0,0.25986577187915444,0.3322855267596035,0.3136257295967109,1,plain
3,landscape,28,population,elastic,,0.20301258079063034,0.30600583610651877,0.3225294444606101,1,plain
3,landscape,28,identity,elastic,37.0,0.1782506670411237,0.23873179655077556,0.24348572123622234,1,plain
3,landscape,28,random,elastic,7.0,0.10510425467699867,0.13873117593828824,0.19037927529641321,1,plain
3,landscape,28,shuffled,elastic,7.0,0.0031969824049763694,0.03700810369123546,0.0041673531053148475,1,plain
3,landscape,28,pca,elastic,7.0,0.23312582298020787,0.28002142287650233,0.2792044032656824,1,plain
3,landscape,28,emotion,elastic,4.0,0.260102966565929,0.33194103643269046,0.3174521545398511,1,plain
3,landscape,31,population,lasso,,0.08155116018054527,0.4108785871586063,0.2709623805525323,1,plain
3,landscape,31,identity,lasso,32.0,0.062081220035210494,0.18472896479355158,0.09351017752282093,1,plain
3,landscape,31,random,lasso,7.0,0.04369260661336861,0.1122300140874349,0.08813162712408697,1,plain
3,landscape,31,shuffled,lasso,7.0,0.03088524768792355,0.20546489349127564,0.08100602759989585,1,plain
3,landscape,31,pca,lasso,7.0,0.2202934425270752,0.46704479402626875,0.42720332319883625,1,plain
3,landscape,31,emotion,lasso,6.0,0.0998805493217777,0.3416564251849694,0.25128024044421937,1,plain
3,landscape,31,population,elastic,,0.07906641723354141,0.4126705809966812,0.27068307228988914,1,plain
3,landscape,31,identity,elastic,37.0,0.07248796711652855,0.22440882835092477,0.12033290233072107,1,plain
3,landscape,31,random,elastic,7.0,0.04359832743679729,0.1122300140874349,0.088124709364243,1,plain
3,landscape,31,shuffled,elastic,7.0,0.033342304226268535,0.20485049560393567,0.08903406214596707,1,plain
3,landscape,31,pca,elastic,7.0,0.2185878085029658,0.4682223899770037,0.42703660140183053,1,plain
3,landscape,31,emotion,elastic,5.0,0.08723160630671721,0.3547123802909438,0.22847422365967351,1,plain
3,landscape,32,population,lasso,,0.279992612593213,0.5672174104392974,0.5590383200836626,1,plain
3,landscape,32,identity,lasso,49.0,0.5873211566387431,0.6697873088329448,0.666925678639046,1,plain
3,landscape,32,random,lasso,7.0,0.05663366549536955,0.05197005347998739,0.06765660228526597,1,plain
3,landscape,32,shuffled,lasso,7.0,0.38141459614226847,0.4885282899159266,0.5007112977107908,1,plain
3,landscape,32,pca,lasso,7.0,0.4321901189068986,0.5136324682918527,0.5029688272318988,1,plain
3,landscape,32,emotion,lasso,6.0,0.46919224322399433,0.5825833207902541,0.6081818875089855,1,plain
3,landscape,32,population,elastic,,0.2718490390418832,0.5623727444369256,0.5572086694612434,1,plain
3,landscape,32,identity,elastic,55.0,0.5710239926827746,0.6785957924736206,0.6708317379329278,1,plain
3,landscape,32,random,elastic,7.0,0.05656347910874667,0.05197005347998739,0.06768249122320368,1,plain
3,landscape,32,shuffled,elastic,7.0,0.38030229281864825,0.49068147480586954,0.5019331524671524,1,plain
3,landscape,32,pca,elastic,7.0,0.4309854932865649,0.5171069257278971,0.503701213090848,1,plain
3,landscape,32,emotion,elastic,6.0,0.47137885358590415,0.5715237802191833,0.6091034760123514,1,plain
3,landscape,36,population,lasso,,0.3232235578491162,0.5828139255616032,0.5797627190589181,1,plain
3,landscape,36,identity,lasso,40.0,0.3691479356160222,0.4566658752057044,0.46831109213672145,1,plain
3,landscape,36,random,lasso,7.0,-0.030159300467216127,-0.03993032775044984,-0.05911447763483469,1,plain
3,landscape,36,shuffled,lasso,7.0,0.3511445687800818,0.4754887535855807,0.4620876405194732,1,plain
3,landscape,36,pca,lasso,7.0,0.42179741034648494,0.5128365228248073,0.5019727448620324,1,plain
3,landscape,36,emotion,lasso,4.0,0.5440244255785334,0.5564420299950747,0.5825300034196965,1,plain
3,landscape,36,population,elastic,,0.31732151276562937,0.5837078881231804,0.5828461038638393,1,plain
3,landscape,36,identity,elastic,47.0,0.3570083858844436,0.4694296740015572,0.47392777769145233,1,plain
3,landscape,36,random,elastic,7.0,-0.030088608433668538,-0.03993032775044984,-0.05910009113130952,1,plain
3,landscape,36,shuffled,elastic,7.0,0.3479604192308849,0.47861762255110096,0.46419351561768024,1,plain
3,landscape,36,pca,elastic,7.0,0.42063251717486294,0.5140284729069103,0.5025860555546514,1,plain
3,landscape,36,emotion,elastic,5.0,0.5547819005978173,0.5859427945271235,0.5965357798706741,1,plain
3,landscape,42,population,lasso,,0.30246355086189014,0.5154890297077461,0.4989455895077597,1,plain
3,landscape,42,identity,lasso,21.0,0.2589527311585294,0.3221933704345571,0.35976584920769744,1,plain
3,landscape,42,random,lasso,7.0,0.18915618386363914,0.28075469077999404,0.33008360658720165,1,plain
3,landscape,42,shuffled,lasso,7.0,0.26592862570378684,0.4751194068993082,0.41525501647451973,1,plain
3,landscape,42,pca,lasso,7.0,0.21448891713627213,0.33268030902035567,0.27831703290842313,1,plain
3,landscape,42,emotion,lasso,4.0,0.3101896926673493,0.5205797765940562,0.5020076599304655,1,plain
3,landscape,42,population,elastic,,0.2973873480390735,0.5146745102059366,0.5021610648521262,1,plain
3,landscape,42,identity,elastic,26.0,0.25505489696867856,0.34540717623613054,0.3798783974229482,1,plain
3,landscape,42,random,elastic,7.0,0.18894794039616775,0.28075469077999404,0.33036221061201054,1,plain
3,landscape,42,shuffled,elastic,7.0,0.26494051703936333,0.47832657743768353,0.4164259786578992,1,plain
3,landscape,42,pca,elastic,7.0,0.2130028927634335,0.33268030902035567,0.27808813014398204,1,plain
3,landscape,42,emotion,elastic,4.0,0.3013859650448493,0.5209361288760979,0.5011788478675218,1,plain
3,landscape,47,population,lasso,,0.36799059239953036,0.5217968229717819,0.5535773029257693,1,plain
3,landscape,47,identity,lasso,34.0,0.4263880626793892,0.3345995187935469,0.48722215484678716,1,plain
3,landscape,47,random,lasso,7.0,0.12334468360739294,0.18323784312600466,0.1703347930772409,1,plain
3,landscape,47,shuffled,lasso,6.0,0.4007501376365532,0.387977063358425,0.44486755110309406,1,plain
3,landscape,47,pca,lasso,7.0,0.5834545858882215,0.48616167350170825,0.6161599449435794,1,plain
3,landscape,47,emotion,lasso,3.0,0.627731229911839,0.48896838007037785,0.6507722210956753,1,plain
3,landscape,47,population,elastic,,0.3601010351130076,0.521496104410853,0.554394497959793,1,plain
3,landscape,47,identity,elastic,38.0,0.4128739539662683,0.3203153871494244,0.48545379367437275,1,plain
3,landscape,47,random,elastic,7.0,0.12331505501703259,0.18489179521111354,0.1705964737448874,1,plain
3,landscape,47,shuffled,elastic,7.0,0.3998695022185861,0.39223724297158435,0.4464921686260637,1,plain
3,landscape,47,pca,elastic,7.0,0.5822076417769071,0.48616167350170825,0.6161701774087083,1,plain
3,landscape,47,emotion,elastic,4.0,0.6237777034156465,0.4839062842947416,0.6511229525353288,1,plain
3,landscape,54,population,lasso,,0.15498853082306363,0.25705059879602293,0.30818777308274553,1,plain
3,landscape,54,identity,lasso,36.0,-0.12187333009615231,-0.2557890626810052,-0.2522942037513481,1,plain
3,landscape,54,random,lasso,7.0,-0.1546394576680013,-0.16495846239972498,-0.25690186802103565,1,plain
3,landscape,54,shuffled,lasso,7.0,-0.1201715503693634,-0.3062505072817164,-0.2584663975935472,1,plain
3,landscape,54,pca,lasso,7.0,0.040088008758749745,0.14124158343739068,0.08331807324091388,1,plain
3,landscape,54,emotion,lasso,5.0,0.03728841912878388,0.16798614907576767,0.10857994108759805,1,plain
3,landscape,54,population,elastic,,0.14753491131192897,0.2520549157805525,0.300438571446585,1,plain
3,landscape,54,identity,elastic,41.0,-0.10847691495406055,-0.24488939064725154,-0.2459869638436574,1,plain
3,landscape,54,random,elastic,7.0,-0.15440242984296706,-0.16495846239972498,-0.25691731461368295,1,plain
3,landscape,54,shuffled,elastic,7.0,-0.11675133635568698,-0.3025163603812637,-0.25710854946726797,1,plain
3,landscape,54,pca,elastic,7.0,0.03952282094003071,0.14124158343739068,0.08290315073387065,1,plain
3,landscape,54,emotion,elastic,5.0,0.032447502147122664,0.15133387235753296,0.09936741653479608,1,plain
3,landscape,55,population,lasso,,0.41377643512126216,0.6324829735624852,0.6498277627703292,1,plain
3,landscape,55,identity,lasso,26.0,0.4053369343029676,0.48701487258435033,0.5242184871581826,1,plain
3,landscape,55,random,lasso,7.0,0.11235945253032686,0.18111424875712417,0.2626695867735061,1,plain
3,landscape,55,shuffled,lasso,6.0,0.11293550023443057,0.07357921717280914,0.1710772676114003,1,plain
3,landscape,55,pca,lasso,6.0,0.4883769884655687,0.59340644336125,0.6055637972434478,1,plain
3,landscape,55,emotion,lasso,3.0,0.5152783650490452,0.5526395797925314,0.6053332600491909,1,plain
3,landscape,55,population,elastic,,0.4050940941553892,0.6313395127550698,0.6506184557689744,1,plain
3,landscape,55,identity,elastic,28.0,0.3939938288713458,0.5156511084570112,0.5426398054578467,1,plain
3,landscape,55,random,elastic,7.0,0.11207464184911196,0.18111424875712417,0.2624728904744074,1,plain
3,landscape,55,shuffled,elastic,6.0,0.11303368669579796,0.07487182504206119,0.17365700175240184,1,plain
3,landscape,55,pca,elastic,6.0,0.4862283832871981,0.59340644336125,0.6055770644315375,1,plain
3,landscape,55,emotion,elastic,5.0,0.512299490759234,0.5669576977288618,0.6059634772186016,1,plain
3,landscape,59,population,lasso,,0.24977667481505747,0.48674892744164633,0.4789141113767915,1,plain
3,landscape,59,identity,lasso,23.0,0.20872877688524388,0.29606536892815905,0.32373300081251233,1,plain
3,landscape,59,random,lasso,7.0,0.1463602182300762,0.11539616374355131,0.1644110940283857,1,plain
3,landscape,59,shuffled,lasso,7.0,0.16962593592039646,0.2687441588206515,0.29252065919255854,1,plain
3,landscape,59,pca,lasso,7.0,0.24301725214322062,0.4356500476353118,0.4099881945142932,1,plain
3,landscape,59,emotion,lasso,5.0,0.2879238908249851,0.42578976128072266,0.39172552957638584,1,plain
3,landscape,59,population,elastic,,0.243795008271575,0.48556774730541946,0.4792699454936274,1,plain
3,landscape,59,identity,elastic,26.0,0.19186254538300218,0.28789981929076486,0.3351440639225646,1,plain
3,landscape,59,random,elastic,7.0,0.14627928634382423,0.11539616374355131,0.16452507372775302,1,plain
3,landscape,59,shuffled,elastic,7.0,0.169209308657763,0.2892350664012821,0.29978971410817734,1,plain
3,landscape,59,pca,elastic,7.0,0.24111564092025276,0.4356500476353118,0.40993457721811855,1,plain
3,landscape,59,emotion,elastic,5.0,0.2849411691730092,0.43262006380759954,0.3995702753213873,1,plain
3,landscape,60,population,lasso,,0.4301685983462316,0.7392338863465485,0.6989376094892306,1,plain
3,landscape,60,identity,lasso,34.0,0.6331950839338361,0.695286052520716,0.7214430037090868,1,plain
3,landscape,60,random,lasso,7.0,0.3194532171126777,0.3831487650583998,0.4138106709323891,1,plain
3,landscape,60,shuffled,lasso,7.0,0.41845721202057623,0.5474882149327268,0.5032888337493949,1,plain
3,landscape,60,pca,lasso,7.0,0.6998199506361562,0.7832795995350221,0.7794748450104256,1,plain
3,landscape,60,emotion,lasso,4.0,0.694489843388536,0.7737363616775195,0.7661733989264355,1,plain
3,landscape,60,population,elastic,,0.42090940192052495,0.7371784197310863,0.7003919214818847,1,plain
3,landscape,60,identity,elastic,39.0,0.6200983797440405,0.7107509918180022,0.7280786990640893,1,plain
3,landscape,60,random,elastic,7.0,0.31894502851225015,0.38207209206934817,0.41379389801378275,1,plain
3,landscape,60,shuffled,elastic,6.0,0.4139726239925331,0.535791631097121,0.5024308711910199,1,plain
3,landscape,60,pca,elastic,7.0,0.6971939858789776,0.7832795995350221,0.7795155813336991,1,plain
3,landscape,60,emotion,elastic,5.0,0.6892402512168226,0.7725128696445064,0.7671381474378577,1,plain
3,landscape,67,population,lasso,,0.38349228081033215,0.49130634812593543,0.4488208281427752,1,plain
3,landscape,67,identity,lasso,19.0,0.19928280912590138,0.2888976165805569,0.3120021070097214,1,plain
3,landscape,67,random,lasso,7.0,0.18788051440245832,0.3830663847326849,0.3350440178543481,1,plain
3,landscape,67,shuffled,lasso,6.0,0.20226769092163277,0.33229668761727926,0.3256572767327582,1,plain
3,landscape,67,pca,lasso,7.0,0.2557581765173016,0.37286090246989273,0.36290658442563967,1,plain
3,landscape,67,emotion,lasso,4.0,0.25236126678951015,0.3398219422150957,0.37548972569990924,1,plain
3,landscape,67,population,elastic,,0.37547264494448523,0.4876983493461604,0.44574686235489586,1,plain
3,landscape,67,identity,elastic,22.0,0.1763673007533253,0.2831248185329169,0.30782586815699625,1,plain
3,landscape,67,random,elastic,7.0,0.18744977873905888,0.3813654710222195,0.334972805116749,1,plain
3,landscape,67,shuffled,elastic,6.0,0.2014675470784386,0.33178125922016855,0.3272872285667872,1,plain
3,landscape,67,pca,elastic,7.0,0.25339071968780874,0.37286090246989273,0.36243661698883606,1,plain
3,landscape,67,emotion,elastic,4.0,0.25374023852894373,0.36012982106125796,0.3930761063974641,1,plain
3,landscape,68,population,lasso,,0.16474019341337162,0.30199532957071923,0.29979968396024026,1,plain
3,landscape,68,identity,lasso,25.0,0.26256342762715024,0.4636393043856325,0.378337009064943,1,plain
3,landscape,68,random,lasso,7.0,0.04459796921331292,0.10176472873319832,0.08438147812999554,1,plain
3,landscape,68,shuffled,lasso,7.0,0.07188705763196342,0.15199731830926136,0.13026918061460813,1,plain
3,landscape,68,pca,lasso,6.0,0.09008655824587011,0.15679565522398978,0.1195475314127135,1,plain
3,landscape,68,emotion,lasso,4.0,0.27130254657740693,0.40480969450401444,0.3685538984511896,1,plain
3,landscape,68,population,elastic,,0.16230520361589149,0.30719352789500837,0.3017553678172738,1,plain
3,landscape,68,identity,elastic,28.0,0.24473279972469555,0.4575414178898318,0.37535459771944024,1,plain
3,landscape,68,random,elastic,7.0,0.04451635461850305,0.10176472873319832,0.08436941522379382,1,plain
3,landscape,68,shuffled,elastic,7.0,0.07112763163302135,0.1569955859287701,0.1302677949467969,1,plain
3,landscape,68,pca,elastic,7.0,0.08963657345103948,0.15409659070945506,0.11954179031596933,1,plain
3,landscape,68,emotion,elastic,4.0,0.2635647064817976,0.3969624143413856,0.36575816665977806,1,plain
3,landscape,75,population,lasso,,0.26062687023795217,0.4334212697460177,0.41860993695301046,1,plain
3,landscape,75,identity,lasso,22.0,-0.011303027157423571,0.015490583302044489,-0.01884116748055948,1,plain
3,landscape,75,random,lasso,7.0,0.0913119000070205,0.2372422215547017,0.19251595226833923,1,plain
3,landscape,75,shuffled,lasso,6.0,0.11224633231845983,0.1880399281512587,0.3081536371767597,1,plain
3,landscape,75,pca,lasso,7.0,0.15727575338055375,0.35355287244971373,0.28346986020451614,1,plain
3,landscape,75,emotion,lasso,3.0,0.18805274863043445,0.4307957471524508,0.41058189026643904,1,plain
3,landscape,75,population,elastic,,0.2570754298042691,0.43300118613104693,0.4218904026467838,1,plain
3,landscape,75,identity,elastic,22.0,-0.005239914027430924,0.0290382798848495,-0.009510998275691376,1,plain
3,landscape,75,random,elastic,7.0,0.09132654239975255,0.2372422215547017,0.1930036836389307,1,plain
3,landscape,75,shuffled,elastic,6.0,0.11113676702956503,0.19948720665921021,0.31261195174259304,1,plain
3,landscape,75,pca,elastic,7.0,0.15608860851381876,0.35113739166363217,0.2834779251747555,1,plain
3,landscape,75,emotion,elastic,3.0,0.1814005841135547,0.4252821497059604,0.40699861086390493,1,plain
3,landscape,76,population,lasso,,0.2946703427833485,0.38740770525454327,0.4411079145474148,1,plain
3,landscape,76,identity,lasso,26.0,0.27597257458206853,0.298854507289293,0.35813270275693543,1,plain
3,landscape,76,random,lasso,7.0,0.17361101115918176,0.17479980074001267,0.2165159939664974,1,plain
3,landscape,76,shuffled,lasso,6.0,0.02149477155613181,-0.01584530609117728,0.026892371780384814,1,plain
3,landscape,76,pca,lasso,7.0,0.26530604864439283,0.26295185171561286,0.29682091823032764,1,plain
3,landscape,76,emotion,lasso,4.0,0.3232581002183212,0.38795928236531213,0.3701843026470559,1,plain
3,landscape,76,population,elastic,,0.293679163493363,0.3843991028321678,0.4474540909855361,1,plain
3,landscape,76,identity,elastic,37.0,0.23858349158364414,0.27724271322189614,0.3259869892266407,1,plain
3,landscape,76,random,elastic,7.0,0.1732531150125519,0.17479980074001267,0.21646196435270107,1,plain
3,landscape,76,shuffled,elastic,6.0,0.022153197863643805,-0.00847423015635747,0.027878853591006718,1,plain
3,landscape,76,pca,elastic,7.0,0.26448426131690833,0.26295185171561286,0.29689337060767135,1,plain
3,landscape,76,emotion,elastic,5.0,0.32397743034636717,0.4036541583353706,0.37165202517508533,1,plain
3,landscape,82,population,lasso,,0.29164617795177505,0.4744622380261111,0.45940926582825375,1,plain
3,landscape,82,identity,lasso,31.0,0.18154038362442354,0.26601097283608327,0.2823922759974796,1,plain
3,landscape,82,random,lasso,7.0,0.04199107756383248,0.10853247691712196,0.05817392689660589,1,plain
3,landscape,82,shuffled,lasso,7.0,0.15875339238244057,0.3041138778975565,0.23585194496195536,1,plain
3,landscape,82,pca,lasso,4.0,0.23646095395336728,0.36592976110898917,0.3160174082043388,1,plain
3,landscape,82,emotion,lasso,4.0,0.26521875393563826,0.39501362747240093,0.38299718240096114,1,plain
3,landscape,82,population,elastic,,0.28627846201710666,0.48652140212801354,0.4612803305096035,1,plain
3,landscape,82,identity,elastic,35.0,0.1674834548415614,0.2715845360764583,0.27632123552476323,1,plain
3,landscape,82,random,elastic,7.0,0.04218210756360511,0.10924183951135154,0.05855465147171245,1,plain
3,landscape,82,shuffled,elastic,7.0,0.15584038010383386,0.308978078543702,0.23276870319570367,1,plain
3,landscape,82,pca,elastic,4.0,0.23509327424291102,0.36592976110898917,0.3161931196520068,1,plain
3,landscape,82,emotion,elastic,4.0,0.2682687893446329,0.3996751530916237,0.39187146158608926,1,plain
3,landscape,84,population,lasso,,0.3231128008869206,0.5258621956545636,0.5261794531254952,1,plain
3,landscape,84,identity,lasso,32.0,0.2480996478834999,0.3997532174184285,0.3878437203357555,1,plain
3,landscape,84,random,lasso,7.0,0.15815329016004512,0.2577275720262763,0.21277146181302117,1,plain
3,landscape,84,shuffled,lasso,7.0,0.1325776383230568,0.25706437756144224,0.26892868422481797,1,plain
3,landscape,84,pca,lasso,7.0,0.3581024660863133,0.4582673752003245,0.49887670944452966,1,plain
3,landscape,84,emotion,lasso,5.0,0.44832836612830784,0.5713675389339458,0.5949514399244269,1,plain
3,landscape,84,population,elastic,,0.31575104838334017,0.5183119817472223,0.527007209240098,1,plain
3,landscape,84,identity,elastic,38.0,0.25648042907568125,0.4371981972021353,0.4274684455071821,1,plain
3,landscape,84,random,elastic,7.0,0.15793859789330902,0.2577275720262763,0.2128495391058319,1,plain
3,landscape,84,shuffled,elastic,7.0,0.1310089447879331,0.25706437756144224,0.2694178704242123,1,plain
3,landscape,84,pca,elastic,7.0,0.3561155888185608,0.4582673752003245,0.4986211387330632,1,plain
3,landscape,84,emotion,elastic,5.0,0.43916468899696026,0.5666741627212741,0.5905158215972951,1,plain
3,landscape,88,population,lasso,,0.38855100927938496,0.6715142251977014,0.673366518083452,1,plain
3,landscape,88,identity,lasso,42.0,0.5504426698767756,0.6079542588226057,0.6283411216040253,1,plain
3,landscape,88,random,lasso,7.0,0.22658385970429795,0.3429987407924721,0.3352991943434149,1,plain
3,landscape,88,shuffled,lasso,7.0,0.5519194904579925,0.6082478383439687,0.610435358908035,1,plain
3,landscape,88,pca,lasso,7.0,0.47554427233956686,0.6104007548339643,0.5872398206949543,1,plain
3,landscape,88,emotion,lasso,6.0,0.5502362928580522,0.7078691559264898,0.6857267947632925,1,plain
3,landscape,88,population,elastic,,0.3799202923689348,0.6741075109697415,0.6731651693913226,1,plain
3,landscape,88,identity,elastic,52.0,0.5525034696524109,0.6332020976598262,0.6429367658320333,1,plain
3,landscape,88,random,elastic,7.0,0.2263117517866847,0.3429987407924721,0.3355761517318002,1,plain
3,landscape,88,shuffled,elastic,7.0,0.5492713170652026,0.6078074690619241,0.6098173052192437,1,plain
3,landscape,88,pca,elastic,7.0,0.4733935825889413,0.6104007548339643,0.587303011574537,1,plain
3,landscape,88,emotion,elastic,6.0,0.5324444702659357,0.7098263527355767,0.6945747450763463,1,plain
3,landscape,95,population,lasso,,0.21936838204480902,0.44085461293468475,0.46757118906054174,1,plain
3,landscape,95,identity,lasso,51.0,0.3380931515304459,0.36754384696160275,0.40786800046924593,1,plain
3,landscape,95,random,lasso,7.0,0.05229347709219494,0.027076967580874974,0.08632150608165172,1,plain
3,landscape,95,shuffled,lasso,7.0,-0.06494257357111373,-0.09400212328351293,-0.1314513159052534,1,plain
3,landscape,95,pca,lasso,7.0,0.3374509915674672,0.3626432623354481,0.46976601614868185,1,plain
3,landscape,95,emotion,lasso,3.0,0.3868769178037461,0.47020861983680323,0.5215673127905838,1,plain
3,landscape,95,population,elastic,,0.21447907189017704,0.44634920781855514,0.46980815377840673,1,plain
3,landscape,95,identity,elastic,60.0,0.31940423873596796,0.3873936897402697,0.4103868909103334,1,plain
3,landscape,95,random,elastic,7.0,0.052120110072932206,0.027076967580874974,0.08625887167488823,1,plain
3,landscape,95,shuffled,elastic,7.0,-0.06360762502011495,-0.0926160993488429,-0.1305018807966201,1,plain
3,landscape,95,pca,elastic,7.0,0.3356265551991992,0.3669993375586966,0.4699477331254515,1,plain
3,landscape,95,emotion,elastic,3.0,0.3791421445318749,0.4718916489003312,0.5229688176343383,1,plain
3,landscape,96,population,lasso,,0.38044412871284444,0.5913344426425794,0.5874795340188947,1,plain
3,landscape,96,identity,lasso,26.0,0.3467202072367536,0.47724074664365074,0.4605430777270697,1,plain
3,landscape,96,random,lasso,7.0,0.12510314265895642,0.2026129579685579,0.25401478272754485,1,plain
3,landscape,96,shuffled,lasso,6.0,0.35318292427677694,0.48175096659843025,0.5193226280753831,1,plain
3,landscape,96,pca,lasso,7.0,0.4878371115466837,0.545488800245095,0.5691837254852005,1,plain
3,landscape,96,emotion,lasso,3.0,0.5183453298936854,0.5970837340135071,0.5860880698554467,1,plain
3,landscape,96,population,elastic,,0.37071785627671583,0.5794889199042024,0.5842082311930896,1,plain
3,landscape,96,identity,elastic,29.0,0.3405232390630339,0.48918539509531966,0.4790060014242284,1,plain
3,landscape,96,random,elastic,7.0,0.12467217681535882,0.20117563512582598,0.253595959910529,1,plain
3,landscape,96,shuffled,elastic,6.0,0.3513153756393885,0.4848238637104779,0.5199617337378271,1,plain
3,landscape,96,pca,elastic,7.0,0.4857798015818864,0.5428124059862148,0.5691386122022354,1,plain
3,landscape,96,emotion,elastic,3.0,0.5095335177622079,0.5939117111881678,0.5850232074906518,1,plain
3,landscape,107,population,lasso,,0.1287143822123244,0.1999182374868888,0.1849515085443048,1,plain
3,landscape,107,identity,lasso,35.0,-0.05452344622499299,-0.14825565478885516,-0.07017021439155753,1,plain
3,landscape,107,random,lasso,7.0,0.0462252220669787,0.07420262843115255,0.11645280948001345,1,plain
3,landscape,107,shuffled,lasso,7.0,0.04373843424070909,0.09285302025457395,0.06025548964775946,1,plain
3,landscape,107,pca,lasso,6.0,0.0538448547732765,0.06587477967577453,0.08535125488919842,1,plain
3,landscape,107,emotion,lasso,4.0,0.09904005501786846,0.1677039243373427,0.13754618969758406,1,plain
3,landscape,107,population,elastic,,0.12643294202734923,0.20500470798418555,0.1849382099920924,1,plain
3,landscape,107,identity,elastic,43.0,-0.05685263425540072,-0.13504080496744697,-0.07949865117522514,1,plain
3,landscape,107,random,elastic,7.0,0.04608148781880907,0.07574851652346822,0.11637506237097421,1,plain
3,landscape,107,shuffled,elastic,7.0,0.04433378132902139,0.09305248968584047,0.061703303668891415,1,plain
3,landscape,107,pca,elastic,6.0,0.05365723205762685,0.0674206677680902,0.08548571650064418,1,plain
3,landscape,107,emotion,elastic,6.0,0.10112196902187523,0.17648057931307043,0.1416584053011178,1,plain
3,landscape,122,population,lasso,,0.25230648585364734,0.5343230203043873,0.5300928085735649,1,plain
3,landscape,122,identity,lasso,33.0,0.363700215508504,0.4209772759046326,0.47323734217646807,1,plain
3,landscape,122,random,lasso,7.0,0.21088109766564206,0.25830560083418574,0.3161928106761238,1,plain
3,landscape,122,shuffled,lasso,7.0,0.29096473949473955,0.3920842533252101,0.39027049015484155,1,plain
3,landscape,122,pca,lasso,6.0,0.47065494400474156,0.4634757457603241,0.5348074954701144,1,plain
3,landscape,122,emotion,lasso,6.0,0.4923447877095144,0.5204702012594588,0.5825899427187481,1,plain
3,landscape,122,population,elastic,,0.24484786895237165,0.527396610781923,0.530331527989491,1,plain
3,landscape,122,identity,elastic,40.0,0.35321946605871024,0.4139519176747045,0.47466570050959617,1,plain
3,landscape,122,random,elastic,7.0,0.21038951009090093,0.25830560083418574,0.31598645943899245,1,plain
3,landscape,122,shuffled,elastic,7.0,0.2891944745526205,0.3900558048222027,0.3913439706344423,1,plain
3,landscape,122,pca,elastic,6.0,0.46863606557635124,0.4634757457603241,0.5345451215316297,1,plain
3,landscape,122,emotion,elastic,6.0,0.48787411571322686,0.5175017400355454,0.5820982115841499,1,plain
3,landscape,123,population,lasso,,0.38928726498959193,0.66068611642936,0.6499367748012611,1,plain
3,landscape,123,identity,lasso,27.0,0.46454572623881957,0.6326075744067727,0.6108487889842006,1,plain
3,landscape,123,random,lasso,7.0,0.13206733631513345,0.2750510700944975,0.24554108837934335,1,plain
3,landscape,123,shuffled,lasso,7.0,0.15065361182590623,0.22116795248072998,0.23747750510197102,1,plain
3,landscape,123,pca,lasso,7.0,0.5347263337925435,0.7064126153217772,0.6885301325709845,1,plain
3,landscape,123,emotion,lasso,3.0,0.5667132603780035,0.708093373118904,0.6918879231220786,1,plain
3,landscape,123,population,elastic,,0.37819124493305395,0.6548034641394165,0.6483470858611291,1,plain
3,landscape,123,identity,elastic,33.0,0.4326841961522628,0.6103622506212725,0.6074682639288733,1,plain
3,landscape,123,random,elastic,7.0,0.13205076412653402,0.27791824516018415,0.24622759037808342,1,plain
3,landscape,123,shuffled,elastic,7.0,0.1510000858797609,0.22789098366923677,0.24166014602191485,1,plain
3,landscape,123,pca,elastic,7.0,0.5320982048270075,0.7064126153217772,0.6885062650414179,1,plain
3,landscape,123,emotion,elastic,4.0,0.5601438151406911,0.703347704044664,0.6922139509725129,1,plain
3,landscape,132,population,lasso,,0.07191878799833308,0.3718958770900525,0.43953876363658895,1,plain
3,landscape,132,identity,lasso,36.0,0.2291994664647395,0.23214303111285964,0.3110522302956016,1,plain
3,landscape,132,random,lasso,7.0,0.03760760964372359,0.05172835090837612,0.051755782239641855,1,plain
3,landscape,132,shuffled,lasso,7.0,0.27526864825385583,0.2977299097915858,0.34183929375941197,1,plain
3,landscape,132,pca,lasso,7.0,0.36481487437421156,0.2911813746913105,0.40807082413368234,1,plain
3,landscape,132,emotion,lasso,5.0,0.2978463389762708,0.21640624133700434,0.32491590236220014,1,plain
3,landscape,132,population,elastic,,0.06934052599095569,0.3664133825874964,0.4352370228236754,1,plain
3,landscape,132,identity,elastic,45.0,0.24957889643683928,0.3079334412268985,0.36076797099504315,1,plain
3,landscape,132,random,elastic,7.0,0.0379961958178162,0.05782001146677173,0.052377442385141526,1,plain
3,landscape,132,shuffled,elastic,7.0,0.2749542381448207,0.2977299097915858,0.3425137609710891,1,plain
3,landscape,132,pca,elastic,7.0,0.36350142589125195,0.2911813746913105,0.4080060741022237,1,plain
3,landscape,132,emotion,elastic,5.0,0.3003091171013911,0.2251883853086913,0.33065427627306065,1,plain
3,landscape,140,population,lasso,,0.23610298525135248,0.491103838208049,0.4266656849557858,1,plain
3,landscape,140,identity,lasso,29.0,0.27642596700860256,0.49339406291988697,0.4128142013529382,1,plain
3,landscape,140,random,lasso,6.0,0.021792091339192802,0.14537948170797882,0.05741762955715575,1,plain
3,landscape,140,shuffled,lasso,7.0,-0.009314415596224613,0.014189435714648617,-0.021193956357279446,1,plain
3,landscape,140,pca,lasso,7.0,0.19709292022726907,0.36723255379385333,0.32088322862837154,1,plain
3,landscape,140,emotion,lasso,3.0,0.2207364863494416,0.4823412393105817,0.39136645685423427,1,plain
3,landscape,140,population,elastic,,0.22882581636301255,0.4872204136966714,0.4234540226479304,1,plain
3,landscape,140,identity,elastic,30.0,0.2569898033456025,0.48926170093983146,0.4158139954018784,1,plain
3,landscape,140,random,elastic,6.0,0.02182822261660986,0.14537948170797882,0.05767675835079495,1,plain
3,landscape,140,shuffled,elastic,7.0,-0.011742499951542988,0.005675910563859536,-0.027029754813050987,1,plain
3,landscape,140,pca,elastic,7.0,0.1954860370685864,0.36723255379385333,0.3206549344732164,1,plain
3,landscape,140,emotion,elastic,3.0,0.21558676157709863,0.48512933895977584,0.3901579497341668,1,plain
3,landscape,141,population,lasso,,0.2976193753971502,0.44107306642996613,0.4359895632594693,1,plain
3,landscape,141,identity,lasso,32.0,0.25623043937626877,0.4421679110042027,0.4299817368215064,1,plain
3,landscape,141,random,lasso,6.0,0.15033986419796633,0.24619073221584592,0.23420658032817007,1,plain
3,landscape,141,shuffled,lasso,6.0,0.14045754599807392,0.21160359680246146,0.21901181520731647,1,plain
3,landscape,141,pca,lasso,7.0,0.262824088746192,0.40270374066921877,0.38822815892539997,1,plain
3,landscape,141,emotion,lasso,2.0,0.27383512057351356,0.4056896804171368,0.3902666865030282,1,plain
3,landscape,141,population,elastic,,0.29288080170927994,0.4380373610195828,0.437209145143397,1,plain
3,landscape,141,identity,elastic,33.0,0.24720868280497352,0.4546590922829934,0.4379597843586787,1,plain
3,landscape,141,random,elastic,6.0,0.1500981435203817,0.24619073221584592,0.23421578522937564,1,plain
3,landscape,141,shuffled,elastic,6.0,0.1401754427925346,0.21424117691312242,0.22099036825346663,1,plain
3,landscape,141,pca,elastic,7.0,0.26128917288340303,0.40270374066921877,0.38818770779507644,1,plain
3,landscape,141,emotion,elastic,3.0,0.2607933493078576,0.3921534202265749,0.37865588821688245,1,plain
4,art,1,population,lasso,,0.3212815916583224,0.3784430199175785,0.34816280705184227,1,plain
4,art,1,identity,lasso,19.0,0.3336331996873871,0.4966774972247986,0.5154378816935528,1,plain
4,art,1,random,lasso,6.0,0.045273847277399956,0.13363173720045127,0.11267897946915233,1,plain
4,art,1,shuffled,lasso,5.0,0.23284047081944384,0.31556658403251076,0.3316283033305659,1,plain
4,art,1,pca,lasso,7.0,0.2764519321466484,0.34806046695100196,0.38800696775485793,1,plain
4,art,1,emotion,lasso,2.0,0.34494929908836053,0.439517100965646,0.46142627806177866,1,plain
4,art,1,population,elastic,,0.3175629890397061,0.38050285401700745,0.3471519070983652,1,plain
4,art,1,identity,elastic,19.0,0.31187104903669227,0.4792204032321385,0.5159055071791662,1,plain
4,art,1,random,elastic,6.0,0.044685070968240585,0.13157190310102235,0.11247377193347233,1,plain
4,art,1,shuffled,elastic,7.0,0.2509364750676157,0.3471850374587446,0.34397921483124844,1,plain
4,art,1,pca,elastic,7.0,0.2684659417202533,0.34600063285157306,0.3861521993989162,1,plain
4,art,1,emotion,elastic,3.0,0.35433599202008365,0.4367878207839027,0.4614637682271085,1,plain
4,art,2,population,lasso,,0.47451290191939,0.7682037048469291,0.7462074922798864,1,plain
4,art,2,identity,lasso,29.0,0.6160474602284769,0.7293789586961956,0.695996677757963,1,plain
4,art,2,random,lasso,6.0,0.4083133662573125,0.5177294793604199,0.477351736425352,1,plain
4,art,2,shuffled,lasso,5.0,0.45928644626767856,0.6187631857756917,0.556998768777625,1,plain
4,art,2,pca,lasso,7.0,0.6275913249702315,0.7315634712673367,0.6782419473203001,1,plain
4,art,2,emotion,lasso,4.0,0.7194142161495057,0.8087661314519793,0.7773575589162207,1,plain
4,art,2,population,elastic,,0.46813200835887825,0.7693952571584606,0.7446646114318628,1,plain
4,art,2,identity,elastic,34.0,0.5903456423600758,0.7273930381769765,0.6860536210318344,1,plain
4,art,2,random,elastic,6.0,0.40543128759452757,0.5188713836589709,0.47658227344248494,1,plain
4,art,2,shuffled,elastic,6.0,0.46936142770194555,0.623281154956915,0.5649168371140704,1,plain
4,art,2,pca,elastic,7.0,0.6193066405501176,0.7315634712673367,0.6785371947638922,1,plain
4,art,2,emotion,elastic,5.0,0.7255391509301387,0.8095604996596669,0.7827677494324355,1,plain
4,art,12,population,lasso,,0.41876152784728865,0.48891060821062526,0.49018135828676607,1,plain
4,art,12,identity,lasso,35.0,0.27774866906743395,0.3153821995307846,0.34122762366757886,1,plain
4,art,12,random,lasso,7.0,0.07478608258196985,0.07330122881934462,0.08688153318217696,1,plain
4,art,12,shuffled,lasso,4.0,0.19206835446435644,0.2849200072647165,0.25813992598540636,1,plain
4,art,12,pca,lasso,6.0,0.28650090063561146,0.3548870657862825,0.3441137714174376,1,plain
4,art,12,emotion,lasso,6.0,0.5355042693691772,0.6295519734987405,0.6034923270351509,1,plain
4,art,12,population,elastic,,0.4094450679689392,0.4841619414228799,0.4840047652916672,1,plain
4,art,12,identity,elastic,36.0,0.2668330343757788,0.31972672446425365,0.3438565396892225,1,plain
4,art,12,random,elastic,7.0,0.07281574324942348,0.07340226428291366,0.08509162969270312,1,plain
4,art,12,shuffled,elastic,5.0,0.19459013769364447,0.29345750393630105,0.25560327565859964,1,plain
4,art,12,pca,elastic,6.0,0.2787496862966306,0.34730940601860383,0.34123494642519125,1,plain
4,art,12,emotion,elastic,7.0,0.5331403663750365,0.6253084840288405,0.5929896388524386,1,plain
4,art,13,population,lasso,,0.23656073678199116,0.34405877105834437,0.3781783528975511,1,plain
4,art,13,identity,lasso,36.0,0.37060666052588853,0.520471538795306,0.46503914781061617,1,plain
4,art,13,random,lasso,6.0,0.2845953091096467,0.436330190940753,0.4769561425152103,1,plain
4,art,13,shuffled,lasso,3.0,0.2908924029097504,0.3587026959759877,0.40467720308307065,1,plain
4,art,13,pca,lasso,7.0,0.4474689279648591,0.5058276138776627,0.5305653676590266,1,plain
4,art,13,emotion,lasso,4.0,0.2703369773460671,0.2977271557670712,0.334434428909879,1,plain
4,art,13,population,elastic,,0.23430327467977705,0.3354389356553168,0.3796965747870289,1,plain
4,art,13,identity,elastic,51.0,0.3684568071655637,0.5212061838580642,0.47998302214168104,1,plain
4,art,13,random,elastic,6.0,0.28190223549296317,0.43603633291564975,0.47917640208646306,1,plain
4,art,13,shuffled,elastic,5.0,0.2946061534509932,0.35708647683792005,0.40065910171762215,1,plain
4,art,13,pca,elastic,7.0,0.4383023310249189,0.5049950161398703,0.5310670210006703,1,plain
4,art,13,emotion,elastic,6.0,0.2811197383733673,0.32486004675160113,0.34193093790341406,1,plain
4,art,26,population,lasso,,0.3034282715722474,0.4075274015508536,0.38135933469227745,1,plain
4,art,26,identity,lasso,28.0,0.2772851921237639,0.3133555290303185,0.34819251777119287,1,plain
4,art,26,random,lasso,7.0,0.10959620968440431,0.2812639977779724,0.1858912337037794,1,plain
4,art,26,shuffled,lasso,5.0,0.2210780943461096,0.3164094813023826,0.36506437373534123,1,plain
4,art,26,pca,lasso,7.0,0.33440073795733655,0.4210949600054336,0.43772592662648024,1,plain
4,art,26,emotion,lasso,5.0,0.30409883996153997,0.3993167757702221,0.39473406965512314,1,plain
4,art,26,population,elastic,,0.30358987275953747,0.40952999320466615,0.3844745621973534,1,plain
4,art,26,identity,elastic,33.0,0.27374320984555295,0.30995112321883717,0.36669707157599424,1,plain
4,art,26,random,elastic,7.0,0.1082508744135645,0.281514321734699,0.18583800477924772,1,plain
4,art,26,shuffled,elastic,7.0,0.2321039034386552,0.31726058275525293,0.36231593092395387,1,plain
4,art,26,pca,elastic,7.0,0.32716791326689654,0.41979327543045536,0.43848120356289555,1,plain
4,art,26,emotion,elastic,6.0,0.3179525788092518,0.4176404894026069,0.4007162295952998,1,plain
4,art,29,population,lasso,,0.22082747344262862,0.25599015606024633,0.26039024793622384,1,plain
4,art,29,identity,lasso,21.0,0.024788645060203996,0.010571417233074785,0.03748390975680453,1,plain
4,art,29,random,lasso,6.0,-0.005340866596340844,-0.011684197994451076,-0.00858415542602904,1,plain
4,art,29,shuffled,lasso,5.0,-0.011437125279210371,-0.04653446820300861,-0.021551555073333718,1,plain
4,art,29,pca,lasso,5.0,0.19643669738191463,0.3942278751894013,0.400238138251965,1,plain
4,art,29,emotion,lasso,4.0,0.10828517353439412,0.4104643581167553,0.3685346418364209,1,plain
4,art,29,population,elastic,,0.22159182529341565,0.2618069645856224,0.2637855641168855,1,plain
4,art,29,identity,elastic,23.0,0.023941396374910457,0.010672579120472628,0.03919397605849984,1,plain
4,art,29,random,elastic,6.0,-0.005789440577507791,-0.003742989833720258,-0.009501564322584559,1,plain
4,art,29,shuffled,elastic,5.0,-0.013434854841300421,-0.03571014625143922,-0.02205830648733534,1,plain
4,art,29,pca,elastic,5.0,0.19022117694991095,0.38775351439593914,0.4002187877392782,1,plain
4,art,29,emotion,elastic,4.0,0.11842080208114442,0.413954443231981,0.3666871161057025,1,plain
4,art,34,population,lasso,,0.2554110271449753,0.6165540616070493,0.5955179418524631,1,plain
4,art,34,identity,lasso,47.0,0.5307056293316462,0.5468262008446428,0.5516297223228108,1,plain
4,art,34,random,lasso,7.0,0.3357100709565531,0.5029873972960012,0.48690654140868167,1,plain
4,art,34,shuffled,lasso,6.0,0.4031844180781761,0.5761178198636452,0.5771199694817999,1,plain
4,art,34,pca,lasso,6.0,0.48404359001733377,0.6060505012517504,0.6201836532014259,1,plain
4,art,34,emotion,lasso,6.0,0.5936806692705693,0.6513193670083904,0.6329670271434633,1,plain
4,art,34,population,elastic,,0.2518695282077151,0.6196114359827699,0.5953279661941442,1,plain
4,art,34,identity,elastic,56.0,0.5538722419046592,0.6039793766746492,0.5895632118202959,1,plain
4,art,34,random,elastic,7.0,0.3326180495726477,0.5015573350880027,0.4876081363294743,1,plain
4,art,34,shuffled,elastic,6.0,0.406316846129462,0.5650225096291746,0.5693555700539586,1,plain
4,art,34,pca,elastic,6.0,0.4732395772136047,0.6023027520169958,0.6201348487620885,1,plain
4,art,34,emotion,elastic,6.0,0.5910922284943605,0.6335175581433065,0.6262811670244668,1,plain
4,art,38,population,lasso,,0.39478207159370177,0.6217008493693564,0.6083592770443723,1,plain
4,art,38,identity,lasso,32.0,0.2802349925846091,0.3919184128430682,0.36485801975095844,1,plain
4,art,38,random,lasso,5.0,0.33226035028896017,0.44418399795787306,0.44387665935274573,1,plain
4,art,38,shuffled,lasso,6.0,0.3062750781412762,0.48724065148731394,0.49810732650833683,1,plain
4,art,38,pca,lasso,6.0,0.3683337482496317,0.4892979659904272,0.5038988847822947,1,plain
4,art,38,emotion,lasso,3.0,0.4776978312704248,0.6951763673376857,0.693832866529468,1,plain
4,art,38,population,elastic,,0.3892479302555656,0.6255215763037096,0.6089806441863308,1,plain
4,art,38,identity,elastic,43.0,0.30624549964603703,0.43517100108709134,0.4255932151957292,1,plain
4,art,38,random,elastic,4.0,0.330157558838005,0.44418399795787306,0.4453288577535641,1,plain
4,art,38,shuffled,elastic,6.0,0.30841466499307485,0.4903756069206294,0.49290557609752855,1,plain
4,art,38,pca,elastic,6.0,0.3585325391031627,0.48420366341128973,0.5034747167117046,1,plain
4,art,38,emotion,elastic,5.0,0.48202932318878233,0.6927761670840537,0.6999956745481482,1,plain
4,art,43,population,lasso,,0.21087144204642314,0.3900867855323119,0.3989598185090366,1,plain
4,art,43,identity,lasso,41.0,0.31499018523370576,0.4909755210246613,0.41641713889086457,1,plain
4,art,43,random,lasso,7.0,0.09469892893120115,0.08982035965678092,0.14058889377232153,1,plain
4,art,43,shuffled,lasso,6.0,0.08799666331886233,0.1377669965728052,0.1340170560281203,1,plain
4,art,43,pca,lasso,7.0,0.30127947575419955,0.41623949657741605,0.4120321531075902,1,plain
4,art,43,emotion,lasso,5.0,0.2817370463498751,0.34522558081823806,0.33048216136751996,1,plain
4,art,43,population,elastic,,0.20496709991160933,0.37524732589435955,0.39202319137490205,1,plain
4,art,43,identity,elastic,47.0,0.286036740137154,0.46776131683855765,0.3934807228911684,1,plain
4,art,43,random,elastic,7.0,0.09364811845710622,0.09153448865786454,0.14068422825377913,1,plain
4,art,43,shuffled,elastic,6.0,0.0882823456018886,0.1161199960448351,0.13041474246490706,1,plain
4,art,43,pca,elastic,7.0,0.29545845579646257,0.41178276117459867,0.41315814875149437,1,plain
4,art,43,emotion,elastic,5.0,0.2755297437507741,0.34777228676270516,0.3209051156341082,1,plain
4,art,48,population,lasso,,0.3888458082951585,0.5716007538243746,0.5795522662755317,1,plain
4,art,48,identity,lasso,35.0,0.5773548568189821,0.6144990006376801,0.607565605772938,1,plain
4,art,48,random,lasso,6.0,0.3939722101749885,0.4348656562674503,0.42453695511000716,1,plain
4,art,48,shuffled,lasso,5.0,0.6441873805791116,0.6986285909595453,0.6799756243950392,1,plain
4,art,48,pca,lasso,6.0,0.6394098333035338,0.6488175980883243,0.6458248625133509,1,plain
4,art,48,emotion,lasso,5.0,0.617625326521908,0.6381788328786246,0.6400898082186703,1,plain
4,art,48,population,elastic,,0.3839692238604409,0.5826317315763675,0.5818838895397086,1,plain
4,art,48,identity,elastic,43.0,0.5703230079024905,0.6121457253839216,0.6098727265820598,1,plain
4,art,48,random,elastic,6.0,0.39172571561257186,0.4381014097413682,0.424441160211335,1,plain
4,art,48,shuffled,elastic,5.0,0.6459866406836834,0.6945103592654679,0.6791382388425875,1,plain
4,art,48,pca,elastic,6.0,0.6365213958572293,0.651955298426669,0.6470389476762484,1,plain
4,art,48,emotion,elastic,6.0,0.6240850724070033,0.6348450262691335,0.646406238943424,1,plain
4,art,49,population,lasso,,0.35052056933516335,0.5137955617133181,0.5197874510518965,1,plain
4,art,49,identity,lasso,30.0,0.43077454247410907,0.590409859469761,0.6002996887902567,1,plain
4,art,49,random,lasso,7.0,0.21291934216400385,0.406070616255905,0.4237577993337589,1,plain
4,art,49,shuffled,lasso,2.0,0.19151254043102361,0.40621899772347714,0.3605758559222422,1,plain
4,art,49,pca,lasso,6.0,0.3304993251676967,0.5892722682183742,0.5576922745964283,1,plain
4,art,49,emotion,lasso,5.0,0.3077279506515589,0.5225995287892682,0.4775934946586712,1,plain
4,art,49,population,elastic,,0.3424552449873349,0.51730725644586,0.5150619006189758,1,plain
4,art,49,identity,elastic,30.0,0.40143373495758344,0.5761157780936396,0.5937614400280786,1,plain
4,art,49,random,elastic,7.0,0.21040295115147478,0.40364705228555914,0.4245082059110127,1,plain
4,art,49,shuffled,elastic,6.0,0.1963882580840945,0.4030040659260797,0.36272597885486846,1,plain
4,art,49,pca,elastic,6.0,0.3205181909645711,0.5851670476155435,0.5555873780028504,1,plain
4,art,49,emotion,elastic,5.0,0.3450294184656675,0.5728019253178607,0.5165942697349148,1,plain
4,art,56,population,lasso,,0.042475525447242306,0.05750314076885966,0.16373504482435877,1,plain
4,art,56,identity,lasso,31.0,0.22144237132125916,0.311763385243189,0.33992918679410283,1,plain
4,art,56,random,lasso,5.0,0.05009904812993923,0.07237644858157016,0.1515235952576852,1,plain
4,art,56,shuffled,lasso,4.0,0.0973315157832261,0.1900536410293185,0.2714391897116968,1,plain
4,art,56,pca,lasso,6.0,0.14079144986166336,0.14030137897975867,0.22746365777628896,1,plain
4,art,56,emotion,lasso,3.0,0.1574374883702808,0.27966008352068356,0.27213821603764576,1,plain
4,art,56,population,elastic,,0.04129838984534241,0.054779859056673215,0.16159065151541654,1,plain
4,art,56,identity,elastic,40.0,0.20019246774097763,0.27515619453514445,0.335016880667029,1,plain
4,art,56,random,elastic,5.0,0.0490456637228157,0.06834389681544795,0.15106164013413786,1,plain
4,art,56,shuffled,elastic,4.0,0.10457162220082102,0.1662772968498446,0.25820242616742645,1,plain
4,art,56,pca,elastic,6.0,0.1385621989917547,0.14962338176378143,0.23018556203804647,1,plain
4,art,56,emotion,elastic,4.0,0.16115122481697958,0.2723805420208006,0.27302637707342853,1,plain
4,art,61,population,lasso,,0.22526147389042994,0.3946107226214079,0.3978853172784347,1,plain
4,art,61,identity,lasso,34.0,0.3089834016618096,0.4609643049839044,0.44691834351879084,1,plain
4,art,61,random,lasso,7.0,0.12669907817819195,0.2199247608915701,0.17088062198770002,1,plain
4,art,61,shuffled,lasso,4.0,0.22497486833895425,0.287331574720138,0.296969899813123,1,plain
4,art,61,pca,lasso,6.0,0.2843582736825844,0.30654051050610637,0.36869226591571336,1,plain
4,art,61,emotion,lasso,4.0,0.3337794318421307,0.3523811562198795,0.3847436426672514,1,plain
4,art,61,population,elastic,,0.22004915485212173,0.3879904105489593,0.39211649715733626,1,plain
4,art,61,identity,elastic,34.0,0.3026287963579926,0.48614155241094387,0.4566637299782055,1,plain
4,art,61,random,elastic,7.0,0.1254436409327133,0.2230343014104475,0.17126898722906003,1,plain
4,art,61,shuffled,elastic,6.0,0.23771309224790216,0.28963865316962767,0.30755452725825727,1,plain
4,art,61,pca,elastic,6.0,0.2783397097869703,0.3109540518877388,0.3685854242868362,1,plain
4,art,61,emotion,elastic,4.0,0.3452722941385908,0.3529830027719203,0.39618688700728427,1,plain
4,art,72,population,lasso,,0.1900345246855387,0.4742676858662527,0.4536826360447862,1,plain
4,art,72,identity,lasso,45.0,0.3583683749882707,0.3776797523638569,0.3938227858723569,1,plain
4,art,72,random,lasso,7.0,0.20419791746621005,0.2779519634380087,0.252758874216245,1,plain
4,art,72,shuffled,lasso,4.0,0.19496284625713822,0.3584419080233385,0.3033313529885642,1,plain
4,art,72,pca,lasso,7.0,0.29856089491923865,0.3450850627299215,0.3501770628569909,1,plain
4,art,72,emotion,lasso,5.0,0.390724435313497,0.4414238013574401,0.45911326963930166,1,plain
4,art,72,population,elastic,,0.1865532268335422,0.4577709851493832,0.45155217809590775,1,plain
4,art,72,identity,elastic,60.0,0.33908726262563404,0.41152041637217823,0.38975116838482904,1,plain
4,art,72,random,elastic,7.0,0.20285565772405514,0.27770276856313153,0.2544730816933647,1,plain
4,art,72,shuffled,elastic,6.0,0.2004298244430191,0.3719482702416817,0.30741363695873536,1,plain
4,art,72,pca,elastic,7.0,0.2919274457118937,0.3480754012284477,0.3497926388558954,1,plain
4,art,72,emotion,elastic,6.0,0.39392477571612516,0.4545314517759798,0.45814264148418854,1,plain
4,art,77,population,lasso,,0.3220443540825089,0.44290138454106787,0.44313500264652433,1,plain
4,art,77,identity,lasso,37.0,0.38453307711563595,0.4079185581674185,0.44328081538867475,1,plain
4,art,77,random,lasso,7.0,0.19194861944431937,0.31761635430333085,0.3102866124334916,1,plain
4,art,77,shuffled,lasso,3.0,0.22710982637171687,0.2846622349753953,0.2981832618444915,1,plain
4,art,77,pca,lasso,7.0,0.394015986778768,0.477686288276111,0.46419971270508187,1,plain
4,art,77,emotion,lasso,5.0,0.33216347957086995,0.42142677825229297,0.42131606739284305,1,plain
4,art,77,population,elastic,,0.31934513189056396,0.4516099806397415,0.44701671837729806,1,plain
4,art,77,identity,elastic,39.0,0.382541348904704,0.4270180927929187,0.45565326157479114,1,plain
4,art,77,random,elastic,7.0,0.1907767474326555,0.31474647604354067,0.31137088877874264,1,plain
4,art,77,shuffled,elastic,6.0,0.23485566491287146,0.2845137929964406,0.30666771839400525,1,plain
4,art,77,pca,elastic,6.0,0.3846232240943596,0.47476692935666914,0.4634056143182611,1,plain
4,art,77,emotion,elastic,5.0,0.34284092685539463,0.4272160154315249,0.4285213804796021,1,plain
4,art,78,population,lasso,,0.3277094308162793,0.5765988618218482,0.5864115364935691,1,plain
4,art,78,identity,lasso,41.0,0.4003399256891758,0.5131946636703856,0.5120905677683812,1,plain
4,art,78,random,lasso,7.0,0.36018172183576774,0.41244751120749423,0.45970757985598476,1,plain
4,art,78,shuffled,lasso,5.0,0.39098117206405686,0.4591508366523945,0.4643921862049314,1,plain
4,art,78,pca,lasso,7.0,0.5096357272707669,0.5705392531407061,0.6082777266748073,1,plain
4,art,78,emotion,lasso,6.0,0.425692774897041,0.5090071292159377,0.5617455549604686,1,plain
4,art,78,population,elastic,,0.3225112064549816,0.573938545815493,0.5863509814272144,1,plain
4,art,78,identity,elastic,57.0,0.40912159569929984,0.5234910719172042,0.5310057272494834,1,plain
4,art,78,random,elastic,7.0,0.3568674865587397,0.41101882298185916,0.4590598684202449,1,plain
4,art,78,shuffled,elastic,6.0,0.3969852200942103,0.45309122797125234,0.46801675985494123,1,plain
4,art,78,pca,elastic,7.0,0.5015375471243633,0.5705392531407061,0.6084528807606925,1,plain
4,art,78,emotion,elastic,6.0,0.42475358527975865,0.49565628407293355,0.5562117530014331,1,plain
4,art,89,population,lasso,,0.26772782953636565,0.4869979921911644,0.49542852389339725,1,plain
4,art,89,identity,lasso,31.0,0.28701740953808397,0.3550596719730347,0.36137105725339896,1,plain
4,art,89,random,lasso,4.0,0.08582834963848228,0.11470926122057322,0.1364894193816077,1,plain
4,art,89,shuffled,lasso,4.0,0.1410260250349376,0.20664795323969756,0.19252994412252158,1,plain
4,art,89,pca,lasso,7.0,0.3162376984629069,0.3744549576866582,0.37962771775373755,1,plain
4,art,89,emotion,lasso,3.0,0.3510016085624134,0.5213553554552974,0.5131377122434976,1,plain
4,art,89,population,elastic,,0.26158387043915343,0.4784338400578761,0.4916375788197713,1,plain
4,art,89,identity,elastic,33.0,0.2769342447093201,0.36609231501532963,0.37437641069104155,1,plain
4,art,89,random,elastic,4.0,0.08430246998397886,0.11470926122057322,0.13626503247173696,1,plain
4,art,89,shuffled,elastic,6.0,0.14596879611164165,0.2133481428498584,0.19179240225026978,1,plain
4,art,89,pca,elastic,7.0,0.30886322486408513,0.36992099479256435,0.37829954465645355,1,plain
4,art,89,emotion,elastic,3.0,0.3602568501916407,0.5182823361604116,0.5102935601271142,1,plain
4,art,90,population,lasso,,0.22172486602509656,0.4007117720538722,0.37650625532482995,1,plain
4,art,90,identity,lasso,43.0,0.4558577997571254,0.5627005771952721,0.5264752285860469,1,plain
4,art,90,random,lasso,6.0,0.20238652301268836,0.3730575773896221,0.3730734391091218,1,plain
4,art,90,shuffled,lasso,6.0,0.3989534398099419,0.5033561702671246,0.5073063880488572,1,plain
4,art,90,pca,lasso,7.0,0.3818197874444933,0.4424671146280011,0.49661010953636325,1,plain
4,art,90,emotion,lasso,4.0,0.375934926072249,0.4727123329364692,0.46289562589774036,1,plain
4,art,90,population,elastic,,0.21841029884935484,0.4136668902749623,0.3753363907634392,1,plain
4,art,90,identity,elastic,52.0,0.43480318707235177,0.5488983935520338,0.5290060097452125,1,plain
4,art,90,random,elastic,6.0,0.19983572970647867,0.3792859996113,0.3731957513762361,1,plain
4,art,90,shuffled,elastic,7.0,0.39386038360138065,0.5092856282221621,0.5013047579717864,1,plain
4,art,90,pca,elastic,7.0,0.37425212557413085,0.4447591740055786,0.49582573820711096,1,plain
4,art,90,emotion,elastic,5.0,0.3794372128927839,0.4903013972904877,0.47392412881532475,1,plain
4,art,97,population,lasso,,0.3081336015048935,0.37605365836945764,0.3754386472792644,1,plain
4,art,97,identity,lasso,33.0,0.15131393934050988,0.27643013099836766,0.3007813790729366,1,plain
4,art,97,random,lasso,7.0,0.07100238935577832,0.07074276741603658,0.11018964438281935,1,plain
4,art,97,shuffled,lasso,4.0,0.18535970284814188,0.35502202481333867,0.34755416673044526,1,plain
4,art,97,pca,lasso,4.0,0.22278427661679634,0.38958836991633805,0.3716855098698404,1,plain
4,art,97,emotion,lasso,5.0,0.26221162114645413,0.4146955114103652,0.400293080051581,1,plain
4,art,97,population,elastic,,0.3067828907755047,0.3856134918040572,0.37790503962273414,1,plain
4,art,97,identity,elastic,38.0,0.14822719333685322,0.30415364795870636,0.30767967408657926,1,plain
4,art,97,random,elastic,7.0,0.07211004412893093,0.06978678407257663,0.11391194391900027,1,plain
4,art,97,shuffled,elastic,5.0,0.2087891674014678,0.37690901188729026,0.36582820314709885,1,plain
4,art,97,pca,elastic,4.0,0.21653416876130682,0.38797829270630013,0.3716653826457304,1,plain
4,art,97,emotion,elastic,5.0,0.2665122748685483,0.4065948104473625,0.39497053742784693,1,plain
4,art,103,population,lasso,,0.3960230789042073,0.6369834232227993,0.6784672294953801,1,plain
4,art,103,identity,lasso,35.0,0.5774632592018785,0.6374327766331306,0.6732136278349031,1,plain
4,art,103,random,lasso,6.0,0.22504798316051824,0.2806461688301736,0.3201221340910573,1,plain
4,art,103,shuffled,lasso,6.0,0.6023811075015659,0.5870552665193349,0.6467646746265835,1,plain
4,art,103,pca,lasso,7.0,0.5286136922716008,0.5025268972203697,0.605874583091553,1,plain
4,art,103,emotion,lasso,4.0,0.6369838441275476,0.6880599275304435,0.7183294883308345,1,plain
4,art,103,population,elastic,,0.38922880705291546,0.6393799747445656,0.6758041961101275,1,plain
4,art,103,identity,elastic,44.0,0.5743904716290396,0.6320405357091564,0.6909462523961291,1,plain
4,art,103,random,elastic,6.0,0.22424557206519932,0.27849925809192466,0.32263067932424794,1,plain
4,art,103,shuffled,elastic,6.0,0.6101304542207154,0.5962919755094759,0.6535402769708333,1,plain
4,art,103,pca,elastic,7.0,0.5188961626383796,0.5005796991089345,0.6053451584470304,1,plain
4,art,103,emotion,elastic,7.0,0.6614364440266859,0.6871112925530777,0.7359837895772002,1,plain
4,art,108,population,lasso,,0.14272420478716125,0.2938502661986966,0.2967445319908273,1,plain
4,art,108,identity,lasso,48.0,0.33842362178207713,0.40703004592944364,0.38811752628744056,1,plain
4,art,108,random,lasso,7.0,0.06721479011143627,0.17818738467482229,0.18824762821821472,1,plain
4,art,108,shuffled,lasso,2.0,0.09991005913869329,0.1853883798748918,0.16887780684205958,1,plain
4,art,108,pca,lasso,7.0,0.2973131812383602,0.40166654605628843,0.387692867984512,1,plain
4,art,108,emotion,lasso,4.0,0.33900862918372304,0.39997803683696176,0.4138494332936678,1,plain
4,art,108,population,elastic,,0.13925291154485997,0.29345296991179626,0.2947931655998861,1,plain
4,art,108,identity,elastic,59.0,0.3547786140094479,0.42133271225785746,0.426594390816308,1,plain
4,art,108,random,elastic,7.0,0.06645389533917113,0.17704515784998373,0.1891415584535493,1,plain
4,art,108,shuffled,elastic,4.0,0.08436612404336964,0.15574014446495058,0.14181496569061794,1,plain
4,art,108,pca,elastic,7.0,0.28861389659765796,0.40107060162593783,0.3870342474073907,1,plain
4,art,108,emotion,elastic,5.0,0.34773860433844334,0.41060571251154704,0.42328205092515686,1,plain
4,art,114,population,lasso,,0.2515882288187417,0.6159507153028465,0.6303652054329589,1,plain
4,art,114,identity,lasso,43.0,0.5332830470242249,0.711252294558435,0.6938100796398898,1,plain
4,art,114,random,lasso,6.0,0.08488768788786737,0.12402057175947692,0.11553800689373803,1,plain
4,art,114,shuffled,lasso,4.0,0.40331995142428456,0.5138277574490884,0.5055178691271247,1,plain
4,art,114,pca,lasso,7.0,0.5366091805383636,0.6524302617191453,0.6333733733979466,1,plain
4,art,114,emotion,lasso,5.0,0.4385720269666821,0.5655318300120268,0.5505585066252269,1,plain
4,art,114,population,elastic,,0.24667163527664077,0.6235629783761663,0.6282551440754147,1,plain
4,art,114,identity,elastic,51.0,0.5211114341025983,0.7089785016923784,0.696205580191658,1,plain
4,art,114,random,elastic,6.0,0.08718927897275039,0.12777727301643996,0.12003248362598815,1,plain
4,art,114,shuffled,elastic,4.0,0.410420707971412,0.513926618008482,0.5057658853817545,1,plain
4,art,114,pca,elastic,7.0,0.5249237301632209,0.6537154489912643,0.6319605465022814,1,plain
4,art,114,emotion,elastic,5.0,0.4377889466591553,0.5580184274981007,0.5476691004952617,1,plain
4,art,115,population,lasso,,0.09038605106718514,0.1740287131803168,0.170757849584279,1,plain
4,art,115,identity,lasso,20.0,-0.09872630802081424,0.005765295484457216,-0.11744977592205136,1,plain
4,art,115,random,lasso,6.0,-0.041603837460808625,0.018662915279583154,-0.04919264902596266,1,plain
4,art,115,shuffled,lasso,4.0,-0.08704244694380825,-0.09676186648140565,-0.10652135744249798,1,plain
4,art,115,pca,lasso,4.0,-0.04410836463852537,-0.005052063053390344,-0.052996000446282394,1,plain
4,art,115,emotion,lasso,4.0,0.18593392924934507,0.2780417760442357,0.2339878762708999,1,plain
4,art,115,population,elastic,,0.0856275587431069,0.17664389876089534,0.16386191326508828,1,plain
4,art,115,identity,elastic,25.0,-0.07322186025768516,-0.009390893675713816,-0.09202110448516036,1,plain
4,art,115,random,elastic,6.0,-0.041752572918331426,0.01355141619027057,-0.049852868576827185,1,plain
4,art,115,shuffled,elastic,5.0,-0.07347288543669966,-0.07578094580085516,-0.08753716516104684,1,plain
4,art,115,pca,elastic,4.0,-0.04385051168299737,-0.0024963135087340527,-0.0540491085052174,1,plain
4,art,115,emotion,elastic,5.0,0.17966860758813108,0.27423786974521236,0.22146974665110578,1,plain
4,art,124,population,lasso,,0.3801446708564823,0.4817754966855983,0.5202655308204333,1,plain
4,art,124,identity,lasso,24.0,0.36432069990731936,0.5084322376358571,0.4964595952602137,1,plain
4,art,124,random,lasso,5.0,0.07300767504718786,0.1648508979818636,0.1423344143891643,1,plain
4,art,124,shuffled,lasso,4.0,0.41458927502436965,0.41628609739614675,0.49116463954927375,1,plain
4,art,124,pca,lasso,4.0,0.504347110153827,0.55443014777183,0.59335479850887,1,plain
4,art,124,emotion,lasso,5.0,0.5171050959322848,0.5538288679007715,0.5776698663568537,1,plain
4,art,124,population,elastic,,0.37955894770236753,0.49024352153633843,0.5243539540902847,1,plain
4,art,124,identity,elastic,26.0,0.36110892273602835,0.5241657275952204,0.5144605961192884,1,plain
4,art,124,random,elastic,5.0,0.07171624447976024,0.1648508979818636,0.1414846765930727,1,plain
4,art,124,shuffled,elastic,5.0,0.42705976437051474,0.4177391904178714,0.49785357108550476,1,plain
4,art,124,pca,elastic,4.0,0.49415595314048166,0.5514738550724592,0.5928366383968985,1,plain
4,art,124,emotion,elastic,5.0,0.520420432599106,0.5435068967809344,0.5744080177147559,1,plain
4,art,134,population,lasso,,0.36388606497850173,0.5240388232062899,0.5832230924398755,1,plain
4,art,134,identity,lasso,28.0,0.33456704338175003,0.3781413709704566,0.37312875614938606,1,plain
4,art,134,random,lasso,7.0,0.08539982328278495,0.08206115983284888,0.10389490837824397,1,plain
4,art,134,shuffled,lasso,5.0,0.3343144701379086,0.39414970046966186,0.42635281106579015,1,plain
4,art,134,pca,lasso,6.0,0.45495908192375434,0.5000017007582527,0.5011758641000289,1,plain
4,art,134,emotion,lasso,4.0,0.5284021104256129,0.5900423971414746,0.5634862709846995,1,plain
4,art,134,population,elastic,,0.3582920322935656,0.5217730288771717,0.5825380754146964,1,plain
4,art,134,identity,elastic,39.0,0.32946430483188194,0.3819833700502659,0.38257393151902774,1,plain
4,art,134,random,elastic,7.0,0.08470527139175979,0.07881023753454874,0.10401095812040341,1,plain
4,art,134,shuffled,elastic,7.0,0.3247705394828694,0.39281977771126636,0.4093521824105296,1,plain
4,art,134,pca,elastic,6.0,0.4477602474870328,0.5000017007582527,0.5016751410162785,1,plain
4,art,134,emotion,elastic,6.0,0.532100783880538,0.5896976023522609,0.5629724107787701,1,plain
4,art,135,population,lasso,,0.06532121356310745,0.01244913226370709,0.08515790353530314,1,plain
4,art,135,identity,lasso,26.0,0.36960821320543313,0.4743270596507993,0.4664815695678155,1,plain
4,art,135,random,lasso,6.0,0.11985079288755611,0.256542847053721,0.2571058882229222,1,plain
4,art,135,shuffled,lasso,4.0,0.10696475011598752,0.33048162045800566,0.25572463170064375,1,plain
4,art,135,pca,lasso,6.0,0.2405018045249765,0.38642711362689175,0.34547876897795354,1,plain
4,art,135,emotion,lasso,5.0,0.18508514422983677,0.3786653064665238,0.38914016447146355,1,plain
4,art,135,population,elastic,,0.06184313404590869,0.010785887872199668,0.08128748962959728,1,plain
4,art,135,identity,elastic,30.0,0.3487205312246019,0.47276461794968627,0.46696397244111476,1,plain
4,art,135,random,elastic,6.0,0.11763133533132147,0.25941572372996113,0.256468315384182,1,plain
4,art,135,shuffled,elastic,6.0,0.14860492068978454,0.35336383117753206,0.30442497420736775,1,plain
4,art,135,pca,elastic,6.0,0.2348773324171208,0.38360463829584884,0.3453051991744318,1,plain
4,art,135,emotion,elastic,6.0,0.2236979346195644,0.42488334001235134,0.42348810528906455,1,plain
4,art,142,population,lasso,,0.3141985091594635,0.5687779436135922,0.585736233818141,1,plain
4,art,142,identity,lasso,24.0,0.4438012445903541,0.5655210957661135,0.570187060996775,1,plain
4,art,142,random,lasso,7.0,0.23951866737219563,0.2671632999884906,0.2782313690914401,1,plain
4,art,142,shuffled,lasso,5.0,0.5168175998769929,0.5310188638818856,0.5678096208246288,1,plain
4,art,142,pca,lasso,5.0,0.5948455647168488,0.6565601707526678,0.6709123268468244,1,plain
4,art,142,emotion,lasso,5.0,0.5747092100370208,0.5717294619753699,0.6220194437060148,1,plain
4,art,142,population,elastic,,0.31464235436883364,0.5772762809656071,0.590056560497695,1,plain
4,art,142,identity,elastic,28.0,0.4428393172571866,0.5744265390990632,0.5800947956447972,1,plain
4,art,142,random,elastic,7.0,0.23811795944435213,0.2630413519315253,0.2790087621484008,1,plain
4,art,142,shuffled,elastic,5.0,0.5224950529408404,0.5336141645103453,0.5675198164543926,1,plain
4,art,142,pca,elastic,5.0,0.5850724824808299,0.6582903711716409,0.6711140932513968,1,plain
4,art,142,emotion,elastic,5.0,0.5912570479774287,0.6027712930216516,0.6357877626189383,1,plain
4,art,143,population,lasso,,0.4018950080340707,0.7231840147503007,0.7155510746031313,1,plain
4,art,143,identity,lasso,42.0,0.6575637350571573,0.766373018937764,0.757994332805052,1,plain
4,art,143,random,lasso,7.0,0.34458566629931753,0.45389935361310124,0.46458832042018083,1,plain
4,art,143,shuffled,lasso,3.0,0.3818974187530416,0.5317371634198851,0.5336523741886007,1,plain
4,art,143,pca,lasso,6.0,0.651248192770358,0.7554415647705415,0.7323942016917943,1,plain
4,art,143,emotion,lasso,4.0,0.7138138672340851,0.8120996821283322,0.8039755542703174,1,plain
4,art,143,population,elastic,,0.3953190127389756,0.7165958615691622,0.7120587064649837,1,plain
4,art,143,identity,elastic,56.0,0.636555467214675,0.7686178711328184,0.7583563137174627,1,plain
4,art,143,random,elastic,7.0,0.34143983278858075,0.45389935361310124,0.4650603943612358,1,plain
4,art,143,shuffled,elastic,7.0,0.38580435557842147,0.5309075441304084,0.533174681404035,1,plain
4,art,143,pca,elastic,6.0,0.6411686029352169,0.7554903659052166,0.7325075093508279,1,plain
4,art,143,emotion,elastic,5.0,0.714905098297788,0.810586846953404,0.8034567139379983,1,plain
4,fashion,1,population,lasso,,0.20861691593362547,0.2681638263890559,0.24594963035616907,1,plain
4,fashion,1,identity,lasso,10.0,0.24328807154335763,0.5122773344627718,0.49339101554757486,1,plain
4,fashion,1,random,lasso,5.0,0.09221417177970884,0.20001200058554064,0.2331889982692615,1,plain
4,fashion,1,shuffled,lasso,7.0,0.25348627983512717,0.4104106282495306,0.41886232057374106,1,plain
4,fashion,1,pca,lasso,6.0,0.3266947444352584,0.5413265642062425,0.4905527733135232,1,plain
4,fashion,1,emotion,lasso,5.0,0.2078784345857549,0.2732182812774992,0.3093340243085936,1,plain
4,fashion,1,population,elastic,,0.20873506669717048,0.27005230403968306,0.24719934756385972,1,plain
4,fashion,1,identity,elastic,12.0,0.2283499292492669,0.5292736333184163,0.49713021170029115,1,plain
4,fashion,1,random,elastic,5.0,0.09099437479178363,0.19673493642709938,0.2333570717814168,1,plain
4,fashion,1,shuffled,elastic,7.0,0.25320829320051397,0.4104106282495306,0.4186720449105605,1,plain
4,fashion,1,pca,elastic,6.0,0.31757081588707664,0.5413265642062425,0.49020340749323443,1,plain
4,fashion,1,emotion,elastic,5.0,0.2261989461119888,0.2658310010559282,0.31018632475808694,1,plain
4,fashion,2,population,lasso,,0.26233293536726815,0.5522899912236953,0.5529629803063374,1,plain
4,fashion,2,identity,lasso,26.0,0.183525753873654,0.1803701453354812,0.24911988847512537,1,plain
4,fashion,2,random,lasso,6.0,0.10103145133594266,0.09233114799962373,0.15110091385335403,1,plain
4,fashion,2,shuffled,lasso,7.0,0.16798831288134042,0.28088632483344994,0.2578217044913029,1,plain
4,fashion,2,pca,lasso,7.0,0.18957116689841966,0.28542801914045846,0.28515050576035056,1,plain
4,fashion,2,emotion,lasso,3.0,0.4302078930749486,0.5337738528951221,0.5472606849382075,1,plain
4,fashion,2,population,elastic,,0.2599539218846582,0.5482473842031712,0.5529299409143777,1,plain
4,fashion,2,identity,elastic,29.0,0.18845601711949103,0.2201973107969405,0.2743848086421921,1,plain
4,fashion,2,random,elastic,6.0,0.10037565554737296,0.09787101687960115,0.15313609637307674,1,plain
4,fashion,2,shuffled,elastic,7.0,0.16784623940427712,0.28088632483344994,0.257773928105237,1,plain
4,fashion,2,pca,elastic,7.0,0.18605386941187624,0.28542801914045846,0.28654472125124825,1,plain
4,fashion,2,emotion,elastic,5.0,0.4411390598198887,0.5204981310746356,0.5424381932680373,1,plain
4,fashion,12,population,lasso,,0.1344499131197899,0.148466166676643,0.18639459910487954,1,plain
4,fashion,12,identity,lasso,39.0,0.19862453802931354,0.23408283402910357,0.2741260425451271,1,plain
4,fashion,12,random,lasso,5.0,0.08012171496197365,0.06860439323820394,0.11779520382528151,1,plain
4,fashion,12,shuffled,lasso,7.0,0.07974769189026562,0.14013671495898025,0.1839029055702703,1,plain
4,fashion,12,pca,lasso,5.0,0.1995042796000652,0.19935154444272804,0.2910209665803766,1,plain
4,fashion,12,emotion,lasso,5.0,0.23772109686795923,0.29486259080526067,0.3305840393765059,1,plain
4,fashion,12,population,elastic,,0.13365244986353925,0.1525046887215704,0.1863434245062938,1,plain
4,fashion,12,identity,elastic,46.0,0.19817816861680695,0.25311436916582386,0.2945990243883644,1,plain
4,fashion,12,random,elastic,5.0,0.07919496017940636,0.06815005950814962,0.11819882657603838,1,plain
4,fashion,12,shuffled,elastic,7.0,0.0796955332963627,0.14013671495898025,0.18396717925858772,1,plain
4,fashion,12,pca,elastic,5.0,0.19465887465925993,0.19480820714218475,0.292287351942695,1,plain
4,fashion,12,emotion,elastic,6.0,0.2511953922846268,0.30869452880913695,0.337412937529063,1,plain
4,fashion,13,population,lasso,,0.29628245385961244,0.40068897376116436,0.4034489713818456,1,plain
4,fashion,13,identity,lasso,33.0,0.3675801524685024,0.5040909831727854,0.510624865040415,1,plain
4,fashion,13,random,lasso,6.0,0.1378347378674325,0.16314649259009237,0.24219891334476498,1,plain
4,fashion,13,shuffled,lasso,7.0,0.00900877599913439,0.028214047565640974,0.02622657129904184,1,plain
4,fashion,13,pca,lasso,7.0,0.2319678459294391,0.3339157278558141,0.36777886509824465,1,plain
4,fashion,13,emotion,lasso,4.0,0.33597759769050384,0.47087760437182913,0.4454080916044651,1,plain
4,fashion,13,population,elastic,,0.29387412069265023,0.3873244249142818,0.40250521099280173,1,plain
4,fashion,13,identity,elastic,35.0,0.35413120512733376,0.5158715854896672,0.525914126725854,1,plain
4,fashion,13,random,elastic,6.0,0.13578716818017128,0.15953311456852784,0.24249217218531846,1,plain
4,fashion,13,shuffled,elastic,7.0,0.009001038465426754,0.028214047565640974,0.026249652980133327,1,plain
4,fashion,13,pca,elastic,7.0,0.22402785031465688,0.33252977464206324,0.36764110139674283,1,plain
4,fashion,13,emotion,elastic,6.0,0.3447270583882074,0.4764709155558948,0.44882216207322523,1,plain
4,fashion,26,population,lasso,,0.31947870689026125,0.41531539401033407,0.43500613518972187,1,plain
4,fashion,26,identity,lasso,30.0,0.162367225614932,0.24174471302598596,0.22097155547295944,1,plain
4,fashion,26,random,lasso,7.0,-0.002961715521067775,0.06003158459452832,-0.005492577998988677,1,plain
4,fashion,26,shuffled,lasso,7.0,0.01940736008370039,0.0013149294013965764,0.03243786199433815,1,plain
4,fashion,26,pca,lasso,5.0,0.09021224035828398,0.15506052094930398,0.20358323154480237,1,plain
4,fashion,26,emotion,lasso,4.0,0.27170139912190916,0.4345335929538225,0.44237248420251774,1,plain
4,fashion,26,population,elastic,,0.3181747933302985,0.42022109216169823,0.4358170912205961,1,plain
4,fashion,26,identity,elastic,32.0,0.14728365394416806,0.25808018212795114,0.22072931279784191,1,plain
4,fashion,26,random,elastic,7.0,-0.0028240619076998702,0.058210913115671524,-0.005372492950371188,1,plain
4,fashion,26,shuffled,elastic,7.0,0.019354236058863532,0.0013149294013965764,0.03235999180900964,1,plain
4,fashion,26,pca,elastic,5.0,0.0869796107528296,0.15506052094930398,0.202872879778873,1,plain
4,fashion,26,emotion,elastic,5.0,0.2755587850612997,0.4044419393449393,0.4320942467707878,1,plain
4,fashion,29,population,lasso,,0.13781530340034825,0.29414378849452477,0.217437720954366,1,plain
4,fashion,29,identity,lasso,17.0,0.029997531848645075,-0.022618371604128485,0.05306006441965861,1,plain
4,fashion,29,random,lasso,6.0,0.09867996798715167,0.1949588178870936,0.21788210934789282,1,plain
4,fashion,29,shuffled,lasso,7.0,0.1864550006335441,0.24014308227492334,0.28994117938694236,1,plain
4,fashion,29,pca,lasso,3.0,0.2627609367661767,0.37343928616004246,0.38741162366114357,1,plain
4,fashion,29,emotion,lasso,4.0,0.10100260218191545,0.24030051873620498,0.17825865889908052,1,plain
4,fashion,29,population,elastic,,0.13604880520061502,0.2806567316447312,0.2153621652146688,1,plain
4,fashion,29,identity,elastic,20.0,0.034453949887359656,-0.006454894912547109,0.0663835353181812,1,plain
4,fashion,29,random,elastic,6.0,0.09670122268782454,0.19044563933035333,0.21744321432615543,1,plain
4,fashion,29,shuffled,elastic,7.0,0.18623889266086624,0.24014308227492334,0.2898254499926777,1,plain
4,fashion,29,pca,elastic,3.0,0.25608913769665015,0.37569587543841254,0.3887016254306943,1,plain
4,fashion,29,emotion,elastic,5.0,0.11448404725069895,0.25562433430095094,0.18696685555220535,1,plain
4,fashion,34,population,lasso,,0.20962665786210888,0.36943493518352133,0.38848445777213453,1,plain
4,fashion,34,identity,lasso,32.0,0.3171604774486254,0.31341847107657295,0.369479787982863,1,plain
4,fashion,34,random,lasso,6.0,0.2520754413279087,0.40912548392247594,0.38179331277149536,1,plain
4,fashion,34,shuffled,lasso,7.0,0.20884794654900454,0.2988033552231894,0.31088984838867495,1,plain
4,fashion,34,pca,lasso,6.0,0.29406264681407396,0.40976092374218825,0.41002119962105943,1,plain
4,fashion,34,emotion,lasso,4.0,0.3487297956980472,0.5299568096400818,0.5217287059960012,1,plain
4,fashion,34,population,elastic,,0.20828153034240238,0.3734919740324538,0.38842260523444744,1,plain
4,fashion,34,identity,elastic,38.0,0.30634847841625623,0.31855086962040335,0.36669198867843855,1,plain
4,fashion,34,random,elastic,6.0,0.24964413336798363,0.40756132436626097,0.3832793314532433,1,plain
4,fashion,34,shuffled,elastic,7.0,0.2087217493331567,0.29982983493195553,0.3108890386396396,1,plain
4,fashion,34,pca,elastic,6.0,0.2873207420841772,0.4087344440334222,0.41126045552897333,1,plain
4,fashion,34,emotion,elastic,4.0,0.35850777720897725,0.5271217704444422,0.524074356634297,1,plain
4,fashion,38,population,lasso,,0.2162367229968201,0.3943390254621606,0.3965134107317931,1,plain
4,fashion,38,identity,lasso,30.0,0.01561187921341406,0.01961346315095475,0.020930380507388262,1,plain
4,fashion,38,random,lasso,7.0,-0.06785506477808928,-0.11196429215821405,-0.14385501581957938,1,plain
4,fashion,38,shuffled,lasso,7.0,-0.01258221331494279,0.041444528919479764,-0.022424889660268746,1,plain
4,fashion,38,pca,lasso,5.0,0.05958210347476248,0.1334996775777297,0.10246547384089102,1,plain
4,fashion,38,emotion,lasso,4.0,0.16157433897604345,0.33643495711449267,0.29752748648586513,1,plain
4,fashion,38,population,elastic,,0.21521472134783776,0.38773549766761806,0.3967482574459336,1,plain
4,fashion,38,identity,elastic,38.0,0.027403816352419442,0.06194503311746261,0.03959512751413345,1,plain
4,fashion,38,random,elastic,7.0,-0.06648927749298275,-0.1107815707621766,-0.1430252430440132,1,plain
4,fashion,38,shuffled,elastic,7.0,-0.012643284695175104,0.041444528919479764,-0.022550158145258133,1,plain
4,fashion,38,pca,elastic,5.0,0.0584287517830946,0.13566800013713173,0.1034852215853446,1,plain
4,fashion,38,emotion,elastic,4.0,0.16741993284200468,0.33076775042514645,0.29829353129355207,1,plain
4,fashion,43,population,lasso,,0.2997126867208927,0.4482082954433005,0.4626330250718145,1,plain
4,fashion,43,identity,lasso,36.0,0.23941233460584813,0.3792873280537253,0.34960756417043853,1,plain
4,fashion,43,random,lasso,6.0,0.06409442243451638,0.1786419634342533,0.20782389523434214,1,plain
4,fashion,43,shuffled,lasso,7.0,0.15444785771025007,0.27139172627777614,0.27222689092281444,1,plain
4,fashion,43,pca,lasso,7.0,0.37714950184932494,0.39793595058290165,0.4901593112433532,1,plain
4,fashion,43,emotion,lasso,5.0,0.4454633527520354,0.6153058735023493,0.5991760972058143,1,plain
4,fashion,43,population,elastic,,0.2973369178930757,0.4483563003840082,0.46240687824713295,1,plain
4,fashion,43,identity,elastic,44.0,0.23808094266867585,0.41490718378405694,0.35912284986161513,1,plain
4,fashion,43,random,elastic,6.0,0.06294282193306969,0.17612587944222152,0.2090518945582575,1,plain
4,fashion,43,shuffled,elastic,7.0,0.15430791276409342,0.27139172627777614,0.27223883831274975,1,plain
4,fashion,43,pca,elastic,7.0,0.3688025726456748,0.39793595058290165,0.4908126230679084,1,plain
4,fashion,43,emotion,elastic,5.0,0.4600528768957778,0.6179206274548529,0.6084333196714721,1,plain
4,fashion,48,population,lasso,,0.3094520232889703,0.5195500123283288,0.466512824328899,1,plain
4,fashion,48,identity,lasso,35.0,0.34092249905205185,0.30852898836369475,0.3830369300643509,1,plain
4,fashion,48,random,lasso,7.0,0.01209842778591267,-0.012114625879883305,0.02558612092818936,1,plain
4,fashion,48,shuffled,lasso,7.0,0.3310706171157548,0.45040800120899477,0.48242868534489985,1,plain
4,fashion,48,pca,lasso,7.0,0.10974261873018565,0.11917640093218537,0.18201223873964903,1,plain
4,fashion,48,emotion,lasso,6.0,0.15739482407279246,0.22934070212445756,0.23118719521406342,1,plain
4,fashion,48,population,elastic,,0.3087727179424599,0.5264937613082619,0.46778008670467736,1,plain
4,fashion,48,identity,elastic,38.0,0.3456547194040503,0.3339894012901162,0.4002374426622588,1,plain
4,fashion,48,random,elastic,7.0,0.011462850572147259,-0.016743791866505382,0.024569325316537383,1,plain
4,fashion,48,shuffled,elastic,7.0,0.3307814811241106,0.4491275935956738,0.48230191454377563,1,plain
4,fashion,48,pca,elastic,7.0,0.10618092904663998,0.12178646260549356,0.18099129821744034,1,plain
4,fashion,48,emotion,elastic,7.0,0.14530876613341687,0.213581839191276,0.2119818030319497,1,plain
4,fashion,49,population,lasso,,0.0916227426141142,0.17557435369509453,0.15379572511254105,1,plain
4,fashion,49,identity,lasso,24.0,0.08569154275623932,0.14513081880197123,0.13087453723179013,1,plain
4,fashion,49,random,lasso,7.0,0.03596725045776517,0.03917733588705208,0.052408028588568176,1,plain
4,fashion,49,shuffled,lasso,7.0,-0.05368145744348061,-0.12382034437678498,-0.09323461865155311,1,plain
4,fashion,49,pca,lasso,7.0,0.025783399046532762,0.06777429571288754,0.04482206555110283,1,plain
4,fashion,49,emotion,lasso,4.0,0.08014763430897481,0.19304195568295218,0.16169749756843058,1,plain
4,fashion,49,population,elastic,,0.09498380958292985,0.18206232014772736,0.16051372577252304,1,plain
4,fashion,49,identity,elastic,31.0,0.08081793797435392,0.15645980637695323,0.1338250099680531,1,plain
4,fashion,49,random,elastic,7.0,0.035246548292409224,0.03777992772802347,0.052108274882881625,1,plain
4,fashion,49,shuffled,elastic,7.0,-0.05367278057061416,-0.12516784510156256,-0.09329238736845062,1,plain
4,fashion,49,pca,elastic,7.0,0.024948615720677858,0.06672623959361608,0.044721936571586504,1,plain
4,fashion,49,emotion,elastic,7.0,0.09406495462813057,0.1802656525146906,0.19303746014702286,1,plain
4,fashion,56,population,lasso,,0.028622385686060674,0.003724077655435845,0.10769442573730224,1,plain
4,fashion,56,identity,lasso,38.0,-0.32204234905065926,-0.36682164906043074,-0.37500754362311994,1,plain
4,fashion,56,random,lasso,7.0,-0.06376560311293267,-0.09868805786904988,-0.08190363492663888,1,plain
4,fashion,56,shuffled,lasso,7.0,0.030599124950865704,-0.0016292839742531823,0.0415911451073196,1,plain
4,fashion,56,pca,lasso,7.0,-0.10306114589908472,-0.1926046412420726,-0.14272898736323236,1,plain
4,fashion,56,emotion,lasso,5.0,-0.0541839259826719,-0.041488552630089964,-0.07608245128928301,1,plain
4,fashion,56,population,elastic,,0.028023126338228323,0.005702493909886137,0.10642609039768969,1,plain
4,fashion,56,identity,elastic,44.0,-0.3225964839491032,-0.3840455082168215,-0.39723196269326344,1,plain
4,fashion,56,random,elastic,7.0,-0.06356183976645234,-0.09624413190767012,-0.08248565350168366,1,plain
4,fashion,56,shuffled,elastic,7.0,0.030535837279018194,-0.0016292839742531823,0.04152314267905095,1,plain
4,fashion,56,pca,elastic,7.0,-0.10018121473402723,-0.1926046412420726,-0.14186532519000372,1,plain
4,fashion,56,emotion,elastic,6.0,-0.05384425483281007,-0.040266589649400074,-0.07318946259564316,1,plain
4,fashion,61,population,lasso,,0.22955655425865676,0.34678612990215263,0.30989837426617445,1,plain
4,fashion,61,identity,lasso,35.0,0.1524543388399622,0.21747944019549142,0.2005622636187243,1,plain
4,fashion,61,random,lasso,5.0,0.17274646497326265,0.16218381630777443,0.28729098342284065,1,plain
4,fashion,61,shuffled,lasso,7.0,0.3245391951108583,0.44316565171911454,0.4251838597014642,1,plain
4,fashion,61,pca,lasso,6.0,0.18914563085256098,0.2397478136163367,0.23288959505742526,1,plain
4,fashion,61,emotion,lasso,6.0,0.22275742858352898,0.3116571453146618,0.2598157025109367,1,plain
4,fashion,61,population,elastic,,0.22652164783386253,0.3414817533120187,0.307291034773403,1,plain
4,fashion,61,identity,elastic,41.0,0.14700208033175058,0.21747944019549142,0.2017401799160466,1,plain
4,fashion,61,random,elastic,5.0,0.17024230816977132,0.15888109126108724,0.28785982250278747,1,plain
4,fashion,61,shuffled,elastic,7.0,0.3243935185224624,0.44316565171911454,0.4251677171911376,1,plain
4,fashion,61,pca,elastic,6.0,0.1863307486503991,0.24224987804564513,0.23551186140036232,1,plain
4,fashion,61,emotion,elastic,7.0,0.2435122240634498,0.33462609677571353,0.27685589978411856,1,plain
4,fashion,72,population,lasso,,0.09988244275565358,0.17949379397061183,0.21565695315375366,1,plain
4,fashion,72,identity,lasso,45.0,0.13524774187841251,0.1935496517794974,0.174253348870745,1,plain
4,fashion,72,random,lasso,7.0,-0.003755332883293737,-0.03300922704943857,-0.009239553563069857,1,plain
4,fashion,72,shuffled,lasso,7.0,0.10181820844840474,0.10431699349451658,0.14839945740867605,1,plain
4,fashion,72,pca,lasso,7.0,0.14726749041998222,0.1976145862677814,0.24374071710600745,1,plain
4,fashion,72,emotion,lasso,6.0,0.13915890590281027,0.17782864008384489,0.2168839834341964,1,plain
4,fashion,72,population,elastic,,0.09882996102822325,0.16631948821942644,0.21445026658093178,1,plain
4,fashion,72,identity,elastic,56.0,0.12317936992486492,0.16107915098754227,0.171375088510617,1,plain
4,fashion,72,random,elastic,7.0,-0.0038175321931587587,-0.03300922704943857,-0.009504784232737184,1,plain
4,fashion,72,shuffled,elastic,7.0,0.10184960592422641,0.10431699349451658,0.1485083309745825,1,plain
4,fashion,72,pca,elastic,7.0,0.1441103807150804,0.20109181938426524,0.24396910128946378,1,plain
4,fashion,72,emotion,elastic,7.0,0.1472184598491022,0.1885052150048799,0.22868944654911466,1,plain
4,fashion,77,population,lasso,,0.33654378851055045,0.4709288633731353,0.4877404281153148,1,plain
4,fashion,77,identity,lasso,25.0,0.13983089936609647,0.25478661239017547,0.24366866343874904,1,plain
4,fashion,77,random,lasso,6.0,0.037213349382791465,0.10587766365140198,0.11187258921548851,1,plain
4,fashion,77,shuffled,lasso,7.0,0.37069628105170327,0.5173119553172552,0.49041865561010883,1,plain
4,fashion,77,pca,lasso,4.0,0.10553388514926204,0.266715101498015,0.23504221753397675,1,plain
4,fashion,77,emotion,lasso,5.0,0.28125367721793915,0.4172506623878575,0.4119806025817376,1,plain
4,fashion,77,population,elastic,,0.3319514803035178,0.4649153275419104,0.4830030598375743,1,plain
4,fashion,77,identity,elastic,26.0,0.1255257844002914,0.24271024945042058,0.23859265676505323,1,plain
4,fashion,77,random,elastic,6.0,0.0348315627070125,0.10203294402160247,0.10769133986628061,1,plain
4,fashion,77,shuffled,elastic,7.0,0.37050245944543336,0.5173119553172552,0.49044065428833045,1,plain
4,fashion,77,pca,elastic,4.0,0.10226046888801794,0.27085556879164524,0.23534930946056432,1,plain
4,fashion,77,emotion,elastic,5.0,0.29135800572879417,0.4261230923027794,0.4173964406245045,1,plain
4,fashion,78,population,lasso,,0.18105073102187527,0.3247839818556314,0.3338617461040518,1,plain
4,fashion,78,identity,lasso,39.0,0.40433271756978717,0.5113737029401523,0.5381588888819356,1,plain
4,fashion,78,random,lasso,6.0,0.016338121205893633,0.08680217752807742,0.04270604455981345,1,plain
4,fashion,78,shuffled,lasso,7.0,0.17038069282508128,0.33647081128116085,0.3147837744390161,1,plain
4,fashion,78,pca,lasso,7.0,0.2441620288103507,0.4008982042680537,0.4195933589320373,1,plain
4,fashion,78,emotion,lasso,3.0,0.3634660701712696,0.4844040965735459,0.48154758684405485,1,plain
4,fashion,78,population,elastic,,0.17752405491159615,0.32043887860767817,0.32982554157711275,1,plain
4,fashion,78,identity,elastic,46.0,0.37674830157811484,0.4933939653624147,0.5348202194592581,1,plain
4,fashion,78,random,elastic,6.0,0.016615714768413267,0.08939925073375063,0.04402530805131352,1,plain
4,fashion,78,shuffled,elastic,7.0,0.17024093200549084,0.33647081128116085,0.31471816507641814,1,plain
4,fashion,78,pca,elastic,7.0,0.2384765958429186,0.3973522004679999,0.4201634904938727,1,plain
4,fashion,78,emotion,elastic,7.0,0.3701903519671259,0.4758137775086269,0.4854797994519976,1,plain
4,fashion,89,population,lasso,,0.12588976257213996,0.27423961134834535,0.2967207549572136,1,plain
4,fashion,89,identity,lasso,32.0,0.23682583960799236,0.3191008585989007,0.27219485663023807,1,plain
4,fashion,89,random,lasso,6.0,0.10082943781091652,0.16875904975593098,0.1751432826094392,1,plain
4,fashion,89,shuffled,lasso,7.0,0.22788728414874326,0.2965963690341325,0.31327640063101164,1,plain
4,fashion,89,pca,lasso,5.0,0.31353477741548025,0.4453131272083115,0.4668632960824422,1,plain
4,fashion,89,emotion,lasso,5.0,0.09859762701341997,0.18574821583874276,0.15106204292203304,1,plain
4,fashion,89,population,elastic,,0.12377616397419797,0.27310700027615786,0.2928837372230723,1,plain
4,fashion,89,identity,elastic,39.0,0.23753615647534937,0.3288511626116449,0.28802313013321057,1,plain
4,fashion,89,random,elastic,7.0,0.10016285662139122,0.16875904975593098,0.17671011657163843,1,plain
4,fashion,89,shuffled,elastic,7.0,0.2275654603531231,0.2965963690341325,0.31304459965468023,1,plain
4,fashion,89,pca,elastic,5.0,0.3079760490285253,0.4467904459981213,0.46882696508428,1,plain
4,fashion,89,emotion,elastic,6.0,0.09360617006927283,0.177573718535129,0.13346223082119765,1,plain
4,fashion,90,population,lasso,,0.16682148005398445,0.3456782193160456,0.3007972339308989,1,plain
4,fashion,90,identity,lasso,40.0,0.2379590747866163,0.306287888478987,0.34307412422610123,1,plain
4,fashion,90,random,lasso,7.0,0.024591240307352887,0.15370526865662631,0.0441062662198377,1,plain
4,fashion,90,shuffled,lasso,7.0,0.2660864259974005,0.4513048313747752,0.4446842412605282,1,plain
4,fashion,90,pca,lasso,6.0,0.19464533179716167,0.30174848232304347,0.3145239618584735,1,plain
4,fashion,90,emotion,lasso,5.0,0.28117149568082184,0.32425026982723676,0.349295541257372,1,plain
4,fashion,90,population,elastic,,0.1688618061781124,0.3461663275048567,0.30588057612273245,1,plain
4,fashion,90,identity,elastic,49.0,0.22517679976151248,0.2969162112538133,0.3556509830543896,1,plain
4,fashion,90,random,elastic,7.0,0.02355670318305856,0.15492553912865417,0.04339943287191067,1,plain
4,fashion,90,shuffled,elastic,7.0,0.26594331261051285,0.4528179667600897,0.4446361529774762,1,plain
4,fashion,90,pca,elastic,6.0,0.18880116076467074,0.30174848232304347,0.31449156454607796,1,plain
4,fashion,90,emotion,elastic,6.0,0.2844277741693061,0.32503124292933466,0.34866658084280466,1,plain
4,fashion,97,population,lasso,,0.4330346413757044,0.5564641576509319,0.561130800618952,1,plain
4,fashion,97,identity,lasso,22.0,0.14328931048891172,0.24931756476864061,0.2587964581533004,1,plain
4,fashion,97,random,lasso,5.0,0.00964915204061087,0.0263137376601797,0.02786616338518835,1,plain
4,fashion,97,shuffled,lasso,7.0,0.26933146650691003,0.4363694828646467,0.43897900700022097,1,plain
4,fashion,97,pca,lasso,6.0,0.05549171748736759,0.22325880518656344,0.1474882690795616,1,plain
4,fashion,97,emotion,lasso,2.0,0.2838768457806461,0.5024088050931985,0.5231410083564916,1,plain
4,fashion,97,population,elastic,,0.4320063352464484,0.5512626048576406,0.5618945836809085,1,plain
4,fashion,97,identity,elastic,22.0,0.12728079551705962,0.23488580554803817,0.2580951111280704,1,plain
4,fashion,97,random,elastic,5.0,0.009242536017222604,0.026364733275800207,0.02728336242555514,1,plain
4,fashion,97,shuffled,elastic,7.0,0.2690400629988986,0.4363694828646467,0.4389279090518873,1,plain
4,fashion,97,pca,elastic,7.0,0.054052226367236236,0.23024520452657238,0.15028186275819322,1,plain
4,fashion,97,emotion,elastic,4.0,0.2731804771736332,0.4770639841298084,0.490875083465654,1,plain
4,fashion,103,population,lasso,,0.08435082202385578,0.1331286107777117,0.10763769423247457,1,plain
4,fashion,103,identity,lasso,15.0,0.15094973160214611,0.28679991355557966,0.27480756240939347,1,plain
4,fashion,103,random,lasso,6.0,0.04225322175297582,0.08840338086475012,0.06559737724222137,1,plain
4,fashion,103,shuffled,lasso,7.0,0.011232789992752774,-0.02702460937884634,0.021985236065582888,1,plain
4,fashion,103,pca,lasso,6.0,0.07604736950605749,0.16643569392359614,0.12649425703403702,1,plain
4,fashion,103,emotion,lasso,3.0,0.14871482924822646,0.2975698685847878,0.29715586393687254,1,plain
4,fashion,103,population,elastic,,0.08737629787728653,0.14379884400109386,0.11209857282218853,1,plain
4,fashion,103,identity,elastic,16.0,0.1422857945960754,0.2892929587012297,0.28557598641338544,1,plain
4,fashion,103,random,elastic,6.0,0.04150141105948814,0.08361673418510206,0.06535927948792507,1,plain
4,fashion,103,shuffled,elastic,7.0,0.01123848250976738,-0.02702460937884634,0.02200359842704102,1,plain
4,fashion,103,pca,elastic,6.0,0.07302460599501981,0.16758249469059514,0.12566209622497077,1,plain
4,fashion,103,emotion,elastic,5.0,0.19252318826228584,0.33052792541028125,0.35336445587369775,1,plain
4,fashion,108,population,lasso,,0.2743239786839429,0.4707450870046026,0.483450279228531,1,plain
4,fashion,108,identity,lasso,41.0,-0.0665471782682819,-0.11762488089473379,-0.08690023708481596,1,plain
4,fashion,108,random,lasso,6.0,0.041088792771190964,0.10755678044236616,0.09351678706772373,1,plain
4,fashion,108,shuffled,lasso,7.0,0.1343169065484317,0.37158657572006504,0.41303944098735634,1,plain
4,fashion,108,pca,lasso,6.0,0.007210008633272861,0.030106075986835828,0.01884468578589603,1,plain
4,fashion,108,emotion,lasso,3.0,0.12150777639745841,0.2588729633386813,0.28171652000542535,1,plain
4,fashion,108,population,elastic,,0.2715254326458841,0.4721202421883406,0.4823733212034537,1,plain
4,fashion,108,identity,elastic,48.0,-0.07511824944184307,-0.1558345499285972,-0.10625249264585888,1,plain
4,fashion,108,random,elastic,6.0,0.040453660694520395,0.10696742822076416,0.09368517856877882,1,plain
4,fashion,108,shuffled,elastic,7.0,0.13417235197193517,0.37158657572006504,0.4129988204846466,1,plain
4,fashion,108,pca,elastic,6.0,0.006871469525503315,0.030106075986835828,0.01852279404129205,1,plain
4,fashion,108,emotion,elastic,4.0,0.1259272856376295,0.2561226529712053,0.27848728921506866,1,plain
4,fashion,114,population,lasso,,0.2973466206474185,0.41852149102246644,0.42008866136926337,1,plain
4,fashion,114,identity,lasso,36.0,0.3000921449348309,0.379554816507501,0.3818340430901849,1,plain
4,fashion,114,random,lasso,6.0,-0.0038740877045101915,0.07696301244305759,-0.006505944735686755,1,plain
4,fashion,114,shuffled,lasso,7.0,0.32126135305509407,0.41499763710171594,0.387320997628253,1,plain
4,fashion,114,pca,lasso,7.0,0.25120842604468235,0.20560921572378887,0.315675246686385,1,plain
4,fashion,114,emotion,lasso,5.0,0.34075929090613877,0.3659701042912746,0.4535246337828222,1,plain
4,fashion,114,population,elastic,,0.2950994261088712,0.42168785251647417,0.42008017097053063,1,plain
4,fashion,114,identity,elastic,41.0,0.31837076766317474,0.4252117064372246,0.41815942463063366,1,plain
4,fashion,114,random,elastic,6.0,-0.00396460899990063,0.06960888252149137,-0.0067476272096831675,1,plain
4,fashion,114,shuffled,elastic,7.0,0.3211512564940362,0.41499763710171594,0.3873237353762157,1,plain
4,fashion,114,pca,elastic,7.0,0.24644530708037668,0.20014468862929174,0.3156227222505769,1,plain
4,fashion,114,emotion,elastic,6.0,0.3439042408126647,0.3610673510102304,0.4451247802819232,1,plain
4,fashion,115,population,lasso,,0.21673572916765954,0.4191585525875278,0.43978120762969897,1,plain
4,fashion,115,identity,lasso,15.0,0.1126351783391981,0.060501412240662786,0.2523784338932891,1,plain
4,fashion,115,random,lasso,4.0,0.09818905336964107,0.13745444002656984,0.17786646704681205,1,plain
4,fashion,115,shuffled,lasso,7.0,0.16397326833814072,0.21184435379637004,0.2593884774709533,1,plain
4,fashion,115,pca,lasso,5.0,0.18542212726864613,0.059070836975858944,0.25815368129283717,1,plain
4,fashion,115,emotion,lasso,4.0,0.2669824410181079,0.2814060760474572,0.35138163793975846,1,plain
4,fashion,115,population,elastic,,0.21572633338372293,0.4166550458741211,0.44049836414156734,1,plain
4,fashion,115,identity,elastic,14.0,0.10860660735236868,0.08190043391002037,0.2601358194049658,1,plain
4,fashion,115,random,elastic,4.0,0.09672434430935788,0.13745444002656984,0.17799052642608454,1,plain
4,fashion,115,shuffled,elastic,7.0,0.1638227052923615,0.21184435379637004,0.2593721449276204,1,plain
4,fashion,115,pca,elastic,5.0,0.18010329481948195,0.05370617973284451,0.25731593466491504,1,plain
4,fashion,115,emotion,elastic,6.0,0.27015261165241466,0.2867707332904716,0.3443835302714627,1,plain
4,fashion,124,population,lasso,,0.2321455279432196,0.3999463422172355,0.4060206057781527,1,plain
4,fashion,124,identity,lasso,15.0,0.1854715331331082,0.27336259621615316,0.2804575555636343,1,plain
4,fashion,124,random,lasso,6.0,0.0403552671813814,0.1983596447410053,0.14082081641126667,1,plain
4,fashion,124,shuffled,lasso,7.0,0.14197835424445235,0.14323950205385635,0.18349827809707092,1,plain
4,fashion,124,pca,lasso,7.0,0.17456734614166036,0.23630353899873105,0.2888975484059735,1,plain
4,fashion,124,emotion,lasso,6.0,0.38610264695540913,0.5359510002356682,0.5051913119052439,1,plain
4,fashion,124,population,elastic,,0.2282398051333256,0.38802706679196913,0.40257348457951153,1,plain
4,fashion,124,identity,elastic,20.0,0.17517109883665538,0.28840482590131467,0.2857824924829282,1,plain
4,fashion,124,random,elastic,6.0,0.039259644079193204,0.1983596447410053,0.1404662259178903,1,plain
4,fashion,124,shuffled,elastic,7.0,0.14181391651953495,0.14323950205385635,0.18338828986036393,1,plain
4,fashion,124,pca,elastic,7.0,0.16859703817790728,0.23630353899873105,0.287913764919467,1,plain
4,fashion,124,emotion,elastic,6.0,0.4073456681554412,0.5494317527908821,0.5211417569832623,1,plain
4,fashion,134,population,lasso,,0.1977848701678484,0.28140008441519215,0.28781461865048275,1,plain
4,fashion,134,identity,lasso,36.0,0.3540421852613022,0.4079673659157629,0.400377008674812,1,plain
4,fashion,134,random,lasso,6.0,0.010447293575639309,0.0147603255696818,0.01501277709595608,1,plain
4,fashion,134,shuffled,lasso,6.0,0.07177455720199964,0.12475989469611996,0.12455140764847906,1,plain
4,fashion,134,pca,lasso,7.0,0.2581837705325105,0.3085108864819547,0.31251418947458737,1,plain
4,fashion,134,emotion,lasso,3.0,0.28775139886585305,0.3830655921655514,0.3320682255684966,1,plain
4,fashion,134,population,elastic,,0.19728432509143476,0.2756766928677645,0.28930016751631454,1,plain
4,fashion,134,identity,elastic,39.0,0.32457694879141613,0.40435259230686127,0.39185537043231794,1,plain
4,fashion,134,random,elastic,6.0,0.010595527778447345,0.02269274543366045,0.015436687336495999,1,plain
4,fashion,134,shuffled,elastic,6.0,0.07184131223682949,0.12641666593353323,0.12474229564734121,1,plain
4,fashion,134,pca,elastic,7.0,0.2517979450458155,0.3085108864819547,0.31075043626039084,1,plain
4,fashion,134,emotion,elastic,6.0,0.2868418614980608,0.3831660025435766,0.3280715625670924,1,plain
4,fashion,135,population,lasso,,0.012260588518177505,0.018064905179607085,0.01689209384302812,1,plain
4,fashion,135,identity,lasso,28.0,0.17752153487122357,0.19260891976816527,0.22727249653117923,1,plain
4,fashion,135,random,lasso,7.0,-0.02553256873515234,-0.009607927408544489,-0.035793926615429524,1,plain
4,fashion,135,shuffled,lasso,7.0,0.04534511715050186,0.027372584856634557,0.083585842922238,1,plain
4,fashion,135,pca,lasso,7.0,0.2310304442386423,0.23849678140168246,0.3048104415238556,1,plain
4,fashion,135,emotion,lasso,3.0,0.07568677500510634,0.09317687934744709,0.1233813922211971,1,plain
4,fashion,135,population,elastic,,0.014098260358892127,0.024720396561567593,0.019572581000864443,1,plain
4,fashion,135,identity,elastic,33.0,0.1715260810950942,0.1859534283862048,0.23728333517131087,1,plain
4,fashion,135,random,elastic,7.0,-0.024818068249523213,-0.006905697824891351,-0.03523814208774764,1,plain
4,fashion,135,shuffled,elastic,7.0,0.04540116262598393,0.027372584856634557,0.08373811634506306,1,plain
4,fashion,135,pca,elastic,7.0,0.22695612639461474,0.2374459143413729,0.3076855929914954,1,plain
4,fashion,135,emotion,elastic,5.0,0.06949285337332808,0.06995772144346456,0.10898068850033021,1,plain
4,fashion,142,population,lasso,,0.15084493835120114,0.39588489903678514,0.4182369389513183,1,plain
4,fashion,142,identity,lasso,30.0,0.2432709967594429,0.3002110241542407,0.32100598737599906,1,plain
4,fashion,142,random,lasso,7.0,-0.03810555382345575,0.04043058233371576,-0.06295986686862397,1,plain
4,fashion,142,shuffled,lasso,7.0,0.2113794257256747,0.3123351260083914,0.27348831013521435,1,plain
4,fashion,142,pca,lasso,7.0,0.11326954079853072,0.20123979939504444,0.18852461815625574,1,plain
4,fashion,142,emotion,lasso,4.0,0.25077200535455624,0.32709710776386347,0.3345024448195312,1,plain
4,fashion,142,population,elastic,,0.14894351664197245,0.3925875491601333,0.41711725641532743,1,plain
4,fashion,142,identity,elastic,39.0,0.21135129108856576,0.2582078595716602,0.29261184421508407,1,plain
4,fashion,142,random,elastic,7.0,-0.037444192500628505,0.04043058233371576,-0.0628924790793753,1,plain
4,fashion,142,shuffled,elastic,7.0,0.21121534826703806,0.3123351260083914,0.2734392750825792,1,plain
4,fashion,142,pca,elastic,7.0,0.10969644802916954,0.19875410487264536,0.18759321529727876,1,plain
4,fashion,142,emotion,elastic,7.0,0.2535269981065378,0.35459193288917584,0.3442752874444907,1,plain
4,fashion,143,population,lasso,,0.28089847071176666,0.3318448536642247,0.3776311183415812,1,plain
4,fashion,143,identity,lasso,28.0,0.22694534087495022,0.2606317347244285,0.3312357080579717,1,plain
4,fashion,143,random,lasso,7.0,0.1751021324369649,0.15319101167281737,0.2149337916010184,1,plain
4,fashion,143,shuffled,lasso,7.0,0.3300402185128931,0.423604199507436,0.47235675004770306,1,plain
4,fashion,143,pca,lasso,5.0,0.3351406040220526,0.4046623379289727,0.45641605509759814,1,plain
4,fashion,143,emotion,lasso,5.0,0.3621570567493238,0.46241948962723767,0.4839454219117007,1,plain
4,fashion,143,population,elastic,,0.2835348581821069,0.34178156793489395,0.3836197149446427,1,plain
4,fashion,143,identity,elastic,33.0,0.22369536355728836,0.27972885746337095,0.348885121350465,1,plain
4,fashion,143,random,elastic,7.0,0.17412350606099888,0.15733130928559627,0.21572188067745396,1,plain
4,fashion,143,shuffled,elastic,7.0,0.32999092564335714,0.423604199507436,0.4724084759273422,1,plain
4,fashion,143,pca,elastic,5.0,0.32922782548463925,0.40673248673536216,0.4577636354914426,1,plain
4,fashion,143,emotion,elastic,5.0,0.37680405075984047,0.4678536302440099,0.4906875947254154,1,plain
4,landscape,1,population,lasso,,0.3816361004467545,0.5749957317569125,0.5284755584054363,1,plain
4,landscape,1,identity,lasso,15.0,0.32032540755716676,0.6261166519928506,0.6221158328901873,1,plain
4,landscape,1,random,lasso,3.0,0.24930235314793917,0.564565230094423,0.5071545920836424,1,plain
4,landscape,1,shuffled,lasso,5.0,0.23886008782413368,0.3800255852965302,0.36445012037765034,1,plain
4,landscape,1,pca,lasso,3.0,0.38615988431831955,0.5798098094472924,0.5880180078579132,1,plain
4,landscape,1,emotion,lasso,2.0,0.2960399725030798,0.5745372481673526,0.5862197326371741,1,plain
4,landscape,1,population,elastic,,0.3786142498530384,0.5723594511169428,0.5266956639592142,1,plain
4,landscape,1,identity,elastic,18.0,0.29588842241188307,0.6257727893006807,0.6315863541475232,1,plain
4,landscape,1,random,elastic,3.0,0.23686496992459882,0.5621008808005381,0.5090637604502474,1,plain
4,landscape,1,shuffled,elastic,5.0,0.23663166151594356,0.3800255852965302,0.36532288453810974,1,plain
4,landscape,1,pca,elastic,3.0,0.36302576244926926,0.5798098094472924,0.5875857004519369,1,plain
4,landscape,1,emotion,elastic,6.0,0.3988529698450625,0.5796378781012075,0.5997583752202593,1,plain
4,landscape,2,population,lasso,,0.3446328537338987,0.6142903889016055,0.608194565410742,1,plain
4,landscape,2,identity,lasso,29.0,0.21711880099403724,0.24419183690725804,0.31155941606808135,1,plain
4,landscape,2,random,lasso,6.0,0.22466287322441378,0.3894032454664817,0.35976367423379413,1,plain
4,landscape,2,shuffled,lasso,7.0,0.09868789219650115,0.10991139763874942,0.1395482750201688,1,plain
4,landscape,2,pca,lasso,5.0,0.32625346450958326,0.5367707626472684,0.5483533281050347,1,plain
4,landscape,2,emotion,lasso,2.0,0.3713925450631468,0.5619922193134596,0.5630755505279689,1,plain
4,landscape,2,population,elastic,,0.3410696881460611,0.6170482022547674,0.6076765921780765,1,plain
4,landscape,2,identity,elastic,36.0,0.20930270754167477,0.2487046223942505,0.3255373008084545,1,plain
4,landscape,2,random,elastic,6.0,0.21457462295764393,0.3879992677594174,0.3594638961688047,1,plain
4,landscape,2,shuffled,elastic,7.0,0.09818522758982531,0.10810628344395244,0.14092230604867362,1,plain
4,landscape,2,pca,elastic,5.0,0.3086383992335134,0.5354169270011707,0.5480749609725611,1,plain
4,landscape,2,emotion,elastic,4.0,0.4037310033189813,0.5708172220435782,0.5620830206525635,1,plain
4,landscape,12,population,lasso,,0.48593919944820374,0.7508292900582517,0.7543077750386001,1,plain
4,landscape,12,identity,lasso,31.0,0.6910233454734618,0.711431434942994,0.7215883550657263,1,plain
4,landscape,12,random,lasso,7.0,0.43653640765720086,0.5219585235308203,0.5274483207924352,1,plain
4,landscape,12,shuffled,lasso,7.0,0.207208656978898,0.26423298987672145,0.24024171346382844,1,plain
4,landscape,12,pca,lasso,5.0,0.6684496181967248,0.6757160938141816,0.6946828693410134,1,plain
4,landscape,12,emotion,lasso,2.0,0.6617280955682386,0.6993245396450914,0.6973780858227496,1,plain
4,landscape,12,population,elastic,,0.48092745923158986,0.7496186005284615,0.7522136509384514,1,plain
4,landscape,12,identity,elastic,38.0,0.6831942459167604,0.7142059317820967,0.7255506220959864,1,plain
4,landscape,12,random,elastic,7.0,0.4252008385489547,0.5254392559289672,0.5283757265198243,1,plain
4,landscape,12,shuffled,elastic,7.0,0.20915246729037265,0.26529234321528794,0.24437965535800246,1,plain
4,landscape,12,pca,elastic,5.0,0.6517364802358245,0.6657783505904867,0.6929865934281083,1,plain
4,landscape,12,emotion,elastic,4.0,0.6783985169330217,0.7046717517349984,0.7065834233632433,1,plain
4,landscape,13,population,lasso,,0.0715394639118148,0.060093201606107705,0.12825516037819437,1,plain
4,landscape,13,identity,lasso,36.0,0.3211177620724134,0.5314248632293371,0.514753825423641,1,plain
4,landscape,13,random,lasso,7.0,0.18503347109697457,0.34265806922313846,0.43185322541230015,1,plain
4,landscape,13,shuffled,lasso,7.0,0.1780512899845054,0.23193439418591083,0.3376667490798757,1,plain
4,landscape,13,pca,lasso,6.0,0.24836907876125955,0.4566010229178362,0.47465167966206656,1,plain
4,landscape,13,emotion,lasso,3.0,0.09424671555698365,0.32592757559416535,0.3309922043819584,1,plain
4,landscape,13,population,elastic,,0.069973229869889,0.05892255482157313,0.12692619224186275,1,plain
4,landscape,13,identity,elastic,44.0,0.29438828486827007,0.5335710490009838,0.5144642486620209,1,plain
4,landscape,13,random,elastic,7.0,0.17039252972142532,0.3369999430978881,0.43193209414128697,1,plain
4,landscape,13,shuffled,elastic,7.0,0.17659243734084407,0.22788590738939543,0.3375144029761581,1,plain
4,landscape,13,pca,elastic,6.0,0.23248044552177785,0.4559669225762133,0.4736816415353095,1,plain
4,landscape,13,emotion,elastic,3.0,0.14393418104191713,0.3463651173741646,0.3942238450163304,1,plain
4,landscape,26,population,lasso,,0.09353418396512464,0.2061085302177255,0.17427694543200203,1,plain
4,landscape,26,identity,lasso,31.0,0.11456399143755859,0.21727479187868579,0.17534252252167346,1,plain
4,landscape,26,random,lasso,5.0,0.06128942779014495,0.119975824630318,0.17496477700135266,1,plain
4,landscape,26,shuffled,lasso,7.0,0.1536144694348737,0.3390214773891561,0.2940617882911256,1,plain
4,landscape,26,pca,lasso,6.0,0.14866760391199516,0.2647928921627724,0.3131431055932625,1,plain
4,landscape,26,emotion,lasso,4.0,0.1487634725646368,0.32869145558826773,0.30903341531844064,1,plain
4,landscape,26,population,elastic,,0.09252528808208804,0.20773181935786508,0.1742910671700629,1,plain
4,landscape,26,identity,elastic,36.0,0.11252077213666101,0.22903134049969687,0.18682578232829186,1,plain
4,landscape,26,random,elastic,5.0,0.0565547360537973,0.10718627382921811,0.17290327512140688,1,plain
4,landscape,26,shuffled,elastic,7.0,0.1512940414471748,0.34226805566943536,0.2959903440583036,1,plain
4,landscape,26,pca,elastic,6.0,0.13877927066133372,0.2618906479425228,0.3152177728832631,1,plain
4,landscape,26,emotion,elastic,5.0,0.15478152938967715,0.3080314119864909,0.2813105519688571,1,plain
4,landscape,29,population,lasso,,0.2455273032548909,0.24729142482127744,0.28885493770675186,1,plain
4,landscape,29,identity,lasso,21.0,0.11759387235020717,0.186345398436753,0.19853103643454,1,plain
4,landscape,29,random,lasso,4.0,0.03566412267911636,0.12097709991256739,0.15686585257264118,1,plain
4,landscape,29,shuffled,lasso,6.0,-0.05847884694644529,-0.09449429778884992,-0.12659199304430177,1,plain
4,landscape,29,pca,lasso,3.0,0.15364928690187307,0.21069331056201338,0.25693076422756883,1,plain
4,landscape,29,emotion,lasso,2.0,0.1667749056285663,0.3301963197613603,0.35572394951086583,1,plain
4,landscape,29,population,elastic,,0.24018702923045684,0.2435299519668531,0.2844155180953269,1,plain
4,landscape,29,identity,elastic,23.0,0.11656299498254805,0.19503745057332816,0.2118333765111587,1,plain
4,landscape,29,random,elastic,4.0,0.03332722203928385,0.12036713134157966,0.16471716662814892,1,plain
4,landscape,29,shuffled,elastic,6.0,-0.05628658732821223,-0.09449429778884992,-0.12458252553011732,1,plain
4,landscape,29,pca,elastic,3.0,0.1445114180376041,0.21404813770244593,0.25632473130176303,1,plain
4,landscape,29,emotion,elastic,3.0,0.21123271352232975,0.3373634504704663,0.3623076898180885,1,plain
4,landscape,34,population,lasso,,0.393082930831529,0.6625118826919267,0.6287628191534864,1,plain
4,landscape,34,identity,lasso,41.0,0.3158077293867531,0.41424179086785456,0.43375501276710715,1,plain
4,landscape,34,random,lasso,5.0,0.18035029231442223,0.4234242487735313,0.372689091707553,1,plain
4,landscape,34,shuffled,lasso,7.0,0.28600365273070144,0.4431640780680876,0.40734421118638714,1,plain
4,landscape,34,pca,lasso,6.0,0.4522145819131162,0.6958535346595978,0.6544050812682932,1,plain
4,landscape,34,emotion,lasso,3.0,0.4082402511006443,0.6209698538780095,0.588906426280804,1,plain
4,landscape,34,population,elastic,,0.3890972408973984,0.6667348312474786,0.6286459030505976,1,plain
4,landscape,34,identity,elastic,44.0,0.3416138763747421,0.4594666236546367,0.4904734122779762,1,plain
4,landscape,34,random,elastic,5.0,0.17124798953938433,0.41826832321152024,0.3731539797334391,1,plain
4,landscape,34,shuffled,elastic,7.0,0.28545708589731206,0.43987410651899495,0.409309557630523,1,plain
4,landscape,34,pca,elastic,6.0,0.4313967326560371,0.6915323779981029,0.6551888414039315,1,plain
4,landscape,34,emotion,elastic,4.0,0.43185632964666426,0.6353573413986688,0.6012989793209484,1,plain
4,landscape,38,population,lasso,,0.38159447657178525,0.5505431684943172,0.48307407724874296,1,plain
4,landscape,38,identity,lasso,17.0,0.03504937801796232,0.05002596075313325,0.11839742122760394,1,plain
4,landscape,38,random,lasso,5.0,0.008825860001363539,0.04497699664004668,0.026513168869532183,1,plain
4,landscape,38,shuffled,lasso,7.0,0.034265694685492634,0.16687341594170813,0.09156044223558177,1,plain
4,landscape,38,pca,lasso,4.0,0.028957373075146897,0.36373149631011403,0.239726422759361,1,plain
4,landscape,38,emotion,lasso,2.0,0.032828960557293396,0.4444634020775289,0.42758780043050104,1,plain
4,landscape,38,population,elastic,,0.3777463870133731,0.5404967603101143,0.48149798865745636,1,plain
4,landscape,38,identity,elastic,17.0,0.03286714517860608,0.06336965162343347,0.12455073042474388,1,plain
4,landscape,38,random,elastic,5.0,0.009070462820118657,0.04920164008160891,0.029658573289845305,1,plain
4,landscape,38,shuffled,elastic,7.0,0.03632970332397504,0.171973900096765,0.09990298272998983,1,plain
4,landscape,38,pca,elastic,3.0,0.02392542556253209,0.3301404289454973,0.22560045770179085,1,plain
4,landscape,38,emotion,elastic,4.0,0.08301328300245522,0.4150969781544743,0.4153708572779106,1,plain
4,landscape,43,population,lasso,,0.1302206397425972,0.46024929067216713,0.47762441843489517,1,plain
4,landscape,43,identity,lasso,29.0,0.24394979579988327,0.2664184763796344,0.29565606644016396,1,plain
4,landscape,43,random,lasso,6.0,0.16449769781112797,0.3707508789707681,0.38325973443940753,1,plain
4,landscape,43,shuffled,lasso,7.0,0.07200118422797618,0.10373904295554436,0.11259890958204109,1,plain
4,landscape,43,pca,lasso,4.0,0.3916140244405984,0.42494439235459874,0.48170228947340016,1,plain
4,landscape,43,emotion,lasso,3.0,0.3802928114925338,0.5347159249386352,0.5736242633390292,1,plain
4,landscape,43,population,elastic,,0.1289706698319019,0.46183158303373884,0.4774063386534147,1,plain
4,landscape,43,identity,elastic,36.0,0.2320394011352494,0.28451594526511065,0.3014680278325702,1,plain
4,landscape,43,random,elastic,6.0,0.15045820719207012,0.36135601807393614,0.3792294128691699,1,plain
4,landscape,43,shuffled,elastic,7.0,0.07246778083363886,0.10344236313774964,0.11568836787790367,1,plain
4,landscape,43,pca,elastic,4.0,0.37426784306487065,0.4262300048983757,0.47912416861218027,1,plain
4,landscape,43,emotion,elastic,4.0,0.4025785024811344,0.5165195627805607,0.552156342617151,1,plain
4,landscape,48,population,lasso,,0.3376796413217683,0.408640270772663,0.42670210113559,1,plain
4,landscape,48,identity,lasso,34.0,0.5272362144925054,0.4957703924725912,0.5732296622952198,1,plain
4,landscape,48,random,lasso,5.0,0.27429007193502686,0.24252925640238826,0.32905236029469737,1,plain
4,landscape,48,shuffled,lasso,7.0,0.2038559611555345,0.2143913523945879,0.22564870877103996,1,plain
4,landscape,48,pca,lasso,7.0,0.3191810072446124,0.3881903186795623,0.4201624317079728,1,plain
4,landscape,48,emotion,lasso,3.0,0.5047928707891965,0.5577352849050695,0.5931090459329021,1,plain
4,landscape,48,population,elastic,,0.3344111024824253,0.4045400297514899,0.4264164495041914,1,plain
4,landscape,48,identity,elastic,37.0,0.5307278264269151,0.5210381277655702,0.5887470547757765,1,plain
4,landscape,48,random,elastic,5.0,0.2632673271503646,0.2430930395427995,0.32710067013715083,1,plain
4,landscape,48,shuffled,elastic,7.0,0.2085443506333967,0.22320687059011007,0.23237540830982323,1,plain
4,landscape,48,pca,elastic,7.0,0.297078135690782,0.3848588728498591,0.41342378161399534,1,plain
4,landscape,48,emotion,elastic,5.0,0.5049745514296027,0.5293411158334459,0.5698515695573564,1,plain
4,landscape,49,population,lasso,,0.35262585955357856,0.454507169375926,0.4737454595106237,1,plain
4,landscape,49,identity,lasso,17.0,0.22858478385798375,0.28471428511081776,0.30886957986230673,1,plain
4,landscape,49,random,lasso,6.0,0.17279910645456953,0.3257434160886621,0.3645032136979907,1,plain
4,landscape,49,shuffled,lasso,7.0,0.22484595735167065,0.28670599049809176,0.32303428750560736,1,plain
4,landscape,49,pca,lasso,6.0,0.2598747705556951,0.46237440565565835,0.5053062899314587,1,plain
4,landscape,49,emotion,lasso,2.0,0.23652445584235907,0.4508225144094691,0.46115295694938424,1,plain
4,landscape,49,population,elastic,,0.3481051729021864,0.4643661110429323,0.47203316225674014,1,plain
4,landscape,49,identity,elastic,20.0,0.21203060677654476,0.2801333627200876,0.3139759556847124,1,plain
4,landscape,49,random,elastic,6.0,0.161822676774762,0.32783470674529985,0.36482525133043325,1,plain
4,landscape,49,shuffled,elastic,7.0,0.22321486289227888,0.28531179672699997,0.32465804743505283,1,plain
4,landscape,49,pca,elastic,6.0,0.23884051455320246,0.4633702583492953,0.5043021224750148,1,plain
4,landscape,49,emotion,elastic,2.0,0.27160318600921624,0.4426565223216457,0.4596491781221656,1,plain
4,landscape,56,population,lasso,,0.00658665086076167,0.10436729641805417,0.052730958389827824,1,plain
4,landscape,56,identity,lasso,8.0,0.003362443050557897,0.04278892874919694,0.014125563863830674,1,plain
4,landscape,56,random,lasso,0.0,2.190519695164211e-30,,,1,plain
4,landscape,56,shuffled,lasso,7.0,0.00026186247339254296,0.015851857023666222,0.0006458655210902835,1,plain
4,landscape,56,pca,lasso,1.0,0.01076007092880918,0.03885367753003504,0.05708026814589776,1,plain
4,landscape,56,emotion,lasso,0.0,0.0,,,1,plain
4,landscape,56,population,elastic,,0.006401698074608325,0.10436729641805417,0.05169959352890223,1,plain
4,landscape,56,identity,elastic,8.0,0.008204004246204287,0.06994770476876494,0.047112392619187045,1,plain
4,landscape,56,random,elastic,0.0,2.190519695164211e-30,,,1,plain
4,landscape,56,shuffled,elastic,7.0,-0.00037340322161925974,0.013135979421709422,-0.0009339737691906386,1,plain
4,landscape,56,pca,elastic,1.0,0.009711089684982408,0.03885367753003504,0.05708076355615794,1,plain
4,landscape,56,emotion,elastic,2.0,0.017248120986323806,0.13778921874417563,0.12126544475058966,1,plain
4,landscape,61,population,lasso,,0.24004566603440627,0.4561765878367242,0.42845049813019775,1,plain
4,landscape,61,identity,lasso,21.0,0.27540793339589925,0.3923763826010571,0.3895862388227028,1,plain
4,landscape,61,random,lasso,2.0,0.07122013726927877,0.13681713353908712,0.146253912329897,1,plain
4,landscape,61,shuffled,lasso,7.0,0.08589881934567009,0.2650831962319813,0.17656090399271185,1,plain
4,landscape,61,pca,lasso,4.0,0.285935178499231,0.39852086464622566,0.40068174203591256,1,plain
4,landscape,61,emotion,lasso,2.0,0.2834437383729817,0.46846555192706135,0.44709096780969604,1,plain
4,landscape,61,population,elastic,,0.23752310000730617,0.45243869459258,0.42723782898342005,1,plain
4,landscape,61,identity,elastic,25.0,0.2679282370832029,0.38479818807868255,0.39769011526790626,1,plain
4,landscape,61,random,elastic,2.0,0.06731857339836218,0.13354007644833055,0.14586500094026547,1,plain
4,landscape,61,shuffled,elastic,7.0,0.08495730371733731,0.2610892829026217,0.176370598807568,1,plain
4,landscape,61,pca,elastic,4.0,0.27056758762429534,0.40835203591849545,0.40015626114458,1,plain
4,landscape,61,emotion,elastic,3.0,0.3030435898248353,0.42340601692915847,0.4300441410464922,1,plain
4,landscape,72,population,lasso,,-0.014289720888904844,-0.0650895525603615,-0.03982510886928305,1,plain
4,landscape,72,identity,lasso,37.0,0.22656571517094468,0.3243213070389119,0.3242655340490608,1,plain
4,landscape,72,random,lasso,5.0,0.07877059953723461,0.1975215692068758,0.1891278008446533,1,plain
4,landscape,72,shuffled,lasso,7.0,0.09835302357498557,0.15207152799091234,0.18007687467964953,1,plain
4,landscape,72,pca,lasso,5.0,0.2715431694166496,0.4584185191610112,0.47314877693012264,1,plain
4,landscape,72,emotion,lasso,3.0,0.2544712847596341,0.46385489262542057,0.47840405496687544,1,plain
4,landscape,72,population,elastic,,-0.01392750076731867,-0.06205301963429498,-0.039283975997848976,1,plain
4,landscape,72,identity,elastic,48.0,0.20356056929017605,0.32554571547684197,0.31082857383270873,1,plain
4,landscape,72,random,elastic,5.0,0.07361048289380849,0.1983051906071511,0.18973574555097827,1,plain
4,landscape,72,shuffled,elastic,7.0,0.09747373045725416,0.15011247449022425,0.17998747465517992,1,plain
4,landscape,72,pca,elastic,6.0,0.2550720522342361,0.46277741320004206,0.473184169188783,1,plain
4,landscape,72,emotion,elastic,3.0,0.27480972589703373,0.45665537101039183,0.4735758172567858,1,plain
4,landscape,77,population,lasso,,0.2105683128651422,0.4124194376607154,0.36784264677892825,1,plain
4,landscape,77,identity,lasso,45.0,0.38790396947446515,0.506647557605997,0.4697128720815888,1,plain
4,landscape,77,random,lasso,3.0,0.14964407634278373,0.2636330403666585,0.29556195529872775,1,plain
4,landscape,77,shuffled,lasso,6.0,0.1586427884167996,0.2773460723753274,0.22579170232630624,1,plain
4,landscape,77,pca,lasso,7.0,0.19176427106240984,0.2626045629660083,0.2804364709089159,1,plain
4,landscape,77,emotion,lasso,3.0,0.2962360630303288,0.5426442666287528,0.4813710106743157,1,plain
4,landscape,77,population,elastic,,0.20684961507705013,0.41442741734769917,0.3652902842197738,1,plain
4,landscape,77,identity,elastic,51.0,0.38733405387052644,0.49871358908669583,0.4944729752903741,1,plain
4,landscape,77,random,elastic,3.0,0.14190894046732058,0.2636820154809752,0.29438046343912916,1,plain
4,landscape,77,shuffled,elastic,6.0,0.15820738287140765,0.2801376538913778,0.22618963690025157,1,plain
4,landscape,77,pca,elastic,7.0,0.17847981661406254,0.262506612737375,0.27858731689943583,1,plain
4,landscape,77,emotion,elastic,4.0,0.33684055079974123,0.5504802849194207,0.4948936062193248,1,plain
4,landscape,78,population,lasso,,0.17966927758479143,0.3629842276975943,0.36624363521282843,1,plain
4,landscape,78,identity,lasso,41.0,0.04745047749699945,0.0957007596666466,0.0612383311084239,1,plain
4,landscape,78,random,lasso,7.0,0.14987619563583138,0.2678244281318383,0.2015774727681406,1,plain
4,landscape,78,shuffled,lasso,6.0,0.11815974355562295,0.1705991445445,0.1675023578322732,1,plain
4,landscape,78,pca,lasso,7.0,0.18034472279992408,0.24456314379354238,0.24711951337566293,1,plain
4,landscape,78,emotion,lasso,3.0,0.22236905864551265,0.3221171509848588,0.32926119446842167,1,plain
4,landscape,78,population,elastic,,0.17749850723280416,0.3614597037769027,0.36513148690941827,1,plain
4,landscape,78,identity,elastic,49.0,0.05421165619450634,0.08630772518754613,0.07251980310834118,1,plain
4,landscape,78,random,elastic,7.0,0.14609345340999935,0.2748077312524261,0.20342758548975384,1,plain
4,landscape,78,shuffled,elastic,6.0,0.11767636097520319,0.1705991445445,0.16815162247779614,1,plain
4,landscape,78,pca,elastic,7.0,0.17224321938323817,0.25115302138620976,0.2472779033043539,1,plain
4,landscape,78,emotion,elastic,5.0,0.23734684386758736,0.3424769220547415,0.3360173554487775,1,plain
4,landscape,89,population,lasso,,0.22249030404610137,0.42455797153494096,0.4421398681944666,1,plain
4,landscape,89,identity,lasso,34.0,0.15652834296479043,0.3054764435430995,0.3085045901723933,1,plain
4,landscape,89,random,lasso,4.0,0.03642757391347696,0.15145512200868694,0.11548603620039634,1,plain
4,landscape,89,shuffled,lasso,7.0,0.11002893568443017,0.19009616486720823,0.2388299800252426,1,plain
4,landscape,89,pca,lasso,5.0,0.07312644831614554,0.23845915592895903,0.2912951835809389,1,plain
4,landscape,89,emotion,lasso,1.0,0.03289645051675351,0.4660613138644638,0.5115863069945114,1,plain
4,landscape,89,population,elastic,,0.22121257531591,0.4271735210515458,0.4442939838946737,1,plain
4,landscape,89,identity,elastic,38.0,0.14137879781347454,0.31717239138150244,0.3111792960292512,1,plain
4,landscape,89,random,elastic,4.0,0.034215551879324235,0.15708102096893142,0.11689925295529888,1,plain
4,landscape,89,shuffled,elastic,7.0,0.10863007272634743,0.19132991463919172,0.23741296707620207,1,plain
4,landscape,89,pca,elastic,5.0,0.06714115660666908,0.23362285682278394,0.28807784732073893,1,plain
4,landscape,89,emotion,elastic,4.0,0.08558150361246218,0.4802247612468337,0.4911402335795224,1,plain
4,landscape,90,population,lasso,,0.2648628724782953,0.4931683584405462,0.46968667088093663,1,plain
4,landscape,90,identity,lasso,32.0,0.3123767582398246,0.3841735801487427,0.39066537634951054,1,plain
4,landscape,90,random,lasso,5.0,0.07932979044430544,0.06399507019928817,0.11469755621723086,1,plain
4,landscape,90,shuffled,lasso,7.0,0.19517383651159514,0.21819271553662062,0.24994706252654833,1,plain
4,landscape,90,pca,lasso,5.0,0.3037308430430319,0.46056134648186126,0.3901205007447507,1,plain
4,landscape,90,emotion,lasso,2.0,0.35406649073517665,0.5251151038019368,0.47216447809353523,1,plain
4,landscape,90,population,elastic,,0.2643693926597957,0.4969775888095514,0.47179031018321177,1,plain
4,landscape,90,identity,elastic,37.0,0.305616915069514,0.40286420382599514,0.40144698234088455,1,plain
4,landscape,90,random,elastic,6.0,0.07625337371513265,0.06150637302487141,0.11504927858127585,1,plain
4,landscape,90,shuffled,elastic,7.0,0.19408192366698568,0.21042188558384992,0.2507252166539244,1,plain
4,landscape,90,pca,elastic,5.0,0.29026463588345575,0.45543158291826746,0.391533980113058,1,plain
4,landscape,90,emotion,elastic,5.0,0.3686931477587769,0.5286703854796752,0.47088901452701204,1,plain
4,landscape,97,population,lasso,,0.5620358249609253,0.6415454279089912,0.6235864757275026,1,plain
4,landscape,97,identity,lasso,23.0,0.3299830430578628,0.43364462942182125,0.45435430036073554,1,plain
4,landscape,97,random,lasso,4.0,0.07588455866225062,0.06574594838756638,0.12434885695986175,1,plain
4,landscape,97,shuffled,lasso,7.0,0.1108532836418099,0.1416190232993789,0.13984153544522826,1,plain
4,landscape,97,pca,lasso,5.0,0.368928479985178,0.5374878633053612,0.5745913134971911,1,plain
4,landscape,97,emotion,lasso,3.0,0.4064490890847088,0.5741384164407284,0.5966368394773012,1,plain
4,landscape,97,population,elastic,,0.5575116070909512,0.6422955854293056,0.6216237585687804,1,plain
4,landscape,97,identity,elastic,29.0,0.30868327506779225,0.4273218731791702,0.4519852425710588,1,plain
4,landscape,97,random,elastic,4.0,0.07144560742532478,0.0681035863085549,0.12274608229190034,1,plain
4,landscape,97,shuffled,elastic,7.0,0.11078925551829544,0.14794177954202994,0.14073573100487607,1,plain
4,landscape,97,pca,elastic,5.0,0.3494233905441617,0.5398455012263498,0.5754038820892878,1,plain
4,landscape,97,emotion,elastic,3.0,0.45620219475012436,0.5729595974802341,0.6008140347716402,1,plain
4,landscape,103,population,lasso,,0.31499042426747975,0.44368657097454667,0.43845592955781487,1,plain
4,landscape,103,identity,lasso,29.0,0.2960417059181027,0.47271650543602856,0.36526140001126883,1,plain
4,landscape,103,random,lasso,2.0,0.08157590371224813,0.16207139478837596,0.141477024832266,1,plain
4,landscape,103,shuffled,lasso,7.0,0.24349331289511347,0.32429166103552876,0.34685189354316903,1,plain
4,landscape,103,pca,lasso,6.0,0.29245144895929887,0.43346406413853766,0.42474382302865654,1,plain
4,landscape,103,emotion,lasso,4.0,0.2936073889331233,0.5033840259440556,0.46499653191530044,1,plain
4,landscape,103,population,elastic,,0.3138092453570554,0.44716023834600604,0.44100226545575355,1,plain
4,landscape,103,identity,elastic,36.0,0.2905614142907227,0.455596287676693,0.38173049864436936,1,plain
4,landscape,103,random,elastic,2.0,0.07827710833540238,0.16207139478837596,0.14180591453071145,1,plain
4,landscape,103,shuffled,elastic,7.0,0.24190940933667887,0.3319337292527394,0.3469715575633702,1,plain
4,landscape,103,pca,elastic,6.0,0.27515815075603317,0.4235889240396745,0.4226423924225872,1,plain
4,landscape,103,emotion,elastic,5.0,0.3212766659812995,0.49370738112356166,0.45955734306331963,1,plain
4,landscape,108,population,lasso,,0.2648922584793261,0.5016937005980969,0.42008769015489766,1,plain
4,landscape,108,identity,lasso,41.0,0.293690189974877,0.3444024993254313,0.34875070129665064,1,plain
4,landscape,108,random,lasso,7.0,0.12976494213722237,0.1864246510874344,0.19984200804294522,1,plain
4,landscape,108,shuffled,lasso,7.0,0.009973595207427102,0.027514924825059378,0.024085692450531052,1,plain
4,landscape,108,pca,lasso,4.0,0.27815506929510514,0.3239992752127313,0.3243690539542059,1,plain
4,landscape,108,emotion,lasso,2.0,0.35271217189370596,0.46873464626219696,0.42520086054626965,1,plain
4,landscape,108,population,elastic,,0.26304962976948953,0.5017427468099064,0.4208569103345683,1,plain
4,landscape,108,identity,elastic,51.0,0.2886480450604809,0.3475905030930407,0.3559811556474912,1,plain
4,landscape,108,random,elastic,7.0,0.12501783276805034,0.18176526096554377,0.2013076363331644,1,plain
4,landscape,108,shuffled,elastic,7.0,0.011169109338964145,0.029182496026578127,0.02711993714655178,1,plain
4,landscape,108,pca,elastic,4.0,0.2655807273289485,0.31963416236169695,0.32209187954189067,1,plain
4,landscape,108,emotion,elastic,5.0,0.3542798553885149,0.4380317176695282,0.4100380209598975,1,plain
4,landscape,114,population,lasso,,0.27880126037322345,0.46185950917665125,0.43552089329590415,1,plain
4,landscape,114,identity,lasso,42.0,0.3476995601948692,0.4812075430311687,0.4727698217138849,1,plain
4,landscape,114,random,lasso,5.0,0.05604026580113911,0.08377499194739517,0.1008739300176549,1,plain
4,landscape,114,shuffled,lasso,6.0,0.2657959394101363,0.35948447437426895,0.39041051828150536,1,plain
4,landscape,114,pca,lasso,7.0,0.06194673323350417,0.22379890705946995,0.1273822753147233,1,plain
4,landscape,114,emotion,lasso,3.0,0.09916659744021551,0.43533076172664276,0.4093603572177991,1,plain
4,landscape,114,population,elastic,,0.2769585058953764,0.4598648665112371,0.43679303678290693,1,plain
4,landscape,114,identity,elastic,45.0,0.3172927223433277,0.4705362047712029,0.46913165272854246,1,plain
4,landscape,114,random,elastic,5.0,0.05740511346802911,0.09329941067474783,0.11418647757019706,1,plain
4,landscape,114,shuffled,elastic,6.0,0.2590797851566628,0.34811501118140814,0.38997416542390617,1,plain
4,landscape,114,pca,elastic,7.0,0.055431200476270245,0.21277850633305667,0.12224339117879812,1,plain
4,landscape,114,emotion,elastic,4.0,0.15500438774918363,0.4950204434891618,0.459425158690721,1,plain
4,landscape,115,population,lasso,,0.1821972279093895,0.23826473055147504,0.25533753788585706,1,plain
4,landscape,115,identity,lasso,25.0,0.08844173716093465,0.022348582895902348,0.110340850861548,1,plain
4,landscape,115,random,lasso,5.0,0.07678708847952957,0.14892189339850137,0.14167367216293586,1,plain
4,landscape,115,shuffled,lasso,7.0,0.16255418864601653,0.15298995341872323,0.18377155225042566,1,plain
4,landscape,115,pca,lasso,6.0,0.1498320278021549,0.20793451090703616,0.22258452532348735,1,plain
4,landscape,115,emotion,lasso,2.0,0.11266868690462839,0.2377497862451179,0.23490663506589637,1,plain
4,landscape,115,population,elastic,,0.1817938552018775,0.24027301334626813,0.2566800947760026,1,plain
4,landscape,115,identity,elastic,27.0,0.09442463526952682,0.021988121881452313,0.12428776777777421,1,plain
4,landscape,115,random,elastic,5.0,0.07376704009896705,0.15144512049965164,0.14299780724164485,1,plain
4,landscape,115,shuffled,elastic,7.0,0.16786253233802095,0.16297987296205288,0.19014468133122006,1,plain
4,landscape,115,pca,elastic,6.0,0.14206106363733048,0.21030325471627928,0.2233927154228028,1,plain
4,landscape,115,emotion,elastic,3.0,0.14068398072338842,0.21946926336943734,0.23310371550508288,1,plain
4,landscape,124,population,lasso,,0.2728030884679648,0.5691678431436382,0.5455164670905503,1,plain
4,landscape,124,identity,lasso,27.0,0.3298877370716555,0.4247558226474917,0.40143064446205556,1,plain
4,landscape,124,random,lasso,6.0,0.16565242467075672,0.3592943298401724,0.2953113292967649,1,plain
4,landscape,124,shuffled,lasso,7.0,0.2328028036824339,0.2153782297440813,0.2823325513532451,1,plain
4,landscape,124,pca,lasso,5.0,0.39621814113466347,0.5244358230586368,0.5211087181316487,1,plain
4,landscape,124,emotion,lasso,2.0,0.32094510906328455,0.5587535147424738,0.5198786023918803,1,plain
4,landscape,124,population,elastic,,0.2697697611847986,0.5701596839437492,0.5446056409385597,1,plain
4,landscape,124,identity,elastic,43.0,0.33046412280341364,0.43784812120895544,0.4194467933676764,1,plain
4,landscape,124,random,elastic,6.0,0.15902532903968056,0.3492767377590523,0.2947717954635707,1,plain
4,landscape,124,shuffled,elastic,6.0,0.23077281933845664,0.21637007054419216,0.2823296179291249,1,plain
4,landscape,124,pca,elastic,5.0,0.3796932164411947,0.526816240978903,0.5242190885091509,1,plain
4,landscape,124,emotion,elastic,6.0,0.34889798032092556,0.5451652957809545,0.5332538584833572,1,plain
4,landscape,134,population,lasso,,0.2995098024208252,0.4496474956917931,0.4074794173068657,1,plain
4,landscape,134,identity,lasso,25.0,0.21245337511046844,0.2553755741580678,0.2767449974085057,1,plain
4,landscape,134,random,lasso,5.0,0.21992157959135408,0.4122512667317653,0.3610197844456873,1,plain
4,landscape,134,shuffled,lasso,7.0,0.13090004530734817,0.21024219437872388,0.19894738259229774,1,plain
4,landscape,134,pca,lasso,5.0,0.21166153451721242,0.3546194125519877,0.3350478729950556,1,plain
4,landscape,134,emotion,lasso,2.0,0.24069285224702494,0.40362136774098956,0.36062638723436713,1,plain
4,landscape,134,population,elastic,,0.2968114653674546,0.4482587763139671,0.40697510664966524,1,plain
4,landscape,134,identity,elastic,30.0,0.20308176450294985,0.2880104795369779,0.2914409778142806,1,plain
4,landscape,134,random,elastic,5.0,0.20524090935121553,0.39444590042321087,0.35457878025257183,1,plain
4,landscape,134,shuffled,elastic,7.0,0.13234281071789497,0.21733458262976363,0.20349044320801557,1,plain
4,landscape,134,pca,elastic,5.0,0.19932097395265752,0.35556175784408384,0.335538121793562,1,plain
4,landscape,134,emotion,elastic,5.0,0.27955208183522073,0.4180045327256157,0.3875273407658173,1,plain
4,landscape,135,population,lasso,,0.39026044208567473,0.4021510506913886,0.4622721885486749,1,plain
4,landscape,135,identity,lasso,20.0,0.20631188372775996,0.2582205303849231,0.3021981161946705,1,plain
4,landscape,135,random,lasso,5.0,0.11256123187399067,0.0821179260231465,0.16888718902590238,1,plain
4,landscape,135,shuffled,lasso,7.0,0.30096917083480534,0.2739901256841658,0.3360867767879896,1,plain
4,landscape,135,pca,lasso,4.0,0.2964149202250316,0.38026348530949666,0.4470510898960516,1,plain
4,landscape,135,emotion,lasso,3.0,0.3516529531436829,0.4174987170194141,0.5207323279399025,1,plain
4,landscape,135,population,elastic,,0.3899956759976188,0.4063703404035606,0.4646647208126898,1,plain
4,landscape,135,identity,elastic,23.0,0.20450608559209776,0.2684523079369401,0.3229532549908383,1,plain
4,landscape,135,random,elastic,5.0,0.10872271462550774,0.08791944937738293,0.1706507545343686,1,plain
4,landscape,135,shuffled,elastic,7.0,0.30038180439644685,0.27019276494321104,0.33553072026027053,1,plain
4,landscape,135,pca,elastic,4.0,0.27956255327711516,0.38785820679140615,0.44737367280523954,1,plain
4,landscape,135,emotion,elastic,4.0,0.3624606489174385,0.43231897213341813,0.5138311111782057,1,plain
4,landscape,142,population,lasso,,0.28476924571092155,0.44078452833473736,0.4620800317171372,1,plain
4,landscape,142,identity,lasso,27.0,0.37835476692666636,0.518263273596956,0.5048605532068962,1,plain
4,landscape,142,random,lasso,4.0,0.14601537453269595,0.3418004646760183,0.34225687990373416,1,plain
4,landscape,142,shuffled,lasso,7.0,0.25097115190026137,0.33127130185833226,0.29719347925036244,1,plain
4,landscape,142,pca,lasso,5.0,0.3782882458250215,0.44714175871522716,0.4752233843423212,1,plain
4,landscape,142,emotion,lasso,1.0,0.32692335854263566,0.4455524511201047,0.45870973141268284,1,plain
4,landscape,142,population,elastic,,0.28248261411042574,0.447390088026965,0.46281010037276393,1,plain
4,landscape,142,identity,elastic,33.0,0.35616769544661164,0.5338086885117473,0.5037033193656117,1,plain
4,landscape,142,random,elastic,4.0,0.14012892822161468,0.3470153802225138,0.34382264057476447,1,plain
4,landscape,142,shuffled,elastic,7.0,0.2484027504537616,0.3319666239311983,0.297300389604893,1,plain
4,landscape,142,pca,elastic,5.0,0.3605289803535942,0.44619810733062315,0.4753168154226651,1,plain
4,landscape,142,emotion,elastic,5.0,0.3454237134865633,0.4509660301159905,0.45566386792563923,1,plain
4,landscape,143,population,lasso,,0.4424217578814237,0.6670493743921282,0.6407336209219215,1,plain
4,landscape,143,identity,lasso,39.0,0.5003432846394085,0.586685592716655,0.5962023058808941,1,plain
4,landscape,143,random,lasso,4.0,0.28853319590201015,0.44220070911976855,0.3958292399538526,1,plain
4,landscape,143,shuffled,lasso,7.0,0.3806121740798103,0.5379575534544743,0.490955376852432,1,plain
4,landscape,143,pca,lasso,4.0,0.5533292309013664,0.6991848915670843,0.7178200866445092,1,plain
4,landscape,143,emotion,lasso,3.0,0.5689575252006457,0.6492573928769114,0.6688643659803144,1,plain
4,landscape,143,population,elastic,,0.43860645111280266,0.662451446584825,0.6418466817191621,1,plain
4,landscape,143,identity,elastic,46.0,0.5104644787699595,0.6067265606593569,0.6223151241102082,1,plain
4,landscape,143,random,elastic,4.0,0.2794842335294867,0.43935199297828725,0.4018619699683745,1,plain
4,landscape,143,shuffled,elastic,7.0,0.37827950771633295,0.5377576435498089,0.4910986668074269,1,plain
4,landscape,143,pca,elastic,4.0,0.5287160565126078,0.6991848915670843,0.7174803364667353,1,plain
4,landscape,143,emotion,elastic,4.0,0.5940333779088111,0.6523559963992246,0.6762748116357364,1,plain
