mediator,head,fold,domain,user_id,ccc,srocc,plcc,eff_dof
emotion,mlp,0,art,3,0.029752099506530395,0.003461945780089265,0.02056029262967707,
emotion,mlp,0,art,14,0.4821673211807605,0.47791747501310616,0.5087688411021024,
emotion,mlp,0,art,15,0.2358022044913769,0.28638884271524984,0.2539937815678766,
emotion,mlp,0,art,19,0.4106526937765618,0.47049957122251734,0.4523689997869695,
emotion,mlp,0,art,21,0.25051395808855076,0.28653078561905504,0.27247687597555265,
emotion,mlp,0,art,22,0.13665862357304623,0.15091587424643807,0.14002181119269846,
emotion,mlp,0,art,30,0.0029160114500349035,-0.017720633832261568,0.0015946697848975334,
emotion,mlp,0,art,50,0.3999977086388868,0.3750178157478499,0.41796089892348925,
emotion,mlp,0,art,57,0.2645592750584557,0.3200925920397571,0.26991741799542157,
emotion,mlp,0,art,62,0.44876134000371093,0.4807893867258802,0.4671967137258193,
emotion,mlp,0,art,63,-0.03368291395353629,-0.0291308668514793,-0.03485442043510433,
emotion,mlp,0,art,79,0.23788194838231394,0.2524083833890079,0.2522765144126553,
emotion,mlp,0,art,80,0.5559386690669406,0.586484020062203,0.5717727968980925,
emotion,mlp,0,art,85,0.131646879647929,0.10665090529900606,0.13835197119472806,
emotion,mlp,0,art,86,0.28879518277256644,0.2753729491067035,0.30470782898326787,
emotion,mlp,0,art,98,0.2906862707009961,0.2558481175676152,0.2976385863592827,
emotion,mlp,0,art,99,0.5075979902966651,0.5215289990370281,0.5333017963514406,
emotion,mlp,0,art,105,-0.035445127674151325,-0.05142794924164484,-0.044954165832164765,
emotion,mlp,0,art,109,0.18297225522638014,0.2036216421887865,0.197262800580021,
emotion,mlp,0,art,110,0.26778575784302416,0.26961636979033227,0.27206815775469306,
emotion,mlp,0,art,116,0.4442101929567359,0.44312773328753324,0.4548081441549184,
emotion,mlp,0,art,117,0.634576475949452,0.6351881475922936,0.6571280867450964,
emotion,mlp,0,art,126,0.284366088617439,0.2955010662519635,0.30124752779781994,
emotion,mlp,0,art,127,0.3525447466916498,0.3143966160851764,0.3629162423661205,
emotion,mlp,0,art,136,0.23343133546653974,0.17241570837718276,0.23674793582392165,
emotion,mlp,0,art,144,0.311068417317292,0.3518092316609723,0.32099901312255325,
emotion,mlp,0,fashion,3,0.2685874383629513,0.2783587032233641,0.280578964241569,
emotion,mlp,0,fashion,14,0.1990930665644203,0.21656518593253618,0.23247140190178608,
emotion,mlp,0,fashion,15,-0.006085276565796031,-0.044065397324220934,-0.00998345433236733,
emotion,mlp,0,fashion,19,0.2711489769611934,0.21210076872609493,0.275921155204995,
emotion,mlp,0,fashion,21,0.004646447184084838,-0.04265720561193926,0.0052405883256938695,
emotion,mlp,0,fashion,22,0.18078304651160412,0.2058544493603988,0.2069762475871094,
emotion,mlp,0,fashion,30,0.309716456018769,0.32092538754788585,0.3306955327056082,
emotion,mlp,0,fashion,50,0.07369666943102533,0.05744157758998023,0.08483181400095396,
emotion,mlp,0,fashion,57,0.04801777518328809,0.05858708143679933,0.0557015780621354,
emotion,mlp,0,fashion,62,0.06444762877953146,0.06756620695287573,0.06905865371786114,
emotion,mlp,0,fashion,63,-0.08436499652116809,-0.06133088262628253,-0.09502713298823096,
emotion,mlp,0,fashion,79,0.11979834432581016,0.11282376881869,0.12599497749992744,
emotion,mlp,0,fashion,80,0.14549972209779113,0.1206444148606029,0.15413984223637217,
emotion,mlp,0,fashion,85,0.18241888778782636,0.1953734632212398,0.20695733356093005,
emotion,mlp,0,fashion,86,-0.019281302085349738,-0.007354918867780863,-0.01905052980864333,
emotion,mlp,0,fashion,98,0.14226635949792252,0.1826146852254991,0.15693707041849478,
emotion,mlp,0,fashion,99,0.39289810976234124,0.4071807231257279,0.4070654483672626,
emotion,mlp,0,fashion,105,0.01709658419108127,-1.7544332283264685e-05,0.01804385766511653,
emotion,mlp,0,fashion,109,0.22631341370403016,0.2531343983104966,0.25287316702497814,
emotion,mlp,0,fashion,110,0.08074809978708,0.0508331770461757,0.08619180342540995,
emotion,mlp,0,fashion,116,0.028026070835317735,0.01321889131335203,0.029843559185502095,
emotion,mlp,0,fashion,117,0.3127000641621623,0.27040214680837266,0.33912555282503004,
emotion,mlp,0,fashion,126,0.027374369814514205,0.02214074084597047,0.03609004554405743,
emotion,mlp,0,fashion,127,0.23941521413900202,0.27293177901599436,0.25866713689227483,
emotion,mlp,0,fashion,136,0.3582989572617263,0.3803410294612734,0.39929394751450675,
emotion,mlp,0,fashion,144,0.15219270103532656,0.12697946960328485,0.16470594480125056,
emotion,mlp,0,landscape,3,0.27055549782124916,0.2726007947007704,0.30037065016238446,
emotion,mlp,0,landscape,14,0.18153625494176306,0.2235075068914254,0.1827783125149839,
emotion,mlp,0,landscape,15,0.03318270393825163,0.04800960288096037,0.035919814639091996,
emotion,mlp,0,landscape,19,0.314307835316522,0.32765287574562496,0.3261876461994726,
emotion,mlp,0,landscape,21,0.30623644791855714,0.34499345716589636,0.31198433272132786,
emotion,mlp,0,landscape,22,0.26095115350657055,0.30758552571826087,0.27576684467682383,
emotion,mlp,0,landscape,30,0.306250506090927,0.25042946346176137,0.3145000917811806,
emotion,mlp,0,landscape,50,0.3072786255425899,0.27607929852740054,0.3225927101834947,
emotion,mlp,0,landscape,57,0.23796537937932452,0.2586564347978232,0.2546209366975439,
emotion,mlp,0,landscape,62,0.4062022363648016,0.40473743257375044,0.4140791838068561,
emotion,mlp,0,landscape,63,0.1032572039117509,0.09794315709398586,0.11426196950899391,
emotion,mlp,0,landscape,79,0.2909975655580111,0.3190423422483472,0.29542727686368697,
emotion,mlp,0,landscape,80,0.5393598775914984,0.5755755369661616,0.571188062256846,
emotion,mlp,0,landscape,85,0.24320228310008574,0.2503384385848998,0.27317719587433026,
emotion,mlp,0,landscape,86,0.35553500786899006,0.3835754446203756,0.3647696215961575,
emotion,mlp,0,landscape,98,0.2680955033270999,0.27341048946002716,0.29003048166876627,
emotion,mlp,0,landscape,99,0.377945259429652,0.3925192441540683,0.3948174836503016,
emotion,mlp,0,landscape,105,-0.04728200252619743,-0.082506776137077,-0.048566174960314366,
emotion,mlp,0,landscape,109,0.21224270719553448,0.20056977307469318,0.22543263388172874,
emotion,mlp,0,landscape,110,0.3528073162078463,0.42582932989435474,0.36652586532918036,
emotion,mlp,0,landscape,116,0.17399468313166933,0.17970957302760115,0.1861145035381314,
emotion,mlp,0,landscape,117,0.3239353116201094,0.36464155120791847,0.32757690680222323,
emotion,mlp,0,landscape,126,0.17053064811643637,0.185414997213272,0.18033167731636443,
emotion,mlp,0,landscape,127,0.31204549251259356,0.3201715124999722,0.31637453962796597,
emotion,mlp,0,landscape,136,0.3041594481488263,0.30116341941743774,0.3354572966462575,
emotion,mlp,0,landscape,144,0.30408384541963546,0.29640754237960526,0.31126761021186794,
emotion,mlp,1,art,5,0.12312739767331186,0.21322516939108782,0.12988174058662677,
emotion,mlp,1,art,6,0.4690558849589455,0.5329769883866119,0.47567670644139454,
emotion,mlp,1,art,16,0.3431113659091272,0.29478297509728485,0.35754869202708345,
emotion,mlp,1,art,17,0.14332969008278099,0.13084916106455738,0.15111207423330963,
emotion,mlp,1,art,23,-0.06277581452870656,-0.02723320051709316,-0.05411301691209142,
emotion,mlp,1,art,35,0.0033737925740853028,0.012404876804907003,0.011045753410168299,
emotion,mlp,1,art,39,0.6680624797899322,0.6375774430515507,0.6806932636352405,
emotion,mlp,1,art,44,0.4526318279608718,0.44828313888226984,0.4618348503238465,
emotion,mlp,1,art,51,0.16954871827403004,0.1831794117871107,0.19103342304678603,
emotion,mlp,1,art,64,0.2093966324840586,0.21877179696840318,0.21269442403614547,
emotion,mlp,1,art,69,0.20824804604665204,0.23547907153173764,0.21306707083829357,
emotion,mlp,1,art,81,0.2536370869873761,0.21001915329675194,0.2693653719523908,
emotion,mlp,1,art,92,0.16001908934648337,0.1825688689481606,0.17166772579625889,
emotion,mlp,1,art,100,0.4395789689763057,0.4261323788079053,0.44919615731384915,
emotion,mlp,1,art,101,0.4266893019239986,0.4818719537094074,0.44046918339485935,
emotion,mlp,1,art,106,0.1754812187091944,0.1850568510553108,0.1802676253612371,
emotion,mlp,1,art,111,0.48447446543335565,0.51556459032131,0.5141683906662603,
emotion,mlp,1,art,118,0.3941285139688026,0.3959629197754453,0.4064083612930471,
emotion,mlp,1,art,119,0.33628970343246806,0.36287834391440915,0.35499303453252967,
emotion,mlp,1,art,128,0.23714731233828198,0.28761817265873824,0.26042264514209773,
emotion,mlp,1,art,129,0.10467759457501373,0.08640799123251415,0.111131776304157,
emotion,mlp,1,art,137,0.28582847458279415,0.23147506594401146,0.28888423671177177,
emotion,mlp,1,fashion,5,0.027658228169510104,-0.06295052883362133,0.030082059491867364,
emotion,mlp,1,fashion,6,0.2703337161165296,0.2754645028857901,0.27324986750497504,
emotion,mlp,1,fashion,16,0.1006485196962338,0.12219166880813348,0.11200286974902902,
emotion,mlp,1,fashion,17,0.05759183486964233,0.055372417034313365,0.1012525157322474,
emotion,mlp,1,fashion,23,0.09684367894651517,0.12509688708997904,0.10633587891313673,
emotion,mlp,1,fashion,35,0.008766540635187997,0.011935860984566199,0.018002889507771295,
emotion,mlp,1,fashion,39,0.15890936700370573,0.17246870502439915,0.1754794827812066,
emotion,mlp,1,fashion,44,-0.002200634253246469,0.009605922065267836,0.001091097764583766,
emotion,mlp,1,fashion,51,0.2554151710892104,0.27717920533994445,0.2604426690981258,
emotion,mlp,1,fashion,64,-0.008575307305933302,0.024449035859664698,-0.007014270732060367,
emotion,mlp,1,fashion,69,0.13955519349922854,0.15234319445941344,0.13888869288667635,
emotion,mlp,1,fashion,81,0.07964496685942747,0.11226963119106037,0.08362315012025834,
emotion,mlp,1,fashion,92,0.0821648220977408,0.04925384973014026,0.08355437663652436,
emotion,mlp,1,fashion,100,0.2848586207464549,0.30424307719026655,0.3100743448329997,
emotion,mlp,1,fashion,101,0.1788567900818324,0.20931097413699495,0.18298701392786199,
emotion,mlp,1,fashion,106,0.1353566889439955,0.14633983651696514,0.1554523227700634,
emotion,mlp,1,fashion,111,0.09632487349845824,0.09755171353781426,0.10787746606086539,
emotion,mlp,1,fashion,118,0.27144919878283774,0.28876972377139787,0.28088295030128413,
emotion,mlp,1,fashion,119,0.12114855940242165,0.07148429441292543,0.13398012271744913,
emotion,mlp,1,fashion,128,0.3931933813846175,0.3783684444349604,0.40913035778279744,
emotion,mlp,1,fashion,129,-0.009505342558035406,-0.0715737436460309,-0.008749912843658132,
emotion,mlp,1,fashion,137,0.12838865417050083,0.06384817222477779,0.13328670026407816,
emotion,mlp,1,landscape,5,0.29395243815327393,0.2951445455309995,0.30507847622242057,
emotion,mlp,1,landscape,6,0.4241463825704348,0.49338297537382586,0.4668487094253822,
emotion,mlp,1,landscape,16,0.4148285248129839,0.3988256269863693,0.421110641803369,
emotion,mlp,1,landscape,17,0.1901542666287319,0.21615575680592247,0.19945585849645153,
emotion,mlp,1,landscape,23,0.42949654503306073,0.44856856083372354,0.455459585757916,
emotion,mlp,1,landscape,35,0.09390532241126016,0.08381772503601463,0.10254698879759445,
emotion,mlp,1,landscape,39,0.567835217229816,0.6378660005791065,0.6024654497753502,
emotion,mlp,1,landscape,44,0.21456418136040303,0.27887158097453185,0.23356154109007402,
emotion,mlp,1,landscape,51,0.46941064081269945,0.5134457729262218,0.4901499870750943,
emotion,mlp,1,landscape,64,0.17353942725861415,0.13695616155040455,0.17837662969939813,
emotion,mlp,1,landscape,69,0.1324071775196283,0.15059630026861534,0.13314394033453128,
emotion,mlp,1,landscape,81,0.24158772721126157,0.28196602262681886,0.24316277672143785,
emotion,mlp,1,landscape,92,0.16889140085193485,0.21742193529313011,0.1808293202852458,
emotion,mlp,1,landscape,100,0.3994779476010463,0.4051994877270324,0.4097993912751298,
emotion,mlp,1,landscape,101,0.007745090378863402,0.016145051920510103,0.009006293265107298,
emotion,mlp,1,landscape,106,0.1643925014411204,0.16455314329886536,0.18057925058288704,
emotion,mlp,1,landscape,111,0.15963688291697312,0.13564374665791176,0.16710750799424634,
emotion,mlp,1,landscape,118,0.4336130404435344,0.4512025099525822,0.45796588209077127,
emotion,mlp,1,landscape,119,0.5123469652631575,0.542133491115626,0.525295756325684,
emotion,mlp,1,landscape,128,0.1828954781054183,0.22759064818403252,0.20417313366884945,
emotion,mlp,1,landscape,129,0.41791983767110924,0.4264568285847683,0.436438366562649,
emotion,mlp,1,landscape,137,0.3715282837710168,0.38911801430984916,0.37765827369217636,
emotion,mlp,2,art,7,0.29165081259201475,0.3216293230605969,0.31609865277016613,
emotion,mlp,2,art,8,0.35381888310912624,0.44228241856087563,0.42108432966000947,
emotion,mlp,2,art,40,0.16711910625945156,0.15622590021071378,0.17659671942203223,
emotion,mlp,2,art,41,0.5469751805244639,0.5486728658199821,0.5667984634269723,
emotion,mlp,2,art,45,-0.07727257125945637,-0.07785402576178788,-0.08315761997491916,
emotion,mlp,2,art,46,-0.07868716103418603,-0.09896450623853505,-0.1070657219171406,
emotion,mlp,2,art,52,0.34583930955798264,0.3785227496018198,0.3699221482328556,
emotion,mlp,2,art,58,0.4917652601723419,0.5390642935214921,0.5297752540673312,
emotion,mlp,2,art,65,0.47844913671056966,0.5225268304445237,0.49539304559312985,
emotion,mlp,2,art,66,0.3345578394079753,0.3532053448472876,0.34812888314834733,
emotion,mlp,2,art,74,0.2617983957996195,0.30005171250143753,0.29394937444584174,
emotion,mlp,2,art,83,0.2195946424257018,0.23210792830659055,0.22892470249100147,
emotion,mlp,2,art,87,0.6019789745522731,0.6217938492361362,0.6148210474447025,
emotion,mlp,2,art,93,0.5689190719284141,0.5829641729920173,0.5779133768464911,
emotion,mlp,2,art,94,0.666879803044356,0.7038014511490668,0.6995153894997195,
emotion,mlp,2,art,102,0.19316026756831417,0.2145897812335915,0.19828733266350418,
emotion,mlp,2,art,112,0.10072945337539145,0.061445528182980165,0.10482764089006509,
emotion,mlp,2,art,113,0.31213473435502587,0.34775813896666324,0.35713905208602936,
emotion,mlp,2,art,120,0.45033591296341885,0.46105129736444916,0.4594289434039893,
emotion,mlp,2,art,121,0.13798066454853405,0.11929731282532863,0.15286439690303594,
emotion,mlp,2,art,131,0.2444472710165455,0.2994494633815863,0.30254142194237543,
emotion,mlp,2,art,138,0.27885039405493484,0.29647737883031994,0.29299635482225866,
emotion,mlp,2,art,139,0.21906175570354183,0.21928989502120086,0.2392989750937888,
emotion,mlp,2,fashion,7,0.18977042169297498,0.22214395553335364,0.19338822693570024,
emotion,mlp,2,fashion,8,0.11528220584722443,0.131126871989848,0.14375161516901805,
emotion,mlp,2,fashion,40,0.07860611213388737,0.03755507559401483,0.0805511317105754,
emotion,mlp,2,fashion,41,0.20141971907425757,0.23477598283299517,0.22150319940444518,
emotion,mlp,2,fashion,45,0.001025464401796734,0.029867589827810365,0.001620363314038901,
emotion,mlp,2,fashion,46,0.06606899493202674,0.09064391252344607,0.0735584638498788,
emotion,mlp,2,fashion,52,0.2690912422266349,0.30945730281753614,0.3240659225090273,
emotion,mlp,2,fashion,58,0.1373483373042616,0.1647081330834412,0.15879354327431097,
emotion,mlp,2,fashion,65,0.06937393262557394,0.07685163157957503,0.08310964748846227,
emotion,mlp,2,fashion,66,0.077524150424165,0.102393971456974,0.07684552624921183,
emotion,mlp,2,fashion,74,-0.093179220025826,-0.11366617790706253,-0.1058022709321081,
emotion,mlp,2,fashion,83,0.22303310250908073,0.21314921581497814,0.22663531377648308,
emotion,mlp,2,fashion,87,0.14660212496561764,0.15611740962189521,0.18391387341366125,
emotion,mlp,2,fashion,93,0.34987355934799824,0.3924468725780826,0.38109124438966885,
emotion,mlp,2,fashion,94,0.29537440858668934,0.2804617842158324,0.33735306330892123,
emotion,mlp,2,fashion,102,0.21345680479367116,0.2217567493378639,0.24675526031338302,
emotion,mlp,2,fashion,112,0.037619197492507896,0.0713305321413189,0.04178917886693053,
emotion,mlp,2,fashion,113,0.20841202176991,0.22139384071359744,0.22625881521875768,
emotion,mlp,2,fashion,120,0.16357935888315867,0.1769841739962441,0.16805209730738566,
emotion,mlp,2,fashion,121,0.211580393106543,0.17443655721960258,0.22779197350728467,
emotion,mlp,2,fashion,131,0.17674467871688126,0.19105682308777913,0.18895619265493754,
emotion,mlp,2,fashion,138,0.33362170142245695,0.3738066619121441,0.3550674965894969,
emotion,mlp,2,fashion,139,0.2859452767697261,0.3227105534142917,0.3208740121821086,
emotion,mlp,2,landscape,7,0.055537944173709,0.05042069157447909,0.057194795916570396,
emotion,mlp,2,landscape,8,0.330335025824906,0.3581396499110588,0.35359059804682297,
emotion,mlp,2,landscape,40,0.14750718397133133,0.16166265771142171,0.17159903072584934,
emotion,mlp,2,landscape,41,0.05072900310920527,0.07239172783836294,0.0732734445687079,
emotion,mlp,2,landscape,45,0.2549175825095205,0.2630178769065476,0.26233544904712836,
emotion,mlp,2,landscape,46,0.027888832208597003,0.08308482753766278,0.03570369072955613,
emotion,mlp,2,landscape,52,0.26839524928761743,0.27209863504013826,0.28294362482337204,
emotion,mlp,2,landscape,58,0.38291807425591157,0.3664443780321631,0.40434160835325583,
emotion,mlp,2,landscape,65,0.16677777220224155,0.09836689090243733,0.1767809819950725,
emotion,mlp,2,landscape,66,0.23048025142857112,0.23918438737259884,0.24143490514830135,
emotion,mlp,2,landscape,74,0.11213552070656026,0.1367663811667229,0.11408705515089997,
emotion,mlp,2,landscape,83,0.2644428650686761,0.25028861037633726,0.27516322618834316,
emotion,mlp,2,landscape,87,0.24693966145375057,0.2701790177337375,0.26148006081294856,
emotion,mlp,2,landscape,93,0.5085501814066906,0.5537374937866739,0.544545938432086,
emotion,mlp,2,landscape,94,0.3266049029687934,0.3162115939759329,0.3304996879160867,
emotion,mlp,2,landscape,102,0.39349180409135726,0.4971865068592525,0.407640179560303,
emotion,mlp,2,landscape,112,0.33625399293305597,0.25158609879887345,0.33919394620711446,
emotion,mlp,2,landscape,113,0.301390986430307,0.3184932002508671,0.31116499726177627,
emotion,mlp,2,landscape,120,0.3438088320881451,0.3661169807759095,0.35420526786959833,
emotion,mlp,2,landscape,121,0.4481699440235503,0.46449883865886593,0.4879828791186398,
emotion,mlp,2,landscape,131,-0.015094480105892066,-0.041884214511603464,-0.01850204549417417,
emotion,mlp,2,landscape,138,0.4140312097410154,0.4456511648016031,0.4251141610918448,
emotion,mlp,2,landscape,139,0.2348972945413403,0.2213238117757925,0.258657363372733,
emotion,mlp,3,art,0,0.3467181623809643,0.2949908257978953,0.35448472035433437,
emotion,mlp,3,art,9,0.47336122336408826,0.5191888749370174,0.4945884139752193,
emotion,mlp,3,art,10,0.3197402503931706,0.3792284028425181,0.3312539965713798,
emotion,mlp,3,art,11,0.4238019796338719,0.46174425536861424,0.44474496214668696,
emotion,mlp,3,art,24,0.332061461890669,0.361837119722475,0.36621731243179184,
emotion,mlp,3,art,28,0.40529183494345816,0.45660349975466613,0.46006658489197894,
emotion,mlp,3,art,31,0.4829301096961503,0.47301046490929455,0.4927602896611745,
emotion,mlp,3,art,32,0.34077472300344697,0.35263307740129174,0.3626604040714357,
emotion,mlp,3,art,36,0.313400525130548,0.2924295320866614,0.33414783041841717,
emotion,mlp,3,art,42,-0.01041424500053297,0.0132824367462748,-0.014870779912407964,
emotion,mlp,3,art,47,0.29977388088258206,0.30474752227302376,0.3161176630543002,
emotion,mlp,3,art,54,0.17549150307066655,0.1550640168832362,0.18115631903235782,
emotion,mlp,3,art,55,0.05192988270003357,0.044657434203426695,0.06089530111623154,
emotion,mlp,3,art,59,0.4117458301752595,0.4368072453042799,0.4764352633546329,
emotion,mlp,3,art,60,0.5574653062560226,0.5731679239071074,0.5698950921468401,
emotion,mlp,3,art,67,0.2525192103978028,0.3155149379374329,0.2760943454760549,
emotion,mlp,3,art,68,0.4781950449449474,0.4748903191878447,0.49675143110787173,
emotion,mlp,3,art,75,0.44446105170599176,0.4019582618259103,0.4551074104869493,
emotion,mlp,3,art,76,0.5078513222150426,0.5056121038080262,0.5363539475697923,
emotion,mlp,3,art,82,0.521633501933447,0.5566603414036984,0.545949892865586,
emotion,mlp,3,art,84,0.13110730769061738,0.12131059885714607,0.13278021378881433,
emotion,mlp,3,art,88,0.520879533599658,0.5269266428926674,0.5426714010947585,
emotion,mlp,3,art,95,0.28092304658677003,0.2588929127829441,0.3180314179918193,
emotion,mlp,3,art,96,0.59133493612809,0.5682346888275164,0.6164996282894829,
emotion,mlp,3,art,107,0.34500971678796827,0.33124765748437884,0.36931212257224466,
emotion,mlp,3,art,122,0.5054082926654004,0.4590629568472142,0.5355521138700694,
emotion,mlp,3,art,123,0.35143898041910865,0.307453015346331,0.35735566845969546,
emotion,mlp,3,art,132,0.38942083596989335,0.3816050625660103,0.39568811342318044,
emotion,mlp,3,art,140,0.41929591724046533,0.4199134578914295,0.43275514571699963,
emotion,mlp,3,art,141,0.289804102044176,0.3031568087721266,0.29405037577986,
emotion,mlp,3,fashion,0,0.026257961845477056,0.07350745155058443,0.02627421539754989,
emotion,mlp,3,fashion,9,0.11071399192628084,0.08448278826552906,0.1171421232259729,
emotion,mlp,3,fashion,10,0.39706422895092924,0.4376902203800788,0.43778225126827913,
emotion,mlp,3,fashion,11,0.45806757861479835,0.49413557627860705,0.4671592380755847,
emotion,mlp,3,fashion,24,0.06646027897817963,0.08930101382270371,0.0683513493140549,
emotion,mlp,3,fashion,28,0.19608727518568456,0.21153806836643438,0.20919951564620487,
emotion,mlp,3,fashion,31,0.08795382195289136,0.09692597338340196,0.11538080170528592,
emotion,mlp,3,fashion,32,0.09365675525282025,0.0714606596994269,0.1178232137361034,
emotion,mlp,3,fashion,36,-0.10975941305308357,-0.08912033346428173,-0.1275356889179762,
emotion,mlp,3,fashion,42,0.1265373660892886,0.11276490931660331,0.1304717793079955,
emotion,mlp,3,fashion,47,0.30100788303590736,0.263097480825432,0.32920644390155257,
emotion,mlp,3,fashion,54,-0.03773205947449017,-0.03164117136131083,-0.04487932145943843,
emotion,mlp,3,fashion,55,0.07630952855198546,0.08222757345993227,0.08901871831305763,
emotion,mlp,3,fashion,59,0.28126608969434125,0.23211682548145532,0.2995586522568807,
emotion,mlp,3,fashion,60,0.1059274794795154,0.14387669575073317,0.11128637842256005,
emotion,mlp,3,fashion,67,0.02715968263636956,0.046578243063083134,0.028082790695880027,
emotion,mlp,3,fashion,68,0.28769360125343507,0.3135315658011772,0.29675461078652815,
emotion,mlp,3,fashion,75,0.21284928662172756,0.21129321190052205,0.22200866441199987,
emotion,mlp,3,fashion,76,0.23026098364324396,0.24557829701340436,0.2501851037582866,
emotion,mlp,3,fashion,82,0.20363297435662864,0.23133851853738166,0.22708695864570183,
emotion,mlp,3,fashion,84,0.220568790952094,0.2576003912115337,0.2568628265466393,
emotion,mlp,3,fashion,88,0.11245519124575305,0.1781736008017142,0.14322199829077353,
emotion,mlp,3,fashion,95,0.010287563497556001,-1.6342189262228784e-05,0.014994618616026365,
emotion,mlp,3,fashion,96,0.06625901691695163,0.0740117225276214,0.07031763701452594,
emotion,mlp,3,fashion,107,0.0895983716891176,0.08696696767647383,0.09113730135115393,
emotion,mlp,3,fashion,122,0.21026454012730392,0.17826949027331665,0.23183039213532708,
emotion,mlp,3,fashion,123,0.18917334251916595,0.17900798281982888,0.19868552759549438,
emotion,mlp,3,fashion,132,0.18815461758500787,0.19182244129786377,0.23095189645013006,
emotion,mlp,3,fashion,140,0.29866302337147327,0.36001440809140933,0.34133874893850247,
emotion,mlp,3,fashion,141,0.10800964576570556,0.10726221446088831,0.11045490793777474,
emotion,mlp,3,landscape,0,0.10846524728520839,0.1627939927511733,0.11531299254846648,
emotion,mlp,3,landscape,9,0.44288544315876893,0.3506331243142071,0.46252016680158975,
emotion,mlp,3,landscape,10,0.45572072752528997,0.47756273199669064,0.5027609684599278,
emotion,mlp,3,landscape,11,0.22320446750544728,0.18787540898747243,0.2351333715883693,
emotion,mlp,3,landscape,24,0.0272227291448227,0.045012836113290176,0.027613889494631474,
emotion,mlp,3,landscape,28,0.2081906536098943,0.21337074676945902,0.21730268858983015,
emotion,mlp,3,landscape,31,0.0494265037289874,0.10110258568338874,0.05609633336022863,
emotion,mlp,3,landscape,32,0.2774450417196879,0.2861778462815124,0.30065458671552775,
emotion,mlp,3,landscape,36,0.47589371824379273,0.503284367305732,0.4900450731730599,
emotion,mlp,3,landscape,42,0.227926840902711,0.30352729851808724,0.24478286438013033,
emotion,mlp,3,landscape,47,0.5237758144682846,0.506192870976916,0.529841563019774,
emotion,mlp,3,landscape,54,0.0172419663792804,-0.04990636871010337,0.022901078869247863,
emotion,mlp,3,landscape,55,0.3560151519691002,0.33657520287832293,0.3714625868890547,
emotion,mlp,3,landscape,59,0.26800826082243634,0.2692234782962218,0.2881261935564946,
emotion,mlp,3,landscape,60,0.574351315157878,0.5823658944871551,0.583479605156541,
emotion,mlp,3,landscape,67,0.14540287619425007,0.17816641593460444,0.1496659325524106,
emotion,mlp,3,landscape,68,0.3122151555890984,0.3093761047555271,0.3271145742448247,
emotion,mlp,3,landscape,75,0.16728075442404744,0.1738621061459976,0.17954637482914457,
emotion,mlp,3,landscape,76,0.35739327436532436,0.30233111453292677,0.3617548341679658,
emotion,mlp,3,landscape,82,0.18659071583742148,0.20473555636311117,0.1941189101443719,
emotion,mlp,3,landscape,84,0.42454601973806266,0.41687723860016906,0.45077327799773714,
emotion,mlp,3,landscape,88,0.43913501252515347,0.4564182958790555,0.47646482032139464,
emotion,mlp,3,landscape,95,0.17034637165123837,0.1638478294199198,0.18898944208691182,
emotion,mlp,3,landscape,96,0.40639691152245055,0.42296941861635845,0.4268384198412412,
emotion,mlp,3,landscape,107,-0.06084309630456367,-0.05186205212930014,-0.06352901390061012,
emotion,mlp,3,landscape,122,0.4212715229880022,0.42925598442910173,0.44470057457072,
emotion,mlp,3,landscape,123,0.40505716782547996,0.4603628562365247,0.45660159995480304,
emotion,mlp,3,landscape,132,0.30514791077110043,0.25754187138550355,0.3162441052534844,
emotion,mlp,3,landscape,140,0.06908980474416447,0.11026270279312911,0.07619083402750683,
emotion,mlp,3,landscape,141,0.2087959183013245,0.19803415950358927,0.21524362045473502,
emotion,mlp,4,art,1,0.14272876873248738,0.1542129129105785,0.15117238959476106,
emotion,mlp,4,art,2,0.6827951917741549,0.7425356821360222,0.7059470552651824,
emotion,mlp,4,art,12,0.37648951815830817,0.39237122277039943,0.39397975342823033,
emotion,mlp,4,art,13,0.3191304783913354,0.2936784451989825,0.3461311825767765,
emotion,mlp,4,art,26,0.32466640453198276,0.34579751382208174,0.3314024547917544,
emotion,mlp,4,art,29,0.1184146777459018,0.141424318582187,0.12780749440166833,
emotion,mlp,4,art,34,0.4750396678187581,0.48212821405519635,0.4853541611396004,
emotion,mlp,4,art,38,0.29787568671884157,0.3472779537040877,0.33396990421001327,
emotion,mlp,4,art,43,0.033545261223992505,0.04582438196230169,0.03700591775233027,
emotion,mlp,4,art,48,0.5643948139274553,0.57186222885257,0.5718370949634385,
emotion,mlp,4,art,49,0.2218373471808687,0.2897395456793046,0.23559826248845814,
emotion,mlp,4,art,56,0.13613066134190524,0.12319358360833106,0.14097151861274412,
emotion,mlp,4,art,61,0.33343620093669174,0.3697678343899466,0.35863004408954574,
emotion,mlp,4,art,72,0.22011185512357137,0.29047815914850167,0.2455299396414415,
emotion,mlp,4,art,77,0.33593781494499764,0.333862504222258,0.3468011372967597,
emotion,mlp,4,art,78,0.4084473166978828,0.4202642421891301,0.42724615566916907,
emotion,mlp,4,art,89,0.16974535405531163,0.19341549857100895,0.17477141709987087,
emotion,mlp,4,art,90,0.24928405317930724,0.2639024018139755,0.28236095344887086,
emotion,mlp,4,art,97,0.32000254776293374,0.3464517179974081,0.3485932227856912,
emotion,mlp,4,art,103,0.6014586809805272,0.5553342442937338,0.6429748412863453,
emotion,mlp,4,art,108,0.2210677193816284,0.2525811143969192,0.22780291821863843,
emotion,mlp,4,art,114,0.438363914767771,0.47286653234027204,0.44723114753971666,
emotion,mlp,4,art,115,0.04897919620943933,0.0999317883972584,0.05099293735791117,
emotion,mlp,4,art,124,0.3854233722494149,0.39869866116768654,0.39691261919073656,
emotion,mlp,4,art,134,0.43976246588990625,0.4470182348157549,0.4530891345987414,
emotion,mlp,4,art,135,0.008319421598018599,0.040690686022535165,0.011079643652224734,
emotion,mlp,4,art,142,0.3986389688762563,0.39163595365931875,0.40362039642827313,
emotion,mlp,4,art,143,0.511074683820666,0.5489964980499787,0.544144288606752,
emotion,mlp,4,fashion,1,0.1632573341779485,0.2005859496754371,0.16786999805741762,
emotion,mlp,4,fashion,2,0.463116136813051,0.45748004303453205,0.4743959526426825,
emotion,mlp,4,fashion,12,0.12836897385690885,0.12241769948686133,0.1328094339416632,
emotion,mlp,4,fashion,13,0.08579895206257943,0.07982430533483682,0.0914115820253432,
emotion,mlp,4,fashion,26,0.26145581666656853,0.21035498808495487,0.2691644067656267,
emotion,mlp,4,fashion,29,0.23179926128126227,0.1909354416543406,0.23623901864980876,
emotion,mlp,4,fashion,34,0.1761358884361853,0.18784578670419053,0.21263291502793816,
emotion,mlp,4,fashion,38,0.19087382843452147,0.16727294410902194,0.2052591987865444,
emotion,mlp,4,fashion,43,0.26936248588541645,0.30536708266691054,0.2883370019403093,
emotion,mlp,4,fashion,48,0.2583835437683039,0.23083451100666538,0.2726785543497941,
emotion,mlp,4,fashion,49,0.09742871654513192,0.06827337005539773,0.09714123388972314,
emotion,mlp,4,fashion,56,-0.0983946465980781,-0.052680181834186206,-0.1037604841383933,
emotion,mlp,4,fashion,61,0.2501871923690658,0.27192436217724353,0.25317532633591194,
emotion,mlp,4,fashion,72,0.019396979732133997,0.027719914703237727,0.028299812368767104,
emotion,mlp,4,fashion,77,0.3012101655021171,0.3072982531458987,0.33408714218101637,
emotion,mlp,4,fashion,78,0.23137447459370966,0.2558616544743041,0.2562554442593615,
emotion,mlp,4,fashion,89,0.1432206958648678,0.15252495772124405,0.15518081014367205,
emotion,mlp,4,fashion,90,0.1398668050000987,0.15707321515942313,0.151710197222609,
emotion,mlp,4,fashion,97,0.3117060394673052,0.32570899696815453,0.31696995782041015,
emotion,mlp,4,fashion,103,-0.009358193909680268,0.0018116128058390663,-0.010398622379863562,
emotion,mlp,4,fashion,108,0.1438578356281985,0.19000060788646903,0.16095761907029052,
emotion,mlp,4,fashion,114,0.0866607829360449,0.1021917637017639,0.10824755161426121,
emotion,mlp,4,fashion,115,0.25883941152437634,0.23362088838282857,0.26708096498387063,
emotion,mlp,4,fashion,124,0.2121129844734022,0.19950472796963348,0.22416141924296226,
emotion,mlp,4,fashion,134,0.19548388192348196,0.17001150505940746,0.20399356592627357,
emotion,mlp,4,fashion,135,-0.026720315265570168,-0.029057308239035563,-0.0286897395422719,
emotion,mlp,4,fashion,142,0.20655126650623598,0.23372292305170186,0.21608948218485313,
emotion,mlp,4,fashion,143,0.1953572927517476,0.2050309880328192,0.19745834357458303,
emotion,mlp,4,landscape,1,0.119015109104187,0.10583329525676251,0.1346895511580146,
emotion,mlp,4,landscape,2,0.24939269447101323,0.2613571357781515,0.25391428576829234,
emotion,mlp,4,landscape,12,0.5525850386088864,0.5836868744177647,0.5629590834030237,
emotion,mlp,4,landscape,13,0.18046000829939798,0.20860275341081214,0.22070214881057945,
emotion,mlp,4,landscape,26,0.09722810412046307,0.13338845611147152,0.10802488668666306,
emotion,mlp,4,landscape,29,0.06728901720714807,0.0551343813887247,0.06990569137918458,
emotion,mlp,4,landscape,34,0.4777861903771719,0.5691487099753848,0.5704629844414232,
emotion,mlp,4,landscape,38,0.1287926110135923,0.0963596518317304,0.13566609245209435,
emotion,mlp,4,landscape,43,0.22740176147794341,0.18621603230246897,0.2560199894248429,
emotion,mlp,4,landscape,48,0.4405427116325707,0.4791815006744284,0.46232090156028577,
emotion,mlp,4,landscape,49,0.22626844263084075,0.2609134057328935,0.23941167034752975,
emotion,mlp,4,landscape,56,0.17239737320229706,0.2513572433647773,0.24073071151060152,
emotion,mlp,4,landscape,61,0.1124599357492838,0.1137582578640239,0.11887609320809923,
emotion,mlp,4,landscape,72,0.18136609705299842,0.21022276606967016,0.22394660546762135,
emotion,mlp,4,landscape,77,0.19467012824495447,0.20649540699720495,0.22612610726225987,
emotion,mlp,4,landscape,78,0.14521578708423996,0.1908277737717425,0.1846689631448973,
emotion,mlp,4,landscape,89,0.17112118782886074,0.16278916991397477,0.21200127692509532,
emotion,mlp,4,landscape,90,0.3353496197733614,0.34809593607607514,0.3611246760910469,
emotion,mlp,4,landscape,97,0.22763532069364753,0.27093189108693133,0.23075601422884484,
emotion,mlp,4,landscape,103,0.24158298085927357,0.2683325338086379,0.25478108486891576,
emotion,mlp,4,landscape,108,0.2632253652539218,0.25649533902576144,0.2733376904999937,
emotion,mlp,4,landscape,114,0.15894996967739436,0.12710860385351802,0.16996495211763488,
emotion,mlp,4,landscape,115,0.061077935148226625,0.0415388407128139,0.0653164802266102,
emotion,mlp,4,landscape,124,0.37399699982498796,0.43874077792905525,0.4367466688753983,
emotion,mlp,4,landscape,134,0.22479607805075238,0.20310020900704742,0.24422891900779364,
emotion,mlp,4,landscape,135,0.18561287282212627,0.14150442872196659,0.19020299343276983,
emotion,mlp,4,landscape,142,0.18343051613904024,0.19858067295305817,0.1852863232681333,
emotion,mlp,4,landscape,143,0.4089662417986815,0.39575497460251735,0.42561456684805204,
emotion,ridge,0,art,3,0.0022344147113463,-0.0140600722483812,0.0077673680645186,6.357419622712372
emotion,ridge,0,art,14,0.5048899224556181,0.6424442704125599,0.6111265172466622,6.3201926315890375
emotion,ridge,0,art,15,0.1452463336246411,0.2970096045441113,0.2222908119855391,6.288435095577292
emotion,ridge,0,art,19,0.4992063892833251,0.5916951528969326,0.6047699711922426,6.364975322273527
emotion,ridge,0,art,21,0.4524656306731521,0.5156246470364317,0.5171242927467106,6.347352844351106
emotion,ridge,0,art,22,0.3283678398586233,0.3702218435648721,0.3555149765117291,6.273293017280335
emotion,ridge,0,art,30,0.1927034795451783,0.3249552137073225,0.2860513231929124,6.566912671066668
emotion,ridge,0,art,50,0.4708970003099473,0.5310984457813888,0.5507945734699207,6.510122951309872
emotion,ridge,0,art,57,0.37031705616914,0.5074887444841333,0.4527287388423407,6.427052118051289
emotion,ridge,0,art,62,0.391155901182981,0.5176835907229632,0.5212905124175836,6.393642448825935
emotion,ridge,0,art,63,0.0350081075503632,-0.0119626755627208,0.0499950651213239,6.298215936313969
emotion,ridge,0,art,79,0.4250743560058898,0.4980901689257344,0.5014443049916157,6.442358392751623
emotion,ridge,0,art,80,0.6256711678744803,0.6998702755743126,0.6724696528063108,6.359290075250205
emotion,ridge,0,art,85,0.1603304572327089,0.2012917261226317,0.2363729967184268,6.470380841178579
emotion,ridge,0,art,86,0.3791236273975562,0.6340980328086082,0.6232261182863227,6.39245137049916
emotion,ridge,0,art,98,0.3001357970385278,0.23826800674065987,0.3101460378650841,6.427256999724771
emotion,ridge,0,art,99,0.6679439725431392,0.7190454772490771,0.7166978752915986,6.4228571309574205
emotion,ridge,0,art,105,0.0997072535174424,0.2522702399032182,0.2293500868415194,6.485928532206917
emotion,ridge,0,art,109,0.3524965484398528,0.5072907457629476,0.5026901992453269,6.340040160718032
emotion,ridge,0,art,110,0.5138760494786391,0.5570472900623636,0.5702309955611242,6.277127069024025
emotion,ridge,0,art,116,0.6087346276769361,0.603566782308553,0.6338374340217998,6.417209673944402
emotion,ridge,0,art,117,0.6564677073032238,0.6940324034060517,0.7197046695478763,6.455140865291575
emotion,ridge,0,art,126,0.3588390594548087,0.4288991593647633,0.432116531677542,6.278226074322248
emotion,ridge,0,art,127,0.5930734344001306,0.6196169925561921,0.6503457382815493,6.442145482992186
emotion,ridge,0,art,136,0.3794993932635955,0.40316569342216474,0.3991856471793858,6.546754863181978
emotion,ridge,0,art,144,0.5858289842214309,0.6490913730803359,0.6819616080888887,6.50743611434135
emotion,ridge,0,fashion,3,0.3284607237564654,0.33618081192070576,0.4014060752530288,7.700902329945538
emotion,ridge,0,fashion,14,0.605807500981945,0.6889817593273205,0.6905021505037109,7.7361676625857045
emotion,ridge,0,fashion,15,0.0334057454133005,0.0624139398166015,0.0591385739811487,7.605175969787183
emotion,ridge,0,fashion,19,0.4081033334231261,0.479577854770234,0.4978696365829572,7.723562993621006
emotion,ridge,0,fashion,21,0.1505159519401717,0.2471524475171024,0.2437995444422211,7.727258937173976
emotion,ridge,0,fashion,22,0.2540091152583004,0.38171858118316865,0.3477480685598855,7.687436420183421
emotion,ridge,0,fashion,30,0.4997477207534177,0.5754820815472089,0.571954658899279,7.746136082602618
emotion,ridge,0,fashion,50,0.0742097675432054,0.1138194222616275,0.1133118440374953,7.727469888428675
emotion,ridge,0,fashion,57,0.1856985630081374,0.3039301634360127,0.2690912183270032,7.719647837471483
emotion,ridge,0,fashion,62,0.2333381370941243,0.2876677448855469,0.2877075258880649,7.722520431106877
emotion,ridge,0,fashion,63,0.0930919071548551,0.09234592994787978,0.1567615402738403,7.6200232040755465
emotion,ridge,0,fashion,79,0.4627680022061846,0.5099866589632478,0.5641952023146778,7.717565085610166
emotion,ridge,0,fashion,80,0.277254130563199,0.2546593419776857,0.3235073125626438,7.622764020004034
emotion,ridge,0,fashion,85,0.3835525237477097,0.526775761669079,0.4829762016255663,7.705927233385729
emotion,ridge,0,fashion,86,0.054433214932098996,0.0920615695014743,0.10308618195302,7.628770095651578
emotion,ridge,0,fashion,98,0.2824892695636042,0.4182581487697728,0.4055476368425672,7.714584063319353
emotion,ridge,0,fashion,99,0.3876990391786504,0.3816400697621023,0.4274394292830323,7.630840908789227
emotion,ridge,0,fashion,105,0.09919709595294819,0.1254244314931474,0.1261167334707164,7.75360852037593
emotion,ridge,0,fashion,109,0.2272004525409923,0.2976094330596984,0.3101196492341117,7.727615612040338
emotion,ridge,0,fashion,110,0.2023248864314954,0.2565309937304059,0.2712091746027223,7.682079078769584
emotion,ridge,0,fashion,116,0.2047314160394483,0.2997622349537319,0.4206311672380801,7.708450417904092
emotion,ridge,0,fashion,117,0.4381395493633518,0.4872264704759041,0.5093103315122374,7.645370186411532
emotion,ridge,0,fashion,126,0.2946195053719318,0.2441438643060155,0.42019211682772156,7.731240440189954
emotion,ridge,0,fashion,127,0.2712430334188568,0.3185677802229524,0.2983480527099327,7.603371328514224
emotion,ridge,0,fashion,136,0.353692125914945,0.4904746049985569,0.4600255174954723,7.779889032751771
emotion,ridge,0,fashion,144,0.3407573728589113,0.5191020733143337,0.4319623789134323,7.735032532871313
emotion,ridge,0,landscape,3,0.2278600847484399,0.4352453801228522,0.4734261901453602,2.3339646283581588
emotion,ridge,0,landscape,14,0.259666724479656,0.384458687835417,0.40809342708029855,2.4174098590239708
emotion,ridge,0,landscape,15,0.0116969042781721,0.0856171251377126,0.11699092528303719,2.2164805437444675
emotion,ridge,0,landscape,19,0.4091125787269438,0.4893476200048008,0.5290578156634621,2.292834859417299
emotion,ridge,0,landscape,21,0.18616261265069647,0.48035905466608436,0.41595220415658,2.297108815116329
emotion,ridge,0,landscape,22,0.2790198056161981,0.4252839858261834,0.42040695707056647,2.2055013018475678
emotion,ridge,0,landscape,30,0.4125857162930547,0.47612970945567,0.5078814080067462,2.3311936244995395
emotion,ridge,0,landscape,50,0.3352741388862006,0.3976677615207142,0.3916088541472793,2.352570836811222
emotion,ridge,0,landscape,57,0.1928677651692414,0.4159096278585257,0.4563638525318561,2.344715489607052
emotion,ridge,0,landscape,62,0.295819559181918,0.3633730447182026,0.4300757390266048,2.359172765341288
emotion,ridge,0,landscape,63,0.0098835836469779,0.033279314017865,0.0383166528031158,2.0983189552881303
emotion,ridge,0,landscape,79,0.1653742534163854,0.37378246859871717,0.3444211044928944,2.4138480075638507
emotion,ridge,0,landscape,80,0.5545458353492138,0.7192415865120015,0.7038577325581327,2.1980389323076803
emotion,ridge,0,landscape,85,0.283314369033612,0.48924120710796243,0.5022167872860956,2.306786587942657
emotion,ridge,0,landscape,86,0.3700173591341438,0.579239135621463,0.5630321687728035,2.221192779213782
emotion,ridge,0,landscape,98,0.2828719889398089,0.5237237227155954,0.5103021991369154,2.35003608726897
emotion,ridge,0,landscape,99,0.4385965127141315,0.6038368991796352,0.5773816311719712,2.1914704878955407
emotion,ridge,0,landscape,105,0.1371062808876017,0.2641418391378751,0.3252255857961941,2.3001580218548185
emotion,ridge,0,landscape,109,0.2504431621629618,0.4181852302417166,0.42704934657897037,2.332938991701959
emotion,ridge,0,landscape,110,0.5746449524754729,0.7555274911963309,0.7109479867994635,2.2576248593100243
emotion,ridge,0,landscape,116,0.2072724460003681,0.3449024521271687,0.4645908659114297,2.30582146260361
emotion,ridge,0,landscape,117,0.4427021762068699,0.567575280407768,0.5518333576247056,2.226077813111162
emotion,ridge,0,landscape,126,0.1596567742752748,0.18877181824908199,0.2180646144821061,2.279367489651266
emotion,ridge,0,landscape,127,0.2817111553143492,0.2745793759039662,0.3285897483467778,2.262687934572784
emotion,ridge,0,landscape,136,0.3623939531864245,0.5129686464879598,0.5832596377378764,2.408152093600831
emotion,ridge,0,landscape,144,0.3990365817657661,0.4981291041597042,0.5057005997141832,2.3298493524179995
emotion,ridge,1,art,5,0.181257166798552,0.3183527565092202,0.3556298792252189,5.0288680278354825
emotion,ridge,1,art,6,0.7051584174443697,0.7661824682897073,0.7291550444013669,4.989321472550331
emotion,ridge,1,art,16,0.39806543287104496,0.4650644687336128,0.4873054302686835,5.033249922472572
emotion,ridge,1,art,17,0.17961450355261163,0.2710271553757438,0.2783857027774652,5.069877388385576
emotion,ridge,1,art,23,0.09813985166057841,0.1321958613052632,0.1806298244238883,5.138236452433735
emotion,ridge,1,art,35,0.0486838676588798,0.06145104938229131,0.1035590276752587,4.824167553529313
emotion,ridge,1,art,39,0.7226090504725932,0.728796808802682,0.7435126304190572,4.738936360266727
emotion,ridge,1,art,44,0.650029261999771,0.7472497502741954,0.6971959752719549,5.044920601336299
emotion,ridge,1,art,51,0.44240605644838976,0.5871164153581027,0.5791899836337557,4.926591078297492
emotion,ridge,1,art,64,0.1774748945737621,0.3084488967909125,0.2542933157740839,5.076763120272108
emotion,ridge,1,art,69,0.2071510314108077,0.2723129452039254,0.2444470689894519,5.017994569010015
emotion,ridge,1,art,81,0.3155842089074281,0.3653477869159985,0.4060382371277374,5.136405710137148
emotion,ridge,1,art,92,0.3957060895847397,0.4953616863768275,0.4836027052121812,4.825371897886812
emotion,ridge,1,art,100,0.6728371094079654,0.6656483357391734,0.7194766863372366,5.248665226926214
emotion,ridge,1,art,101,0.5113193962898793,0.631303823033136,0.616709540489207,4.87781072813212
emotion,ridge,1,art,106,0.3130350613946551,0.4128980122428679,0.4103218963879099,4.926174428041615
emotion,ridge,1,art,111,0.6088969569525815,0.7081693251230288,0.7038774066576655,4.95294197434112
emotion,ridge,1,art,118,0.5315759010716674,0.6413114252536233,0.5857052588493115,4.9207381171137445
emotion,ridge,1,art,119,0.4833402321059143,0.5549624499022541,0.5706160538687292,4.826060385482664
emotion,ridge,1,art,128,0.3188766846566471,0.6501741655500031,0.5971276119585028,5.291931856075182
emotion,ridge,1,art,129,0.2093313009515798,0.3102558709585569,0.3273240729944788,4.950311208603584
emotion,ridge,1,art,137,0.5201225184562669,0.5646124955564745,0.5683045188419085,5.01493490418093
emotion,ridge,1,fashion,5,0.12250926161226978,0.21846804044491,0.216944825123314,2.9461032898906496
emotion,ridge,1,fashion,6,0.305523536666185,0.42329064684449297,0.4541740775067085,3.446552868855297
emotion,ridge,1,fashion,16,0.1995178491893641,0.3087255747273816,0.2898495456460786,3.0006165117157937
emotion,ridge,1,fashion,17,0.1685742226997944,0.13640436277708,0.20948126181326768,3.176566549604493
emotion,ridge,1,fashion,23,0.3173569499517845,0.5587452790557275,0.5253069993435773,3.2691808718323903
emotion,ridge,1,fashion,35,0.1867750497181445,0.3003800853269089,0.2925955606899404,3.2789268672346013
emotion,ridge,1,fashion,39,0.35748314402750897,0.3532980120049884,0.3999749215623695,3.31902936588951
emotion,ridge,1,fashion,44,0.1879894502784126,0.3013602571327127,0.2900701379994032,3.4508468757799537
emotion,ridge,1,fashion,51,0.3706095406655228,0.4755720132801438,0.4469612899594683,3.3165493580127126
emotion,ridge,1,fashion,64,0.0255435547879375,0.1457563988430483,0.1208124161587988,3.219311991733369
emotion,ridge,1,fashion,69,0.21449687103948442,0.3626243612448521,0.3265010838254367,3.1409462090973057
emotion,ridge,1,fashion,81,0.2879668518081931,0.3822115182415036,0.3926433915913865,3.0643457179384987
emotion,ridge,1,fashion,92,0.11391226365459879,0.1114135004646431,0.17207293041028002,3.253932029929535
emotion,ridge,1,fashion,100,0.5082100326998187,0.6029385197080509,0.6415556766531075,2.98033255572092
emotion,ridge,1,fashion,101,0.1912445090123622,0.3565731749854979,0.3070052805292356,3.2502466706836084
emotion,ridge,1,fashion,106,0.0828915583742809,0.1193907445673741,0.1490847875672319,3.248997302944961
emotion,ridge,1,fashion,111,0.1730095506071442,0.412045079668868,0.390385964919201,3.3194047068991366
emotion,ridge,1,fashion,118,0.2147065169525623,0.3012926055506026,0.32618414100676,2.9927766364653414
emotion,ridge,1,fashion,119,0.3808508762099578,0.5559817045939331,0.5809360359344369,3.515915239020277
emotion,ridge,1,fashion,128,0.40006395083850094,0.5295015425410006,0.5329143202557506,2.9958489586977195
emotion,ridge,1,fashion,129,-0.0113203884390595,-0.0573823979231109,-0.0314268212437821,3.440250541062856
emotion,ridge,1,fashion,137,0.114870981540386,0.2508733401030406,0.2568760767432307,3.2585292974005733
emotion,ridge,1,landscape,5,0.3634069052394288,0.5656994201764969,0.593606300151363,2.3313205121606804
emotion,ridge,1,landscape,6,0.43538023485705696,0.6190088818179528,0.6002984419097779,2.293343378975247
emotion,ridge,1,landscape,16,0.39283279210507765,0.5073375933939769,0.4939167983225321,2.3078059320640496
emotion,ridge,1,landscape,17,0.0485140515916767,0.0451515104125352,0.0933473937130236,2.2638979934648216
emotion,ridge,1,landscape,23,0.4778697331577737,0.679239141946414,0.6552713291157919,2.304267397167422
emotion,ridge,1,landscape,35,0.17000605650208947,0.4209217174812219,0.423305301868008,2.24773011350173
emotion,ridge,1,landscape,39,0.6479775478029908,0.7687763246908162,0.7624229278011141,2.23282934694934
emotion,ridge,1,landscape,44,0.3213024296993897,0.5594246306314546,0.4942179253239943,2.2748533280256704
emotion,ridge,1,landscape,51,0.4595479403120692,0.7027500097236294,0.6736017910498516,2.2141030386188376
emotion,ridge,1,landscape,64,0.2346536814481823,0.2864916098794229,0.3224680705191686,2.3310123254739823
emotion,ridge,1,landscape,69,0.1215917807076285,0.40472228517355785,0.3976718530499211,2.368295017117259
emotion,ridge,1,landscape,81,0.2309715759444069,0.465309697743778,0.4529199432359528,2.2362449265358424
emotion,ridge,1,landscape,92,0.2492351529580633,0.4439842827522706,0.4172506981586801,2.3105906521251742
emotion,ridge,1,landscape,100,0.3819807873865009,0.5293896347460818,0.4848678878486565,2.240749592052123
emotion,ridge,1,landscape,101,0.1760352879329868,0.2240824782293669,0.2932429396549242,2.2344906326411884
emotion,ridge,1,landscape,106,0.2436568543819334,0.44762480944098265,0.45284705585978474,2.265504326352604
emotion,ridge,1,landscape,111,0.257122089206682,0.4816345441556353,0.4828865477854356,2.245633184405456
emotion,ridge,1,landscape,118,0.536335353068641,0.6139952204438053,0.6085521251645728,2.284620172264011
emotion,ridge,1,landscape,119,0.6309290681620705,0.6883331663843193,0.7003083416235331,2.283363824065292
emotion,ridge,1,landscape,128,0.1990135719576015,0.4533170382359399,0.4103712725543445,2.330565760425712
emotion,ridge,1,landscape,129,0.4252453471166864,0.5716028910387012,0.6029503560462456,2.3265212399934168
emotion,ridge,1,landscape,137,0.4158113176423221,0.4313530080372537,0.4853458667246417,2.322493785324662
emotion,ridge,2,art,7,0.4155623278851089,0.4580230315705946,0.4780854878696903,7.374511663358461
emotion,ridge,2,art,8,0.5950238028460348,0.6347294323692818,0.6455586545155382,7.336451273673585
emotion,ridge,2,art,40,0.2134336745252872,0.2278058881131753,0.2417995107356922,7.265139607814814
emotion,ridge,2,art,41,0.6792636536438237,0.7003092774160381,0.7135083209947201,7.296271422489263
emotion,ridge,2,art,45,0.09178449994455669,0.1560757830892522,0.1338633984741608,7.195147366422677
emotion,ridge,2,art,46,0.10185411431113,0.1331392997597558,0.1620302655966333,7.299818229961005
emotion,ridge,2,art,52,0.5080774824137686,0.635375121472933,0.6304589642993654,7.22992354404968
emotion,ridge,2,art,58,0.5826994555253789,0.634915404921925,0.6811329520316752,7.367923740322849
emotion,ridge,2,art,65,0.5795271789921151,0.6666467470980678,0.6371976945507667,7.226437337408832
emotion,ridge,2,art,66,0.5612854194857193,0.622156735581552,0.635604796067917,7.369014718477193
emotion,ridge,2,art,74,0.3809509983116662,0.4886942091543378,0.47597943833917117,7.315503400900009
emotion,ridge,2,art,83,0.2831002420917377,0.5804463095236073,0.5544920456351256,7.314968302500788
emotion,ridge,2,art,87,0.6534952752027109,0.6525598610213506,0.6772076252545999,7.325299910649954
emotion,ridge,2,art,93,0.6036643845634954,0.6340927562195176,0.6322223464278224,7.341999666382548
emotion,ridge,2,art,94,0.6835262723381658,0.7393786201853132,0.7371770577168664,7.2859552609518135
emotion,ridge,2,art,102,0.2014707435375663,0.2716956830717412,0.23452009360602646,7.28107661041155
emotion,ridge,2,art,112,0.5501109285784559,0.6488500894382032,0.627806479590185,7.279286625092769
emotion,ridge,2,art,113,0.3062657230191725,0.4332759382408644,0.4307242002989092,7.331856201424203
emotion,ridge,2,art,120,0.6235470903559972,0.7303893028228993,0.6685158514759632,7.338128088095023
emotion,ridge,2,art,121,0.41837617268730404,0.4628989786913595,0.4438893687072473,7.302261629925961
emotion,ridge,2,art,131,0.297670560494942,0.3542540878626139,0.3733439944580023,7.326318631801789
emotion,ridge,2,art,138,0.4789188126712612,0.529921059332824,0.5138490994910718,7.247364067546527
emotion,ridge,2,art,139,0.4373981063352253,0.4428714692633849,0.48638909609742703,7.254193648859283
emotion,ridge,2,fashion,7,0.4062327541687863,0.4702646224006098,0.4963872356473958,7.484185879518566
emotion,ridge,2,fashion,8,0.1585016093729258,0.3677724637031241,0.3544209295707017,7.433381855511743
emotion,ridge,2,fashion,40,0.2514802648754006,0.1517989449342149,0.3113283477533355,7.493187271545362
emotion,ridge,2,fashion,41,0.3126236214103786,0.3937082609785723,0.4254937557797424,7.474956767790419
emotion,ridge,2,fashion,45,0.1148473976986301,0.2654878518377989,0.23108876862096608,7.50003821620978
emotion,ridge,2,fashion,46,0.0591744287145217,0.0910322899429765,0.10801268185959119,7.431483539297559
emotion,ridge,2,fashion,52,0.3055017025084343,0.4538571759544708,0.4746268499956952,7.505921885598152
emotion,ridge,2,fashion,58,0.2785680686956908,0.42244510012623565,0.42190062002349366,7.458916325892427
emotion,ridge,2,fashion,65,0.053496242778375,0.011980735350391103,0.0772405078996132,7.532903189212109
emotion,ridge,2,fashion,66,0.09252856891296261,0.1537899736508778,0.1337114320571057,7.354453050373023
emotion,ridge,2,fashion,74,0.0339849986222979,0.0041726195339611,0.0601579777728437,7.463245433164837
emotion,ridge,2,fashion,83,0.4486925354305411,0.5020571086727059,0.5146845078691912,7.3980172723912245
emotion,ridge,2,fashion,87,0.216928039700111,0.3705730011369644,0.36520267416331204,7.550788261727316
emotion,ridge,2,fashion,93,0.4123907752183327,0.5279714191555096,0.5227739934648511,7.482559311994502
emotion,ridge,2,fashion,94,0.3888089243784629,0.528424475638409,0.5492424735485296,7.432765191401653
emotion,ridge,2,fashion,102,0.18896246849597556,0.3912137723162316,0.3884665543653116,7.524233850000685
emotion,ridge,2,fashion,112,0.44861315585478084,0.46289218339707466,0.5140827659078142,7.541627586929397
emotion,ridge,2,fashion,113,0.2919057399627915,0.3393764759589846,0.35257445907186674,7.393778963110063
emotion,ridge,2,fashion,120,0.2909041746864322,0.2804272890288758,0.3376546282154989,7.531311743269916
emotion,ridge,2,fashion,121,0.4564029432604202,0.4546762723492302,0.499138385140347,7.395047608435707
emotion,ridge,2,fashion,131,0.1094113020594966,0.130286113352736,0.1524413837088227,7.363722918663176
emotion,ridge,2,fashion,138,0.5237963609465123,0.571146305609998,0.5765255665900774,7.479231667591354
emotion,ridge,2,fashion,139,0.24009838744751963,0.2779813089449017,0.2939995029191129,7.3690320709173776
emotion,ridge,2,landscape,7,0.1295305208811988,0.2083976319655005,0.2204600697502106,2.2278125141962457
emotion,ridge,2,landscape,8,0.3620263877562937,0.4781179148610295,0.4752205802948226,2.180666269778196
emotion,ridge,2,landscape,40,0.1742700628264916,0.4283591453553264,0.4672718298084589,2.1654606367725195
emotion,ridge,2,landscape,41,0.1798282958629361,0.473898905395111,0.494973589980281,2.2226789580278186
emotion,ridge,2,landscape,45,0.274303855763139,0.4072197013353065,0.4587865564005212,2.278559034924797
emotion,ridge,2,landscape,46,0.10263894191099439,0.2943838408652279,0.2656768194493071,2.257636545610873
emotion,ridge,2,landscape,52,0.33897850215551956,0.4942788566529765,0.5223108809820713,2.26056291794794
emotion,ridge,2,landscape,58,0.3684290174624408,0.4984611871692246,0.5525739701565561,2.225141846286624
emotion,ridge,2,landscape,65,0.1938170529781256,0.3072667135127417,0.2982096699199174,2.264899487286505
emotion,ridge,2,landscape,66,0.2308872970799217,0.4588396964197157,0.4704682061065842,2.282238070417587
emotion,ridge,2,landscape,74,0.20500866251764008,0.2971623780585622,0.2765259892667052,2.2707832169853366
emotion,ridge,2,landscape,83,0.34923823935868265,0.5286825459595174,0.5413871304217368,2.190727434815915
emotion,ridge,2,landscape,87,0.3528459232481338,0.5438306447295783,0.5427294385270331,2.238672549341618
emotion,ridge,2,landscape,93,0.5483775380120002,0.7229171613449873,0.7077529397712633,2.2548002004580576
emotion,ridge,2,landscape,94,0.4997134016341745,0.5186176052694352,0.5591496290989885,2.243580038938176
emotion,ridge,2,landscape,102,0.47809427987560954,0.6696667104480505,0.6565211024558598,2.274525846467543
emotion,ridge,2,landscape,112,0.4794483176446986,0.5015738741588819,0.5734179979175346,2.2971343271953337
emotion,ridge,2,landscape,113,0.311886746930737,0.402481831191483,0.4372492242933493,2.309471493513968
emotion,ridge,2,landscape,120,0.4803301922868681,0.627908151571488,0.6294094432725731,2.206498493665087
emotion,ridge,2,landscape,121,0.4877425720021116,0.7426972101185711,0.6936478422186658,2.259962435763544
emotion,ridge,2,landscape,131,0.0941285510362655,0.23683501365750823,0.2495445778070683,2.248215912258624
emotion,ridge,2,landscape,138,0.5844870458711263,0.7505738840103727,0.7893660157713441,2.203729389592222
emotion,ridge,2,landscape,139,0.3629499467600416,0.5157311687146049,0.5082798256219824,2.2989759889367827
emotion,ridge,3,art,0,0.4418126390686223,0.46236340333098996,0.4916849129254485,5.973217149953645
emotion,ridge,3,art,9,0.4938922992356581,0.5722170247481979,0.5341585564535447,5.996793748705799
emotion,ridge,3,art,10,0.542494132140375,0.5687677663997772,0.56547952493284,6.144629941959546
emotion,ridge,3,art,11,0.4808139728121634,0.5772501485202834,0.5747307970186856,5.854105949508408
emotion,ridge,3,art,24,0.4675242002004136,0.6638036955406141,0.6613475423183619,6.058975225280132
emotion,ridge,3,art,28,0.4220756217769444,0.5435596689077247,0.5252943330568064,5.901784791262492
emotion,ridge,3,art,31,0.637419667027383,0.59777607011506,0.6713905860765118,6.099590751341661
emotion,ridge,3,art,32,0.3305468129302564,0.39066277898444596,0.4275064552441199,5.805319395962905
emotion,ridge,3,art,36,0.4644819879703072,0.5117102886802376,0.5393871406195553,6.004959051425714
emotion,ridge,3,art,42,0.3191708022435515,0.40798211960432723,0.4266477926019842,6.013944688946537
emotion,ridge,3,art,47,0.3903654320575432,0.4504791602940403,0.4706812273444663,5.878029089574599
emotion,ridge,3,art,54,0.1867047716281612,0.1908600977297207,0.2724969171898961,5.918131176399323
emotion,ridge,3,art,55,0.2406004178688598,0.2910314715338322,0.309608934945748,5.834093559373106
emotion,ridge,3,art,59,0.4778243116898679,0.5516790090727689,0.6029052842763547,6.012867714726458
emotion,ridge,3,art,60,0.6457571462968367,0.7037009451576801,0.6984731704151237,5.778428025278089
emotion,ridge,3,art,67,0.3870394446847494,0.4663868261672924,0.473488308987926,6.185122385313567
emotion,ridge,3,art,68,0.5655874916810639,0.6938442625329541,0.7001100478318976,5.758317847316096
emotion,ridge,3,art,75,0.35641068678321536,0.3463244419158558,0.3922263680231466,6.234441915308725
emotion,ridge,3,art,76,0.5000980905962766,0.5271195450938225,0.5669041528849043,5.961827426761116
emotion,ridge,3,art,82,0.6780223512136984,0.7040441576752424,0.7186833561459478,5.949140599419555
emotion,ridge,3,art,84,0.2975581373687102,0.3505862775393289,0.3130347988081854,5.788333036674872
emotion,ridge,3,art,88,0.5406302088735185,0.6097194877294653,0.5884937562942268,5.814554740980327
emotion,ridge,3,art,95,0.4343735518204233,0.4616457856890932,0.5494021903880837,6.227036586303043
emotion,ridge,3,art,96,0.5959842384299453,0.590823205284511,0.64012688807547,5.874334716275821
emotion,ridge,3,art,107,0.5022929544790222,0.5138534823777795,0.5560217417688856,6.021614395815317
emotion,ridge,3,art,122,0.5676181225259995,0.6457169073113758,0.683423810507008,5.995176857430477
emotion,ridge,3,art,123,0.5165711268082529,0.5059724741189459,0.5726105088567007,5.87751275603343
emotion,ridge,3,art,132,0.5396479906510049,0.6186437516501899,0.6554575153541232,6.090536274390747
emotion,ridge,3,art,140,0.5542260330973677,0.5981925049260365,0.5901686431330181,6.103272793365879
emotion,ridge,3,art,141,0.420921512671189,0.532205274850372,0.4877146229304381,5.957336366089035
emotion,ridge,3,fashion,0,0.2744206259611046,0.4177366517731165,0.4164075516739449,6.298260723230032
emotion,ridge,3,fashion,9,0.240634818408908,0.2887360577392513,0.2964499026102236,6.365003913067231
emotion,ridge,3,fashion,10,0.4862863837687977,0.5843395115323188,0.5358194613259737,6.415794096089077
emotion,ridge,3,fashion,11,0.5166770857614023,0.5275628342363593,0.5324947533994266,6.3245086840376326
emotion,ridge,3,fashion,24,0.1344780213434714,0.2186014400868268,0.250037206083044,6.062127457545622
emotion,ridge,3,fashion,28,0.3398264549994116,0.4131639899183213,0.3803227583620108,6.209524226812756
emotion,ridge,3,fashion,31,-0.0619786839423857,-0.2168347306205982,-0.2153061615091094,6.320800674234774
emotion,ridge,3,fashion,32,0.0736930959802532,0.1457329396235527,0.1151436152477603,6.080839118501809
emotion,ridge,3,fashion,36,0.18859551748732492,0.4638534320431673,0.47390767061717726,6.2753668405762655
emotion,ridge,3,fashion,42,0.1333482714014485,0.260841725243428,0.2528807289023761,6.34095169465805
emotion,ridge,3,fashion,47,0.3334676076450065,0.4718755411759512,0.513999249610092,6.155309246927598
emotion,ridge,3,fashion,54,-0.0179907399791279,-0.0827844483415428,-0.0363150447777862,6.031009362239697
emotion,ridge,3,fashion,55,0.2073049188198839,0.2661789386571517,0.3485231460884693,6.326875410057334
emotion,ridge,3,fashion,59,0.4379808068414249,0.2583618529080517,0.4582483787010119,6.318521385410892
emotion,ridge,3,fashion,60,0.459505294633583,0.423440621040803,0.4876665363987644,6.270431940928471
emotion,ridge,3,fashion,67,0.0298138299497611,0.0139942050745909,0.0611060934414402,6.277057831206158
emotion,ridge,3,fashion,68,0.3000175509096967,0.4155424898526416,0.4038665578157447,5.9662552998588625
emotion,ridge,3,fashion,75,0.48031617611520055,0.5639255882556166,0.5554774202707535,6.296809092941431
emotion,ridge,3,fashion,76,0.2548332345562247,0.3262943782596568,0.3395870643146708,6.15998438645651
emotion,ridge,3,fashion,82,0.144858126338032,0.2135126630556985,0.293449666466754,6.277216967264473
emotion,ridge,3,fashion,84,0.248115243055455,0.3763688372649801,0.3677074345093278,6.089714669800891
emotion,ridge,3,fashion,88,0.2414017660883393,0.350837180560573,0.3477844013866566,6.004636356020225
emotion,ridge,3,fashion,95,0.08874290050979232,0.2174328281337251,0.1822117371164879,6.341944838316967
emotion,ridge,3,fashion,96,0.21183492568744358,0.3304330131993426,0.3068302202798034,6.079894930985002
emotion,ridge,3,fashion,107,0.1864917165844081,0.2038598310743198,0.2504468518300017,6.079281067640604
emotion,ridge,3,fashion,122,0.142302995343535,0.2007287703330788,0.2550944050013154,6.350203232944433
emotion,ridge,3,fashion,123,0.3280213610129402,0.4800508773066137,0.4212246528814292,6.250983555133815
emotion,ridge,3,fashion,132,0.3237107431277458,0.3896165884691778,0.4092101642423461,6.3218117681955865
emotion,ridge,3,fashion,140,0.3883553604481591,0.5544195765851336,0.5691867414809768,6.184281740079318
emotion,ridge,3,fashion,141,0.1955156470414567,0.2371193296607722,0.2762665113326729,6.117756858204452
emotion,ridge,3,landscape,0,0.2822211919319702,0.3982328832728214,0.3940693868220788,4.410151536818892
emotion,ridge,3,landscape,9,0.5543731616937138,0.5203045650928799,0.6287288840311149,4.369086861381021
emotion,ridge,3,landscape,10,0.6106774339173394,0.7024421078467108,0.6792091713959029,4.332636534276843
emotion,ridge,3,landscape,11,0.3638324490133167,0.37405809866723755,0.4561819744943827,4.39932748480435
emotion,ridge,3,landscape,24,-0.0775595403668343,-0.2687293269757501,-0.2145396705628958,4.560456392826637
emotion,ridge,3,landscape,28,0.2776608333971296,0.341242275259344,0.3384625022668782,4.567523058012319
emotion,ridge,3,landscape,31,0.1673887913034318,0.46643039613892884,0.330764819691497,4.340337828475603
emotion,ridge,3,landscape,32,0.49761125040983406,0.5861067142465244,0.6293795106860794,4.395541585496338
emotion,ridge,3,landscape,36,0.5705158977502064,0.5966703452660503,0.6084323136565852,4.433088835271652
emotion,ridge,3,landscape,42,0.34112438208945345,0.5316266973373487,0.5215604216878827,4.322451467919871
emotion,ridge,3,landscape,47,0.618185224653642,0.4777916735558541,0.640731976046648,4.491662260751228
emotion,ridge,3,landscape,54,0.0487878056449473,0.1650089238443256,0.12366932606832941,4.283965060400715
emotion,ridge,3,landscape,55,0.5408667600127318,0.597383698343564,0.6240361932475228,4.5447253558418765
emotion,ridge,3,landscape,59,0.39076046949815807,0.545705222936794,0.5100513207316101,4.41969121621224
emotion,ridge,3,landscape,60,0.7081235516177259,0.8014362213049373,0.7750252725689734,4.570336857822244
emotion,ridge,3,landscape,67,0.2947461582750158,0.3906431821702124,0.42236675521223493,4.288722281219858
emotion,ridge,3,landscape,68,0.2793711270477868,0.408608377894841,0.3729054765324187,4.45420152278465
emotion,ridge,3,landscape,75,0.239252677582918,0.4663978335212175,0.4211595867565681,4.244354267142189
emotion,ridge,3,landscape,76,0.3501094960804961,0.414836130671866,0.396402318046242,4.353680739671629
emotion,ridge,3,landscape,82,0.2567218887067322,0.3534652469532413,0.3582117978439238,4.399712621461195
emotion,ridge,3,landscape,84,0.4646858834822665,0.5898859689904656,0.5989132497605508,4.46456958488204
emotion,ridge,3,landscape,88,0.5934060171831338,0.745006965378913,0.7373210323025073,4.452986868903452
emotion,ridge,3,landscape,95,0.3849983708975202,0.5004041412706858,0.5331854499526479,4.42807821673494
emotion,ridge,3,landscape,96,0.5136275627109722,0.58390001414569,0.5816782470521674,4.56043463016622
emotion,ridge,3,landscape,107,0.1197915028967043,0.22525085525773916,0.1636267986475685,4.42658975389597
emotion,ridge,3,landscape,122,0.5008777137213556,0.5363514688073947,0.5898849242130209,4.428591720965104
emotion,ridge,3,landscape,123,0.5585905594882308,0.7059182747932106,0.6798563172378889,4.428595252528067
emotion,ridge,3,landscape,132,0.339061667186205,0.2650887619661826,0.3676195052987634,4.354764722466762
emotion,ridge,3,landscape,140,0.2383098492516252,0.49259746302011714,0.4049852428879412,4.307370137356342
emotion,ridge,3,landscape,141,0.334235416618784,0.4871063042103699,0.4671424285969807,4.389866556825251
emotion,ridge,4,art,1,0.35517197947596485,0.4142841332476417,0.4553866443153341,6.049619669413499
emotion,ridge,4,art,2,0.7170510293568487,0.7968009603236842,0.7678035903636968,5.922878234450363
emotion,ridge,4,art,12,0.5179340572294976,0.6031311997754345,0.5651459466422263,5.867407000115622
emotion,ridge,4,art,13,0.3029084014027824,0.33612460438055763,0.3598021217920684,5.966491129712819
emotion,ridge,4,art,26,0.3275024696498486,0.4265019574707274,0.40573024602871904,5.928042685638391
emotion,ridge,4,art,29,0.1276445052305961,0.3542183487235537,0.3407051149465297,6.134052946609955
emotion,ridge,4,art,34,0.5885259130918943,0.637413244847854,0.6202475422186108,5.907480994373991
emotion,ridge,4,art,38,0.49270880452900495,0.6840570722851455,0.6953819944884451,6.024384050178052
emotion,ridge,4,art,43,0.2646655308167018,0.3321492252956861,0.3047726263727136,5.907353391523858
emotion,ridge,4,art,48,0.6494389164899413,0.675586104099827,0.6640099719595951,6.091475407994799
emotion,ridge,4,art,49,0.4187372984925386,0.6225097169545457,0.5753254275403586,5.7411912616414496
emotion,ridge,4,art,56,0.1823961124644622,0.2966282234196913,0.2890181891651548,6.020468970061827
emotion,ridge,4,art,61,0.3518295365886753,0.3589011605336547,0.4001291272926942,5.9669399006534105
emotion,ridge,4,art,72,0.3993938035310574,0.4604622897980568,0.4554475811433018,6.049117206467685
emotion,ridge,4,art,77,0.40263258801607,0.5191016004044624,0.4802020945702647,6.06845946825923
emotion,ridge,4,art,78,0.4889336002850562,0.5611788820072345,0.6186441060003279,5.981074325779225
emotion,ridge,4,art,89,0.3695960786620973,0.4988870504467881,0.5110156363931081,5.969566650876666
emotion,ridge,4,art,90,0.43406265440103126,0.5144178481328248,0.5029086861091803,5.971166704145053
emotion,ridge,4,art,97,0.2816525677397136,0.4293371510391466,0.4019451410924874,5.986609939754093
emotion,ridge,4,art,103,0.682451660735004,0.6728318397358869,0.7372154267381085,5.895437977193228
emotion,ridge,4,art,108,0.3581076250676168,0.40693072185771834,0.4339925766292834,6.087775500100452
emotion,ridge,4,art,114,0.4788665327650234,0.578878005530185,0.5773524981821232,5.981718772492182
emotion,ridge,4,art,115,0.1508476157430155,0.2357233184676012,0.17867501322847948,5.887179014259133
emotion,ridge,4,art,124,0.5082430746923003,0.5414525238881515,0.5556918162379678,6.052823688255521
emotion,ridge,4,art,134,0.5336506913462731,0.5797970662619831,0.5639713206990368,6.072191248881581
emotion,ridge,4,art,135,0.2627490706462396,0.4566865888317812,0.45449576371390893,5.910146954356935
emotion,ridge,4,art,142,0.6343744509196889,0.6674502557426748,0.6794009710316066,5.9459653453469565
emotion,ridge,4,art,143,0.7228927856886044,0.8131245059565093,0.8048717250989667,5.988230788161277
emotion,ridge,4,fashion,1,0.227613312319757,0.2768841496581283,0.3093524815104614,5.097358399980397
emotion,ridge,4,fashion,2,0.4476296046290922,0.5439053248107565,0.5476408606406205,5.240072940382906
emotion,ridge,4,fashion,12,0.2480194043103652,0.2774464644865113,0.3307371855071913,5.253679779758472
emotion,ridge,4,fashion,13,0.3580209411147571,0.4836481732699614,0.46765049152404553,5.441088987222828
emotion,ridge,4,fashion,26,0.3140382644763748,0.4214854473553487,0.4709195349323069,5.064471224219895
emotion,ridge,4,fashion,29,0.1377105066834272,0.252685520357027,0.2212399250224952,5.0892821317627215
emotion,ridge,4,fashion,34,0.3581195897642413,0.5097204953815507,0.522875022312829,5.234945571938082
emotion,ridge,4,fashion,38,0.1620951780131874,0.3367799175216702,0.3039948469046535,5.146305893324134
emotion,ridge,4,fashion,43,0.466012006972091,0.6229527954389164,0.6151690570779662,5.215224027599732
emotion,ridge,4,fashion,48,0.1769372369592729,0.3012897607037644,0.2600556293696022,5.134179688731249
emotion,ridge,4,fashion,49,0.10934635480154149,0.2263801217626347,0.2193127955044846,5.209686148923886
emotion,ridge,4,fashion,56,-0.0421711583823117,-0.0262431097281494,-0.0576927433084149,5.067457567744566
emotion,ridge,4,fashion,61,0.2645099325547512,0.3683038839942054,0.3023860120522676,5.261448560766165
emotion,ridge,4,fashion,72,0.1438400084702946,0.1719516263658439,0.22667051833235088,5.184994891377737
emotion,ridge,4,fashion,77,0.3050368481382064,0.4488956624177458,0.4350325055602406,4.976574027266806
emotion,ridge,4,fashion,78,0.3650214307100112,0.4764131020945515,0.48927501160654013,4.882178412474126
emotion,ridge,4,fashion,89,0.09167339112240809,0.1902294161678323,0.1390793130360346,5.116392471428711
emotion,ridge,4,fashion,90,0.2939610315056927,0.36656924979716204,0.3563510685025682,5.3217770024028415
emotion,ridge,4,fashion,97,0.3334522032912714,0.566000337771966,0.5500734243118127,5.206465654646557
emotion,ridge,4,fashion,103,0.237549556426108,0.4247151710129394,0.4224217651263326,5.262664957011904
emotion,ridge,4,fashion,108,0.1265734952913379,0.24767527112824314,0.280391729237699,5.275470405008987
emotion,ridge,4,fashion,114,0.3426021704922444,0.3797080275475336,0.4522062375724752,5.071909677831203
emotion,ridge,4,fashion,115,0.2627139374786326,0.2571459038484919,0.3338046804493126,5.112448975387978
emotion,ridge,4,fashion,124,0.4241839698330794,0.5351182124330295,0.5283177303170551,5.075881878605171
emotion,ridge,4,fashion,134,0.2909584547412807,0.3886383681459415,0.3367805249523926,5.225376367350648
emotion,ridge,4,fashion,135,0.0777373407004723,0.0827682913215238,0.12329728984954662,5.026562913810945
emotion,ridge,4,fashion,142,0.2514047266913565,0.36854225929039525,0.3526686284878875,4.962001392773668
emotion,ridge,4,fashion,143,0.373813515619797,0.5095671286927568,0.491171378813992,5.121857159777514
emotion,ridge,4,landscape,1,0.49425059623657114,0.6137949055234262,0.6137000111282546,4.430527203965074
emotion,ridge,4,landscape,2,0.4370962793860835,0.5646497485446884,0.5607673812616341,4.326591919826917
emotion,ridge,4,landscape,12,0.6988334094606511,0.7060842228530871,0.7133478220126813,4.347675637600022
emotion,ridge,4,landscape,13,0.2200593502897462,0.4335783028219898,0.4657284707617264,4.350853084260444
emotion,ridge,4,landscape,26,0.191372176406337,0.3150656649270958,0.308087476262156,4.33102571060664
emotion,ridge,4,landscape,29,0.2740988673355846,0.3580515511698003,0.37532714507172465,4.379086176316089
emotion,ridge,4,landscape,34,0.4761135188554697,0.6438032385097726,0.6249831248773733,4.277738677259295
emotion,ridge,4,landscape,38,0.1948773692178577,0.5756334289338392,0.5275551187028644,4.466739852781305
emotion,ridge,4,landscape,43,0.43805004224882466,0.4985209871676825,0.5355345280044129,4.33708165725572
emotion,ridge,4,landscape,48,0.49945217168645034,0.51422147706787,0.5457778556427366,4.532340754906431
emotion,ridge,4,landscape,49,0.3896971085920156,0.50360270717223,0.5366439052198884,4.454604805331969
emotion,ridge,4,landscape,56,0.0402531242282932,0.0943351771128668,0.0814682477347887,4.5392317371515
emotion,ridge,4,landscape,61,0.3070558667968229,0.3956022356747706,0.387137285251629,4.427623517312633
emotion,ridge,4,landscape,72,0.3059979080848006,0.4593000932363207,0.4870535230563237,4.439192149859354
emotion,ridge,4,landscape,77,0.4018385978789805,0.5746739913918579,0.5218044975398769,4.388756936512382
emotion,ridge,4,landscape,78,0.249489153124729,0.33883773592147753,0.332381488173097,4.232081027672174
emotion,ridge,4,landscape,89,0.2011695924231924,0.4667522137367746,0.4466404351225215,4.567454903417358
emotion,ridge,4,landscape,90,0.3858892117017954,0.5080497517487934,0.4581999159936878,4.367373417758772
emotion,ridge,4,landscape,97,0.5393647189351849,0.5808898341235591,0.6160448283401909,4.347778999755317
emotion,ridge,4,landscape,103,0.4227204483187444,0.5662574053674703,0.529037584155322,4.353160667280295
emotion,ridge,4,landscape,108,0.3476557373030482,0.39344871113480623,0.3839886218432676,4.461181436094782
emotion,ridge,4,landscape,114,0.3161235271698909,0.5815879351681368,0.5622996076947909,4.295117120194925
emotion,ridge,4,landscape,115,0.1888132490309367,0.2082949719214862,0.2462082422309563,4.236588410649697
emotion,ridge,4,landscape,124,0.37792139670414465,0.5385199624202115,0.5187340410244484,4.249726295151088
emotion,ridge,4,landscape,134,0.3255145562650033,0.4502426611394328,0.41215780564438126,4.382546809816653
emotion,ridge,4,landscape,135,0.3861976032568271,0.43020932727733213,0.514414799743261,4.2634961219822936
emotion,ridge,4,landscape,142,0.379433602314337,0.4332849831202534,0.44453943759424447,4.353052999487595
emotion,ridge,4,landscape,143,0.6325811378963602,0.6957364457116069,0.6929158498609941,4.429064256287895
gt_emotion,ridge,0,art,3,0.7842236900183687,0.8127491571512181,0.8343545768710184,6.724840859253102
gt_emotion,ridge,0,art,14,0.5782243342623432,0.7623983691861446,0.7092215305826629,4.82953546828118
gt_emotion,ridge,0,art,15,0.4228055098203349,0.6381719865599667,0.6436590277410313,2.908369208691603
gt_emotion,ridge,0,art,19,0.9065387401893149,0.8853250260531244,0.9188744386813849,6.0059679682880605
gt_emotion,ridge,0,art,21,0.712170184622844,0.7073235522167572,0.7579491679183135,6.185572750922691
gt_emotion,ridge,0,art,22,0.6117755407545267,0.7000955518853148,0.6827297267581948,6.036192576516655
gt_emotion,ridge,0,art,30,0.8927694411154659,0.8952549953832553,0.8957094550090655,5.978914542561486
gt_emotion,ridge,0,art,50,0.6273298628898818,0.6037193766095725,0.7133264191741006,4.887472729597931
gt_emotion,ridge,0,art,57,0.2893647766728965,0.2913478341716796,0.3868779199731985,4.779797565966567
gt_emotion,ridge,0,art,62,0.7267637083626175,0.7878692464952862,0.7715580579834876,4.878394184884291
gt_emotion,ridge,0,art,63,0.388600826622147,0.4865370991191435,0.557077918387923,3.1863445629920126
gt_emotion,ridge,0,art,79,0.7882052628724776,0.8348046364988505,0.8302741343681793,6.169805766936264
gt_emotion,ridge,0,art,80,0.799633737762031,0.8013261783094711,0.8316247040929837,5.906294880043451
gt_emotion,ridge,0,art,85,0.6399204670246189,0.7111369948974781,0.728308804340065,4.824854566628347
gt_emotion,ridge,0,art,86,0.477694777277752,0.6344398323468949,0.6154488476760548,5.157251328453272
gt_emotion,ridge,0,art,98,0.6691502642528202,0.7310002150062797,0.685075030224834,6.242440917950588
gt_emotion,ridge,0,art,99,0.8602701455517018,0.9181246919650904,0.8831652247649057,6.6471588684870975
gt_emotion,ridge,0,art,105,0.6901091729395653,0.8117665765804366,0.8117646041669686,5.0402223238583375
gt_emotion,ridge,0,art,109,0.7097745186276736,0.7409935005753424,0.7368327358892709,6.1715596215307995
gt_emotion,ridge,0,art,110,0.5164726151719734,0.5095331651003501,0.5933367333635924,4.80974976972038
gt_emotion,ridge,0,art,116,0.7488717824813064,0.7699150590845208,0.7640738768325526,5.941577650596218
gt_emotion,ridge,0,art,117,0.8075308432819724,0.8019110228817709,0.8151914921259952,5.897269119296268
gt_emotion,ridge,0,art,126,0.8576760420953352,0.912992796916244,0.8743098743274449,5.980015549601728
gt_emotion,ridge,0,art,127,0.777200142591563,0.8323497954102579,0.8150440067480735,5.02222754282779
gt_emotion,ridge,0,art,136,0.6834658155518957,0.7093002511200126,0.7498204813529954,5.381248128289869
gt_emotion,ridge,0,art,144,0.5372521340396744,0.5056017909707206,0.5425900220958989,4.998005362614788
gt_emotion,ridge,0,fashion,3,0.6426205569647373,0.676048627125094,0.658395744043473,6.742953987254236
gt_emotion,ridge,0,fashion,14,0.9301752733615878,0.9343901442941922,0.9504701955502006,6.505372978675591
gt_emotion,ridge,0,fashion,15,0.7184390288610727,0.8521789925803213,0.8031448469040748,4.840006458997819
gt_emotion,ridge,0,fashion,19,0.8726759590965437,0.8689258178563043,0.9010227438735393,5.91751429549837
gt_emotion,ridge,0,fashion,21,0.7289197931270083,0.6998554496789776,0.8318447649976188,5.366903949828372
gt_emotion,ridge,0,fashion,22,0.7159349703868664,0.7275395687570496,0.7497454237770276,6.215851692763781
gt_emotion,ridge,0,fashion,30,0.8649613971503275,0.8964389557617801,0.8804725865930619,5.948480939125446
gt_emotion,ridge,0,fashion,50,0.3298452899104558,0.41298160238599185,0.4567365757081377,5.047391533022796
gt_emotion,ridge,0,fashion,57,0.3011680387326098,0.5695947497326401,0.54140498219724,4.944361850693134
gt_emotion,ridge,0,fashion,62,0.6077487174442623,0.7768041740223991,0.7230066457027876,6.192044713674709
gt_emotion,ridge,0,fashion,63,0.5489764389511145,0.6385637549319013,0.6308243286916517,4.913543041880125
gt_emotion,ridge,0,fashion,79,0.726028512793805,0.7376786437853516,0.755991229689087,6.233875845831701
gt_emotion,ridge,0,fashion,80,0.8452866877519526,0.8513757618746799,0.8473673853278346,5.997861079906748
gt_emotion,ridge,0,fashion,85,0.8301054221822376,0.8708570582772154,0.8740462271568378,6.030049144035638
gt_emotion,ridge,0,fashion,86,0.20786272241012801,0.3701196095864356,0.2502307651625065,5.15578151479145
gt_emotion,ridge,0,fashion,98,0.608125465994753,0.6707614997665233,0.6979473507580426,6.251287721186834
gt_emotion,ridge,0,fashion,99,0.6909387870764269,0.7553166684020326,0.747121437985023,6.728813294460614
gt_emotion,ridge,0,fashion,105,0.6612470533788417,0.6672182044039641,0.6848300749232442,6.195450646990916
gt_emotion,ridge,0,fashion,109,0.6456541196357023,0.6247702439954761,0.6747503307493593,5.951069286999903
gt_emotion,ridge,0,fashion,110,0.3493885551222429,0.4428630301302345,0.3954483708626679,4.07491786292969
gt_emotion,ridge,0,fashion,116,0.7157768876837557,0.7933065576719495,0.8446999504020769,6.112580512668088
gt_emotion,ridge,0,fashion,117,0.8468875251890052,0.7957643817160601,0.8509723944514486,6.622788561996384
gt_emotion,ridge,0,fashion,126,0.7785357524568502,0.8267381838160007,0.8289565240270077,6.043297861320038
gt_emotion,ridge,0,fashion,127,0.7253627408117364,0.7005957568722508,0.7436915276884282,4.874028945800274
gt_emotion,ridge,0,fashion,136,0.7483052580192263,0.8220365707271192,0.824817437219609,3.956187078441134
gt_emotion,ridge,0,fashion,144,0.8674720684273027,0.7982925025130331,0.8807877952970563,6.149482840123209
gt_emotion,ridge,0,landscape,3,0.6571003812356948,0.8023908624057322,0.7896086995303452,6.1632429125330175
gt_emotion,ridge,0,landscape,14,0.7061903026328437,0.7513879208626998,0.7569380607978541,6.687602793100382
gt_emotion,ridge,0,landscape,15,0.6818897515815269,0.6896169904617254,0.7165954440551987,6.084691826944572
gt_emotion,ridge,0,landscape,19,0.8982699296944158,0.9187016786822793,0.909931305276824,6.622787576391161
gt_emotion,ridge,0,landscape,21,0.7214255808976913,0.7381028062406565,0.7743660407285337,4.408973086259853
gt_emotion,ridge,0,landscape,22,0.628779572510443,0.7041227992462579,0.7115329389298745,6.20294221899677
gt_emotion,ridge,0,landscape,30,0.850992990359293,0.8002438074586596,0.8532291457681022,5.747405899755194
gt_emotion,ridge,0,landscape,50,0.654173684776086,0.6623491195322899,0.664233609089272,4.713599710650882
gt_emotion,ridge,0,landscape,57,0.3426087576365921,0.34752453844677983,0.4536007717550457,4.981969280795174
gt_emotion,ridge,0,landscape,62,0.6715817020506586,0.6558336865081216,0.7057521311817062,6.107147380317001
gt_emotion,ridge,0,landscape,63,0.4592249126569358,0.6479319250494756,0.6497679836563078,3.1171005605983777
gt_emotion,ridge,0,landscape,79,0.6180518876546954,0.6728902736398393,0.6677701489984341,6.1792721570838784
gt_emotion,ridge,0,landscape,80,0.7838057688816426,0.8016615738177673,0.8063847038300592,6.044216931061523
gt_emotion,ridge,0,landscape,85,0.8170896249362313,0.7821728928804724,0.8477564958252746,4.588452758558945
gt_emotion,ridge,0,landscape,86,0.4105351746994102,0.536915774181747,0.5121964016832968,5.12195739155207
gt_emotion,ridge,0,landscape,98,0.5068905882665334,0.6019231989114913,0.5737296557288835,6.219920219667618
gt_emotion,ridge,0,landscape,99,0.7543518316328214,0.8192902876493044,0.7919516790738003,4.788127150431202
gt_emotion,ridge,0,landscape,105,0.8336936678029199,0.8187595976612604,0.853562892255089,6.194902288081937
gt_emotion,ridge,0,landscape,109,0.6007033762090932,0.7928053464769446,0.7404185119796978,4.920444477979846
gt_emotion,ridge,0,landscape,110,0.5754376566666163,0.6691561801184377,0.6072154967908838,4.735762849502099
gt_emotion,ridge,0,landscape,116,0.908853945099676,0.8709186233904361,0.9163363795679088,6.055202301890087
gt_emotion,ridge,0,landscape,117,0.7908943146527715,0.8154963602009135,0.8100236275850929,5.833755611303734
gt_emotion,ridge,0,landscape,126,0.8261720771067703,0.8691829145578001,0.8320774215813591,5.930283068585223
gt_emotion,ridge,0,landscape,127,0.8269122305620731,0.8235914768079087,0.8363018230568556,6.073430316527538
gt_emotion,ridge,0,landscape,136,0.767576387425048,0.7105740641070778,0.7853793123968239,4.826459642197759
gt_emotion,ridge,0,landscape,144,0.6153209712769934,0.6647497759406971,0.6650099948674751,5.041379053523664
gt_emotion,ridge,1,art,5,0.6605711200891182,0.7020110548211975,0.6625579357110872,6.240089657410124
gt_emotion,ridge,1,art,6,0.894031155154209,0.9000840803369164,0.8971015397072722,5.016184184911929
gt_emotion,ridge,1,art,16,0.7887269587574557,0.8099015572494785,0.7999636507642557,6.087697878304016
gt_emotion,ridge,1,art,17,0.6548385892024347,0.617692042017004,0.6940321619170692,4.629262932234293
gt_emotion,ridge,1,art,23,0.7521812788425385,0.76723800517042,0.7840887696866119,6.086749471753557
gt_emotion,ridge,1,art,35,0.2374308790198165,0.2182841347014727,0.2622357490619242,6.3313257576013084
gt_emotion,ridge,1,art,39,0.768196643353222,0.826614284989463,0.7712745544816798,6.032133412241552
gt_emotion,ridge,1,art,44,0.6014231011678883,0.6484492326412618,0.656348452515743,6.138191021875934
gt_emotion,ridge,1,art,51,0.8710188673548104,0.8861238142872337,0.8886845650760765,5.882035442286413
gt_emotion,ridge,1,art,64,0.585996010380446,0.6585670812770461,0.6516360346492293,4.760605168558379
gt_emotion,ridge,1,art,69,0.7189223059552429,0.6567405117945456,0.7360820706686436,6.178452046589588
gt_emotion,ridge,1,art,81,0.8142108535455562,0.7239512345735859,0.8287319422006348,6.062352379965628
gt_emotion,ridge,1,art,92,0.8125192875240476,0.8256572199849845,0.8236031077870934,5.991692767392173
gt_emotion,ridge,1,art,100,0.8079439057552316,0.7900782533505284,0.8375499033665651,6.035677753746852
gt_emotion,ridge,1,art,101,0.7042847527633151,0.7099677396202994,0.7147928480650071,6.115881293948957
gt_emotion,ridge,1,art,106,0.5714963861955522,0.6769726994971222,0.6464640359410104,4.965375800034792
gt_emotion,ridge,1,art,111,0.729101602145494,0.7429110069753572,0.7675484575232989,6.077251146363582
gt_emotion,ridge,1,art,118,0.4554274667499561,0.5183713221335726,0.534021216412852,4.819012799684479
gt_emotion,ridge,1,art,119,0.8884978106122897,0.896043570434005,0.9126452105634216,5.891129779323208
gt_emotion,ridge,1,art,128,0.8155029123746816,0.866700923410718,0.8502416669487309,6.125058144439957
gt_emotion,ridge,1,art,129,0.8387713650377769,0.8593598358608986,0.862269782197974,4.523044504119214
gt_emotion,ridge,1,art,137,0.8591833590678487,0.8599297190902409,0.8599076265246888,5.457187363217688
gt_emotion,ridge,1,fashion,5,0.800618740528519,0.7223386416270806,0.8193871162719636,6.1669286798961425
gt_emotion,ridge,1,fashion,6,0.7350749051498372,0.823525375098952,0.7975588035604911,3.560317290876624
gt_emotion,ridge,1,fashion,16,0.8845227177651648,0.8887820704438186,0.8923585033776034,6.000607455804144
gt_emotion,ridge,1,fashion,17,0.6050170001254308,0.5613981090488575,0.6138567467391609,5.774869510455761
gt_emotion,ridge,1,fashion,23,0.8549079806157885,0.8402155422666423,0.8638325174344949,6.675320963908003
gt_emotion,ridge,1,fashion,35,0.3964900175249915,0.3190083076727638,0.4717292958864647,5.075623931558714
gt_emotion,ridge,1,fashion,39,0.6141706638153281,0.6536170006637688,0.6582745310390005,6.131111074312915
gt_emotion,ridge,1,fashion,44,0.610584547030017,0.5625622768526974,0.6829430491318272,6.230425631342908
gt_emotion,ridge,1,fashion,51,0.9278196685232961,0.9205110644148752,0.9344431348722542,6.572542588598201
gt_emotion,ridge,1,fashion,64,0.5744586124993302,0.6890381274693255,0.6993763742936482,5.9261894700691
gt_emotion,ridge,1,fashion,69,0.7533703229972722,0.798485553267381,0.8023034160003747,6.239974145714332
gt_emotion,ridge,1,fashion,81,0.7268041199455512,0.7603161089460416,0.8167393060922713,6.110965589103064
gt_emotion,ridge,1,fashion,92,0.7190831331281404,0.700254978578628,0.7444938228168357,6.029560257914926
gt_emotion,ridge,1,fashion,100,0.742886408588958,0.7094403040793041,0.751687587554184,6.152740666832815
gt_emotion,ridge,1,fashion,101,0.5878252739672606,0.7542179628548863,0.7281303916761042,4.919289247589228
gt_emotion,ridge,1,fashion,106,0.5042368387819013,0.5934455543041498,0.5367487479660391,5.074294628390799
gt_emotion,ridge,1,fashion,111,0.8915931088571553,0.906253618013066,0.9040306001238444,6.659573896112008
gt_emotion,ridge,1,fashion,118,0.8700727485005052,0.89022419116205,0.8997594720908818,6.1113150299734516
gt_emotion,ridge,1,fashion,119,0.7054465346431754,0.7638008430575379,0.7547264673593723,5.231094553811863
gt_emotion,ridge,1,fashion,128,0.7607251989978452,0.7864841264581693,0.7884909038453989,6.204812441515092
gt_emotion,ridge,1,fashion,129,0.8033735034430368,0.8476622537798962,0.8246165486620982,5.592488238607449
gt_emotion,ridge,1,fashion,137,0.9280875751159354,0.9353672608455085,0.9294927062464876,5.441574825915789
gt_emotion,ridge,1,landscape,5,0.7603601218013981,0.8629537797363102,0.788487097087407,6.1462602884211295
gt_emotion,ridge,1,landscape,6,0.7461869961601734,0.782726190740688,0.7567509555676845,5.688531467923441
gt_emotion,ridge,1,landscape,16,0.7828943478365735,0.8342670924746877,0.7989654932605879,5.95843030411983
gt_emotion,ridge,1,landscape,17,0.6253115132402408,0.4657514595892154,0.6616729104741111,4.451719200014602
gt_emotion,ridge,1,landscape,23,0.852523905823875,0.8749164587454276,0.8761115030576802,4.632511214990941
gt_emotion,ridge,1,landscape,35,0.5821670895498603,0.6392081178462118,0.7332686671514258,5.1179839729984575
gt_emotion,ridge,1,landscape,39,0.7967398054386026,0.8301796308410849,0.8160120317417685,6.073112052680698
gt_emotion,ridge,1,landscape,44,0.6753149114775288,0.684948090726801,0.696111146056119,6.713040792757066
gt_emotion,ridge,1,landscape,51,0.9735777844071695,0.9741997645253143,0.9778724780111941,6.848216582814946
gt_emotion,ridge,1,landscape,64,0.6796194705094295,0.7602986160488979,0.71962395628926,4.586109421003226
gt_emotion,ridge,1,landscape,69,0.7775936095815187,0.820511187867702,0.8063576257377121,6.212009841429267
gt_emotion,ridge,1,landscape,81,0.5813554853368248,0.6858989946146786,0.6662189279555153,4.932991367890094
gt_emotion,ridge,1,landscape,92,0.8343284498494871,0.7933250460700926,0.8604387001259487,6.656337340607752
gt_emotion,ridge,1,landscape,100,0.7568107546918613,0.735120106175884,0.8053082334803774,5.915522711195197
gt_emotion,ridge,1,landscape,101,0.7722152201496012,0.8309830188270054,0.8440324657399074,4.821677255587522
gt_emotion,ridge,1,landscape,106,0.8531076601524354,0.8646565462661048,0.859832735877759,6.090069925157223
gt_emotion,ridge,1,landscape,111,0.8277150877767311,0.8220513533421797,0.8321018051631451,6.691708427879353
gt_emotion,ridge,1,landscape,118,0.8312081312271826,0.8147489758649874,0.8397396330069115,5.847907950511476
gt_emotion,ridge,1,landscape,119,0.8741114185956934,0.8540572163226369,0.8765952436916757,6.679914175606998
gt_emotion,ridge,1,landscape,128,0.6901907208759958,0.7427358299112689,0.760210019116696,6.165848808532961
gt_emotion,ridge,1,landscape,129,0.8242739522942538,0.8521171758726925,0.8473164862504041,5.859370685970531
gt_emotion,ridge,1,landscape,137,0.8676711419611393,0.865193052812116,0.8752139775232933,5.3585993573468
gt_emotion,ridge,2,art,7,0.6989957238413412,0.7605074761800267,0.7678513202829546,5.012095201896576
gt_emotion,ridge,2,art,8,0.7140392535429786,0.7936741705925008,0.7600703999268149,6.105582818484556
gt_emotion,ridge,2,art,40,0.7702470611456609,0.7925436825989788,0.7886981753343122,6.529140092618502
gt_emotion,ridge,2,art,41,0.8814572126586496,0.883574984968329,0.887697632784429,5.755423336178087
gt_emotion,ridge,2,art,45,0.4816206542832915,0.5535125102841293,0.6059002617101983,4.867423872022518
gt_emotion,ridge,2,art,46,0.8146165182088021,0.7994564814740176,0.825463440163265,6.722619742565776
gt_emotion,ridge,2,art,52,0.8648823545367755,0.8761046384695802,0.8866545824063617,4.59544777903331
gt_emotion,ridge,2,art,58,0.8402401740266195,0.8587277443001536,0.857944866632054,6.596101239399295
gt_emotion,ridge,2,art,65,0.6577065636432119,0.6909046497539583,0.7001124890569786,5.944539918194105
gt_emotion,ridge,2,art,66,0.712687551163352,0.7995236989905546,0.8144278382397804,6.13637102030502
gt_emotion,ridge,2,art,74,0.7643536135531238,0.7907514179125398,0.8172498776846041,6.13722169013545
gt_emotion,ridge,2,art,83,0.8267611030082408,0.868762827245,0.8642473932733091,5.961307792658984
gt_emotion,ridge,2,art,87,0.6556776044168472,0.7234743509417386,0.7116470739405315,3.9093362802292453
gt_emotion,ridge,2,art,93,0.7731038026242035,0.7733689834151986,0.7969761232689064,6.0234351853504835
gt_emotion,ridge,2,art,94,0.9040910045878171,0.9206918910530136,0.9090778644316927,6.617707661190663
gt_emotion,ridge,2,art,102,0.7808630564422628,0.8165266937993785,0.8424165840414134,4.847862925635432
gt_emotion,ridge,2,art,112,0.6890528615800057,0.716144366993433,0.7206876039893628,6.233716638412581
gt_emotion,ridge,2,art,113,0.8055617942136767,0.8780440401468731,0.8445757330574074,6.050740679979384
gt_emotion,ridge,2,art,120,0.86164790498905,0.8769535445879338,0.870198576581692,6.003747118344303
gt_emotion,ridge,2,art,121,0.636022426320594,0.6279564865348889,0.6644875723602599,6.24506348561146
gt_emotion,ridge,2,art,131,0.4114731909867575,0.5057343312136308,0.4739471567903195,4.957098265230539
gt_emotion,ridge,2,art,138,0.6172502298704732,0.7036295327117285,0.6873141177677132,5.832907090545672
gt_emotion,ridge,2,art,139,0.9169568531095064,0.9215345490183667,0.9189267402793183,6.478190908245318
gt_emotion,ridge,2,fashion,7,0.6899842023986577,0.7145145676186445,0.7379369258512612,4.939622300221909
gt_emotion,ridge,2,fashion,8,0.9270092335163232,0.9289548631694023,0.9296833581243512,5.983990450736762
gt_emotion,ridge,2,fashion,40,0.7417071297226664,0.7782379208812241,0.7689376937195759,5.097460074972978
gt_emotion,ridge,2,fashion,41,0.888743648883055,0.9046637932498576,0.9007192639145187,6.414341921767519
gt_emotion,ridge,2,fashion,45,0.5331590494645817,0.6580790534979208,0.7008394729126192,4.820307116174929
gt_emotion,ridge,2,fashion,46,0.8080578890051742,0.8034387698784765,0.8311639783674561,6.2277358450459515
gt_emotion,ridge,2,fashion,52,0.8947645885075707,0.8808476919136218,0.9038459053569211,6.130821117462188
gt_emotion,ridge,2,fashion,58,0.9145483773083778,0.9216203367922944,0.9280902493233693,6.13766253153094
gt_emotion,ridge,2,fashion,65,0.6729039283792352,0.666412832044142,0.7247176756300927,4.883960367531758
gt_emotion,ridge,2,fashion,66,0.3860536705146946,0.3034777799632344,0.42122958438215435,6.157629327880648
gt_emotion,ridge,2,fashion,74,0.6702229767250106,0.6913452639004282,0.6896723352389978,5.40404670422319
gt_emotion,ridge,2,fashion,83,0.7596076302312241,0.7074898947651095,0.7980664612488728,6.054160847361184
gt_emotion,ridge,2,fashion,87,0.6711093492171348,0.7340995100974409,0.7280133728851906,4.654370938765854
gt_emotion,ridge,2,fashion,93,0.8384302167233968,0.8559147917604853,0.8549628836997504,6.108112776510818
gt_emotion,ridge,2,fashion,94,0.8147402728621179,0.8469678186119842,0.8698027627327128,6.706477011972605
gt_emotion,ridge,2,fashion,102,0.7024069751819763,0.78290968521565,0.762925931518884,6.090905567502986
gt_emotion,ridge,2,fashion,112,0.5619767384799981,0.7256823961561446,0.7205602259520588,5.023949959879918
gt_emotion,ridge,2,fashion,113,0.7273769888766622,0.7679843597432076,0.7771325650575452,6.054900278297953
gt_emotion,ridge,2,fashion,120,0.7805981675057647,0.8615960980065509,0.7873878115148752,5.965439252610666
gt_emotion,ridge,2,fashion,121,0.4872304277449718,0.4983089622654197,0.5293183438908927,6.23106620538834
gt_emotion,ridge,2,fashion,131,0.4883316297700102,0.5787218760540084,0.5714143930014496,5.019824944774846
gt_emotion,ridge,2,fashion,138,0.4928378555422744,0.5689121136532699,0.5691584215287662,3.43072708671178
gt_emotion,ridge,2,fashion,139,0.9319125441000516,0.9463046621485326,0.9415863690408992,5.541238586317875
gt_emotion,ridge,2,landscape,7,0.7259480940544064,0.611055736264236,0.7439532486866325,6.700049076009299
gt_emotion,ridge,2,landscape,8,0.8730750584317155,0.8903008535010742,0.8758062852690943,6.687282371444039
gt_emotion,ridge,2,landscape,40,0.8824445975127949,0.8700149154429019,0.8867063395554183,5.890855538942206
gt_emotion,ridge,2,landscape,41,0.8703707845643857,0.9234561302252092,0.9147203218422644,4.435274672356951
gt_emotion,ridge,2,landscape,45,0.5755282219724586,0.6269117498770956,0.6254063215563708,6.132394465899409
gt_emotion,ridge,2,landscape,46,0.6909097781785261,0.6950879237929767,0.7312406211676036,6.27135052214292
gt_emotion,ridge,2,landscape,52,0.816846832042797,0.8070790892214826,0.8190608408992629,6.606447311071676
gt_emotion,ridge,2,landscape,58,0.8926637401140426,0.9184041255145514,0.9193019274660652,5.988399771967448
gt_emotion,ridge,2,landscape,65,0.7030208371258556,0.7280046946331131,0.735837948133991,4.908954564173132
gt_emotion,ridge,2,landscape,66,0.6877320341823082,0.6530441317783173,0.725331075662924,4.937788610978511
gt_emotion,ridge,2,landscape,74,0.7173357585544817,0.7585517687097579,0.7549981737038586,6.291484174780261
gt_emotion,ridge,2,landscape,83,0.816910821019079,0.798916680012843,0.8418214114053105,6.101069579680015
gt_emotion,ridge,2,landscape,87,0.6250725690207563,0.7405172299066877,0.7242368578155541,4.825198277736972
gt_emotion,ridge,2,landscape,93,0.8210888591582627,0.7924587444155304,0.8260533987555547,5.9230226139066176
gt_emotion,ridge,2,landscape,94,0.851725112461315,0.8542673509712763,0.8532237362678933,5.992455401867709
gt_emotion,ridge,2,landscape,102,0.915042913565626,0.8603113402277448,0.9158462623664546,6.667705718561632
gt_emotion,ridge,2,landscape,112,0.8229840200846469,0.8752870607793731,0.887887121373764,6.044098110827851
gt_emotion,ridge,2,landscape,113,0.6861694254547972,0.7683792705402624,0.749607013176945,4.708204898123229
gt_emotion,ridge,2,landscape,120,0.8646046137812816,0.8915643063275001,0.8887701806718503,5.948485884872915
gt_emotion,ridge,2,landscape,121,0.6528976228141584,0.6889680217722839,0.7157568490275329,6.123429215646797
gt_emotion,ridge,2,landscape,131,0.6860804180311902,0.6821168077515393,0.7099712368078848,4.94039059819766
gt_emotion,ridge,2,landscape,138,0.4573288186371054,0.6794458172106453,0.47768731434129447,4.999165137826341
gt_emotion,ridge,2,landscape,139,0.8937374791285979,0.930356115365664,0.9290845749687108,6.532441162538884
gt_emotion,ridge,3,art,0,0.4684426687017536,0.6064004935236182,0.5597170415719173,6.167235950460747
gt_emotion,ridge,3,art,9,0.8244127502372368,0.8452375945349712,0.8304371998625891,6.046504825610307
gt_emotion,ridge,3,art,10,0.9417469512645239,0.8289984239712355,0.9442770141284736,5.220822111303794
gt_emotion,ridge,3,art,11,0.6987533991662825,0.7388697736121643,0.747962579879259,6.053273043032038
gt_emotion,ridge,3,art,24,0.6936850390825572,0.7869313940375108,0.7863772132663142,4.8711218950226405
gt_emotion,ridge,3,art,28,0.7766505337662953,0.8008270136660619,0.795970343808677,5.7095390480040065
gt_emotion,ridge,3,art,31,0.9384352273560065,0.9099192844810932,0.9390878417005887,6.502977811131564
gt_emotion,ridge,3,art,32,0.7455080173302989,0.7599155580721112,0.7935861089030598,5.965964661947844
gt_emotion,ridge,3,art,36,0.6087814443780072,0.6496849156507027,0.6895009412323629,6.247069526326965
gt_emotion,ridge,3,art,42,0.6635678369732777,0.7869099828372262,0.7972680602958748,4.919925753978652
gt_emotion,ridge,3,art,47,0.7938500634915515,0.8482657899989839,0.8535176751893346,4.56975034348657
gt_emotion,ridge,3,art,54,0.6808124326888249,0.7115256070011743,0.7127984626529856,4.68207014709531
gt_emotion,ridge,3,art,55,0.5954038303703422,0.6780704988536922,0.6702628717190414,6.19895806813793
gt_emotion,ridge,3,art,59,0.8207482375806886,0.847097209462777,0.8686485807435426,5.74461555883192
gt_emotion,ridge,3,art,60,0.8493704646273628,0.7913928342571738,0.88083426581423,5.809575974113641
gt_emotion,ridge,3,art,67,0.7786318457133987,0.7481653314707232,0.7789340219966383,4.390247111218456
gt_emotion,ridge,3,art,68,0.5302422876337264,0.6404316208424433,0.6319679974485072,5.1548696482126095
gt_emotion,ridge,3,art,75,0.6176455635589029,0.5916181727315698,0.6822197270814804,5.08901756136197
gt_emotion,ridge,3,art,76,0.7588140162426257,0.7552858813474904,0.7828994857261509,6.094049116181985
gt_emotion,ridge,3,art,82,0.9175451373799954,0.933672576888822,0.9311065129822912,6.5179481770465815
gt_emotion,ridge,3,art,84,0.5577392328125617,0.5683262857780409,0.5681850119970568,6.096604535884708
gt_emotion,ridge,3,art,88,0.7075861722882301,0.7449869035504321,0.7677014040572958,5.956442174358977
gt_emotion,ridge,3,art,95,0.5539577223837686,0.525037165787273,0.648608625100374,5.531404324829648
gt_emotion,ridge,3,art,96,0.8185460881616744,0.8441921682377199,0.826230478136559,6.214171801383077
gt_emotion,ridge,3,art,107,0.7744749751360777,0.7923172805906026,0.7900742720253452,6.011055603673239
gt_emotion,ridge,3,art,122,0.9058504196411251,0.912284792053807,0.9130178205500888,5.727733883848763
gt_emotion,ridge,3,art,123,0.9405381740338674,0.9260224017571282,0.9428159373175508,5.454962106140139
gt_emotion,ridge,3,art,132,0.6497904753885662,0.6850335535274265,0.7005822082042079,6.033328578408727
gt_emotion,ridge,3,art,140,0.8365762828891063,0.8781679547382403,0.8573321118511533,6.003504492497974
gt_emotion,ridge,3,art,141,0.6204762992718698,0.6608234841074366,0.6926226545241126,4.547839808767597
gt_emotion,ridge,3,fashion,0,0.3846204177787296,0.4800930090898274,0.5213754951069045,5.009527732481571
gt_emotion,ridge,3,fashion,9,0.7923788876049683,0.7915533306186244,0.7980142673730141,6.049720261641723
gt_emotion,ridge,3,fashion,10,0.9740141355939906,0.9666833953284423,0.9754027057416682,5.184294066893205
gt_emotion,ridge,3,fashion,11,0.6554767231497184,0.7383297309527267,0.7510171043202908,5.703306617843881
gt_emotion,ridge,3,fashion,24,0.8246848180866592,0.7305586884996828,0.8561668590731518,6.185134283061203
gt_emotion,ridge,3,fashion,28,0.8730965091763355,0.877806749951815,0.8748649689300901,5.605297646901055
gt_emotion,ridge,3,fashion,31,0.8906443516995161,0.8538286488193529,0.8954773011511866,5.893248149386764
gt_emotion,ridge,3,fashion,32,0.7934056504423032,0.8220706281940994,0.8217690651510657,5.953176149558456
gt_emotion,ridge,3,fashion,36,0.3137571333485231,0.5034387432451517,0.4893494501785521,3.6697100912472727
gt_emotion,ridge,3,fashion,42,0.6723542226533424,0.7157849171300551,0.7599220682919966,4.800504352690128
gt_emotion,ridge,3,fashion,47,0.8884668958078666,0.9196594513745896,0.9026941014651876,5.382821475373324
gt_emotion,ridge,3,fashion,54,0.6966855129205082,0.7780011052450072,0.7712547077007624,6.020119149848745
gt_emotion,ridge,3,fashion,55,0.4944771011918843,0.6830153930521249,0.6141761183089066,6.252633057244696
gt_emotion,ridge,3,fashion,59,0.8656139374697674,0.8746046466791153,0.8797789644918771,5.771798881903983
gt_emotion,ridge,3,fashion,60,0.832903988876536,0.8367825389594049,0.8374324200888394,5.855804051738249
gt_emotion,ridge,3,fashion,67,0.8191643640841463,0.8420655465123302,0.8552734932990248,5.9372668630161085
gt_emotion,ridge,3,fashion,68,0.4145933017768976,0.524294354432132,0.5274009291952879,5.069479206918256
gt_emotion,ridge,3,fashion,75,0.8404308480864496,0.8425700384563978,0.8562667332320434,6.089504038081237
gt_emotion,ridge,3,fashion,76,0.5149461976427312,0.5704332452958882,0.5979877522561841,5.132289595995484
gt_emotion,ridge,3,fashion,82,0.7369090872839643,0.7993172564732447,0.7625260142932081,6.076275334897734
gt_emotion,ridge,3,fashion,84,0.811782228959379,0.8642788903392494,0.8513223098236948,6.08319401053861
gt_emotion,ridge,3,fashion,88,0.8172147270638751,0.8713078227613882,0.8625491569333037,4.769059703521057
gt_emotion,ridge,3,fashion,95,0.8619817919551455,0.7809962102481985,0.867212281732967,5.464208325074357
gt_emotion,ridge,3,fashion,96,0.5977203122932373,0.6474952101476475,0.6967084569367855,6.225610198484255
gt_emotion,ridge,3,fashion,107,0.813137096853283,0.8160385088936444,0.8275063870367734,6.661570054888713
gt_emotion,ridge,3,fashion,122,0.8165077990115092,0.8484345161318457,0.8431517904419352,5.761612474202788
gt_emotion,ridge,3,fashion,123,0.8558984275344623,0.8903316895792818,0.861506269095882,6.479693348512961
gt_emotion,ridge,3,fashion,132,0.7574389332812158,0.7695052819027293,0.7981178414457228,6.116074733450869
gt_emotion,ridge,3,fashion,140,0.731159723702454,0.8021076705084612,0.7923048473739183,5.063995445537692
gt_emotion,ridge,3,fashion,141,0.5475190026145521,0.6687673569105735,0.6036071164594401,5.958896454065257
gt_emotion,ridge,3,landscape,0,0.5073595941915876,0.514274141586511,0.5942445878841596,6.031155925358452
gt_emotion,ridge,3,landscape,9,0.8514400302629466,0.8656684194418688,0.8666498828756146,6.0441598120509
gt_emotion,ridge,3,landscape,10,0.959689736354281,0.950910775848912,0.9670424841636353,6.191375973611623
gt_emotion,ridge,3,landscape,11,0.7101789567948922,0.7299937579174417,0.7347208197334741,6.100070175186921
gt_emotion,ridge,3,landscape,24,0.3389839492723474,0.3966141233632971,0.4483482083334924,5.116584429248618
gt_emotion,ridge,3,landscape,28,0.8890457986507604,0.9005782461545152,0.9097226949717664,5.40491539782828
gt_emotion,ridge,3,landscape,31,0.9377617935761124,0.8063210691784976,0.9479989831457076,6.539807323205007
gt_emotion,ridge,3,landscape,32,0.8307702778138752,0.8586715639414716,0.8571676820510614,4.772810914435445
gt_emotion,ridge,3,landscape,36,0.7202166948161978,0.7546993105493245,0.7571772071154711,6.131098246794855
gt_emotion,ridge,3,landscape,42,0.7251074911834808,0.6744134461192477,0.7471412245677286,6.054684012372999
gt_emotion,ridge,3,landscape,47,0.8225430848354085,0.8494360978780833,0.8551255591821881,4.184147814342662
gt_emotion,ridge,3,landscape,54,0.7207092286365905,0.69897481603897,0.7413889452591548,4.498345764869085
gt_emotion,ridge,3,landscape,55,0.6019057602001315,0.7011595564790651,0.696287495581941,4.988260122936593
gt_emotion,ridge,3,landscape,59,0.8293166124791268,0.8631512361152186,0.8513277376154741,5.8453100922404895
gt_emotion,ridge,3,landscape,60,0.927138839710595,0.9210749175534798,0.9288701544770065,6.56271333923804
gt_emotion,ridge,3,landscape,67,0.8201924914991844,0.8489813382457946,0.8419517993910198,4.498038409352244
gt_emotion,ridge,3,landscape,68,0.755500628893602,0.7814795121541822,0.8085212237405456,6.705434349869075
gt_emotion,ridge,3,landscape,75,0.5576612521688011,0.5519243560379143,0.5795414943883455,6.1822182346655525
gt_emotion,ridge,3,landscape,76,0.629499924026197,0.6901232523192181,0.6817432648197789,6.245971252256351
gt_emotion,ridge,3,landscape,82,0.8066441742761826,0.7906034621438943,0.8095466070187234,6.070776757268919
gt_emotion,ridge,3,landscape,84,0.6828698551539669,0.7745462990011234,0.7670663777113519,4.780204021296459
gt_emotion,ridge,3,landscape,88,0.8635098525128759,0.8621150829609951,0.9011303944462647,4.649052833911906
gt_emotion,ridge,3,landscape,95,0.9026324299339296,0.7850055794640748,0.929900479255906,5.762947847993775
gt_emotion,ridge,3,landscape,96,0.7906886944560346,0.8152438078414553,0.8276365736117456,6.15510377546213
gt_emotion,ridge,3,landscape,107,0.8551594168953448,0.8794166989511177,0.8892032014293813,5.777696224788227
gt_emotion,ridge,3,landscape,122,0.9226880013111304,0.9359286719542116,0.9406358640775615,6.518233018031943
gt_emotion,ridge,3,landscape,123,0.9086968696485784,0.9214067169565232,0.9274232531223602,4.345031187194888
gt_emotion,ridge,3,landscape,132,0.7713315071794501,0.7657910995932452,0.7986508712402477,6.025350781739939
gt_emotion,ridge,3,landscape,140,0.8175328215579419,0.8245458165178258,0.8401305920445442,6.198249840936925
gt_emotion,ridge,3,landscape,141,0.5396553012733236,0.6490358761656781,0.7333938567064774,4.852732900484377
gt_emotion,ridge,4,art,1,0.8859963495491213,0.8856363163844742,0.8919971710665481,5.71379258367305
gt_emotion,ridge,4,art,2,0.7604571129631551,0.797338001513502,0.7728034749181621,6.214064542630157
gt_emotion,ridge,4,art,12,0.7408935331906653,0.7689523337520064,0.7583095335579627,5.31502939154452
gt_emotion,ridge,4,art,13,0.8850078544994764,0.9036078424293498,0.8980907868866791,6.017013754105844
gt_emotion,ridge,4,art,26,0.5870854931785855,0.6289139088798308,0.6231036805359548,4.954726279611802
gt_emotion,ridge,4,art,29,0.35269509524130943,0.4842619549734832,0.5074222803327869,5.148477118629717
gt_emotion,ridge,4,art,34,0.8750176120272397,0.9048714415356448,0.8760665402358919,6.580860405962621
gt_emotion,ridge,4,art,38,0.8288265690790307,0.8389183118483855,0.8517140057771256,6.098436351966682
gt_emotion,ridge,4,art,43,0.8890173587651073,0.9390436676234328,0.9389520726584436,6.856820505785652
gt_emotion,ridge,4,art,48,0.7464977807192944,0.8353192117036509,0.782305441633602,6.174351758431897
gt_emotion,ridge,4,art,49,0.8989129323150595,0.9052924614517154,0.9198442073007417,6.390948225993763
gt_emotion,ridge,4,art,56,0.779257082229662,0.6887490896735761,0.8327977521074379,6.225295701593765
gt_emotion,ridge,4,art,61,0.4699764524771958,0.5503015767640933,0.5764009147088596,4.829147905448804
gt_emotion,ridge,4,art,72,0.868143413444205,0.8075881399764863,0.8871001898218388,6.062215939372169
gt_emotion,ridge,4,art,77,0.5240419023616595,0.594281722586469,0.5780222528672365,6.673907888609723
gt_emotion,ridge,4,art,78,0.8675941729883995,0.84914029639656,0.8769894419688787,5.723912953068168
gt_emotion,ridge,4,art,89,0.7781008661290288,0.7859246420276881,0.7890040393214918,4.949570741357694
gt_emotion,ridge,4,art,90,0.7094464378464117,0.7866437001393826,0.7849256636492269,4.720200507834788
gt_emotion,ridge,4,art,97,0.7025019268970029,0.7080206733845782,0.7373418148029472,5.997044542860689
gt_emotion,ridge,4,art,103,0.6729342602656508,0.7408084959450392,0.7222976644831608,5.224725804471895
gt_emotion,ridge,4,art,108,0.8266070556302751,0.8243488372500707,0.8355658717265649,5.895814516600415
gt_emotion,ridge,4,art,114,0.9397300036732222,0.9293178513202115,0.9430927916468378,6.898816822264366
gt_emotion,ridge,4,art,115,0.5649890572652363,0.4864117984134148,0.5944362986131068,6.141047997061716
gt_emotion,ridge,4,art,124,0.2011583029237667,0.3828210109300483,0.4198478241771577,2.868597075754708
gt_emotion,ridge,4,art,134,0.8012885324731619,0.7781797950338843,0.8247203637890165,5.912312641458789
gt_emotion,ridge,4,art,135,0.6819529675587533,0.742500541753773,0.7212025834082455,6.149800246969563
gt_emotion,ridge,4,art,142,0.6662578691544626,0.6962355491283719,0.7168769758409791,4.835987711116049
gt_emotion,ridge,4,art,143,0.889455587207968,0.9096454716839362,0.8955282202373452,5.880495598473227
gt_emotion,ridge,4,fashion,1,0.8623108478175565,0.7857489993273082,0.8637079391236527,6.631923959329395
gt_emotion,ridge,4,fashion,2,0.6955783924001139,0.7418562092582177,0.7552242793719043,5.927312775185963
gt_emotion,ridge,4,fashion,12,0.5402926500871127,0.8309665770885943,0.5482623378072756,5.279310380719883
gt_emotion,ridge,4,fashion,13,0.6511091956558133,0.6027281277559742,0.749867069920659,4.363179697548747
gt_emotion,ridge,4,fashion,26,0.5354698364411423,0.5489830250830707,0.5521818727919083,4.848241200587951
gt_emotion,ridge,4,fashion,29,0.3259898094506117,0.2863781882892963,0.39604599607282714,5.243872301969725
gt_emotion,ridge,4,fashion,34,0.8144226822519028,0.8450331059063586,0.8427062541600309,3.503446783210848
gt_emotion,ridge,4,fashion,38,0.561531405833337,0.6189158042074108,0.6581664759814252,4.89621387368451
gt_emotion,ridge,4,fashion,43,0.8537150680642999,0.7863321665349088,0.8613956537201105,6.530340320065761
gt_emotion,ridge,4,fashion,48,0.6607815200316077,0.6878113853409643,0.6962273174882126,6.201239687890425
gt_emotion,ridge,4,fashion,49,0.8488709449096716,0.8632456726029233,0.8770399571420523,5.569023395370427
gt_emotion,ridge,4,fashion,56,0.44397785494196845,0.5320523303310841,0.45051008233133266,6.120208804628394
gt_emotion,ridge,4,fashion,61,0.8098066867950747,0.7873752152256471,0.8371541529185617,6.1805294366376
gt_emotion,ridge,4,fashion,72,0.8704648168202752,0.8765329402526638,0.8729910835632709,6.661578255260321
gt_emotion,ridge,4,fashion,77,0.6001566162302352,0.6344473561225974,0.696550883069269,6.112919033490267
gt_emotion,ridge,4,fashion,78,0.6003400161070905,0.7806765747681313,0.7855642047853685,4.811652144384521
gt_emotion,ridge,4,fashion,89,0.8211337620816347,0.8322721622191388,0.856722637086189,5.997182941310233
gt_emotion,ridge,4,fashion,90,0.6988742360150343,0.7676542329379469,0.7528804184169227,4.748409069811907
gt_emotion,ridge,4,fashion,97,0.5965191157584359,0.6626338537117599,0.6382538292208766,4.851136995532805
gt_emotion,ridge,4,fashion,103,0.1745984834593857,0.3119354790906699,0.35186237016004335,4.114937507698517
gt_emotion,ridge,4,fashion,108,0.860057534295898,0.8817255916757896,0.9141388574082602,6.053946982134054
gt_emotion,ridge,4,fashion,114,0.9102517553600423,0.8850910119280825,0.91311045707757,6.334074186433203
gt_emotion,ridge,4,fashion,115,0.3366217879858224,0.3644108884297456,0.4604141109113726,4.968938775504603
gt_emotion,ridge,4,fashion,124,0.0923072100541479,0.1588732470027395,0.17890968967209467,1.4682417944683002
gt_emotion,ridge,4,fashion,134,0.7174497322567565,0.7564649272801182,0.743459397144172,5.584670524760752
gt_emotion,ridge,4,fashion,135,0.8343098465182007,0.8549879062380078,0.8424836922408795,4.534349935896008
gt_emotion,ridge,4,fashion,142,0.6378555740052945,0.6074085749104458,0.6649360171542139,4.433556589719309
gt_emotion,ridge,4,fashion,143,0.7101171306324267,0.7232252424417732,0.7362796707129057,6.086694136206064
gt_emotion,ridge,4,landscape,1,0.7630403809538623,0.7590622578202265,0.8001343599936209,5.679553047459211
gt_emotion,ridge,4,landscape,2,0.706142070053588,0.8068788927149896,0.7853260099443524,4.916940178763876
gt_emotion,ridge,4,landscape,12,0.7402549808522049,0.7554086490279858,0.7774724045627583,6.026310530555723
gt_emotion,ridge,4,landscape,13,0.9066338911046733,0.890933261807803,0.9159051184022652,6.009718434155979
gt_emotion,ridge,4,landscape,26,0.2384442458831063,0.486937551461877,0.4838427660746023,3.16935339671783
gt_emotion,ridge,4,landscape,29,0.3755713910366349,0.4784367792274444,0.4280453974759892,5.132352341397255
gt_emotion,ridge,4,landscape,34,0.791044933672603,0.8112010189796073,0.7921440900217943,6.1682405736998485
gt_emotion,ridge,4,landscape,38,0.1712768331592801,0.2958422086381931,0.4486951151971914,3.224949738443659
gt_emotion,ridge,4,landscape,43,0.8610082845864161,0.8860915172502827,0.8765844299764006,6.597244050597343
gt_emotion,ridge,4,landscape,48,0.767813929898718,0.7312527582138596,0.7866237939453499,6.208009787382768
gt_emotion,ridge,4,landscape,49,0.8173163922375822,0.8220320739334014,0.8304151098720447,6.465004159069111
gt_emotion,ridge,4,landscape,56,0.2642914885712354,0.406879426831295,0.4189583993275159,5.003191075745656
gt_emotion,ridge,4,landscape,61,0.6581256923717467,0.6139330641935331,0.6858274857659815,6.180359803969314
gt_emotion,ridge,4,landscape,72,0.8399340221954451,0.9131265096050082,0.9072891172950276,6.036260099409404
gt_emotion,ridge,4,landscape,77,0.7354640095169422,0.7286097948170666,0.7468965387358747,4.689635048149375
gt_emotion,ridge,4,landscape,78,0.8192228759901269,0.7728863446238406,0.8373150855329748,6.053747149873121
gt_emotion,ridge,4,landscape,89,0.8448410444529756,0.8357621621008972,0.8768560520447068,6.093759537540618
gt_emotion,ridge,4,landscape,90,0.7787018048172506,0.7839076417409047,0.7969708419412704,4.59491551775471
gt_emotion,ridge,4,landscape,97,0.6574859561071456,0.7143073438053084,0.683132475787351,5.817905980709713
gt_emotion,ridge,4,landscape,103,0.5271085783376226,0.6531245757788829,0.6119584449280592,4.195726161761996
gt_emotion,ridge,4,landscape,108,0.9060804835130668,0.8776212958707111,0.9089200460167829,6.623384018189324
gt_emotion,ridge,4,landscape,114,0.935481898923646,0.9161540418749047,0.938059560217162,6.345778663611164
gt_emotion,ridge,4,landscape,115,0.8275753345232796,0.8810559302284413,0.8477722544476477,6.680156009813307
gt_emotion,ridge,4,landscape,124,0.6595256707656508,0.7266379729195643,0.7000048094777122,4.810378681930714
gt_emotion,ridge,4,landscape,134,0.7955771571266448,0.7807185317055233,0.8030421018818913,6.0277786419791655
gt_emotion,ridge,4,landscape,135,0.7428185117370344,0.7505327286153666,0.7754793488554738,4.71488676390111
gt_emotion,ridge,4,landscape,142,0.8576195925676245,0.8859820760395797,0.8864187782149949,4.474773084219894
gt_emotion,ridge,4,landscape,143,0.8992507918653958,0.9118204843806712,0.9116776426135144,5.6884978039055385
identity,mlp,0,art,3,0.21878813820832854,0.18797385789909024,0.2293698338174722,
identity,mlp,0,art,14,0.29164063767116394,0.3682439827391822,0.34201923237991294,
identity,mlp,0,art,15,0.018576156026990535,0.0815851521153709,0.016783645374365067,
identity,mlp,0,art,19,0.3192295079304052,0.41353482121338764,0.39311022471725837,
identity,mlp,0,art,21,0.3442421078369137,0.3524005098421705,0.37141050200308445,
identity,mlp,0,art,22,0.3869157725763935,0.3792128527413993,0.4094309819279112,
identity,mlp,0,art,30,0.2916848397541379,0.32925761875869025,0.32207207412953276,
identity,mlp,0,art,50,0.232625430290933,0.2860017116498634,0.26900454868601004,
identity,mlp,0,art,57,0.18395605245634664,0.16544705021892184,0.2472652789468801,
identity,mlp,0,art,62,0.17650418283725064,0.3016827085399528,0.22086622051483595,
identity,mlp,0,art,63,0.07687032748491647,0.09890479879471316,0.09065898591982446,
identity,mlp,0,art,79,0.21542232205175796,0.18033043058395723,0.24088329798175115,
identity,mlp,0,art,80,0.7962451489464165,0.7742493010705579,0.8129203530529746,
identity,mlp,0,art,85,0.26808152091391296,0.38483088732255705,0.3860179104523603,
identity,mlp,0,art,86,0.26143154605208085,0.37918887991986994,0.3649067794656348,
identity,mlp,0,art,98,0.34374207658939,0.38288495580501575,0.4133851524199738,
identity,mlp,0,art,99,0.49154625849380257,0.6096973236693126,0.5855827323295822,
identity,mlp,0,art,105,0.16086625564948234,0.1841634034195971,0.18651383687787448,
identity,mlp,0,art,109,0.12555487740073987,0.125611958602248,0.15456410405559154,
identity,mlp,0,art,110,0.10333990137057847,0.1603652130862192,0.13981244551771194,
identity,mlp,0,art,116,0.34397245489581757,0.47211286241076333,0.4512964098350503,
identity,mlp,0,art,117,0.4841427049867481,0.5360803138549155,0.5437994322331133,
identity,mlp,0,art,126,0.37599424497729594,0.393842770721931,0.40580198404112355,
identity,mlp,0,art,127,0.40982482987907765,0.4449413012199661,0.4310105380249272,
identity,mlp,0,art,136,0.30758453459217877,0.392002086404937,0.4233990592300674,
identity,mlp,0,art,144,0.11439859955125342,0.26554581592135423,0.23235204970364023,
identity,mlp,0,fashion,3,0.3222685223170791,0.33755163026457313,0.3478570140400505,
identity,mlp,0,fashion,14,0.3334026281853623,0.37465940858835145,0.3636412149754466,
identity,mlp,0,fashion,15,0.03818286533477553,0.011142766454526401,0.0264222454393938,
identity,mlp,0,fashion,19,0.2648408720491946,0.26511734872763143,0.30252217971731793,
identity,mlp,0,fashion,21,0.1070947181423309,0.1290830955450116,0.13669545488700696,
identity,mlp,0,fashion,22,0.2534456062842894,0.2432205004636201,0.27830476265559706,
identity,mlp,0,fashion,30,0.4466991634166928,0.45925415510847456,0.4724374411275895,
identity,mlp,0,fashion,50,0.13277738682863435,0.13755839522242486,0.1518084327982122,
identity,mlp,0,fashion,57,0.050939338476778534,0.025912524124469868,0.05259042232556404,
identity,mlp,0,fashion,62,0.11546508184569508,0.1088878252187336,0.12970126101014165,
identity,mlp,0,fashion,63,0.13664714504592168,0.21848710737984042,0.18607795595405854,
identity,mlp,0,fashion,79,0.24425988829209042,0.2513304418758105,0.3222293190548256,
identity,mlp,0,fashion,80,0.15374660120875835,0.1843989306201593,0.18470123332499458,
identity,mlp,0,fashion,85,0.2528917058973506,0.32587919995731335,0.30801414519279896,
identity,mlp,0,fashion,86,-0.01997521125961423,-0.03689133908283716,-0.018469894099297668,
identity,mlp,0,fashion,98,0.18566091862895118,0.19159734468153344,0.21283128025222733,
identity,mlp,0,fashion,99,0.42703853213697324,0.45813138712477625,0.43646066127463073,
identity,mlp,0,fashion,105,0.03772162538227843,0.0586156141584285,0.04950586017292677,
identity,mlp,0,fashion,109,0.1809040743667689,0.22075360012811163,0.19740343990990727,
identity,mlp,0,fashion,110,0.1616715008918778,0.155580834465376,0.19476638570663138,
identity,mlp,0,fashion,116,0.161116660416008,0.18942051354722175,0.21111336123985228,
identity,mlp,0,fashion,117,0.2712708716543822,0.35113745941491215,0.3206097596118557,
identity,mlp,0,fashion,126,0.0747620671264468,0.09842535616728887,0.0868736120263335,
identity,mlp,0,fashion,127,0.31905716333614353,0.38725921368660116,0.38929442623821187,
identity,mlp,0,fashion,136,0.2940089553979383,0.33421084140029694,0.33443101255690943,
identity,mlp,0,fashion,144,0.14634229059929357,0.18143061789112247,0.18604828955285135,
identity,mlp,0,landscape,3,0.17590143799360322,0.19550506175824153,0.1979027855931648,
identity,mlp,0,landscape,14,0.13011196384876486,0.16376010207739458,0.14977434821415272,
identity,mlp,0,landscape,15,-0.12275825127438474,-0.1808361708516172,-0.1759427120292302,
identity,mlp,0,landscape,19,0.3853941214092444,0.4645274354491256,0.46602724959233593,
identity,mlp,0,landscape,21,0.14097503000540773,0.1911621089928303,0.17920225867003556,
identity,mlp,0,landscape,22,0.22781971616449873,0.2520183344469888,0.23976096785935883,
identity,mlp,0,landscape,30,0.3548347353858152,0.3468968993098975,0.40317392998470575,
identity,mlp,0,landscape,50,0.12318588459282075,0.2080847734346805,0.1982908758512726,
identity,mlp,0,landscape,57,0.20559492233476803,0.21414538929315405,0.22851092750569957,
identity,mlp,0,landscape,62,0.11102283784301657,0.1480758840314077,0.14132747759843498,
identity,mlp,0,landscape,63,-0.0273392231799099,-0.015778391118201,-0.039854481721616535,
identity,mlp,0,landscape,79,0.17041391468124945,0.22356416566261808,0.25402886832640026,
identity,mlp,0,landscape,80,0.42190302409643676,0.46442475327811344,0.4538154799440648,
identity,mlp,0,landscape,85,0.23605071611992745,0.23374913812700648,0.2779023337800311,
identity,mlp,0,landscape,86,0.2285058449007865,0.2653626776590749,0.2746789753126179,
identity,mlp,0,landscape,98,0.22518999830540606,0.29547427468374693,0.27331941282931965,
identity,mlp,0,landscape,99,0.4384616269544995,0.4798851690859773,0.4914348458491844,
identity,mlp,0,landscape,105,0.0776816125837355,0.09892802769833986,0.11776628698239693,
identity,mlp,0,landscape,109,0.20890421380093774,0.25883138862464977,0.2548860038939826,
identity,mlp,0,landscape,110,0.20762266654398964,0.29042598374318146,0.2906959005342884,
identity,mlp,0,landscape,116,0.06525367236141356,0.0382267306929127,0.07777211247741973,
identity,mlp,0,landscape,117,0.2648490671488368,0.31302086203142965,0.2898293529330846,
identity,mlp,0,landscape,126,0.2894518989719764,0.3432843159268087,0.33744695137149133,
identity,mlp,0,landscape,127,0.23738744045971302,0.21088399993763754,0.24995720454909445,
identity,mlp,0,landscape,136,0.07273028210468986,0.11875014342636153,0.11473747106141753,
identity,mlp,0,landscape,144,0.1610028003763988,0.2655934904442739,0.22869614150033768,
identity,mlp,1,art,5,0.1276491147750194,0.22474670231928062,0.20660943200608695,
identity,mlp,1,art,6,0.4308748788495362,0.4957964126227162,0.511713508946715,
identity,mlp,1,art,16,0.3298092413628708,0.3295933357929342,0.35859477803322637,
identity,mlp,1,art,17,0.28843296104607935,0.33155000686001307,0.34300741834152654,
identity,mlp,1,art,23,0.10655792211955704,0.19081286458693425,0.13033459115284032,
identity,mlp,1,art,35,0.08819762160741794,0.15057852558561477,0.11888712067620699,
identity,mlp,1,art,39,0.5579496076183609,0.5981294449686637,0.6007309429438096,
identity,mlp,1,art,44,0.21655870446522382,0.354703887709666,0.3386140412886534,
identity,mlp,1,art,51,0.17973635970635238,0.16075922657502975,0.20737630093600093,
identity,mlp,1,art,64,0.2243470019604865,0.30438318235001,0.2637671988595945,
identity,mlp,1,art,69,0.12220573152583165,0.10988242368540894,0.13201485336229096,
identity,mlp,1,art,81,0.20162974944637177,0.3421764580702213,0.28796297455611386,
identity,mlp,1,art,92,0.3462533023340491,0.3498172733692029,0.3712784861029128,
identity,mlp,1,art,100,0.3922899907825162,0.3716735598727053,0.46219601277045635,
identity,mlp,1,art,101,0.3295893693723577,0.48452722594890957,0.48400308198805103,
identity,mlp,1,art,106,0.07081506199019237,0.10101804305880836,0.08179255905187834,
identity,mlp,1,art,111,0.36581378466108155,0.4604995166771803,0.46481095267710787,
identity,mlp,1,art,118,0.4547380280673688,0.4945342150704695,0.48496433187930993,
identity,mlp,1,art,119,0.5596355997673336,0.5342953801368383,0.5710093087392146,
identity,mlp,1,art,128,0.2231403021780932,0.27291137475404975,0.3091924803167102,
identity,mlp,1,art,129,0.16111862757985254,0.17219710989909662,0.21906860877284337,
identity,mlp,1,art,137,0.13729884908017684,0.192067937151173,0.16889616218168735,
identity,mlp,1,fashion,5,0.0034713202118227,-0.02580989469838497,-0.003886892392274537,
identity,mlp,1,fashion,6,0.23669783095307942,0.27215009041791294,0.28553110619539485,
identity,mlp,1,fashion,16,0.19861108434326913,0.22903818597342898,0.23622703235563733,
identity,mlp,1,fashion,17,-0.028551589197290533,-0.081190555466926,-0.04311215874121666,
identity,mlp,1,fashion,23,0.37133972856158626,0.44073151838926133,0.42077256870365115,
identity,mlp,1,fashion,35,-0.06900477077557576,-0.15746022388454503,-0.10855161258754316,
identity,mlp,1,fashion,39,0.15580025141568513,0.2166580742459385,0.20354741544901747,
identity,mlp,1,fashion,44,0.051464265587652935,0.10219066026880723,0.05776624034416957,
identity,mlp,1,fashion,51,0.22370704720116655,0.2630422622594739,0.23847139826068298,
identity,mlp,1,fashion,64,0.10752032917068392,0.11981014746304065,0.12051846358876696,
identity,mlp,1,fashion,69,0.0149854541760029,0.03063526697286824,0.03939372706779317,
identity,mlp,1,fashion,81,0.0536391286530861,0.08774930344550798,0.09613123522976934,
identity,mlp,1,fashion,92,0.1742856651082101,0.25594411199055045,0.26250376081886695,
identity,mlp,1,fashion,100,0.186067473107554,0.2654602208172901,0.2823647298333987,
identity,mlp,1,fashion,101,0.08891691918924842,0.15422652067243844,0.1295038230795226,
identity,mlp,1,fashion,106,0.1224409744025447,0.1473129065445207,0.1285539243989582,
identity,mlp,1,fashion,111,0.3960739204695287,0.4279244490482404,0.4225196955683325,
identity,mlp,1,fashion,118,0.13273398215875878,0.2045128674733185,0.1560482597681692,
identity,mlp,1,fashion,119,0.38721641270315144,0.45664447921482104,0.45085352201371737,
identity,mlp,1,fashion,128,0.2748668412842426,0.2916346280717819,0.331056455754493,
identity,mlp,1,fashion,129,0.07266125285706257,0.09748837496614543,0.12684280589326877,
identity,mlp,1,fashion,137,0.17248608514127595,0.2153948026565159,0.23776542861848513,
identity,mlp,1,landscape,5,0.14782158428519523,0.3191520097242266,0.30295841726407163,
identity,mlp,1,landscape,6,0.3385836124630906,0.37787656973554734,0.37055490069803937,
identity,mlp,1,landscape,16,0.32696805084247765,0.3723190119250776,0.39152497729172464,
identity,mlp,1,landscape,17,0.06929189057468092,0.17632871696090316,0.09438891885980577,
identity,mlp,1,landscape,23,0.5667308209905689,0.6176836533057045,0.6049663000468765,
identity,mlp,1,landscape,35,0.06560076184192519,0.061265644523716134,0.08142593453671197,
identity,mlp,1,landscape,39,0.46910409730924507,0.5177823497676086,0.5114691708613449,
identity,mlp,1,landscape,44,0.03525462490306273,0.03779941598014756,0.0599334181576845,
identity,mlp,1,landscape,51,0.5055136399948751,0.522642542891446,0.5691127843326794,
identity,mlp,1,landscape,64,0.04277448115083656,0.049872591168090334,0.047845614344934194,
identity,mlp,1,landscape,69,-0.16252120657334834,-0.16200025445048874,-0.19514660810921972,
identity,mlp,1,landscape,81,0.12501820484043888,0.19991164496164196,0.22486314492261114,
identity,mlp,1,landscape,92,0.2522807033442675,0.19241483315588515,0.28369381487673645,
identity,mlp,1,landscape,100,0.22053059316176804,0.26669251410793177,0.28190448521937556,
identity,mlp,1,landscape,101,0.1592801259926501,0.22814838847167793,0.25152842573562023,
identity,mlp,1,landscape,106,0.1050117649437929,0.15961968397405232,0.1383585888704202,
identity,mlp,1,landscape,111,0.18125586031990903,0.23006452374860475,0.27966104030428524,
identity,mlp,1,landscape,118,0.18549141372857772,0.31277310856535717,0.2698201947699849,
identity,mlp,1,landscape,119,0.49308288800565986,0.5068266533082127,0.5144048848942341,
identity,mlp,1,landscape,128,-0.07117212430157283,-0.0466064533031282,-0.10160694418139433,
identity,mlp,1,landscape,129,0.1546391809847565,0.2810949478977459,0.2459857010558928,
identity,mlp,1,landscape,137,0.15665325977741293,0.17499718795986496,0.1858748850814508,
identity,mlp,2,art,7,0.3696024066859826,0.39354510417147903,0.42350257564222593,
identity,mlp,2,art,8,0.24398908491942953,0.4065055347409435,0.4569561960638386,
identity,mlp,2,art,40,0.09628851532449846,0.16995675715623934,0.11377248427550463,
identity,mlp,2,art,41,0.5967869952309656,0.6547891743839955,0.6260016781313599,
identity,mlp,2,art,45,-0.006547524798181399,-0.009490976599840098,-0.0040031464156798325,
identity,mlp,2,art,46,0.03576211549339197,0.08382656446549436,0.042153886823569374,
identity,mlp,2,art,52,0.5220972155839304,0.5593085063138195,0.5532663721297824,
identity,mlp,2,art,58,0.4703933106945395,0.5377875881442322,0.5633132279083027,
identity,mlp,2,art,65,0.36187201903528515,0.4604335693883144,0.41345306826419437,
identity,mlp,2,art,66,0.4284949797834023,0.47360071094113376,0.485579680519089,
identity,mlp,2,art,74,0.14952688345610285,0.19234169586294736,0.21422050500246234,
identity,mlp,2,art,83,0.12329107061086737,0.13129082685225427,0.1775881622727663,
identity,mlp,2,art,87,0.6801859488585823,0.7372399572208242,0.7202272897850568,
identity,mlp,2,art,93,0.44841690386171895,0.526050849418585,0.5085483194740696,
identity,mlp,2,art,94,0.49881637901512965,0.5164694780576633,0.5227501859528858,
identity,mlp,2,art,102,0.0755717600622249,0.09670440172186219,0.0879809409613798,
identity,mlp,2,art,112,0.2914096697585108,0.46839537946428295,0.4593535957229105,
identity,mlp,2,art,113,0.2691395160293057,0.3221175918077637,0.32799234886479883,
identity,mlp,2,art,120,0.32882541118782666,0.3954097018759004,0.3801542422261839,
identity,mlp,2,art,121,0.19256155357527652,0.2873226910194177,0.30613161226214725,
identity,mlp,2,art,131,0.35875609375591305,0.4697749202758408,0.48815246601456813,
identity,mlp,2,art,138,0.19346658816950024,0.2618962736609795,0.2841843248796505,
identity,mlp,2,art,139,0.25043306634276513,0.25549576026385795,0.2712743174442686,
identity,mlp,2,fashion,7,0.064466196800958,0.0790069747138909,0.0727359381020652,
identity,mlp,2,fashion,8,0.18524740238391954,0.15243416791408718,0.18901985458654036,
identity,mlp,2,fashion,40,0.08847956504285097,0.10018564192757325,0.09614247122952406,
identity,mlp,2,fashion,41,0.2526491106961881,0.2841255597960229,0.28599942445505483,
identity,mlp,2,fashion,45,0.08693138930468908,0.12277429623909657,0.11424759422406496,
identity,mlp,2,fashion,46,-0.15795619048320553,-0.14131872278478394,-0.19606441413446227,
identity,mlp,2,fashion,52,0.0960817752681215,0.07220839584633121,0.11848127103222333,
identity,mlp,2,fashion,58,0.2199036630564798,0.26287332707618255,0.26992140996628394,
identity,mlp,2,fashion,65,0.0041364215166383314,-0.003828554547232401,0.004576169560932036,
identity,mlp,2,fashion,66,0.2384733056050392,0.27369739406453547,0.26297030117166076,
identity,mlp,2,fashion,74,0.027754738965615464,0.09018890896296779,0.05034387816463017,
identity,mlp,2,fashion,83,0.31510299773963085,0.3848404137758971,0.3935675383269901,
identity,mlp,2,fashion,87,0.066390268534694,0.04392483566802983,0.07200900967741847,
identity,mlp,2,fashion,93,0.284147312485534,0.2692667440279224,0.30126642581578633,
identity,mlp,2,fashion,94,0.22770047154961226,0.27563017624656894,0.2874092842490872,
identity,mlp,2,fashion,102,0.2720983072811724,0.37307466446085075,0.32817627974768215,
identity,mlp,2,fashion,112,0.17014052196200816,0.2550539196253087,0.27874680276194524,
identity,mlp,2,fashion,113,0.13920432559013993,0.17955020790751428,0.15481226167055936,
identity,mlp,2,fashion,120,0.14592454857870654,0.18167069726430166,0.17671478178912828,
identity,mlp,2,fashion,121,0.2691608931049924,0.40269904894047465,0.4431932946252621,
identity,mlp,2,fashion,131,0.20559703212825955,0.2109862097079752,0.23033493489097823,
identity,mlp,2,fashion,138,0.22856902135233412,0.32322024193937754,0.31100457148192423,
identity,mlp,2,fashion,139,0.3632213264533459,0.41720067394422305,0.40119404138461956,
identity,mlp,2,landscape,7,0.01911283852248073,0.0346568255740046,0.018858432417538998,
identity,mlp,2,landscape,8,0.27340713646285897,0.31016481315069305,0.29821321801345985,
identity,mlp,2,landscape,40,0.10446773171407137,0.10717771930122123,0.13867579349658857,
identity,mlp,2,landscape,41,0.1240560836093955,0.11954074662157736,0.14204784146472746,
identity,mlp,2,landscape,45,0.17981836115593597,0.13923106751105088,0.20384540199415424,
identity,mlp,2,landscape,46,0.0725506439567868,0.09227690276228277,0.07826627004490062,
identity,mlp,2,landscape,52,0.055305677768083365,0.0604757929416763,0.06232259561204143,
identity,mlp,2,landscape,58,0.030464346224276434,0.02649823204089206,0.03397605736669781,
identity,mlp,2,landscape,65,0.1307211244105472,0.17424803701001557,0.16542442984508918,
identity,mlp,2,landscape,66,0.060452009165059994,0.06369510201885624,0.09152404118177616,
identity,mlp,2,landscape,74,0.1600444369878936,0.21339700412574505,0.20056600360684837,
identity,mlp,2,landscape,83,0.021782939607411702,-0.012688242053800468,0.02939036774330703,
identity,mlp,2,landscape,87,0.26982304413221514,0.36318818215285953,0.32836278258619545,
identity,mlp,2,landscape,93,0.23757786353385554,0.3649779936219926,0.3106888672835894,
identity,mlp,2,landscape,94,0.2602892821373086,0.3061718392554497,0.30490446507331614,
identity,mlp,2,landscape,102,0.29686962285071666,0.3984785503482917,0.36958927483785914,
identity,mlp,2,landscape,112,0.34582118820263935,0.3970002333306293,0.4429544875707257,
identity,mlp,2,landscape,113,0.07370566270297853,0.07849216826134174,0.10099697095215736,
identity,mlp,2,landscape,120,0.3163159188019671,0.39176019475091167,0.3835252641619719,
identity,mlp,2,landscape,121,0.41910678619525976,0.538056709309587,0.5034674951949019,
identity,mlp,2,landscape,131,0.12622492968273089,0.1251816694282434,0.14525834848849323,
identity,mlp,2,landscape,138,0.2324957331001629,0.35135545616164005,0.3208190476797849,
identity,mlp,2,landscape,139,0.3379446517805594,0.3472162174709476,0.3764629411598019,
identity,mlp,3,art,0,0.262671364267715,0.27928293613324784,0.32012785376778324,
identity,mlp,3,art,9,0.2807318915234219,0.36357087024559703,0.33386489565128064,
identity,mlp,3,art,10,0.3069153365159112,0.2874605509421096,0.33048737487546526,
identity,mlp,3,art,11,0.3161295596896064,0.30531017162792545,0.31980648600467276,
identity,mlp,3,art,24,0.2145106346853544,0.3069295941025548,0.2955429515757476,
identity,mlp,3,art,28,0.2729295655309753,0.3839783761716405,0.37834149038262854,
identity,mlp,3,art,31,0.3088858696085115,0.29986972687315316,0.3572278241916844,
identity,mlp,3,art,32,0.2885147764067679,0.37369315404474907,0.34151787121272176,
identity,mlp,3,art,36,0.23518385939211514,0.2701107114971007,0.2775295457284994,
identity,mlp,3,art,42,0.2794560616278314,0.30643520735850166,0.30319384493145407,
identity,mlp,3,art,47,0.20285645826329898,0.2683516506290084,0.2802927725330724,
identity,mlp,3,art,54,-0.022626346108621836,0.00572179070060766,-0.0451002873587355,
identity,mlp,3,art,55,0.2422530671479747,0.2619609329486881,0.26883961709287435,
identity,mlp,3,art,59,0.5956541630698656,0.5957950026795845,0.6041748698096008,
identity,mlp,3,art,60,0.3693032419484978,0.4551011689609095,0.4576588934238601,
identity,mlp,3,art,67,0.16925240860626053,0.247985630260278,0.21675098091879333,
identity,mlp,3,art,68,0.42418907750370644,0.5130855628140991,0.5041595080729236,
identity,mlp,3,art,75,0.18461127230968702,0.28922977771932307,0.2665698602862269,
identity,mlp,3,art,76,0.3500943329902328,0.3550437336255556,0.420534450057398,
identity,mlp,3,art,82,0.6254056250038942,0.6530066523939303,0.671479819985143,
identity,mlp,3,art,84,0.21204351404515917,0.25498567732452276,0.248073052657899,
identity,mlp,3,art,88,0.38995463701915334,0.4696936725245438,0.4560200545572834,
identity,mlp,3,art,95,0.35584183514399353,0.44416336141931206,0.4720203820071413,
identity,mlp,3,art,96,0.3314236976925883,0.3949796209771664,0.43222632022565555,
identity,mlp,3,art,107,0.3900438996117934,0.44110405894318233,0.475644895803568,
identity,mlp,3,art,122,0.39327552868783805,0.4482248799059569,0.4595188227041794,
identity,mlp,3,art,123,0.24301718990665866,0.2697959538076106,0.2754937155904195,
identity,mlp,3,art,132,0.25463573909396264,0.26675721877722575,0.2718631533924046,
identity,mlp,3,art,140,0.5718881503210514,0.5602283993178406,0.6004016664869383,
identity,mlp,3,art,141,0.27487424207065003,0.3445176599303231,0.30235216788978275,
identity,mlp,3,fashion,0,0.24721301156114048,0.29444841355740964,0.2925552170478356,
identity,mlp,3,fashion,9,0.13995554269126403,0.20728327880502664,0.22519616261199818,
identity,mlp,3,fashion,10,0.3224690316530654,0.36084821674977197,0.33531762353865124,
identity,mlp,3,fashion,11,0.2904208942326865,0.37792894379557135,0.3540395410450567,
identity,mlp,3,fashion,24,-0.0026349547496560405,-0.02706247930468123,-0.0032801898807667262,
identity,mlp,3,fashion,28,0.10763765166681466,0.17816491876728402,0.16630090998114191,
identity,mlp,3,fashion,31,0.19754841343504678,0.32321172094387723,0.2941340442724716,
identity,mlp,3,fashion,32,0.13177678444702046,0.15844211312479264,0.14064690374451233,
identity,mlp,3,fashion,36,0.1772919984761218,0.17958343981000077,0.19836031002877533,
identity,mlp,3,fashion,42,0.22407424056522526,0.2768986488152457,0.2781464264149513,
identity,mlp,3,fashion,47,0.25919825875084285,0.24210895175104266,0.2656890762617547,
identity,mlp,3,fashion,54,0.0405217316844488,0.005455946214817237,0.04364419565099207,
identity,mlp,3,fashion,55,0.2806154705524729,0.25402326543068343,0.3113426856231249,
identity,mlp,3,fashion,59,0.27121071370491695,0.3426690578449951,0.3690542686725664,
identity,mlp,3,fashion,60,0.2016969862486293,0.20688031924209138,0.24549316364600263,
identity,mlp,3,fashion,67,0.06738964833042009,0.08583112445749143,0.08812210280460697,
identity,mlp,3,fashion,68,0.126151109642239,0.13704515131696235,0.1348773864392374,
identity,mlp,3,fashion,75,0.28595594842253974,0.345426520204224,0.32290268753265505,
identity,mlp,3,fashion,76,0.13922361022108976,0.1647777316963478,0.182539381468751,
identity,mlp,3,fashion,82,0.22264740846552636,0.2254738783510287,0.24831639485051907,
identity,mlp,3,fashion,84,-0.03076767199369503,-0.0499550574153626,-0.0346231797750165,
identity,mlp,3,fashion,88,0.2838986216151406,0.2890241716343808,0.29999981044366114,
identity,mlp,3,fashion,95,0.0065570553141614,0.059992176781578664,0.0073186483457615345,
identity,mlp,3,fashion,96,0.1854942751754708,0.2173064577953692,0.22059597936192257,
identity,mlp,3,fashion,107,0.14530443794948622,0.21222585496106805,0.18416182311583085,
identity,mlp,3,fashion,122,0.14815655965060295,0.16482402402756183,0.18776476729790834,
identity,mlp,3,fashion,123,0.08578314446343127,0.12077889157981155,0.12086253789274252,
identity,mlp,3,fashion,132,0.15999143181518014,0.18163249443347218,0.19745245643471052,
identity,mlp,3,fashion,140,0.2244613223146911,0.2595061687416856,0.262633874736867,
identity,mlp,3,fashion,141,0.20408523948202228,0.23733968503182024,0.2226775947912587,
identity,mlp,3,landscape,0,0.40277410794290086,0.43205119063081726,0.40932096059264184,
identity,mlp,3,landscape,9,0.29513915511116023,0.3154577457694961,0.33605690020181145,
identity,mlp,3,landscape,10,0.6164512339568075,0.6485311037973371,0.6420813265183161,
identity,mlp,3,landscape,11,0.44740682393936115,0.4338620361502163,0.5043275376231243,
identity,mlp,3,landscape,24,-0.16056614127493132,-0.2110661768410004,-0.2102273454607322,
identity,mlp,3,landscape,28,0.0767478713477819,0.09901636253559276,0.09926101664875574,
identity,mlp,3,landscape,31,0.008671930812322199,0.04229105457856807,0.014996952308664898,
identity,mlp,3,landscape,32,0.43166190544457433,0.5037637042129474,0.4812279829458214,
identity,mlp,3,landscape,36,0.2957810642452285,0.3945023674515837,0.4071400338072206,
identity,mlp,3,landscape,42,0.2309182204617526,0.3175438216117274,0.32234681399898657,
identity,mlp,3,landscape,47,0.28672725004470623,0.30678305190762434,0.34540535848842474,
identity,mlp,3,landscape,54,0.048833001583773294,0.06526346835025316,0.057801760744115804,
identity,mlp,3,landscape,55,0.30188215302534466,0.3324819446256915,0.3629566459127891,
identity,mlp,3,landscape,59,0.007930989309236903,0.05447123468802556,0.009775323277691332,
identity,mlp,3,landscape,60,0.6188869103142842,0.6889891468574749,0.6704333210907517,
identity,mlp,3,landscape,67,0.09024778461728496,0.1799188724847809,0.13249643109719011,
identity,mlp,3,landscape,68,0.18152576482457894,0.21332606200063378,0.21018769706760074,
identity,mlp,3,landscape,75,0.0004847550093535352,0.007368966745944339,0.004595418344366636,
identity,mlp,3,landscape,76,0.045640866964584796,0.03887782908025143,0.06396707991585553,
identity,mlp,3,landscape,82,-0.0163666003407852,0.0321577709384065,-0.020666738118535272,
identity,mlp,3,landscape,84,0.30158660728478165,0.37234117953862134,0.32392933655318396,
identity,mlp,3,landscape,88,0.3287034855999223,0.40085021647439784,0.3820377169584883,
identity,mlp,3,landscape,95,0.4029393180091371,0.4484777445753698,0.4501841681770631,
identity,mlp,3,landscape,96,0.2531065942405369,0.33152594810461933,0.3631685648196503,
identity,mlp,3,landscape,107,-0.005830103461175069,0.02647956700063307,-0.001345747498340664,
identity,mlp,3,landscape,122,0.3061661304020497,0.3142940778074386,0.32436696132067516,
identity,mlp,3,landscape,123,0.3667925410969222,0.4297302214830097,0.42288630626789675,
identity,mlp,3,landscape,132,0.13937597891252393,0.11827974250884817,0.14488306207423088,
identity,mlp,3,landscape,140,0.33967433445365613,0.414281735374004,0.3999360085147347,
identity,mlp,3,landscape,141,0.24700543760421576,0.300037179003302,0.29599808730766464,
identity,mlp,4,art,1,0.23470574872925173,0.288359608635887,0.28346324879080625,
identity,mlp,4,art,2,0.48691290085306754,0.6173564920745781,0.5626210799637726,
identity,mlp,4,art,12,0.3268658924118174,0.34991948882747087,0.35843102881461864,
identity,mlp,4,art,13,0.42530780375999133,0.42024962678927164,0.4408014499530602,
identity,mlp,4,art,26,0.1111947601740275,0.13243806137213646,0.16628774909295563,
identity,mlp,4,art,29,0.16441889836417398,0.1644049273360641,0.19033965372320108,
identity,mlp,4,art,34,0.5399265994486487,0.5560969489516672,0.5448239367945569,
identity,mlp,4,art,38,0.32945395102157543,0.35106602485267707,0.34907287383731217,
identity,mlp,4,art,43,0.1950500770371225,0.24068003679024375,0.21828229575894653,
identity,mlp,4,art,48,0.4685660607022399,0.567842050294066,0.5357673913492239,
identity,mlp,4,art,49,0.3892040673923121,0.3671781849222599,0.4212659578627698,
identity,mlp,4,art,56,0.1134544717741968,0.17353938141567513,0.20060393538860574,
identity,mlp,4,art,61,0.23528687242958637,0.26914243448068315,0.25829852350303756,
identity,mlp,4,art,72,0.2520226248623749,0.27534372374762756,0.25434423012146834,
identity,mlp,4,art,77,0.39068785751184515,0.4827333155605695,0.4658155745071599,
identity,mlp,4,art,78,0.22562422579916044,0.3045569176164273,0.2895396175248256,
identity,mlp,4,art,89,0.18337609658134033,0.19695870661046744,0.1901976874749571,
identity,mlp,4,art,90,0.2878900689014572,0.36114883410177384,0.3734316203080155,
identity,mlp,4,art,97,0.25732031088107016,0.3317094485429994,0.3353324829625228,
identity,mlp,4,art,103,0.44791115163005674,0.5290387484299093,0.5846513703115922,
identity,mlp,4,art,108,0.43328206372629885,0.4134364485557122,0.4482915400268401,
identity,mlp,4,art,114,0.6081283138364314,0.6420169494630023,0.648190893582598,
identity,mlp,4,art,115,-0.003533579554748331,0.039723084008029964,0.005425852327331536,
identity,mlp,4,art,124,0.22323058928277262,0.30717050301767507,0.29820422558578225,
identity,mlp,4,art,134,0.31705295977063414,0.32038003437742696,0.3308531141056133,
identity,mlp,4,art,135,0.2922796880738698,0.3363113760524811,0.32565329396257287,
identity,mlp,4,art,142,0.2526083510247798,0.3613913718257011,0.3555757068107081,
identity,mlp,4,art,143,0.6465201045539546,0.7235256226930264,0.7064040057308101,
identity,mlp,4,fashion,1,0.1972786860818966,0.299693997359821,0.2693250763391828,
identity,mlp,4,fashion,2,0.1498620423825379,0.19501003907235845,0.22432180834329493,
identity,mlp,4,fashion,12,0.18335980816967348,0.18758934898687696,0.23578969622805493,
identity,mlp,4,fashion,13,0.43591029760458877,0.48623858582423357,0.49240238939816033,
identity,mlp,4,fashion,26,0.06517022991190506,0.10256449330893293,0.08196643030904889,
identity,mlp,4,fashion,29,0.3528534241636518,0.4002909492786328,0.38809011236098084,
identity,mlp,4,fashion,34,0.2841221155280129,0.3075039927546351,0.32067167538268143,
identity,mlp,4,fashion,38,-0.03107417470768263,-0.0598424173022849,-0.03681303355440527,
identity,mlp,4,fashion,43,0.26290988362614925,0.2873104799005651,0.276450449652085,
identity,mlp,4,fashion,48,0.24746710511032335,0.2803107744239665,0.29671475532482655,
identity,mlp,4,fashion,49,0.0716457524518824,0.06577799834284663,0.08437774954599947,
identity,mlp,4,fashion,56,-0.09772505608110305,-0.17720402843782224,-0.15177342900335236,
identity,mlp,4,fashion,61,0.11650126593762523,0.14805549249694597,0.1433525888146997,
identity,mlp,4,fashion,72,0.021973261180058903,-0.013484481475190999,0.02795191550888107,
identity,mlp,4,fashion,77,0.2051208005788477,0.2169144809940734,0.24286098240898243,
identity,mlp,4,fashion,78,0.3078070240653536,0.3435961146915975,0.3195053628689443,
identity,mlp,4,fashion,89,0.13411538083969368,0.19167390565120176,0.13948044218660896,
identity,mlp,4,fashion,90,0.056077130167475266,0.04640281848297854,0.06085249020331531,
identity,mlp,4,fashion,97,0.16167379654371797,0.1283389659782666,0.17661015520314968,
identity,mlp,4,fashion,103,0.08590431848323087,0.1166911331173925,0.10373565750091907,
identity,mlp,4,fashion,108,0.023935591721841735,0.002783052157565071,0.02619877763788393,
identity,mlp,4,fashion,114,0.24473674159584555,0.34480995731787906,0.3293012639819671,
identity,mlp,4,fashion,115,0.06585206376686974,0.1015907129019733,0.11281087084570217,
identity,mlp,4,fashion,124,0.1550905683170331,0.16060659768805086,0.21355128742349802,
identity,mlp,4,fashion,134,0.27380218585797805,0.24393027834884573,0.297661922710405,
identity,mlp,4,fashion,135,0.19238709378372684,0.21891395713496153,0.24097711746146877,
identity,mlp,4,fashion,142,0.14501024900308537,0.20381004135017813,0.2056419975612335,
identity,mlp,4,fashion,143,0.08434823199972553,0.15329451911313688,0.11130684861363671,
identity,mlp,4,landscape,1,0.16014228156188076,0.24876555430208694,0.2637845351720017,
identity,mlp,4,landscape,2,0.11558619539733193,0.10895869848038427,0.15771758343476341,
identity,mlp,4,landscape,12,0.3898562694205929,0.48888315818224504,0.4483059381826451,
identity,mlp,4,landscape,13,0.31476585082986014,0.3192776514986842,0.33335704122184145,
identity,mlp,4,landscape,26,0.11571684811281964,0.17395428775496016,0.14814948179393694,
identity,mlp,4,landscape,29,0.03921977509605773,0.04962772067841873,0.04965431907505654,
identity,mlp,4,landscape,34,0.2371528129774638,0.39492753003238473,0.3674564800183557,
identity,mlp,4,landscape,38,0.09059169656561063,0.14997484217545912,0.10088945254082589,
identity,mlp,4,landscape,43,0.31028645312991093,0.3216009224894472,0.32421848033290734,
identity,mlp,4,landscape,48,0.10271552823288059,0.11439672449072917,0.15808269494164848,
identity,mlp,4,landscape,49,0.18002243270503307,0.21819132517586626,0.21259816758352335,
identity,mlp,4,landscape,56,-0.03236468765158673,-0.07622932643315479,-0.07069238846589533,
identity,mlp,4,landscape,61,0.11774903466070026,0.1259618819259559,0.14238334263951427,
identity,mlp,4,landscape,72,0.17626454367812036,0.19698282949418658,0.20163773447855515,
identity,mlp,4,landscape,77,0.3143672732261549,0.36143634365705735,0.3661892956519534,
identity,mlp,4,landscape,78,0.1484072663148076,0.1354203452562808,0.1795812969254417,
identity,mlp,4,landscape,89,0.2234419183776739,0.22498660841889992,0.24802270742968532,
identity,mlp,4,landscape,90,0.09866276186101747,0.1336955209957086,0.13623547662322497,
identity,mlp,4,landscape,97,0.15267997839481298,0.16187327634787127,0.20240061262880885,
identity,mlp,4,landscape,103,0.43464039702727214,0.4909780710459864,0.4841026699297119,
identity,mlp,4,landscape,108,0.1441797104562062,0.15956367575316663,0.16481366816196238,
identity,mlp,4,landscape,114,0.24710166799423725,0.30526343791942706,0.2768810657194773,
identity,mlp,4,landscape,115,0.02108200698313083,-0.014881890453722965,0.030914527567406532,
identity,mlp,4,landscape,124,0.38584010600170165,0.42518562032753965,0.44475469572756215,
identity,mlp,4,landscape,134,0.2721300302836985,0.31061023417374095,0.2989935008773612,
identity,mlp,4,landscape,135,0.2344143121575255,0.23037321828458823,0.259447558551204,
identity,mlp,4,landscape,142,0.17114610385939769,0.20995415543065313,0.2029511419284311,
identity,mlp,4,landscape,143,0.394089914114935,0.4594096200797113,0.48130205366078477,
identity,ridge,0,art,3,0.1032751592935356,0.22074803327946327,0.2392028248258727,25.947398007209994
identity,ridge,0,art,14,0.4533185892504423,0.6563024698439118,0.6076108264509753,26.156284700180255
identity,ridge,0,art,15,0.0677695287077905,0.1388133571032195,0.1159774838332573,26.217696794093893
identity,ridge,0,art,19,0.3472095177542199,0.4839010856730015,0.4885668907552914,26.530228936295504
identity,ridge,0,art,21,0.3950616794036204,0.5080803925440923,0.5182964812673081,25.83360060659302
identity,ridge,0,art,22,0.4013797738410334,0.4646761276937321,0.4965483523318219,26.04456577173129
identity,ridge,0,art,30,0.2313273438293578,0.3365271997075529,0.36065371791713313,26.238665546604384
identity,ridge,0,art,50,0.3652539094650271,0.5074286130982526,0.498621749558757,26.424141893780398
identity,ridge,0,art,57,0.3287158128086686,0.395521000600426,0.452057234264134,26.225525883202167
identity,ridge,0,art,62,0.416014898061073,0.5609428241335045,0.5419682255146712,26.17074095269258
identity,ridge,0,art,63,0.0934381193285355,0.09069610091903861,0.1935647979228088,25.921594140705352
identity,ridge,0,art,79,0.3800860481353187,0.47399641037171875,0.502176363049225,26.191887955001892
identity,ridge,0,art,80,0.7753932876297048,0.8144355909357683,0.8520588580369027,26.274125784997292
identity,ridge,0,art,85,0.3519402533867715,0.4341416855000359,0.47940828979013467,26.381124887576913
identity,ridge,0,art,86,0.2790817401308381,0.552621197866822,0.5420677157238978,26.450230674103256
identity,ridge,0,art,98,0.37746604883993734,0.38396933647284665,0.4414645711213591,25.950986865931384
identity,ridge,0,art,99,0.6175800178101578,0.7671372906848685,0.7626371586218585,26.061663368089956
identity,ridge,0,art,105,0.1379592019315449,0.2288171074954343,0.2875808471444818,26.46903163597103
identity,ridge,0,art,109,0.2914398307026762,0.46740000555127176,0.42493665715100964,26.094501305244027
identity,ridge,0,art,110,0.3363330807435023,0.5143951451590646,0.4595415771346983,26.013087737632265
identity,ridge,0,art,116,0.5528239224117653,0.6615035704290047,0.6505681773370736,26.14249495476712
identity,ridge,0,art,117,0.5267914399318062,0.6954039121431093,0.6913163864627533,25.98710613433822
identity,ridge,0,art,126,0.38071387055886224,0.5395335768934767,0.5470645564207426,26.173789861175845
identity,ridge,0,art,127,0.40861004006319596,0.5397297300329101,0.5459665054731794,26.13612399540128
identity,ridge,0,art,136,0.3723387872632334,0.5642405946707352,0.5434473290054029,25.929970437740348
identity,ridge,0,art,144,0.4005574625210088,0.5443614989369056,0.5901566204659723,26.497104851228325
identity,ridge,0,fashion,3,0.270517965962098,0.494287366207953,0.488124191385233,26.51683786305522
identity,ridge,0,fashion,14,0.3928895882852818,0.5737749733414407,0.5552495905796766,26.579124693265765
identity,ridge,0,fashion,15,-0.0765289814828505,-0.1585270728327917,-0.1327422716238755,26.352210491261488
identity,ridge,0,fashion,19,0.1978462885458149,0.34620963548761646,0.33920579996115247,26.62114442819014
identity,ridge,0,fashion,21,0.1411385720969353,0.23527983403253186,0.29583606133113,26.531482171405845
identity,ridge,0,fashion,22,0.1712850984657317,0.3219653916363652,0.3332943913846783,26.573187106208128
identity,ridge,0,fashion,30,0.41351389097198804,0.5143904600928614,0.5747752510281359,26.7205518070416
identity,ridge,0,fashion,50,0.148520312434627,0.3192794354376401,0.34023506991382685,26.812493707027063
identity,ridge,0,fashion,57,0.1003641639371902,0.190420919313086,0.1778797985662797,26.45764162265174
identity,ridge,0,fashion,62,0.0672831569222954,0.1365345446652716,0.1288948151303409,26.439770796629944
identity,ridge,0,fashion,63,0.1089284172772868,0.2246468322907319,0.2104525048825291,26.49887335469685
identity,ridge,0,fashion,79,0.3168520511084829,0.4476407258684942,0.5231252611136653,26.70543934385792
identity,ridge,0,fashion,80,0.2342220272142501,0.3567480947067349,0.38094357788363914,26.61100668912098
identity,ridge,0,fashion,85,0.21033662064793726,0.49235882745512,0.4704699362950168,26.471622688269665
identity,ridge,0,fashion,86,0.1175700911311481,0.2309044256789696,0.19816855342431086,26.549421873773607
identity,ridge,0,fashion,98,0.2201598074706567,0.3900339455609218,0.411807302889013,26.558645938462195
identity,ridge,0,fashion,99,0.4207093478190231,0.5435554010283089,0.5876392391584703,26.421451520357937
identity,ridge,0,fashion,105,0.0694055917139519,0.0585805254938619,0.1100630354882675,26.655792119417118
identity,ridge,0,fashion,109,0.178752992705946,0.3415439432696012,0.285709794372477,26.605057895094394
identity,ridge,0,fashion,110,0.1640599750807322,0.2606782614514078,0.2743237911806396,26.43660394559636
identity,ridge,0,fashion,116,0.1380351012758334,0.2911674425028451,0.3137377818721045,26.592857207557444
identity,ridge,0,fashion,117,0.38816634218708473,0.5608582818279982,0.5578528975243535,26.56948441063405
identity,ridge,0,fashion,126,0.136118258249923,0.0700957983733416,0.2438849707725266,26.5429514863586
identity,ridge,0,fashion,127,0.3358304998587786,0.4811184023906856,0.4868065362703415,26.16038549128457
identity,ridge,0,fashion,136,0.2701576682189532,0.49376144221949153,0.4882250694394647,26.54142741326235
identity,ridge,0,fashion,144,0.23667747059374658,0.4815961629206012,0.4325353975087702,26.508036322934476
identity,ridge,0,landscape,3,0.1300586274116394,0.401662695515568,0.4010922152660567,12.322505722815484
identity,ridge,0,landscape,14,0.1215962392929385,0.3935298507897596,0.3703507339894147,12.333340844947232
identity,ridge,0,landscape,15,-0.04670089153956,-0.293658737621874,-0.2519266952078307,12.106930722048153
identity,ridge,0,landscape,19,0.2566945140566234,0.6276102592706696,0.6300727739834537,12.207721169369188
identity,ridge,0,landscape,21,0.097916581528541,0.2943041397782753,0.2575808309551627,12.14025710655815
identity,ridge,0,landscape,22,0.1749537749605369,0.4351301021742509,0.4159828653079025,12.277266717419634
identity,ridge,0,landscape,30,0.3101831910016727,0.5026540600775663,0.616145971869243,12.321900810107856
identity,ridge,0,landscape,50,0.21486724869420817,0.4334094250929246,0.4285414265317266,12.13753577670986
identity,ridge,0,landscape,57,0.1231327814787757,0.2855571352905522,0.3900623561979815,12.226395016952948
identity,ridge,0,landscape,62,0.1757651906557268,0.3354097897364649,0.3557592526190627,12.207435964495142
identity,ridge,0,landscape,63,-0.0040652275282939,0.0220656321205409,-0.0238243768662733,12.058247563024842
identity,ridge,0,landscape,79,0.04911941258116279,0.1783440612862255,0.1455357428827926,12.226779381155694
identity,ridge,0,landscape,80,0.35148258581931674,0.6789636670935656,0.6802802347909921,12.193007541165125
identity,ridge,0,landscape,85,0.2127810049170801,0.47564977008306925,0.4876827685101897,12.2183010210573
identity,ridge,0,landscape,86,0.2035844765862966,0.5644026461953704,0.5363628584146753,12.132848661102349
identity,ridge,0,landscape,98,0.165554869150758,0.4897176061588884,0.48002108844257246,12.220147238188822
identity,ridge,0,landscape,99,0.2772274165195766,0.5920055875772167,0.5825879298278519,12.093347001841806
identity,ridge,0,landscape,105,0.0826904136406941,0.2717016226310175,0.3634187729996139,12.22220341882611
identity,ridge,0,landscape,109,0.1276419253757038,0.3182582364856054,0.3585506491770312,12.273711515366912
identity,ridge,0,landscape,110,0.4025032208338159,0.7609194368748481,0.7414933613571565,12.128599813783405
identity,ridge,0,landscape,116,0.1196294340990563,0.31235396259819,0.3513346856758955,12.241776292287383
identity,ridge,0,landscape,117,0.2517713346302133,0.5493087217744455,0.5370184830320903,12.212574141065218
identity,ridge,0,landscape,126,0.1484186282244662,0.283848837586878,0.3258041919482083,12.135566788289532
identity,ridge,0,landscape,127,0.1565560121397413,0.2425117115648168,0.3117320636651077,12.104334788745154
identity,ridge,0,landscape,136,0.10255868306284781,0.24069759824493472,0.3145042164627053,12.369056686664441
identity,ridge,0,landscape,144,0.1796223813633682,0.3300477858487498,0.3766679180459925,12.2431117047692
identity,ridge,1,art,5,0.141969354234785,0.2715497294142505,0.2585844312592009,26.22326001114068
identity,ridge,1,art,6,0.5636131552253738,0.7170183453082123,0.6733741403651786,26.125743432816364
identity,ridge,1,art,16,0.2408645827005946,0.3316247527336234,0.369400173484891,25.989501248414722
identity,ridge,1,art,17,0.22510764077820564,0.325919974163802,0.3682811500046101,26.271761591716004
identity,ridge,1,art,23,0.20479675699268576,0.4000327478366266,0.3677906859799191,26.30948836532907
identity,ridge,1,art,35,0.05609157704160741,0.0929844547056894,0.1070154521665655,25.84938790397477
identity,ridge,1,art,39,0.6454964407734475,0.720966678529948,0.7237141286984995,25.87009896498297
identity,ridge,1,art,44,0.4723297245410041,0.634524361096575,0.6016256274209214,26.1956060752595
identity,ridge,1,art,51,0.3072642240208165,0.5796592667984324,0.5356015243618552,26.117500066887345
identity,ridge,1,art,64,0.2259289181346118,0.3755331850658048,0.3659816104207019,25.7747486224352
identity,ridge,1,art,69,0.1856851732104202,0.2231620651606653,0.22512716999270563,25.91460352110755
identity,ridge,1,art,81,0.2381259050876812,0.3801369004343189,0.3972518219048254,25.98429185808641
identity,ridge,1,art,92,0.41225284308461435,0.5644019848548032,0.5528146463062734,25.824992328554533
identity,ridge,1,art,100,0.4483875155960746,0.5496973322798226,0.6417508194886866,26.318027009378152
identity,ridge,1,art,101,0.4328396184500254,0.5504636314317746,0.5180296789542341,26.094522703726245
identity,ridge,1,art,106,0.1433891175942298,0.2341117103739333,0.2238869846177107,26.33347242540475
identity,ridge,1,art,111,0.5084877211851422,0.6546297360928116,0.6609740241423125,26.460473762613884
identity,ridge,1,art,118,0.534803117097586,0.6833711690498823,0.649777146984542,26.12924744121209
identity,ridge,1,art,119,0.5263747883348098,0.6276823456589152,0.6134163439887556,26.013247713014824
identity,ridge,1,art,128,0.2804615339086286,0.5520062895362072,0.5022690344091845,26.27444084756144
identity,ridge,1,art,129,0.2596425845552054,0.4380614189662302,0.4209973262723803,26.034418735803552
identity,ridge,1,art,137,0.3660651010149052,0.4817672031494589,0.5112944401098702,25.777288685105372
identity,ridge,1,fashion,5,0.0332272649455905,0.2218299081899098,0.2766992057635069,4.581812785702003
identity,ridge,1,fashion,6,0.0811523821051997,0.6380746184370776,0.61708805657485,4.60251672936726
identity,ridge,1,fashion,16,0.05478046139106021,0.2631783006570705,0.3122344275159854,4.579924993949173
identity,ridge,1,fashion,17,0.0108737108623963,-0.0110498107831045,0.0474311947445852,4.566449069201459
identity,ridge,1,fashion,23,0.0867937416844086,0.5473564006067843,0.5517534096055723,4.579161955371331
identity,ridge,1,fashion,35,-0.0038018245924496,-0.08988117281874948,-0.0273374116030753,4.567424733851925
identity,ridge,1,fashion,39,0.0662582873645156,0.3181033822133621,0.3104567930506087,4.589271452868623
identity,ridge,1,fashion,44,0.0324714879604868,0.1854760483878852,0.2036363061735774,4.5870122214011255
identity,ridge,1,fashion,51,0.0674554905835161,0.35857322913156303,0.3562344156216026,4.578521222976514
identity,ridge,1,fashion,64,0.0145690209460154,0.1929433671105573,0.1815131393106545,4.573253258063697
identity,ridge,1,fashion,69,0.0417597188456209,0.3173223517268995,0.284138306965996,4.566884552446039
identity,ridge,1,fashion,81,0.067773280755124,0.42259366037438656,0.4110174146863383,4.582676024760152
identity,ridge,1,fashion,92,0.0648125344409163,0.24544356458088132,0.291659745712063,4.581691145283775
identity,ridge,1,fashion,100,0.1272607923026053,0.4324625727816198,0.4856625925198314,4.575816747224935
identity,ridge,1,fashion,101,0.0393735424271347,0.2985205947388355,0.2614232772826196,4.588602215303474
identity,ridge,1,fashion,106,0.015199740792619898,0.0832222264245019,0.0939202083346632,4.57198080044147
identity,ridge,1,fashion,111,0.0788011545132301,0.49558365899148366,0.507027572067228,4.588932602114701
identity,ridge,1,fashion,118,0.0553220212142703,0.2658056001921174,0.2812816237556144,4.579048677925555
identity,ridge,1,fashion,119,0.0794451735624393,0.5975897736998358,0.5782877626166182,4.584681043115961
identity,ridge,1,fashion,128,0.1085900988223429,0.4701131084177524,0.47511686060781716,4.582394533436519
identity,ridge,1,fashion,129,-0.0089798123197158,-0.0701396006000013,-0.0717777054227251,4.576289973775779
identity,ridge,1,fashion,137,0.0186459904629732,0.1448335831324655,0.1536966852515845,4.572580340856842
identity,ridge,1,landscape,5,0.2108325299432372,0.6070532190542739,0.6153292627792359,12.33736299401111
identity,ridge,1,landscape,6,0.262563868524482,0.5240525951300629,0.5411631628866719,12.057181040902238
identity,ridge,1,landscape,16,0.17821922885685723,0.49585847940691535,0.46054932542405,12.24350718138014
identity,ridge,1,landscape,17,0.0289091911304938,0.11154765838945908,0.0821497204848046,11.98835508918186
identity,ridge,1,landscape,23,0.2658311833819409,0.7709873702635855,0.6954510847362196,12.085221975379747
identity,ridge,1,landscape,35,0.0254193025573284,0.11644340452435091,0.0856676986573897,12.076549438687584
identity,ridge,1,landscape,39,0.42654919232269356,0.7826397478191366,0.7560145541103819,11.994367754896762
identity,ridge,1,landscape,44,0.12027350184181422,0.39815496930334265,0.3550305829437814,12.020765272011124
identity,ridge,1,landscape,51,0.2702086374975619,0.5837759220782704,0.6098627444270964,12.021973129358424
identity,ridge,1,landscape,64,0.10045228348627529,0.286738585405181,0.2183545137676238,12.106812320745137
identity,ridge,1,landscape,69,0.043894236334759,0.20613153276377397,0.157504197240732,12.161444244997346
identity,ridge,1,landscape,81,0.19156218127355698,0.5195072352621617,0.5507776389599929,12.27723972640426
identity,ridge,1,landscape,92,0.1557532983951157,0.4348938181937248,0.4373677655103226,12.026719866466868
identity,ridge,1,landscape,100,0.2267482886850626,0.5484176961459173,0.5130216401594863,12.25862797743793
identity,ridge,1,landscape,101,0.1345206508464576,0.3852449954589707,0.3911171582408794,12.00006454552601
identity,ridge,1,landscape,106,0.0887159180937978,0.3169458868573053,0.2721878381941676,11.975635425960254
identity,ridge,1,landscape,111,0.1921368107515131,0.4942819415039543,0.5389454464193247,12.017914455979492
identity,ridge,1,landscape,118,0.2922523198702168,0.5453862832258711,0.5786424706230576,12.280833247428427
identity,ridge,1,landscape,119,0.36803553589312415,0.6598007029388201,0.6456874822648387,12.009318082920345
identity,ridge,1,landscape,128,0.09543154497656088,0.4330117402022528,0.40533183312240445,12.246491342337528
identity,ridge,1,landscape,129,0.2344827691016157,0.5587534054686059,0.62084418431571,12.152100963884005
identity,ridge,1,landscape,137,0.17324560857938467,0.2741633644546173,0.348427723961164,12.12746749950876
identity,ridge,2,art,7,0.3715012450688997,0.4423539530844727,0.480656856810975,26.508194055445752
identity,ridge,2,art,8,0.5222655249867539,0.6454731348444448,0.6371412521705401,26.461153608721826
identity,ridge,2,art,40,0.1931621972910568,0.2777256985337726,0.2737483528118746,26.19758411551815
identity,ridge,2,art,41,0.6183624035278156,0.7209781276175532,0.7164431865584152,26.307551218130545
identity,ridge,2,art,45,-0.025912333988855497,-0.0741241770242123,-0.04883837596071041,26.16730217260626
identity,ridge,2,art,46,0.0803953131935662,0.104253462378724,0.1378859622907368,26.47623793741052
identity,ridge,2,art,52,0.4541335177313815,0.6441634322680361,0.6575202769646125,26.115797635868727
identity,ridge,2,art,58,0.448135301047051,0.5824722763483274,0.5791201545829683,26.365764493840725
identity,ridge,2,art,65,0.3996309283114674,0.6093034321527266,0.5764605273601028,26.242044683145263
identity,ridge,2,art,66,0.3935641791731335,0.6420434701595534,0.6348811887465965,26.688305440093103
identity,ridge,2,art,74,0.3017118960464598,0.4438039268486304,0.4278805258568638,26.50331263816108
identity,ridge,2,art,83,0.1648449191092916,0.40042777725019246,0.3405726334418711,26.229612237585897
identity,ridge,2,art,87,0.6822511173731495,0.7792857501600224,0.7763514850127695,26.79891178430833
identity,ridge,2,art,93,0.4234675752129557,0.5741149951257191,0.5944015483611816,26.381389354482923
identity,ridge,2,art,94,0.5721607505266718,0.6872788425364305,0.6983165730413048,25.905062782900742
identity,ridge,2,art,102,0.1656712212426937,0.24707279639102056,0.2867159840266383,26.2777413874585
identity,ridge,2,art,112,0.4558447016865929,0.6053101448805421,0.6160734608101478,26.578130425158893
identity,ridge,2,art,113,0.2399412469959444,0.4017183417376036,0.42808008762726574,26.681953823324974
identity,ridge,2,art,120,0.4423025156453609,0.6421590318704022,0.6238368386487247,26.616766235468116
identity,ridge,2,art,121,0.4378915235053806,0.53075131012085,0.5323325562754808,26.43430658192266
identity,ridge,2,art,131,0.3057099401337673,0.4760457712295698,0.5006375771722622,26.691249082715483
identity,ridge,2,art,138,0.4098132905130784,0.5783549783549783,0.5519441062961737,26.493998530311746
identity,ridge,2,art,139,0.3283926707592369,0.4063342002198797,0.44589489817105415,26.47261693701159
identity,ridge,2,fashion,7,0.1487653245439418,0.2913930967168438,0.3190103794694502,26.6867393793711
identity,ridge,2,fashion,8,0.1149378607326923,0.2818866607172847,0.2591354535846903,26.595586658255154
identity,ridge,2,fashion,40,0.0459437045685869,0.0997037405150837,0.0789764396154142,26.5371468708429
identity,ridge,2,fashion,41,0.2440643545311457,0.3969245928543719,0.3781843941583946,26.865935507842423
identity,ridge,2,fashion,45,0.0701332300786547,0.21320304995449138,0.1671044366936678,26.692241515077598
identity,ridge,2,fashion,46,-0.0514527914948128,-0.0368283109563405,-0.10740931934128779,26.82863252227308
identity,ridge,2,fashion,52,0.1777536236926152,0.325445337980325,0.3551807857042228,26.56132282239712
identity,ridge,2,fashion,58,0.2341344988887553,0.4866413954956112,0.4543808880526012,26.616105954631404
identity,ridge,2,fashion,65,0.0749134931862079,0.0980737054922513,0.1295746748740789,26.478578139181717
identity,ridge,2,fashion,66,0.2196840944729469,0.3533537343476334,0.36606483979526844,26.59515741739401
identity,ridge,2,fashion,74,0.11258237970553049,0.1606709883197576,0.1656736885548691,26.30067910112332
identity,ridge,2,fashion,83,0.375144402937827,0.5688306528801711,0.5152215797609098,26.912488481470707
identity,ridge,2,fashion,87,0.17668328871792807,0.3065444823291125,0.36006306094719526,26.527190057832627
identity,ridge,2,fashion,93,0.2785743965209777,0.5966413702403456,0.5742518389781635,26.62707110193844
identity,ridge,2,fashion,94,0.21941399778962759,0.3381799118486566,0.3829930466530677,26.886031162413445
identity,ridge,2,fashion,102,0.2211248889450126,0.5081740831484384,0.4858557131495979,26.676083924264116
identity,ridge,2,fashion,112,0.3518430822418736,0.49594486130255805,0.5296136210351163,26.78919894377019
identity,ridge,2,fashion,113,0.169764407087688,0.3077229984362654,0.3055281581874347,26.665485144177087
identity,ridge,2,fashion,120,0.1783906725769099,0.1445181142552081,0.2486589246252501,26.851569612107767
identity,ridge,2,fashion,121,0.3727721538540574,0.4054010113064564,0.4728413705894087,26.648450458945643
identity,ridge,2,fashion,131,0.05706913604204391,0.1179551124283254,0.1124236852537037,26.740773113507306
identity,ridge,2,fashion,138,0.3556289205731595,0.4773213086192478,0.5024889319487482,26.77980180486095
identity,ridge,2,fashion,139,0.3159819948834824,0.5013171384339561,0.5179160969101277,26.801760263569204
identity,ridge,2,landscape,7,0.0078156970388882,0.0244576719277748,0.0493200789673184,4.590960997812981
identity,ridge,2,landscape,8,0.08649853270638501,0.3865655229795077,0.359891658480401,4.554011979831807
identity,ridge,2,landscape,40,0.0608652606351055,0.4366499675234939,0.4228913117741839,4.605916328291639
identity,ridge,2,landscape,41,0.0194093226517652,0.1563387899315006,0.21820340795089468,4.555384809291858
identity,ridge,2,landscape,45,0.0427909112489293,0.2297686667546549,0.2327330281348736,4.606120950532389
identity,ridge,2,landscape,46,0.0322659291659739,0.3407342866011805,0.2967342934091924,4.583714341449486
identity,ridge,2,landscape,52,0.0628955642135438,0.4991671609940382,0.4621944342903752,4.604177988194657
identity,ridge,2,landscape,58,0.0753798301192111,0.3783849393839231,0.3973351486940533,4.572100911186587
identity,ridge,2,landscape,65,0.0341917629427101,0.19940437612801784,0.2420876709879595,4.5878245186554025
identity,ridge,2,landscape,66,0.0625849237771828,0.3749685195833388,0.3982726913567631,4.586940145058812
identity,ridge,2,landscape,74,0.0398276973283606,0.1884593507220996,0.1895571519667442,4.610991239414453
identity,ridge,2,landscape,83,0.1179026488445255,0.48514275644613364,0.5264104953888441,4.546128945343916
identity,ridge,2,landscape,87,0.1104660944471525,0.5494903300173333,0.5302917720240837,4.588790634081887
identity,ridge,2,landscape,93,0.141346333737975,0.6230847996507467,0.5815399361054145,4.600147884742476
identity,ridge,2,landscape,94,0.1090069008632079,0.43982912495082943,0.4391261235800019,4.528960317660952
identity,ridge,2,landscape,102,0.0767287320163941,0.5370540739173489,0.5107058252164437,4.6081946289945055
identity,ridge,2,landscape,112,0.1658140715467629,0.7123527776592287,0.7448475168318188,4.615013396616565
identity,ridge,2,landscape,113,0.0759830872237616,0.3904164253101495,0.4103715603372642,4.569087289035743
identity,ridge,2,landscape,120,0.1077143553873946,0.5234821727865672,0.5109336424284018,4.591995357635994
identity,ridge,2,landscape,121,0.1625808798182071,0.7440319295457011,0.7152777434885734,4.557601888479508
identity,ridge,2,landscape,131,0.02816620938804,0.2124742840074868,0.2035130851911818,4.573857352010971
identity,ridge,2,landscape,138,0.1626930698906039,0.8172793667890131,0.819005387353469,4.581557334050411
identity,ridge,2,landscape,139,0.1225733074091001,0.5860069475680336,0.6043079504073587,4.578617707404088
identity,ridge,3,art,0,0.1786734895955809,0.3268577891920259,0.37913899452880456,11.690494737332495
identity,ridge,3,art,9,0.3085395195858909,0.5649628550195639,0.5469677466255741,11.882755964520205
identity,ridge,3,art,10,0.2574372628610024,0.5047065548158023,0.48402788692541393,11.849862389617632
identity,ridge,3,art,11,0.244071196708772,0.3531227106138937,0.4717614221691575,11.637400580230697
identity,ridge,3,art,24,0.2256555482470903,0.6563591681139904,0.6445829508280629,11.818263342930834
identity,ridge,3,art,28,0.2560161880768612,0.461988093306067,0.5016221682364211,11.83440344710151
identity,ridge,3,art,31,0.3120259439671703,0.3796919958476959,0.5182536967327768,11.728760648365872
identity,ridge,3,art,32,0.2097521669757639,0.4285610604325398,0.4237432674757518,11.736590199854456
identity,ridge,3,art,36,0.2608980750635224,0.5191112625700993,0.5235364547675506,11.922559062067611
identity,ridge,3,art,42,0.117888849591078,0.42589328430763745,0.3772907641967509,11.856309611727598
identity,ridge,3,art,47,0.22202511785496917,0.4266761614712244,0.447419242174564,11.665240850467976
identity,ridge,3,art,54,0.0716575732934269,0.1710780530514003,0.1485138514657915,11.8276111563657
identity,ridge,3,art,55,0.1274301060269242,0.2977325323069641,0.2955811308007652,11.813821294829667
identity,ridge,3,art,59,0.362971727830568,0.5939950177772294,0.6526597877663013,11.830629283185795
identity,ridge,3,art,60,0.4423978654346504,0.6411717363928783,0.6538257688007508,11.738754776539636
identity,ridge,3,art,67,0.3093310104750913,0.5132506646560907,0.5030238733208525,11.96551159467873
identity,ridge,3,art,68,0.3881438908975401,0.6479900335601563,0.6602202221681567,11.757719977020807
identity,ridge,3,art,75,0.291239212803533,0.5060260262340895,0.5535137311974848,11.771675703597808
identity,ridge,3,art,76,0.30657832755615,0.4079412936085624,0.5389774601086688,11.89651089255127
identity,ridge,3,art,82,0.5279577473764906,0.696867008495058,0.7159108498460615,11.874408837666364
identity,ridge,3,art,84,0.1923495424017286,0.3505355341209559,0.330140602652289,11.806360510016608
identity,ridge,3,art,88,0.2821997473953657,0.49933453535376254,0.5239847636901426,11.847493501003308
identity,ridge,3,art,95,0.3338640812971509,0.5661910155041024,0.598475161159319,11.7871689801551
identity,ridge,3,art,96,0.3618138944180294,0.6513650158900602,0.7102157251180511,11.751399243647745
identity,ridge,3,art,107,0.3757895325276717,0.5516186773070715,0.6089541662217857,11.787464253557928
identity,ridge,3,art,122,0.24749864801472152,0.5307874509252329,0.6144945476721996,11.968082032906905
identity,ridge,3,art,123,0.3143520083606974,0.4742317736709916,0.492040955967946,11.62280171683299
identity,ridge,3,art,132,0.2539881200365213,0.5612693331367411,0.6074494609871733,11.812888094272274
identity,ridge,3,art,140,0.3276440481085286,0.4960381198483554,0.5219785910952878,11.868287354987595
identity,ridge,3,art,141,0.1922403091554111,0.5308505522689672,0.502598292364882,11.82239481383732
identity,ridge,3,fashion,0,0.2655285325453989,0.3787559348688431,0.3913200065651356,26.542386644438192
identity,ridge,3,fashion,9,0.1918511242091184,0.3637543224755371,0.37268490948319427,26.556083012892813
identity,ridge,3,fashion,10,0.288980309101431,0.37697898438432215,0.3926459073315458,26.87227047459908
identity,ridge,3,fashion,11,0.316946294086869,0.46484313562412344,0.4603195961157546,26.4495610415202
identity,ridge,3,fashion,24,0.1602065293909596,0.2000487410345406,0.2616040851837925,26.259635374178412
identity,ridge,3,fashion,28,0.3168329228211274,0.4780158173704971,0.4271337718138232,26.398504305488007
identity,ridge,3,fashion,31,0.0659156881779317,0.1836827178314959,0.1518741854334288,26.883787953835323
identity,ridge,3,fashion,32,0.1305922852618125,0.2671851820465269,0.2696898911891237,26.76149068896844
identity,ridge,3,fashion,36,0.1496873579440671,0.4226253313501487,0.44114256896166876,26.492289940877512
identity,ridge,3,fashion,42,0.1583987820934607,0.3602813867825892,0.34812315647315,26.627382332357712
identity,ridge,3,fashion,47,0.2776316714738316,0.5117846837371056,0.5408268243228633,26.40936329380928
identity,ridge,3,fashion,54,-0.0266765302977759,-0.068157869127352,-0.0555470762423897,26.715472511833003
identity,ridge,3,fashion,55,0.1451791073995807,0.2785029730086403,0.2637727351496826,26.649822985553488
identity,ridge,3,fashion,59,0.4186542679819063,0.3560883118181417,0.5050581636670942,26.827548917060295
identity,ridge,3,fashion,60,0.2854506234628274,0.35867852320957433,0.3759943750133716,26.410238797603117
identity,ridge,3,fashion,67,0.0241432407265189,0.0486169050369124,0.0407853979020401,26.47429117797778
identity,ridge,3,fashion,68,0.1886514947233172,0.2837926142315858,0.2874167538791004,26.769858597240404
identity,ridge,3,fashion,75,0.3792332682313399,0.6079688585609365,0.603822409248936,26.8319792499484
identity,ridge,3,fashion,76,0.1890278075240364,0.2869585948932603,0.2819525216100043,26.47783979830203
identity,ridge,3,fashion,82,0.161439478838362,0.38040640666394704,0.3619595377628906,26.594442296292627
identity,ridge,3,fashion,84,0.05160216619495841,0.1017433279468854,0.1044629356575389,26.71335137075998
identity,ridge,3,fashion,88,0.2191547690811961,0.3173869643181056,0.3404310850931534,26.513237630950048
identity,ridge,3,fashion,95,0.0974097162643864,0.2500845222796239,0.2231006304350949,26.808300418649143
identity,ridge,3,fashion,96,0.17738377481149117,0.3520829249093369,0.3736124384602528,26.64244681297137
identity,ridge,3,fashion,107,0.170424698090619,0.2742435537737018,0.2962187885299631,26.416807304120045
identity,ridge,3,fashion,122,0.0939069900501302,0.1710283374320084,0.18621863171745442,26.73788622307214
identity,ridge,3,fashion,123,0.2538834789560944,0.3645975108962947,0.405230305660969,26.641267755205817
identity,ridge,3,fashion,132,0.22586516358317463,0.3299656982208079,0.39762234389097345,26.793139023147365
identity,ridge,3,fashion,140,0.20182721708217546,0.3282637948812075,0.3777706226395286,26.714109101858103
identity,ridge,3,fashion,141,0.0703541485381607,0.0775989914352001,0.109936114936939,26.473046663876875
identity,ridge,3,landscape,0,0.115058450840453,0.6233080989589548,0.6050421203044164,4.605729098379029
identity,ridge,3,landscape,9,0.1384737781519208,0.470978748959569,0.5766425175916683,4.596315142711111
identity,ridge,3,landscape,10,0.1727426365474534,0.7105189683202097,0.6628789352142859,4.590467207073264
identity,ridge,3,landscape,11,0.0896449850901722,0.3575910622951725,0.4991753087788719,4.5863203525993566
identity,ridge,3,landscape,24,-0.0213387302353574,-0.2668425613901631,-0.2327624416291607,4.590406901403743
identity,ridge,3,landscape,28,0.04738106599872819,0.2564484419348776,0.2655504316829943,4.595908971750167
identity,ridge,3,landscape,31,0.025825381373769097,0.3152885158532956,0.2212135197101842,4.567767221887206
identity,ridge,3,landscape,32,0.1408845638877599,0.6560852231696712,0.6842201689201072,4.6029069263056455
identity,ridge,3,landscape,36,0.11211153752842011,0.5928958366727242,0.5623724883524324,4.581428917402141
identity,ridge,3,landscape,42,0.0678376946778339,0.44712029902460343,0.40411885358480043,4.586230443690816
identity,ridge,3,landscape,47,0.168868276738123,0.37589820116111455,0.5659597298133815,4.5985884831526525
identity,ridge,3,landscape,54,-0.0027885123957703,-0.0033809167882476,-0.033758766950005,4.561388043791077
identity,ridge,3,landscape,55,0.08809851203505352,0.5225615889887817,0.5172756682330502,4.594288287597736
identity,ridge,3,landscape,59,0.0562463942862182,0.5015907126316269,0.5051702854603275,4.595846293727432
identity,ridge,3,landscape,60,0.2037615624998437,0.7740789394467632,0.7630107623899264,4.59863226652538
identity,ridge,3,landscape,67,0.06133878296795079,0.38512809832112777,0.3929086020431971,4.592073152571222
identity,ridge,3,landscape,68,0.0377114311362731,0.2379175386886169,0.2125458971983687,4.5904643006523935
identity,ridge,3,landscape,75,0.0081222161581591,0.1165206927024973,0.0788308052573256,4.571896451323237
identity,ridge,3,landscape,76,0.0717674484539385,0.2956954747457988,0.2734200516006675,4.589037840693966
identity,ridge,3,landscape,82,0.042277721894448804,0.2993510147648723,0.2402776746118526,4.572059204964068
identity,ridge,3,landscape,84,0.079413113918566,0.50382373343854,0.5118211403428141,4.585632941591416
identity,ridge,3,landscape,88,0.1644988060372202,0.689373646080619,0.7093035103861891,4.599396981618948
identity,ridge,3,landscape,95,0.0640135885909427,0.3395263631393444,0.39352443779781127,4.589623963886478
identity,ridge,3,landscape,96,0.1209729493012892,0.5617949800816057,0.585559299348956,4.5981656189473
identity,ridge,3,landscape,107,0.0043522681172846,0.0154588809231567,0.0244185650718276,4.5793190694376165
identity,ridge,3,landscape,122,0.1142179227175882,0.3954485093789784,0.46691393772051465,4.567282292484347
identity,ridge,3,landscape,123,0.1374865264051492,0.7324643611772409,0.6627727184261264,4.5647872138801855
identity,ridge,3,landscape,132,0.0641388203999916,0.1949331378686597,0.3354317659233263,4.589196920010774
identity,ridge,3,landscape,140,0.0576844408921137,0.49757621239367805,0.42553295136936226,4.569472140605983
identity,ridge,3,landscape,141,0.0600897438073312,0.4200719568696089,0.4160037699004127,4.593772860339305
identity,ridge,4,art,1,0.2004084073318385,0.4877687147447685,0.484500345605944,11.776265117695957
identity,ridge,4,art,2,0.450814807469382,0.7329039676178096,0.6776925956499739,11.763040263521551
identity,ridge,4,art,12,0.173251594191311,0.3229598592984632,0.3055863996145899,11.743086682079587
identity,ridge,4,art,13,0.2653211982410795,0.5734149596514015,0.5864133910887732,11.710405398282916
identity,ridge,4,art,26,0.1709559636515767,0.37483509280236377,0.38315680505207333,11.778153785201797
identity,ridge,4,art,29,0.0747269430380721,0.22660262777117227,0.2591812825242889,11.71843385249256
identity,ridge,4,art,34,0.3605454496506633,0.7058096683821239,0.6939793214944662,11.830512049304721
identity,ridge,4,art,38,0.2895267324973887,0.6244929190521529,0.6274263152259223,11.713118461546834
identity,ridge,4,art,43,0.1623464218911577,0.4773604392446258,0.37455095785049713,11.72449258090055
identity,ridge,4,art,48,0.44085468156542057,0.6252848455507397,0.6203190628611581,11.728090535788661
identity,ridge,4,art,49,0.2402733225041207,0.613062763519116,0.6030870494361659,11.775782032098656
identity,ridge,4,art,56,0.1049986280092531,0.3652863450480838,0.3516496836738714,11.78502971764185
identity,ridge,4,art,61,0.1762892009374117,0.3587005450163076,0.40518957785793647,11.709332348942956
identity,ridge,4,art,72,0.2609780063226501,0.4802982018382805,0.4462945223330372,11.724400232984138
identity,ridge,4,art,77,0.2831870551936316,0.5432976429740727,0.5304863800516952,11.821425389185938
identity,ridge,4,art,78,0.341120290686334,0.5404875352911395,0.5850346897445641,11.920268886019207
identity,ridge,4,art,89,0.1449599316529736,0.2963700411772649,0.3151607788075404,11.730896247408978
identity,ridge,4,art,90,0.3050858402590175,0.625383418434239,0.5709552779775952,11.831598473877271
identity,ridge,4,art,97,0.19730845901796,0.4955515763019518,0.4898598995546184,11.833471494023692
identity,ridge,4,art,103,0.4093520009375955,0.6779245117196403,0.7332333249440618,11.802671593354338
identity,ridge,4,art,108,0.205060717348997,0.4340461934386697,0.4628706728703957,11.681710573767026
identity,ridge,4,art,114,0.38831923196587165,0.6646889710839721,0.6789706911637136,11.711648031649927
identity,ridge,4,art,115,0.0391036986313685,0.105558399797897,0.0712614978822189,11.669229025120378
identity,ridge,4,art,124,0.2578010719891247,0.5081315977003279,0.5426160834558295,11.846570966972692
identity,ridge,4,art,134,0.2655666306571292,0.494928291716966,0.49604969513475633,11.674728244868396
identity,ridge,4,art,135,0.19242253457545563,0.4501848153013431,0.42960445428187705,11.794886769194099
identity,ridge,4,art,142,0.3853016985859312,0.6287751875538649,0.6296328648110311,11.810009810888536
identity,ridge,4,art,143,0.4732008311846014,0.7870647000400061,0.7863094224607702,11.889410836410159
identity,ridge,4,fashion,1,0.156468727614532,0.4368493153583108,0.4258922301223724,12.045336095551818
identity,ridge,4,fashion,2,0.17482411089022762,0.4685431445516041,0.4587967182301047,12.168590740693574
identity,ridge,4,fashion,12,0.1292608537839711,0.3288366575082123,0.3540335493801254,12.04666224862561
identity,ridge,4,fashion,13,0.1952081374133108,0.5584401484834411,0.5739976642194887,12.090203634691806
identity,ridge,4,fashion,26,0.0701582283337201,0.24761132112452447,0.2422210434564129,12.10638669795693
identity,ridge,4,fashion,29,0.1025232358976698,0.2493268758496855,0.3039063362640593,12.04864168936617
identity,ridge,4,fashion,34,0.1611723396853594,0.3355611047942409,0.37672439304726985,12.152551140103705
identity,ridge,4,fashion,38,0.0180413409118561,0.054010943752377895,0.0579936675434673,12.114159331747198
identity,ridge,4,fashion,43,0.2106773022225109,0.4480109555223568,0.4574539972411232,12.1013520533562
identity,ridge,4,fashion,48,0.1680614565818036,0.38697857790293905,0.44384124075572357,12.063990059627466
identity,ridge,4,fashion,49,0.048031570150083,0.1284118283278789,0.1598436295814,12.141895426832312
identity,ridge,4,fashion,56,-0.10319587186970962,-0.2815751839789696,-0.227432321927342,12.024256615995156
identity,ridge,4,fashion,61,0.1062147183391957,0.2602147006480799,0.2324971041268762,12.077338954044867
identity,ridge,4,fashion,72,0.0805464533199974,0.1697967213359102,0.24495571288436327,12.130263552782202
identity,ridge,4,fashion,77,0.09155637299105,0.3699803274522455,0.3546747755613635,12.056823977884314
identity,ridge,4,fashion,78,0.17265549821361134,0.5009354664019657,0.47846312614101977,12.013509447869202
identity,ridge,4,fashion,89,0.1532149979637236,0.4403394872826187,0.4085476065801619,12.098065324620512
identity,ridge,4,fashion,90,0.1158239988389612,0.33957686695590644,0.3614371468968818,12.116726703043161
identity,ridge,4,fashion,97,0.1321968941047702,0.4674768083931537,0.510175450271922,12.012715961649135
identity,ridge,4,fashion,103,0.0846110247484846,0.3093370416722559,0.2995164459520379,12.060066625955391
identity,ridge,4,fashion,108,-0.0093631861892409,-0.0880099317592329,-0.0393196031621174,12.105478384315811
identity,ridge,4,fashion,114,0.19055723386693138,0.3501382968212361,0.3947566794734864,12.008401419597192
identity,ridge,4,fashion,115,0.1383715881568185,0.0882784152989375,0.35611428356681235,11.990236238250446
identity,ridge,4,fashion,124,0.152748606247246,0.3921389565674977,0.3914158818906,12.114543273672536
identity,ridge,4,fashion,134,0.168186677501973,0.3612765401341164,0.33827047832634866,12.08270562820826
identity,ridge,4,fashion,135,0.1206521212011238,0.2892386480280581,0.3495048089761153,12.068441981342987
identity,ridge,4,fashion,142,0.1235884690641295,0.2445619039282856,0.3076058416204218,12.070234525421489
identity,ridge,4,fashion,143,0.2271063193136836,0.491919110118287,0.5215498499135668,12.032928753988225
identity,ridge,4,landscape,1,0.2852234641733332,0.5505814806128435,0.5867923965431528,12.128677499440572
identity,ridge,4,landscape,2,0.17222940054264,0.4605548299780626,0.4851222845753174,11.956663484944835
identity,ridge,4,landscape,12,0.4034766486205053,0.621436846561919,0.6391745614391172,12.068188238078116
identity,ridge,4,landscape,13,0.1517020932323158,0.5330345025580723,0.5234693313778694,12.164313139863266
identity,ridge,4,landscape,26,0.09100098882485201,0.33774252230904606,0.3491301408211431,11.98683498770982
identity,ridge,4,landscape,29,0.1072179142047431,0.2354478684012656,0.2740819909045013,12.156306935437463
identity,ridge,4,landscape,34,0.21956143896921568,0.6286300861415688,0.6035649440131472,11.956220166067716
identity,ridge,4,landscape,38,0.0749234398861997,0.3434325997738272,0.38905965478592214,12.20397978535778
identity,ridge,4,landscape,43,0.163650446924422,0.3209086695812596,0.375345097425257,11.950548662638598
identity,ridge,4,landscape,48,0.2525672374484823,0.4681962716052021,0.5222460424278048,12.0219906272278
identity,ridge,4,landscape,49,0.141248792735525,0.4179593755194482,0.4179539058798538,12.020262791760544
identity,ridge,4,landscape,56,-0.007131532849632899,-0.0328122355175188,-0.0245023358162058,12.089979250958637
identity,ridge,4,landscape,61,0.1752303153125703,0.42110183616222024,0.4063377452535943,12.11547484488055
identity,ridge,4,landscape,72,0.1664413740729577,0.48755943998374623,0.4870900462091788,12.080242213443894
identity,ridge,4,landscape,77,0.1860702678776485,0.520213664271716,0.5229016751571908,12.055872784916282
identity,ridge,4,landscape,78,0.1138819486099467,0.2084663516068422,0.2503300981320574,11.963957825335465
identity,ridge,4,landscape,89,0.0876719550429818,0.3608964833005955,0.3808078844158818,12.145295116783283
identity,ridge,4,landscape,90,0.1670454421978362,0.3916904614102464,0.3883009735084317,12.080997956261628
identity,ridge,4,landscape,97,0.1908516437522123,0.3986015566871281,0.4393397370901074,12.172358122224608
identity,ridge,4,landscape,103,0.219099827681693,0.5759836740075565,0.526855865019719,12.117964524318126
identity,ridge,4,landscape,108,0.1756976042760672,0.3742225961055312,0.3812371578317452,12.165913268177718
identity,ridge,4,landscape,114,0.1286428246557246,0.4738772312357716,0.47658752727962533,12.177119414656
identity,ridge,4,landscape,115,0.1071880341730664,0.21787293601973,0.2487083765612942,11.952676327367564
identity,ridge,4,landscape,124,0.21466687990327019,0.4907132358548662,0.4813178425562524,12.125694933289472
identity,ridge,4,landscape,134,0.1392223871702572,0.3698457285874366,0.3529479239354532,12.06363107860212
identity,ridge,4,landscape,135,0.1891359212440614,0.4029421675124209,0.4382207398909144,11.802177549891885
identity,ridge,4,landscape,142,0.1440716956281758,0.3589848530482797,0.3864605582055794,11.97351827567955
identity,ridge,4,landscape,143,0.3124866106196161,0.6736963787222514,0.680006473965212,12.024400102579383
pca,mlp,0,art,3,0.1384673164455509,0.13658355898427513,0.16486105939478707,
pca,mlp,0,art,14,0.42634806039703593,0.4455320053742482,0.44464885317353825,
pca,mlp,0,art,15,0.03566418133020604,0.10889821128525967,0.0362199885006777,
pca,mlp,0,art,19,0.5251674315967639,0.5753672531570128,0.5517041239776038,
pca,mlp,0,art,21,0.2741217279175632,0.28844199675711435,0.2897326177363673,
pca,mlp,0,art,22,0.39981579397364975,0.3818744511257864,0.40439943208740425,
pca,mlp,0,art,30,0.1927240556341274,0.1520183118149915,0.21420608179441872,
pca,mlp,0,art,50,0.49285342976631424,0.4787267493187759,0.5185621670634514,
pca,mlp,0,art,57,0.354844188312817,0.4066503794051999,0.35905109625765447,
pca,mlp,0,art,62,0.4695005493984481,0.5141073628566385,0.48459319308986465,
pca,mlp,0,art,63,0.07111954483424114,0.07000751277709454,0.07553702107093506,
pca,mlp,0,art,79,0.4322626038126856,0.4126945689874515,0.4485633090253775,
pca,mlp,0,art,80,0.7945351122709564,0.8030052607296083,0.8002415490386626,
pca,mlp,0,art,85,0.2969153051894842,0.2030026126275871,0.3006289066853359,
pca,mlp,0,art,86,0.43472426054589675,0.4870021599942627,0.44702940705432354,
pca,mlp,0,art,98,0.38474950699896987,0.3900648702268657,0.38633871733785036,
pca,mlp,0,art,99,0.7192472496636805,0.7447754070637144,0.743100355533775,
pca,mlp,0,art,105,0.20990786450490595,0.2630030293101702,0.21320271050250805,
pca,mlp,0,art,109,0.3147373917872844,0.3384638185980509,0.3182555929483304,
pca,mlp,0,art,110,0.5143985860579464,0.5161423414563082,0.5241975648607734,
pca,mlp,0,art,116,0.5432501529273033,0.5398563974516613,0.543888290768349,
pca,mlp,0,art,117,0.6083650838245243,0.599757505218305,0.6214808184932333,
pca,mlp,0,art,126,0.4177088617569382,0.46740210307079527,0.44255972075000555,
pca,mlp,0,art,127,0.5796184722875527,0.5754532724880387,0.5931320213526238,
pca,mlp,0,art,136,0.49407963475834354,0.5021142356193063,0.5006256332984371,
pca,mlp,0,art,144,0.35960289115508653,0.39401297679692143,0.37961849136813847,
pca,mlp,0,fashion,3,0.30381689352279245,0.32196063608854036,0.32239111604022136,
pca,mlp,0,fashion,14,0.4608797365787621,0.5520529777456376,0.5519464764680099,
pca,mlp,0,fashion,15,-0.12591318322075265,-0.13044441183313446,-0.1296685618859288,
pca,mlp,0,fashion,19,0.40575575615675935,0.4345189290769203,0.411391812538415,
pca,mlp,0,fashion,21,0.21666003800915237,0.20617930055545683,0.24864896748745816,
pca,mlp,0,fashion,22,0.2704465548089842,0.2887258522636735,0.34138398607883325,
pca,mlp,0,fashion,30,0.3415256391894799,0.34315856903573927,0.37846295004224767,
pca,mlp,0,fashion,50,0.13869343347954152,0.21276431254856565,0.16156925596416494,
pca,mlp,0,fashion,57,0.17455085714575755,0.2381853064110464,0.21488125638612363,
pca,mlp,0,fashion,62,0.20537368257089458,0.2016099075629999,0.22617519577151537,
pca,mlp,0,fashion,63,-0.07312440583095133,-0.062063390453523666,-0.0831177004828072,
pca,mlp,0,fashion,79,0.40987228471050874,0.4679616407911884,0.4627384526418142,
pca,mlp,0,fashion,80,0.3162401586428994,0.33956209480633276,0.32628554837718854,
pca,mlp,0,fashion,85,0.26316382459849025,0.3382365182417539,0.3416159402663556,
pca,mlp,0,fashion,86,0.23235318731222698,0.17259876499470253,0.24038455226544708,
pca,mlp,0,fashion,98,0.22803345748955017,0.3817875696668575,0.33074335265599153,
pca,mlp,0,fashion,99,0.44882544742108865,0.48347607639609774,0.4761634349745074,
pca,mlp,0,fashion,105,0.16677141712718543,0.23191852845263883,0.18391467410279586,
pca,mlp,0,fashion,109,0.26851491518679543,0.2342160394350291,0.31014846494598775,
pca,mlp,0,fashion,110,0.3731723957458572,0.3330472503982078,0.4028061620625632,
pca,mlp,0,fashion,116,0.08190185869062076,0.08435629627722108,0.08772985134262413,
pca,mlp,0,fashion,117,0.43449151179675694,0.435374262026591,0.45952251227405655,
pca,mlp,0,fashion,126,0.2107926792553899,0.23701183194083372,0.25647566414923223,
pca,mlp,0,fashion,127,0.3937301460046336,0.4128035846528209,0.43101072781229477,
pca,mlp,0,fashion,136,0.39559215263045205,0.4398475003417745,0.4459209022449567,
pca,mlp,0,fashion,144,0.29085040510167814,0.3631315486499475,0.3151164656690278,
pca,mlp,0,landscape,3,0.4045602177371029,0.4322252364436048,0.42623891321027046,
pca,mlp,0,landscape,14,0.35146217614670355,0.38735022429627297,0.3644571935863124,
pca,mlp,0,landscape,15,-0.08482418660321071,-0.09281856556985663,-0.10243309653924555,
pca,mlp,0,landscape,19,0.5169787668929166,0.5147296462881013,0.5228830227447635,
pca,mlp,0,landscape,21,0.24394486103317645,0.23571281196757576,0.26344374356253314,
pca,mlp,0,landscape,22,0.0976517466262647,0.13142778075828068,0.09970941097515,
pca,mlp,0,landscape,30,0.24168908233528616,0.33986735920200717,0.24858402474435373,
pca,mlp,0,landscape,50,0.2518723042783203,0.2240813019908826,0.289005709234856,
pca,mlp,0,landscape,57,0.04977404829077883,-0.034052656936353634,0.053623793744003535,
pca,mlp,0,landscape,62,0.2804264324885845,0.31355002101408647,0.28654539505782134,
pca,mlp,0,landscape,63,0.01370816584395283,0.021583323221731333,0.0135874052960236,
pca,mlp,0,landscape,79,0.0993958239438754,0.09837935116539014,0.1062940767091526,
pca,mlp,0,landscape,80,0.6491409951139085,0.6724703782661084,0.6549231909239904,
pca,mlp,0,landscape,85,0.31944207951914,0.36184885313486087,0.3387281689236154,
pca,mlp,0,landscape,86,0.2772383060062229,0.2611359038548709,0.2929683990229966,
pca,mlp,0,landscape,98,0.317735426105137,0.4003469727768623,0.3240004065731682,
pca,mlp,0,landscape,99,0.4710029139970077,0.5131464734668812,0.48537707874610675,
pca,mlp,0,landscape,105,0.23690247412232293,0.26532670586638085,0.2540809783624118,
pca,mlp,0,landscape,109,0.05106990049000527,0.05005505084534837,0.05296055114512516,
pca,mlp,0,landscape,110,0.5933420825481958,0.6595978906667005,0.6006908864545567,
pca,mlp,0,landscape,116,0.4551805565692186,0.4203926404583982,0.4988257832501845,
pca,mlp,0,landscape,117,0.4164739196215419,0.47753762998035026,0.45201726069822157,
pca,mlp,0,landscape,126,0.2211495628371933,0.23084726623225002,0.22919203353679288,
pca,mlp,0,landscape,127,0.30430341435461156,0.3532657331670516,0.3077996071953048,
pca,mlp,0,landscape,136,0.02600521649989437,-0.019999848864824032,0.027231712735718495,
pca,mlp,0,landscape,144,0.3041019032264396,0.3424316432969124,0.32232456113482166,
pca,mlp,1,art,5,-0.11971653703193723,-0.06428161927048,-0.14172809017282692,
pca,mlp,1,art,6,0.6340930920767526,0.6814666012049608,0.6363058116000843,
pca,mlp,1,art,16,0.4804117353293436,0.399279062526335,0.4950061815999891,
pca,mlp,1,art,17,0.2839558378151736,0.25091288158608255,0.2929878138176169,
pca,mlp,1,art,23,0.15208896016207488,0.28616187748172073,0.2125082174141347,
pca,mlp,1,art,35,0.30741618969843443,0.32311750534686323,0.3303486239505741,
pca,mlp,1,art,39,0.6638959601338873,0.6906042746453811,0.6864079613553612,
pca,mlp,1,art,44,0.4059399830080126,0.3954978368039788,0.41486033916037757,
pca,mlp,1,art,51,0.4322691940284904,0.5205544596958595,0.5134607531154014,
pca,mlp,1,art,64,0.27220461926011186,0.20275684862192114,0.28903014969307844,
pca,mlp,1,art,69,0.27166224826892854,0.28106538315510865,0.2856077105804867,
pca,mlp,1,art,81,0.24034362782543486,0.29485473014574665,0.25510650431078663,
pca,mlp,1,art,92,0.5615906119439996,0.5861387123035353,0.5866595976952764,
pca,mlp,1,art,100,0.6191422500950464,0.5514888499298384,0.6585082530195033,
pca,mlp,1,art,101,0.30755079871644697,0.35755382053477724,0.31428472483576825,
pca,mlp,1,art,106,0.23995265797910617,0.2857050493899898,0.2721804592057504,
pca,mlp,1,art,111,0.6292284092617818,0.6683098884369295,0.674368700560521,
pca,mlp,1,art,118,0.5050010046100244,0.5565939318251393,0.5244913256735972,
pca,mlp,1,art,119,0.5747851877061175,0.5997055906315047,0.5962198539950879,
pca,mlp,1,art,128,0.5172660771457175,0.6080258197367935,0.5593696900512174,
pca,mlp,1,art,129,0.24033211364668997,0.2910039162724121,0.2828595878933106,
pca,mlp,1,art,137,0.595890534822232,0.5576376344755688,0.6169800767069586,
pca,mlp,1,fashion,5,0.13283436190459938,0.12342857292356539,0.1333106121746499,
pca,mlp,1,fashion,6,0.2499282421336366,0.2953007593223276,0.28985692908417043,
pca,mlp,1,fashion,16,0.24461680128232324,0.30278604095258216,0.2999232816071571,
pca,mlp,1,fashion,17,0.1412437650136172,0.147101707506497,0.14154212220318607,
pca,mlp,1,fashion,23,0.3756033852161556,0.40758380146066336,0.42065270789876824,
pca,mlp,1,fashion,35,0.1203297375625209,0.0960905802673677,0.12322276885961396,
pca,mlp,1,fashion,39,0.26799043282033524,0.27850316576218653,0.27239834461931395,
pca,mlp,1,fashion,44,0.23401794848140955,0.30028725519989025,0.2476667330004667,
pca,mlp,1,fashion,51,0.3471974607435762,0.3717589625848092,0.3768754552110281,
pca,mlp,1,fashion,64,0.31719662325749803,0.4341925008994294,0.44765553090498117,
pca,mlp,1,fashion,69,0.28807556184332667,0.2907660013198239,0.29636352224618534,
pca,mlp,1,fashion,81,0.09101544397456496,0.10555746432302704,0.09262677001501923,
pca,mlp,1,fashion,92,0.2886491305210344,0.28841503551891184,0.2902503924483399,
pca,mlp,1,fashion,100,0.21090791061357037,0.24748520999398896,0.2123466707167374,
pca,mlp,1,fashion,101,0.28118410491183987,0.3361279217880872,0.28946800968559855,
pca,mlp,1,fashion,106,0.30004848297377545,0.2896285212526118,0.3381755346231026,
pca,mlp,1,fashion,111,0.42904313412206446,0.4318533651833429,0.4610875545841419,
pca,mlp,1,fashion,118,0.1982795677130477,0.21439239689807368,0.2166895906850631,
pca,mlp,1,fashion,119,0.2787170954641574,0.32299283449072336,0.3454615595205058,
pca,mlp,1,fashion,128,0.35003938092584397,0.35244060461373655,0.3661366345335763,
pca,mlp,1,fashion,129,-0.017889954842014666,0.06945588124084774,-0.020828429523588602,
pca,mlp,1,fashion,137,0.049030934410606665,0.03721040468589477,0.0554448143419215,
pca,mlp,1,landscape,5,0.48216316737944,0.5410926255647514,0.4932767999624015,
pca,mlp,1,landscape,6,0.5348385600395575,0.5531993773863905,0.5625792104656403,
pca,mlp,1,landscape,16,0.25575138658142293,0.2963475538283711,0.2689868432266099,
pca,mlp,1,landscape,17,0.011487979352513,0.051718357445804865,0.012207372778508965,
pca,mlp,1,landscape,23,0.5439226352236007,0.6078685753915049,0.595107276983574,
pca,mlp,1,landscape,35,-0.11824705166595663,-0.09950832243942583,-0.12832655112777638,
pca,mlp,1,landscape,39,0.6531150712211519,0.678020415425777,0.6878013751863653,
pca,mlp,1,landscape,44,0.17166936326475193,0.15740228335861273,0.17786675791455234,
pca,mlp,1,landscape,51,0.5814802084226877,0.6799446154183295,0.6750873063261694,
pca,mlp,1,landscape,64,0.15771908600731951,0.16418932952400025,0.17088212450661913,
pca,mlp,1,landscape,69,0.1685512214088584,0.24081574844118778,0.17778200127192348,
pca,mlp,1,landscape,81,0.2892964507190113,0.2705310180813156,0.2980039850926773,
pca,mlp,1,landscape,92,0.30102043133782436,0.3037314009918503,0.34066809224016875,
pca,mlp,1,landscape,100,0.39874878290150256,0.4110926930949604,0.41398892407451243,
pca,mlp,1,landscape,101,0.33633554631357016,0.3544965492514933,0.34350517005612363,
pca,mlp,1,landscape,106,0.10840740808446553,0.1296394311540344,0.12066643506192454,
pca,mlp,1,landscape,111,0.41417926536493166,0.43909926357951184,0.4487654959506843,
pca,mlp,1,landscape,118,0.4982860161675373,0.5033811501589647,0.5176903307325103,
pca,mlp,1,landscape,119,0.5383299242873512,0.5877020043727365,0.5608061588172484,
pca,mlp,1,landscape,128,0.2318389532979098,0.2633642501788661,0.25324431932565467,
pca,mlp,1,landscape,129,0.4303454958842629,0.44423693071083054,0.4543653873267967,
pca,mlp,1,landscape,137,0.3849132738464382,0.40676006106275403,0.39664732096459215,
pca,mlp,2,art,7,0.4823248367741768,0.5132945489309232,0.4899901088981778,
pca,mlp,2,art,8,0.4503169991472318,0.5579633734295859,0.5477341166358688,
pca,mlp,2,art,40,0.25433946659804235,0.20787453523462177,0.26845010203853037,
pca,mlp,2,art,41,0.6954658512853285,0.7038594563918276,0.7155345474435175,
pca,mlp,2,art,45,-0.069577112273241,-0.10405052205950148,-0.08068599055947732,
pca,mlp,2,art,46,0.02435754313668743,0.07567275708270306,0.028672175937962233,
pca,mlp,2,art,52,0.4543840881056229,0.44088025822100657,0.502063400243612,
pca,mlp,2,art,58,0.4243241458911771,0.4524447440797074,0.45935955394521666,
pca,mlp,2,art,65,0.36283970785656855,0.442809631404542,0.4051597476061172,
pca,mlp,2,art,66,0.4227324508728099,0.4298531523199121,0.4512023298150932,
pca,mlp,2,art,74,0.3517006023780164,0.39334818266834753,0.41030885824066643,
pca,mlp,2,art,83,-0.0034927824316731,-0.04126475226248677,-0.00395373088033497,
pca,mlp,2,art,87,0.7385318283613543,0.7210722709001139,0.746428224544253,
pca,mlp,2,art,93,0.5235963187019045,0.5464695079767471,0.5454706367809286,
pca,mlp,2,art,94,0.6709644842371931,0.6915149926817135,0.7019778507716397,
pca,mlp,2,art,102,0.09362098158757746,0.15202315855899176,0.1024010030084137,
pca,mlp,2,art,112,0.2518708774401439,0.21255886186462924,0.2575255600984075,
pca,mlp,2,art,113,0.29615514890657124,0.35239316095307965,0.3522365104013532,
pca,mlp,2,art,120,0.5315798586499226,0.5936124663068106,0.538142118201567,
pca,mlp,2,art,121,0.478352143932607,0.46219328621679384,0.483514491050141,
pca,mlp,2,art,131,0.26557534839463104,0.33598043625526297,0.35294259314855375,
pca,mlp,2,art,138,0.3971047817424022,0.3449792038027332,0.3996421773157713,
pca,mlp,2,art,139,0.367503253920094,0.4032687150620346,0.38358531178213506,
pca,mlp,2,fashion,7,0.37977415243308094,0.40871903400427834,0.3916723651399227,
pca,mlp,2,fashion,8,0.004151790308632933,-0.010850633748784333,0.005364000033868033,
pca,mlp,2,fashion,40,0.1458920230965486,0.13772410023150228,0.1633522918312924,
pca,mlp,2,fashion,41,0.25237794695209087,0.2760847301065237,0.2738369654541934,
pca,mlp,2,fashion,45,0.04589526053508863,0.05053371531154413,0.059486693837335625,
pca,mlp,2,fashion,46,0.10699874189421991,0.1234533614863849,0.15377919795320252,
pca,mlp,2,fashion,52,0.449731892513916,0.4242835405422432,0.5300461327249503,
pca,mlp,2,fashion,58,0.02989544252855217,0.038120652899555,0.03562140283839207,
pca,mlp,2,fashion,65,0.12835241870975586,0.06968959419380401,0.17082297641736677,
pca,mlp,2,fashion,66,0.1846192220819146,0.2090502122149591,0.2120919492396557,
pca,mlp,2,fashion,74,0.23380157903815565,0.25312216088547546,0.2366450420347621,
pca,mlp,2,fashion,83,0.4057454912651788,0.45817344659315157,0.41014152352174077,
pca,mlp,2,fashion,87,0.280301313031716,0.3475181690528537,0.3558217219143673,
pca,mlp,2,fashion,93,0.4122094619057553,0.4192976321106537,0.4446304347596563,
pca,mlp,2,fashion,94,0.2952390989146722,0.34044880883422285,0.3468738511330127,
pca,mlp,2,fashion,102,0.17914474788172727,0.19649332219810722,0.2201031678419738,
pca,mlp,2,fashion,112,0.3432185146438315,0.33772858458910243,0.34469397350568715,
pca,mlp,2,fashion,113,0.16173039065223857,0.2008986652725002,0.1837672041387678,
pca,mlp,2,fashion,120,0.2314692316043084,0.25648526798553845,0.24385892387695626,
pca,mlp,2,fashion,121,0.37619385519060583,0.37210643557300943,0.3769868853397404,
pca,mlp,2,fashion,131,0.11183145136601064,0.1090957877269893,0.11771871019386033,
pca,mlp,2,fashion,138,0.28975279498872064,0.31414149833473815,0.3042846912846896,
pca,mlp,2,fashion,139,0.2396614715590503,0.28394411910974,0.2552273934892677,
pca,mlp,2,landscape,7,0.09469113210428744,0.050319207458596193,0.09977385125656969,
pca,mlp,2,landscape,8,0.31996276979177307,0.30693684610468147,0.3205939609215742,
pca,mlp,2,landscape,40,0.16456978040282258,0.13632121540750738,0.16594240550238523,
pca,mlp,2,landscape,41,0.1460893493451379,0.19928882809819126,0.16907503265423396,
pca,mlp,2,landscape,45,-0.009788888549093133,-0.07369687430167027,-0.010007433868463866,
pca,mlp,2,landscape,46,-0.022579733751831668,-0.002594810902890867,-0.027164351654101,
pca,mlp,2,landscape,52,0.1641795028334374,0.13273104148299428,0.16703502565073158,
pca,mlp,2,landscape,58,0.1347732653725067,0.1766058094725378,0.14132320910746074,
pca,mlp,2,landscape,65,0.16816894860344175,0.203344327012161,0.16961047466804247,
pca,mlp,2,landscape,66,0.2503604597580922,0.19369031824819785,0.2523013720379299,
pca,mlp,2,landscape,74,0.28657464762957385,0.30353269142802203,0.2914878437115402,
pca,mlp,2,landscape,83,0.21437998759346014,0.15208509311062157,0.21660757255862326,
pca,mlp,2,landscape,87,0.34394043584364686,0.37499171459664327,0.36183983661773356,
pca,mlp,2,landscape,93,0.4621896554116513,0.5296633873668611,0.4651163425310642,
pca,mlp,2,landscape,94,0.5012700228917654,0.4335807200680651,0.5099791474483196,
pca,mlp,2,landscape,102,0.36329694369363824,0.3589230903252607,0.3674118568353328,
pca,mlp,2,landscape,112,0.430326770648336,0.41954325349962374,0.43834157921390965,
pca,mlp,2,landscape,113,0.24713444019679423,0.2163059154392398,0.25247504309963165,
pca,mlp,2,landscape,120,0.38671572317660247,0.37618394563718965,0.39675317166984775,
pca,mlp,2,landscape,121,0.49354738789953406,0.5557211441970361,0.5264075047405484,
pca,mlp,2,landscape,131,0.09182977315610193,0.04784447303264203,0.09251658434397426,
pca,mlp,2,landscape,138,0.5847450918633063,0.5608848447251136,0.5879616760294869,
pca,mlp,2,landscape,139,0.19078356370664348,0.24117406661569243,0.20290593609902383,
pca,mlp,3,art,0,0.3089612826878421,0.14125403333538822,0.3138739430690603,
pca,mlp,3,art,9,0.3805150954381042,0.44886232038832485,0.4089264568217759,
pca,mlp,3,art,10,0.47403816985467606,0.4509397071909344,0.48659845856896283,
pca,mlp,3,art,11,0.36475029839835676,0.389072482195096,0.41381483883826564,
pca,mlp,3,art,24,0.435923808988792,0.5611519340246138,0.5448181799392752,
pca,mlp,3,art,28,0.3366977883385425,0.27819285192890036,0.3848557971996554,
pca,mlp,3,art,31,0.4887931649279759,0.41057816524007795,0.5072539593357734,
pca,mlp,3,art,32,0.3403811155731451,0.41188713079672906,0.4275441196219143,
pca,mlp,3,art,36,0.37377987607016605,0.4050501683256757,0.40320058782231083,
pca,mlp,3,art,42,0.25336165299370844,0.28508603819435036,0.26802638048063704,
pca,mlp,3,art,47,0.3590175438880447,0.3800249175819708,0.41572783870858226,
pca,mlp,3,art,54,0.3278457119412341,0.3132157074067394,0.38074392476435254,
pca,mlp,3,art,55,0.136164204842672,0.1144723788033073,0.14839742583609933,
pca,mlp,3,art,59,0.5117348281109361,0.57002249157768,0.5537074677639516,
pca,mlp,3,art,60,0.5182796197844457,0.5335759855515457,0.5285849319172621,
pca,mlp,3,art,67,0.3727051281281657,0.403133734665093,0.38176716363086677,
pca,mlp,3,art,68,0.47823368061450916,0.532374243914613,0.5210653200386829,
pca,mlp,3,art,75,0.2577176561026266,0.24970002696735258,0.2661919258812288,
pca,mlp,3,art,76,0.39493034368233765,0.419614901028635,0.43231005170669384,
pca,mlp,3,art,82,0.7079032102898773,0.7231018485822629,0.7248240142225558,
pca,mlp,3,art,84,0.09202775771974224,0.14182785435264497,0.09582306660715044,
pca,mlp,3,art,88,0.43514296684544035,0.44377030921403965,0.4675552406426879,
pca,mlp,3,art,95,0.5356711837824424,0.5280157883878819,0.6330823980970895,
pca,mlp,3,art,96,0.5656091001633633,0.5234344041938105,0.6540814526603599,
pca,mlp,3,art,107,0.5703943353043489,0.5408568309089202,0.5965635071025305,
pca,mlp,3,art,122,0.5790955776489555,0.5259086791299237,0.6131413781055474,
pca,mlp,3,art,123,0.45146462833177364,0.49280486266623796,0.47665143935105325,
pca,mlp,3,art,132,0.39926543014798294,0.3450550663027692,0.4315723525882514,
pca,mlp,3,art,140,0.5238952235596556,0.5194812415520796,0.5389456558778724,
pca,mlp,3,art,141,0.36454204206821356,0.4309355806478326,0.3832096426896506,
pca,mlp,3,fashion,0,0.20730380329967354,0.18417049193733,0.2111559845939385,
pca,mlp,3,fashion,9,0.18906084204703552,0.20990474755233504,0.20180870060301256,
pca,mlp,3,fashion,10,0.47324527624206914,0.5047654204831783,0.5096947454647763,
pca,mlp,3,fashion,11,0.5328696306498086,0.5227139721779074,0.5783535038291548,
pca,mlp,3,fashion,24,0.12376637353424859,0.0837197004587847,0.1326733056233849,
pca,mlp,3,fashion,28,0.5408805659206236,0.6331426065107956,0.5842696057154921,
pca,mlp,3,fashion,31,0.2689793107333442,0.38672451353983833,0.3499205514882857,
pca,mlp,3,fashion,32,0.022789934199381866,0.034438284717554134,0.0318052243295424,
pca,mlp,3,fashion,36,0.0056577427234645004,0.0387249068029319,0.0069420183296165965,
pca,mlp,3,fashion,42,0.1904682756878001,0.1605858922778984,0.2176987785103377,
pca,mlp,3,fashion,47,0.20374100362605038,0.21491667591378116,0.23302611789613673,
pca,mlp,3,fashion,54,-0.011294754391485333,-0.025157052911482514,-0.014514429385500497,
pca,mlp,3,fashion,55,0.136380706080731,0.1686641750453729,0.1664750705826906,
pca,mlp,3,fashion,59,0.4232821851451145,0.3906090953805115,0.4546681361186735,
pca,mlp,3,fashion,60,0.3231545363033766,0.25221546246141796,0.32824110189549255,
pca,mlp,3,fashion,67,0.14867574377778967,0.18030064710917482,0.16168401971350876,
pca,mlp,3,fashion,68,0.2506187982273565,0.25803366020117585,0.2677810792834637,
pca,mlp,3,fashion,75,0.46768933632983023,0.517070687162457,0.4957872955829286,
pca,mlp,3,fashion,76,0.19236643389667393,0.2579636617932877,0.21304613966858574,
pca,mlp,3,fashion,82,0.007726671821540133,0.0108678078029592,0.008795638125082567,
pca,mlp,3,fashion,84,0.21677772195020742,0.3056373645331363,0.3083593623908048,
pca,mlp,3,fashion,88,0.28285396715943534,0.3106579120710787,0.33772927489235177,
pca,mlp,3,fashion,95,0.23062537416527795,0.3003204120716623,0.3103753385215532,
pca,mlp,3,fashion,96,0.11266521390850137,0.14387140719305205,0.15306111601266087,
pca,mlp,3,fashion,107,0.0898131276254155,0.1521425925016943,0.09371585461835392,
pca,mlp,3,fashion,122,0.08867050176943636,0.13453827854116626,0.12719518228967014,
pca,mlp,3,fashion,123,0.2922997896347008,0.34185517385173236,0.3160357255676601,
pca,mlp,3,fashion,132,0.10670690872838114,0.10861556998635506,0.14370283658925365,
pca,mlp,3,fashion,140,0.406074732757876,0.5005986142437272,0.506032512502626,
pca,mlp,3,fashion,141,-0.03428410177984383,-0.049376553527902566,-0.0360607050628863,
pca,mlp,3,landscape,0,0.17866152474110175,0.20036438015328686,0.18662896879801427,
pca,mlp,3,landscape,9,0.5927219418406736,0.5495922911184571,0.6018736620546185,
pca,mlp,3,landscape,10,0.5346271083653681,0.5323385312078731,0.5367159742007278,
pca,mlp,3,landscape,11,0.4067914691674983,0.3170972722544857,0.41229424128912706,
pca,mlp,3,landscape,24,-0.26199678504377893,-0.32840502706845937,-0.27632041508794364,
pca,mlp,3,landscape,28,0.24839404616137273,0.20592319398762352,0.2719767257641995,
pca,mlp,3,landscape,31,0.060192389882807305,0.19191400675383288,0.0606935905669607,
pca,mlp,3,landscape,32,0.5383366567029607,0.540318911321752,0.5452644964711857,
pca,mlp,3,landscape,36,0.4406129805648937,0.4728730853498546,0.45810432488642494,
pca,mlp,3,landscape,42,0.22607420858128616,0.283927923005794,0.23305215149228878,
pca,mlp,3,landscape,47,0.4756226863416921,0.44170544624438707,0.5264884190787805,
pca,mlp,3,landscape,54,0.0197116409909868,0.012228490074905701,0.01931513387724863,
pca,mlp,3,landscape,55,0.1573625894213668,0.15706842800988405,0.16254496650477815,
pca,mlp,3,landscape,59,0.31590654217640585,0.2517796730960024,0.31724343777572495,
pca,mlp,3,landscape,60,0.7032047443736845,0.7002126471069823,0.7072237490169636,
pca,mlp,3,landscape,67,0.12356061436797694,0.156501242309384,0.13003970067767393,
pca,mlp,3,landscape,68,0.4041913010011798,0.4157559005907385,0.41339319234590827,
pca,mlp,3,landscape,75,0.12721711162130434,0.14408867993494937,0.12978191397666802,
pca,mlp,3,landscape,76,0.24847971453145687,0.1854970537973475,0.25212410110633354,
pca,mlp,3,landscape,82,0.2567781627725548,0.2546611713284103,0.26425609323990584,
pca,mlp,3,landscape,84,0.2008491702341244,0.25136770715838047,0.20578200598262267,
pca,mlp,3,landscape,88,0.7379251651208895,0.7219935928987334,0.7440019599168856,
pca,mlp,3,landscape,95,0.46017697323953133,0.42069126474222324,0.4620697527177704,
pca,mlp,3,landscape,96,0.36846114320327433,0.39813842743674793,0.37083360766283885,
pca,mlp,3,landscape,107,0.2289331763020542,0.1789905696565077,0.2403615884307105,
pca,mlp,3,landscape,122,0.4771818598845308,0.4571925028363743,0.48833203516813106,
pca,mlp,3,landscape,123,0.4795851382548002,0.522896933100209,0.5321446598492897,
pca,mlp,3,landscape,132,0.3011557957164998,0.23813316399528203,0.3150713910802532,
pca,mlp,3,landscape,140,0.1755663280840445,0.22927140865248022,0.17714816776799183,
pca,mlp,3,landscape,141,0.33032927589652905,0.34205598667817144,0.3338934967686183,
pca,mlp,4,art,1,0.407991911801951,0.41807766104742333,0.42136693522477914,
pca,mlp,4,art,2,0.58524440123927,0.6627347759387346,0.5932245242301203,
pca,mlp,4,art,12,0.2486688321275463,0.26483078925840403,0.269428055477647,
pca,mlp,4,art,13,0.5061209246591147,0.5550161821907725,0.5299133594260607,
pca,mlp,4,art,26,0.36056605281820125,0.367225244517876,0.37694953999091957,
pca,mlp,4,art,29,0.29048120661259325,0.33948243379260085,0.33682483633369004,
pca,mlp,4,art,34,0.5309179690136832,0.6081216258288515,0.587601079582743,
pca,mlp,4,art,38,0.5067030943077429,0.5415145674265865,0.5583813693936074,
pca,mlp,4,art,43,0.3240069580898513,0.3504332679739111,0.370010354952997,
pca,mlp,4,art,48,0.6279002839837,0.6231603609466522,0.6336354041788607,
pca,mlp,4,art,49,0.42739958697014946,0.5408009888114574,0.5554315185103249,
pca,mlp,4,art,56,0.2459183549332612,0.3199157734456958,0.27048713807321234,
pca,mlp,4,art,61,0.47184382875154895,0.5418792303138321,0.4888414534262269,
pca,mlp,4,art,72,0.3370476371167324,0.37756346142224756,0.3659154278336012,
pca,mlp,4,art,77,0.4001956154668587,0.4736123806314662,0.4573338729537586,
pca,mlp,4,art,78,0.5629396414541681,0.6383937330065034,0.6157904259111743,
pca,mlp,4,art,89,0.17101874116490956,0.18114021384662907,0.1794490759988475,
pca,mlp,4,art,90,0.32721807128893005,0.32492433046049496,0.3619844391645617,
pca,mlp,4,art,97,0.25469168507640694,0.3309211815755851,0.31030696644411276,
pca,mlp,4,art,103,0.6105344218289915,0.5989381678147594,0.6273392781551571,
pca,mlp,4,art,108,0.3111961732706339,0.34667411834449346,0.3369629598037571,
pca,mlp,4,art,114,0.6437116163733584,0.6879541560613046,0.6924691280374239,
pca,mlp,4,art,115,0.02641195568511723,0.007885180765683734,0.02780773233245,
pca,mlp,4,art,124,0.4403128729324887,0.4114758584276789,0.46102074507294377,
pca,mlp,4,art,134,0.38777265981522574,0.39602144361110736,0.4082025779342193,
pca,mlp,4,art,135,0.13251555040929106,0.10295314778946964,0.1502640701604239,
pca,mlp,4,art,142,0.5628408530711657,0.6150523234465194,0.5858734596749171,
pca,mlp,4,art,143,0.7371014898530666,0.7772719390152028,0.756127507401955,
pca,mlp,4,fashion,1,0.2794562406538273,0.29214008675731234,0.2823892929266905,
pca,mlp,4,fashion,2,0.4645956852483984,0.5170877012836584,0.4700937055758882,
pca,mlp,4,fashion,12,0.11029785623218356,0.14340118694529655,0.11569823860159434,
pca,mlp,4,fashion,13,0.31597963096236154,0.2979799409564187,0.3400929425359854,
pca,mlp,4,fashion,26,0.33188892112596974,0.35275509902850466,0.35245531279733006,
pca,mlp,4,fashion,29,0.49990120616639216,0.503201916136396,0.5032592197806132,
pca,mlp,4,fashion,34,0.3072483523077195,0.3445550222424771,0.34884077051764084,
pca,mlp,4,fashion,38,0.10571714175736983,0.0699448292267716,0.1137677645979902,
pca,mlp,4,fashion,43,0.31436707828322025,0.3352969706766998,0.33905025483720547,
pca,mlp,4,fashion,48,0.24284332972375675,0.3027014921748619,0.2910633372114459,
pca,mlp,4,fashion,49,-0.02562223086676513,-0.0059888921101226,-0.027573220969609697,
pca,mlp,4,fashion,56,0.0409949827194279,0.03281843433852833,0.0424728493361495,
pca,mlp,4,fashion,61,0.32669935737683414,0.3384292347082624,0.33841889386988094,
pca,mlp,4,fashion,72,0.19622818592351507,0.24192073968626615,0.24781917112396776,
pca,mlp,4,fashion,77,0.33643306073731577,0.41649486280251224,0.39348673160426073,
pca,mlp,4,fashion,78,0.24577613711096244,0.29408524473216097,0.2801503266940961,
pca,mlp,4,fashion,89,0.25631119393156343,0.2718430719782095,0.3104698610280169,
pca,mlp,4,fashion,90,0.3095422387862019,0.3299448653633667,0.33527724081755306,
pca,mlp,4,fashion,97,0.1470381421316803,0.18251330830578125,0.15650883111871006,
pca,mlp,4,fashion,103,0.09362825072271393,0.16879577666147813,0.09882424621024223,
pca,mlp,4,fashion,108,0.010686879058578201,0.036441612369057366,0.015208289384615768,
pca,mlp,4,fashion,114,0.210857613803095,0.1983231795977927,0.24353909588341852,
pca,mlp,4,fashion,115,0.19447952801522858,0.14774663429279752,0.20213103834675952,
pca,mlp,4,fashion,124,0.10207169599327592,0.09020132887330412,0.1036300544150466,
pca,mlp,4,fashion,134,0.1624205941254855,0.1932732426352098,0.16504644653221698,
pca,mlp,4,fashion,135,0.2696141377396583,0.28249975449845394,0.3135098445785853,
pca,mlp,4,fashion,142,0.28863160923497994,0.3032885507057824,0.2955341360861396,
pca,mlp,4,fashion,143,0.3611410563072998,0.3425751249773432,0.3647702756733972,
pca,mlp,4,landscape,1,0.20421755218234694,0.2491285204771553,0.21343807302005183,
pca,mlp,4,landscape,2,0.19734991430200607,0.26486708004581233,0.20226227026161023,
pca,mlp,4,landscape,12,0.6847477690482204,0.7064037103678928,0.6884853704865516,
pca,mlp,4,landscape,13,0.29514526577117534,0.38956523552011374,0.3952663344449418,
pca,mlp,4,landscape,26,0.13138999499630677,0.1875964752761334,0.1651121124939415,
pca,mlp,4,landscape,29,0.2730590432134676,0.26969082623366036,0.28308304213234986,
pca,mlp,4,landscape,34,0.5016316729779412,0.5761869575679711,0.6004058757675542,
pca,mlp,4,landscape,38,0.07357625059014057,0.08562630975459053,0.07785559373757443,
pca,mlp,4,landscape,43,0.3867531168188538,0.37902494944482007,0.4172897113217265,
pca,mlp,4,landscape,48,0.4630961503926012,0.4065730659244882,0.4820658732068234,
pca,mlp,4,landscape,49,0.4579511629054093,0.46234121056587035,0.47820545804429243,
pca,mlp,4,landscape,56,-0.10059731359278136,-0.07133335660649796,-0.1099563403371917,
pca,mlp,4,landscape,61,0.31480947981468305,0.3046639014062755,0.32185268938644307,
pca,mlp,4,landscape,72,0.13432113410715082,0.1505859124195572,0.18251087066030966,
pca,mlp,4,landscape,77,0.36846118790003407,0.3949842969639794,0.43880807107643055,
pca,mlp,4,landscape,78,0.20667059396576934,0.2756929386902471,0.2561756532659248,
pca,mlp,4,landscape,89,0.2931274839386511,0.35770518389039835,0.40818277053756286,
pca,mlp,4,landscape,90,0.315471163831267,0.34597969698218334,0.34295422047333696,
pca,mlp,4,landscape,97,0.3077873532465824,0.2909718134153338,0.310768475091112,
pca,mlp,4,landscape,103,0.4372984349441187,0.460724082367895,0.47109014850556313,
pca,mlp,4,landscape,108,0.2487555944432366,0.24832097039086562,0.25977296210283995,
pca,mlp,4,landscape,114,0.194614049682028,0.2259099038803666,0.2511995391894677,
pca,mlp,4,landscape,115,0.183255319261411,0.10297169646122746,0.2014397215532254,
pca,mlp,4,landscape,124,0.3615414878439394,0.5280064499390359,0.4927062493553593,
pca,mlp,4,landscape,134,0.13871459503250527,0.08343888928437677,0.14841582129684885,
pca,mlp,4,landscape,135,0.41627275163909333,0.2919045265870958,0.4208621959117673,
pca,mlp,4,landscape,142,0.3838520328265503,0.35618700946936616,0.39211247151443224,
pca,mlp,4,landscape,143,0.6550558409552131,0.682492414527527,0.6618879075118637,
pca,ridge,0,art,3,0.1213532132963998,0.2466636368313577,0.23498989425573327,7.5842767737600285
pca,ridge,0,art,14,0.476725332932793,0.5957038916853125,0.5417358532915209,7.5871605210926525
pca,ridge,0,art,15,0.1332385912767434,0.20004204904660602,0.20206737812680484,7.584638866479005
pca,ridge,0,art,19,0.4856762394471141,0.5741867227277518,0.5795251476126156,7.580791161067329
pca,ridge,0,art,21,0.4428094194656405,0.5529938542884869,0.5376844894282291,7.580769304103458
pca,ridge,0,art,22,0.4852814350247809,0.4833235456428833,0.5214763884409158,7.566435511975595
pca,ridge,0,art,30,0.2867714690501408,0.4033381103328144,0.379854402554665,7.6031655759996255
pca,ridge,0,art,50,0.4573566731692877,0.4772890261483927,0.5302386405538384,7.608429872275869
pca,ridge,0,art,57,0.43270977319569565,0.4695650674439707,0.486554026115664,7.614677465002942
pca,ridge,0,art,62,0.5035054254703473,0.5831876176506429,0.5661371730567011,7.5639661231312045
pca,ridge,0,art,63,-0.0088900597228293,-0.0914969494922751,-0.0186757428100267,7.554576930392325
pca,ridge,0,art,79,0.47450301755186636,0.5117128003444604,0.5560270274877385,7.544649604798489
pca,ridge,0,art,80,0.8169866988593725,0.8206256551448349,0.8397279119202364,7.593486419347773
pca,ridge,0,art,85,0.4925282505326671,0.48811083802269045,0.5669770020018975,7.620091543428544
pca,ridge,0,art,86,0.46612439647917564,0.6223033849884465,0.5945331019153781,7.618048635893332
pca,ridge,0,art,98,0.4091143037973939,0.40407966885807395,0.4291772309625042,7.613274618899545
pca,ridge,0,art,99,0.7210845465046755,0.7726265582790548,0.7610383518708647,7.607877025330551
pca,ridge,0,art,105,0.1200388126851435,0.1922461213680424,0.1905912575473023,7.603156864400794
pca,ridge,0,art,109,0.37045524345108866,0.4572754521980547,0.4563574412644162,7.5624717439636955
pca,ridge,0,art,110,0.4947670432133245,0.5331004231648487,0.5520490730109686,7.538461361728449
pca,ridge,0,art,116,0.5928161490481026,0.5850912727519445,0.6016708619984955,7.60392805549787
pca,ridge,0,art,117,0.6596916353311444,0.7114701573486414,0.6989747369965599,7.573395625746412
pca,ridge,0,art,126,0.4068923420292041,0.4536651193188989,0.4871179395231635,7.582043908186418
pca,ridge,0,art,127,0.5656368714715105,0.5848748661025781,0.6090765299552254,7.555185655877888
pca,ridge,0,art,136,0.5011158825341737,0.4975779127678615,0.5177332141653316,7.625187237591256
pca,ridge,0,art,144,0.5376337189326112,0.6384012423862695,0.66155158405139,7.629351609936709
pca,ridge,0,fashion,3,6.813292947796353e-05,0.4776889031285962,0.5022555302847117,0.0007999058753125999
pca,ridge,0,fashion,14,0.0001004793137608,0.5639043152071005,0.5699815953150161,0.0007999074282308
pca,ridge,0,fashion,15,-1.094919320741348e-05,-0.19417670165164921,-0.1181255892369063,0.000799898481918
pca,ridge,0,fashion,19,5.911716945361582e-05,0.3564925783923978,0.40303448418041893,0.000799909366935
pca,ridge,0,fashion,21,2.8039893815210854e-05,0.2550338420004769,0.2789112523102822,0.0007999043232705
pca,ridge,0,fashion,22,5.99912777631645e-05,0.39785096759425514,0.4377781667049217,0.0007999023293965999
pca,ridge,0,fashion,30,7.37434126319069e-05,0.41419226048577135,0.41713641224037784,0.0007999059757528001
pca,ridge,0,fashion,50,1.1930299395491452e-05,0.1461569029789497,0.20052288634327878,0.0007999069957552
pca,ridge,0,fashion,57,2.1801338206595644e-05,0.2497822793591823,0.1646080037596737,0.0007999089378627
pca,ridge,0,fashion,62,3.636291463856813e-05,0.2971692427382951,0.3061662997380193,0.0007999101170988
pca,ridge,0,fashion,63,3.015891070911805e-05,0.2939187656805153,0.3421306560881716,0.0007999018222756
pca,ridge,0,fashion,79,0.000100323095102,0.5561953949135089,0.652413330866279,0.0007999084366124
pca,ridge,0,fashion,80,4.834890366918405e-05,0.3930441438322521,0.3750092024337794,0.0007999011172382
pca,ridge,0,fashion,85,4.867132686926817e-05,0.4238199613204649,0.4838564206646667,0.000799909702427
pca,ridge,0,fashion,86,1.0074908354010448e-05,0.1367414507867007,0.1085688741694747,0.0007999011074044
pca,ridge,0,fashion,98,3.715081568658647e-05,0.3406538613381321,0.33609990912859794,0.0007999066010839
pca,ridge,0,fashion,99,0.0001260918491797,0.5308177350285468,0.5584287272833186,0.0007999030526194
pca,ridge,0,fashion,105,2.686166494956916e-05,0.1084239735106519,0.1552855274370866,0.0007999081673722999
pca,ridge,0,fashion,109,6.508952780442568e-05,0.4338216169630646,0.4926326510202948,0.0007999046541598002
pca,ridge,0,fashion,110,5.966888667597749e-05,0.3502192705602678,0.3939160503857851,0.0007998980685036001
pca,ridge,0,fashion,116,3.570902170957273e-05,0.2989077819030589,0.3319665175676031,0.0007999078956563
pca,ridge,0,fashion,117,0.0001242876946063,0.5807614881730012,0.6059122075732165,0.0007999026378769999
pca,ridge,0,fashion,126,3.162162751975146e-05,0.2149538292893549,0.2988517215994584,0.0007999084346785
pca,ridge,0,fashion,127,9.188982240147799e-05,0.4797429362617354,0.4823748627952846,0.0007998988262201
pca,ridge,0,fashion,136,7.000164166948391e-05,0.46452330813476045,0.4934584435677796,0.0007999072979377
pca,ridge,0,fashion,144,7.21607126155506e-05,0.5231567663298723,0.4623956234904459,0.0007999051781558
pca,ridge,0,landscape,3,0.1554644111664342,0.47749456398362905,0.4863590048211235,1.8242221035806432
pca,ridge,0,landscape,14,0.1279342109055102,0.38391342667422695,0.4117777844988912,1.8272157311490804
pca,ridge,0,landscape,15,-0.0178262158753443,-0.1744348904674892,-0.21184482164765797,1.8194736024276308
pca,ridge,0,landscape,19,0.251977652365953,0.5743179189297557,0.6202020508893017,1.8369076744418382
pca,ridge,0,landscape,21,0.0978670210938649,0.3294389734909946,0.3148572543820277,1.8454178868301616
pca,ridge,0,landscape,22,0.1332041515927245,0.3955506641810291,0.3993299587224913,1.8162358776393888
pca,ridge,0,landscape,30,0.22087011103522433,0.4715496033710542,0.4927887035652882,1.8394382267527265
pca,ridge,0,landscape,50,0.2051907108456327,0.39354800590647193,0.3954642151598698,1.8100581080312816
pca,ridge,0,landscape,57,0.1066041028700709,0.3334285221393365,0.4039734516321034,1.8271757541062312
pca,ridge,0,landscape,62,0.1450301016989776,0.3200847318461177,0.3669375021934593,1.833529486737589
pca,ridge,0,landscape,63,0.0242934120114031,0.1778169558004249,0.21751860528069336,1.8140078633514287
pca,ridge,0,landscape,79,0.0824201205258583,0.2577181131094054,0.2676022771765612,1.843992109424307
pca,ridge,0,landscape,80,0.2994324304830276,0.688093328828411,0.6896830438687948,1.8170466626593396
pca,ridge,0,landscape,85,0.1503145396964653,0.4775192242463444,0.521260160099853,1.8296532348696648
pca,ridge,0,landscape,86,0.2002584418349352,0.6011088397581947,0.5917692566772367,1.8137342626733088
pca,ridge,0,landscape,98,0.1681948087820886,0.5872575815791394,0.5895237727677355,1.8285363543077888
pca,ridge,0,landscape,99,0.2642736542542324,0.6780514901402608,0.6439151120241529,1.8217962608098943
pca,ridge,0,landscape,105,0.06698578133259,0.3325804089069189,0.4107245245867664,1.834020167396986
pca,ridge,0,landscape,109,0.0979458894032486,0.3280461878979981,0.3674990045083213,1.8382896046996384
pca,ridge,0,landscape,110,0.299094679669053,0.774172537000549,0.7484195682878485,1.822195656568432
pca,ridge,0,landscape,116,0.1326558595965777,0.44528564413243005,0.5202719255624221,1.8368476611099185
pca,ridge,0,landscape,117,0.2577741455389257,0.6119801743230272,0.5892673133644217,1.80522514686994
pca,ridge,0,landscape,126,0.1528499794720606,0.318157523173466,0.3312528008935217,1.837853233405684
pca,ridge,0,landscape,127,0.1604426390692341,0.3273248177057073,0.3415533391382757,1.820826728702948
pca,ridge,0,landscape,136,0.1648152534267682,0.3968163185677702,0.46384217415354795,1.8443214372353125
pca,ridge,0,landscape,144,0.192321484824722,0.504089799031019,0.5005806847625436,1.8199118481323733
pca,ridge,1,art,5,0.2257354048288127,0.3758068007111417,0.3595686725415625,7.850388694015195
pca,ridge,1,art,6,0.696959062966875,0.7323759009657179,0.6972796183622944,7.835549176648641
pca,ridge,1,art,16,0.5539997792100924,0.5388780346904939,0.5940920846369427,7.868785639868675
pca,ridge,1,art,17,0.3318243233234019,0.3025487919248791,0.3756266501221715,7.830137290103944
pca,ridge,1,art,23,0.1628998380324071,0.2518906992406318,0.2712752447595706,7.846882392004701
pca,ridge,1,art,35,0.1102574333304221,0.1387469834229514,0.1581052044321197,7.810386013181875
pca,ridge,1,art,39,0.7223665863745454,0.7280038842181012,0.7460685923189591,7.810818770436822
pca,ridge,1,art,44,0.5632022974642023,0.6163622145047081,0.599526160086679,7.85061539459432
pca,ridge,1,art,51,0.4960883258205831,0.5930626383926112,0.6139335625344435,7.848340811551348
pca,ridge,1,art,64,0.3560554267579057,0.4456915501130867,0.441370848526998,7.847538153152876
pca,ridge,1,art,69,0.2395788855762159,0.2706561739665122,0.2772507306133344,7.821876302362379
pca,ridge,1,art,81,0.3891945290895944,0.49571871793115746,0.48011386882183543,7.848352211974823
pca,ridge,1,art,92,0.574560640636409,0.6180236106997176,0.6425931588432071,7.835325137854416
pca,ridge,1,art,100,0.6289152957092815,0.5871699097926515,0.677203057035643,7.85123760588112
pca,ridge,1,art,101,0.4374525418481003,0.5006644288496264,0.4661901886462199,7.82027603417403
pca,ridge,1,art,106,0.2910366395607137,0.3729043486654165,0.3474356570825778,7.849208922730728
pca,ridge,1,art,111,0.6322925877108931,0.6905524382913949,0.7035825520934541,7.842950046112193
pca,ridge,1,art,118,0.5711440845943374,0.6688695275277124,0.6020601289961391,7.848504039478388
pca,ridge,1,art,119,0.5808324772492551,0.6197170832433784,0.6036845811142513,7.848454847181305
pca,ridge,1,art,128,0.5422776381960105,0.6748916133920876,0.633865585710736,7.875713820642521
pca,ridge,1,art,129,0.267596912943791,0.3302270559240276,0.3476709020227455,7.816491901220007
pca,ridge,1,art,137,0.565743021670148,0.6587480307203517,0.6282193143004989,7.823416858951892
pca,ridge,1,fashion,5,0.2032080072989864,0.2006981680784823,0.2686284908085917,7.873617499658802
pca,ridge,1,fashion,6,0.3802300591550097,0.4989697315276879,0.48967608142765257,7.900854174220755
pca,ridge,1,fashion,16,0.20659314538629206,0.3041366746602763,0.2582236339624066,7.87027501500565
pca,ridge,1,fashion,17,0.1556849302344747,0.0817897477581948,0.1593124250068129,7.888012686568298
pca,ridge,1,fashion,23,0.38426956219547764,0.4800584824993927,0.5102580469097114,7.887357952854669
pca,ridge,1,fashion,35,0.0923683272641609,0.0861555283495785,0.1409269243054446,7.891413707297848
pca,ridge,1,fashion,39,0.3241797174629609,0.3386794744528477,0.34703698942317623,7.8975462891946195
pca,ridge,1,fashion,44,0.1616695351299849,0.2510313569503251,0.1829105144971823,7.89617707329938
pca,ridge,1,fashion,51,0.3782851857168032,0.43719562487144187,0.4387155346130176,7.889727257947029
pca,ridge,1,fashion,64,0.115030610357137,0.2715225025518485,0.3150828992265177,7.889513612132878
pca,ridge,1,fashion,69,0.1961768784100196,0.3258620408774101,0.2248667053506379,7.883742849381071
pca,ridge,1,fashion,81,0.277019818007422,0.3302058676298313,0.3327416335354889,7.882260169063348
pca,ridge,1,fashion,92,0.2968360969774055,0.2713449148580651,0.3613830473516571,7.880814487961076
pca,ridge,1,fashion,100,0.4248176079451588,0.5234673883663823,0.5117937655376383,7.871537329223444
pca,ridge,1,fashion,101,0.1895319508501473,0.2776773804086285,0.2577129561212779,7.887004811305672
pca,ridge,1,fashion,106,0.1889029844289851,0.2781660861822533,0.2800269328208146,7.889021661229396
pca,ridge,1,fashion,111,0.40228564290828855,0.45634360909214805,0.4778140952487666,7.895588797147627
pca,ridge,1,fashion,118,0.2592633134458724,0.3132868168589175,0.3438829931750003,7.873002358357806
pca,ridge,1,fashion,119,0.43694846700112305,0.5444782972528894,0.5490304107258401,7.891173997441958
pca,ridge,1,fashion,128,0.37960942495061917,0.44321276856509045,0.4373620318984099,7.876308172842422
pca,ridge,1,fashion,129,-0.0598318371812083,-0.0625853354854505,-0.1052742030779737,7.897861419251171
pca,ridge,1,fashion,137,0.17370275340001987,0.308767187819127,0.31192594278151,7.8844957202982515
pca,ridge,1,landscape,5,0.4378031450791206,0.575203088241576,0.5726994572829328,6.926025497499516
pca,ridge,1,landscape,6,0.5383414725197253,0.6289810112528426,0.6184092380440115,6.876645761718699
pca,ridge,1,landscape,16,0.3661117726227808,0.4713795141097199,0.4198521619104348,6.93183301007208
pca,ridge,1,landscape,17,0.0402622468096311,0.05675885624972,0.057914942995209,6.906068167356826
pca,ridge,1,landscape,23,0.5864167923346503,0.6925967479819639,0.6803661053094353,6.935978396182738
pca,ridge,1,landscape,35,0.1074986319989933,0.1969144748087269,0.20921362491110398,6.880918945459112
pca,ridge,1,landscape,39,0.7044001048504086,0.7985331721912465,0.7714764114939426,6.847440103087585
pca,ridge,1,landscape,44,0.3312728766051675,0.4670111118472504,0.4625719969235651,6.900643375352458
pca,ridge,1,landscape,51,0.541858865076141,0.7224573739348238,0.7212728855952287,6.9088993315159355
pca,ridge,1,landscape,64,0.21549949078952726,0.285948263722755,0.2735264245953936,6.946826751984545
pca,ridge,1,landscape,69,0.1746087017608737,0.2359909985950106,0.2719028824214921,6.897886548165182
pca,ridge,1,landscape,81,0.35656598458951755,0.4992311089913812,0.5175308369053038,6.921635150958697
pca,ridge,1,landscape,92,0.3132636106683114,0.4038763539582472,0.43612516208429436,6.903917463385942
pca,ridge,1,landscape,100,0.4657442315243132,0.5364315157365721,0.5481567965618301,6.8974480232881845
pca,ridge,1,landscape,101,0.43524373870514205,0.38372027911810386,0.5019744242333777,6.887237354677787
pca,ridge,1,landscape,106,0.2583517581667988,0.44074436616858453,0.3419339421590895,6.877469332844761
pca,ridge,1,landscape,111,0.3887482535314682,0.5313383236179008,0.536688852893607,6.866471731543299
pca,ridge,1,landscape,118,0.4830057885206182,0.5101358278192692,0.5357103198773264,6.949997946437404
pca,ridge,1,landscape,119,0.7142522360617519,0.7227723503325713,0.7354925302495664,6.862081370877985
pca,ridge,1,landscape,128,0.22290394137214356,0.415628792754059,0.3958724325160628,6.888095565522576
pca,ridge,1,landscape,129,0.5222569934893134,0.5841037471553445,0.6028989238130036,6.8956092796448525
pca,ridge,1,landscape,137,0.4351468577166102,0.43810531110966,0.46944783066173484,6.89596226144851
pca,ridge,2,art,7,0.0104923608670532,0.4187511639724663,0.4439143968274502,0.0790236357273659
pca,ridge,2,art,8,0.0186542819210102,0.6631311012887718,0.629328392704756,0.0790065302041253
pca,ridge,2,art,40,0.0047742155578289,0.2433154396024917,0.2484632276059714,0.0790115625846986
pca,ridge,2,art,41,0.0172830379415221,0.6417556406098638,0.6455554907095858,0.0789757003791052
pca,ridge,2,art,45,-0.0007079961964807,-0.078431889650708,-0.0672344590205887,0.0789753068816679
pca,ridge,2,art,46,0.002118342284207,0.1772817413913326,0.1990529382647547,0.0790200546932331
pca,ridge,2,art,52,0.011453311540907401,0.6429291189541172,0.6599060343847374,0.0790458537487376
pca,ridge,2,art,58,0.0144985416503449,0.5913110058832034,0.6034930633535508,0.0789720345340506
pca,ridge,2,art,65,0.013661585301921802,0.6758354359539195,0.6647389737424872,0.0790189198973781
pca,ridge,2,art,66,0.008817853299628,0.46462643514057794,0.4749721154033168,0.0790088972134272
pca,ridge,2,art,74,0.0098248500746542,0.5320348269261065,0.5246127981857183,0.079001711198017
pca,ridge,2,art,83,0.0039951503750872,0.4662832963395705,0.44175598757688544,0.0789923628967942
pca,ridge,2,art,87,0.0196455843100154,0.7165113159117639,0.7335931625506363,0.0789965475207472
pca,ridge,2,art,93,0.013496348214402201,0.6551341347016041,0.6383280281886226,0.0790533964227331
pca,ridge,2,art,94,0.0226625723602967,0.7442964496643197,0.7589990498739355,0.0789959842511765
pca,ridge,2,art,102,0.0057910885533757,0.3478479172818729,0.3261548833801898,0.0790276167828144
pca,ridge,2,art,112,0.0074060111273952,0.49918808724180935,0.5127797011754254,0.0790230537687761
pca,ridge,2,art,113,0.0085719771185564,0.5231164707860851,0.5117274994019729,0.0789620759393651
pca,ridge,2,art,120,0.0123441922159219,0.6106908991153357,0.6126725561947107,0.0790171747773329
pca,ridge,2,art,121,0.012663233310471802,0.4616816591727338,0.47584800045640846,0.0790013545601278
pca,ridge,2,art,131,0.0079161145391986,0.3888417501542755,0.4012669693769351,0.0789832797059148
pca,ridge,2,art,138,0.0118799917103463,0.521161191749427,0.48801213116287095,0.0790282309648405
pca,ridge,2,art,139,0.0051040432018238,0.3835667591016138,0.4109335900274909,0.0789880611201734
pca,ridge,2,fashion,7,0.4063455140713797,0.5168338415074976,0.5426192978015508,7.998908311374724
pca,ridge,2,fashion,8,0.1455707402505261,0.2701167599640647,0.3138499755774996,7.998809471051971
pca,ridge,2,fashion,40,0.2653235686522299,0.2473151283476651,0.3304964534558627,7.998962488852887
pca,ridge,2,fashion,41,0.3145671270996024,0.381720114896046,0.3946803987306868,7.998822178247223
pca,ridge,2,fashion,45,0.17550780384752276,0.3024093470065799,0.2892213787414022,7.998960927071715
pca,ridge,2,fashion,46,0.0147444705859578,0.05086055598372189,0.0280268998797375,7.9988393074169535
pca,ridge,2,fashion,52,0.2747366231621212,0.3987365213932366,0.40546331218315385,7.998964597385012
pca,ridge,2,fashion,58,0.210443731730216,0.33520903003840335,0.3231696704866837,7.9988898665046735
pca,ridge,2,fashion,65,0.1923120686952787,0.2576848243751481,0.300180669764157,7.998911169767976
pca,ridge,2,fashion,66,0.230102537062953,0.2810112491686051,0.2802013909302202,7.9987719026008435
pca,ridge,2,fashion,74,0.17761165233980938,0.2367835904211697,0.2119586924321812,7.998928857786801
pca,ridge,2,fashion,83,0.3903984492436042,0.43630848456052035,0.44064376071137074,7.998682112887896
pca,ridge,2,fashion,87,0.3192134433430208,0.49907026539076665,0.49857325026726135,7.999002450944931
pca,ridge,2,fashion,93,0.4129803117208563,0.5086626369470841,0.512446802603478,7.998970869699833
pca,ridge,2,fashion,94,0.334097905847423,0.4236308163050575,0.4334852184013443,7.998820006070699
pca,ridge,2,fashion,102,0.2422520472567452,0.4206139009759484,0.42739528522758824,7.998953071815078
pca,ridge,2,fashion,112,0.38566223786698844,0.5266255841633423,0.527515093372689,7.998978779501454
pca,ridge,2,fashion,113,0.2990852626644711,0.3160424971941807,0.3746342702463675,7.998814139423921
pca,ridge,2,fashion,120,0.2786163291905165,0.2005526315906783,0.3226804107335773,7.998967721672925
pca,ridge,2,fashion,121,0.4505793306229211,0.41894637527276,0.494254209105965,7.998661500520577
pca,ridge,2,fashion,131,0.1309821638919457,0.2038299714556944,0.1857386095689774,7.9988285085896145
pca,ridge,2,fashion,138,0.4739100914385635,0.5075611611490934,0.514856989051616,7.998913205789655
pca,ridge,2,fashion,139,0.3521139932833765,0.42491148599300016,0.4214873457094414,7.998908700167189
pca,ridge,2,landscape,7,0.0144596384023197,0.230064490706496,0.2775650285295885,0.2433628764192345
pca,ridge,2,landscape,8,0.0368296400117225,0.5359742833949002,0.5227400592389829,0.2430025976291729
pca,ridge,2,landscape,40,0.0089660402181069,0.431022257930556,0.4473277012018724,0.2431984775934273
pca,ridge,2,landscape,41,0.0105159578977854,0.4169685402920098,0.4158943957240668,0.2431449647974305
pca,ridge,2,landscape,45,0.014315775791346302,0.3654254441743774,0.3339502249850745,0.2434656610881397
pca,ridge,2,landscape,46,0.0092966585324074,0.4522602767803336,0.413803168336165,0.24330174193609358
pca,ridge,2,landscape,52,0.0273504438225618,0.5788567057207209,0.623637796590382,0.24313809173025827
pca,ridge,2,landscape,58,0.0304708039909353,0.4693622027243191,0.5078734500315698,0.2429311910346497
pca,ridge,2,landscape,65,0.014260938977820598,0.2698289375383099,0.3114231092265639,0.2431722988609022
pca,ridge,2,landscape,66,0.0175823747635356,0.5203384156103356,0.5579883316991119,0.24304034254898363
pca,ridge,2,landscape,74,0.0193301253240228,0.3005768660245926,0.324397171493144,0.2434486314195153
pca,ridge,2,landscape,83,0.0271847932379779,0.5357740565868468,0.5842226500798596,0.2429454490633236
pca,ridge,2,landscape,87,0.031810790426712,0.5817455275864849,0.5620424746266438,0.2432080914034875
pca,ridge,2,landscape,93,0.04515170095820361,0.6657143086165097,0.6343745752380902,0.2431096293583261
pca,ridge,2,landscape,94,0.043667244336513,0.5628934117433978,0.5780750704996179,0.2432406205909036
pca,ridge,2,landscape,102,0.0361439845081768,0.7137230824504465,0.684581774271194,0.2431180524851337
pca,ridge,2,landscape,112,0.04269282154413281,0.5500730010069473,0.6250919992510308,0.24326279498688766
pca,ridge,2,landscape,113,0.0243445700256362,0.44631947256032795,0.4671903622239444,0.2433519574411774
pca,ridge,2,landscape,120,0.0399961722920622,0.6094270071246604,0.583577297044198,0.24314967004954827
pca,ridge,2,landscape,121,0.0388314242972443,0.7512493012627747,0.7336209839160598,0.24313551654507207
pca,ridge,2,landscape,131,0.0081089697551783,0.3560564245647131,0.3183768524892456,0.2433282294598708
pca,ridge,2,landscape,138,0.0504327970609777,0.7604025901490356,0.7894778617974699,0.24333582066415196
pca,ridge,2,landscape,139,0.0270160360515611,0.502753411644111,0.4829972933927453,0.2435020769156249
pca,ridge,3,art,0,0.1628571435453798,0.3191876600898203,0.4125063405806774,1.8376795235462577
pca,ridge,3,art,9,0.2552856155939003,0.605342708893639,0.5438145714958649,1.8187912617109356
pca,ridge,3,art,10,0.2376776247374471,0.5630800887357794,0.5158859034329876,1.8423927393105248
pca,ridge,3,art,11,0.19081881738976322,0.5247056469130233,0.5793804729108085,1.8163118943868248
pca,ridge,3,art,24,0.2161760900106734,0.6974033293261092,0.679700102309926,1.8328155931505572
pca,ridge,3,art,28,0.2199581931405554,0.6359171539524059,0.6180529340882167,1.8296315997240928
pca,ridge,3,art,31,0.2760939196354804,0.4828438820876384,0.5820467580608999,1.8215132606971984
pca,ridge,3,art,32,0.1525456622126575,0.42851177788189193,0.43052227179809704,1.8252992594240895
pca,ridge,3,art,36,0.20659513955088524,0.5341615651783416,0.5402430479670123,1.834880355104999
pca,ridge,3,art,42,0.0615664229081976,0.3002132578220522,0.3818951168563421,1.8301396379847457
pca,ridge,3,art,47,0.1933935507160218,0.4784303995756043,0.5104941752608543,1.8219118947535955
pca,ridge,3,art,54,0.0829839218579953,0.1779860686533535,0.2742752335417585,1.8170083049030137
pca,ridge,3,art,55,0.0895276568792872,0.2275915020246927,0.2426212118518971,1.8269406374309185
pca,ridge,3,art,59,0.2090555865771674,0.5201138192851029,0.5942811270157028,1.814586479161387
pca,ridge,3,art,60,0.3306997863278394,0.6330093001221563,0.6521593843607449,1.816182337696812
pca,ridge,3,art,67,0.2031448450013108,0.5247179055824001,0.4833031546875999,1.8348754728549432
pca,ridge,3,art,68,0.2833860885697209,0.6920998081698585,0.6938685570869101,1.807013039542917
pca,ridge,3,art,75,0.2329495421288741,0.4821829605583519,0.5428250533449729,1.8428206795509128
pca,ridge,3,art,76,0.2785338001223728,0.5685877153852101,0.6374043808731743,1.809290549175274
pca,ridge,3,art,82,0.3969727862880536,0.7082918582104537,0.7349082662450209,1.8279173681724397
pca,ridge,3,art,84,0.12213970522217892,0.2571676443145634,0.2584489300218978,1.8158201533238183
pca,ridge,3,art,88,0.2360844477842865,0.5323954977401989,0.5338160371936344,1.8241392498135136
pca,ridge,3,art,95,0.2090962156166911,0.4722250643147647,0.5852777389469054,1.8418553119309904
pca,ridge,3,art,96,0.288899088160728,0.6112167534998543,0.6818758901027412,1.8243252163869108
pca,ridge,3,art,107,0.2971039313868637,0.5922964820413678,0.6457935608838716,1.8347356741751544
pca,ridge,3,art,122,0.2315401214678021,0.5031356201793362,0.5862357196907634,1.8352612391862648
pca,ridge,3,art,123,0.2572065020076966,0.5368232483861163,0.5459223658473368,1.8075359288556847
pca,ridge,3,art,132,0.1916939809660119,0.4548865674892851,0.5631975337459859,1.834835094226425
pca,ridge,3,art,140,0.2406121057093553,0.4875416253202598,0.5286795386742774,1.8292248841325283
pca,ridge,3,art,141,0.1661215686262266,0.5271877838081321,0.5042954278128199,1.831524961486669
pca,ridge,3,fashion,0,0.2545060023111096,0.3764954551514561,0.4053720257029485,5.623319252378166
pca,ridge,3,fashion,9,0.1956082829620156,0.1922694123431696,0.2776683782379348,5.714085501601992
pca,ridge,3,fashion,10,0.3943686677958784,0.4942297061255207,0.5010043105323366,5.6869290685670215
pca,ridge,3,fashion,11,0.4871333346484232,0.5673666779148155,0.5847858400318533,5.6313175956956245
pca,ridge,3,fashion,24,0.228931708156495,0.4543085720575164,0.4550217528113083,5.645745605182461
pca,ridge,3,fashion,28,0.4250208818117747,0.5898573100970975,0.5161170733215538,5.670970999442511
pca,ridge,3,fashion,31,0.0343010245418482,0.0743839105268041,0.1316903606285288,5.712402388909658
pca,ridge,3,fashion,32,0.10717306182123638,0.2063859262049176,0.21436263703544553,5.65623077618033
pca,ridge,3,fashion,36,0.1093046694096211,0.2931223467848642,0.2792788652381932,5.709290422018803
pca,ridge,3,fashion,42,0.0379414281524889,0.17149593889567907,0.1152131275106162,5.719260206671688
pca,ridge,3,fashion,47,0.2471814986805009,0.4094472863495675,0.4424045322952222,5.668981121293927
pca,ridge,3,fashion,54,0.0007155554412568,-0.1104455981479718,0.0020512438287759,5.588718121177268
pca,ridge,3,fashion,55,0.2018420527318949,0.228297685527576,0.3062621934796194,5.633867685635519
pca,ridge,3,fashion,59,0.4757232885468217,0.40742437677192384,0.5537915690719216,5.7223653303324395
pca,ridge,3,fashion,60,0.3701031572460689,0.3486300984103146,0.4114361362377242,5.658317033148077
pca,ridge,3,fashion,67,-0.0404320052960466,-0.0726662056095428,-0.0918825387580241,5.637671042779208
pca,ridge,3,fashion,68,0.2611651969510401,0.3613769439438684,0.38820319036310585,5.594093400922081
pca,ridge,3,fashion,75,0.3987774186852379,0.6011502329976128,0.5863298504807212,5.713028004044159
pca,ridge,3,fashion,76,0.226030620067701,0.3309072085255615,0.2973985624966935,5.610000140439898
pca,ridge,3,fashion,82,0.2031716641769629,0.4478994691475688,0.4051873616635184,5.662033246765435
pca,ridge,3,fashion,84,0.19028718214901189,0.4425681997929835,0.4380852950746641,5.646255584557206
pca,ridge,3,fashion,88,0.1330838135834806,0.234834171171608,0.2220273991775081,5.568946773040296
pca,ridge,3,fashion,95,0.1271628166304301,0.3381852645922065,0.2736826787587437,5.648709112507485
pca,ridge,3,fashion,96,0.1295777830046545,0.35613610472718965,0.3559749676514243,5.6269440344259145
pca,ridge,3,fashion,107,0.076742653330853,0.136501765235165,0.1281964330431289,5.589681231031238
pca,ridge,3,fashion,122,0.1032824467689596,0.2468848484901477,0.2310219875565571,5.724080283638188
pca,ridge,3,fashion,123,0.3519752942337446,0.4639738201911647,0.4724575685391205,5.578010238276299
pca,ridge,3,fashion,132,0.241346066240866,0.3923460385221398,0.42414520039970577,5.674806382320572
pca,ridge,3,fashion,140,0.3291676199411577,0.490559217264666,0.545870207950402,5.673003701627291
pca,ridge,3,fashion,141,0.0074503176716068,-0.0034578842841373,0.012777023730609701,5.6511019148774695
pca,ridge,3,landscape,0,0.469066269956764,0.5666797895706391,0.5295921627701055,7.500165826893936
pca,ridge,3,landscape,9,0.5947825897792042,0.5683759098087617,0.6619794596409064,7.5080689544609776
pca,ridge,3,landscape,10,0.6046614587079288,0.6838898040924318,0.6479170805026101,7.489981191943362
pca,ridge,3,landscape,11,0.4942877214291446,0.5249237612376537,0.5965557596148662,7.509011350257869
pca,ridge,3,landscape,24,-0.0970045251558116,-0.2536352022910541,-0.21975236619011781,7.538746176222876
pca,ridge,3,landscape,28,0.2961097070588093,0.3251004427982732,0.3469660412856188,7.550407000655503
pca,ridge,3,landscape,31,0.23370708424596573,0.3983858301160268,0.36644976094085885,7.481259433064802
pca,ridge,3,landscape,32,0.49411967682534536,0.5470557701061949,0.5446012751081825,7.534193930388352
pca,ridge,3,landscape,36,0.50713475736648,0.5660272952386528,0.5568643163088561,7.543354696198844
pca,ridge,3,landscape,42,0.249544847319216,0.390663916055426,0.3308348710184057,7.454110485033077
pca,ridge,3,landscape,47,0.6090198101335411,0.5076129308479692,0.6355741025454645,7.54479705723499
pca,ridge,3,landscape,54,0.0553510562692065,0.1802987415583411,0.113841458131621,7.482446294010576
pca,ridge,3,landscape,55,0.5445111087292713,0.6117515319671734,0.6231075907561046,7.511599432980783
pca,ridge,3,landscape,59,0.4440227476710082,0.5829380750569875,0.5649638256469389,7.507710076333197
pca,ridge,3,landscape,60,0.7643494428086676,0.8255634841959568,0.8081885836632138,7.537128458818967
pca,ridge,3,landscape,67,0.38090359966166903,0.4839357220472522,0.5004490887752483,7.432107477497676
pca,ridge,3,landscape,68,0.1587724672407797,0.2129761832672682,0.1996438425405196,7.5153445630828815
pca,ridge,3,landscape,75,0.2246127710880473,0.39986709100023327,0.3496249813131987,7.490112284911532
pca,ridge,3,landscape,76,0.3308173307643922,0.3459391351994685,0.37077449546733215,7.464645009652707
pca,ridge,3,landscape,82,0.2999209534475444,0.4271376192396536,0.3990045590554066,7.466817437008399
pca,ridge,3,landscape,84,0.4212210839416219,0.4975488935020333,0.539558325389143,7.511488039074915
pca,ridge,3,landscape,88,0.6644315705573755,0.772114141184766,0.775941138445214,7.484981884546283
pca,ridge,3,landscape,95,0.42358640522836194,0.47515870531776755,0.5527414320194518,7.474908548927476
pca,ridge,3,landscape,96,0.4878917973950874,0.5473226259409945,0.553926964293942,7.54844808657958
pca,ridge,3,landscape,107,0.1126426199133989,0.1101569934169462,0.1675808427239185,7.528772676244192
pca,ridge,3,landscape,122,0.4797918338252343,0.4868276407217751,0.551295720882141,7.513649501264786
pca,ridge,3,landscape,123,0.554263243796855,0.7094280925460339,0.6951387528034593,7.493557575009073
pca,ridge,3,landscape,132,0.3585655265049747,0.2825515222335834,0.37827530730738407,7.4606006999105565
pca,ridge,3,landscape,140,0.21363204453054876,0.3919271506867154,0.3407391312451083,7.453392961436617
pca,ridge,3,landscape,141,0.3713619008452167,0.4990500632020422,0.48174190098137776,7.510274083821876
pca,ridge,4,art,1,0.4423322577259896,0.4611968548621354,0.5024415736390094,7.991019704431321
pca,ridge,4,art,2,0.6763182029880731,0.7557420535888292,0.7089630941805272,7.989733411006856
pca,ridge,4,art,12,0.469989641383078,0.529173240442891,0.5268892573754184,7.98973416628034
pca,ridge,4,art,13,0.510164466622106,0.5548529277323819,0.5579128650344847,7.990477830429604
pca,ridge,4,art,26,0.3921838689471087,0.4579426464355845,0.4707968902496003,7.991161577421277
pca,ridge,4,art,29,0.2102127504581153,0.3384876752331887,0.3482665845101009,7.989280814343331
pca,ridge,4,art,34,0.6263803161218713,0.6295725589488281,0.646726544599217,7.990319672391199
pca,ridge,4,art,38,0.4323915326490566,0.5588058059884666,0.5581814384478849,7.990502814879075
pca,ridge,4,art,43,0.3481408195947313,0.3931722177342623,0.4005200591918255,7.988328643041558
pca,ridge,4,art,48,0.7191984165634994,0.7140719598123354,0.7233144123993375,7.992050908935273
pca,ridge,4,art,49,0.41793169663384405,0.5655806938960138,0.5691190532351746,7.989990996304326
pca,ridge,4,art,56,0.1221831279126963,0.1442815599437234,0.1628836948945789,7.991588813255134
pca,ridge,4,art,61,0.369981126745018,0.4291667454844163,0.44448365649843397,7.991177290444047
pca,ridge,4,art,72,0.4136614892428216,0.40464263782556803,0.4588970817492917,7.99057555056837
pca,ridge,4,art,77,0.4091149147792183,0.48134785709032596,0.464550730527326,7.990660028423112
pca,ridge,4,art,78,0.5716793566597996,0.6017733336597638,0.6497763669772348,7.99100499385644
pca,ridge,4,art,89,0.3661356443369573,0.4313813806902804,0.40666848189674126,7.990751464809251
pca,ridge,4,art,90,0.5154133257416799,0.534448453997741,0.5575822902516566,7.989992275920021
pca,ridge,4,art,97,0.308623016457013,0.3920538006442084,0.4078922693996676,7.992903706647421
pca,ridge,4,art,103,0.6865794522879388,0.6815193390022897,0.7335783138244857,7.990570985454203
pca,ridge,4,art,108,0.3855994012117879,0.4704981277617799,0.4471948105799526,7.989943243380833
pca,ridge,4,art,114,0.5542939936486875,0.6345365004688742,0.621922092366638,7.991312318071319
pca,ridge,4,art,115,0.1186355782820306,0.1587536519483013,0.1325094291152104,7.9894462874319645
pca,ridge,4,art,124,0.5487071274329538,0.554530361083673,0.6017216414576938,7.99141573109025
pca,ridge,4,art,134,0.5132855914111834,0.5703890941562965,0.5488280246296537,7.991787701780431
pca,ridge,4,art,135,0.3449124145802476,0.4364252480625089,0.4113674359083785,7.990903656197442
pca,ridge,4,art,142,0.637651835843517,0.6943192504843744,0.6942863784566997,7.991562534383576
pca,ridge,4,art,143,0.7423406008812375,0.8107332503574295,0.7849795438034602,7.99210970231005
pca,ridge,4,fashion,1,0.0201887018024929,0.5107221175740201,0.460259061070744,0.2436444698416913
pca,ridge,4,fashion,2,0.0220645069782258,0.4707391286121357,0.473346117731362,0.2435474144213874
pca,ridge,4,fashion,12,0.0127554502041382,0.2762853893985947,0.3207565007639389,0.2437749344421246
pca,ridge,4,fashion,13,0.019374948061227,0.4581565338027594,0.46286819574709054,0.2437319992636365
pca,ridge,4,fashion,26,0.0131959591007079,0.34982179497923543,0.3848833278509569,0.24378654772529487
pca,ridge,4,fashion,29,0.0143387566245475,0.35349733439770176,0.35282337439928907,0.2433328778396238
pca,ridge,4,fashion,34,0.0207089259077251,0.46787922725280034,0.46266249164523215,0.2439059314825581
pca,ridge,4,fashion,38,0.006962478243273199,0.2091938469241279,0.2245707278884188,0.24346652483919087
pca,ridge,4,fashion,43,0.0293213133783698,0.5421914327927212,0.5562285506780889,0.2436989742524238
pca,ridge,4,fashion,48,0.0148251158160388,0.42893655046253504,0.3631199110937917,0.2438963660540205
pca,ridge,4,fashion,49,0.0041855514598145,0.1391419266918486,0.1225447079933651,0.2436968352478915
pca,ridge,4,fashion,56,-0.0036493616366075,-0.1376744958243939,-0.0726877468297592,0.2432353155992726
pca,ridge,4,fashion,61,0.0173563947706437,0.3420322074864665,0.3241060997191379,0.2435559176902046
pca,ridge,4,fashion,72,0.0117161746537901,0.2539849428462736,0.2749628672831403,0.2436236447650939
pca,ridge,4,fashion,77,0.014266661664751499,0.3831410984927131,0.3952803242606075,0.24351849875199413
pca,ridge,4,fashion,78,0.016804837377295,0.4854029708834202,0.4616305670144965,0.2432482797531296
pca,ridge,4,fashion,89,0.0211877201069572,0.4689009838856068,0.514907640104275,0.243765496718481
pca,ridge,4,fashion,90,0.0188477940976286,0.37071816940205676,0.368735330005395,0.24400688436918214
pca,ridge,4,fashion,97,0.0171526932993706,0.50154187962765,0.5246804918147666,0.2434858445129873
pca,ridge,4,fashion,103,0.0033885416805303,0.1358709604379267,0.1282289800436034,0.2437574254348718
pca,ridge,4,fashion,108,0.0051865501833754,0.2988506890373507,0.2975271913482973,0.243381754919085
pca,ridge,4,fashion,114,0.0207551556319923,0.3141337024135682,0.3974258440997102,0.2436807302187802
pca,ridge,4,fashion,115,0.0193248492376039,0.2849229069067666,0.3969090575423136,0.2436926963071949
pca,ridge,4,fashion,124,0.0195209694004939,0.4011434746835287,0.4023587243235142,0.24357397474172324
pca,ridge,4,fashion,134,0.0179587268056149,0.3156902285107454,0.3129486015102763,0.2437454703948565
pca,ridge,4,fashion,135,0.0123608635330225,0.2284384823958624,0.2777940145600521,0.2437541799015538
pca,ridge,4,fashion,142,0.014287396154019602,0.3241548571046972,0.3268156062672395,0.24320397009283753
pca,ridge,4,fashion,143,0.026761195026587702,0.467646615363371,0.4957571795304219,0.2436491067807979
pca,ridge,4,landscape,1,0.0115851772426879,0.6245692698780857,0.6296909930828589,0.0790258269925036
pca,ridge,4,landscape,2,0.0101278876211022,0.5740764560064061,0.5609784219505394,0.0789949687219901
pca,ridge,4,landscape,12,0.022351788668182503,0.7298440048752207,0.7187225932624987,0.0789961425316615
pca,ridge,4,landscape,13,0.0032798237176286994,0.4012391853992224,0.43640054131510714,0.0790326870285155
pca,ridge,4,landscape,26,0.0032839921610239,0.3099006540266516,0.3043536908372325,0.0790134568436829
pca,ridge,4,landscape,29,0.0030886779471389,0.3513418968889352,0.3617057117324017,0.0790285020880184
pca,ridge,4,landscape,34,0.0128512082234103,0.6948223495471956,0.6697085592970943,0.0789790565284915
pca,ridge,4,landscape,38,0.002896742587326,0.54539116429729,0.4526925399929464,0.0790398530541161
pca,ridge,4,landscape,43,0.0084859812684117,0.473896562290723,0.5148386540409616,0.0789915729806815
pca,ridge,4,landscape,48,0.009521775661442,0.4419547290696943,0.4750226614545415,0.0790149980808758
pca,ridge,4,landscape,49,0.0079065979440302,0.5351712375605228,0.5559232964616064,0.0789877873349397
pca,ridge,4,landscape,56,0.0004526986777905,0.0646268017118699,0.0740147649671732,0.079039634842977
pca,ridge,4,landscape,61,0.0085077274200239,0.48741103823299775,0.4803784048523454,0.0790262632670366
pca,ridge,4,landscape,72,0.0031000085248884,0.3730037865310107,0.40508267701736084,0.0790338924975601
pca,ridge,4,landscape,77,0.0054751407217457,0.4085993787440148,0.39566298343218903,0.0790139825289378
pca,ridge,4,landscape,78,0.005610562767249899,0.3213302999290179,0.3117999717257292,0.0789978982359303
pca,ridge,4,landscape,89,0.0029017080433595,0.4173035228756783,0.46652467798350356,0.0790284719971575
pca,ridge,4,landscape,90,0.0089566281174606,0.49276204053451894,0.4336811045684566,0.079020747416024
pca,ridge,4,landscape,97,0.0122778706201637,0.6511903103130351,0.6439462681308233,0.0790216544461862
pca,ridge,4,landscape,103,0.0090403460807303,0.5202065007858374,0.5163290605074949,0.079038509258887
pca,ridge,4,landscape,108,0.0082221780240062,0.4673123061197251,0.4191797680641946,0.0790376044998444
pca,ridge,4,landscape,114,0.0033732474841816997,0.3531016178449436,0.330055786744485,0.0790127381400709
pca,ridge,4,landscape,115,0.0033332444295736,0.21957225223070878,0.2391130988154516,0.0790037187234763
pca,ridge,4,landscape,124,0.0096734893043479,0.5904924203460226,0.5792505962093376,0.079020042232425
pca,ridge,4,landscape,134,0.0068329499226141,0.42425376992583247,0.4052663000798595,0.0789841793417608
pca,ridge,4,landscape,135,0.0090569572993945,0.42377491046626997,0.4912881595921443,0.0790071917072668
pca,ridge,4,landscape,142,0.0101124318427775,0.4773882688849009,0.4884080282100168,0.0790015081610759
pca,ridge,4,landscape,143,0.017896695650715,0.7395666923094865,0.7355897200924497,0.0790082081702719
population,mlp,0,art,3,0.04761362769762193,0.0797553924054519,0.0611886922046343,
population,mlp,0,art,14,0.3217208625554586,0.5782197117575855,0.5765134768464559,
population,mlp,0,art,15,0.20410558488681774,0.3057894343226368,0.27162391080762344,
population,mlp,0,art,19,0.44064216545775386,0.48313623497235353,0.49151717487468,
population,mlp,0,art,21,0.25257636305614506,0.394514214919408,0.3763180631626622,
population,mlp,0,art,22,0.31280811017476545,0.3923260935620383,0.42401003084740485,
population,mlp,0,art,30,-0.20783215071298997,-0.23371455485935266,-0.22286748258949562,
population,mlp,0,art,50,0.36734681917995876,0.37061698018972616,0.38389750835239506,
population,mlp,0,art,57,0.4416875184334322,0.5472885688514507,0.5201234864757316,
population,mlp,0,art,62,0.2659610424439305,0.4840867344374915,0.4738201863250519,
population,mlp,0,art,63,0.0839511154322423,0.12199593265636687,0.109162179380651,
population,mlp,0,art,79,0.4480933057251513,0.4417527939664505,0.4811593795545621,
population,mlp,0,art,80,0.39844393272303424,0.6685596862416793,0.6795053313298741,
population,mlp,0,art,85,0.0410684039992139,0.027882368189670267,0.07281801624666094,
population,mlp,0,art,86,0.3580546642523182,0.5737265439662186,0.5865799702176235,
population,mlp,0,art,98,0.1639204077884022,0.24562865127381506,0.2961046586759761,
population,mlp,0,art,99,0.49717322285567506,0.6529313781721959,0.6559304430945844,
population,mlp,0,art,105,0.16784216982785438,0.21874683595310895,0.2060276338500778,
population,mlp,0,art,109,0.3586501760465624,0.4029234749468671,0.45134571129063406,
population,mlp,0,art,110,0.23160234850816683,0.3491309306903781,0.3614119272514103,
population,mlp,0,art,116,0.3588869369518728,0.5529766868469338,0.5598844292575481,
population,mlp,0,art,117,0.4439377356263938,0.6491481472373444,0.6677905570800026,
population,mlp,0,art,126,0.4075589260525625,0.4286037403593461,0.45744292597305947,
population,mlp,0,art,127,0.282154444788989,0.4786529408719899,0.5054203968837455,
population,mlp,0,art,136,0.3743461831349905,0.340578614081136,0.3916633116790706,
population,mlp,0,art,144,0.17198893653485772,0.6036211991211999,0.6196920218105251,
population,mlp,0,fashion,3,0.27160464062540196,0.3953902548455759,0.4132263589752661,
population,mlp,0,fashion,14,0.20421301995501803,0.3296930770874688,0.3677601569619077,
population,mlp,0,fashion,15,0.02637631160109193,-0.009445165082199834,0.040002630880160865,
population,mlp,0,fashion,19,0.3561410667148644,0.3949373498555004,0.4096990325106076,
population,mlp,0,fashion,21,0.12669855063079652,0.10644934728506433,0.18015816287714148,
population,mlp,0,fashion,22,0.10232006916402774,0.16432939430829716,0.17601682531287033,
population,mlp,0,fashion,30,0.18618983810369572,0.2646311043610067,0.265789905746013,
population,mlp,0,fashion,50,0.11135192125389508,0.11592915921632119,0.16105418156057877,
population,mlp,0,fashion,57,0.027596923394252664,0.15595691810371487,0.03813021313984436,
population,mlp,0,fashion,62,0.1736438483965691,0.2441357087164456,0.26472993155678637,
population,mlp,0,fashion,63,0.15545919390626114,0.2040200777918275,0.22079887483141467,
population,mlp,0,fashion,79,0.4253336051213803,0.43978558228493164,0.4536872965174423,
population,mlp,0,fashion,80,0.18178788951900104,0.31143510255946966,0.2907696896229383,
population,mlp,0,fashion,85,0.16066784459298708,0.2478510933893809,0.22575391429589384,
population,mlp,0,fashion,86,0.004274314772650965,0.018062079668495767,0.012596129149379067,
population,mlp,0,fashion,98,0.20818270292699922,0.30945180016753565,0.33993996786491026,
population,mlp,0,fashion,99,0.19379690822725834,0.26673979030783823,0.3212493210399105,
population,mlp,0,fashion,105,0.08622754821857063,0.10907311380513317,0.1238552283201149,
population,mlp,0,fashion,109,0.3779139590456721,0.42584888000840326,0.47586136181220523,
population,mlp,0,fashion,110,0.1994074331760346,0.27685093999394933,0.2643594814313874,
population,mlp,0,fashion,116,0.21167873536729379,0.19630639989676255,0.2969743679625279,
population,mlp,0,fashion,117,0.23173550571966836,0.28032024289948526,0.3222862850158777,
population,mlp,0,fashion,126,0.28899154415294176,0.3360329031084626,0.3963315266183889,
population,mlp,0,fashion,127,0.12502920987813904,0.2059596782135336,0.2151145146291765,
population,mlp,0,fashion,136,0.2698112413766844,0.35349034927831585,0.3689613461975552,
population,mlp,0,fashion,144,0.18205819630256884,0.44768879257815936,0.4136536039325794,
population,mlp,0,landscape,3,0.27398960823234514,0.327685589198349,0.33518111057051053,
population,mlp,0,landscape,14,0.14180160045812595,0.20746361030004704,0.22194760331904215,
population,mlp,0,landscape,15,0.07230490214450913,0.0704140842254085,0.09377928346147561,
population,mlp,0,landscape,19,0.29717514928858285,0.3015437601677508,0.32259323914694,
population,mlp,0,landscape,21,0.14354434970107324,0.17246345696011414,0.20491238336025472,
population,mlp,0,landscape,22,0.2440603583377774,0.3591882741035124,0.3483820630219779,
population,mlp,0,landscape,30,0.14051951689073652,0.2654783834540706,0.3132012898506566,
population,mlp,0,landscape,50,0.1937590912383679,0.21183337989448656,0.19532914781370736,
population,mlp,0,landscape,57,0.32675931196353597,0.3636176850169483,0.3441079194529817,
population,mlp,0,landscape,62,0.18875775588737506,0.22101917905494398,0.24343181759665666,
population,mlp,0,landscape,63,0.06291182567595123,0.0380335017347029,0.07652346396993592,
population,mlp,0,landscape,79,0.31236085262137725,0.3236807471152303,0.31461611276051826,
population,mlp,0,landscape,80,0.416178383070253,0.5189748889914864,0.5346730239332348,
population,mlp,0,landscape,85,0.18681599006278593,0.33082601918213045,0.26259072077927226,
population,mlp,0,landscape,86,0.394173139450342,0.4630456371172314,0.43477849818436004,
population,mlp,0,landscape,98,0.20432399690415973,0.32344360836883407,0.33545384287242613,
population,mlp,0,landscape,99,0.3826890113999774,0.5117449682357408,0.4925275549129217,
population,mlp,0,landscape,105,0.21667225744585092,0.22208741440781157,0.2558964345764599,
population,mlp,0,landscape,109,0.3409365242574693,0.392200549706436,0.3987295098231265,
population,mlp,0,landscape,110,0.5259969088942634,0.5653144293161813,0.5831364288924179,
population,mlp,0,landscape,116,0.27012081489136436,0.4288086050406575,0.4697085433286454,
population,mlp,0,landscape,117,0.38109814279074955,0.43066019083571866,0.42542840611861504,
population,mlp,0,landscape,126,0.2653037574797214,0.2491287768733527,0.32111286348070706,
population,mlp,0,landscape,127,0.26783346281669834,0.3556610312655552,0.35886533781492863,
population,mlp,0,landscape,136,0.2905808996968759,0.36870662257790926,0.39366095804518414,
population,mlp,0,landscape,144,0.20576459922997917,0.4124355511677848,0.38367571872828443,
population,mlp,1,art,5,0.1281417867117759,0.19386899407172395,0.23069686822054972,
population,mlp,1,art,6,0.4169076433603142,0.5896869233470112,0.5346066396448349,
population,mlp,1,art,16,0.1856527125982884,0.26346665153962084,0.2695886152783474,
population,mlp,1,art,17,0.12620828859983355,0.1441222904733574,0.1456448561366366,
population,mlp,1,art,23,0.05180105666715743,0.08926255663464093,0.07230873025037553,
population,mlp,1,art,35,0.15878234649154807,0.20375965709796814,0.1853435791763074,
population,mlp,1,art,39,0.5352490713466458,0.6548565912905371,0.629067555105589,
population,mlp,1,art,44,0.3576572951087895,0.5516189150835623,0.5578060843360795,
population,mlp,1,art,51,0.28817609798257776,0.3821341857777944,0.4154122552272585,
population,mlp,1,art,64,0.2548717250842302,0.3415200130358151,0.35046679219644883,
population,mlp,1,art,69,0.3239592478214845,0.33883482064551856,0.34614929876723516,
population,mlp,1,art,81,0.28722635991375894,0.2889803087482256,0.3448855423412542,
population,mlp,1,art,92,0.30095607992066004,0.33258175077619473,0.3623809558627778,
population,mlp,1,art,100,0.36506685169834263,0.5524841375131805,0.5867449910320622,
population,mlp,1,art,101,0.43457180958051805,0.5862327181161658,0.5633030903356689,
population,mlp,1,art,106,0.435786601386881,0.43517275130975447,0.46475101513760536,
population,mlp,1,art,111,0.511135072572063,0.6523989198832192,0.6352277061084521,
population,mlp,1,art,118,0.40650859825436875,0.5195674038149254,0.4903008154846032,
population,mlp,1,art,119,0.29695975352696463,0.4780796392206004,0.4859024410334954,
population,mlp,1,art,128,0.4393325099855361,0.49934592567521446,0.47387360673122153,
population,mlp,1,art,129,0.24191351398508945,0.30828216926180174,0.3213502325562132,
population,mlp,1,art,137,0.42266961448394874,0.44363127205961533,0.47586095019678004,
population,mlp,1,fashion,5,0.06157083702836663,0.0842601455453133,0.09727892096162137,
population,mlp,1,fashion,6,0.27682745235227085,0.35331971696708625,0.3600384865930603,
population,mlp,1,fashion,16,0.19440465514507066,0.3070169417236721,0.29931213365302006,
population,mlp,1,fashion,17,0.0932302378160089,0.012600661419329735,0.1155944217483413,
population,mlp,1,fashion,23,0.19223588766820063,0.28278272939533217,0.32812397243954866,
population,mlp,1,fashion,35,0.15761504236875698,0.19375076075091402,0.1771207531671866,
population,mlp,1,fashion,39,0.2509271936997149,0.285411926660116,0.30704683457988113,
population,mlp,1,fashion,44,0.18683191901290266,0.3978623039798897,0.3212531971862121,
population,mlp,1,fashion,51,0.23488172124683956,0.35657240888119474,0.3684418043831623,
population,mlp,1,fashion,64,0.007853568606760735,0.04447223682952473,0.02275087446294043,
population,mlp,1,fashion,69,0.0899100574083679,0.11315088124426527,0.09647142014614762,
population,mlp,1,fashion,81,0.23787323969745655,0.38914196695890374,0.38905591469499434,
population,mlp,1,fashion,92,0.09304336735346186,0.17398599323405606,0.13576947375240686,
population,mlp,1,fashion,100,0.2402658885186372,0.4232727220323711,0.4480330497742396,
population,mlp,1,fashion,101,0.13292227803847442,0.18148685826898595,0.15583721276720444,
population,mlp,1,fashion,106,0.0718555899116117,0.1457625915853643,0.16547537845930585,
population,mlp,1,fashion,111,0.25334052293633086,0.384542666723151,0.34940744392848994,
population,mlp,1,fashion,118,0.23305076364878688,0.3081157588155255,0.27575054385995207,
population,mlp,1,fashion,119,0.19138777745119806,0.3394565763447845,0.36587136895970246,
population,mlp,1,fashion,128,0.2573546234374324,0.28739848386704286,0.31143854954345174,
population,mlp,1,fashion,129,0.0960503097912665,0.10039001322206563,0.15848505796402232,
population,mlp,1,fashion,137,0.0709349841738981,0.0886880966294575,0.10574116435100307,
population,mlp,1,landscape,5,0.26698723202324276,0.4373570919823195,0.42444518315615226,
population,mlp,1,landscape,6,0.3361214065526492,0.4523154866665955,0.42801553188149644,
population,mlp,1,landscape,16,0.2560055006980861,0.3539393479343978,0.37676490408222724,
population,mlp,1,landscape,17,-0.1481780656172773,-0.13293428183564818,-0.16347915785241499,
population,mlp,1,landscape,23,0.37202114172848083,0.6137023717014347,0.612899215627413,
population,mlp,1,landscape,35,0.3060838430087865,0.38723654427754267,0.34445994273340347,
population,mlp,1,landscape,39,0.3986656375135347,0.5474071646668167,0.5309836325387459,
population,mlp,1,landscape,44,0.36673476826730894,0.5269722850613102,0.4922367046686955,
population,mlp,1,landscape,51,0.39289150567622366,0.6267104019688314,0.5866510502428584,
population,mlp,1,landscape,64,0.14726558055189534,0.22064793471230718,0.24027992927193229,
population,mlp,1,landscape,69,0.182739811921772,0.21110811040231348,0.18630404206505255,
population,mlp,1,landscape,81,0.2836351335654172,0.4273695948028669,0.3800444819769388,
population,mlp,1,landscape,92,0.23947917789934473,0.3154524395435283,0.3168629583956572,
population,mlp,1,landscape,100,0.1702690227131585,0.2941275492670998,0.24589207237875652,
population,mlp,1,landscape,101,0.15784525690991755,0.21798361286590032,0.23667002725682743,
population,mlp,1,landscape,106,0.24575513562509746,0.31815037692657405,0.331189476251067,
population,mlp,1,landscape,111,0.15534875735144127,0.23383741789920576,0.1930065347116902,
population,mlp,1,landscape,118,0.2532409562284869,0.38314124930169985,0.34675573420241346,
population,mlp,1,landscape,119,0.36899041845448405,0.5629404980843615,0.580817095734082,
population,mlp,1,landscape,128,0.2768128688018419,0.353033386822254,0.3270262733156804,
population,mlp,1,landscape,129,0.37220177002294275,0.5026406648653469,0.49628924593179385,
population,mlp,1,landscape,137,0.25892013397806446,0.3634989820645427,0.35521838705293335,
population,mlp,2,art,7,0.1418758990596225,0.16855829367243771,0.1581405527102406,
population,mlp,2,art,8,0.28444330432718673,0.542964739281091,0.532943088394646,
population,mlp,2,art,40,0.18804636578357126,0.2522421589484327,0.28855253016071364,
population,mlp,2,art,41,0.3652460454217812,0.5305491210942614,0.5351098462625566,
population,mlp,2,art,45,-0.03286203452920817,-0.011977542424890434,-0.041383421373777034,
population,mlp,2,art,46,0.029581422763847898,0.0033564529351199357,0.03712487015452961,
population,mlp,2,art,52,0.461314408883525,0.5795512446620906,0.5673502736446393,
population,mlp,2,art,58,0.4911668777413629,0.6314617531962604,0.6383272923624617,
population,mlp,2,art,65,0.5835886842321673,0.6725923692989131,0.6596642784858994,
population,mlp,2,art,66,0.3048207134246423,0.38198491896631165,0.37404329813128023,
population,mlp,2,art,74,0.340478422388615,0.3982971113412484,0.36411058522647116,
population,mlp,2,art,83,0.6024154622834234,0.650840110939206,0.6179027769100641,
population,mlp,2,art,87,0.29147609113165107,0.4684869105954672,0.4888561840743603,
population,mlp,2,art,93,0.3240851458855663,0.4183694646788722,0.41899079502606895,
population,mlp,2,art,94,0.40666585477894773,0.66632531825459,0.6748368746584728,
population,mlp,2,art,102,0.20924834883202248,0.31059918212172366,0.273493978477843,
population,mlp,2,art,112,0.3856558761895384,0.42723352023185973,0.4242857494701999,
population,mlp,2,art,113,0.3415966061970233,0.4466057355138564,0.4242721615215384,
population,mlp,2,art,120,0.549104968798165,0.6533620854620004,0.659520409757986,
population,mlp,2,art,121,0.27802708156267547,0.40487341497019624,0.406732091424225,
population,mlp,2,art,131,0.23248108442680873,0.3630398113342446,0.32602233951318155,
population,mlp,2,art,138,0.3422070544370707,0.3637721755368814,0.37731936225140195,
population,mlp,2,art,139,0.08302008106151437,0.12348105619600941,0.1023501937403371,
population,mlp,2,fashion,7,0.24153572836259252,0.2899849204009115,0.31375583746444896,
population,mlp,2,fashion,8,0.29439910007782405,0.3471053715855454,0.36997164979869696,
population,mlp,2,fashion,40,0.3246271000956116,0.2678208643136007,0.3761707254649141,
population,mlp,2,fashion,41,0.28674282721807964,0.42398726409216136,0.4334242782597603,
population,mlp,2,fashion,45,0.15616672183515107,0.21934837264030196,0.2125441064445416,
population,mlp,2,fashion,46,0.07253788956000694,0.18964638255417712,0.11728350350027832,
population,mlp,2,fashion,52,0.3214284487895388,0.3838481923527561,0.4504885421256684,
population,mlp,2,fashion,58,0.2013029923606107,0.26179026074326367,0.2647201101504203,
population,mlp,2,fashion,65,0.1841464337252983,0.2040685583236043,0.24566733519634698,
population,mlp,2,fashion,66,0.275187812409422,0.3438009440076241,0.3210698524427225,
population,mlp,2,fashion,74,-0.06681938893994789,-0.11974915337223487,-0.07597321669362533,
population,mlp,2,fashion,83,0.45233317050572314,0.4560894423994164,0.46251965887540925,
population,mlp,2,fashion,87,0.18604742224091933,0.26901108525865786,0.26891880239700905,
population,mlp,2,fashion,93,0.3282692315979315,0.4265425512469774,0.4436148592918672,
population,mlp,2,fashion,94,0.2853994332113294,0.4501067221366302,0.47147911407991877,
population,mlp,2,fashion,102,0.2120290206748617,0.3095959947081289,0.3304556172569431,
population,mlp,2,fashion,112,0.14912057715591542,0.23575170574706747,0.22794784402396387,
population,mlp,2,fashion,113,0.2645454122317289,0.3157635396421402,0.36551629636807337,
population,mlp,2,fashion,120,0.15974111313344694,0.1606153028715795,0.17816040027338406,
population,mlp,2,fashion,121,0.26880800261318977,0.34841093666607675,0.3836885465413913,
population,mlp,2,fashion,131,0.06144340736139423,0.10791672787764328,0.08561415774337311,
population,mlp,2,fashion,138,0.27477881015266375,0.3005318677348861,0.3316006611069992,
population,mlp,2,fashion,139,0.3534419626711945,0.4693140011382895,0.46370878135216725,
population,mlp,2,landscape,7,0.2154374757463237,0.18304351701409352,0.22704100720036158,
population,mlp,2,landscape,8,0.41214077553121325,0.45387522357669785,0.4674624094610684,
population,mlp,2,landscape,40,0.15023375679627424,0.1602892285845737,0.16723043038786414,
population,mlp,2,landscape,41,0.35242617901316375,0.437133412322525,0.46406046050967725,
population,mlp,2,landscape,45,0.48926737721812374,0.5577721249030769,0.5503887286687362,
population,mlp,2,landscape,46,0.14204039371186825,0.3787236749833738,0.3257678097331899,
population,mlp,2,landscape,52,0.3146879816660707,0.49658722259181126,0.46846267788704665,
population,mlp,2,landscape,58,0.4562378373640515,0.48243139247782074,0.5104749278081583,
population,mlp,2,landscape,65,0.31842815474513525,0.3853238994391773,0.3916806838785934,
population,mlp,2,landscape,66,0.4232505632493904,0.41549093145312704,0.4907732826528051,
population,mlp,2,landscape,74,0.21119812177453687,0.25430290970883646,0.23960359108993523,
population,mlp,2,landscape,83,0.32736808668625533,0.39502147555715394,0.41775159764256836,
population,mlp,2,landscape,87,0.3222697256568968,0.39684577961632206,0.4040865148650294,
population,mlp,2,landscape,93,0.4234602086740065,0.5367187363313498,0.5450479121782686,
population,mlp,2,landscape,94,0.34162350854442486,0.4496248013555797,0.4472111711862196,
population,mlp,2,landscape,102,0.31385333574438995,0.4355864341489674,0.45052561320122614,
population,mlp,2,landscape,112,0.20957608304543307,0.20696623613055365,0.24107407731743255,
population,mlp,2,landscape,113,0.3157278108161677,0.3633027770934862,0.37527139693989175,
population,mlp,2,landscape,120,0.3942353463936074,0.46879000548050787,0.5097961820009081,
population,mlp,2,landscape,121,0.5829028548655689,0.6832774785848569,0.6413421587039295,
population,mlp,2,landscape,131,0.2093277049355549,0.2993608864258966,0.2865427544423538,
population,mlp,2,landscape,138,0.5653502887457164,0.6558956707321874,0.6504000344457211,
population,mlp,2,landscape,139,0.3552282072608491,0.48367039527252964,0.4660027151607174,
population,mlp,3,art,0,0.28588602229761423,0.30013766624120536,0.3828031493353487,
population,mlp,3,art,9,0.3794493349224808,0.4298729669961196,0.3885795924707632,
population,mlp,3,art,10,0.18160115019722212,0.4707301645598156,0.3825186702597345,
population,mlp,3,art,11,0.4808852662570322,0.5251492684087694,0.58020899168468,
population,mlp,3,art,24,0.41882812012466203,0.5294217037929155,0.5097324407460844,
population,mlp,3,art,28,0.5342804915738913,0.6336763603626925,0.6141460661030494,
population,mlp,3,art,31,0.27712476419518617,0.48650666499635037,0.4637880551951527,
population,mlp,3,art,32,0.23972270552828726,0.3768636648030855,0.4045555792803009,
population,mlp,3,art,36,0.3420825804370809,0.4105139745530904,0.4234459394492236,
population,mlp,3,art,42,0.3354562725339825,0.4168370774351773,0.4649924493987143,
population,mlp,3,art,47,0.3382751415718046,0.4021653279669553,0.41610970794256175,
population,mlp,3,art,54,0.16457860924881718,0.1808469640036573,0.23260203163274187,
population,mlp,3,art,55,0.11404469104486459,0.19703727358467016,0.15214821043779728,
population,mlp,3,art,59,0.3096149210634264,0.38506586111112284,0.4082645661617521,
population,mlp,3,art,60,0.4498205160169689,0.5893773680568436,0.5515759077729357,
population,mlp,3,art,67,0.2694108492382183,0.2777620579928255,0.27693232029019726,
population,mlp,3,art,68,0.41997794732855737,0.5345008168524817,0.5559699410269596,
population,mlp,3,art,75,0.3047137659889974,0.34082888483815127,0.3728370328997712,
population,mlp,3,art,76,0.3057787577868361,0.3881108140581462,0.3857199153438308,
population,mlp,3,art,82,0.4087509524568594,0.5427617350547697,0.5356556117100092,
population,mlp,3,art,84,0.27863986041111344,0.3180090029438377,0.3447638036405709,
population,mlp,3,art,88,0.40404402798707445,0.41323724650032934,0.5145724497917256,
population,mlp,3,art,95,0.3662356752104082,0.46497260286697734,0.5191441242906054,
population,mlp,3,art,96,0.46096422455118535,0.5431891183686731,0.5750584227921971,
population,mlp,3,art,107,0.4377350889380846,0.47610474287111443,0.4892041805074017,
population,mlp,3,art,122,0.3952383693701411,0.5596835321961079,0.5909972786343295,
population,mlp,3,art,123,0.3368257129929358,0.31702796184698595,0.4064016640656727,
population,mlp,3,art,132,0.32478320311428105,0.45713072075872113,0.5122314946639238,
population,mlp,3,art,140,0.3211056591819484,0.373649308495672,0.39391290536794715,
population,mlp,3,art,141,0.40391989182813903,0.48711475535077725,0.46384640396318494,
population,mlp,3,fashion,0,0.28746468129354413,0.3422366292123909,0.3310047769295143,
population,mlp,3,fashion,9,0.124147912350639,0.09347068111344346,0.15189922850188572,
population,mlp,3,fashion,10,0.21009427189435015,0.377126222628451,0.41364034020099494,
population,mlp,3,fashion,11,0.4156280936725745,0.4950987064135049,0.4638785616975138,
population,mlp,3,fashion,24,0.28271877211318924,0.31561982547445555,0.3421095276139737,
population,mlp,3,fashion,28,0.2666445900470071,0.34530130558391114,0.2957318219370001,
population,mlp,3,fashion,31,0.08874902475716569,0.14942074104945463,0.18462540241604516,
population,mlp,3,fashion,32,0.08208383974294574,0.09369358725658317,0.12284517336576846,
population,mlp,3,fashion,36,0.227521421353745,0.21283779042929937,0.2707515207248605,
population,mlp,3,fashion,42,0.09034282939488524,0.14860982583792234,0.16096583035675463,
population,mlp,3,fashion,47,0.18162386436071276,0.23805453457530726,0.2900124451137242,
population,mlp,3,fashion,54,0.1643620375630894,0.2383535408679879,0.23534988572481944,
population,mlp,3,fashion,55,0.19693192568662646,0.11615234015152998,0.22337467627000498,
population,mlp,3,fashion,59,0.22090743062840743,0.3372617908877566,0.4066673992566514,
population,mlp,3,fashion,60,0.2869681674261315,0.2369753515158742,0.33636728305619884,
population,mlp,3,fashion,67,-0.028506733769824735,-0.053955435120923,-0.03131485387370293,
population,mlp,3,fashion,68,0.3188655456539446,0.46167971454504036,0.4488011434567778,
population,mlp,3,fashion,75,0.2830203830121388,0.323893132314123,0.34399758991842005,
population,mlp,3,fashion,76,0.290284678756853,0.31820080427662245,0.313564040211013,
population,mlp,3,fashion,82,0.21209196624822302,0.2965784989155118,0.31289448107745327,
population,mlp,3,fashion,84,0.2819434023882468,0.39636443958754114,0.3880652404975324,
population,mlp,3,fashion,88,0.19593471830212114,0.30326245609910457,0.3132578712822883,
population,mlp,3,fashion,95,0.0224799704096539,0.08332882304801686,0.041563381951298835,
population,mlp,3,fashion,96,0.18273034139146735,0.20232946407818134,0.2119872770885902,
population,mlp,3,fashion,107,0.13375692697509997,0.1345342615938151,0.15771627096520113,
population,mlp,3,fashion,122,0.19232714592596403,0.28548203268816036,0.2938321507904848,
population,mlp,3,fashion,123,0.32155074212633755,0.3260963084916932,0.3543144322820848,
population,mlp,3,fashion,132,0.06967943207524274,0.15951567794371335,0.14665307300889277,
population,mlp,3,fashion,140,0.2715741415174053,0.4302901869448381,0.3892554871701335,
population,mlp,3,fashion,141,0.10979829658801703,0.15670656964142105,0.1349635134525843,
population,mlp,3,landscape,0,0.16559630389973434,0.3516046110064939,0.3274767394441598,
population,mlp,3,landscape,9,0.5703460863064361,0.5181803268260333,0.5993614977780802,
population,mlp,3,landscape,10,0.2687028966633183,0.511322377086931,0.49941814938310475,
population,mlp,3,landscape,11,0.3219859620805911,0.36503574041547737,0.4068649175244648,
population,mlp,3,landscape,24,0.1236800233725836,0.1378417029241711,0.13073984704724995,
population,mlp,3,landscape,28,0.22286682982387207,0.26763617540891244,0.26817268553835166,
population,mlp,3,landscape,31,0.13737086131775886,0.38945999414161553,0.25126415999765905,
population,mlp,3,landscape,32,0.34099232516096983,0.4206050938422707,0.4431334877658382,
population,mlp,3,landscape,36,0.43266050957950813,0.529639708010009,0.5308375922308813,
population,mlp,3,landscape,42,0.33305724514350593,0.40254232545681595,0.3973392795257455,
population,mlp,3,landscape,47,0.43266755568455345,0.4929612542960448,0.535377517858101,
population,mlp,3,landscape,54,0.10606480277382434,0.08149523303014856,0.1305542386467729,
population,mlp,3,landscape,55,0.4168445886337997,0.44495540114637966,0.48936381635113446,
population,mlp,3,landscape,59,0.28497176933363383,0.44597253491277233,0.4369746035470859,
population,mlp,3,landscape,60,0.5066968137136664,0.6686465526552429,0.6248897578207485,
population,mlp,3,landscape,67,0.5005766412511122,0.5198610813258692,0.5193028361977867,
population,mlp,3,landscape,68,0.2751873724363228,0.322421583242445,0.3522052389519934,
population,mlp,3,landscape,75,0.2543874150858559,0.39979707706440465,0.3765435203742487,
population,mlp,3,landscape,76,0.2521045538481557,0.24080519499534925,0.28481300130688186,
population,mlp,3,landscape,82,0.3855734467327904,0.405856741412767,0.4274479112706539,
population,mlp,3,landscape,84,0.4273169501213256,0.45603972199793325,0.49405560058192083,
population,mlp,3,landscape,88,0.5195106185941993,0.6222744154757578,0.6239971266487959,
population,mlp,3,landscape,95,0.27718731669018387,0.40473548920858143,0.39733944963587725,
population,mlp,3,landscape,96,0.36570123101517243,0.41051262064601496,0.44483520662300063,
population,mlp,3,landscape,107,0.20208428831923067,0.2542902799596262,0.2093823168695856,
population,mlp,3,landscape,122,0.36011517167073054,0.4979758617626937,0.47229611707626634,
population,mlp,3,landscape,123,0.33861809665490555,0.3959008513114304,0.40983587268360716,
population,mlp,3,landscape,132,0.14165286315471795,0.3592726027107103,0.45444419890714166,
population,mlp,3,landscape,140,0.17161413236091624,0.377339415022182,0.2574389732847932,
population,mlp,3,landscape,141,0.4437948179204829,0.4983035782650627,0.5038656433449439,
population,mlp,4,art,1,0.40893103693338023,0.39615759317266724,0.4155498639977145,
population,mlp,4,art,2,0.6247129617720542,0.7650593306914989,0.7156816332720458,
population,mlp,4,art,12,0.5111517421847971,0.5561665484597551,0.5309721974908092,
population,mlp,4,art,13,0.4294756734363381,0.458157312027586,0.5085486430185941,
population,mlp,4,art,26,0.35132123252690867,0.39372620740332875,0.3790042438084423,
population,mlp,4,art,29,0.2026684157355355,0.19477035386998387,0.2191302004472424,
population,mlp,4,art,34,0.35667440320279725,0.5586940734213655,0.5558617228884132,
population,mlp,4,art,38,0.539066678783029,0.6130144103562117,0.618283404988187,
population,mlp,4,art,43,0.27689516719881097,0.3741698733793927,0.36621764742608137,
population,mlp,4,art,48,0.5108867671405902,0.5514508344640677,0.5875798600227192,
population,mlp,4,art,49,0.4981962276528926,0.5844086534479523,0.568991823147662,
population,mlp,4,art,56,0.048290069658816465,0.06460811292821783,0.12214397187913527,
population,mlp,4,art,61,0.386614219364382,0.4652441026873055,0.5007096765546083,
population,mlp,4,art,72,0.22259757091011947,0.4230166065998455,0.4431662586919923,
population,mlp,4,art,77,0.3486131536749532,0.4065001125907406,0.3967562515394258,
population,mlp,4,art,78,0.41063830030087095,0.5110762638875472,0.5243392798530144,
population,mlp,4,art,89,0.39749873202857217,0.5762834762944856,0.561221962732943,
population,mlp,4,art,90,0.30992920740510804,0.39375254829151723,0.3729482857148579,
population,mlp,4,art,97,0.4716275592887818,0.46554711662739295,0.4827561278548113,
population,mlp,4,art,103,0.49758841448693764,0.6270810054766122,0.6328458480126496,
population,mlp,4,art,108,0.173072561893206,0.2703601232357114,0.2515197635762691,
population,mlp,4,art,114,0.24787214309800354,0.46475996646998335,0.4348874862280061,
population,mlp,4,art,115,0.15576669053907433,0.2721972325118821,0.23836479012459058,
population,mlp,4,art,124,0.36399287705086586,0.39330384454680073,0.4140052867235752,
population,mlp,4,art,134,0.5125989817829022,0.6074463245970207,0.6016999294842703,
population,mlp,4,art,135,0.20817222751821615,0.09858503120571277,0.2200435444065656,
population,mlp,4,art,142,0.38303915457934484,0.5018259724990163,0.5133053534635483,
population,mlp,4,art,143,0.5157941460466829,0.7008493621139968,0.6866588488525357,
population,mlp,4,fashion,1,0.10661136859881587,0.14630147446329184,0.12541831549412222,
population,mlp,4,fashion,2,0.2482258112657679,0.41129783279183746,0.43340987938561065,
population,mlp,4,fashion,12,0.16600044409759096,0.1893057208559711,0.1930803969733187,
population,mlp,4,fashion,13,0.29004934082658934,0.2778836193570323,0.3234276669472211,
population,mlp,4,fashion,26,0.2933114821105522,0.30585595037869345,0.32699387794801377,
population,mlp,4,fashion,29,0.10254447415528163,0.14008346466037191,0.13000560569940853,
population,mlp,4,fashion,34,0.19373811062804716,0.2798053339466619,0.26274633773179,
population,mlp,4,fashion,38,0.2896399455057208,0.3616170668384571,0.38207842054445534,
population,mlp,4,fashion,43,0.29994672508693293,0.39574876645910934,0.34533292150350975,
population,mlp,4,fashion,48,0.32323972236874704,0.398485830940606,0.38423964058600596,
population,mlp,4,fashion,49,0.04187284772838099,0.0920958520045521,0.047447325166833705,
population,mlp,4,fashion,56,0.05166376802896087,0.08596412587964403,0.15484006224870073,
population,mlp,4,fashion,61,0.18355735103700357,0.21601156239696373,0.20872113366732378,
population,mlp,4,fashion,72,0.0848335660015702,0.06783053332859407,0.13109812138730395,
population,mlp,4,fashion,77,0.3838685045184127,0.46619690075184356,0.48527292629408625,
population,mlp,4,fashion,78,0.21185864717564298,0.3210049073832736,0.2972748648443823,
population,mlp,4,fashion,89,0.2084800887438614,0.35734700060175245,0.37089175069593017,
population,mlp,4,fashion,90,0.11507447615210394,0.15881413436618277,0.16096131148067164,
population,mlp,4,fashion,97,0.40712640375744374,0.4555948299535764,0.4421726074702295,
population,mlp,4,fashion,103,0.055990639148987165,0.0709520648451999,0.06361362569967627,
population,mlp,4,fashion,108,0.300836844679849,0.3838483761083957,0.3935727162061085,
population,mlp,4,fashion,114,0.3006341157989213,0.32233900477976,0.36519358647838196,
population,mlp,4,fashion,115,0.19911580716248986,0.31067326167323595,0.3504242053687951,
population,mlp,4,fashion,124,0.25772285760278196,0.44715500077931675,0.4458263377983562,
population,mlp,4,fashion,134,0.233261309107793,0.2958424437877946,0.2629968081311047,
population,mlp,4,fashion,135,-0.008200951174068634,-0.022985631890580366,-0.00999561800200057,
population,mlp,4,fashion,142,0.18118980477969693,0.35430447161787787,0.36648844986045964,
population,mlp,4,fashion,143,0.3246925389477782,0.34618063414847144,0.3805817593444152,
population,mlp,4,landscape,1,0.34425529502269786,0.5000336648638556,0.4950688081297466,
population,mlp,4,landscape,2,0.30579565003070597,0.4439578077981237,0.5090230648827684,
population,mlp,4,landscape,12,0.50534526529859,0.6149125752069382,0.6241384309103327,
population,mlp,4,landscape,13,0.17559615819985006,0.18653931331895932,0.242631883908224,
population,mlp,4,landscape,26,0.14118046762626582,0.1844482781558626,0.18941455879673122,
population,mlp,4,landscape,29,0.23987477508903365,0.2295853926912168,0.2495197145695833,
population,mlp,4,landscape,34,0.45481473365147473,0.582144915995184,0.5644489739411473,
population,mlp,4,landscape,38,0.42674171676587996,0.5124526841309633,0.4794456038693294,
population,mlp,4,landscape,43,0.14704413535228247,0.3381160990133518,0.36918199378128386,
population,mlp,4,landscape,48,0.2600800158543046,0.26849744953648447,0.27060510737037546,
population,mlp,4,landscape,49,0.48085340118236175,0.5017769772338955,0.4999473740316848,
population,mlp,4,landscape,56,0.019154012754833933,0.12603889116019923,0.1176179497678957,
population,mlp,4,landscape,61,0.26639535566980305,0.4448092960531623,0.4411657093809162,
population,mlp,4,landscape,72,-0.04179553368221553,-0.11527397306965449,-0.07716323998525106,
population,mlp,4,landscape,77,0.2445860383255559,0.35915083832227923,0.34513545924953787,
population,mlp,4,landscape,78,0.16311035150781175,0.2601526303373897,0.25436221059194447,
population,mlp,4,landscape,89,0.3294859643482824,0.40422577529265385,0.48950735836479525,
population,mlp,4,landscape,90,0.3665630690104738,0.5366782342109616,0.5191334897707017,
population,mlp,4,landscape,97,0.4662388872237142,0.480868831414955,0.4686901555778989,
population,mlp,4,landscape,103,0.22887367667210243,0.2606739243182299,0.2576343844105731,
population,mlp,4,landscape,108,0.2144952599700216,0.2890783724044563,0.28168862372012154,
population,mlp,4,landscape,114,0.29501997752228215,0.36236008421690763,0.34551166034568737,
population,mlp,4,landscape,115,0.22650946692074156,0.28177752443865817,0.29283180399058933,
population,mlp,4,landscape,124,0.2643076537976354,0.4116304627260241,0.39848492489273085,
population,mlp,4,landscape,134,0.29300632759094686,0.347560089048039,0.32573508600806833,
population,mlp,4,landscape,135,0.37629393495255886,0.3591142956272348,0.389574190453095,
population,mlp,4,landscape,142,0.28743630471356924,0.41727602015688475,0.38883475025550257,
population,mlp,4,landscape,143,0.5206447330790669,0.6628012889179894,0.6433504078300372,
population,ridge,0,art,3,0.0696484170630101,0.1000371690982388,0.0959784853838684,
population,ridge,0,art,14,0.3209065708375359,0.6387189479847772,0.6318512530494379,
population,ridge,0,art,15,0.1676902202765954,0.2265408498096153,0.23011940668523648,
population,ridge,0,art,19,0.5000572351739344,0.5763815116948287,0.5774940397691585,
population,ridge,0,art,21,0.2580570034980329,0.4620101451108722,0.4633575163440273,
population,ridge,0,art,22,0.2893085154397253,0.4197859988448614,0.4241239647530752,
population,ridge,0,art,30,-0.1871926831879268,-0.2167027463803816,-0.2097888838324148,
population,ridge,0,art,50,0.494797131068719,0.4833905830178234,0.5183751256013021,
population,ridge,0,art,57,0.4651305153214178,0.5106581584154437,0.5381880526007186,
population,ridge,0,art,62,0.2660497945334513,0.494897441611381,0.5166442717746041,
population,ridge,0,art,63,0.11741564424906,0.1567160551752262,0.1638334742884887,
population,ridge,0,art,79,0.4554512711864512,0.4647452203784049,0.5143666626747687,
population,ridge,0,art,80,0.33983568919481,0.6826756527713499,0.6575850529869699,
population,ridge,0,art,85,0.0504340313874436,0.0280517628931312,0.0935058121100309,
population,ridge,0,art,86,0.3951812263240316,0.6414511814496295,0.6436024575195789,
population,ridge,0,art,98,0.21696043499332998,0.4032910283723788,0.4165314280776839,
population,ridge,0,art,99,0.4782348709326764,0.7264778484164266,0.7392398390210287,
population,ridge,0,art,105,0.1922719073210841,0.2583322783645522,0.2500594519373834,
population,ridge,0,art,109,0.3691157229595428,0.46805810151923105,0.4838931536354467,
population,ridge,0,art,110,0.3185584775166397,0.485309465622598,0.5076547537950495,
population,ridge,0,art,116,0.378744931883581,0.5973413388710003,0.6114999125151587,
population,ridge,0,art,117,0.4259790870034063,0.7377247531723158,0.739340510270083,
population,ridge,0,art,126,0.39340166182200403,0.4633154734958584,0.4782980275690978,
population,ridge,0,art,127,0.252231739229745,0.4662216715194727,0.49767682276914654,
population,ridge,0,art,136,0.3760074438048036,0.3459654974672268,0.3940516628054916,
population,ridge,0,art,144,0.1743393492012604,0.6680774906151098,0.6706504313774072,
population,ridge,0,fashion,3,0.221440408138849,0.43458244677325136,0.4744860119755672,
population,ridge,0,fashion,14,0.2171978112010657,0.4601396354167493,0.5392255874260521,
population,ridge,0,fashion,15,0.0024543905766682,-0.0065014520642293,0.005682075485472701,
population,ridge,0,fashion,19,0.3096701059057794,0.42681964016831514,0.4763975454577494,
population,ridge,0,fashion,21,0.12243256794629491,0.1872336407396528,0.2307476367349182,
population,ridge,0,fashion,22,0.1507008360186619,0.393805686409602,0.3826560790331559,
population,ridge,0,fashion,30,0.170276549581177,0.3354828278077899,0.3268933518394801,
population,ridge,0,fashion,50,0.0352698409956638,-0.010584142537413,0.0623674901925387,
population,ridge,0,fashion,57,0.0953982198300264,0.2416781632485413,0.1762694735614858,
population,ridge,0,fashion,62,0.1384678430092148,0.2957836076347694,0.2833511097190151,
population,ridge,0,fashion,63,0.1587383603162535,0.24022927152477122,0.2615973934027498,
population,ridge,0,fashion,79,0.41533055299914484,0.4330404046425247,0.5264666913817061,
population,ridge,0,fashion,80,0.1081733426399147,0.2218363649383028,0.2376932178098731,
population,ridge,0,fashion,85,0.2279464718043752,0.42475413524912947,0.42092641377186685,
population,ridge,0,fashion,86,0.0520725133416094,0.0830555463980692,0.1147819353041058,
population,ridge,0,fashion,98,0.1478595009677775,0.3042814533768127,0.3273480936073812,
population,ridge,0,fashion,99,0.2378584753587071,0.4198530677613886,0.45534374397533134,
population,ridge,0,fashion,105,0.0695470709990425,0.1253191654994477,0.1374172290512242,
population,ridge,0,fashion,109,0.3282953754861839,0.4790229815619495,0.5456339751522641,
population,ridge,0,fashion,110,0.2597813308842886,0.3448727928958437,0.3776607955821896,
population,ridge,0,fashion,116,0.1932995279802773,0.2428154522235879,0.35995940348969774,
population,ridge,0,fashion,117,0.3284938147060801,0.4766717398384026,0.5335383360386456,
population,ridge,0,fashion,126,0.23178763699882557,0.2538242330615408,0.4027775069417617,
population,ridge,0,fashion,127,0.2129080865502575,0.5300948213393801,0.505102066246124,
population,ridge,0,fashion,136,0.2446748020111733,0.5055842447604649,0.46146590239647506,
population,ridge,0,fashion,144,0.1427965260374081,0.5397303240308864,0.4847362142681455,
population,ridge,0,landscape,3,0.3313312214088749,0.4202267308483336,0.4782536210763442,
population,ridge,0,landscape,14,0.1963370544469448,0.3538744936123055,0.3749376269463424,
population,ridge,0,landscape,15,0.0384818864095135,0.0440088026408803,0.0594702373277362,
population,ridge,0,landscape,19,0.42082793511224265,0.4960897207363025,0.5287614156564223,
population,ridge,0,landscape,21,0.094578632711118,0.1296595141841545,0.1551846172394538,
population,ridge,0,landscape,22,0.2695721852002728,0.42893972209403025,0.4543634846193479,
population,ridge,0,landscape,30,0.1409363566485271,0.34063909868879233,0.3896706697435317,
population,ridge,0,landscape,50,0.3776838040640318,0.4285102562543662,0.3956111348080358,
population,ridge,0,landscape,57,0.39982180836291653,0.4576892729123634,0.4686962899521316,
population,ridge,0,landscape,62,0.2750471845010569,0.3328721989818945,0.4257793840136774,
population,ridge,0,landscape,63,0.1555765559131791,0.1560613794005473,0.2094278512740273,
population,ridge,0,landscape,79,0.3313591180985536,0.3904598793560496,0.3465706395169605,
population,ridge,0,landscape,80,0.3942509301219308,0.6390763214391869,0.6394934438656918,
population,ridge,0,landscape,85,0.1377719662059978,0.2814286402552257,0.2417662061651107,
population,ridge,0,landscape,86,0.4698463386888497,0.5661481155396166,0.5608318701527728,
population,ridge,0,landscape,98,0.2515107266568662,0.4558591283137155,0.4873062190693613,
population,ridge,0,landscape,99,0.4011427344118293,0.5972367873353108,0.5716066327974859,
population,ridge,0,landscape,105,0.2441773053328039,0.3466486152749521,0.3480112061253217,
population,ridge,0,landscape,109,0.31486037586605,0.3936154746555063,0.4204650844214355,
population,ridge,0,landscape,110,0.5672962593181681,0.6773190828499889,0.6672552544628209,
population,ridge,0,landscape,116,0.2285789580530498,0.4440688781687301,0.4830603821999953,
population,ridge,0,landscape,117,0.45193954741386905,0.5510243654029895,0.5464892700923488,
population,ridge,0,landscape,126,0.1816963911799261,0.24164174956309012,0.2730594885696155,
population,ridge,0,landscape,127,0.2387143279053173,0.3234141269326402,0.3679794892681054,
population,ridge,0,landscape,136,0.3550446855518155,0.4661580093863607,0.5099188893622839,
population,ridge,0,landscape,144,0.2544366118500509,0.5826065383704071,0.5703891883283897,
population,ridge,1,art,5,0.1050298283677409,0.18091367037913378,0.2079187920014498,
population,ridge,1,art,6,0.46891303081947394,0.6955277398264431,0.6610263247487407,
population,ridge,1,art,16,0.24302441630537466,0.4318142362484126,0.4441537329576964,
population,ridge,1,art,17,0.0951172145710067,0.1343351987514556,0.1167030151024367,
population,ridge,1,art,23,0.0917442943326542,0.1257976997379943,0.137669261161678,
population,ridge,1,art,35,0.0785332008277533,0.1239966467179569,0.0988483837682408,
population,ridge,1,art,39,0.5714494769859253,0.7551615512399882,0.7710498366388219,
population,ridge,1,art,44,0.34971420725354924,0.6442808861252638,0.6221326405183629,
population,ridge,1,art,51,0.3306950997438882,0.523413845635951,0.5573699818979332,
population,ridge,1,art,64,0.2172311879599659,0.3725086901768407,0.3498016172747358,
population,ridge,1,art,69,0.3000314843336951,0.3485244221249355,0.3451631751534079,
population,ridge,1,art,81,0.2995025628927085,0.3498887832383117,0.422376825665846,
population,ridge,1,art,92,0.2718236919854171,0.3489825044686868,0.3778585401405569,
population,ridge,1,art,100,0.37891693644492025,0.6158341921929029,0.6583502924112724,
population,ridge,1,art,101,0.4576896788716991,0.6286828123709176,0.6097006147605794,
population,ridge,1,art,106,0.4134025900378567,0.4795204959576387,0.484194264056141,
population,ridge,1,art,111,0.47638884443528823,0.6833186886705841,0.6721776819906208,
population,ridge,1,art,118,0.45420999159203274,0.6419592649092528,0.6184039918760078,
population,ridge,1,art,119,0.2796760986148887,0.5684837286940606,0.5850196426533146,
population,ridge,1,art,128,0.41672000027432327,0.5219743397240193,0.48975242230982,
population,ridge,1,art,129,0.23973793634636173,0.3418183718210723,0.35491553881964427,
population,ridge,1,art,137,0.4669559010812307,0.49993194927383183,0.5422346053027901,
population,ridge,1,fashion,5,0.0933742326331732,0.1600355772580081,0.1864779300798318,
population,ridge,1,fashion,6,0.23995168374324108,0.3420373230107772,0.3807332526712048,
population,ridge,1,fashion,16,0.1386751448508413,0.3298638058875581,0.2913650842401485,
population,ridge,1,fashion,17,0.067095395361751,0.0243730276124937,0.1008999234956333,
population,ridge,1,fashion,23,0.1757166042887839,0.4442648645169998,0.45841574238055155,
population,ridge,1,fashion,35,0.1725773745667616,0.256655507876222,0.2397785731959774,
population,ridge,1,fashion,39,0.2571263887552231,0.3268644920476929,0.3878116624761366,
population,ridge,1,fashion,44,0.1496179204173264,0.4435585608967581,0.3449897575519169,
population,ridge,1,fashion,51,0.21537136710091262,0.5047971090683091,0.5002745787780875,
population,ridge,1,fashion,64,0.0252672875291666,0.1644140076350131,0.10324647853032239,
population,ridge,1,fashion,69,0.2956102148111528,0.3903262797087034,0.3868572913874657,
population,ridge,1,fashion,81,0.1931515776121644,0.36960574144056296,0.36929035448448194,
population,ridge,1,fashion,92,0.0306518374286202,0.0162623862447183,0.0691805499347148,
population,ridge,1,fashion,100,0.2422909952736533,0.5190663772736228,0.58620743613353,
population,ridge,1,fashion,101,0.17506021440869554,0.304191540881183,0.2848757693832057,
population,ridge,1,fashion,106,0.10208772925388691,0.2662418551666142,0.3399655367957349,
population,ridge,1,fashion,111,0.1962239296687581,0.3615093958811129,0.3658582952970751,
population,ridge,1,fashion,118,0.20426595933918038,0.2931642970606702,0.3071008763948325,
population,ridge,1,fashion,119,0.2111699630475223,0.4322833626755611,0.5060839731774247,
population,ridge,1,fashion,128,0.372638881468432,0.5643631962103511,0.555633688023867,
population,ridge,1,fashion,129,0.1393228620699155,0.2147212309380926,0.3026109524114069,
population,ridge,1,fashion,137,0.09860261885669049,0.17373102506938368,0.1971553656419901,
population,ridge,1,landscape,5,0.2581137209143213,0.3946847661838017,0.4224379409753023,
population,ridge,1,landscape,6,0.372316191318614,0.6580622951220773,0.6370070582986233,
population,ridge,1,landscape,16,0.2772186041611989,0.5109677405522783,0.5142293947977141,
population,ridge,1,landscape,17,-0.0623024085812349,-0.0762996632325035,-0.0804414896346365,
population,ridge,1,landscape,23,0.3290095279652139,0.7581172680979463,0.7155362266418509,
population,ridge,1,landscape,35,0.3598327940122339,0.4801020092953743,0.4896885058642055,
population,ridge,1,landscape,39,0.42568737753642133,0.7882346292959229,0.7545268324228148,
population,ridge,1,landscape,44,0.3569125974031122,0.6320640777107418,0.5859480659862912,
population,ridge,1,landscape,51,0.3426714763421936,0.7350116948397329,0.6963853329990742,
population,ridge,1,landscape,64,0.159070983462347,0.3067929980967406,0.3246808820262099,
population,ridge,1,landscape,69,0.19010809784477053,0.2580060284875325,0.222733680682237,
population,ridge,1,landscape,81,0.2937749546485521,0.4316622882025367,0.3819597410850688,
population,ridge,1,landscape,92,0.2611555432026295,0.42560356320532094,0.4429326772612647,
population,ridge,1,landscape,100,0.23510131970148493,0.4784483680063645,0.449977017479455,
population,ridge,1,landscape,101,0.134459172451518,0.19572275428924737,0.21634147556180996,
population,ridge,1,landscape,106,0.2473066687240113,0.4378238902472069,0.4410514001058985,
population,ridge,1,landscape,111,0.277762386421489,0.4735146197880375,0.4546944843716089,
population,ridge,1,landscape,118,0.2997937831983568,0.5447888178799966,0.5104280917768306,
population,ridge,1,landscape,119,0.3676361541866619,0.7265266218385579,0.7264707061975327,
population,ridge,1,landscape,128,0.266955923948525,0.417140353401728,0.3764417776488674,
population,ridge,1,landscape,129,0.3841692105132488,0.565875407160558,0.5749299863589993,
population,ridge,1,landscape,137,0.2785967038218986,0.472363319344663,0.468263464270726,
population,ridge,2,art,7,0.2205586724679449,0.2221934832161778,0.26109864144302,
population,ridge,2,art,8,0.3196451202241291,0.5917014358227132,0.6204482402466388,
population,ridge,2,art,40,0.151771619510573,0.3151281538938604,0.2952266418447936,
population,ridge,2,art,41,0.4107438513586696,0.6834824017225695,0.6753597991395116,
population,ridge,2,art,45,-0.015427106447570301,0.0346193002543982,-0.0210355078193914,
population,ridge,2,art,46,0.0760270286070516,0.0763847319477285,0.1043741127964694,
population,ridge,2,art,52,0.4064509884122813,0.5721289072677246,0.5613883626094425,
population,ridge,2,art,58,0.4768123880891087,0.6672749758301654,0.6850662343243011,
population,ridge,2,art,65,0.5342782836020531,0.678734540994001,0.6735311136541641,
population,ridge,2,art,66,0.2941942099055624,0.44156368644078264,0.4187492129909831,
population,ridge,2,art,74,0.4320189790014915,0.5227868289009886,0.5074685889636654,
population,ridge,2,art,83,0.6515311387193589,0.6896676375079817,0.6724145793951651,
population,ridge,2,art,87,0.33960084709298516,0.6477046508724618,0.6330846116464566,
population,ridge,2,art,93,0.42527294733493354,0.6185575328542386,0.599721868786203,
population,ridge,2,art,94,0.3947391688386268,0.7537425775744909,0.7457344856067825,
population,ridge,2,art,102,0.2128369988562797,0.3213882426834373,0.3028097118005167,
population,ridge,2,art,112,0.42860453498520706,0.47736565719845164,0.4626205937386387,
population,ridge,2,art,113,0.3603109718726536,0.5034915904606199,0.47671243007129077,
population,ridge,2,art,120,0.4755774692917038,0.615321494599863,0.6439327727744142,
population,ridge,2,art,121,0.2821217486912868,0.449667244793253,0.437589095840525,
population,ridge,2,art,131,0.24250963699690672,0.37987639293136616,0.3751737238449706,
population,ridge,2,art,138,0.4121466965177821,0.512706900942195,0.4859109323524147,
population,ridge,2,art,139,0.0337907119361805,0.0728259852363743,0.0463652926782084,
population,ridge,2,fashion,7,0.2814880712644956,0.4093817052117759,0.4675006591665393,
population,ridge,2,fashion,8,0.2851243214803232,0.4376531715224509,0.4126748223176428,
population,ridge,2,fashion,40,0.24356557959371808,0.1469134616489758,0.3388862998219668,
population,ridge,2,fashion,41,0.2340881114524819,0.4325479049939111,0.4454182250269567,
population,ridge,2,fashion,45,0.18612659973375342,0.3528604638949277,0.34651688962158395,
population,ridge,2,fashion,46,0.0742864411546273,0.19346261285043256,0.163547600925353,
population,ridge,2,fashion,52,0.2552676385554782,0.452994329612352,0.5068352422620839,
population,ridge,2,fashion,58,0.22343609391366712,0.3396397559457988,0.3665366842587525,
population,ridge,2,fashion,65,0.1867048404286368,0.1874836560823604,0.3329533296577216,
population,ridge,2,fashion,66,0.18889311584939503,0.2980769110781007,0.2688620451804649,
population,ridge,2,fashion,74,-0.0709256148488665,-0.10320949280990681,-0.087036359129352,
population,ridge,2,fashion,83,0.4142263851433261,0.48360854695767336,0.4904025801473388,
population,ridge,2,fashion,87,0.1748629963959131,0.3214143598826549,0.3436562568289427,
population,ridge,2,fashion,93,0.34416244053359285,0.5430718770364577,0.5545880312803608,
population,ridge,2,fashion,94,0.255359862429876,0.4309761662583298,0.4723583867322155,
population,ridge,2,fashion,102,0.1773307207960959,0.2591348023575039,0.3413977541478764,
population,ridge,2,fashion,112,0.215331722530661,0.34145839795649185,0.3391058458894017,
population,ridge,2,fashion,113,0.2410632853764885,0.38688130614471444,0.402243662994898,
population,ridge,2,fashion,120,0.2123435089077931,0.2098237971861833,0.2855883757351492,
population,ridge,2,fashion,121,0.2681133168367093,0.4000681908472818,0.4283811250552389,
population,ridge,2,fashion,131,0.1160221308098881,0.22505304874392293,0.1935470382168929,
population,ridge,2,fashion,138,0.34026422640483583,0.4708558856036074,0.4632213263828288,
population,ridge,2,fashion,139,0.3063928479881847,0.45260179621053725,0.4857086441649075,
population,ridge,2,landscape,7,0.1036975483868009,0.11193697981882,0.1311128688678145,
population,ridge,2,landscape,8,0.3939979486790203,0.5092447399475697,0.5180709712301486,
population,ridge,2,landscape,40,0.15659667162732,0.17089143147841232,0.2279496511142205,
population,ridge,2,landscape,41,0.3241567430951769,0.5203318189569026,0.5335925522217725,
population,ridge,2,landscape,45,0.4233665154408281,0.5172413377279197,0.5602369420665979,
population,ridge,2,landscape,46,0.1468432982950852,0.500137081870928,0.4518370816478164,
population,ridge,2,landscape,52,0.2962887323120029,0.509300208534364,0.5392967704996506,
population,ridge,2,landscape,58,0.3998476052222382,0.4992463199704362,0.5590153727216614,
population,ridge,2,landscape,65,0.22757331738164974,0.3322911714296012,0.3319440926309224,
population,ridge,2,landscape,66,0.4358301441769288,0.4732949601497369,0.5390145457467498,
population,ridge,2,landscape,74,0.2553658273037447,0.344455584513432,0.3410520554629748,
population,ridge,2,landscape,83,0.35397241086356485,0.5308725713003103,0.5793397506375485,
population,ridge,2,landscape,87,0.32329937945754,0.5009071908215613,0.4688089419489429,
population,ridge,2,landscape,93,0.4039591602021882,0.6713156278178252,0.6848776437006662,
population,ridge,2,landscape,94,0.3782147843141419,0.555863956250288,0.5876298411546773,
population,ridge,2,landscape,102,0.35639347219771383,0.6612398205012835,0.6392707611661637,
population,ridge,2,landscape,112,0.4384039088655675,0.454273489889965,0.5292612203558764,
population,ridge,2,landscape,113,0.3244852824190852,0.4032861915835719,0.4256645166602589,
population,ridge,2,landscape,120,0.3505896172914737,0.5843347215749023,0.5647205867232105,
population,ridge,2,landscape,121,0.4941985323783611,0.7094280925460339,0.672863909139067,
population,ridge,2,landscape,131,0.2463168032572678,0.428700120381077,0.4034177789420248,
population,ridge,2,landscape,138,0.5770136817415094,0.7273741461703817,0.7742844220133028,
population,ridge,2,landscape,139,0.2992510747645312,0.5294924884761475,0.4397985698974296,
population,ridge,3,art,0,0.2903495461887182,0.281839645833983,0.4047138449229511,
population,ridge,3,art,9,0.4539273672183004,0.5587232544837458,0.5290084424980344,
population,ridge,3,art,10,0.2209931580071558,0.5971562628104327,0.5660033449403327,
population,ridge,3,art,11,0.3822903352333576,0.5637936298159851,0.6039240106792877,
population,ridge,3,art,24,0.45066230390514433,0.6613718165812502,0.6569448426485602,
population,ridge,3,art,28,0.4527267316823971,0.6014022437347304,0.6143025122751671,
population,ridge,3,art,31,0.2783189274204043,0.5493679392404611,0.5730626459853837,
population,ridge,3,art,32,0.19364109086356388,0.40510256632422675,0.4005521317925858,
population,ridge,3,art,36,0.3211460599276437,0.43630976274191485,0.4830400579376897,
population,ridge,3,art,42,0.2494748652392734,0.37356853348897906,0.4104961746756677,
population,ridge,3,art,47,0.3659088430949739,0.4964061082301791,0.5202853138084869,
population,ridge,3,art,54,0.1328496754608441,0.19169743295419991,0.23415793914263902,
population,ridge,3,art,55,0.1725499670325127,0.2756728358932233,0.2671895427550934,
population,ridge,3,art,59,0.3243516709601912,0.5366573168876587,0.5887167499258993,
population,ridge,3,art,60,0.4276735409711181,0.6500762123245746,0.6461800045438664,
population,ridge,3,art,67,0.34195954917320154,0.4071655956300511,0.3819940796800108,
population,ridge,3,art,68,0.4122360146878123,0.6346324972941674,0.647470666349739,
population,ridge,3,art,75,0.3410636029789178,0.46653105748894,0.4799964066351485,
population,ridge,3,art,76,0.3180933610160125,0.5378162816000815,0.5146513982271019,
population,ridge,3,art,82,0.3804994694577968,0.6740173090642664,0.6907041402443012,
population,ridge,3,art,84,0.2011524952481899,0.2644239531419081,0.2915650782623529,
population,ridge,3,art,88,0.3390846597230109,0.5507847286927745,0.5702321733761025,
population,ridge,3,art,95,0.2952723073056624,0.4504177777137342,0.526396013791122,
population,ridge,3,art,96,0.4266062763121918,0.6240917164695409,0.6732880769762307,
population,ridge,3,art,107,0.36284397648117855,0.4928234522602913,0.5083025956266142,
population,ridge,3,art,122,0.2857354122890175,0.5248936326490204,0.587222693111067,
population,ridge,3,art,123,0.348430088230466,0.4745778560746298,0.516967426502852,
population,ridge,3,art,132,0.3207379979423189,0.539735362426344,0.6136816850564258,
population,ridge,3,art,140,0.3559227520269019,0.48847476633779624,0.5150216573029107,
population,ridge,3,art,141,0.3528154813499034,0.5153465049484464,0.49875360735423185,
population,ridge,3,fashion,0,0.2012077700060817,0.24383041218214382,0.3020928365101391,
population,ridge,3,fashion,9,0.2233313955867998,0.3099291005340495,0.3171750802669194,
population,ridge,3,fashion,10,0.1868637820634886,0.5236282755365621,0.5351527659499614,
population,ridge,3,fashion,11,0.37970943195079593,0.6017404603154848,0.5945276856746532,
population,ridge,3,fashion,24,0.2597456757077189,0.4058338319153312,0.4652040255416738,
population,ridge,3,fashion,28,0.2835680990309747,0.44701075745400304,0.4224330539946799,
population,ridge,3,fashion,31,0.0429932875062872,0.23412078751063228,0.1270727684244704,
population,ridge,3,fashion,32,0.1000336358603142,0.2444646902885558,0.2407920569190959,
population,ridge,3,fashion,36,0.2701364766607629,0.3586695563305804,0.424800274857889,
population,ridge,3,fashion,42,0.0492391463384002,0.19023456858270701,0.1305029326445594,
population,ridge,3,fashion,47,0.1690337165875552,0.3541997462802093,0.4295369478745607,
population,ridge,3,fashion,54,0.0630648572881544,0.0408947214764112,0.136699665614147,
population,ridge,3,fashion,55,0.2530771029252949,0.2401671448415097,0.38741351643102,
population,ridge,3,fashion,59,0.1554371654456905,0.259449900527496,0.4322686883552318,
population,ridge,3,fashion,60,0.2727854431697235,0.4365538154038368,0.46376846993696236,
population,ridge,3,fashion,67,0.0208373898842948,-0.0022287067341015,0.0299595888087385,
population,ridge,3,fashion,68,0.198362652869153,0.4455205829052739,0.4109958693546534,
population,ridge,3,fashion,75,0.3092696185677548,0.4638685716560307,0.490079631573696,
population,ridge,3,fashion,76,0.215278492326482,0.3211746435689274,0.3232109291091324,
population,ridge,3,fashion,82,0.1896691694863483,0.385774043444677,0.3901138699329872,
population,ridge,3,fashion,84,0.1786749612782298,0.4412442125424236,0.4054092587113964,
population,ridge,3,fashion,88,0.0976623653138529,0.2735993634642635,0.263411841202029,
population,ridge,3,fashion,95,0.0601055089549014,0.1356074864978317,0.1607420706064002,
population,ridge,3,fashion,96,0.2155331082629859,0.3703222340896746,0.3787988709766317,
population,ridge,3,fashion,107,0.0939714267944501,0.1446363181052838,0.1832075797074688,
population,ridge,3,fashion,122,0.1023434042955635,0.2040399672443468,0.2389015187960425,
population,ridge,3,fashion,123,0.3424687137061723,0.5207961689335803,0.49036344849095775,
population,ridge,3,fashion,132,0.1087275110306997,0.320983326228333,0.3446416522716107,
population,ridge,3,fashion,140,0.2190011039557739,0.4337019494954459,0.5018786243871788,
population,ridge,3,fashion,141,0.1551805305219791,0.2781054286756945,0.2766190577811468,
population,ridge,3,landscape,0,0.1362079949879131,0.4186627111782382,0.3835078280060827,
population,ridge,3,landscape,9,0.47472621371013196,0.4760969923426796,0.577961272609901,
population,ridge,3,landscape,10,0.2288625206278735,0.6577501465600177,0.6586142286115861,
population,ridge,3,landscape,11,0.2805765857985252,0.3953074779377766,0.4676452302845191,
population,ridge,3,landscape,24,0.1561297922248616,0.19945807619062697,0.1945024496603983,
population,ridge,3,landscape,28,0.23431581906009016,0.323870120202155,0.355584765801166,
population,ridge,3,landscape,31,0.0852219091386071,0.4219889489546707,0.244484340856941,
population,ridge,3,landscape,32,0.3048618820476704,0.5501876754006574,0.5593038078919784,
population,ridge,3,landscape,36,0.35798350109060867,0.5504822795845599,0.5713087344803577,
population,ridge,3,landscape,42,0.34900674866675335,0.5334084587475573,0.5172401630544583,
population,ridge,3,landscape,47,0.4283260461143313,0.5352790384534273,0.5966397589626675,
population,ridge,3,landscape,54,0.1579107653980031,0.24150847385900379,0.2737728742055486,
population,ridge,3,landscape,55,0.4516208460933906,0.6181648556261546,0.6361388157349761,
population,ridge,3,landscape,59,0.2622665054046841,0.4935278743104263,0.474002076791469,
population,ridge,3,landscape,60,0.5138294378618996,0.8024150149313479,0.752781893377647,
population,ridge,3,landscape,67,0.395041817273623,0.4622877293686021,0.4534440318838644,
population,ridge,3,landscape,68,0.2004318792651091,0.33683325487869525,0.3351994358205832,
population,ridge,3,landscape,75,0.2781014150065911,0.4443434437352558,0.42292415095991,
population,ridge,3,landscape,76,0.3517038425823145,0.4614694682186851,0.48414767430634226,
population,ridge,3,landscape,82,0.3543407148834011,0.4948310782318455,0.4903474272388035,
population,ridge,3,landscape,84,0.3516953809025047,0.5582056795549317,0.5528836945475399,
population,ridge,3,landscape,88,0.4653477749513982,0.7187315982169219,0.7092757609729743,
population,ridge,3,landscape,95,0.2746588459695183,0.4369935462595325,0.5108264746810954,
population,ridge,3,landscape,96,0.3744269155225857,0.5163954033939346,0.5298267481747175,
population,ridge,3,landscape,107,0.1592568592271519,0.2459956761094593,0.2061127915647364,
population,ridge,3,landscape,122,0.302553836974065,0.540655737582069,0.5663726567855826,
population,ridge,3,landscape,123,0.4072345993011386,0.6606366823765033,0.6330599971634066,
population,ridge,3,landscape,132,0.0689310651002048,0.2740739612898161,0.3384805038088435,
population,ridge,3,landscape,140,0.2329529807298114,0.47034245332029984,0.3668841285454856,
population,ridge,3,landscape,141,0.36631842755040517,0.5190558595130934,0.5042267850028933,
population,ridge,4,art,1,0.3459136719619483,0.3761257065557209,0.3846845982450031,
population,ridge,4,art,2,0.4805622131486971,0.7873181898444129,0.7423195284402854,
population,ridge,4,art,12,0.40713795048548135,0.5077032044344681,0.4995704107427678,
population,ridge,4,art,13,0.2628191222698046,0.4026834470664351,0.4344862528718203,
population,ridge,4,art,26,0.3348321613550829,0.44858053045401086,0.4204867837624167,
population,ridge,4,art,29,0.2789905290425579,0.3244261728848883,0.3399598003600774,
population,ridge,4,art,34,0.2802861674102956,0.6266138095529693,0.6269887486468249,
population,ridge,4,art,38,0.378080824321046,0.6213089799401921,0.6094974357214689,
population,ridge,4,art,43,0.1888850218466576,0.3190238946588173,0.34797546665302076,
population,ridge,4,art,48,0.4244172899134135,0.6665161890592995,0.6584587750570847,
population,ridge,4,art,49,0.3438101117066706,0.5250725532488049,0.5186101922267201,
population,ridge,4,art,56,0.0454905774482536,0.0879305768223272,0.1685192052025342,
population,ridge,4,art,61,0.2588673409575336,0.41983812392778413,0.43186807249954856,
population,ridge,4,art,72,0.1815757754147179,0.46823716989422487,0.4475837072878686,
population,ridge,4,art,77,0.3261715695134859,0.5115310594777744,0.4896374049544458,
population,ridge,4,art,78,0.3318857209084437,0.59660049698074,0.5960709321097977,
population,ridge,4,art,89,0.2539346231011488,0.49354704970485547,0.4910827274244855,
population,ridge,4,art,90,0.2356968437569055,0.4074384680532844,0.3905626199132708,
population,ridge,4,art,97,0.3435841240156308,0.4422177687194491,0.4366269617068607,
population,ridge,4,art,103,0.401604543023472,0.6525610081142803,0.6926460338780216,
population,ridge,4,art,108,0.1320282263018523,0.3038819974429313,0.2904602308845564,
population,ridge,4,art,114,0.21584482692088422,0.564642084977483,0.5649839709266892,
population,ridge,4,art,115,0.0698220609588039,0.1553657979007336,0.1295875677187835,
population,ridge,4,art,124,0.369639247558196,0.4436944381852286,0.5078430496471481,
population,ridge,4,art,134,0.3657189204895934,0.5687143766086873,0.5927200125225139,
population,ridge,4,art,135,0.0431473218086083,-0.0399178653961782,0.0562082840066094,
population,ridge,4,art,142,0.3579397066729468,0.5960540443362268,0.6290220030412493,
population,ridge,4,art,143,0.42308206700717016,0.7307969917596163,0.723086477631422,
population,ridge,4,fashion,1,0.20967548432322838,0.2626094803577995,0.2493224382862895,
population,ridge,4,fashion,2,0.2433688550946422,0.5426076978658969,0.5517988835679664,
population,ridge,4,fashion,12,0.1414235592768498,0.1762814872610803,0.20011143435425818,
population,ridge,4,fashion,13,0.2778022660662707,0.3861859633458436,0.3875424841868971,
population,ridge,4,fashion,26,0.3138812034900105,0.426694590753189,0.4434034140721152,
population,ridge,4,fashion,29,0.1262247085697322,0.2744117520138929,0.204190627014032,
population,ridge,4,fashion,34,0.20850834671348709,0.3934350083741946,0.3908571313820694,
population,ridge,4,fashion,38,0.2306817251964054,0.4376069165338647,0.4375617890724361,
population,ridge,4,fashion,43,0.314814616998206,0.4801773626361743,0.49947063624229243,
population,ridge,4,fashion,48,0.3064077317933777,0.5253118465882732,0.47937043649323546,
population,ridge,4,fashion,49,0.08867235877402409,0.1535152677561429,0.1536470543260814,
population,ridge,4,fashion,56,0.013642737849351402,-0.033342132758824,0.0537850760833174,
population,ridge,4,fashion,61,0.2159659042512567,0.3346260967757135,0.2909679047702059,
population,ridge,4,fashion,72,0.0941297003698288,0.16739694073439323,0.2137821600537698,
population,ridge,4,fashion,77,0.3150324377711112,0.4726540580788145,0.4720867596844727,
population,ridge,4,fashion,78,0.1766857966536374,0.3525526876701372,0.3562413672556999,
population,ridge,4,fashion,89,0.115729329846049,0.2390794241508738,0.2737482258646651,
population,ridge,4,fashion,90,0.19195153138832546,0.3495830848265346,0.3611462075101051,
population,ridge,4,fashion,97,0.44498285114558184,0.5672242325468582,0.5800804674704877,
population,ridge,4,fashion,103,0.0841008350696965,0.0946359937288752,0.11005509115427652,
population,ridge,4,fashion,108,0.2516212671300949,0.4705486362640687,0.4601668649218866,
population,ridge,4,fashion,114,0.3200093343693865,0.4637698181787697,0.4800569110488242,
population,ridge,4,fashion,115,0.2158830296872597,0.41170763975000774,0.4449224172003204,
population,ridge,4,fashion,124,0.2217670164850006,0.3937524829351102,0.4162168834435698,
population,ridge,4,fashion,134,0.2036081071449087,0.2783877730744407,0.3022196335404858,
population,ridge,4,fashion,135,0.0406494399256886,0.0634023126386763,0.0605181146881403,
population,ridge,4,fashion,142,0.1392366140264918,0.39243536378121097,0.3967239415774222,
population,ridge,4,fashion,143,0.2995922092294947,0.3990729361517212,0.43537574940760687,
population,ridge,4,landscape,1,0.3645950811333991,0.5588341852249232,0.5191266966867896,
population,ridge,4,landscape,2,0.3172809822087395,0.5865618291870852,0.5698523138778967,
population,ridge,4,landscape,12,0.469980007241703,0.7212178419754652,0.7409536382726444,
population,ridge,4,landscape,13,0.0560639231925304,0.0310709167395215,0.1018019381992629,
population,ridge,4,landscape,26,0.10973583369701419,0.2650880356427977,0.2113492166017192,
population,ridge,4,landscape,29,0.1849823600463537,0.1942241591453445,0.2263111332039183,
population,ridge,4,landscape,34,0.41969525386811474,0.6840685619464298,0.6646462333362816,
population,ridge,4,landscape,38,0.3540099676144349,0.5141184988213354,0.47277610426132705,
population,ridge,4,landscape,43,0.1368325918381212,0.49446636299115515,0.5109609637621253,
population,ridge,4,landscape,48,0.353341658875116,0.4117154515385428,0.453684498115648,
population,ridge,4,landscape,49,0.34768073258992854,0.4601835297296568,0.46293309206299443,
population,ridge,4,landscape,56,0.0070380929157516,0.0935037860102269,0.0563546643003943,
population,ridge,4,landscape,61,0.2585149773549087,0.4859261217387488,0.4684392659715207,
population,ridge,4,landscape,72,-0.0121760100773396,-0.0609755402089165,-0.0345673499119492,
population,ridge,4,landscape,77,0.2188116238789207,0.4178067002355496,0.38704720562997147,
population,ridge,4,landscape,78,0.1737222987305628,0.3732132914235257,0.3600227882041706,
population,ridge,4,landscape,89,0.2462595074114805,0.4334409698932216,0.4958474862690196,
population,ridge,4,landscape,90,0.2591804036800099,0.5066784288159514,0.4622194657992828,
population,ridge,4,landscape,97,0.5551966644488613,0.6249347971020266,0.621142422658516,
population,ridge,4,landscape,103,0.3389476609528214,0.4718232766833676,0.4891887441956016,
population,ridge,4,landscape,108,0.2867128031908713,0.5295519489058219,0.4684748832568011,
population,ridge,4,landscape,114,0.2799636438704578,0.4865930782277869,0.4388201207734384,
population,ridge,4,landscape,115,0.17105949513304783,0.276113137068729,0.2509889865402233,
population,ridge,4,landscape,124,0.2435026430820826,0.5325689176195462,0.5208340014850243,
population,ridge,4,landscape,134,0.292424370071806,0.4564423012190129,0.4013733611870293,
population,ridge,4,landscape,135,0.4264032398529216,0.44144318613598993,0.5206040908002415,
population,ridge,4,landscape,142,0.2862333439059916,0.4648228057109642,0.47470261223835014,
population,ridge,4,landscape,143,0.4534441141135223,0.688539689143654,0.6879547243075161,
random,mlp,0,art,3,0.0678351133117331,0.09265603941616178,0.09828163049015982,
random,mlp,0,art,14,0.3992215411832911,0.4126829400554884,0.40491041669998357,
random,mlp,0,art,15,0.010542328835679196,-0.003752669179531066,0.011063246375892575,
random,mlp,0,art,19,0.44792649535413126,0.5060817559917928,0.4770113140596392,
random,mlp,0,art,21,0.3818205471152128,0.38529345942877075,0.40044351570735964,
random,mlp,0,art,22,0.35502343656288615,0.3206901468017654,0.36377051222294465,
random,mlp,0,art,30,0.0886450473146943,0.10652161472006894,0.09767334638927815,
random,mlp,0,art,50,0.41536499227484464,0.40531520158226414,0.42218621919095084,
random,mlp,0,art,57,0.2962462332657359,0.3025333102593937,0.30358622843256433,
random,mlp,0,art,62,0.40185680901203186,0.4288192496592913,0.4190336854082015,
random,mlp,0,art,63,0.016757753609678867,0.0203215325458773,0.016665383504764802,
random,mlp,0,art,79,0.4069793447436265,0.35186714760284127,0.41490368535615807,
random,mlp,0,art,80,0.7064950492641108,0.722108654399478,0.7245164110284449,
random,mlp,0,art,85,0.09890120680648744,0.09902814364326384,0.10535792637393464,
random,mlp,0,art,86,0.44691795072492796,0.45691511555482656,0.45527433208702695,
random,mlp,0,art,98,0.32088121181148616,0.2974981932183925,0.3273029587146519,
random,mlp,0,art,99,0.5668868440627989,0.6081428408107818,0.5920074801193613,
random,mlp,0,art,105,0.1624107149131416,0.1513025173341146,0.17332478060424497,
random,mlp,0,art,109,0.1580496214055613,0.1679325916186959,0.16111546160099469,
random,mlp,0,art,110,0.37180459729549503,0.450810903439769,0.3945401361158512,
random,mlp,0,art,116,0.5099088239140311,0.5409441765469325,0.5326922903707733,
random,mlp,0,art,117,0.5595703101710576,0.5650942546376702,0.5860305095578088,
random,mlp,0,art,126,0.33176872740338254,0.31225788872590154,0.34820192442843223,
random,mlp,0,art,127,0.32312457111171616,0.3457037865334896,0.3397450655283985,
random,mlp,0,art,136,0.3341103384817404,0.34188989490538174,0.3399923919572017,
random,mlp,0,art,144,0.39420790518652593,0.44289805361666196,0.4098316888133244,
random,mlp,0,fashion,3,0.1900854703255841,0.18436680930831928,0.21569782992180944,
random,mlp,0,fashion,14,0.28299454958521786,0.31091754660639404,0.29049654848503065,
random,mlp,0,fashion,15,0.004801917515973367,-0.022177175374648903,0.0052107460853406005,
random,mlp,0,fashion,19,0.37658302216921324,0.36119482866543867,0.38861260403417197,
random,mlp,0,fashion,21,0.115326019530177,0.1107773780163191,0.12128381738539067,
random,mlp,0,fashion,22,0.2540753930337358,0.3062229118454863,0.30191319181174076,
random,mlp,0,fashion,30,0.3055065411241422,0.27769971550342054,0.322456695163702,
random,mlp,0,fashion,50,-0.04541568917364597,-0.07518818844416857,-0.053460343796114834,
random,mlp,0,fashion,57,0.028982504032743064,-0.014762912150594368,0.03719045099607807,
random,mlp,0,fashion,62,-0.011969457830616433,0.025898179911136465,-0.01350902686851413,
random,mlp,0,fashion,63,0.015858253387535336,0.049760588536905105,0.013462506721650993,
random,mlp,0,fashion,79,0.06734557369898518,0.11314822040148936,0.07206221498363594,
random,mlp,0,fashion,80,0.19642607520438393,0.18441523612291108,0.2115834590043961,
random,mlp,0,fashion,85,0.2173869105984607,0.2639287183721874,0.22726893170943516,
random,mlp,0,fashion,86,0.13180380975528674,0.16107439098645637,0.13609713074471666,
random,mlp,0,fashion,98,0.17197229661479194,0.189650283706546,0.18046567201604238,
random,mlp,0,fashion,99,0.3763482074511995,0.3519678401190669,0.388588382799863,
random,mlp,0,fashion,105,0.12389598814840817,0.11928391519400043,0.12770720504083663,
random,mlp,0,fashion,109,0.2286236677703725,0.19092340211554407,0.26278329890331587,
random,mlp,0,fashion,110,0.24029246597375784,0.21534146331258394,0.2573400323671488,
random,mlp,0,fashion,116,0.00732522874289263,0.05982846752849183,0.008684334657548504,
random,mlp,0,fashion,117,0.39364699652859586,0.3364948648479656,0.41080373423083544,
random,mlp,0,fashion,126,0.2054080711194919,0.20505834122815134,0.21926723578699683,
random,mlp,0,fashion,127,0.38714163954483577,0.3868007249769511,0.40342863166872966,
random,mlp,0,fashion,136,0.16305673576448176,0.16542112102971934,0.17847558994207716,
random,mlp,0,fashion,144,0.24755165997716785,0.3066868429628034,0.26662620028250394,
random,mlp,0,landscape,3,0.18427319172128923,0.19584975206946006,0.19431664541059424,
random,mlp,0,landscape,14,0.28762774185710277,0.25916428222015275,0.2934499675777306,
random,mlp,0,landscape,15,-0.0804079443752077,-0.09895312593797938,-0.08224273581043257,
random,mlp,0,landscape,19,0.3443085738907478,0.39343793214785067,0.35715718838428406,
random,mlp,0,landscape,21,0.1385237086506223,0.10226033278034356,0.14581842799811887,
random,mlp,0,landscape,22,0.24923778549994902,0.26719370188773967,0.26820610979516146,
random,mlp,0,landscape,30,0.3633932590479964,0.3439944877617709,0.36974584487880685,
random,mlp,0,landscape,50,0.21614218490395534,0.2291660454066592,0.22238704782316732,
random,mlp,0,landscape,57,0.186110021709846,0.13662393176100107,0.19044497452770526,
random,mlp,0,landscape,62,0.25832630053796946,0.2492478030044798,0.2649273868110496,
random,mlp,0,landscape,63,-0.07839630642091537,-0.08168245707697518,-0.08155546397508014,
random,mlp,0,landscape,79,0.238160886591427,0.2860697113968709,0.25201377769790484,
random,mlp,0,landscape,80,0.4854174023994531,0.5372830341816847,0.5115643708394236,
random,mlp,0,landscape,85,0.22034146511613187,0.22931971069510193,0.22542787069806047,
random,mlp,0,landscape,86,0.1567952626837065,0.17781541133394255,0.16115339077928933,
random,mlp,0,landscape,98,0.14210158122826944,0.15005014382257567,0.1481223702939319,
random,mlp,0,landscape,99,0.35479136308291154,0.3984348999552776,0.3772879127313873,
random,mlp,0,landscape,105,0.19765852535362463,0.24316469156418863,0.21488393537397596,
random,mlp,0,landscape,109,0.11218096991401967,0.10315635187516586,0.11636658576563268,
random,mlp,0,landscape,110,0.31372940588507475,0.38880799570291624,0.3295538654079355,
random,mlp,0,landscape,116,0.29590398333356865,0.354061995909467,0.3050500553581466,
random,mlp,0,landscape,117,0.4190623900239819,0.4535017991451588,0.4288718965356633,
random,mlp,0,landscape,126,0.29998432047235385,0.26984562826592545,0.3140480248308588,
random,mlp,0,landscape,127,0.2697601986923024,0.26587808893389214,0.2763424779547316,
random,mlp,0,landscape,136,0.23825905491351976,0.27986466279952765,0.2525927138358106,
random,mlp,0,landscape,144,0.2684150067095072,0.28037532858779307,0.27221862447817946,
random,mlp,1,art,5,-0.033771260897310765,0.008517399898026997,-0.03581896440922414,
random,mlp,1,art,6,0.4617154924989714,0.5046386416376435,0.48488422969070943,
random,mlp,1,art,16,0.30724421989982376,0.3275944215232961,0.33019808457027866,
random,mlp,1,art,17,0.11475831785935403,0.1050721218304514,0.12566476682789904,
random,mlp,1,art,23,0.16144426976426557,0.17051920853895575,0.20399478180869882,
random,mlp,1,art,35,0.11267412788311504,0.10022931973040401,0.1181828656043704,
random,mlp,1,art,39,0.6378548340516302,0.6270711923058572,0.644161960135305,
random,mlp,1,art,44,0.3165431114638792,0.31441027323220916,0.33120077628822864,
random,mlp,1,art,51,0.25331471143215867,0.29649882617425904,0.30737535379279657,
random,mlp,1,art,64,0.18487270964155803,0.16090973901068015,0.20782617947997736,
random,mlp,1,art,69,0.1475765927714132,0.1672000144747062,0.1470633887965424,
random,mlp,1,art,81,0.3070918073320308,0.25108857306713994,0.3232801824192661,
random,mlp,1,art,92,0.20225134805395142,0.1904418854412631,0.2208986371678848,
random,mlp,1,art,100,0.394061558433614,0.39074990522009484,0.4080347295944349,
random,mlp,1,art,101,0.2454249795489403,0.3087482036938622,0.26158684502972146,
random,mlp,1,art,106,0.07442439408113007,0.07492717888385902,0.07621628074068056,
random,mlp,1,art,111,0.5429814989875853,0.5636091541293695,0.5655496800490099,
random,mlp,1,art,118,0.601284221261003,0.6225739090600292,0.6083247175064823,
random,mlp,1,art,119,0.44539054271039996,0.5033193596319726,0.47793377716066315,
random,mlp,1,art,128,0.18364715095072695,0.2130647346441751,0.19538190425509305,
random,mlp,1,art,129,0.19537120965716306,0.20503080846460672,0.20947006309535196,
random,mlp,1,art,137,0.4614713042669408,0.4614782187582395,0.48760115676455396,
random,mlp,1,fashion,5,0.16835395902753983,0.17485269806004441,0.18273628364697503,
random,mlp,1,fashion,6,0.3085540521820986,0.3754994973708096,0.33236469907328176,
random,mlp,1,fashion,16,0.18306691026482436,0.21216340097488928,0.2012467716280292,
random,mlp,1,fashion,17,0.13978296201455537,0.1495689698823098,0.14776776869296063,
random,mlp,1,fashion,23,0.3302590146221483,0.3291928199289766,0.34835235787525615,
random,mlp,1,fashion,35,0.1793429485762816,0.1596335164915614,0.1838665571316427,
random,mlp,1,fashion,39,0.2417245205105937,0.24597858849149914,0.24346938239464408,
random,mlp,1,fashion,44,0.10880020117702428,0.0989886862470513,0.11180655924106835,
random,mlp,1,fashion,51,0.3782311399982237,0.4086593360547149,0.3984725203687112,
random,mlp,1,fashion,64,0.10619777581447466,0.10605550817725357,0.1502368451411303,
random,mlp,1,fashion,69,0.040812167599120264,0.05385905576023244,0.041824907287802165,
random,mlp,1,fashion,81,0.12787377569671476,0.14914107357995846,0.13165321157400225,
random,mlp,1,fashion,92,0.1267293889986089,0.14431521568160635,0.13202752205973808,
random,mlp,1,fashion,100,0.2982646650136464,0.32968800339323234,0.31227243494994267,
random,mlp,1,fashion,101,0.25999355243068095,0.3125653063837721,0.2671669263561155,
random,mlp,1,fashion,106,0.17195077663556313,0.17248078556231497,0.20130421192517536,
random,mlp,1,fashion,111,0.2950903881188201,0.3168670862960115,0.3176171402403165,
random,mlp,1,fashion,118,0.3001223579725007,0.31650840254090284,0.3101515561522228,
random,mlp,1,fashion,119,0.40320840297788435,0.4215305322674083,0.45030636375110805,
random,mlp,1,fashion,128,0.4170588675226841,0.42511437814951264,0.43499043007968846,
random,mlp,1,fashion,129,-0.089366244022695,-0.03647059118216903,-0.0944537606470996,
random,mlp,1,fashion,137,0.08016759523542173,0.02957369485895803,0.08972296378151677,
random,mlp,1,landscape,5,0.2358146433181353,0.2613080624740689,0.2449753453553242,
random,mlp,1,landscape,6,0.5150049392864647,0.5592907273860275,0.5401743785323884,
random,mlp,1,landscape,16,0.4277458307420896,0.435225210654744,0.43479626072242256,
random,mlp,1,landscape,17,-0.07395502625412058,-0.028432672830535133,-0.07749565130537217,
random,mlp,1,landscape,23,0.5104321884002968,0.5550556561511917,0.5462629552033773,
random,mlp,1,landscape,35,-0.005185348510366635,0.03807450431009973,-0.0049181762146634665,
random,mlp,1,landscape,39,0.5502623009532354,0.601672563769099,0.5889143563675887,
random,mlp,1,landscape,44,0.30873051649610195,0.4020896060201375,0.31477410598512784,
random,mlp,1,landscape,51,0.46342378702645165,0.5157976805892862,0.49709581939544956,
random,mlp,1,landscape,64,0.1328322831559424,0.021717381231664296,0.13704635511063387,
random,mlp,1,landscape,69,0.0791458625814952,0.0961744715841129,0.0817345305543285,
random,mlp,1,landscape,81,0.33092856164563506,0.34902337356378776,0.34408430464597006,
random,mlp,1,landscape,92,0.11854486505500732,0.20744906300271082,0.12450963099084755,
random,mlp,1,landscape,100,0.22601517176123498,0.18412104906577562,0.23873207531467802,
random,mlp,1,landscape,101,-0.001284831371140031,0.0408454566425496,-0.0014931001330682387,
random,mlp,1,landscape,106,0.12736100167130945,0.13427589292752096,0.1525888875468708,
random,mlp,1,landscape,111,0.1973105469235562,0.17291337931080517,0.20583483944445904,
random,mlp,1,landscape,118,0.41473926374257514,0.446173843291471,0.42517316682321554,
random,mlp,1,landscape,119,0.6125176342800921,0.612129797638357,0.6224523527362246,
random,mlp,1,landscape,128,0.08330139281113451,0.0997294125095406,0.08580100188483614,
random,mlp,1,landscape,129,0.42412960534530236,0.4375631668876028,0.43963077616957175,
random,mlp,1,landscape,137,0.4382310351312369,0.3989485731946762,0.4399803390807319,
random,mlp,2,art,7,0.29673754026365495,0.24341615914041878,0.32028237550890504,
random,mlp,2,art,8,0.353930613321144,0.4611104912153692,0.43815106031440737,
random,mlp,2,art,40,0.17142254030299223,0.23382352759777605,0.19540600991436316,
random,mlp,2,art,41,0.6009635306502257,0.6015202788842479,0.6101641993872602,
random,mlp,2,art,45,0.024755635019202967,0.0306442971397051,0.02794481092856867,
random,mlp,2,art,46,-0.1555896042280531,-0.203353582877264,-0.18983495932095992,
random,mlp,2,art,52,0.42033268510501465,0.4748979331526136,0.45729024385124134,
random,mlp,2,art,58,0.485214800445298,0.5029237105344436,0.5137637201571795,
random,mlp,2,art,65,0.512147034226691,0.5432955603361812,0.5401941625731571,
random,mlp,2,art,66,0.3168966973796088,0.34778168996237807,0.3546112340664562,
random,mlp,2,art,74,0.38587631710654463,0.4323064157903756,0.45068435986082794,
random,mlp,2,art,83,0.20752600832582513,0.19418805820305896,0.23165251798603356,
random,mlp,2,art,87,0.6666415886795715,0.7040872091334628,0.687946326084986,
random,mlp,2,art,93,0.4844843361807199,0.5097126450987717,0.5039433141817975,
random,mlp,2,art,94,0.6249669877676465,0.6684028171764146,0.6637722391270805,
random,mlp,2,art,102,0.1498682645568132,0.17229401620945053,0.1599282650893351,
random,mlp,2,art,112,0.30975163493547764,0.3228250829010188,0.3313363103487137,
random,mlp,2,art,113,0.3685439220687832,0.3991707232698924,0.40597508001519705,
random,mlp,2,art,120,0.5234617735642472,0.5220291031356069,0.5304570620726977,
random,mlp,2,art,121,0.24728509303058174,0.27421445330436006,0.2702986005514521,
random,mlp,2,art,131,0.2640288324728375,0.3466604792858326,0.34784192038159994,
random,mlp,2,art,138,0.42571990031838913,0.4606230370936253,0.43752097479687646,
random,mlp,2,art,139,0.020449669130897366,-0.0033968889586931997,0.023907594576628968,
random,mlp,2,fashion,7,0.38470640859668565,0.42656145626614883,0.41525376892959215,
random,mlp,2,fashion,8,0.20074901762177788,0.26373113737968185,0.2517068775844584,
random,mlp,2,fashion,40,0.10605561735250246,0.10292749479173803,0.11578803694857447,
random,mlp,2,fashion,41,0.22394811298947173,0.22571177481937785,0.23786577361490988,
random,mlp,2,fashion,45,0.20699189047608732,0.2426576476663199,0.2333850354192413,
random,mlp,2,fashion,46,0.08037950680026419,0.09540575740638417,0.1007288271322981,
random,mlp,2,fashion,52,0.2695609013587276,0.3020469754087514,0.29883642999911614,
random,mlp,2,fashion,58,0.1573684389855647,0.19851293074727394,0.19694418910440795,
random,mlp,2,fashion,65,0.12407741184388534,0.13588068164617156,0.13729053925008708,
random,mlp,2,fashion,66,0.15269334166741494,0.19349375850154124,0.1552468812441817,
random,mlp,2,fashion,74,-0.12775151872220547,-0.10821998775229395,-0.12890093783827353,
random,mlp,2,fashion,83,0.36829496681542295,0.38607031789023255,0.38409561626861427,
random,mlp,2,fashion,87,0.09437614680467525,0.11969273149183633,0.11310872229161291,
random,mlp,2,fashion,93,0.29922439021701264,0.3241564958443523,0.3075316163239638,
random,mlp,2,fashion,94,0.27906544863501204,0.3166988439853091,0.32435500075166046,
random,mlp,2,fashion,102,0.04924056844644264,0.06477549284826493,0.05641566867963554,
random,mlp,2,fashion,112,0.08214535858968959,0.07989019599827712,0.08980566583956416,
random,mlp,2,fashion,113,0.20849759823681557,0.2047548431977668,0.22532608371672402,
random,mlp,2,fashion,120,0.16132799262701328,0.18085564973942211,0.17556897951301623,
random,mlp,2,fashion,121,0.06081808217996334,0.06634028651213257,0.06594674747494236,
random,mlp,2,fashion,131,0.18939122990807103,0.13544450019362483,0.1989675061713052,
random,mlp,2,fashion,138,0.20730164832675566,0.21839893493777443,0.23107046783094728,
random,mlp,2,fashion,139,0.163329375678154,0.20369939711060056,0.17907356548616107,
random,mlp,2,landscape,7,0.0243656655764302,-0.006427327339249296,0.024527131990275803,
random,mlp,2,landscape,8,0.34628240673002303,0.3745429926550768,0.3543997981797566,
random,mlp,2,landscape,40,0.1497687989147262,0.17807681069082418,0.152035766568181,
random,mlp,2,landscape,41,0.16122851540105176,0.14605291493288422,0.17584741725374942,
random,mlp,2,landscape,45,0.025444146387475497,0.03429656027167737,0.028675560203616432,
random,mlp,2,landscape,46,0.025033890568612566,0.07989643244130014,0.027349706516671634,
random,mlp,2,landscape,52,0.2610508821271446,0.3299435697427015,0.2918300156316353,
random,mlp,2,landscape,58,0.37660566130095613,0.3759804701802125,0.4036891584722082,
random,mlp,2,landscape,65,0.24665935712327322,0.23181418130887788,0.2650165217369335,
random,mlp,2,landscape,66,0.30776601367395046,0.27854901604610743,0.31718122707839136,
random,mlp,2,landscape,74,0.13661011024038927,0.1024346389809141,0.1376540205812385,
random,mlp,2,landscape,83,0.390641918169034,0.4016263138865295,0.399490455805594,
random,mlp,2,landscape,87,0.2714621447687045,0.269961979654856,0.2819958242330812,
random,mlp,2,landscape,93,0.44349223020505407,0.46190229578988656,0.4740455713436573,
random,mlp,2,landscape,94,0.4568486726719824,0.46612449549912904,0.4598673234158818,
random,mlp,2,landscape,102,0.407074776489947,0.45317941491502484,0.42187708757959713,
random,mlp,2,landscape,112,0.4946186230649474,0.39816567750480175,0.5008589968331576,
random,mlp,2,landscape,113,0.19338505937031825,0.16653611617873912,0.2024165939818189,
random,mlp,2,landscape,120,0.31179109953292,0.3036617311141367,0.31660278241887313,
random,mlp,2,landscape,121,0.4356382687142022,0.4687172111693015,0.4463096411264562,
random,mlp,2,landscape,131,0.09835979433370536,0.1230541657054749,0.11145619001818012,
random,mlp,2,landscape,138,0.5484958764580149,0.5567937081597819,0.5567346482851784,
random,mlp,2,landscape,139,0.3628002215550496,0.3781832679901007,0.3701990103839082,
random,mlp,3,art,0,0.26095770487306064,0.20268190823671176,0.26457257049538135,
random,mlp,3,art,9,0.4098325631656538,0.458602184639358,0.41349393127026407,
random,mlp,3,art,10,0.42236887417775537,0.43427580947360767,0.4443424573253054,
random,mlp,3,art,11,0.31881294961434814,0.2909006882290614,0.33405942742637246,
random,mlp,3,art,24,0.43341555515548075,0.47583764971550613,0.459794246054626,
random,mlp,3,art,28,0.31773794963682456,0.31545022594294164,0.360503666018442,
random,mlp,3,art,31,0.37884245988107623,0.4107101574169685,0.3871550517496141,
random,mlp,3,art,32,0.26656581011460495,0.3006892690185988,0.28701340066734876,
random,mlp,3,art,36,0.40713492633099757,0.430465145777438,0.41536604198219673,
random,mlp,3,art,42,0.23436023901529057,0.23202337422312116,0.2567195124113944,
random,mlp,3,art,47,0.3707699720410515,0.37408239851209774,0.38487586904846577,
random,mlp,3,art,54,0.07773743766655034,0.0925429867887916,0.07934647938623367,
random,mlp,3,art,55,0.0855440344000243,0.07643448395241483,0.09060397250734782,
random,mlp,3,art,59,0.40069760990642606,0.46653972319136594,0.43356381810560424,
random,mlp,3,art,60,0.4589273006663292,0.4802975378935617,0.4744572637103619,
random,mlp,3,art,67,0.27625639895694465,0.3341906575586672,0.2873810166947333,
random,mlp,3,art,68,0.5083092681054656,0.5383718441534463,0.5301705155078275,
random,mlp,3,art,75,0.3278970382128839,0.3123076392450005,0.3366509589518329,
random,mlp,3,art,76,0.38827028336605474,0.432297941726315,0.40962003995479757,
random,mlp,3,art,82,0.598650932439834,0.5982910615917074,0.6091271151493803,
random,mlp,3,art,84,0.23702126233829945,0.27303341979253376,0.24342892753132364,
random,mlp,3,art,88,0.4177364470061371,0.42096964549925603,0.4350506974978589,
random,mlp,3,art,95,0.4140634121165993,0.40187951508840464,0.4618847759051121,
random,mlp,3,art,96,0.5817511180106688,0.5117715878650358,0.5995259026771396,
random,mlp,3,art,107,0.4246936674603121,0.4169474985265371,0.435099604710923,
random,mlp,3,art,122,0.5612460980277517,0.5125493577038422,0.5915325680663476,
random,mlp,3,art,123,0.48839766262361545,0.45094537194048323,0.5130105879904948,
random,mlp,3,art,132,0.30121600775077906,0.2621039009685422,0.31040867877457096,
random,mlp,3,art,140,0.3991498337051164,0.3801485538283386,0.40744848193530947,
random,mlp,3,art,141,0.3064192558088202,0.34229323890159674,0.32245888781099286,
random,mlp,3,fashion,0,0.21540132950117277,0.24667694219663114,0.22738802790968826,
random,mlp,3,fashion,9,0.19724403970585325,0.19856774634644295,0.20543593572891736,
random,mlp,3,fashion,10,0.3776094898421271,0.4029256349607895,0.39079016354575485,
random,mlp,3,fashion,11,0.45514698556687877,0.44217636607005906,0.4670239361028145,
random,mlp,3,fashion,24,0.01451066626775833,0.013126422170698362,0.007076272537986807,
random,mlp,3,fashion,28,0.27659829276346787,0.32742222847985536,0.3056006806082712,
random,mlp,3,fashion,31,0.041517231367814995,0.09238817941226936,0.07668800431617757,
random,mlp,3,fashion,32,0.09674436781599144,0.1091006160023318,0.11385187006692103,
random,mlp,3,fashion,36,0.06131929002312737,0.040100834570330646,0.0634662722935741,
random,mlp,3,fashion,42,0.16967168642579936,0.16589933482915342,0.1758110353497071,
random,mlp,3,fashion,47,0.22871613673239602,0.22800804703543287,0.2485270395468644,
random,mlp,3,fashion,54,0.10247128898987497,0.04613508319033897,0.11143314845771314,
random,mlp,3,fashion,55,0.09361955789851929,0.1272136660653661,0.10071786550578098,
random,mlp,3,fashion,59,0.35382245871298695,0.26858290630283166,0.37736914410439376,
random,mlp,3,fashion,60,0.23830376811532214,0.21404819559889665,0.24527487206151988,
random,mlp,3,fashion,67,0.09347996550022697,0.07759009258023232,0.09713054510874512,
random,mlp,3,fashion,68,0.22330744322389529,0.2226578022456194,0.23261119273137498,
random,mlp,3,fashion,75,0.3101801230765316,0.2073367254625441,0.3223295569133517,
random,mlp,3,fashion,76,0.16029170885394647,0.14636020426105054,0.17481618566850687,
random,mlp,3,fashion,82,0.23853935244119384,0.2692433116062394,0.2532675856557271,
random,mlp,3,fashion,84,0.302987104502577,0.37585961139938,0.3373115454320131,
random,mlp,3,fashion,88,0.1133659477316691,0.1459261620140294,0.12474214047929477,
random,mlp,3,fashion,95,0.004518169873128738,0.0156885016917231,-0.0037648315590601646,
random,mlp,3,fashion,96,0.10412290328730127,0.12556619264982247,0.11123446848954786,
random,mlp,3,fashion,107,0.06401316002353663,0.15270473639922288,0.0680611174464041,
random,mlp,3,fashion,122,0.039150456942949434,0.08329834250013039,0.04805561504782807,
random,mlp,3,fashion,123,0.20626250689383607,0.20570259640527255,0.21541366544255516,
random,mlp,3,fashion,132,0.19060399802078076,0.21926582092128186,0.20485237214807941,
random,mlp,3,fashion,140,0.2397169304518079,0.24941779909443382,0.27098502166831545,
random,mlp,3,fashion,141,0.0035430759082477614,-0.03090060318618827,0.003327680107749568,
random,mlp,3,landscape,0,0.18942205843289708,0.21105863472837158,0.20391529030934788,
random,mlp,3,landscape,9,0.39659187202372564,0.34093187868608904,0.4068286399901524,
random,mlp,3,landscape,10,0.4296375015181231,0.47762799955607244,0.45337647140202203,
random,mlp,3,landscape,11,0.25536962643125066,0.18642920220030498,0.26706796079808454,
random,mlp,3,landscape,24,-0.0347165006035613,-0.0573217354097387,-0.03560752816890974,
random,mlp,3,landscape,28,0.27267603422844466,0.29386665315815247,0.29647793570211295,
random,mlp,3,landscape,31,0.12817931188595733,0.24152663615653566,0.14096473474885654,
random,mlp,3,landscape,32,0.3883722211632974,0.42461784750080084,0.40519893816782093,
random,mlp,3,landscape,36,0.4976051823393927,0.49611611195086275,0.5120067501816803,
random,mlp,3,landscape,42,0.19324604209431862,0.23013569757378538,0.20126900047584215,
random,mlp,3,landscape,47,0.38732643937143113,0.340697422945716,0.394765309411357,
random,mlp,3,landscape,54,0.08692929770908953,0.07833298250183736,0.09346020055989455,
random,mlp,3,landscape,55,0.4337685200042223,0.4012221682366852,0.4537614596510098,
random,mlp,3,landscape,59,0.266070513227253,0.2837742480903204,0.2721345370560775,
random,mlp,3,landscape,60,0.5724180041868817,0.6026758622351736,0.5848083545914419,
random,mlp,3,landscape,67,0.24785197645634963,0.22517348575110185,0.25286423151663523,
random,mlp,3,landscape,68,0.23258297227405064,0.22592169640179585,0.24984646754613182,
random,mlp,3,landscape,75,-0.05941706914904533,-0.05459336646223361,-0.06383094159699597,
random,mlp,3,landscape,76,0.1788222103358983,0.12749788487711,0.1842838706001141,
random,mlp,3,landscape,82,0.12505363450007503,0.1784891403766176,0.1332121294253963,
random,mlp,3,landscape,84,0.3852775068906355,0.3792452039674065,0.4098569465394024,
random,mlp,3,landscape,88,0.43716338814715267,0.4177962788464082,0.45738955863400205,
random,mlp,3,landscape,95,0.28410235473776807,0.3122513921392309,0.3198839378875487,
random,mlp,3,landscape,96,0.34483363377645976,0.33962121469012113,0.35605365873097233,
random,mlp,3,landscape,107,0.1901256504446146,0.21190302581548662,0.19401899972870318,
random,mlp,3,landscape,122,0.376764655618383,0.41035678130352055,0.42547317885132774,
random,mlp,3,landscape,123,0.3155200341278582,0.3325428735668016,0.3366601725223853,
random,mlp,3,landscape,132,0.32433743235765494,0.2510102575645572,0.3353633196067014,
random,mlp,3,landscape,140,0.16322562290980988,0.20736491140881222,0.178840069669408,
random,mlp,3,landscape,141,0.08819957191605925,0.13202830252044453,0.08970921724972243,
random,mlp,4,art,1,0.20865114128985549,0.20778576477989238,0.22304051261138913,
random,mlp,4,art,2,0.5590271924884735,0.6261110916968023,0.5778480292593454,
random,mlp,4,art,12,0.20672458810391423,0.2450446776427987,0.22001120404662297,
random,mlp,4,art,13,0.42129235559496797,0.4225841655442582,0.46023567449719044,
random,mlp,4,art,26,0.32691264384753943,0.33351495167869816,0.3344645458251824,
random,mlp,4,art,29,0.0075104677607981995,-0.035760727195138134,0.006887436477448668,
random,mlp,4,art,34,0.5439777683004002,0.5438674514487839,0.5478886305501524,
random,mlp,4,art,38,0.40233015488194507,0.4359057562667746,0.4384865403983617,
random,mlp,4,art,43,0.04935416036861737,0.05370937536728627,0.06047814326844838,
random,mlp,4,art,48,0.5993041213549314,0.6019972258520881,0.6026159969353981,
random,mlp,4,art,49,0.19397353036929252,0.23272808847212156,0.21393039245226722,
random,mlp,4,art,56,0.058533364503391326,0.008885579432710834,0.06223430893361364,
random,mlp,4,art,61,0.28394299591622574,0.2729875652298326,0.29031949468742574,
random,mlp,4,art,72,0.31955384779424056,0.34792588430352134,0.3344422613776194,
random,mlp,4,art,77,0.21301722464605596,0.2859157450199013,0.23798226918991663,
random,mlp,4,art,78,0.5067439002113275,0.5244435307342944,0.5206439935414424,
random,mlp,4,art,89,0.2843948696786811,0.2936328709856453,0.2985326575010287,
random,mlp,4,art,90,0.17187005667058855,0.2143407700553436,0.17719785138430622,
random,mlp,4,art,97,0.0998916872295766,0.1177033527088062,0.10533376960586,
random,mlp,4,art,103,0.5275555788643124,0.4844529044937154,0.572359244904781,
random,mlp,4,art,108,0.22582776514880257,0.23751696351861298,0.23188084818139407,
random,mlp,4,art,114,0.4858015311737803,0.5006133960101219,0.5138647167930034,
random,mlp,4,art,115,0.12401500986500713,0.16875871799521155,0.1333916681537804,
random,mlp,4,art,124,0.26112082652832025,0.2545919187373401,0.272041787742572,
random,mlp,4,art,134,0.4072259038939134,0.43250401606980887,0.42633593072038956,
random,mlp,4,art,135,0.10908313296666783,0.1453070782035122,0.1153598936764335,
random,mlp,4,art,142,0.42266302535013994,0.42908970390532436,0.43380139035830007,
random,mlp,4,art,143,0.5501137460924982,0.5902822579851129,0.5869131074314747,
random,mlp,4,fashion,1,0.2252778018227247,0.24350253001027775,0.23330214813104524,
random,mlp,4,fashion,2,0.29609945572503443,0.29690702672960084,0.3056223996994934,
random,mlp,4,fashion,12,0.1783325562565147,0.16840636927347197,0.17753055225053746,
random,mlp,4,fashion,13,0.35038783104477234,0.3546555277330133,0.37031991448405543,
random,mlp,4,fashion,26,0.2096776651777268,0.2040332121167021,0.2270545930545024,
random,mlp,4,fashion,29,0.11525824651560301,0.09010613467352346,0.12135343428923905,
random,mlp,4,fashion,34,0.20691280892095168,0.2449213171773261,0.2226833777726934,
random,mlp,4,fashion,38,0.14789674737883418,0.15413159526416112,0.15459086671565989,
random,mlp,4,fashion,43,0.2799903236345698,0.2770816939983184,0.29066763574418814,
random,mlp,4,fashion,48,0.2857352787506775,0.3346788515434429,0.3214249556008923,
random,mlp,4,fashion,49,-0.007355386448246237,-0.0347023026158771,-0.012333870012059303,
random,mlp,4,fashion,56,-0.03909767544463899,-0.045600555041300415,-0.04014883891235713,
random,mlp,4,fashion,61,0.25769371739681457,0.22942262773805702,0.2623538829978791,
random,mlp,4,fashion,72,0.11985418730079571,0.09958273244390464,0.14483554494865813,
random,mlp,4,fashion,77,0.26117613045216903,0.25909138394148945,0.2807168532000088,
random,mlp,4,fashion,78,0.10952867232972974,0.1095931596983762,0.12478456839585672,
random,mlp,4,fashion,89,0.08862193589097407,0.10539848832631381,0.10260718708551457,
random,mlp,4,fashion,90,0.26985281545994594,0.32096367468924175,0.30501949780884624,
random,mlp,4,fashion,97,0.3213227026639267,0.3626638197544792,0.3276488716944836,
random,mlp,4,fashion,103,0.08339009171773464,0.09377173807838317,0.09293993024949371,
random,mlp,4,fashion,108,0.046353427888270626,0.0025702305219865,0.0542445631731708,
random,mlp,4,fashion,114,0.20125471083686394,0.2584670245350461,0.23897232511640296,
random,mlp,4,fashion,115,0.21085297064078998,0.21905683742308943,0.2217279964879628,
random,mlp,4,fashion,124,0.2211421363789361,0.2401898820777116,0.23131771312761687,
random,mlp,4,fashion,134,0.09093858555200662,0.13070084206260188,0.09462345450877296,
random,mlp,4,fashion,135,0.04745734582364963,0.05632981051849776,0.0485829755673007,
random,mlp,4,fashion,142,0.2453055998401372,0.21615396652943888,0.2500924920659464,
random,mlp,4,fashion,143,0.1409581375321106,0.138389447707133,0.14617627273110886,
random,mlp,4,landscape,1,0.2904439491554904,0.3240523804044157,0.30606565950751025,
random,mlp,4,landscape,2,0.2229873782292516,0.21841881757043444,0.23341186364370178,
random,mlp,4,landscape,12,0.5844460475917216,0.5637609425733002,0.5950753548430391,
random,mlp,4,landscape,13,0.2557292797805753,0.2559976892013435,0.25797628448405036,
random,mlp,4,landscape,26,0.17523153574353945,0.19474550623674824,0.19754331611717355,
random,mlp,4,landscape,29,0.0033917049500595264,0.023585451411525727,0.004908718662316532,
random,mlp,4,landscape,34,0.37920122714385324,0.4079237360521839,0.41677587102096475,
random,mlp,4,landscape,38,0.07513946874570186,0.04229795445759257,0.07626707192810071,
random,mlp,4,landscape,43,0.17891121820538616,0.12612188698694393,0.1816560664293856,
random,mlp,4,landscape,48,0.38773957236968587,0.3670569930829326,0.4469760515506483,
random,mlp,4,landscape,49,0.2551642483495821,0.2330627254008454,0.26186142524835393,
random,mlp,4,landscape,56,0.035528549393892904,0.05934284937064787,0.043599955428287734,
random,mlp,4,landscape,61,0.25212536527840534,0.2689576335215737,0.2794494155161243,
random,mlp,4,landscape,72,0.21920819440015668,0.2425144979393454,0.24924261741405437,
random,mlp,4,landscape,77,0.169948721781922,0.15094130232399058,0.17159669606857397,
random,mlp,4,landscape,78,0.06496302035486869,0.030834725750764336,0.0722553725815585,
random,mlp,4,landscape,89,0.20296109550850686,0.20179211270561118,0.24122362603441164,
random,mlp,4,landscape,90,0.2656207246593298,0.2558787013206459,0.2720088875821249,
random,mlp,4,landscape,97,0.2667399191084104,0.21688482783760352,0.2719985382874346,
random,mlp,4,landscape,103,0.4176183391900981,0.4212069806992453,0.42305898466048514,
random,mlp,4,landscape,108,0.2894603668336828,0.27493671466608643,0.2925889514120843,
random,mlp,4,landscape,114,0.17651891247408122,0.19421170752249306,0.19098840482099352,
random,mlp,4,landscape,115,0.22161225691343003,0.23874534523740842,0.2350908596853958,
random,mlp,4,landscape,124,0.2247955971255553,0.2698302896701695,0.2535406766941906,
random,mlp,4,landscape,134,0.20566687096057648,0.2605998041984607,0.21863875820605327,
random,mlp,4,landscape,135,0.3372200480533622,0.27237273129449985,0.357938165011251,
random,mlp,4,landscape,142,0.3920362450465034,0.4055714319303059,0.40362492799838307,
random,mlp,4,landscape,143,0.5218680530743753,0.5537171176055932,0.5408351405430168,
random,ridge,0,art,3,0.018798382510117836,0.10831644509118803,0.08147680529593666,6.138237518916513
random,ridge,0,art,14,0.45980063704846197,0.6257713829246613,0.5969026613572764,6.138175338910831
random,ridge,0,art,15,0.14057980111672272,0.22434589236498395,0.22655669739236242,6.1453945772643905
random,ridge,0,art,19,0.4115469517073192,0.5594217787674169,0.5563765662829837,6.1513719160446625
random,ridge,0,art,21,0.33736754079443565,0.47076148032198617,0.4849308166448753,6.1522184875029025
random,ridge,0,art,22,0.36400789074224355,0.3826047677556487,0.4188380097428259,6.13625813141181
random,ridge,0,art,30,0.10339981964331857,0.21066948872214186,0.20597736494181304,6.134895844599728
random,ridge,0,art,50,0.4165736170004963,0.48744075438804885,0.5344591328554559,6.147798805711204
random,ridge,0,art,57,0.3508237054657047,0.4501842834042336,0.4709486467882151,6.159934839421411
random,ridge,0,art,62,0.4100079943789452,0.5497712132299859,0.5244100702567761,6.1396507365707516
random,ridge,0,art,63,0.024476267858363668,-0.05916268834784969,0.07259122426800156,6.122189687048983
random,ridge,0,art,79,0.3854057048406416,0.5018685853515751,0.5397418816023725,6.145099831259259
random,ridge,0,art,80,0.6326007860947507,0.7337682462430108,0.7334928869183477,6.134307906341806
random,ridge,0,art,85,0.28345921666927315,0.34271936404216813,0.42100106231684986,6.158702719203979
random,ridge,0,art,86,0.369916172507571,0.5384248504905325,0.5555029876816966,6.128350148665599
random,ridge,0,art,98,0.3752499623152201,0.39229935160300206,0.40746590905948504,6.145935034469673
random,ridge,0,art,99,0.5730642050407498,0.6933479324939924,0.7041667752983937,6.137333209588164
random,ridge,0,art,105,0.1123899086990957,0.26787253561517615,0.24136991217648904,6.141874121645787
random,ridge,0,art,109,0.2639863338128288,0.44019870554229507,0.4206332307079772,6.150521859830673
random,ridge,0,art,110,0.37969301697869257,0.47434666532616765,0.48356491513912564,6.127724828073276
random,ridge,0,art,116,0.548114199853492,0.6258578862301133,0.6214974105338809,6.1300146832017886
random,ridge,0,art,117,0.6197665414150796,0.7395534314883926,0.7390400599681314,6.10641780693783
random,ridge,0,art,126,0.3252105488570857,0.40429732108030375,0.42749602744967247,6.144799705059338
random,ridge,0,art,127,0.38028882636767286,0.45944990110902245,0.4636195038366762,6.103901638985014
random,ridge,0,art,136,0.3873938201025251,0.4354161136941557,0.4843139490461616,6.118327011128419
random,ridge,0,art,144,0.4735442552429776,0.652097972338042,0.6670336311194306,6.133000735570231
random,ridge,0,fashion,3,0.30702614329678307,0.4709339067112261,0.4866922526485824,5.837451321719873
random,ridge,0,fashion,14,0.3370361240840121,0.4749538072435781,0.5147159534706794,5.832384794252104
random,ridge,0,fashion,15,-0.0221260996897875,0.026421178805465267,-0.03158729996766387,5.832574652163896
random,ridge,0,fashion,19,0.3161023260050953,0.4455941925405292,0.48025618059646386,5.83421309615855
random,ridge,0,fashion,21,0.053793659840016335,0.10085827256608926,0.13837239709054477,5.833566169013774
random,ridge,0,fashion,22,0.1702702892174968,0.30833490603827707,0.304227583705401,5.840390005443504
random,ridge,0,fashion,30,0.2792803009306988,0.35086739535518857,0.3781310058661758,5.834073217341916
random,ridge,0,fashion,50,0.017438601663519866,0.027692513640601563,0.0421567762222081,5.835510247787109
random,ridge,0,fashion,57,0.09000595478034794,0.13866469582941723,0.1493052518973667,5.82923388108221
random,ridge,0,fashion,62,0.09932040988933803,0.2061627086174417,0.19671060006509355,5.832995929265984
random,ridge,0,fashion,63,0.1082494282804375,0.3238849949767445,0.2827084150935834,5.843266361759169
random,ridge,0,fashion,79,0.27181819793312717,0.36548616982388715,0.4418976681978557,5.8363683288957615
random,ridge,0,fashion,80,0.1575985660294787,0.29374363207376153,0.2916633698312349,5.832422264261197
random,ridge,0,fashion,85,0.25379276994862493,0.4869176740460561,0.4605999636285452,5.835738876715077
random,ridge,0,fashion,86,0.05960967936322247,0.1600570439321828,0.13412122720269257,5.836455923086812
random,ridge,0,fashion,98,0.14945563736393064,0.23646155639090702,0.26673955909202185,5.826576003791512
random,ridge,0,fashion,99,0.3226405416820695,0.3940021379182817,0.43146716026537174,5.8322871391173665
random,ridge,0,fashion,105,0.11732181643079394,0.16993440249582115,0.1528970425979723,5.841470568836037
random,ridge,0,fashion,109,0.2693940315901097,0.45932761866123956,0.5295193794250558,5.83144751416673
random,ridge,0,fashion,110,0.13743522381565879,0.21857266788236052,0.29319351884315364,5.831523651128951
random,ridge,0,fashion,116,0.1291996861209044,0.2299316405379508,0.3201283145043859,5.831538967915581
random,ridge,0,fashion,117,0.3795370449974664,0.48591969430173726,0.5263300517184656,5.833287775608998
random,ridge,0,fashion,126,0.13377280449027598,0.14785315355661163,0.2614393275538394,5.835126468636382
random,ridge,0,fashion,127,0.31942454903344725,0.43564614715145983,0.442088119685869,5.82885577658683
random,ridge,0,fashion,136,0.24935345289694677,0.48728588232153086,0.46768984287753024,5.835524408755199
random,ridge,0,fashion,144,0.26308000515940516,0.46797915221008396,0.4246143530585658,5.832591688877113
random,ridge,0,landscape,3,0.15605775001419833,0.34728369546477,0.3537870904158796,4.966543048850947
random,ridge,0,landscape,14,0.2510435440514171,0.3690096216017005,0.40154894462605656,4.980076510832242
random,ridge,0,landscape,15,-0.019214464216585698,-0.0658798439533178,-0.0634952973741867,4.929051518666923
random,ridge,0,landscape,19,0.40071446085562007,0.5639073222119958,0.6000430943378833,4.958151954092986
random,ridge,0,landscape,21,0.10313934740191173,0.18492367971145254,0.1971080032706981,4.964350636836239
random,ridge,0,landscape,22,0.2663434047695343,0.48793518159870547,0.4848822320271073,4.922227528906329
random,ridge,0,landscape,30,0.29195731603140684,0.40164007203554414,0.4117093759546678,4.972075941360029
random,ridge,0,landscape,50,0.2866171599202593,0.401045218826084,0.3783160820469074,4.982302239109189
random,ridge,0,landscape,57,0.12384268134595718,0.2545413643817678,0.26117586260908277,4.959035670793685
random,ridge,0,landscape,62,0.20613495345187371,0.27598372651015063,0.31548277346488746,4.958048233514604
random,ridge,0,landscape,63,0.025084504714013665,0.019585186355234246,0.024437364701942244,4.8883372117669905
random,ridge,0,landscape,79,0.1094975144709621,0.24633925472810037,0.20754237203828482,4.970906636699543
random,ridge,0,landscape,80,0.4335391098491079,0.6399876602219878,0.6272761291283154,4.934926003896066
random,ridge,0,landscape,85,0.1720257997900454,0.35674574852700136,0.3233132272983519,4.942356590053001
random,ridge,0,landscape,86,0.27501254787691237,0.4931122021940996,0.47799216591342475,4.931121289780453
random,ridge,0,landscape,98,0.21462832361869397,0.4597797563200121,0.458397679703102,4.948916737404277
random,ridge,0,landscape,99,0.36787624687342974,0.5342342382238091,0.5403839248408172,4.928045395195416
random,ridge,0,landscape,105,0.10738411361947087,0.31050183592363556,0.31216310589405116,4.982156657573992
random,ridge,0,landscape,109,0.18483362601086573,0.35103455677642387,0.3742606679710477,4.960003095957078
random,ridge,0,landscape,110,0.44031790797285514,0.7187917117604524,0.6964190078270215,4.922366989512949
random,ridge,0,landscape,116,0.18078348190334656,0.36432000896455013,0.3971013897196811,4.961074389272002
random,ridge,0,landscape,117,0.4002835848637836,0.5762880588350802,0.5739707171004761,4.926731603139242
random,ridge,0,landscape,126,0.15362448475372786,0.18655039256361952,0.22729446855554591,4.977748408039056
random,ridge,0,landscape,127,0.21025908342842423,0.2609571363777829,0.2892754070874602,4.909931273941334
random,ridge,0,landscape,136,0.2742583392541013,0.447007446360093,0.484187301854617,4.9902312810044736
random,ridge,0,landscape,144,0.29414470791828995,0.4610803024164459,0.48829957996434153,4.98317767148849
random,ridge,1,art,5,0.053609790264693924,0.27687523796772623,0.25712170633673,3.169202000960471
random,ridge,1,art,6,0.3390189767075693,0.6385020109726538,0.6090858340390293,3.184701393811276
random,ridge,1,art,16,0.18803534289147583,0.40733972494698967,0.41610312371900643,3.161169188771037
random,ridge,1,art,17,0.025369650719497303,0.11469554981118428,0.1214170732101007,3.164811794687362
random,ridge,1,art,23,0.08789401441220575,0.24221142917732755,0.27081519694445594,3.1344948165761934
random,ridge,1,art,35,0.03564732216284434,0.18289375087570858,0.17120317252406173,3.1631503542472714
random,ridge,1,art,39,0.39887698155515544,0.7000202540872763,0.714434461729743,3.182502521159032
random,ridge,1,art,44,0.25400841523338213,0.5792373859340048,0.5408695986869757,3.1816992976481586
random,ridge,1,art,51,0.19116317621223108,0.5277029245460881,0.543688347368073,3.1649019358552564
random,ridge,1,art,64,0.14105895657265927,0.4200411890875551,0.3936284487318707,3.1600841869493013
random,ridge,1,art,69,0.16106451058502513,0.2777016354912696,0.2891232445429755,3.15910069664247
random,ridge,1,art,81,0.14604320894965317,0.3373669902593854,0.38361365871695097,3.1624911718455215
random,ridge,1,art,92,0.12383592311400742,0.27292032641578184,0.2887537351644351,3.181514728747441
random,ridge,1,art,100,0.311542817661762,0.6338488974513944,0.6277929934269971,3.159622264407959
random,ridge,1,art,101,0.23725308141908485,0.5436627083409205,0.517745965101541,3.1647127112486118
random,ridge,1,art,106,0.11096511372506672,0.3616240845794687,0.36082200429348515,3.1846273255871367
random,ridge,1,art,111,0.315802990489896,0.6838599896626176,0.6694181486134969,3.1712149317401757
random,ridge,1,art,118,0.29437604850934057,0.6297167565451757,0.611878304967144,3.151337033249984
random,ridge,1,art,119,0.2921583996701422,0.6018198269516781,0.5750729175583306,3.151024771342316
random,ridge,1,art,128,0.15406914633516572,0.5138187517950558,0.49317533088160764,3.1684428344558917
random,ridge,1,art,129,0.16301866489671493,0.351235270594573,0.36735821853373113,3.154504538037171
random,ridge,1,art,137,0.18827766996074893,0.4921375002002059,0.5126253316992758,3.1629725621454816
random,ridge,1,fashion,5,0.09814556368031328,0.24153863549922105,0.26490540379706384,3.822003173267973
random,ridge,1,fashion,6,0.2052484020551378,0.44669240760253454,0.45030018453218656,3.8951330737576058
random,ridge,1,fashion,16,0.11921761469276276,0.2887752503221649,0.2483051646735462,3.8466649329929243
random,ridge,1,fashion,17,0.1104650553489492,0.13610476663144563,0.18125589170892176,3.8756176155968483
random,ridge,1,fashion,23,0.2406054239852462,0.4459904521607791,0.46187580549686463,3.8978697175879087
random,ridge,1,fashion,35,0.05610699619137997,0.15000893494620307,0.16298191678100618,3.8739471300132196
random,ridge,1,fashion,39,0.20833669714110659,0.3387629135941271,0.359006253647423,3.8886107305873114
random,ridge,1,fashion,44,0.1456835388894058,0.3513314900041595,0.3062662237560099,3.886699660780298
random,ridge,1,fashion,51,0.2709187391738786,0.5013202738791446,0.48778801774437247,3.9043660266480043
random,ridge,1,fashion,64,0.030930231360207002,0.0579307235948045,0.06239203029908976,3.872934197408083
random,ridge,1,fashion,69,0.10379718520364194,0.3508562530252459,0.31621727854456533,3.8656373915009445
random,ridge,1,fashion,81,0.1976260275814763,0.3425933625814048,0.3342565589405219,3.85720512078948
random,ridge,1,fashion,92,0.046075651014311436,0.09906413872472457,0.124833864954034,3.8756606572074674
random,ridge,1,fashion,100,0.28613043175863767,0.5082409017121224,0.5312533608146147,3.8386132960927832
random,ridge,1,fashion,101,0.08158857549195707,0.21254440834096502,0.17752170373915313,3.875007603891492
random,ridge,1,fashion,106,0.08839305098731066,0.20149146655333738,0.21819190454085188,3.853950700731048
random,ridge,1,fashion,111,0.11683703402382271,0.29984178304390097,0.29453337598299334,3.8856559227227714
random,ridge,1,fashion,118,0.17077862257207346,0.29385817705371325,0.322599014162384,3.823965967962526
random,ridge,1,fashion,119,0.25296940288340747,0.5077979288803133,0.529667850424231,3.8863407304686373
random,ridge,1,fashion,128,0.21793775701822235,0.44125128545083386,0.4518517301658629,3.839953781808713
random,ridge,1,fashion,129,0.016514778721564333,0.06163479881540777,0.09511595355045317,3.877276837796369
random,ridge,1,fashion,137,0.022898395094820265,0.058009305532044274,0.056890337006740704,3.862362702236426
random,ridge,1,landscape,5,0.2843927445149567,0.4651488996753348,0.46207284501435436,5.1515573142911455
random,ridge,1,landscape,6,0.4362177372920451,0.6559008483480125,0.6391773851744763,5.106578880508138
random,ridge,1,landscape,16,0.3911187634492985,0.47203359467878325,0.48513606081209154,5.209893275714799
random,ridge,1,landscape,17,-0.008430813429900333,0.0322307951686965,-0.030784205926014597,5.13737755470254
random,ridge,1,landscape,23,0.4741196702386516,0.727957028679478,0.7013565221786707,5.116332966668966
random,ridge,1,landscape,35,0.1365636080946047,0.39229856980640304,0.36558420750846593,5.142765976941463
random,ridge,1,landscape,39,0.5719086274501746,0.7226639387139985,0.713155907297563,5.158045416745591
random,ridge,1,landscape,44,0.31330447490420127,0.5197419697270292,0.5026250118593817,5.080091305647283
random,ridge,1,landscape,51,0.42161533898003273,0.7009982440159677,0.6734497713780646,5.160768871939377
random,ridge,1,landscape,64,0.17089195557070225,0.27335251190909077,0.2580044566196445,5.145295834452603
random,ridge,1,landscape,69,0.10647117606857683,0.26499010693619457,0.23439630217261945,5.180524224469935
random,ridge,1,landscape,81,0.17547273309611075,0.37138191280291877,0.3560153198540916,5.152170474268782
random,ridge,1,landscape,92,0.22783901122737268,0.3917557345468528,0.3990276775177899,5.109547865285511
random,ridge,1,landscape,100,0.21450818876661762,0.27961095299355937,0.30389360267839755,5.128149680245069
random,ridge,1,landscape,101,0.16862820767067987,0.26780795462688683,0.2744945354822693,5.145004702948593
random,ridge,1,landscape,106,0.21225211120027365,0.44279034929994515,0.4160549279220514,5.128441670677138
random,ridge,1,landscape,111,0.26613819328582694,0.4807323303370134,0.4704974031779145,5.125789648862062
random,ridge,1,landscape,118,0.381637906438947,0.5070987123110734,0.48289396307368615,5.1341124321950415
random,ridge,1,landscape,119,0.6072532793968173,0.7110423375827549,0.7049702744748078,5.156113119644188
random,ridge,1,landscape,128,0.18333159160808335,0.37997275658737756,0.37245016361425165,5.147425472294802
random,ridge,1,landscape,129,0.42046349669912547,0.5662074352114649,0.600597860317389,5.128907798079708
random,ridge,1,landscape,137,0.33395186041775177,0.3938512463655066,0.4206041332431809,5.142670561819062
random,ridge,2,art,7,0.2796729750569997,0.2721262744678384,0.3332645715344558,6.953391629060643
random,ridge,2,art,8,0.506545908545833,0.5900703786812693,0.5822101639803963,6.91174149217269
random,ridge,2,art,40,0.19152485391563376,0.2557496780955342,0.24394294868377112,6.934366126020589
random,ridge,2,art,41,0.6262427077349514,0.6811480374645159,0.6871438996223519,6.963069153466042
random,ridge,2,art,45,0.014256788611391333,0.02687942634825563,0.030887739082842564,6.9347312746159275
random,ridge,2,art,46,-0.07737857894389202,-0.10628767627879666,-0.13859509459246203,6.963416005925892
random,ridge,2,art,52,0.44947671468431266,0.5862165365572531,0.5764878035033391,6.9569546867042975
random,ridge,2,art,58,0.5177151136083865,0.5794932971347211,0.6075778174587869,6.948886378652265
random,ridge,2,art,65,0.5547021400098946,0.6390643014059928,0.6426113893452491,6.921122602857699
random,ridge,2,art,66,0.3554402148261639,0.4784868865131244,0.4771848077271043,6.935375772482687
random,ridge,2,art,74,0.38906215330530447,0.4702815284016255,0.4972499379800103,6.959861054854346
random,ridge,2,art,83,0.2259083082011134,0.37975337998629893,0.40138146075217024,6.979503386106561
random,ridge,2,art,87,0.6137276098985618,0.6692997101542194,0.6634250913776115,6.9703800665110345
random,ridge,2,art,93,0.49871025659403706,0.583816316045809,0.5705671021188684,6.96070942311642
random,ridge,2,art,94,0.6765111476548565,0.751032090699923,0.7472288139370448,6.952926376114296
random,ridge,2,art,102,0.2633349702533876,0.3251611043522573,0.33617724482449063,6.952705267197032
random,ridge,2,art,112,0.3786456526906812,0.48166719388969037,0.4850750863714787,6.937077714372276
random,ridge,2,art,113,0.28983362515040684,0.4528186373254359,0.44007054614296387,6.945630628944571
random,ridge,2,art,120,0.5830654728993591,0.6620091831230709,0.6589267035748351,6.948681205210346
random,ridge,2,art,121,0.36268189578444043,0.4192166145157438,0.41503985685842765,6.894709745708215
random,ridge,2,art,131,0.3084388463227103,0.39349589734649637,0.39863709695349653,6.987689466866041
random,ridge,2,art,138,0.4183438668415729,0.507868601986249,0.4868839272114212,6.933043953053819
random,ridge,2,art,139,0.12589380235476824,0.22535458457672145,0.2351334187274362,6.943709755787779
random,ridge,2,fashion,7,0.2821926417710615,0.4107401811871458,0.46164387002494117,5.855791542471333
random,ridge,2,fashion,8,0.1502302393238356,0.3635208538076095,0.37726087355113974,5.873795496424594
random,ridge,2,fashion,40,0.21489674666804173,0.19055046541441076,0.3044379701212397,5.872143163831741
random,ridge,2,fashion,41,0.22110396999378565,0.35097003287135503,0.3491450884783724,5.885834291509814
random,ridge,2,fashion,45,0.16331794510814607,0.33546523596977046,0.3257524311452676,5.856117903185787
random,ridge,2,fashion,46,0.038553953640072164,0.11887726232583094,0.09607033162122618,5.875718011649297
random,ridge,2,fashion,52,0.258699668810064,0.39731536271209983,0.47813154526207163,5.831104652239532
random,ridge,2,fashion,58,0.17636371946222393,0.360414937422698,0.3470882289155182,5.889547762849205
random,ridge,2,fashion,65,0.09692537303288956,0.13398290676284513,0.19298310197321059,5.857094410880758
random,ridge,2,fashion,66,0.22533138627054383,0.3296541902575757,0.3299007718270105,5.836695742753119
random,ridge,2,fashion,74,0.0410703894307222,0.13452927557686836,0.1400168510929629,5.8249402882670225
random,ridge,2,fashion,83,0.3803338580676639,0.5157910379494524,0.521800791629078,5.873253444126637
random,ridge,2,fashion,87,0.13737885490024962,0.264853389232174,0.259091391011675,5.846523225451541
random,ridge,2,fashion,93,0.35394198293437035,0.5024904279334507,0.507695596146703,5.869037524106827
random,ridge,2,fashion,94,0.22886265852672108,0.30759061004325144,0.35780428123343594,5.874065337904465
random,ridge,2,fashion,102,0.09095955644816923,0.23562783181550806,0.2464681683360965,5.858527852188254
random,ridge,2,fashion,112,0.2179835947963348,0.350946218135289,0.3890117844970578,5.869974554500158
random,ridge,2,fashion,113,0.23783589600489993,0.3656805321896323,0.4123538058217599,5.868677760014752
random,ridge,2,fashion,120,0.1998857136271038,0.23250928662866455,0.29510189097679085,5.880800995321746
random,ridge,2,fashion,121,0.2945231802480867,0.34339808543445255,0.3732916179155084,5.8724372256976265
random,ridge,2,fashion,131,0.09246724246305112,0.1267653096359388,0.14991348302308374,5.890068957753043
random,ridge,2,fashion,138,0.3447505815998719,0.4066258958025603,0.4579928269825582,5.837835061362951
random,ridge,2,fashion,139,0.22152296483191694,0.34450339933181046,0.3741105142859431,5.886229663910015
random,ridge,2,landscape,7,0.05838655419780094,0.10058767285925097,0.1090877950093795,4.172141055834468
random,ridge,2,landscape,8,0.2867940230195129,0.49404365023599484,0.4999083322100679,4.140183367330203
random,ridge,2,landscape,40,0.10711217074906347,0.2975148973195176,0.31224729164254433,4.173394579097173
random,ridge,2,landscape,41,0.12884502306349813,0.4164477364946115,0.40556679245421073,4.106398409539005
random,ridge,2,landscape,45,0.18150547052571678,0.43056064686193524,0.4275886832918136,4.14920672396614
random,ridge,2,landscape,46,0.08162426621965557,0.2637209773853147,0.25424795433342656,4.126792782125162
random,ridge,2,landscape,52,0.22901909766325615,0.46045111168167124,0.47286211830453323,4.199762740459209
random,ridge,2,landscape,58,0.21980968344549448,0.44286397068342703,0.4924516013512455,4.113960081858821
random,ridge,2,landscape,65,0.1968647564937147,0.3579255799017463,0.3660954872972635,4.178111216900549
random,ridge,2,landscape,66,0.16143900002356362,0.3660297522591209,0.40355186531151704,4.133168547760336
random,ridge,2,landscape,74,0.17973619181233533,0.30577504173407194,0.34167480369372033,4.197314935761478
random,ridge,2,landscape,83,0.2678308191239333,0.5587171792046778,0.5805176580076791,4.138466051985496
random,ridge,2,landscape,87,0.21692260884294487,0.47683265930255686,0.4480016370945228,4.174367166619699
random,ridge,2,landscape,93,0.36792583792596556,0.6352457758518327,0.6334078223733473,4.174931211915236
random,ridge,2,landscape,94,0.3773453919052228,0.5599319281791709,0.5793666866962089,4.124060637722718
random,ridge,2,landscape,102,0.3128491164401301,0.6478849247376938,0.6181909265505876,4.138937292410717
random,ridge,2,landscape,112,0.3157856510940497,0.47528478343004715,0.555652192660527,4.175617844853974
random,ridge,2,landscape,113,0.22761338730050382,0.466931207607606,0.4528213795988929,4.11429867707196
random,ridge,2,landscape,120,0.33132709195382354,0.5716633677942861,0.5510312689110723,4.167635642337737
random,ridge,2,landscape,121,0.30628751340151306,0.6698643722430812,0.6434517487495298,4.117412413717257
random,ridge,2,landscape,131,0.05520821682343353,0.2273992910397333,0.1861153057904927,4.135079401713287
random,ridge,2,landscape,138,0.39092751945351395,0.7127391860992763,0.7435296787217816,4.163135577012219
random,ridge,2,landscape,139,0.2116610819275481,0.45618040419490496,0.41338097246081734,4.115825231800534
random,ridge,3,art,0,0.3536577028241394,0.314792793087903,0.388478080000684,7.398562645448931
random,ridge,3,art,9,0.5058646496117009,0.5762076635732741,0.5394409560734643,7.370512212846374
random,ridge,3,art,10,0.47357692619330843,0.5522369137740059,0.5155728263071789,7.413280757176895
random,ridge,3,art,11,0.38775254083325966,0.3903376249792608,0.4589901240990453,7.386570537109563
random,ridge,3,art,24,0.4413711352270015,0.5724510723188004,0.5760887281032248,7.404086748969013
random,ridge,3,art,28,0.47011396233133557,0.5929909066031941,0.5965885229725054,7.388565070361068
random,ridge,3,art,31,0.4838344732193552,0.5200986740149881,0.5289807043419622,7.356381942156692
random,ridge,3,art,32,0.2942249664786847,0.3969052353998233,0.3935386517608126,7.419881800958841
random,ridge,3,art,36,0.45251928062456664,0.5034649083734118,0.5198556566198209,7.376646477766335
random,ridge,3,art,42,0.2347629894689132,0.3104266466837711,0.362900448384818,7.3721430299715935
random,ridge,3,art,47,0.403716610909113,0.4930150862678692,0.49953202805703495,7.407664944449402
random,ridge,3,art,54,0.15443717999056958,0.18464986148150023,0.19739412136584092,7.370097200261854
random,ridge,3,art,55,0.19303653960799852,0.2950423254272397,0.2718222914522295,7.407055440363542
random,ridge,3,art,59,0.4563538422282359,0.5475554072964641,0.6148742800242185,7.343046577383901
random,ridge,3,art,60,0.5981157373266875,0.6632845182899244,0.6596508736726675,7.3903079570469465
random,ridge,3,art,67,0.3801120547549557,0.4894434856249097,0.44776065798478,7.387109100913385
random,ridge,3,art,68,0.5893453553454581,0.6852715153771701,0.6789055038096817,7.402477057037983
random,ridge,3,art,75,0.42787661711386876,0.44493143125315143,0.4795933221892314,7.361250080439965
random,ridge,3,art,76,0.4130139135552957,0.44659281943178747,0.4885238295776957,7.422871321513267
random,ridge,3,art,82,0.628837783704636,0.6437788891622646,0.6617282168330564,7.406577009807204
random,ridge,3,art,84,0.3000541420713476,0.3077419179596927,0.3283337524820463,7.405319418919187
random,ridge,3,art,88,0.46867636413701624,0.5091652563032526,0.5443757016394204,7.4054538973577095
random,ridge,3,art,95,0.4411962132820106,0.47189238259697636,0.5234913561748682,7.386225594186066
random,ridge,3,art,96,0.5802761750695344,0.5807165231569072,0.6476441019870309,7.3986509666923785
random,ridge,3,art,107,0.46158328602860194,0.48291728783875154,0.5391606996418322,7.36697582731805
random,ridge,3,art,122,0.5418933525325796,0.5813760577960565,0.6409893958654643,7.389011871289782
random,ridge,3,art,123,0.45535266531710467,0.4830321547920755,0.5103607260611497,7.394327950761746
random,ridge,3,art,132,0.43241377444455703,0.47800464638987233,0.5635025969695665,7.40393863604686
random,ridge,3,art,140,0.42516789226839286,0.4698283168821105,0.45910180736711576,7.378644718178003
random,ridge,3,art,141,0.394162633492216,0.5394304619511971,0.4919391982498141,7.421907782338813
random,ridge,3,fashion,0,0.231458166496791,0.355531598809467,0.37568364368607726,6.938682385452359
random,ridge,3,fashion,9,0.21874654758684184,0.2584700094748727,0.2883849399786714,6.970361773972301
random,ridge,3,fashion,10,0.40500139079642805,0.4575673833374607,0.4704735575181411,6.961875168645922
random,ridge,3,fashion,11,0.479454662192814,0.5543312097097308,0.5564643811678504,6.93604439513214
random,ridge,3,fashion,24,0.15369121395877416,0.22926450481604232,0.24244604440914866,6.904128287224403
random,ridge,3,fashion,28,0.3444674814404582,0.4011205623893832,0.38500389667783036,6.907850993745888
random,ridge,3,fashion,31,-0.05563547610798974,-0.1088091173078069,-0.13102544123565343,6.946620481932077
random,ridge,3,fashion,32,0.11359485952927799,0.1685509442216868,0.18465121233792314,6.946415775090848
random,ridge,3,fashion,36,0.11066298789091766,0.17762730153827733,0.22159651597261187,6.954384635325379
random,ridge,3,fashion,42,0.0896332530218399,0.1850210653897828,0.1691743065333394,6.955094650556301
random,ridge,3,fashion,47,0.29565097922872074,0.4390168509726016,0.47784054554112254,6.922225257125915
random,ridge,3,fashion,54,0.042589061607288335,0.04344856864079374,0.0937201468600064,6.9336180057185635
random,ridge,3,fashion,55,0.22676466056145408,0.28577617360951885,0.3544274682673542,6.946125962442835
random,ridge,3,fashion,59,0.3912705117353483,0.3163580881384323,0.4307386260876118,6.965253492840572
random,ridge,3,fashion,60,0.3833131525664455,0.3861944597848804,0.4306941676048524,6.950768722502673
random,ridge,3,fashion,67,0.046888947897322904,0.09927247204765416,0.08374842253383086,6.934835504447576
random,ridge,3,fashion,68,0.2351854654764395,0.3098419543485455,0.3356544378867343,6.900018937711643
random,ridge,3,fashion,75,0.3460311227173342,0.49316340740956915,0.5067458868030369,6.979252140298738
random,ridge,3,fashion,76,0.23757986704890202,0.28913828392000657,0.304878322427518,6.888251439577801
random,ridge,3,fashion,82,0.2129564864840292,0.30837404640896754,0.3318932213945479,6.940093798971173
random,ridge,3,fashion,84,0.20779441488924277,0.41853273893666226,0.3601298874526852,6.945652897170315
random,ridge,3,fashion,88,0.16572593838168653,0.26335950134922237,0.2583740146876197,6.907534818903152
random,ridge,3,fashion,95,0.07287164093907329,0.19491329133039756,0.12950701710194693,6.973962213208652
random,ridge,3,fashion,96,0.14247516391518036,0.29252095319576804,0.3125778281556679,6.903357680503287
random,ridge,3,fashion,107,0.13507550955394462,0.18969049812779168,0.20856685713596376,6.884033648185846
random,ridge,3,fashion,122,0.09002316547926066,0.2427374907427009,0.18366861981637175,6.9619603809769535
random,ridge,3,fashion,123,0.3607475567755776,0.45462903074280986,0.467825082541011,6.945815769478653
random,ridge,3,fashion,132,0.25993433775470415,0.3915354745670177,0.3850965751040918,6.945237009789792
random,ridge,3,fashion,140,0.32926472399014234,0.468276653237969,0.4902800599554397,6.9598746839327825
random,ridge,3,fashion,141,0.1216539303065219,0.2087443380350568,0.1776442611477508,6.903654045890022
random,ridge,3,landscape,0,0.24785326949848244,0.38077827302353323,0.3392834332048659,6.5098922248414395
random,ridge,3,landscape,9,0.4795369936895561,0.47840521975074907,0.5846315019112998,6.509101060624853
random,ridge,3,landscape,10,0.4643316205286963,0.6380230267368661,0.6237176506539724,6.5271150848110215
random,ridge,3,landscape,11,0.35399702238647884,0.35895509824215993,0.46637464226661507,6.522998494313813
random,ridge,3,landscape,24,-0.08375869419671013,-0.17996149847289455,-0.20657813948251366,6.5329227341480385
random,ridge,3,landscape,28,0.2732175614539742,0.2875674014660273,0.34063210423981727,6.538415625458125
random,ridge,3,landscape,31,0.1571340385331225,0.3615731566995735,0.25648479113856204,6.532425939868166
random,ridge,3,landscape,32,0.4066051656352096,0.4942701162891079,0.5067179587899158,6.530637607543505
random,ridge,3,landscape,36,0.48200312011016844,0.5698680232809847,0.5688911914727165,6.541263915077134
random,ridge,3,landscape,42,0.3022727237140937,0.4832985402299796,0.46743028789373026,6.536434483523543
random,ridge,3,landscape,47,0.49257188600658086,0.49321185309681886,0.5750692267730034,6.52957187862028
random,ridge,3,landscape,54,0.004626430723273664,0.08060374750886937,0.04684009169056199,6.543605946972797
random,ridge,3,landscape,55,0.45917940870268176,0.6017586788241095,0.5879217736240184,6.529869851106597
random,ridge,3,landscape,59,0.32984010758352245,0.47926811991220974,0.46205564100166435,6.533244779409547
random,ridge,3,landscape,60,0.594141298701898,0.7786303298095721,0.754599602327101,6.527534206731083
random,ridge,3,landscape,67,0.3109534148125308,0.4466015251498659,0.44544397966406457,6.526329106319554
random,ridge,3,landscape,68,0.2340839227221244,0.3249873606204595,0.33568146162304363,6.540285806639335
random,ridge,3,landscape,75,0.15238615828319055,0.2617295956107019,0.2654363404886531,6.529323881587458
random,ridge,3,landscape,76,0.3928936394718787,0.4355787729283544,0.4682830064338442,6.534444254097667
random,ridge,3,landscape,82,0.31805002031943386,0.4539920603069154,0.46367238448490533,6.532576717824188
random,ridge,3,landscape,84,0.39018314137103216,0.5117140470714374,0.4962387422581053,6.544970379332059
random,ridge,3,landscape,88,0.5196054605898176,0.6523989363622863,0.6788182604855235,6.53695808450243
random,ridge,3,landscape,95,0.2703026383112672,0.3742264623609046,0.4212919248578683,6.548898958931893
random,ridge,3,landscape,96,0.38641453855340097,0.4996266368953954,0.5048589358972116,6.511016320635398
random,ridge,3,landscape,107,0.17873863580518579,0.2454138902682652,0.2251109316058472,6.530930074091047
random,ridge,3,landscape,122,0.3675994274320568,0.49147822997257257,0.5282396767766704,6.524652354712618
random,ridge,3,landscape,123,0.4473850132464287,0.6196228965230882,0.5944313287998232,6.520793049133594
random,ridge,3,landscape,132,0.2866884798176061,0.2593355269943645,0.3396592184970572,6.527083809111147
random,ridge,3,landscape,140,0.18577999447710813,0.4111949107623962,0.3271158131481637,6.540149852797135
random,ridge,3,landscape,141,0.2864420798311471,0.4378714754780317,0.42394760421588346,6.540617473341629
random,ridge,4,art,1,0.24038158987111405,0.3642988257681667,0.3741574573163768,5.386135840248549
random,ridge,4,art,2,0.6042155303450296,0.7426680768373034,0.702536200970096,5.399976380186359
random,ridge,4,art,12,0.28841003209081795,0.3863090949562566,0.3594422700176491,5.3643259478338665
random,ridge,4,art,13,0.31249538580950526,0.5103171114834062,0.5169578820748965,5.389360810066381
random,ridge,4,art,26,0.24610322722036496,0.35364099779951425,0.3589284736043292,5.417822806824034
random,ridge,4,art,29,0.03490316707911427,0.1173983703251989,0.10882111417081299,5.397739617786937
random,ridge,4,art,34,0.490644420099651,0.6331723707137896,0.6243283966225838,5.404179551361942
random,ridge,4,art,38,0.41533892906616154,0.620557896867627,0.628123844073385,5.368863190080497
random,ridge,4,art,43,0.1742639410005279,0.3306146717137635,0.3370984031220181,5.387803503918409
random,ridge,4,art,48,0.6249835815993882,0.6789689372771047,0.674884802332429,5.436850038054501
random,ridge,4,art,49,0.21080431357790455,0.40102564635845034,0.3779008200888314,5.354796888625395
random,ridge,4,art,56,0.08293652267074084,0.13541343744506504,0.1985877152725959,5.423041633152895
random,ridge,4,art,61,0.291216908679933,0.4239841779529539,0.40927683469382825,5.372518568284742
random,ridge,4,art,72,0.32691704119462167,0.4380845900340858,0.41635776816535097,5.4061789276391155
random,ridge,4,art,77,0.38540047013522716,0.5212292687694792,0.5089050928384665,5.437990097536601
random,ridge,4,art,78,0.4148696099689451,0.5282369442989118,0.5477840398049483,5.422876099242352
random,ridge,4,art,89,0.2310282728214658,0.34577344426772405,0.38342529039573203,5.329080230762766
random,ridge,4,art,90,0.254855459651586,0.435009617087912,0.4126430023566447,5.438575815150554
random,ridge,4,art,97,0.23570511753159396,0.40374363205458713,0.39437830951807085,5.415332211131923
random,ridge,4,art,103,0.49243724310869724,0.5864727713577945,0.6221995945654059,5.352114701720254
random,ridge,4,art,108,0.21331269077103776,0.3172907471258193,0.31700135740219143,5.3751852551145705
random,ridge,4,art,114,0.3697627921324675,0.5582491021366862,0.5269562095719008,5.350114568494121
random,ridge,4,art,115,0.0535483569282048,0.08808420523675865,0.07836734665543633,5.400070998496254
random,ridge,4,art,124,0.34713646779677226,0.4236016691606914,0.45925727660362314,5.426092905747603
random,ridge,4,art,134,0.39750537625491617,0.49617612047792975,0.5093415165076328,5.358184564806636
random,ridge,4,art,135,0.12642502688868854,0.2736793044207672,0.2658377942008822,5.370305540536438
random,ridge,4,art,142,0.47690446029749073,0.5459121576844186,0.5671517070919977,5.447114376537101
random,ridge,4,art,143,0.5617115676081598,0.7253637987657885,0.7118328011089664,5.443649668229928
random,ridge,4,fashion,1,0.13093932148836926,0.3248366703946413,0.3251207928128835,4.235146119406022
random,ridge,4,fashion,2,0.25237359251716845,0.4247565532840348,0.4596222540734974,4.2636162471643315
random,ridge,4,fashion,12,0.08695540345558402,0.19514475064592865,0.22717107662420913,4.2674552430400245
random,ridge,4,fashion,13,0.21003989524198544,0.3691915370343757,0.38007496242019084,4.243352714289554
random,ridge,4,fashion,26,0.17593198086245262,0.3245346911062243,0.3612133849627663,4.261592766136723
random,ridge,4,fashion,29,0.10156597025039656,0.26926882761202614,0.24029373150936884,4.249591331768653
random,ridge,4,fashion,34,0.14677670095229697,0.372188507735608,0.35594207701562475,4.270659166660714
random,ridge,4,fashion,38,0.13514745220530108,0.3547507120670174,0.36248157876943116,4.2346622564677565
random,ridge,4,fashion,43,0.23295822594257506,0.4665115731108254,0.4840695192977205,4.275087160038745
random,ridge,4,fashion,48,0.2017659629394224,0.420498992600394,0.3852459584084653,4.260225140595174
random,ridge,4,fashion,49,0.027623867691384033,0.0473122476699686,0.08281520800622887,4.2606655768156285
random,ridge,4,fashion,56,-0.05303129052175437,-0.16106635859760027,-0.10410830058893396,4.2584333905072755
random,ridge,4,fashion,61,0.14511960145677996,0.2939925704437441,0.2933585220113723,4.257364793604251
random,ridge,4,fashion,72,0.0790356124551005,0.12480491631699199,0.1781333882307853,4.261542961642394
random,ridge,4,fashion,77,0.17838407169390683,0.424742936538236,0.42946191371257153,4.258826881240171
random,ridge,4,fashion,78,0.09671458886218832,0.2830143877977207,0.2876668819227511,4.233092818556816
random,ridge,4,fashion,89,0.11934962220624963,0.28502403851395625,0.298623493565274,4.256118156085564
random,ridge,4,fashion,90,0.1841848641627574,0.3570185995694242,0.3367320427631045,4.269484803399333
random,ridge,4,fashion,97,0.22693820381812949,0.5159736388482523,0.5219549186136375,4.232634730088959
random,ridge,4,fashion,103,0.0403527981306178,0.09523432456383123,0.10126012116199846,4.251971535361545
random,ridge,4,fashion,108,0.14253530304312131,0.3430357347624567,0.35807588263873485,4.230946327999952
random,ridge,4,fashion,114,0.17565986229333075,0.4271694030598638,0.3735514403324989,4.251295434548961
random,ridge,4,fashion,115,0.16737303743603762,0.31721019586935345,0.35886701818977335,4.236220934914013
random,ridge,4,fashion,124,0.2074394276634911,0.3628178860162601,0.39881581304859903,4.260997707963204
random,ridge,4,fashion,134,0.11989931518700597,0.20773233707081648,0.25341318125427764,4.259927001544251
random,ridge,4,fashion,135,0.0609639376877855,0.0788984316708601,0.10075348908220767,4.276175776353675
random,ridge,4,fashion,142,0.21555021353914125,0.3766757223194697,0.3692108766124702,4.238666651174035
random,ridge,4,fashion,143,0.23052730042985678,0.37366185955329106,0.39474590668193305,4.256893362247362
random,ridge,4,landscape,1,0.1112504773479443,0.5391575978396407,0.5180454044569295,1.0924916799009632
random,ridge,4,landscape,2,0.10282666969835759,0.513504846358774,0.5204639855019176,1.0918291049188786
random,ridge,4,landscape,12,0.21720688874035896,0.6685528474295893,0.6877718683638312,1.093691083498179
random,ridge,4,landscape,13,0.016394290645392065,0.20196908829844964,0.20615201191405955,1.0998865740396935
random,ridge,4,landscape,26,0.026597120577805933,0.24065671424069665,0.22678724694375152,1.0967404930292437
random,ridge,4,landscape,29,0.010641410032424933,0.06902810995011197,0.0831287158402923,1.0941522787825855
random,ridge,4,landscape,34,0.12239074333314694,0.6389746733009051,0.6177737903347768,1.0897221759519573
random,ridge,4,landscape,38,0.027323616775997966,0.3212961550739341,0.3038288351270458,1.0924825782105823
random,ridge,4,landscape,43,0.08799506515129647,0.55680208915224,0.5637527753612875,1.0961440573098935
random,ridge,4,landscape,48,0.13553880531761467,0.5185608988152782,0.5348714767984881,1.0979064215499148
random,ridge,4,landscape,49,0.06902959242557703,0.39990124667483057,0.41240723408644886,1.0948982842317312
random,ridge,4,landscape,56,-0.0005807994104021665,-0.0255514198877977,-0.036396318338334566,1.0916937273901304
random,ridge,4,landscape,61,0.0657094222487529,0.3857027923797767,0.3773505134765185,1.0944542114213796
random,ridge,4,landscape,72,0.014295915596627634,0.1735231638234468,0.1738521094351981,1.0907999577167964
random,ridge,4,landscape,77,0.0670623498590065,0.378740884048949,0.3772817704169111,1.089961471779284
random,ridge,4,landscape,78,0.05430724808863613,0.26044769948333,0.25528306377503923,1.0897959363000027
random,ridge,4,landscape,89,0.03223976598832146,0.39310557734784307,0.398012668179244,1.0931314894412478
random,ridge,4,landscape,90,0.08539939536628997,0.46580961943471294,0.4239121462875643,1.0994583983128263
random,ridge,4,landscape,97,0.10342951293046802,0.4337517947818661,0.45241622883231786,1.096954413312749
random,ridge,4,landscape,103,0.09049892280136111,0.4897043930097847,0.486045347749339,1.0912735826864792
random,ridge,4,landscape,108,0.07523218442164482,0.40069120174532397,0.378900501085214,1.09489727680691
random,ridge,4,landscape,114,0.04429630902480287,0.40379878559088705,0.3794634790169291,1.099188688877694
random,ridge,4,landscape,115,0.03589238542020914,0.2316219489994672,0.24260411742682877,1.0926134727676777
random,ridge,4,landscape,124,0.07071935576510234,0.4137794511262644,0.39772576166084844,1.0927706949999922
random,ridge,4,landscape,134,0.0683417256223104,0.37880627504912323,0.3608781708250237,1.0946375502622958
random,ridge,4,landscape,135,0.09041069282397486,0.39508374042350064,0.43941729179968525,1.08935373655597
random,ridge,4,landscape,142,0.086179715465782,0.4837289439779415,0.4500663966798488,1.0942066717006147
random,ridge,4,landscape,143,0.17361704647953538,0.7030831347080587,0.6937186980753077,1.091388773570402
shuffled,mlp,0,art,3,0.058916518834879,0.027630246509014033,0.07191901959479466,
shuffled,mlp,0,art,14,0.361674859355059,0.39403977092800674,0.3835460385515614,
shuffled,mlp,0,art,15,-0.0455620135283653,0.011470422775170463,-0.05535451990786516,
shuffled,mlp,0,art,19,0.4742670874879557,0.5054332956151565,0.5219937158311106,
shuffled,mlp,0,art,21,0.24551397476948855,0.2329162836934954,0.30923009069555657,
shuffled,mlp,0,art,22,0.3274649713200193,0.3552584672819152,0.33588766317611496,
shuffled,mlp,0,art,30,0.08297383762652977,0.08479529342618917,0.0948669769473387,
shuffled,mlp,0,art,50,0.38398157689249374,0.4419245427988479,0.4168027509641902,
shuffled,mlp,0,art,57,0.33427345843135353,0.330110854466313,0.3394929061957466,
shuffled,mlp,0,art,62,0.42148753048463594,0.4929944946733367,0.4524717871988724,
shuffled,mlp,0,art,63,0.13400416531756168,0.12368105152921881,0.1441967341316304,
shuffled,mlp,0,art,79,0.3883485821025574,0.37470708187204865,0.413280066425271,
shuffled,mlp,0,art,80,0.7459121123522622,0.7524694455201382,0.7666505955290508,
shuffled,mlp,0,art,85,0.30426575052645405,0.22915715484195584,0.3118005540251621,
shuffled,mlp,0,art,86,0.3509882372715572,0.44403476793531954,0.3959491297084112,
shuffled,mlp,0,art,98,0.39313028051895843,0.4167636366696717,0.3999068213420325,
shuffled,mlp,0,art,99,0.6626545264229353,0.7233688826993653,0.706176615288307,
shuffled,mlp,0,art,105,0.17002281616989756,0.17041615772859378,0.19093845535248555,
shuffled,mlp,0,art,109,0.0867140967113285,0.105008492528451,0.09623513570857889,
shuffled,mlp,0,art,110,0.4577366200581716,0.48575482938464054,0.48070173355347795,
shuffled,mlp,0,art,116,0.5246816458669515,0.5362248887797554,0.5278112866040647,
shuffled,mlp,0,art,117,0.6604239543445259,0.6980326372224696,0.6892985344056881,
shuffled,mlp,0,art,126,0.32480854790804387,0.35391196848971623,0.3687110902099456,
shuffled,mlp,0,art,127,0.44577772536360655,0.42799551826048204,0.45987724474490294,
shuffled,mlp,0,art,136,0.4516485700311555,0.4788301409833744,0.45461376630286493,
shuffled,mlp,0,art,144,0.3662663289646097,0.385178771570575,0.3705131875122761,
shuffled,mlp,0,fashion,3,0.21589050224893916,0.2271099162231209,0.2362363670788958,
shuffled,mlp,0,fashion,14,0.2674857991746894,0.2688976802202398,0.2706223143596248,
shuffled,mlp,0,fashion,15,-0.08987206449787156,-0.08356171861441414,-0.09421499450260112,
shuffled,mlp,0,fashion,19,0.33471165167876715,0.33990551973694644,0.34928852496627966,
shuffled,mlp,0,fashion,21,0.09395729659178531,0.07864553896871544,0.09866043837006523,
shuffled,mlp,0,fashion,22,0.20943248104276205,0.2483867631813698,0.2323854147741596,
shuffled,mlp,0,fashion,30,0.29362909485442984,0.2748709401801892,0.32263049386571224,
shuffled,mlp,0,fashion,50,0.15605899925648753,0.14775250235644913,0.1677686197315024,
shuffled,mlp,0,fashion,57,0.057136471030581164,0.1140598422450933,0.063486615256599,
shuffled,mlp,0,fashion,62,0.1402626707555492,0.16162443743268473,0.1457052040206483,
shuffled,mlp,0,fashion,63,0.042013681679182235,0.0333624019498019,0.04340553553606203,
shuffled,mlp,0,fashion,79,0.3211319151110232,0.23939403890861444,0.3336136243287666,
shuffled,mlp,0,fashion,80,0.11248616742976014,0.0824406219131245,0.11460646437975176,
shuffled,mlp,0,fashion,85,0.2144476494091888,0.21238526213271092,0.22716022087279744,
shuffled,mlp,0,fashion,86,0.2187446406391889,0.2514348227906209,0.2320667702501655,
shuffled,mlp,0,fashion,98,-0.06104431776080763,-0.0785696369906681,-0.06467114943644196,
shuffled,mlp,0,fashion,99,0.23231992667242088,0.21703023222671547,0.24145201118259532,
shuffled,mlp,0,fashion,105,-0.05322387973842383,-0.07865124162593087,-0.05530742251395163,
shuffled,mlp,0,fashion,109,0.1836521256147078,0.21757801845972957,0.19715647475217835,
shuffled,mlp,0,fashion,110,0.3015267354058763,0.3151423797151675,0.3360408556155834,
shuffled,mlp,0,fashion,116,0.02301309166641476,0.0256670994829598,0.009321194122348072,
shuffled,mlp,0,fashion,117,0.30446919075946494,0.27713707016754024,0.3206268858588652,
shuffled,mlp,0,fashion,126,0.25965802935063514,0.27071937237673943,0.2871864724605154,
shuffled,mlp,0,fashion,127,0.2340748543581553,0.2437686221628935,0.24573431276890498,
shuffled,mlp,0,fashion,136,0.16674931421571457,0.16396575529507668,0.17568495782615043,
shuffled,mlp,0,fashion,144,0.1583217431262576,0.202295392366915,0.1655084968467929,
shuffled,mlp,0,landscape,3,0.43698740196514696,0.4791687740666902,0.4910243556871527,
shuffled,mlp,0,landscape,14,0.26587009251212573,0.23008368695668646,0.2756363293095473,
shuffled,mlp,0,landscape,15,-0.015768260905401833,-0.0336067220166722,-0.02175378312867977,
shuffled,mlp,0,landscape,19,0.5061782691372362,0.4878438671455689,0.5226768301004361,
shuffled,mlp,0,landscape,21,0.27022068752723605,0.27384209173535634,0.28362851548356977,
shuffled,mlp,0,landscape,22,0.3354322678299202,0.36333144187373884,0.3504948733369451,
shuffled,mlp,0,landscape,30,0.2938219026931442,0.26108282376846853,0.2984206849430806,
shuffled,mlp,0,landscape,50,0.4017071766858809,0.37328326207425294,0.4070928044635398,
shuffled,mlp,0,landscape,57,0.2778189620724674,0.2396983593002754,0.30170962219986425,
shuffled,mlp,0,landscape,62,0.25821507167701546,0.21314103782343427,0.26141627963087577,
shuffled,mlp,0,landscape,63,0.08227289015252713,0.06645527612884233,0.09703409964523586,
shuffled,mlp,0,landscape,79,0.13194346423885348,0.12188407695150583,0.1369563144976402,
shuffled,mlp,0,landscape,80,0.6207264667180651,0.6607857131580531,0.6348711232871392,
shuffled,mlp,0,landscape,85,0.26455501723744895,0.24899108423298966,0.28677503046925273,
shuffled,mlp,0,landscape,86,0.42061216546648694,0.4505022152610309,0.4363699211334228,
shuffled,mlp,0,landscape,98,0.34200229089768425,0.3620101206818192,0.36837310057878114,
shuffled,mlp,0,landscape,99,0.5217342348225431,0.543164759929216,0.5373926639132892,
shuffled,mlp,0,landscape,105,0.3069316488711372,0.3052617210961594,0.36003441986864404,
shuffled,mlp,0,landscape,109,0.18524196060043052,0.16403141703693477,0.2020329902654585,
shuffled,mlp,0,landscape,110,0.4791942201539448,0.5763502807516508,0.5009535859175368,
shuffled,mlp,0,landscape,116,0.38882200213959967,0.3754567974378611,0.42644187027588143,
shuffled,mlp,0,landscape,117,0.4023605165762283,0.4554697433073123,0.43909456620446036,
shuffled,mlp,0,landscape,126,0.19770058881877625,0.20581920350937222,0.2172491545794958,
shuffled,mlp,0,landscape,127,0.35546400101256576,0.3544715294887473,0.3636872719600093,
shuffled,mlp,0,landscape,136,0.3214774407966022,0.315035088113856,0.3362740598689782,
shuffled,mlp,0,landscape,144,0.33107756245846415,0.353959079068162,0.33409298690396244,
shuffled,mlp,1,art,5,0.1452387255429497,0.17546867926195828,0.17765712676277048,
shuffled,mlp,1,art,6,0.43358472190779224,0.47746374607484965,0.4389808225825313,
shuffled,mlp,1,art,16,0.4481634940492228,0.4555086834446109,0.45778127925400414,
shuffled,mlp,1,art,17,0.11349565833141421,0.1458898588779818,0.12200025569344786,
shuffled,mlp,1,art,23,0.10952588518397226,0.15178407902659408,0.12191948743475216,
shuffled,mlp,1,art,35,0.025198680133991767,0.004673546023137197,0.027385754125823464,
shuffled,mlp,1,art,39,0.7088905196824705,0.6990621368809079,0.7139590455543501,
shuffled,mlp,1,art,44,0.35463304715829286,0.33457375829149943,0.36108409059532826,
shuffled,mlp,1,art,51,0.2712022381895987,0.29922824002616455,0.30839001297950447,
shuffled,mlp,1,art,64,0.21337134085332132,0.22878733742038268,0.23476471730248574,
shuffled,mlp,1,art,69,0.22739375881363014,0.2239318780588573,0.24274524591289992,
shuffled,mlp,1,art,81,0.2662265685631066,0.17989127279601566,0.2914692824778114,
shuffled,mlp,1,art,92,0.19628208771641942,0.20275063471946078,0.20503622969497995,
shuffled,mlp,1,art,100,0.5473628597361937,0.4989044892765993,0.5598806992727702,
shuffled,mlp,1,art,101,0.3546002534221648,0.4287665089193628,0.37385890766965807,
shuffled,mlp,1,art,106,0.15247540537069085,0.13198413314273671,0.16604390677689182,
shuffled,mlp,1,art,111,0.5646139759818819,0.5878856834690512,0.5891277019867096,
shuffled,mlp,1,art,118,0.4930610612117059,0.5593181806334279,0.5048119245222707,
shuffled,mlp,1,art,119,0.5445399197067061,0.5558147002018589,0.5657182732044367,
shuffled,mlp,1,art,128,0.38914256235315764,0.46697425801455344,0.42308484475312175,
shuffled,mlp,1,art,129,0.2465930212848189,0.2557950851565696,0.2585843592504042,
shuffled,mlp,1,art,137,0.4987929087131553,0.5017718406860611,0.5081009646457099,
shuffled,mlp,1,fashion,5,-0.004236711276219866,0.007933296371798501,-0.005556254565022701,
shuffled,mlp,1,fashion,6,0.2905090162807537,0.297912114600049,0.30999193024825533,
shuffled,mlp,1,fashion,16,0.15377261535574627,0.1571616909507195,0.16840446164844294,
shuffled,mlp,1,fashion,17,0.0950831969907328,0.0191741533206024,0.1018048425133452,
shuffled,mlp,1,fashion,23,0.3259830200267571,0.34600497382979745,0.35689967226381053,
shuffled,mlp,1,fashion,35,0.14790226265265718,0.13232937207166492,0.1577467108035269,
shuffled,mlp,1,fashion,39,0.31396227242635605,0.29450679305956423,0.33168579991451047,
shuffled,mlp,1,fashion,44,0.14673303386308342,0.218194091450615,0.1712317417884083,
shuffled,mlp,1,fashion,51,0.2749324483590201,0.27980323189780437,0.2850537716778318,
shuffled,mlp,1,fashion,64,0.08172174063289957,0.10292945379412012,0.109376167263195,
shuffled,mlp,1,fashion,69,0.1324192120742776,0.14993055870347652,0.13486838407149523,
shuffled,mlp,1,fashion,81,-0.03462338749210633,-0.0014188320208850663,-0.03545599368221004,
shuffled,mlp,1,fashion,92,0.2501817177897497,0.32512207731852444,0.2527898240344963,
shuffled,mlp,1,fashion,100,0.25669801180021967,0.2898765582207988,0.2717468795771462,
shuffled,mlp,1,fashion,101,0.20767635805696114,0.25580609981869773,0.23046330305917373,
shuffled,mlp,1,fashion,106,0.13321238898271556,0.11851663081380721,0.14272196958017144,
shuffled,mlp,1,fashion,111,0.206898067167587,0.20088220789100833,0.22122305644540421,
shuffled,mlp,1,fashion,118,0.17412325967566863,0.15924545840337,0.17608730795146108,
shuffled,mlp,1,fashion,119,0.2762145488227159,0.2818742720801842,0.2997352038278242,
shuffled,mlp,1,fashion,128,0.3418926862714972,0.3468034010416714,0.36376239838761243,
shuffled,mlp,1,fashion,129,0.0017458492078072652,-0.008704914767760521,0.0024480150449647333,
shuffled,mlp,1,fashion,137,0.048776899613334,0.014052865599460234,0.053016082214633074,
shuffled,mlp,1,landscape,5,0.4100340761662002,0.4173908271825315,0.41746973371054735,
shuffled,mlp,1,landscape,6,0.5064416644987377,0.5292924660974925,0.5298518712251507,
shuffled,mlp,1,landscape,16,0.2786332675820179,0.2877790983736414,0.28968858739334435,
shuffled,mlp,1,landscape,17,-0.0016292441660439676,0.018014458753428966,-0.002869274227607801,
shuffled,mlp,1,landscape,23,0.5680857845761251,0.6132148678315241,0.6092047867150767,
shuffled,mlp,1,landscape,35,-0.017719241860744372,0.0194913208901968,-0.014052625250127765,
shuffled,mlp,1,landscape,39,0.6011804589611477,0.6506401547473444,0.64172178018471,
shuffled,mlp,1,landscape,44,0.2704279171205642,0.2761980457695303,0.2892850136542096,
shuffled,mlp,1,landscape,51,0.5556085492194711,0.6105876694372041,0.5970757472047808,
shuffled,mlp,1,landscape,64,0.11751372811431811,0.07791254585916257,0.12485054762325916,
shuffled,mlp,1,landscape,69,-0.039372438500947064,-0.0286954527564596,-0.0441674916588235,
shuffled,mlp,1,landscape,81,0.18540670979666518,0.18036618990782646,0.1932705856104212,
shuffled,mlp,1,landscape,92,0.1844848002036844,0.16171370376768304,0.20159123322463246,
shuffled,mlp,1,landscape,100,0.3909285669071729,0.4142557129252043,0.40679047929441475,
shuffled,mlp,1,landscape,101,0.1618596360647684,0.1501337356973349,0.16462312870916196,
shuffled,mlp,1,landscape,106,0.19963122362723962,0.23414956949305113,0.21525290024007973,
shuffled,mlp,1,landscape,111,0.33544536606853464,0.30250409144014406,0.36825135131900627,
shuffled,mlp,1,landscape,118,0.3410948346135498,0.38659327130008636,0.37183070807581114,
shuffled,mlp,1,landscape,119,0.5952629273559894,0.6481874897469677,0.6043681702700376,
shuffled,mlp,1,landscape,128,0.22160872063921644,0.27747214955711036,0.25295076173295244,
shuffled,mlp,1,landscape,129,0.4978046099045678,0.5261316494670071,0.5288194293335481,
shuffled,mlp,1,landscape,137,0.30658956512542457,0.32695710661387295,0.32110297408616556,
shuffled,mlp,2,art,7,0.23518044018413312,0.22349923975668792,0.2534646865523959,
shuffled,mlp,2,art,8,0.38551280510409186,0.48247379399188955,0.4737801717965621,
shuffled,mlp,2,art,40,0.2292497283898223,0.2220542216444684,0.2514852651868369,
shuffled,mlp,2,art,41,0.682613827260352,0.7168929901659595,0.6938931155381817,
shuffled,mlp,2,art,45,0.060304404000481794,0.014253975926697138,0.060760582247628064,
shuffled,mlp,2,art,46,-0.0046220742694320265,0.030564063848591793,-0.012085090763114028,
shuffled,mlp,2,art,52,0.5308102308332215,0.568705745010456,0.5673892472862164,
shuffled,mlp,2,art,58,0.49581603216070613,0.5536154612187231,0.5322150978348118,
shuffled,mlp,2,art,65,0.38278826704338825,0.4137530645056458,0.40459957355681747,
shuffled,mlp,2,art,66,0.3578530410696388,0.41900584255009315,0.38019231503169165,
shuffled,mlp,2,art,74,0.36962854965045483,0.43882167205672,0.4441264421292783,
shuffled,mlp,2,art,83,0.06864813225495664,0.08210929319847167,0.08408291340765722,
shuffled,mlp,2,art,87,0.6435518091572185,0.6566467382510547,0.6534590909066165,
shuffled,mlp,2,art,93,0.46793762551305945,0.4991919558577284,0.48383831775485603,
shuffled,mlp,2,art,94,0.6355115961611615,0.6485691946571203,0.6519503422676983,
shuffled,mlp,2,art,102,0.2037915033439024,0.23868314346956535,0.215568073206881,
shuffled,mlp,2,art,112,0.35140957709605153,0.3746533542539936,0.36643060052308823,
shuffled,mlp,2,art,113,0.30932822095787826,0.36192618489677303,0.350738613739285,
shuffled,mlp,2,art,120,0.4294128901328049,0.4152432560121371,0.4382653723420378,
shuffled,mlp,2,art,121,0.32785121997654315,0.3382913299949241,0.3575961443380673,
shuffled,mlp,2,art,131,0.2734823600840298,0.33612740932449087,0.3322527049740138,
shuffled,mlp,2,art,138,0.4774571278259443,0.4545454545454544,0.4878827567285648,
shuffled,mlp,2,art,139,0.12141239082722473,0.08346404724359897,0.12235039954357134,
shuffled,mlp,2,fashion,7,0.28439869012652336,0.29260247167052666,0.3005676233816775,
shuffled,mlp,2,fashion,8,0.1103685201545399,0.11310267251002164,0.13501431197886818,
shuffled,mlp,2,fashion,40,0.11455219666515604,0.1272219728972468,0.12898973957509693,
shuffled,mlp,2,fashion,41,0.2690665808393087,0.2695870899533929,0.28632968998414204,
shuffled,mlp,2,fashion,45,0.059953358218080836,0.08235062792678903,0.07687952779409096,
shuffled,mlp,2,fashion,46,0.04917183755163337,0.050607266362289065,0.054487306041938466,
shuffled,mlp,2,fashion,52,0.3399370921914698,0.367301844850949,0.3902212632632573,
shuffled,mlp,2,fashion,58,0.20054496954972423,0.24203250521547018,0.22960672559480735,
shuffled,mlp,2,fashion,65,0.046584383536543504,0.04092592791869147,0.0495173331335447,
shuffled,mlp,2,fashion,66,0.1980294631163094,0.2362325444498118,0.2139809400041148,
shuffled,mlp,2,fashion,74,0.05073146027555956,0.025940622644867,0.0506554186829175,
shuffled,mlp,2,fashion,83,0.47097287812415084,0.5163718260034442,0.49861793519721226,
shuffled,mlp,2,fashion,87,0.04977688873087186,0.04126717114914013,0.055120153656573904,
shuffled,mlp,2,fashion,93,0.44620760119165626,0.4457358108268054,0.4735718166801788,
shuffled,mlp,2,fashion,94,0.08138686711892824,0.10319400534352768,0.08891613714703689,
shuffled,mlp,2,fashion,102,0.13169174840495626,0.14030312655198185,0.15231159527850804,
shuffled,mlp,2,fashion,112,0.12055411473170984,0.1010830986802642,0.12561585920761978,
shuffled,mlp,2,fashion,113,0.3074368692903504,0.3226882506398528,0.3494635920750797,
shuffled,mlp,2,fashion,120,0.27406675236468137,0.26813365552860896,0.2849931856176278,
shuffled,mlp,2,fashion,121,0.26265309740021026,0.26792089986893414,0.2727599168501776,
shuffled,mlp,2,fashion,131,0.10969808100148644,0.0809129821613711,0.1206364665677943,
shuffled,mlp,2,fashion,138,0.34069973648586044,0.3671376035259324,0.3532640673920458,
shuffled,mlp,2,fashion,139,0.22728286267281705,0.2603869348420773,0.2460032610984225,
shuffled,mlp,2,landscape,7,0.17481412001315041,0.20560681877872122,0.18389118856453535,
shuffled,mlp,2,landscape,8,0.43577353232603994,0.4494450034982432,0.46458018603990797,
shuffled,mlp,2,landscape,40,0.1926217822985655,0.18738933013628115,0.1987773622768528,
shuffled,mlp,2,landscape,41,0.20394162596287746,0.20119301698242872,0.24466315695228166,
shuffled,mlp,2,landscape,45,0.14413152068745236,0.14175800748259473,0.15808281972816265,
shuffled,mlp,2,landscape,46,0.0430155190210375,0.0730786939905672,0.05007606350601093,
shuffled,mlp,2,landscape,52,0.29024651179740074,0.3388375679187998,0.2953522906750979,
shuffled,mlp,2,landscape,58,0.3658801145250801,0.38121468885495663,0.40093634845498344,
shuffled,mlp,2,landscape,65,0.20642477251020508,0.2029816537090182,0.23268879761875294,
shuffled,mlp,2,landscape,66,0.16840012032804555,0.1354946864116701,0.17346827074004537,
shuffled,mlp,2,landscape,74,0.19758414180950237,0.1850618502583877,0.1986383111706739,
shuffled,mlp,2,landscape,83,0.2973564752884595,0.2553117637373623,0.31061166045206984,
shuffled,mlp,2,landscape,87,0.4307125397526306,0.5156323897118261,0.45217723143274374,
shuffled,mlp,2,landscape,93,0.6406472027773807,0.6673831382310609,0.6530787924995418,
shuffled,mlp,2,landscape,94,0.5266239437328942,0.5327741475819481,0.5397687128219107,
shuffled,mlp,2,landscape,102,0.49921801953523465,0.5402408510122276,0.5232337166952399,
shuffled,mlp,2,landscape,112,0.43337325749851247,0.37365805144220227,0.4472482274594138,
shuffled,mlp,2,landscape,113,0.28799042251499674,0.3035790179808853,0.3036586379288006,
shuffled,mlp,2,landscape,120,0.5099650715492935,0.5447179593596159,0.5267919107035698,
shuffled,mlp,2,landscape,121,0.5380954111811559,0.5890726518576678,0.5781803457091276,
shuffled,mlp,2,landscape,131,0.08604455627278183,0.11899404409713793,0.0972125697492548,
shuffled,mlp,2,landscape,138,0.503267651132276,0.5056212398202463,0.5261582354463584,
shuffled,mlp,2,landscape,139,0.40848848381501535,0.47208019713410115,0.4358140014562899,
shuffled,mlp,3,art,0,0.36779918786782995,0.29749740393587093,0.3729715216514258,
shuffled,mlp,3,art,9,0.46124176564672686,0.5279141699952347,0.46686475374349606,
shuffled,mlp,3,art,10,0.39036196301931164,0.42569440106827766,0.39934440781513275,
shuffled,mlp,3,art,11,0.41496757269623136,0.37939496141752377,0.42923532006714815,
shuffled,mlp,3,art,24,0.40676219447692596,0.48548244858155415,0.46548179098067816,
shuffled,mlp,3,art,28,0.4920018804971351,0.5612853495427712,0.541060508919912,
shuffled,mlp,3,art,31,0.4051165638584638,0.38191936383272346,0.4239098544187598,
shuffled,mlp,3,art,32,0.22895850781872826,0.24606777538404676,0.24629275896249667,
shuffled,mlp,3,art,36,0.40004966942656806,0.4087423767763226,0.4374230977384599,
shuffled,mlp,3,art,42,0.2873226535453382,0.28184928277511917,0.31175117859815415,
shuffled,mlp,3,art,47,0.37914220209162064,0.381325358043245,0.40357550027876105,
shuffled,mlp,3,art,54,0.16004737067598715,0.1289147356021055,0.16872736113249612,
shuffled,mlp,3,art,55,0.15009762403401,0.17771669690301237,0.1661964038503196,
shuffled,mlp,3,art,59,0.5327990095659552,0.5226010711501755,0.5727685196917071,
shuffled,mlp,3,art,60,0.5953963122163404,0.6259022091470431,0.6220237743683726,
shuffled,mlp,3,art,67,0.30351517684441537,0.35901016531698055,0.3165498799328412,
shuffled,mlp,3,art,68,0.48202871060186353,0.56442236264234,0.5335843583786265,
shuffled,mlp,3,art,75,0.37125503628086554,0.3092294316413495,0.38382354400113433,
shuffled,mlp,3,art,76,0.44312130590170895,0.4765013505763808,0.48569284843269256,
shuffled,mlp,3,art,82,0.6330902907889063,0.6193668171208206,0.6509097569428063,
shuffled,mlp,3,art,84,0.253356201379663,0.2924681490294078,0.25797946863617,
shuffled,mlp,3,art,88,0.41435595541752246,0.3984994261861359,0.4272788466677874,
shuffled,mlp,3,art,95,0.4562893793029965,0.4299079498120784,0.5026570316350839,
shuffled,mlp,3,art,96,0.5763720434857503,0.5541475792169178,0.6111404041726436,
shuffled,mlp,3,art,107,0.5285866163734189,0.5206495719227894,0.5461350868694786,
shuffled,mlp,3,art,122,0.4842318375978818,0.4976838382738396,0.528403889355657,
shuffled,mlp,3,art,123,0.49339085293496404,0.4680022904055053,0.500314718791579,
shuffled,mlp,3,art,132,0.37572362368417805,0.34055025863691607,0.38417904318177015,
shuffled,mlp,3,art,140,0.5169596718986659,0.5054350136038984,0.5345983826159845,
shuffled,mlp,3,art,141,0.3504233926310823,0.40651712424226577,0.3679046597395064,
shuffled,mlp,3,fashion,0,0.14098183034255532,0.15659263938520862,0.15069229325778558,
shuffled,mlp,3,fashion,9,0.1642684361440632,0.1649993283614292,0.17017641883573345,
shuffled,mlp,3,fashion,10,0.439578119039205,0.43371478778860234,0.45683185693997946,
shuffled,mlp,3,fashion,11,0.4636022030590439,0.4675332577250455,0.4858912356894381,
shuffled,mlp,3,fashion,24,0.17583333220599348,0.21705107526351594,0.19082281322532016,
shuffled,mlp,3,fashion,28,0.31960105455774784,0.3559915390084743,0.3419224520996871,
shuffled,mlp,3,fashion,31,0.1354086798972422,0.15341987602401405,0.15893253895732043,
shuffled,mlp,3,fashion,32,0.03046578698751327,0.039655221666272895,0.03266871529599446,
shuffled,mlp,3,fashion,36,0.0360327910616054,0.06433705620812447,0.04747189190571787,
shuffled,mlp,3,fashion,42,0.07684785430070894,0.10063893383913099,0.08516187364778947,
shuffled,mlp,3,fashion,47,0.23576786046805723,0.2564378156652883,0.25818505624049176,
shuffled,mlp,3,fashion,54,-0.06382847474420823,-0.07898684444125977,-0.0850308945192386,
shuffled,mlp,3,fashion,55,0.0037567758960955675,0.013822448364169598,0.009023106045131733,
shuffled,mlp,3,fashion,59,0.4098361817109455,0.31705048207807873,0.43157055388213356,
shuffled,mlp,3,fashion,60,0.2781004770967222,0.26815896314291005,0.2837730925333732,
shuffled,mlp,3,fashion,67,-0.0018246451957248666,-0.014668000133737938,-0.000623980770073603,
shuffled,mlp,3,fashion,68,0.21713449798574821,0.22750895804444995,0.2303967313787707,
shuffled,mlp,3,fashion,75,0.4190982329542803,0.3914396156722819,0.43027791496699813,
shuffled,mlp,3,fashion,76,0.29037588048164314,0.25397601365133343,0.30878220103456927,
shuffled,mlp,3,fashion,82,0.21902132999192858,0.2842196808956831,0.2645763991045789,
shuffled,mlp,3,fashion,84,0.33824681902675807,0.40040429812130135,0.3901238905133119,
shuffled,mlp,3,fashion,88,0.17133245268028918,0.2157035081408091,0.19054527352523365,
shuffled,mlp,3,fashion,95,0.05279161776310034,0.14299415604435137,0.06820503183868777,
shuffled,mlp,3,fashion,96,0.17683645650570737,0.18960972904004159,0.18862386584641708,
shuffled,mlp,3,fashion,107,0.17177417244101276,0.16981705798575333,0.18633834322668566,
shuffled,mlp,3,fashion,122,0.10214680788068746,0.15863643383983883,0.1206200780339965,
shuffled,mlp,3,fashion,123,0.24557138555943947,0.2511872704943974,0.2649502485747117,
shuffled,mlp,3,fashion,132,0.22938093415770724,0.26414459664059065,0.2537297175292685,
shuffled,mlp,3,fashion,140,0.2147886628809744,0.26957821416620725,0.25451182108452314,
shuffled,mlp,3,fashion,141,0.19977894334494986,0.1623171563965655,0.21228442225050573,
shuffled,mlp,3,landscape,0,0.12568812249970132,0.16958740639933376,0.12775516173480503,
shuffled,mlp,3,landscape,9,0.4622434859048397,0.41783933971727366,0.48896221441229537,
shuffled,mlp,3,landscape,10,0.42936135541837017,0.46778891497926484,0.4511261205034331,
shuffled,mlp,3,landscape,11,0.40307842899355584,0.4094901649528386,0.46228320055481475,
shuffled,mlp,3,landscape,24,-0.031079858028196534,-0.053673988610937196,-0.0338726392168875,
shuffled,mlp,3,landscape,28,0.29232364737505007,0.3233123739585814,0.32684193211487717,
shuffled,mlp,3,landscape,31,0.12208255095025716,0.2681164113919711,0.13765237154808865,
shuffled,mlp,3,landscape,32,0.4220990779237093,0.44448587171254744,0.43738768124266597,
shuffled,mlp,3,landscape,36,0.5241438085147168,0.5515086810441484,0.5421603901499369,
shuffled,mlp,3,landscape,42,0.18625404657023306,0.24791937336329486,0.21151778755845382,
shuffled,mlp,3,landscape,47,0.541683485254595,0.4688035299014239,0.5532133536861524,
shuffled,mlp,3,landscape,54,0.04511263062435167,0.04682822058945996,0.056136039638394364,
shuffled,mlp,3,landscape,55,0.4151123172032957,0.39585287401056135,0.431274139522978,
shuffled,mlp,3,landscape,59,0.4121760622450668,0.4090991723992567,0.4256449008537859,
shuffled,mlp,3,landscape,60,0.6498825929258558,0.6789401989596602,0.6679404648283377,
shuffled,mlp,3,landscape,67,0.17437603072412622,0.21945223054317295,0.17688294892409226,
shuffled,mlp,3,landscape,68,0.33894151962172386,0.3565597510836898,0.35809089099203484,
shuffled,mlp,3,landscape,75,0.1534419852977883,0.1542582041140317,0.1613274353027231,
shuffled,mlp,3,landscape,76,0.2564305818989466,0.2395516106526928,0.27897969460707667,
shuffled,mlp,3,landscape,82,0.2377226847204874,0.247533766214961,0.25561293380396427,
shuffled,mlp,3,landscape,84,0.4438685147101622,0.4885872657336348,0.48247119237517894,
shuffled,mlp,3,landscape,88,0.6546927737175512,0.6853613926219909,0.6878329062156654,
shuffled,mlp,3,landscape,95,0.3862914898810849,0.39717835870764256,0.40038033707153975,
shuffled,mlp,3,landscape,96,0.4022543958705713,0.4465613383798206,0.42328674452555476,
shuffled,mlp,3,landscape,107,0.10265072911603396,0.06363074857402594,0.11232549641448564,
shuffled,mlp,3,landscape,122,0.4522128353393749,0.44068456014116775,0.49103566270306565,
shuffled,mlp,3,landscape,123,0.5181249042716125,0.5489816349909105,0.5518848687205966,
shuffled,mlp,3,landscape,132,0.2702390324782229,0.19779283407523987,0.2816171642346499,
shuffled,mlp,3,landscape,140,0.173715437244658,0.22143817630474447,0.19653008156553398,
shuffled,mlp,3,landscape,141,0.3497340241211648,0.4254964140783268,0.3864765863818891,
shuffled,mlp,4,art,1,0.3599814928872229,0.382253713001522,0.38575139902655353,
shuffled,mlp,4,art,2,0.580474590017755,0.6490153750184627,0.5972012646393422,
shuffled,mlp,4,art,12,0.33018078278451407,0.3380309826141796,0.3431061387961507,
shuffled,mlp,4,art,13,0.4175476695238845,0.421310780768811,0.43062106956755425,
shuffled,mlp,4,art,26,0.3236872565812406,0.3395227266401357,0.3363638817181391,
shuffled,mlp,4,art,29,0.08814162207117747,0.0990374877624901,0.09627461693862589,
shuffled,mlp,4,art,34,0.5755911703920938,0.594610003587763,0.5891516166826155,
shuffled,mlp,4,art,38,0.4520349266919667,0.5192596494286237,0.5136059345616958,
shuffled,mlp,4,art,43,0.1920280875012761,0.21927791183385695,0.21753886403921596,
shuffled,mlp,4,art,48,0.6126700866948893,0.6210849029103513,0.6165325022319741,
shuffled,mlp,4,art,49,0.27373939830151056,0.27625331895996524,0.3336741357017124,
shuffled,mlp,4,art,56,0.142738503253343,0.1745344266566663,0.15969908492610382,
shuffled,mlp,4,art,61,0.42832380741106585,0.4734860568583085,0.45488862957363474,
shuffled,mlp,4,art,72,0.4630247342167832,0.4604789027897152,0.4956642698056038,
shuffled,mlp,4,art,77,0.22108282239331709,0.1877296227179992,0.24145633183270274,
shuffled,mlp,4,art,78,0.4623709275920252,0.5034401716470837,0.5076269588107907,
shuffled,mlp,4,art,89,0.18223507118781243,0.1837430443969421,0.18743617790064726,
shuffled,mlp,4,art,90,0.27705075480700514,0.28813511653778384,0.29568537524408967,
shuffled,mlp,4,art,97,0.1655089719356394,0.22032900321111248,0.2039668373213898,
shuffled,mlp,4,art,103,0.6774003003168705,0.6670734589960873,0.6942122051675937,
shuffled,mlp,4,art,108,0.3355463108301954,0.33705623739911345,0.34287675413715085,
shuffled,mlp,4,art,114,0.5387082724534239,0.55248223617205,0.5518327599550799,
shuffled,mlp,4,art,115,0.09411401360898379,0.11177937155775808,0.09545323724999123,
shuffled,mlp,4,art,124,0.3394780594802371,0.35203266228609315,0.3614817278626459,
shuffled,mlp,4,art,134,0.33398250404767155,0.34602619917512806,0.34505337015282106,
shuffled,mlp,4,art,135,0.22132919693782815,0.23129177310992646,0.239354983379472,
shuffled,mlp,4,art,142,0.5074175739478871,0.5086958859272918,0.5269132232935786,
shuffled,mlp,4,art,143,0.6440694833989978,0.700133612138762,0.6846572476350631,
shuffled,mlp,4,fashion,1,0.24891967228246256,0.29489874528616966,0.2589083135529067,
shuffled,mlp,4,fashion,2,0.3144705816068843,0.3337396684721535,0.32198043284246053,
shuffled,mlp,4,fashion,12,0.15476983248352563,0.12699469113777906,0.16578770890972563,
shuffled,mlp,4,fashion,13,0.21928509736475818,0.15917012682206927,0.23500539391762362,
shuffled,mlp,4,fashion,26,0.13301353288830445,0.1368200900222386,0.1485540073307875,
shuffled,mlp,4,fashion,29,0.30514469425929863,0.3058465654497931,0.3235271759252681,
shuffled,mlp,4,fashion,34,0.23861960854339725,0.25383376798200924,0.2719116229515126,
shuffled,mlp,4,fashion,38,0.0935075521638966,0.0958332864511474,0.10812152132857067,
shuffled,mlp,4,fashion,43,0.3687210190479638,0.449030545113899,0.3945331439508178,
shuffled,mlp,4,fashion,48,0.3423743909515948,0.3915420819606729,0.3868610983434781,
shuffled,mlp,4,fashion,49,0.04150555584843453,0.0772899798434157,0.045264177748688995,
shuffled,mlp,4,fashion,56,-0.20936211121273873,-0.19801619158512776,-0.21274085368410497,
shuffled,mlp,4,fashion,61,0.21017849462436936,0.2226503733493955,0.21845992047724372,
shuffled,mlp,4,fashion,72,0.028776111664531766,0.028699416989571232,0.0402385521894175,
shuffled,mlp,4,fashion,77,0.2630113983742938,0.2797608595581039,0.29232276461274226,
shuffled,mlp,4,fashion,78,0.190226590906441,0.20708329234210868,0.22130599057861702,
shuffled,mlp,4,fashion,89,0.24194261719967455,0.24403664942334646,0.25568158252422163,
shuffled,mlp,4,fashion,90,0.3338190151146853,0.33430529851674623,0.3519115362762768,
shuffled,mlp,4,fashion,97,0.3528960254788944,0.37449480257843604,0.36658820124847424,
shuffled,mlp,4,fashion,103,-0.005632919839207463,0.029168628204105335,-0.002012803769076902,
shuffled,mlp,4,fashion,108,0.18206296154735893,0.2462346323643272,0.24167305307170342,
shuffled,mlp,4,fashion,114,0.21621476058518097,0.23621737683252977,0.24030667556346075,
shuffled,mlp,4,fashion,115,0.20908252286781992,0.24862205956236894,0.2210470842250104,
shuffled,mlp,4,fashion,124,0.2953814375815384,0.2824365133157373,0.29821056495657644,
shuffled,mlp,4,fashion,134,0.08443434457386323,0.11922058884173825,0.08861271711175063,
shuffled,mlp,4,fashion,135,0.15598988925676743,0.09070817577719607,0.16454267611326376,
shuffled,mlp,4,fashion,142,0.2530561963045925,0.26517456802899636,0.2667328179242499,
shuffled,mlp,4,fashion,143,0.3416421305006021,0.3158184516547599,0.3489229669123526,
shuffled,mlp,4,landscape,1,0.2717120771247235,0.30611420996288136,0.2922482413614939,
shuffled,mlp,4,landscape,2,0.29903821690185717,0.3130368866143762,0.3204927941349623,
shuffled,mlp,4,landscape,12,0.6423602859585068,0.6541759092633302,0.6532491973237318,
shuffled,mlp,4,landscape,13,0.28558053392095895,0.34943806518356785,0.35294103689831036,
shuffled,mlp,4,landscape,26,0.07824395780797333,0.08890377492764573,0.10145135720949029,
shuffled,mlp,4,landscape,29,0.041928909332182435,0.0262286485524726,0.04416481694863176,
shuffled,mlp,4,landscape,34,0.4372790188553302,0.5087507248203988,0.5050166223040634,
shuffled,mlp,4,landscape,38,0.1983667680465355,0.1911221823623824,0.20876330684185693,
shuffled,mlp,4,landscape,43,0.24494171719486657,0.1809087600063639,0.26322217508360574,
shuffled,mlp,4,landscape,48,0.4227111239819255,0.39570742721837954,0.43163352207741457,
shuffled,mlp,4,landscape,49,0.3005173210249053,0.3177765945395661,0.31489564482850607,
shuffled,mlp,4,landscape,56,-0.032042461563883,-0.01812432603754843,-0.0344230432726016,
shuffled,mlp,4,landscape,61,0.37117040857195854,0.42861175866187073,0.39208568897848267,
shuffled,mlp,4,landscape,72,0.10934176168953501,0.1023278945192741,0.1252515048540179,
shuffled,mlp,4,landscape,77,0.33325585594152296,0.383801645861672,0.37181781423295607,
shuffled,mlp,4,landscape,78,0.20695395162521857,0.27998783403671185,0.2472351857940085,
shuffled,mlp,4,landscape,89,0.23842748131217503,0.25423470301338724,0.2984822793063162,
shuffled,mlp,4,landscape,90,0.3855111519233767,0.3668204195788299,0.39802111751585806,
shuffled,mlp,4,landscape,97,0.2113040399546291,0.22152866010621722,0.2165024217159949,
shuffled,mlp,4,landscape,103,0.4505798442286019,0.4941209129534973,0.4696680805108146,
shuffled,mlp,4,landscape,108,0.23956246001706163,0.29664783776036985,0.24982858045142406,
shuffled,mlp,4,landscape,114,0.3780100548759984,0.4188749597369758,0.4141468624093377,
shuffled,mlp,4,landscape,115,0.1762460069885706,0.13893197385517173,0.18947834449033985,
shuffled,mlp,4,landscape,124,0.29266419903257784,0.3888842470434808,0.3477084813509566,
shuffled,mlp,4,landscape,134,0.21037036326093628,0.26686557377222303,0.22384911408299366,
shuffled,mlp,4,landscape,135,0.3175074063324596,0.2699818004576024,0.3313092808844688,
shuffled,mlp,4,landscape,142,0.35296837575582507,0.3725436334691679,0.3598056603815038,
shuffled,mlp,4,landscape,143,0.573912946126463,0.5989800518535744,0.6009174235051079,
shuffled,ridge,0,art,3,0.02612533887584717,0.0310758623561783,0.06657562641720577,6.730888911960069
shuffled,ridge,0,art,14,0.47280731674041854,0.570785623890588,0.5501565416657819,6.7875402067279715
shuffled,ridge,0,art,15,0.18941320556985666,0.2506322778914161,0.2588611961925529,6.762589161022821
shuffled,ridge,0,art,19,0.5056108005353663,0.6038995097290112,0.6057148367505057,6.782406219184229
shuffled,ridge,0,art,21,0.3235459517633097,0.4620939701607871,0.4431448626840287,6.747345027975613
shuffled,ridge,0,art,22,0.37938347339688905,0.42838750581879553,0.42946223228252606,6.691362400756663
shuffled,ridge,0,art,30,0.13667290259335155,0.21215307667088937,0.21027376125802466,6.805300514090582
shuffled,ridge,0,art,50,0.40718056521711543,0.48994800333152183,0.4970434741043987,6.732554546244973
shuffled,ridge,0,art,57,0.3136155492942172,0.37590342126697024,0.3749767215736843,6.806857193312978
shuffled,ridge,0,art,62,0.4450771499824055,0.5234252409670622,0.5228821654321135,6.741944743745461
shuffled,ridge,0,art,63,0.0618761107808746,0.09236453544661473,0.09655826881596857,6.730278887153086
shuffled,ridge,0,art,79,0.4034087946341274,0.4446501446786422,0.4971741330641706,6.690262160690781
shuffled,ridge,0,art,80,0.7507029964114199,0.7598713212410327,0.776870703953373,6.834873315861864
shuffled,ridge,0,art,85,0.2983468555711146,0.34041559607509936,0.39082842728554223,6.811763124389405
shuffled,ridge,0,art,86,0.37375664305858564,0.5708971444891365,0.5820745069983642,6.819649787911253
shuffled,ridge,0,art,98,0.4228999747089737,0.44152366191847703,0.44929250143290167,6.7672901088235315
shuffled,ridge,0,art,99,0.6516453324835493,0.7353027771445432,0.7370875309485717,6.788224779442307
shuffled,ridge,0,art,105,0.13491354742669412,0.25843165604424617,0.25743837006467785,6.745595185066577
shuffled,ridge,0,art,109,0.286396702175643,0.38658919553701,0.39186260972917863,6.7367918914924845
shuffled,ridge,0,art,110,0.49899895529160654,0.5343679969491235,0.5524700519097958,6.802275991918023
shuffled,ridge,0,art,116,0.617487268274901,0.6358152487175971,0.6405323895772391,6.7938710827703055
shuffled,ridge,0,art,117,0.6941811923715192,0.7546563550809915,0.7538759493030872,6.755529481577139
shuffled,ridge,0,art,126,0.3954827539718037,0.47262117216649785,0.4902990975102904,6.757588461178163
shuffled,ridge,0,art,127,0.45254650931321,0.4696893413914906,0.5066484749305648,6.7143013991110685
shuffled,ridge,0,art,136,0.4116369439118241,0.4021733727984111,0.4474299070243193,6.780093047852241
shuffled,ridge,0,art,144,0.5595782667245849,0.6430781745649236,0.6699113678493737,6.816953519024826
shuffled,ridge,0,fashion,3,0.33626702447813867,0.49080251475547115,0.4957741752631301,4.831133316221969
shuffled,ridge,0,fashion,14,0.3650257214868338,0.5857408955573654,0.5930309858563994,4.8051768019384875
shuffled,ridge,0,fashion,15,0.0117857210171222,0.01489916098052553,0.011452107695273732,4.789555728688789
shuffled,ridge,0,fashion,19,0.28306942348415365,0.36541479685919315,0.4144340903413682,4.81907109933083
shuffled,ridge,0,fashion,21,0.09400602995458836,0.17195922878148903,0.2162814395052187,4.708745549822264
shuffled,ridge,0,fashion,22,0.18800714516863085,0.35572480650266686,0.35671537409734816,4.7631431611948765
shuffled,ridge,0,fashion,30,0.291979038605994,0.398609182389374,0.4204699228620595,4.903705328878122
shuffled,ridge,0,fashion,50,0.0424808671101401,0.04609509312776187,0.10535576543378405,4.855837586826581
shuffled,ridge,0,fashion,57,0.08886145734743583,0.17899600827812726,0.15587894919443382,4.806259400753985
shuffled,ridge,0,fashion,62,0.13553710804245692,0.28621612715804384,0.27874502891645975,4.755627964679761
shuffled,ridge,0,fashion,63,0.0933844854517879,0.19867610023399995,0.22571912999140242,4.887559863565095
shuffled,ridge,0,fashion,79,0.34502007148865665,0.49405437860789164,0.5481045062585289,4.802619608893726
shuffled,ridge,0,fashion,80,0.1687176902152343,0.28619418429967597,0.3117156047059753,4.795491926672705
shuffled,ridge,0,fashion,85,0.2233038896622184,0.40103922867408254,0.41756149800890013,4.765089579213141
shuffled,ridge,0,fashion,86,0.016066693124900232,0.048982758990186594,0.03397690404105686,4.782191270315059
shuffled,ridge,0,fashion,98,0.14034408342190954,0.25547403414666636,0.26063183436497,4.786408867783749
shuffled,ridge,0,fashion,99,0.3681481693605832,0.4759641195244431,0.4850117732894277,4.863237096853257
shuffled,ridge,0,fashion,105,0.11705195526245916,0.1590042834833396,0.17277219598740123,4.884791603133292
shuffled,ridge,0,fashion,109,0.24449115048633138,0.43176086715698686,0.44315845982616237,4.730924059987539
shuffled,ridge,0,fashion,110,0.1897256060705548,0.32175469009764845,0.3462902004238468,4.864930814718467
shuffled,ridge,0,fashion,116,0.1513889020711944,0.24187722926598623,0.3584112363872231,4.755381180223304
shuffled,ridge,0,fashion,117,0.374452292772317,0.4927216318236827,0.5337580873620545,4.8561487884415016
shuffled,ridge,0,fashion,126,0.13972256734156108,0.1097770364515458,0.2645458986689621,4.777122324239737
shuffled,ridge,0,fashion,127,0.3539160437232209,0.4682970931172561,0.4917098484416405,4.814043459554142
shuffled,ridge,0,fashion,136,0.25613356883946353,0.4535344792170093,0.452782490300549,4.721967470385567
shuffled,ridge,0,fashion,144,0.28299720852475646,0.510570323427471,0.4663888964569405,4.852717770059108
shuffled,ridge,0,landscape,3,0.23722491880549398,0.3757945083498398,0.38912756241239244,4.490017383549675
shuffled,ridge,0,landscape,14,0.2820856688187178,0.4043194125551251,0.4521129235863938,4.488807161264808
shuffled,ridge,0,landscape,15,-0.03398392080976343,-0.0682803240973658,-0.0938626592557187,4.497659255176673
shuffled,ridge,0,landscape,19,0.36040744153005405,0.523669539660019,0.5573526337800572,4.530680898419046
shuffled,ridge,0,landscape,21,0.1447869848081707,0.25659075529591985,0.2619606651078684,4.545140289503462
shuffled,ridge,0,landscape,22,0.2586929358985517,0.3803265535900402,0.38982523220689286,4.5297291789308884
shuffled,ridge,0,landscape,30,0.2871734602642099,0.3305897084152212,0.4049334942307003,4.491758818798048
shuffled,ridge,0,landscape,50,0.28436529498680446,0.39555221134042756,0.37786568591455927,4.519978159300789
shuffled,ridge,0,landscape,57,0.18171844926843583,0.27121728292368663,0.34932529402401097,4.506359751177853
shuffled,ridge,0,landscape,62,0.28708947546500013,0.35187925130044206,0.4076708755758265,4.538726750302033
shuffled,ridge,0,landscape,63,0.009162725085406867,0.04339057557505283,0.0514279807142096,4.44833642047421
shuffled,ridge,0,landscape,79,0.13074498866085923,0.32183928301077486,0.2733780077646108,4.531492914201241
shuffled,ridge,0,landscape,80,0.4551979008291866,0.6905344148537709,0.6853078127391213,4.520100314984342
shuffled,ridge,0,landscape,85,0.2817146759506605,0.4226145344060072,0.4609757049414102,4.483005235264225
shuffled,ridge,0,landscape,86,0.3081225251140889,0.5739171653659674,0.5632392511077357,4.509388012796422
shuffled,ridge,0,landscape,98,0.23047842784529782,0.43528813450661924,0.4598112604922653,4.499650198153874
shuffled,ridge,0,landscape,99,0.3891747897187266,0.5847536128346873,0.5744541300014235,4.5201838337117985
shuffled,ridge,0,landscape,105,0.1790224169164987,0.36787608680536504,0.4244002518165031,4.513824179968319
shuffled,ridge,0,landscape,109,0.2065236264474177,0.4166038435339321,0.4323242395680184,4.519809679372515
shuffled,ridge,0,landscape,110,0.49816563834658173,0.6987188921784337,0.6521280105220563,4.469046200727216
shuffled,ridge,0,landscape,116,0.18568090609149254,0.35952054321884397,0.42594732950707553,4.5040584221173425
shuffled,ridge,0,landscape,117,0.39030493439704655,0.5687358628623712,0.5676017579924825,4.502429727336384
shuffled,ridge,0,landscape,126,0.1878189090370498,0.28631708834850306,0.2897301325017015,4.484175938178102
shuffled,ridge,0,landscape,127,0.26428574933080934,0.33970867182041936,0.3579818876605046,4.476172836838983
shuffled,ridge,0,landscape,136,0.23396058777924308,0.3738522955997499,0.4073169760180644,4.54605432880703
shuffled,ridge,0,landscape,144,0.2772229773563358,0.4088214516912117,0.4325425492538864,4.460859736394483
shuffled,ridge,1,art,5,0.11900543724423936,0.23647306249953015,0.25325677561651605,5.996720586119726
shuffled,ridge,1,art,6,0.5882653346095419,0.6521476313133595,0.6270759917243556,5.9320130276878515
shuffled,ridge,1,art,16,0.3878842392747744,0.40434947921029524,0.44752672780660663,6.090138394311061
shuffled,ridge,1,art,17,0.09745752421358837,0.21872022369815455,0.17825774755041776,5.97270826504399
shuffled,ridge,1,art,23,0.1439125684874172,0.24344184486334083,0.24209366614398276,5.953508240954574
shuffled,ridge,1,art,35,0.040252890159190834,0.08068382056300853,0.08928301134973322,5.937253831176264
shuffled,ridge,1,art,39,0.7012674687885604,0.7438954144340717,0.7485207613567785,5.941468887518515
shuffled,ridge,1,art,44,0.5068162642730659,0.6118592029530054,0.5805634084134311,5.923675769254532
shuffled,ridge,1,art,51,0.3353249892243279,0.4803768379353694,0.5156561942794469,5.9575281454732725
shuffled,ridge,1,art,64,0.23167852802880587,0.3595678186027484,0.339771683275542,5.954475439384772
shuffled,ridge,1,art,69,0.2656050857007238,0.34895953376304406,0.33852486284102007,5.933295773858049
shuffled,ridge,1,art,81,0.2795581400860411,0.3322998723872547,0.3912924864281118,5.996844789338783
shuffled,ridge,1,art,92,0.31124591562732434,0.38186585194195694,0.37904571041428275,5.907495244956595
shuffled,ridge,1,art,100,0.5689893392849839,0.5830726425745599,0.6403559983369077,5.988927619627762
shuffled,ridge,1,art,101,0.5186158152242223,0.6212309193116695,0.5872060461258836,5.989165199301108
shuffled,ridge,1,art,106,0.3021186294510992,0.42570808859680564,0.4277973452860959,5.929156903495006
shuffled,ridge,1,art,111,0.5738978101696298,0.6706063168879806,0.6772085003836666,5.9718113964299535
shuffled,ridge,1,art,118,0.538967891656103,0.6555306751310316,0.60345224767609,6.093966904463323
shuffled,ridge,1,art,119,0.49200267354001054,0.5870529515681416,0.5762970192313827,5.9391149735248625
shuffled,ridge,1,art,128,0.33968409174957587,0.5916979316085199,0.5647684569282884,5.976360226579859
shuffled,ridge,1,art,129,0.2218134073048383,0.3305281290642106,0.3243511511633077,5.937987851931779
shuffled,ridge,1,art,137,0.3733862160084827,0.49066558707042246,0.5162107614776151,5.994183287662456
shuffled,ridge,1,fashion,5,0.07091138182780331,0.14331517683314118,0.14701991992536373,5.41095852503708
shuffled,ridge,1,fashion,6,0.2926400429244593,0.3867149334994848,0.41988186169130054,5.469587796644464
shuffled,ridge,1,fashion,16,0.18349037863431994,0.2934129684750905,0.27035382151662596,5.42293248710837
shuffled,ridge,1,fashion,17,0.03447041547684563,-0.022504957527949735,0.051458132231075204,5.417991407169972
shuffled,ridge,1,fashion,23,0.27460992572654763,0.49734722727325736,0.46897542070351367,5.471971989400472
shuffled,ridge,1,fashion,35,0.07277048268383236,0.14442046824244667,0.14485084028534342,5.457934029385332
shuffled,ridge,1,fashion,39,0.3068301027519678,0.3303856238096812,0.35669572040426994,5.503592850992693
shuffled,ridge,1,fashion,44,0.17424669050943764,0.30185417865734526,0.26698533598101154,5.499244116516691
shuffled,ridge,1,fashion,51,0.3426622593436452,0.4725051822406449,0.4537457162242922,5.43938306054178
shuffled,ridge,1,fashion,64,0.01927397451359056,0.0922021513846306,0.04897632918222217,5.474132865137542
shuffled,ridge,1,fashion,69,0.16802961761703086,0.33093031167405457,0.2695379100222394,5.435679799062875
shuffled,ridge,1,fashion,81,0.2327645566011559,0.36744111310100763,0.34936333680125914,5.427395594771795
shuffled,ridge,1,fashion,92,0.1325494952536814,0.23336344764633887,0.22178159445376242,5.447166328466551
shuffled,ridge,1,fashion,100,0.39081529321479797,0.543668197903263,0.5448127756423186,5.392381753846475
shuffled,ridge,1,fashion,101,0.19694462106594024,0.37652097676691315,0.35016030652816,5.416662175441566
shuffled,ridge,1,fashion,106,0.1793986752379797,0.3040761372549629,0.31049058835039256,5.486672222565027
shuffled,ridge,1,fashion,111,0.21021032088153904,0.4623352061981793,0.45098877166524876,5.508996548634028
shuffled,ridge,1,fashion,118,0.21767088547003963,0.2773041829339729,0.30200126621615425,5.431009937516237
shuffled,ridge,1,fashion,119,0.3311702062271258,0.4596794207260752,0.5059045189940637,5.478896632475942
shuffled,ridge,1,fashion,128,0.31821720794647784,0.45128946374144113,0.4407377298294757,5.406265033994361
shuffled,ridge,1,fashion,129,0.05350531586270829,0.0819629426887795,0.12211200770760981,5.486148706074854
shuffled,ridge,1,fashion,137,0.05328425743031547,0.1198452129644111,0.13182871479804315,5.4677078833551915
shuffled,ridge,1,landscape,5,0.3878423881654392,0.4924098718548051,0.4998036059507544,7.2914008218765245
shuffled,ridge,1,landscape,6,0.5196231339325973,0.6150953531891538,0.6131533103914782,7.303549719979478
shuffled,ridge,1,landscape,16,0.33167258658589255,0.37668499972357544,0.37927561880974775,7.317844820733048
shuffled,ridge,1,landscape,17,0.014956834426513967,0.0485414233405204,0.0209100905061784,7.288076464187893
shuffled,ridge,1,landscape,23,0.5772144769160877,0.7202057171478998,0.6843061302216152,7.34939237303464
shuffled,ridge,1,landscape,35,0.21490321205262466,0.3623300332867044,0.3835903831219851,7.289738106917478
shuffled,ridge,1,landscape,39,0.6729516810058666,0.7704762444315508,0.7151669549102261,7.288454369031366
shuffled,ridge,1,landscape,44,0.3874844777340378,0.584327181817664,0.523728043407358,7.234998211246608
shuffled,ridge,1,landscape,51,0.5852918115244146,0.7190187227308953,0.693414567348784,7.313041431729338
shuffled,ridge,1,landscape,64,0.19858605364175666,0.23242043477344443,0.24360979555069048,7.297745736072262
shuffled,ridge,1,landscape,69,0.0977778370618102,0.20113808537052766,0.18644995465056055,7.286409003386069
shuffled,ridge,1,landscape,81,0.2808636432636775,0.4288492040172212,0.413892298268272,7.286313333011403
shuffled,ridge,1,landscape,92,0.3038461744469869,0.3603386894516591,0.39099602856616156,7.321395299082449
shuffled,ridge,1,landscape,100,0.36234341266798253,0.4501310167892863,0.44485921199559036,7.279045460801615
shuffled,ridge,1,landscape,101,0.2633197171499185,0.28154734298736284,0.31197083305888595,7.299703007832728
shuffled,ridge,1,landscape,106,0.27469155378308285,0.419905037983839,0.40335924984554644,7.258648916677927
shuffled,ridge,1,landscape,111,0.38495378733563085,0.4948396736827389,0.5165662973103706,7.276541152325496
shuffled,ridge,1,landscape,118,0.454907842378323,0.5369387870855885,0.5193222442670122,7.27563433543446
shuffled,ridge,1,landscape,119,0.6685028044756937,0.7170158006900582,0.7150713359572727,7.263292308932294
shuffled,ridge,1,landscape,128,0.18719321805833442,0.2400190357315334,0.27038482036786043,7.291122553913195
shuffled,ridge,1,landscape,129,0.5289766815716227,0.5994766459123321,0.6098002724338674,7.305488454643293
shuffled,ridge,1,landscape,137,0.4244351210210075,0.4105334068973341,0.4459514427288304,7.298250522670579
shuffled,ridge,2,art,7,0.2670349740235906,0.2629198644290515,0.3210303697663333,5.841513841991545
shuffled,ridge,2,art,8,0.5273086058562063,0.6087211625160406,0.6215918518114792,5.554964853094956
shuffled,ridge,2,art,40,0.23241820739667626,0.28267944595479755,0.29441975809883897,5.7781399597599945
shuffled,ridge,2,art,41,0.6359411587066849,0.6981694435128224,0.7003099454810665,5.6428952784579876
shuffled,ridge,2,art,45,0.0162035314184124,0.06484333274761593,0.029767328874190566,5.775866405104543
shuffled,ridge,2,art,46,0.008730729941827,0.0276992126059894,0.015970498611061465,5.6434580941591586
shuffled,ridge,2,art,52,0.4876240373852306,0.6649328109635794,0.6645578016984128,5.7993383922894965
shuffled,ridge,2,art,58,0.5288252444460445,0.6493192604602415,0.6771806335292777,5.649012815057449
shuffled,ridge,2,art,65,0.5686755411086937,0.6515943316639723,0.6634174418940437,5.743961815687762
shuffled,ridge,2,art,66,0.34503989593199164,0.4898391010920489,0.46530040150196145,5.6949977912004215
shuffled,ridge,2,art,74,0.38285485948269576,0.48537826031289905,0.49759345780178316,5.740460217928796
shuffled,ridge,2,art,83,0.2382385916761012,0.5046401862226642,0.5085357102991617,5.675275640942194
shuffled,ridge,2,art,87,0.6329375277408773,0.699591644180788,0.687515769827451,5.811891902741036
shuffled,ridge,2,art,93,0.500699291494032,0.6045463345659332,0.5900067904751359,5.859747714660853
shuffled,ridge,2,art,94,0.6635736125269974,0.7377718046129645,0.743096565122212,5.635986400149338
shuffled,ridge,2,art,102,0.18476172371295427,0.22387300665555668,0.2501544575995956,5.770296279294324
shuffled,ridge,2,art,112,0.3631801743008533,0.48189451086930873,0.5029616335474459,5.764915230652766
shuffled,ridge,2,art,113,0.2847516081450822,0.43115566222580154,0.42139575744082086,5.627299302091294
shuffled,ridge,2,art,120,0.5381950382874933,0.6183421697904864,0.635335056098438,5.859968416621623
shuffled,ridge,2,art,121,0.3881700869203136,0.45421896125420175,0.4281386073903129,5.677583512641031
shuffled,ridge,2,art,131,0.2865649911834998,0.39640269804900613,0.39091964281017355,5.685391898600739
shuffled,ridge,2,art,138,0.37699462429285296,0.48489941431117894,0.4423452902549392,5.81702179948902
shuffled,ridge,2,art,139,0.17361834953198574,0.23203237116381112,0.25217618368444633,5.744063688965821
shuffled,ridge,2,fashion,7,0.31277186182938327,0.4418194608187791,0.45266792968453967,6.229765036845124
shuffled,ridge,2,fashion,8,0.14409729993123876,0.4226001743248182,0.37067902749711107,6.15011135845197
shuffled,ridge,2,fashion,40,0.27141288911295963,0.2508213765557789,0.3602502639085223,6.251136456646474
shuffled,ridge,2,fashion,41,0.32069327540528425,0.45077378562344267,0.44661783729281507,6.226647845152255
shuffled,ridge,2,fashion,45,0.10965824814256853,0.2739789697423865,0.2616001037421969,6.259546958764683
shuffled,ridge,2,fashion,46,0.0351989532243573,0.12615511744833563,0.09153005683081823,6.2108297260772405
shuffled,ridge,2,fashion,52,0.25152842619146426,0.40646830136084994,0.44022876205863176,6.188840187833482
shuffled,ridge,2,fashion,58,0.21894583417779725,0.37659529203266834,0.3620280014498081,6.219340708278344
shuffled,ridge,2,fashion,65,0.15378314880104393,0.29009551890430535,0.33497834813062805,6.227823916377356
shuffled,ridge,2,fashion,66,0.15679285825427627,0.25890383680188234,0.23487605269512457,6.21664303671099
shuffled,ridge,2,fashion,74,0.048772367325715195,0.07381682348232503,0.09667713392395583,6.107941242612298
shuffled,ridge,2,fashion,83,0.4092925717728935,0.5160985139780362,0.5071892478386056,6.122000277067925
shuffled,ridge,2,fashion,87,0.1473558271712274,0.27967435271481655,0.2765332464618315,6.155277888268564
shuffled,ridge,2,fashion,93,0.3641542916507066,0.48182838064716976,0.49245740865781545,6.2119596944213695
shuffled,ridge,2,fashion,94,0.2429110169146966,0.38117469357514366,0.38542446026856775,6.255711114923333
shuffled,ridge,2,fashion,102,0.15728947751990255,0.38054370887188993,0.3842521158832722,6.1764743523553856
shuffled,ridge,2,fashion,112,0.21805305312175938,0.33289873409953363,0.34425488958301426,6.246444265752469
shuffled,ridge,2,fashion,113,0.22223045088437496,0.3322220352125329,0.35501973984322516,6.1882026683017335
shuffled,ridge,2,fashion,120,0.24269964362536847,0.24055788093685027,0.3034214960866955,6.224504198802085
shuffled,ridge,2,fashion,121,0.39854419146602943,0.42038623679673726,0.46114650559242837,6.161052237567296
shuffled,ridge,2,fashion,131,0.0933385159492988,0.14664556876241208,0.1586117318961171,6.148713826190199
shuffled,ridge,2,fashion,138,0.4090487146370494,0.43581363225112063,0.47561412057395297,6.223503738432476
shuffled,ridge,2,fashion,139,0.2869868352407554,0.4138680348383956,0.41443106823303905,6.212524737461751
shuffled,ridge,2,landscape,7,0.0332285959906436,0.0674023669655482,0.05389038408667457,5.1492244433695715
shuffled,ridge,2,landscape,8,0.39207312657243126,0.49168855182997623,0.4982120218307416,5.128668770506194
shuffled,ridge,2,landscape,40,0.19538546153110303,0.3763865772991161,0.40342759127641076,5.101910418842945
shuffled,ridge,2,landscape,41,0.20753523066787224,0.4580957651678064,0.49307268070730353,5.143386561691862
shuffled,ridge,2,landscape,45,0.2461996073756474,0.401168345087662,0.41330954746964826,5.119393421090279
shuffled,ridge,2,landscape,46,0.14452424586560852,0.44673146400685365,0.3850580828344265,5.092494922140323
shuffled,ridge,2,landscape,52,0.4023138650394544,0.5340472492609888,0.5622742008239815,5.187435611747618
shuffled,ridge,2,landscape,58,0.3407934977839691,0.45030637536157886,0.5180732831201578,5.123905915173586
shuffled,ridge,2,landscape,65,0.21911458400145634,0.3327033001831726,0.32875087010387277,5.164645844351559
shuffled,ridge,2,landscape,66,0.22013959438066533,0.31976950307835844,0.37642301804425465,5.145840959989734
shuffled,ridge,2,landscape,74,0.23641716342835806,0.29378186509716886,0.29035852863391887,5.143258022906935
shuffled,ridge,2,landscape,83,0.3799314771556704,0.5795398010957092,0.5931340181325698,5.126087261895722
shuffled,ridge,2,landscape,87,0.3637938142113654,0.5179363323953371,0.4873291112292415,5.097425389883221
shuffled,ridge,2,landscape,93,0.5777032842532971,0.6926799514971784,0.6908362069707716,5.132635287285215
shuffled,ridge,2,landscape,94,0.5163581323482903,0.5667498491319788,0.583209501559436,5.128954329904965
shuffled,ridge,2,landscape,102,0.4712728329482982,0.6381110465343285,0.6100097376631085,5.1904774974510595
shuffled,ridge,2,landscape,112,0.4800737769555874,0.4967622546397981,0.5830436953696078,5.152165404410817
shuffled,ridge,2,landscape,113,0.29117933692146053,0.38947800485271244,0.39045293681073634,5.096011885582876
shuffled,ridge,2,landscape,120,0.4414845380061843,0.5840342151611329,0.5456875581671728,5.091487858263206
shuffled,ridge,2,landscape,121,0.5195310226712943,0.7389567001190834,0.7046159349934634,5.102318064281984
shuffled,ridge,2,landscape,131,0.16631575423103634,0.36086360854898397,0.33323438491757623,5.100619676703464
shuffled,ridge,2,landscape,138,0.6198594916499994,0.7784135694183618,0.8058493053885002,5.009944605984553
shuffled,ridge,2,landscape,139,0.33695471033211427,0.5134294533096494,0.4780066404298096,5.182933660445669
shuffled,ridge,3,art,0,0.330343249011298,0.29704621987103536,0.3936259944361056,6.201079305056614
shuffled,ridge,3,art,9,0.4617448127984746,0.5435554450511472,0.5026307506360459,6.126784153512915
shuffled,ridge,3,art,10,0.4696916703486294,0.562498016460224,0.5258117525035216,6.19689692228907
shuffled,ridge,3,art,11,0.4421265860032828,0.5293225965539364,0.5859446334395123,6.119848755717499
shuffled,ridge,3,art,24,0.4562125005586577,0.6617357712554409,0.6618002769182335,6.19371479745683
shuffled,ridge,3,art,28,0.44417959060768536,0.5561014240740313,0.5659683162374791,6.240167879109616
shuffled,ridge,3,art,31,0.4830534662601343,0.5068994563259359,0.5544971407164433,6.102015202478431
shuffled,ridge,3,art,32,0.3119970405100478,0.3716397144344275,0.40153902398783875,6.132663415345448
shuffled,ridge,3,art,36,0.3928539590372295,0.4567576436233001,0.481773483933523,6.17522918154645
shuffled,ridge,3,art,42,0.22799394177261165,0.40113965218957975,0.43569727416576437,6.1400201817946325
shuffled,ridge,3,art,47,0.3856625895792778,0.44906349093113423,0.48509168037766476,6.195834338065288
shuffled,ridge,3,art,54,0.1245726799832421,0.16277447874198187,0.1803127828972241,6.129371033284425
shuffled,ridge,3,art,55,0.23155049494252014,0.3308302290696353,0.3187471171552869,6.177752798832809
shuffled,ridge,3,art,59,0.4334550104660571,0.5428427195521158,0.5590583599430348,6.053454150224661
shuffled,ridge,3,art,60,0.5902909508898103,0.6461186674660429,0.6576009395042364,6.17716155022642
shuffled,ridge,3,art,67,0.3587602745958311,0.4669628063051436,0.45016278846725627,6.193931168405683
shuffled,ridge,3,art,68,0.566674331233948,0.6854044261857869,0.6862549504234391,6.146248638961957
shuffled,ridge,3,art,75,0.4485700404469028,0.46303546580343796,0.5145757571530991,6.1307838227122025
shuffled,ridge,3,art,76,0.44752857670863144,0.4913009449206569,0.5337894662390433,6.279510917202003
shuffled,ridge,3,art,82,0.6819529570306638,0.7153713591024724,0.7331020847433072,6.187593003438919
shuffled,ridge,3,art,84,0.2632710174475919,0.30757277323178256,0.29829239246993333,6.14800264949059
shuffled,ridge,3,art,88,0.463586534347393,0.5096774451258311,0.546322621733772,6.155679282317355
shuffled,ridge,3,art,95,0.45703490170626176,0.49712629089122756,0.5860087187145816,6.167251951965156
shuffled,ridge,3,art,96,0.5834330704217086,0.6358691953184018,0.6745970604857067,6.14149583117986
shuffled,ridge,3,art,107,0.5013160757269027,0.5470111589714716,0.5638146185112527,6.240463779145067
shuffled,ridge,3,art,122,0.4811916984397024,0.5467007602710064,0.6008226882307406,6.19597451824168
shuffled,ridge,3,art,123,0.48717157719357757,0.516239585426877,0.5412656508823086,6.179850101735357
shuffled,ridge,3,art,132,0.43792172747420516,0.4732523218193019,0.5485527038740347,6.195413847910761
shuffled,ridge,3,art,140,0.45673906151933563,0.46645591250294355,0.5171955577960916,6.155264725358751
shuffled,ridge,3,art,141,0.39049605884049265,0.5397147864435907,0.5147767062957739,6.187200020884771
shuffled,ridge,3,fashion,0,0.10088526925133683,0.18674911324457147,0.1905767252836078,5.728630435486264
shuffled,ridge,3,fashion,9,0.22438942453624508,0.25293768906659203,0.3235041456513936,5.59189258660546
shuffled,ridge,3,fashion,10,0.4542747106631104,0.4995630025239623,0.5271102658020047,5.706865013452262
shuffled,ridge,3,fashion,11,0.484248156582291,0.5752709872977713,0.5831540240489553,5.695472356917578
shuffled,ridge,3,fashion,24,0.21770302595511723,0.43894273403092465,0.42777159370128653,5.587057829659912
shuffled,ridge,3,fashion,28,0.3815836649174132,0.4613038701814649,0.4310290273276098,5.722238723661971
shuffled,ridge,3,fashion,31,0.029437493246443135,0.10487527433283222,0.12098812797515669,5.705857059508168
shuffled,ridge,3,fashion,32,0.10745960577571297,0.24797515253442262,0.2275339996602644,5.693942968755749
shuffled,ridge,3,fashion,36,0.16587455142542915,0.396333506782747,0.4172425674787253,5.648841478751945
shuffled,ridge,3,fashion,42,0.032557201890749295,0.11071615247082156,0.0773507135902444,5.642288638328009
shuffled,ridge,3,fashion,47,0.2587205468392533,0.38350878610480255,0.4562850433004737,5.707744189591733
shuffled,ridge,3,fashion,54,0.028970279355004697,-0.0045106910955327985,0.06350998297438587,5.597231026360201
shuffled,ridge,3,fashion,55,0.14433187152673133,0.17720008408390397,0.2606976025371925,5.706357691979207
shuffled,ridge,3,fashion,59,0.42731988593347975,0.32555703619373433,0.479954188594963,5.662565086512004
shuffled,ridge,3,fashion,60,0.3780512394039916,0.4282638649444476,0.4592824648422717,5.804666393155877
shuffled,ridge,3,fashion,67,-0.0052828176400139355,0.0007774558374772691,-0.007335413157874666,5.611545940147184
shuffled,ridge,3,fashion,68,0.21491036008851194,0.32690640731696696,0.31440301412891875,5.602353877178498
shuffled,ridge,3,fashion,75,0.36930390564840043,0.5183333956001094,0.5445159964944732,5.7184363850916355
shuffled,ridge,3,fashion,76,0.2556869892514458,0.3290316621537101,0.3497330388620922,5.617514349037859
shuffled,ridge,3,fashion,82,0.20761736107231502,0.4402456167009725,0.40909471013230275,5.605057161720294
shuffled,ridge,3,fashion,84,0.22943171477438842,0.4462346260253038,0.4225211920598034,5.693343423197171
shuffled,ridge,3,fashion,88,0.1750943024518999,0.305944324748282,0.2978629719775687,5.578995347331012
shuffled,ridge,3,fashion,95,0.10065795497063801,0.24828688146078057,0.22188655745482047,5.613665425468305
shuffled,ridge,3,fashion,96,0.1864839787236768,0.3254901109824489,0.33706107155332327,5.703864734998814
shuffled,ridge,3,fashion,107,0.16200303448712342,0.20218993302577917,0.23645744957536619,5.592767889099425
shuffled,ridge,3,fashion,122,0.09082646880604563,0.16932256932620368,0.1938864689552792,5.685251786350328
shuffled,ridge,3,fashion,123,0.33543136901224285,0.43449921547950804,0.4326326861493756,5.657929409573268
shuffled,ridge,3,fashion,132,0.2576381503614724,0.40033588322262853,0.41286207981739853,5.6926662345054515
shuffled,ridge,3,fashion,140,0.3241216143496122,0.446793976125051,0.495560019154017,5.6324113241594675
shuffled,ridge,3,fashion,141,0.16014994479507735,0.23769564370812848,0.24690503075541279,5.70651654025593
shuffled,ridge,3,landscape,0,0.287942353975796,0.41048086262388445,0.3949724128674201,5.280726623356521
shuffled,ridge,3,landscape,9,0.49784783837312996,0.5244694101987444,0.6079761832615109,5.343521563808468
shuffled,ridge,3,landscape,10,0.5375462853882279,0.694365247373212,0.6713084435417364,5.3617021076181395
shuffled,ridge,3,landscape,11,0.36239012595363773,0.39619492301172016,0.4882313979689279,5.380554258975901
shuffled,ridge,3,landscape,24,-0.0386368644869629,-0.15863206275773467,-0.09571852618162907,5.370935096935958
shuffled,ridge,3,landscape,28,0.2545906890103588,0.32884062349047255,0.3219423661255177,5.345492352046185
shuffled,ridge,3,landscape,31,0.13580614940864802,0.3876680003035407,0.2627647497150779,5.313566774075738
shuffled,ridge,3,landscape,32,0.4962744820331508,0.5957797342445258,0.6160711855260536,5.266640873285227
shuffled,ridge,3,landscape,36,0.5116122643973902,0.6134569755890007,0.6066077088293027,5.273494384469346
shuffled,ridge,3,landscape,42,0.29558244608595907,0.5040348492135487,0.49785262518165774,5.358315641509647
shuffled,ridge,3,landscape,47,0.5477902882855213,0.5051904757738197,0.5885054674587514,5.346942788711449
shuffled,ridge,3,landscape,54,0.006719267415253533,0.014465614118870568,0.037489087726896235,5.261465580879726
shuffled,ridge,3,landscape,55,0.48887248987115667,0.5884845903206365,0.5985243798061682,5.3323153824580745
shuffled,ridge,3,landscape,59,0.33955108941454354,0.5304525924820389,0.510338827161298,5.324266993641891
shuffled,ridge,3,landscape,60,0.6367145966933844,0.7904247930078189,0.7523307788344528,5.409508964300883
shuffled,ridge,3,landscape,67,0.2773940105190495,0.40047068360845667,0.39840015318596533,5.251445695583756
shuffled,ridge,3,landscape,68,0.2240214413008478,0.32575376165545084,0.333236468890508,5.331329157001002
shuffled,ridge,3,landscape,75,0.15446793748580032,0.2786554645972297,0.2718421814399708,5.319176937217131
shuffled,ridge,3,landscape,76,0.3511101901628612,0.4148027017560618,0.43120784841199544,5.357562697752264
shuffled,ridge,3,landscape,82,0.3151480266454482,0.4816234223107143,0.46467180570577077,5.250661946256073
shuffled,ridge,3,landscape,84,0.41363035009248494,0.5843933584227375,0.5768234567491288,5.395458790253311
shuffled,ridge,3,landscape,88,0.5827735243473675,0.7155837733489738,0.6990313050452519,5.379863077491772
shuffled,ridge,3,landscape,95,0.29753308189908706,0.47750174577875737,0.49009102163954293,5.345028317411502
shuffled,ridge,3,landscape,96,0.4239928816921044,0.5241602509351302,0.5297541527688571,5.380910384600398
shuffled,ridge,3,landscape,107,0.11543313809600335,0.16733823038002069,0.16388864770936423,5.301429567007624
shuffled,ridge,3,landscape,122,0.38373813642204396,0.48153388487246307,0.5275668006538136,5.310711839168932
shuffled,ridge,3,landscape,123,0.4696547543886853,0.6479815648451964,0.6240206308205601,5.3357487486838595
shuffled,ridge,3,landscape,132,0.31344069486889853,0.2721449354463242,0.3516634317962004,5.343649069385606
shuffled,ridge,3,landscape,140,0.17523276979557711,0.40648169468875855,0.33272536288649074,5.323296388515235
shuffled,ridge,3,landscape,141,0.3368867749190248,0.48509908915760275,0.46137941672877164,5.33549343852025
shuffled,ridge,4,art,1,0.3387538032929464,0.42202567640466215,0.44346344878888555,6.300077763998728
shuffled,ridge,4,art,2,0.6618908074860658,0.7763294296380673,0.726016790189612,6.242268893661607
shuffled,ridge,4,art,12,0.37886673814392696,0.4486816544662158,0.4417429331427501,6.286111501238545
shuffled,ridge,4,art,13,0.36969281145281746,0.4495211511787194,0.48788294050479375,6.264914873298982
shuffled,ridge,4,art,26,0.32950184409485206,0.42044411771794454,0.41886605100798285,6.414604653328922
shuffled,ridge,4,art,29,0.0649907387027982,0.1444591752041224,0.1405075115912411,6.319701436887321
shuffled,ridge,4,art,34,0.5540276631214464,0.6584039280618079,0.6396120916936218,6.304539021235979
shuffled,ridge,4,art,38,0.43644340327406067,0.6071526968116273,0.6256108238792673,6.256755481973159
shuffled,ridge,4,art,43,0.20720780660085295,0.30296005716294805,0.28391021686696344,6.2369077523070695
shuffled,ridge,4,art,48,0.6643056958546808,0.6736086991990994,0.6769051284779336,6.331776436194395
shuffled,ridge,4,art,49,0.3392690934506766,0.5668501797852427,0.5386447582317772,6.209849246993588
shuffled,ridge,4,art,56,0.11934143272070463,0.17821783974173896,0.21093040513337802,6.3585277412726455
shuffled,ridge,4,art,61,0.33087264195166455,0.4258565894481919,0.4156382804710655,6.221726423677286
shuffled,ridge,4,art,72,0.40614541506959156,0.47300509850020817,0.48204360773047444,6.278115831439151
shuffled,ridge,4,art,77,0.37846345883671106,0.45876818273599973,0.457464815641448,6.2935077025384345
shuffled,ridge,4,art,78,0.4884537466118332,0.5758270417459302,0.5868565985967851,6.308996086962934
shuffled,ridge,4,art,89,0.2778538705282435,0.37324590091489984,0.34305139606867435,6.278144406878429
shuffled,ridge,4,art,90,0.3905853423262655,0.5656570016098286,0.5404064573372808,6.352592621399993
shuffled,ridge,4,art,97,0.26709885130732436,0.4256641624037478,0.40541035800691994,6.236618158640868
shuffled,ridge,4,art,103,0.6644403737360648,0.684997667252631,0.7202527209188264,6.246745262394717
shuffled,ridge,4,art,108,0.2635847773764876,0.37061121963024163,0.3557939734876088,6.292008938795521
shuffled,ridge,4,art,114,0.4923974329250657,0.5590729401316342,0.5546354734398187,6.239609717283618
shuffled,ridge,4,art,115,0.10620267724515664,0.1531072285356885,0.12443293981424185,6.2449803866810365
shuffled,ridge,4,art,124,0.4623052231965308,0.46465572257907245,0.53282952604809,6.279330289407016
shuffled,ridge,4,art,134,0.4734758350597364,0.5664157446805963,0.540958598010548,6.2755680931492135
shuffled,ridge,4,art,135,0.1661784538313241,0.3010304344144448,0.28844098320598077,6.331469870485158
shuffled,ridge,4,art,142,0.5575338637869844,0.5996162216694066,0.6290887318106552,6.320443669440139
shuffled,ridge,4,art,143,0.6516455197301535,0.7526761671389527,0.7314134837042112,6.234514789909762
shuffled,ridge,4,fashion,1,0.19554416412837614,0.34423985253049677,0.3263692528577118,4.68885792726949
shuffled,ridge,4,fashion,2,0.3228562397340237,0.4947452270920379,0.5006069131701708,4.613682144610774
shuffled,ridge,4,fashion,12,0.12587236673073837,0.19119036447693719,0.22826292123420375,4.575213812804331
shuffled,ridge,4,fashion,13,0.24280038168965665,0.3501346803453023,0.35649903310041253,4.761170784370905
shuffled,ridge,4,fashion,26,0.20910808056271724,0.3141838365875384,0.33118596593768884,4.553716652990057
shuffled,ridge,4,fashion,29,0.16134987604644405,0.28627196543044287,0.26415015810308595,4.6827398381029575
shuffled,ridge,4,fashion,34,0.2526051545438231,0.37590338668161855,0.37666892873747115,4.674448493744741
shuffled,ridge,4,fashion,38,0.10268200566376688,0.24060167066334523,0.2424549483459356,4.686404579821309
shuffled,ridge,4,fashion,43,0.35279687492987927,0.5311732872066999,0.5224144056408048,4.594736337498887
shuffled,ridge,4,fashion,48,0.27301586089519886,0.47703391337318274,0.4669846823255058,4.749377050067973
shuffled,ridge,4,fashion,49,0.0935678928063,0.14666131345233588,0.17195764640623937,4.63132043185828
shuffled,ridge,4,fashion,56,-0.06117023067233487,-0.12528029987739644,-0.08361289317255118,4.6312717864804975
shuffled,ridge,4,fashion,61,0.21723789409911398,0.3070199859056768,0.2874163951906783,4.719649182749198
shuffled,ridge,4,fashion,72,0.1440633928821433,0.22796283210601395,0.2555489579389336,4.646329590823825
shuffled,ridge,4,fashion,77,0.27048051751455243,0.4500129313699952,0.4509183133355705,4.754366697840518
shuffled,ridge,4,fashion,78,0.18166126689742146,0.39983273833752114,0.35307234518611347,4.5489596134035075
shuffled,ridge,4,fashion,89,0.12185458687052193,0.20459223773542679,0.20941825315395754,4.765323119447959
shuffled,ridge,4,fashion,90,0.2817266468970728,0.3762988730274641,0.38857099179607407,4.5865373775036815
shuffled,ridge,4,fashion,97,0.36783580948699396,0.5729017444192742,0.5803040506560134,4.697871278786139
shuffled,ridge,4,fashion,103,0.0239784183035526,0.03867544035951747,0.04603168816347347,4.7832700676889734
shuffled,ridge,4,fashion,108,0.1550441513622193,0.42312215332015163,0.42185113681317365,4.718701253070425
shuffled,ridge,4,fashion,114,0.27430359672655485,0.4032003870192034,0.423338033741637,4.6888721452935345
shuffled,ridge,4,fashion,115,0.2548548054542985,0.3213827070583647,0.4044060014701371,4.519738711103596
shuffled,ridge,4,fashion,124,0.28114725775890326,0.40529006395083383,0.41034988267701483,4.669638634453816
shuffled,ridge,4,fashion,134,0.18471949430859427,0.265936886199335,0.2688738971557947,4.720363364867612
shuffled,ridge,4,fashion,135,0.05770494870682713,0.09434450941445764,0.11903833220539926,4.598263095680748
shuffled,ridge,4,fashion,142,0.2336928381746175,0.36614111220073076,0.37397860338123184,4.730110167205628
shuffled,ridge,4,fashion,143,0.3574612944342892,0.44133847428217204,0.4979810383536642,4.6099449761150195
shuffled,ridge,4,landscape,1,0.42580724618303445,0.5716526222497044,0.5814572564219193,5.255272050329411
shuffled,ridge,4,landscape,2,0.35951850064611585,0.49563755863434844,0.4823810968900561,5.228181714749161
shuffled,ridge,4,landscape,12,0.6781879156122098,0.72639690274179,0.7253365621587152,5.1182516058355345
shuffled,ridge,4,landscape,13,0.1836897538190957,0.39202034197101265,0.3868751534338622,5.20238117456345
shuffled,ridge,4,landscape,26,0.1385255606375849,0.2739095463235564,0.26234779715905654,5.150530910385623
shuffled,ridge,4,landscape,29,0.059559636402133874,0.15759215774324778,0.16596107180759362,5.226035663451643
shuffled,ridge,4,landscape,34,0.4321186560721961,0.6340151639507803,0.6155041026802749,5.229100125472621
shuffled,ridge,4,landscape,38,0.19175908962077348,0.4882039177102891,0.4297731433021457,5.27063896400757
shuffled,ridge,4,landscape,43,0.2977543328270887,0.44884359989917116,0.47728145951881507,5.224370293430276
shuffled,ridge,4,landscape,48,0.3915428905522029,0.3978942224296718,0.4436418755828089,5.225388397400824
shuffled,ridge,4,landscape,49,0.3192904807242882,0.45925406721559564,0.46128602433912896,5.132841389354662
shuffled,ridge,4,landscape,56,0.0140914690770675,0.05465010848019194,0.0323052332632462,5.169992733405157
shuffled,ridge,4,landscape,61,0.31275530297717574,0.4633622182284353,0.45402083473753496,5.2463129984917245
shuffled,ridge,4,landscape,72,0.082291719868957,0.13186062604214693,0.17381994717033902,5.175676646170853
shuffled,ridge,4,landscape,77,0.2843311011199477,0.4006654102247136,0.4016378257416035,5.197541810328828
shuffled,ridge,4,landscape,78,0.21211041213908585,0.3280349266339954,0.31737993725034824,5.177830555962097
shuffled,ridge,4,landscape,89,0.18351814298119784,0.39032552786164043,0.4321604180769361,5.248821432861992
shuffled,ridge,4,landscape,90,0.335904815175025,0.47447773476329375,0.4278331284942551,5.246656132864292
shuffled,ridge,4,landscape,97,0.4510325864090589,0.5525981790716968,0.5561695251190742,5.245215755709311
shuffled,ridge,4,landscape,103,0.40329891813443597,0.5094546732075108,0.5078606676668387,5.260814921719245
shuffled,ridge,4,landscape,108,0.3003127038770579,0.4500316908255552,0.40187472663211804,5.240081341193778
shuffled,ridge,4,landscape,114,0.3209311566670513,0.5788951675698276,0.5343310929714876,5.201071412913621
shuffled,ridge,4,landscape,115,0.2001543146559843,0.2686807742469735,0.29434873983728743,5.200941830196506
shuffled,ridge,4,landscape,124,0.319983150730428,0.4961683602554762,0.4843088345911955,5.203480810698362
shuffled,ridge,4,landscape,134,0.2732413765086427,0.40381975622353616,0.37547778498121614,5.2277969288491795
shuffled,ridge,4,landscape,135,0.37257496700308884,0.40656372451536843,0.4810076747115894,5.168253294842356
shuffled,ridge,4,landscape,142,0.3887099681845651,0.4780339250954195,0.47791161758070233,5.1675798675525835
shuffled,ridge,4,landscape,143,0.5939292696300673,0.701800379486456,0.6885473488111687,5.152269307404019
