fold,domain,user_id,mediator,head,eff_dof,ccc,srocc,plcc,n_train,seed,stage2_variant
0,art,3,population,lasso,,0.06244597436658254,0.09650990358644981,0.08555433108989885,10,0,C
0,art,3,identity,lasso,8.990212788190304,0.13545400827670806,0.2289293296748629,0.17280672703086808,10,0,C
0,art,3,pca,lasso,6.67991146256531,-0.16263087795035605,-0.2260389315471469,-0.21890960119704655,10,0,C
0,art,3,emotion,lasso,2.2393477875480867,0.06737451370671627,0.10003716909823884,0.09597853736500243,10,0,C
0,art,14,population,lasso,,0.31370112526113064,0.6348446126598832,0.6277535882340936,10,0,C
0,art,14,identity,lasso,8.989001149186878,0.334152914874357,0.39418878382511796,0.41242080680740717,10,0,C
0,art,14,pca,lasso,6.349692043660589,0.05070397317697135,0.011871360803201008,0.05125838503328623,10,0,C
0,art,14,emotion,lasso,2.3306006443788445,0.45946574942757595,0.6387189479847772,0.6318512870507693,10,0,C
0,art,15,population,lasso,,0.170330874319862,0.24841961917707003,0.23491191478839452,10,0,C
0,art,15,identity,lasso,8.989851710086366,0.13932014209567134,0.17465842827562705,0.14975995905997605,10,0,C
0,art,15,pca,lasso,6.6298869647259515,0.2392828482873203,0.2792198284807683,0.2806974190391952,10,0,C
0,art,15,emotion,lasso,2.1800176053969245,0.21441654144626915,0.22654084980961536,0.23011953377466243,10,0,C
0,art,19,population,lasso,,0.5100816440178864,0.5784765375270383,0.5871520125362644,10,0,C
0,art,19,identity,lasso,8.990014633367624,0.48681541671556794,0.5743862489974861,0.5786012977483531,10,0,C
0,art,19,pca,lasso,6.372374993045219,0.49570874350297645,0.5865074698838421,0.6021584162390319,10,0,C
0,art,19,emotion,lasso,2.1404671337060996,0.4740387640262678,0.5763815116948287,0.5774939103925285,10,0,C
0,art,21,population,lasso,,0.2594251237736896,0.4606521793022512,0.4698586977453104,10,0,C
0,art,21,identity,lasso,8.989338413375965,0.2559208232733241,0.3043855212509252,0.3275592761862832,10,0,C
0,art,21,pca,lasso,6.7664821190292965,0.3857060344952796,0.371479091202798,0.40212395041792676,10,0,C
0,art,21,emotion,lasso,2.021713372588692,0.3140105398617686,0.46201014511087224,0.46335758560022416,10,0,C
0,art,22,population,lasso,,0.29209273306723527,0.40605604620344987,0.4261343742780548,10,0,C
0,art,22,identity,lasso,8.988346255945537,0.33471490898595646,0.30984900216292033,0.37231102304955627,10,0,C
0,art,22,pca,lasso,6.322087169855511,0.07000317850509866,0.08539835791856729,0.08698412614395011,10,0,C
0,art,22,emotion,lasso,2.031803708132567,0.29584182738094156,0.41978599884486145,0.4241240430524831,10,0,C
0,art,30,population,lasso,,-0.2006022222447219,-0.24192374150908877,-0.2277854896623564,10,0,C
0,art,30,identity,lasso,8.990127393630146,-0.17743109367813276,-0.1669530971657162,-0.18955475949064807,10,0,C
0,art,30,pca,lasso,6.715869834069495,0.08487069997809513,0.11245596651505886,0.09045513116480397,10,0,C
0,art,30,emotion,lasso,2.343169146958095,-0.16002243033364383,-0.21670274638038162,-0.20978902443484174,10,0,C
0,art,50,population,lasso,,0.49205459199587953,0.48744075438804885,0.5156871375572091,10,0,C
0,art,50,identity,lasso,8.989425811245164,0.45669323880079765,0.4645073164994993,0.510668368474823,10,0,C
0,art,50,pca,lasso,6.409089489723641,0.4274956621518749,0.4513048098251278,0.46305558948960646,10,0,C
0,art,50,emotion,lasso,2.2853883054757076,0.4737479216297064,0.4833905830178234,0.5183754203470747,10,0,C
0,art,57,population,lasso,,0.45601703052739867,0.5326254756634917,0.5293606739522505,10,0,C
0,art,57,identity,lasso,8.989096223135403,0.4652279876390744,0.49278922125098673,0.5381075756945315,10,0,C
0,art,57,pca,lasso,6.527580782868592,0.42543961696320926,0.47836292335674624,0.5252390501197503,10,0,C
0,art,57,emotion,lasso,2.2273842821484298,0.4570178790084448,0.5106581584154437,0.5381884294109579,10,0,C
0,art,62,population,lasso,,0.263475203195587,0.49430687187198796,0.5093199706610158,10,0,C
0,art,62,identity,lasso,8.989788364922644,0.3958249474588456,0.5323494059178906,0.5163944423550175,10,0,C
0,art,62,pca,lasso,6.2561766826665925,0.31789769861249223,0.3947466566393086,0.3681494139018957,10,0,C
0,art,62,emotion,lasso,1.966859978350056,0.384493706997555,0.494897441611381,0.5166440506297977,10,0,C
0,art,63,population,lasso,,0.12804777934943723,0.16262231340284578,0.17901892288946367,10,0,C
0,art,63,identity,lasso,8.989205843971634,-0.05969563015962268,-0.0604140142435318,-0.07505890355188367,10,0,C
0,art,63,pca,lasso,6.6177759511303345,-0.026805340932323646,0.0029531291138097573,-0.027912825540364,10,0,C
0,art,63,emotion,lasso,1.9182352138717946,0.14699951981290843,0.15671605517522624,0.163833133954746,10,0,C
0,art,79,population,lasso,,0.4557779033208845,0.46484688180690287,0.5088420310205154,10,0,C
0,art,79,identity,lasso,8.989598664024593,0.4562037432789919,0.4615428853807193,0.5150165364976877,10,0,C
0,art,79,pca,lasso,6.845156701029117,0.5741544827489541,0.5639159438781607,0.5914798908706448,10,0,C
0,art,79,emotion,lasso,2.1570296721558844,0.4554121188942227,0.4647452203784049,0.5143665745036589,10,0,C
0,art,80,population,lasso,,0.3463860690637057,0.6837564576332503,0.6692933798909327,10,0,C
0,art,80,identity,lasso,8.989635064196657,0.2057103514697937,0.29486321732395226,0.2674916416984784,10,0,C
0,art,80,pca,lasso,6.339649238339586,0.459647174458425,0.47496460931155793,0.5058022543169507,10,0,C
0,art,80,emotion,lasso,2.039413722797314,0.3915820669946253,0.6826756527713498,0.6575850467488001,10,0,C
0,art,85,population,lasso,,0.047278400055445535,0.01661762040951794,0.08824923961932185,10,0,C
0,art,85,identity,lasso,8.98944789010945,0.12847511451821425,0.13634579681570838,0.1436216391751688,10,0,C
0,art,85,pca,lasso,6.6453531582939,0.3580378047589522,0.37849552541311815,0.4152903431129589,10,0,C
0,art,85,emotion,lasso,2.1533641284434,0.08073366700503361,0.028051762893131202,0.09350560046981476,10,0,C
0,art,86,population,lasso,,0.398131696921942,0.6351343826170743,0.643665389278786,10,0,C
0,art,86,identity,lasso,8.989044204394965,0.5738910635090091,0.651617279570773,0.6537974680657708,10,0,C
0,art,86,pca,lasso,6.645988698581961,0.5046445479421386,0.538309700511814,0.5382979933774337,10,0,C
0,art,86,emotion,lasso,2.2625120808935417,0.5699161946908252,0.6414511814496295,0.643602229215165,10,0,C
0,art,98,population,lasso,,0.202111263935649,0.3866802881424239,0.3879868321891357,10,0,C
0,art,98,identity,lasso,8.989336544776851,0.17731013557611042,0.18094370143669064,0.22592431412970537,10,0,C
0,art,98,pca,lasso,6.754030501047174,0.2865243630491639,0.32418052965107985,0.33418868616151115,10,0,C
0,art,98,emotion,lasso,1.895315225519925,0.24803938246234972,0.40329102837237885,0.4165316808829515,10,0,C
0,art,99,population,lasso,,0.4712366498744009,0.7175395719798754,0.731849245974576,10,0,C
0,art,99,identity,lasso,8.989790751169435,0.5324321199671161,0.6933965100833216,0.7049114133511364,10,0,C
0,art,99,pca,lasso,6.702804259476876,0.6614641442612367,0.7730637565830166,0.7606489454207669,10,0,C
0,art,99,emotion,lasso,1.9677730491552206,0.4410696341242262,0.7264778484164266,0.7392397886624106,10,0,C
0,art,105,population,lasso,,0.19539536554335737,0.2579347676457762,0.25176478727640533,10,0,C
0,art,105,identity,lasso,8.98961197281997,0.20366192106029107,0.349163477604868,0.28860152170411335,10,0,C
0,art,105,pca,lasso,6.779450988056484,0.10452619409500527,0.1331164019501126,0.14394960006534965,10,0,C
0,art,105,emotion,lasso,2.0142671715454488,0.20955340292761568,0.25833227836455225,0.2500594446220501,10,0,C
0,art,109,population,lasso,,0.36351336096781284,0.4497326599499079,0.47881967156644123,10,0,C
0,art,109,identity,lasso,8.988863612705575,0.39940355679172057,0.4170303526190164,0.44975645796216507,10,0,C
0,art,109,pca,lasso,6.084316869825268,0.09848380567162215,0.13845326710524516,0.13435206905770766,10,0,C
0,art,109,emotion,lasso,1.828189973478575,0.4445372194873407,0.46805810151923105,0.48389330105296025,10,0,C
0,art,110,population,lasso,,0.3220496067491026,0.4865427806559464,0.5087595812214964,10,0,C
0,art,110,identity,lasso,8.989735930824365,0.4219857826071829,0.5019592185728015,0.5016684806748545,10,0,C
0,art,110,pca,lasso,6.685442071486479,0.40353435847969643,0.48736499067817873,0.4924717282181963,10,0,C
0,art,110,emotion,lasso,1.8428237842268056,0.4204109293271257,0.485309465622598,0.5076554083603507,10,0,C
0,art,116,population,lasso,,0.36766002758745114,0.5825308081123058,0.5988767191502403,10,0,C
0,art,116,identity,lasso,8.989754421834178,0.5362350431132539,0.5421156309572247,0.5512177292619914,10,0,C
0,art,116,pca,lasso,6.8129126305806444,0.44792921581393946,0.44682618221145587,0.46454587213203175,10,0,C
0,art,116,emotion,lasso,2.3694484064706085,0.5663758770537234,0.5973413388710003,0.6114998301479009,10,0,C
0,art,117,population,lasso,,0.4300957843084696,0.7340510690551971,0.7427844449451173,10,0,C
0,art,117,identity,lasso,8.989903979293905,0.4265239978024056,0.6733128249855026,0.6861313953555281,10,0,C
0,art,117,pca,lasso,5.854398539037075,0.5090666408664807,0.7112742275290617,0.7005417251384866,10,0,C
0,art,117,emotion,lasso,2.0823773290108294,0.4541851350987956,0.7377247531723158,0.739340507185771,10,0,C
0,art,126,population,lasso,,0.38637649658734474,0.47267040866740073,0.4782998609015313,10,0,C
0,art,126,identity,lasso,8.98977195057513,0.40906158483407506,0.4920203535222224,0.5282046254536161,10,0,C
0,art,126,pca,lasso,6.28272826682215,0.4804698957568678,0.458047167899253,0.48671591831700645,10,0,C
0,art,126,emotion,lasso,2.2288870822449054,0.3928175855243112,0.4633154734958584,0.47829847222677785,10,0,C
0,art,127,population,lasso,,0.252174374800148,0.45159857309690626,0.4895661146221735,10,0,C
0,art,127,identity,lasso,8.989731002006675,0.29170198904701206,0.4194571990473058,0.41713886421923163,10,0,C
0,art,127,pca,lasso,6.427681813232368,0.3836915613724096,0.4283390138610122,0.4132641684093791,10,0,C
0,art,127,emotion,lasso,2.1207311216573634,0.34646118389898295,0.4662216715194727,0.49767687991165166,10,0,C
0,art,136,population,lasso,,0.36244528725877473,0.3371409319202754,0.3803233566306861,10,0,C
0,art,136,identity,lasso,8.98857521134111,0.3640919889299544,0.4165620218428379,0.4760635841673059,10,0,C
0,art,136,pca,lasso,6.162635188634686,0.36795978470180774,0.42761930879323484,0.4734775686535042,10,0,C
0,art,136,emotion,lasso,2.0436796825208896,0.2766279090279773,0.3459654974672268,0.3940516675572948,10,0,C
0,art,144,population,lasso,,0.1756245052601044,0.6770972883882282,0.6817389780652593,10,0,C
0,art,144,identity,lasso,8.98890459562461,0.636348755327707,0.6680774906151098,0.670650110356021,10,0,C
0,art,144,pca,lasso,6.493611192242685,0.648038578228835,0.6505389949451573,0.6676578240431812,10,0,C
0,art,144,emotion,lasso,2.305069323744211,0.636348755327707,0.6680774906151098,0.670650110356021,10,0,C
0,fashion,3,population,lasso,,0.2396605581041413,0.4839319071524737,0.4956097398022119,10,0,C
0,fashion,3,identity,lasso,8.9793256393379,0.28609423619766433,0.49948986956118435,0.5089200650033288,10,0,C
0,fashion,3,pca,lasso,2.833577643303953,0.26533605476338834,0.4345824467732514,0.47448593379047255,10,0,C
0,fashion,3,emotion,lasso,1.9779892146227815,0.26533605476338834,0.4345824467732514,0.47448593379047255,10,0,C
0,fashion,14,population,lasso,,0.228066268152598,0.4560145842561296,0.5475740518544311,10,0,C
0,fashion,14,identity,lasso,8.979440681287382,0.22805540964332244,0.5172519508905679,0.5618638764492577,10,0,C
0,fashion,14,pca,lasso,2.7110359792762044,0.21657737383221193,0.4601396354167493,0.5392255816077388,10,0,C
0,fashion,14,emotion,lasso,2.5412216764104953,0.21657737383221193,0.4601396354167493,0.5392255816077388,10,0,C
0,fashion,15,population,lasso,,-0.0035331340501664537,-0.0264934171617345,-0.007926371612955485,10,0,C
0,fashion,15,identity,lasso,8.979643753556754,0.004978255427959745,-0.0065014520642293246,0.0056819844669372625,10,0,C
0,fashion,15,pca,lasso,2.676027161989519,0.004978255427959745,-0.0065014520642293246,0.0056819844669372625,10,0,C
0,fashion,15,emotion,lasso,1.969958183252693,0.004978255427959745,-0.0065014520642293246,0.0056819844669372625,10,0,C
0,fashion,19,population,lasso,,0.3114006469586485,0.3881165033055951,0.4585400395299601,10,0,C
0,fashion,19,identity,lasso,8.979516523406614,0.28903803000876305,0.4268196401683152,0.4763974965257707,10,0,C
0,fashion,19,pca,lasso,3.0020178384737912,0.28903803000876305,0.4268196401683152,0.4763974965257707,10,0,C
0,fashion,19,emotion,lasso,2.1638329678222967,0.28903803000876305,0.4268196401683152,0.4763974965257707,10,0,C
0,fashion,21,population,lasso,,0.09668405940407297,0.14585631970193683,0.1786397776636118,10,0,C
0,fashion,21,identity,lasso,8.979635490293347,0.13479281209573324,0.18723364073965285,0.23074760786245332,10,0,C
0,fashion,21,pca,lasso,2.6387524993394837,0.13479281209573324,0.18723364073965285,0.23074760786245332,10,0,C
0,fashion,21,emotion,lasso,1.8918178777770818,0.13479281209573324,0.18723364073965285,0.23074760786245332,10,0,C
0,fashion,22,population,lasso,,0.16015398905354156,0.4079398013921249,0.38454690542816017,10,0,C
0,fashion,22,identity,lasso,8.978462329898464,0.16956251196854066,0.3776732999985156,0.3847398419184789,10,0,C
0,fashion,22,pca,lasso,2.867980345379926,0.16514302934666034,0.393805686409602,0.3826560144544638,10,0,C
0,fashion,22,emotion,lasso,1.6259778627209291,0.16514302934666034,0.393805686409602,0.3826560144544638,10,0,C
0,fashion,30,population,lasso,,0.194648689746304,0.38992434587068125,0.3596195521420531,10,0,C
0,fashion,30,identity,lasso,8.979559932729147,0.16161191840861583,0.3354828278077899,0.32689326341477554,10,0,C
0,fashion,30,pca,lasso,2.9137698547496225,0.16161191840861583,0.3354828278077899,0.32689326341477554,10,0,C
0,fashion,30,emotion,lasso,2.076341537119432,0.16161191840861583,0.3354828278077899,0.32689326341477554,10,0,C
0,fashion,50,population,lasso,,0.03787796534901183,0.019838618926909843,0.0640800836267629,10,0,C
0,fashion,50,identity,lasso,8.980053983668368,0.04037518346794219,-0.010584142537413025,0.06236743039958197,10,0,C
0,fashion,50,pca,lasso,2.9251310775427752,0.04037518346794219,-0.010584142537413025,0.06236743039958197,10,0,C
0,fashion,50,emotion,lasso,2.061133604048034,0.04037518346794219,-0.010584142537413025,0.06236743039958197,10,0,C
0,fashion,57,population,lasso,,0.07920419255406654,0.20213833560044592,0.14455378707669053,10,0,C
0,fashion,57,identity,lasso,8.979633955794103,0.10393318232868606,0.24167816324854133,0.17626944443862702,10,0,C
0,fashion,57,pca,lasso,2.896160733006839,0.10393318232868606,0.24167816324854133,0.17626944443862702,10,0,C
0,fashion,57,emotion,lasso,1.9389780158327738,0.10393318232868606,0.24167816324854133,0.17626944443862702,10,0,C
0,fashion,62,population,lasso,,0.14397859756846207,0.29439797253124367,0.2800335864237131,10,0,C
0,fashion,62,identity,lasso,8.97921393526344,0.13055583402819282,0.2957836076347694,0.2833511021336073,10,0,C
0,fashion,62,pca,lasso,3.00921267851067,0.13055583402819282,0.2957836076347694,0.2833511021336073,10,0,C
0,fashion,62,emotion,lasso,2.1767666009908178,0.13055583402819282,0.2957836076347694,0.2833511021336073,10,0,C
0,fashion,63,population,lasso,,0.14940974929720172,0.18998589373809346,0.2378652494280946,10,0,C
0,fashion,63,identity,lasso,8.979167242664895,0.16718800940762896,0.24022927152477122,0.2615974565658064,10,0,C
0,fashion,63,pca,lasso,2.862205004019962,0.16718800940762896,0.24022927152477122,0.2615974565658064,10,0,C
0,fashion,63,emotion,lasso,1.937107600485408,0.16718800940762896,0.24022927152477122,0.2615974565658064,10,0,C
0,fashion,79,population,lasso,,0.4381951747783783,0.4553763346583937,0.5367848430143122,10,0,C
0,fashion,79,identity,lasso,8.979324411710232,0.40029498318366963,0.43304040464252475,0.5264666782893211,10,0,C
0,fashion,79,pca,lasso,2.785741641450417,0.40029498318366963,0.43304040464252475,0.5264666782893211,10,0,C
0,fashion,79,emotion,lasso,1.7037402256615954,0.40029498318366963,0.43304040464252475,0.5264666782893211,10,0,C
0,fashion,80,population,lasso,,0.1371169223818804,0.2796556776962023,0.2862229815809446,10,0,C
0,fashion,80,identity,lasso,8.979359800541106,0.08131815546094126,0.14136870885814673,0.15453475469349545,10,0,C
0,fashion,80,pca,lasso,3.0608489152304807,0.10545536907530155,0.22183636493830286,0.23769321875379842,10,0,C
0,fashion,80,emotion,lasso,2.0119509411812313,0.10545536907530155,0.22183636493830286,0.23769321875379842,10,0,C
0,fashion,85,population,lasso,,0.24003265423921621,0.3949097365807394,0.41386976703149986,10,0,C
0,fashion,85,identity,lasso,8.9794777783359,0.2535376144517816,0.42475413524912947,0.4209264222530564,10,0,C
0,fashion,85,pca,lasso,2.8413351498437813,0.2535376144517816,0.42475413524912947,0.4209264222530564,10,0,C
0,fashion,85,emotion,lasso,1.8820653220716486,0.2535376144517816,0.42475413524912947,0.4209264222530564,10,0,C
0,fashion,86,population,lasso,,0.06894700156271862,0.1258841896009291,0.15462295231988998,10,0,C
0,fashion,86,identity,lasso,8.979562997703834,0.034681343977586834,0.12508365421395973,0.07471594945807389,10,0,C
0,fashion,86,pca,lasso,2.8175935243786503,0.07406301126572604,0.08305554639806927,0.11478188799358445,10,0,C
0,fashion,86,emotion,lasso,1.4610549297630357,0.07406301126572604,0.08305554639806927,0.11478188799358445,10,0,C
0,fashion,98,population,lasso,,0.1501533178962835,0.29205914624811036,0.3262209613528578,10,0,C
0,fashion,98,identity,lasso,8.979668622302402,0.09943657240288468,0.15844822253594965,0.18045509463980589,10,0,C
0,fashion,98,pca,lasso,2.9001122853643064,0.15238186722216673,0.3042814533768127,0.32734797495951956,10,0,C
0,fashion,98,emotion,lasso,1.7882693941275267,0.15238186722216673,0.3042814533768127,0.32734797495951956,10,0,C
0,fashion,99,population,lasso,,0.23612794513757815,0.4179914088845003,0.43925436245729843,10,0,C
0,fashion,99,identity,lasso,8.979270233212121,0.2416424308047695,0.4082421952923747,0.4592048838388979,10,0,C
0,fashion,99,pca,lasso,3.061554135362587,0.22566333442797382,0.41985306776138864,0.45534363010472406,10,0,C
0,fashion,99,emotion,lasso,1.8095583947429852,0.22566333442797382,0.41985306776138864,0.45534363010472406,10,0,C
0,fashion,105,population,lasso,,0.050754248107858245,0.06910712486382817,0.10191217832226677,10,0,C
0,fashion,105,identity,lasso,8.979882398996862,0.09813197956359924,0.12531916549944772,0.13741727707645499,10,0,C
0,fashion,105,pca,lasso,2.781033473515925,0.09813197956359924,0.12531916549944772,0.13741727707645499,10,0,C
0,fashion,105,emotion,lasso,1.9340948211110018,0.09813197956359924,0.12531916549944772,0.13741727707645499,10,0,C
0,fashion,109,population,lasso,,0.35344070422277435,0.47583050850171443,0.5518199729279372,10,0,C
0,fashion,109,identity,lasso,8.979302751771938,0.3208772729906191,0.47902298156194956,0.5456339452724327,10,0,C
0,fashion,109,pca,lasso,2.960892675517785,0.3208772729906191,0.47902298156194956,0.5456339452724327,10,0,C
0,fashion,109,emotion,lasso,1.69504597087634,0.3208772729906191,0.47902298156194956,0.5456339452724327,10,0,C
0,fashion,110,population,lasso,,0.2792929848439288,0.35576561654859573,0.39240457996816147,10,0,C
0,fashion,110,identity,lasso,8.979379829740326,0.2454180423942153,0.3448727928958437,0.3776607677208519,10,0,C
0,fashion,110,pca,lasso,2.8619073646122097,0.2454180423942153,0.3448727928958437,0.3776607677208519,10,0,C
0,fashion,110,emotion,lasso,1.5550543307011784,0.2454180423942153,0.3448727928958437,0.3776607677208519,10,0,C
0,fashion,116,population,lasso,,0.18504161756017745,0.25824586907985814,0.33243124401410473,10,0,C
0,fashion,116,identity,lasso,8.98005510251343,0.2657539886982357,0.27483231065174474,0.3786601964916285,10,0,C
0,fashion,116,pca,lasso,3.0689593156267962,0.2510621189096457,0.24281545222358794,0.3599593313758784,10,0,C
0,fashion,116,emotion,lasso,1.8484603667702602,0.2510621189096457,0.24281545222358794,0.3599593313758784,10,0,C
0,fashion,117,population,lasso,,0.33941408932361694,0.4563161878946497,0.5323407193592141,10,0,C
0,fashion,117,identity,lasso,8.98004645231106,0.335986988088957,0.49506712752090537,0.5467504908382421,10,0,C
0,fashion,117,pca,lasso,2.851036093063654,0.3276464021102859,0.47667173983840266,0.5335383669446165,10,0,C
0,fashion,117,emotion,lasso,1.6825288697427163,0.3276464021102859,0.47667173983840266,0.5335383669446165,10,0,C
0,fashion,126,population,lasso,,0.25265189808126404,0.29904893017068673,0.42293721357039643,10,0,C
0,fashion,126,identity,lasso,8.980341441505962,0.2201875539065442,0.28782963099761655,0.40331645335916727,10,0,C
0,fashion,126,pca,lasso,2.817005734320961,0.22232264347392536,0.2538242330615408,0.40277761538728074,10,0,C
0,fashion,126,emotion,lasso,2.255774235314144,0.22232264347392536,0.2538242330615408,0.40277761538728074,10,0,C
0,fashion,127,population,lasso,,0.21000503569906825,0.4848026866646597,0.46578442555141464,10,0,C
0,fashion,127,identity,lasso,8.978460525715562,0.27473322258523547,0.5300948213393801,0.5051020181847342,10,0,C
0,fashion,127,pca,lasso,2.977767840403838,0.27473322258523547,0.5300948213393801,0.5051020181847342,10,0,C
0,fashion,127,emotion,lasso,1.5928012764150516,0.27473322258523547,0.5300948213393801,0.5051020181847342,10,0,C
0,fashion,136,population,lasso,,0.23656803616125155,0.48993497500706024,0.4390064571819795,10,0,C
0,fashion,136,identity,lasso,8.979989994323812,0.23917010984455347,0.45647791553426414,0.4452128821526674,10,0,C
0,fashion,136,pca,lasso,2.9633244502824283,0.2303374075998923,0.5055842447604649,0.46146582808590053,10,0,C
0,fashion,136,emotion,lasso,2.3104604337485424,0.2303374075998923,0.5055842447604649,0.46146582808590053,10,0,C
0,fashion,144,population,lasso,,0.14790552710757238,0.5312154686982553,0.4816150838318414,10,0,C
0,fashion,144,identity,lasso,8.980221776300201,0.2507586945358096,0.5397303240308864,0.4847362772220428,10,0,C
0,fashion,144,pca,lasso,2.9041533218135624,0.2507586945358096,0.5397303240308864,0.4847362772220428,10,0,C
0,fashion,144,emotion,lasso,1.78691592106683,0.2507586945358096,0.5397303240308864,0.4847362772220428,10,0,C
0,landscape,3,population,lasso,,0.3448955132426263,0.44292704991572074,0.48320410453515256,10,0,C
0,landscape,3,identity,lasso,8.826199365914492,0.34621687309578575,0.4202267308483336,0.4782535734759018,10,0,C
0,landscape,3,pca,lasso,2.841315673232321,0.34621687309578575,0.4202267308483336,0.4782535734759018,10,0,C
0,landscape,3,emotion,lasso,5.908702339754266,0.17537241762718211,0.23089326704333685,0.20052662724281914,10,0,C
0,landscape,14,population,lasso,,0.18480756534515524,0.29691948686618713,0.35203935682653054,10,0,C
0,landscape,14,identity,lasso,8.829813190506162,0.22150665129108382,0.3538744936123055,0.3749373810002837,10,0,C
0,landscape,14,pca,lasso,2.9028541198770075,0.22150665129108382,0.3538744936123055,0.3749373810002837,10,0,C
0,landscape,14,emotion,lasso,5.326511786698375,0.20637362922397295,0.3598227971889237,0.3846794091197089,10,0,C
0,landscape,15,population,lasso,,0.026356530512429355,-0.015203040912304105,0.041834676634250695,10,0,C
0,landscape,15,identity,lasso,8.823285760777848,0.05296499234324166,0.0440088026408803,0.05947017723732265,10,0,C
0,landscape,15,pca,lasso,2.91711248504575,0.05296499234324166,0.0440088026408803,0.05947017723732265,10,0,C
0,landscape,15,emotion,lasso,5.769592202005636,0.0630807456408256,0.07361472441747251,0.0676795573295447,10,0,C
0,landscape,19,population,lasso,,0.42885526482768843,0.52642917402806,0.5552009474242197,10,0,C
0,landscape,19,identity,lasso,8.809839419609455,0.4202712512281587,0.49608972073630253,0.5287612790220295,10,0,C
0,landscape,19,pca,lasso,2.691495085893911,0.4202712512281587,0.49608972073630253,0.5287612790220295,10,0,C
0,landscape,19,emotion,lasso,5.227847517801994,0.4486869640269496,0.5381287017680189,0.5809972889910638,10,0,C
0,landscape,21,population,lasso,,0.11046705635315561,0.1660919411874004,0.18480548735998692,10,0,C
0,landscape,21,identity,lasso,8.826516425099213,0.11994375380602915,0.12965951418415453,0.15518443699369924,10,0,C
0,landscape,21,pca,lasso,2.9796314206100454,0.11994375380602915,0.12965951418415453,0.15518443699369924,10,0,C
0,landscape,21,emotion,lasso,5.640052099873115,0.28399554654566,0.4366401422621893,0.3963625095404206,10,0,C
0,landscape,22,population,lasso,,0.254212730362863,0.39218738681460996,0.42894532192414014,10,0,C
0,landscape,22,identity,lasso,8.834084716348865,0.2648814043821372,0.42893972209403025,0.4543634453462305,10,0,C
0,landscape,22,pca,lasso,2.9692192015275385,0.2648814043821372,0.42893972209403025,0.4543634453462305,10,0,C
0,landscape,22,emotion,lasso,5.363651658086386,0.34772017330135135,0.35684860289209047,0.37178116448211895,10,0,C
0,landscape,30,population,lasso,,0.14203834313442326,0.3563423195503324,0.39636135469463946,10,0,C
0,landscape,30,identity,lasso,8.829255366860536,0.29618844218004065,0.34063909868879233,0.38967060847343316,10,0,C
0,landscape,30,pca,lasso,3.123287258187239,0.29618844218004065,0.34063909868879233,0.38967060847343316,10,0,C
0,landscape,30,emotion,lasso,5.563744738016033,0.18654670976290735,0.14767067310179027,0.20242800364242247,10,0,C
0,landscape,50,population,lasso,,0.4288059074072296,0.46569940152887784,0.44369237168243364,10,0,C
0,landscape,50,identity,lasso,8.827710050031056,0.37903787970115754,0.4285102562543662,0.39561116443599353,10,0,C
0,landscape,50,pca,lasso,2.8415536317273222,0.37903787970115754,0.4285102562543662,0.39561116443599353,10,0,C
0,landscape,50,emotion,lasso,5.243170447301098,0.11704788807407551,0.10984159225540659,0.11906527012015145,10,0,C
0,landscape,57,population,lasso,,0.41016726189702757,0.4436189666426193,0.4769133787765763,10,0,C
0,landscape,57,identity,lasso,8.823422798312338,0.4035252431215613,0.4576892729123634,0.46869640459532397,10,0,C
0,landscape,57,pca,lasso,2.7344609472244734,0.4035252431215613,0.4576892729123634,0.46869640459532397,10,0,C
0,landscape,57,emotion,lasso,5.1577643518112275,0.2921858809912932,0.4159096278585257,0.4634242273464608,10,0,C
0,landscape,62,population,lasso,,0.2694307206433346,0.32396575300016667,0.41282657345755697,10,0,C
0,landscape,62,identity,lasso,8.827587478818911,0.2915081925152166,0.3328721989818945,0.4257793203673271,10,0,C
0,landscape,62,pca,lasso,3.0349130641687574,0.2915081925152166,0.3328721989818945,0.4257793203673271,10,0,C
0,landscape,62,emotion,lasso,6.02976815863782,0.4106465153179983,0.3845693910210855,0.44274618120504555,10,0,C
0,landscape,63,population,lasso,,0.1897986699421688,0.23574569961102546,0.25528033903025105,10,0,C
0,landscape,63,identity,lasso,8.824705149264132,0.1536337379386207,0.15606137940054732,0.20942780452785184,10,0,C
0,landscape,63,pca,lasso,2.965058799266155,0.1536337379386207,0.15606137940054732,0.20942780452785184,10,0,C
0,landscape,63,emotion,lasso,5.610709266781196,0.08988275760565188,0.12076670319837056,0.1399733418498781,10,0,C
0,landscape,79,population,lasso,,0.32025279162201764,0.38623840975809987,0.3372182769575017,10,0,C
0,landscape,79,identity,lasso,8.833266146203073,0.3223201035436655,0.39045987935604964,0.3465707092838356,10,0,C
0,landscape,79,pca,lasso,2.804233914943697,0.3223201035436655,0.39045987935604964,0.3465707092838356,10,0,C
0,landscape,79,emotion,lasso,5.556986484576933,0.38274139390669376,0.4196974650899984,0.40088570263351897,10,0,C
0,landscape,80,population,lasso,,0.3783660371216927,0.6219887192616687,0.6127269536066563,10,0,C
0,landscape,80,identity,lasso,8.824477723755699,0.3826446359573138,0.6390763214391869,0.6394933438908446,10,0,C
0,landscape,80,pca,lasso,2.738090962637726,0.3826446359573138,0.6390763214391869,0.6394933438908446,10,0,C
0,landscape,80,emotion,lasso,5.30251800298239,0.6522050382841067,0.6814047531189253,0.6704517057460518,10,0,C
0,landscape,85,population,lasso,,0.15305364417031042,0.32968076798300683,0.27259720015649613,10,0,C
0,landscape,85,identity,lasso,8.829299495281687,0.1574533377908938,0.28142864025522574,0.241766118224763,10,0,C
0,landscape,85,pca,lasso,2.916469174619672,0.1574533377908938,0.28142864025522574,0.241766118224763,10,0,C
0,landscape,85,emotion,lasso,5.594774740730614,0.1772569069935582,0.2918874784119281,0.2754567041907431,10,0,C
0,landscape,86,population,lasso,,0.4826990294301457,0.5760048836012421,0.5869740778170492,10,0,C
0,landscape,86,identity,lasso,8.825737643259087,0.45476369166493974,0.5661481155396166,0.5608318112886184,10,0,C
0,landscape,86,pca,lasso,2.829481486364603,0.45476369166493974,0.5661481155396166,0.5608318112886184,10,0,C
0,landscape,86,emotion,lasso,5.452640288320507,0.4348906022477571,0.5715898729069724,0.5670628239110677,10,0,C
0,landscape,98,population,lasso,,0.2543413865960296,0.4813021996014399,0.4971169749464332,10,0,C
0,landscape,98,identity,lasso,8.822621952382157,0.2944296433278559,0.45585912831371556,0.4873060298909094,10,0,C
0,landscape,98,pca,lasso,2.837672954068254,0.2944296433278559,0.45585912831371556,0.4873060298909094,10,0,C
0,landscape,98,emotion,lasso,6.220459215519608,0.189480578506771,0.1615167504183973,0.1906362466169458,10,0,C
0,landscape,99,population,lasso,,0.4216021634512566,0.6297973391006445,0.5981395537392994,10,0,C
0,landscape,99,identity,lasso,8.823591462110828,0.40252394419351234,0.5972367873353108,0.5716066038058326,10,0,C
0,landscape,99,pca,lasso,2.898439409666651,0.40252394419351234,0.5972367873353108,0.5716066038058326,10,0,C
0,landscape,99,emotion,lasso,5.560093672087698,0.49478889227658523,0.5803209451268941,0.55208363761784,10,0,C
0,landscape,105,population,lasso,,0.21605458753338982,0.2985363507921056,0.308966821818077,10,0,C
0,landscape,105,identity,lasso,8.826872775616701,0.24356979046280183,0.3466486152749521,0.3480109905269857,10,0,C
0,landscape,105,pca,lasso,2.8559263543705904,0.24356979046280183,0.3466486152749521,0.3480109905269857,10,0,C
0,landscape,105,emotion,lasso,5.611459867068192,0.1434338863744841,0.18098422071330905,0.22594972198035732,10,0,C
0,landscape,109,population,lasso,,0.28969140276328526,0.35176698851476623,0.38720975203896635,10,0,C
0,landscape,109,identity,lasso,8.831169141042578,0.32786128329285724,0.39361547465550634,0.4204649979217819,10,0,C
0,landscape,109,pca,lasso,3.0394214766664422,0.32786128329285724,0.39361547465550634,0.4204649979217819,10,0,C
0,landscape,109,emotion,lasso,5.7939630655419,0.3064819910583227,0.37468877268970624,0.37391907300456423,10,0,C
0,landscape,110,population,lasso,,0.5694278458742879,0.6889092464580163,0.6714799388543822,10,0,C
0,landscape,110,identity,lasso,8.826608022996147,0.5458256221283315,0.6773190828499889,0.6672551747155864,10,0,C
0,landscape,110,pca,lasso,2.99592185297418,0.5458256221283315,0.6773190828499889,0.6672551747155864,10,0,C
0,landscape,110,emotion,lasso,5.205675932262696,0.6101917789827198,0.7298275631959221,0.7197634783095345,10,0,C
0,landscape,116,population,lasso,,0.25986710116304146,0.46095150591506956,0.5476359458276486,10,0,C
0,landscape,116,identity,lasso,8.82466088577945,0.32982375041063433,0.4440688781687301,0.48306032162032425,10,0,C
0,landscape,116,pca,lasso,3.0166404017486688,0.32982375041063433,0.4440688781687301,0.48306032162032425,10,0,C
0,landscape,116,emotion,lasso,5.632912936175334,0.40347251780518567,0.4254624986404822,0.49251056169847374,10,0,C
0,landscape,117,population,lasso,,0.4656355165710192,0.574185554388335,0.5587140675973662,10,0,C
0,landscape,117,identity,lasso,8.815684404201605,0.4510723070319654,0.5510243654029895,0.546489195742208,10,0,C
0,landscape,117,pca,lasso,2.77564335357268,0.4510723070319654,0.5510243654029895,0.546489195742208,10,0,C
0,landscape,117,emotion,lasso,5.172531675926521,0.30967515799572576,0.3222382415259607,0.32742625473090076,10,0,C
0,landscape,126,population,lasso,,0.18768415913392356,0.25383490832551775,0.27899300758697365,10,0,C
0,landscape,126,identity,lasso,8.828964261151423,0.18932418470983284,0.24164174956309015,0.27305944187678594,10,0,C
0,landscape,126,pca,lasso,2.7041436289149168,0.18932418470983284,0.24164174956309015,0.27305944187678594,10,0,C
0,landscape,126,emotion,lasso,5.071573033998318,0.2499090539785777,0.24904650184796523,0.2758087425679769,10,0,C
0,landscape,127,population,lasso,,0.24239028435349758,0.3489802678615658,0.36897565034512747,10,0,C
0,landscape,127,identity,lasso,8.818817772918274,0.25545299765010165,0.32341412693264027,0.36797947777215906,10,0,C
0,landscape,127,pca,lasso,2.9257355623662633,0.25545299765010165,0.32341412693264027,0.36797947777215906,10,0,C
0,landscape,127,emotion,lasso,4.960708125215302,0.26751468482827095,0.3057671348191755,0.3491187931595606,10,0,C
0,landscape,136,population,lasso,,0.3689590397277982,0.4990803251280403,0.5541034511870291,10,0,C
0,landscape,136,identity,lasso,8.829175717859755,0.3989938872417735,0.46615800938636076,0.5099188308840884,10,0,C
0,landscape,136,pca,lasso,2.8957831462606776,0.3989938872417735,0.46615800938636076,0.5099188308840884,10,0,C
0,landscape,136,emotion,lasso,5.852230624948627,0.39107021114289703,0.48044599467030674,0.4814796165957877,10,0,C
0,landscape,144,population,lasso,,0.24984155125404472,0.5632856653392488,0.5584265390696966,10,0,C
0,landscape,144,identity,lasso,8.82416585697705,0.45047599046628684,0.5826065383704071,0.5703891407640796,10,0,C
0,landscape,144,pca,lasso,2.9340065468488374,0.45047599046628684,0.5826065383704071,0.5703891407640796,10,0,C
0,landscape,144,emotion,lasso,5.610489184528736,0.47101793557409105,0.571507313437614,0.5656751580818044,10,0,C
1,art,5,population,lasso,,0.1037767326088451,0.20800207446364047,0.20058738436729118,10,0,C
1,art,5,identity,lasso,8.977742405662969,0.1897050413311438,0.18091367037913386,0.2079187530880536,10,0,C
1,art,5,pca,lasso,5.34114876710658,0.1897050413311438,0.18091367037913386,0.2079187530880536,10,0,C
1,art,5,emotion,lasso,4.881727514306836,0.1897050413311438,0.18091367037913386,0.2079187530880536,10,0,C
1,art,6,population,lasso,,0.483222635256224,0.6943809093714995,0.6605410388540316,10,0,C
1,art,6,identity,lasso,8.979033953188509,0.42727955396636325,0.6955277398264431,0.6610264035433231,10,0,C
1,art,6,pca,lasso,6.031453957799718,0.42727955396636325,0.6955277398264431,0.6610264035433231,10,0,C
1,art,6,emotion,lasso,5.053289690623876,0.42727955396636325,0.6955277398264431,0.6610264035433231,10,0,C
1,art,16,population,lasso,,0.26333704164463034,0.47110996554910367,0.4716768219784439,10,0,C
1,art,16,identity,lasso,8.978384591810133,0.31515951689759053,0.510795726902407,0.5289016129646837,10,0,C
1,art,16,pca,lasso,5.625365442068453,0.29826495370166445,0.41913819453851225,0.42890865005587275,10,0,C
1,art,16,emotion,lasso,4.588103315746043,0.4139336548244095,0.5107469728958305,0.5161848499648043,10,0,C
1,art,17,population,lasso,,0.09829137735557514,0.11852528135453723,0.11833261397452752,10,0,C
1,art,17,identity,lasso,8.97883220737082,0.08146560344375378,0.12878699792582896,0.1113979881825466,10,0,C
1,art,17,pca,lasso,6.39270863907397,0.08611052458985236,0.1343351987514556,0.11670309099275189,10,0,C
1,art,17,emotion,lasso,4.687606461335951,0.08611052458985236,0.1343351987514556,0.11670309099275189,10,0,C
1,art,23,population,lasso,,0.10287434410490688,0.126978898796567,0.15107175374091217,10,0,C
1,art,23,identity,lasso,8.980131414763642,0.08075777828179906,0.11250921032905124,0.12382103690471467,10,0,C
1,art,23,pca,lasso,5.533988442995205,0.09228115387339857,0.12579769973799432,0.13762942170392153,10,0,C
1,art,23,emotion,lasso,4.919020331150066,0.09230449411855449,0.12579769973799432,0.137669467646699,10,0,C
1,art,35,population,lasso,,0.09049305837033318,0.09559052126134217,0.11309259312163514,10,0,C
1,art,35,identity,lasso,8.977925738089901,0.12591459742496894,0.14844155100997955,0.14389839149462577,10,0,C
1,art,35,pca,lasso,5.876904640820201,0.1362053547345051,0.17226099932864553,0.14119351369892055,10,0,C
1,art,35,emotion,lasso,5.018103389327676,0.15340277967163066,0.2262586983617701,0.1666740324675411,10,0,C
1,art,39,population,lasso,,0.5818047048095407,0.7729032388199801,0.7615346736247909,10,0,C
1,art,39,identity,lasso,8.979417455855442,0.5560509753663994,0.7445561849212222,0.7359071375962353,10,0,C
1,art,39,pca,lasso,5.651503595043437,0.5591797079681865,0.7551615512399882,0.7710497567928107,10,0,C
1,art,39,emotion,lasso,4.0940293206036715,0.5591797079681865,0.7551615512399882,0.7710497567928107,10,0,C
1,art,44,population,lasso,,0.34475775841090045,0.6332234910927498,0.6057773333309121,10,0,C
1,art,44,identity,lasso,8.977984835342045,0.545943349261976,0.6442808861252638,0.622132627278377,10,0,C
1,art,44,pca,lasso,5.9772747693558745,0.545943349261976,0.6442808861252638,0.622132627278377,10,0,C
1,art,44,emotion,lasso,4.540657721996928,0.545943349261976,0.6442808861252638,0.622132627278377,10,0,C
1,art,51,population,lasso,,0.3380756062418948,0.49850794423731315,0.5424204391903584,10,0,C
1,art,51,identity,lasso,8.978554530771445,0.34018883420509266,0.5012373580892187,0.5221929471404686,10,0,C
1,art,51,pca,lasso,6.322117293550659,0.34225983421237477,0.49353651186419956,0.5029610776603177,10,0,C
1,art,51,emotion,lasso,5.039676925831427,0.3772432721747512,0.496460883848384,0.526652548965914,10,0,C
1,art,64,population,lasso,,0.23994292567857933,0.39417597323384584,0.37849426484599313,10,0,C
1,art,64,identity,lasso,8.978316782830623,0.3217416980623698,0.41123214113226636,0.40780556389702277,10,0,C
1,art,64,pca,lasso,6.136619220589846,0.3217904245313164,0.3970021405891074,0.3594503116162092,10,0,C
1,art,64,emotion,lasso,4.765420737060423,0.3082548971853217,0.4407333617705227,0.444252434138817,10,0,C
1,art,69,population,lasso,,0.320178861492273,0.3715686038816837,0.3601068179061596,10,0,C
1,art,69,identity,lasso,8.9798444426543,0.28955313567552204,0.34852442212493556,0.3451633054442184,10,0,C
1,art,69,pca,lasso,6.128254989454725,0.2963712760676766,0.3593687429516405,0.35879331277133164,10,0,C
1,art,69,emotion,lasso,4.53229074677779,0.29164276904315417,0.3577621769032398,0.35105266172963545,10,0,C
1,art,81,population,lasso,,0.3200695199650725,0.36426565665856053,0.44459683158927477,10,0,C
1,art,81,identity,lasso,8.979552716304195,0.36401758968355524,0.3498887832383117,0.42237686539306135,10,0,C
1,art,81,pca,lasso,5.975854739663461,0.36494536880295597,0.37766345984588906,0.4272067957681236,10,0,C
1,art,81,emotion,lasso,4.6509115283458,0.30330740036652387,0.36199833611916643,0.417997735531244,10,0,C
1,art,92,population,lasso,,0.2616031963613058,0.32055125779816906,0.35485627635724076,10,0,C
1,art,92,identity,lasso,8.978395763757192,0.2697053945054724,0.3525671003356088,0.37691933386122856,10,0,C
1,art,92,pca,lasso,5.648526383399682,0.2611759135745067,0.35482588677229926,0.34562453738810534,10,0,C
1,art,92,emotion,lasso,3.9835594082844032,0.2721848981183077,0.34898250446868684,0.3778584022397572,10,0,C
1,art,100,population,lasso,,0.3932995087600532,0.6218556820721224,0.6689240360835099,10,0,C
1,art,100,identity,lasso,8.977884719868134,0.4758313466010132,0.6158341921929029,0.6583502077347958,10,0,C
1,art,100,pca,lasso,6.351867466027617,0.4758313466010132,0.6158341921929029,0.6583502077347958,10,0,C
1,art,100,emotion,lasso,4.623363351909603,0.4758313466010132,0.6158341921929029,0.6583502077347958,10,0,C
1,art,101,population,lasso,,0.4624586855280736,0.6210253498479661,0.607448288518273,10,0,C
1,art,101,identity,lasso,8.978704999849386,0.5869168721368198,0.6286828123709176,0.609700703685544,10,0,C
1,art,101,pca,lasso,6.124385798499089,0.5869168721368198,0.6286828123709176,0.609700703685544,10,0,C
1,art,101,emotion,lasso,4.026511214891277,0.5869168721368198,0.6286828123709176,0.609700703685544,10,0,C
1,art,106,population,lasso,,0.41709884315217277,0.4698877220064493,0.48159413496967896,10,0,C
1,art,106,identity,lasso,8.9787989057794,0.35233166252946035,0.4795204959576387,0.484194344206669,10,0,C
1,art,106,pca,lasso,6.4215694383419555,0.35233166252946035,0.4795204959576387,0.484194344206669,10,0,C
1,art,106,emotion,lasso,4.456213417686457,0.35233166252946035,0.4795204959576387,0.484194344206669,10,0,C
1,art,111,population,lasso,,0.4847764436046023,0.6674733323583324,0.6718124368546665,10,0,C
1,art,111,identity,lasso,8.978807695276377,0.47331670777629437,0.6833186886705842,0.6721776024610899,10,0,C
1,art,111,pca,lasso,6.1559232027672355,0.47331670777629437,0.6833186886705842,0.6721776024610899,10,0,C
1,art,111,emotion,lasso,4.286452542728677,0.47331670777629437,0.6833186886705842,0.6721776024610899,10,0,C
1,art,118,population,lasso,,0.42870213226719744,0.606527419128281,0.5725569719784899,10,0,C
1,art,118,identity,lasso,8.978868197905733,0.44803382641324924,0.6419592649092528,0.6184041060336193,10,0,C
1,art,118,pca,lasso,5.1403809119572115,0.46316864967714333,0.6463446410396684,0.6324765065090767,10,0,C
1,art,118,emotion,lasso,4.447234581451675,0.4203651735123494,0.5626238240044609,0.5357288913208372,10,0,C
1,art,119,population,lasso,,0.29205898226054905,0.5866268264183392,0.5974497046775648,10,0,C
1,art,119,identity,lasso,8.979329904665539,0.36157992792739474,0.5959688008563145,0.5942551157965271,10,0,C
1,art,119,pca,lasso,6.110542643726458,0.4459074536156569,0.6441045533551457,0.6358907676402532,10,0,C
1,art,119,emotion,lasso,4.866301494778777,0.3315115430114141,0.5684837286940606,0.5850198423855153,10,0,C
1,art,128,population,lasso,,0.4319131629926997,0.5187655838175419,0.5004581929086616,10,0,C
1,art,128,identity,lasso,8.979487541364552,0.42239493884753193,0.5219743397240193,0.4897524447081619,10,0,C
1,art,128,pca,lasso,5.9453789825465675,0.42239493884753193,0.5219743397240193,0.4897524447081619,10,0,C
1,art,128,emotion,lasso,4.552253678798949,0.42239493884753193,0.5219743397240193,0.4897524447081619,10,0,C
1,art,129,population,lasso,,0.25311268290735556,0.3484921597617948,0.37136710032998294,10,0,C
1,art,129,identity,lasso,8.97887035566477,0.23199215106840132,0.3064924567062697,0.3237422560600608,10,0,C
1,art,129,pca,lasso,6.236580853894179,0.19648669511797529,0.2593745102676339,0.266127137187293,10,0,C
1,art,129,emotion,lasso,4.7385613781762235,0.06458940858118567,0.1820488920973062,0.1612162542993093,10,0,C
1,art,137,population,lasso,,0.4509810198202609,0.49185315334558866,0.5180838994917955,10,0,C
1,art,137,identity,lasso,8.978479583715913,0.44728357640035366,0.49054850307146247,0.5292176953907094,10,0,C
1,art,137,pca,lasso,6.015717950300741,0.3943269499818259,0.4513588159909783,0.5079929443455325,10,0,C
1,art,137,emotion,lasso,4.416351669989943,0.460029685341841,0.49993194927383183,0.5422344955070383,10,0,C
1,fashion,5,population,lasso,,0.10434425504483583,0.17625792320213432,0.2055653195568114,10,0,C
1,fashion,5,identity,lasso,8.97953039315969,0.14271246658215136,0.1600355772580081,0.18647802576988018,10,0,C
1,fashion,5,pca,lasso,5.1225043037639475,0.14271246658215136,0.1600355772580081,0.18647802576988018,10,0,C
1,fashion,5,emotion,lasso,1.9617504794228509,0.14271246658215136,0.1600355772580081,0.18647802576988018,10,0,C
1,fashion,6,population,lasso,,0.2573764756145742,0.37020982898773297,0.3920000643825106,10,0,C
1,fashion,6,identity,lasso,8.980089503668834,0.22249602994491519,0.3565002137796957,0.378612095843705,10,0,C
1,fashion,6,pca,lasso,5.8496909312298655,0.2190176062129705,0.3420373230107772,0.3807332548167196,10,0,C
1,fashion,6,emotion,lasso,1.9666964103956959,0.2190176062129705,0.3420373230107772,0.3807332548167196,10,0,C
1,fashion,16,population,lasso,,0.13869671192627342,0.2813874466680309,0.28283137551443116,10,0,C
1,fashion,16,identity,lasso,8.979975308848903,0.30200986953124914,0.4281346126437597,0.4254420950482089,10,0,C
1,fashion,16,pca,lasso,5.374833163418629,0.13828564382188524,0.3298638058875581,0.2913650181396372,10,0,C
1,fashion,16,emotion,lasso,1.824082726901224,0.13828564382188524,0.3298638058875581,0.2913650181396372,10,0,C
1,fashion,17,population,lasso,,0.06445543911120204,0.022945540095059197,0.0923141745924332,10,0,C
1,fashion,17,identity,lasso,8.980027300798733,0.09097375723301224,0.0651885966295115,0.14803961356946194,10,0,C
1,fashion,17,pca,lasso,5.710927965870493,0.05647878500485814,0.02024917478434948,0.09755448049237318,10,0,C
1,fashion,17,emotion,lasso,1.7732969183384744,0.05755334930689145,0.02437302761249376,0.10089991100967158,10,0,C
1,fashion,23,population,lasso,,0.18621660166344453,0.41793732732333905,0.4587549754248075,10,0,C
1,fashion,23,identity,lasso,8.977953731490159,0.2542953731517578,0.3628664302347263,0.4126828386551597,10,0,C
1,fashion,23,pca,lasso,5.766211731445195,0.185213791329702,0.40546379378402025,0.4173695301177279,10,0,C
1,fashion,23,emotion,lasso,1.7626489600399338,0.17254191800536658,0.44426486451699987,0.4584158225297768,10,0,C
1,fashion,35,population,lasso,,0.1886786843744706,0.28170011791898236,0.24243866401815117,10,0,C
1,fashion,35,identity,lasso,8.979702424977232,0.16307065144921623,0.256655507876222,0.23977848227630383,10,0,C
1,fashion,35,pca,lasso,5.266525643488746,0.16307065144921623,0.256655507876222,0.23977848227630383,10,0,C
1,fashion,35,emotion,lasso,1.7322118045841008,0.16307065144921623,0.256655507876222,0.23977848227630383,10,0,C
1,fashion,39,population,lasso,,0.2797774039919956,0.3101432881353129,0.40149568536687646,10,0,C
1,fashion,39,identity,lasso,8.97900063501401,0.28710365375588764,0.3093422723790312,0.3899397192903096,10,0,C
1,fashion,39,pca,lasso,5.983522366262254,0.2830650256776139,0.32686449204769297,0.3878116293941495,10,0,C
1,fashion,39,emotion,lasso,1.771489738652617,0.2830650256776139,0.32686449204769297,0.3878116293941495,10,0,C
1,fashion,44,population,lasso,,0.14614705109456594,0.39976986297157413,0.3172065726089573,10,0,C
1,fashion,44,identity,lasso,8.97931082913248,0.24488294925721046,0.4435585608967581,0.34498978487618837,10,0,C
1,fashion,44,pca,lasso,5.393393675588458,0.24488294925721046,0.4435585608967581,0.34498978487618837,10,0,C
1,fashion,44,emotion,lasso,1.8623665972139196,0.24488294925721046,0.4435585608967581,0.34498978487618837,10,0,C
1,fashion,51,population,lasso,,0.2145595837358231,0.4714883719494742,0.49701195815847526,10,0,C
1,fashion,51,identity,lasso,8.978899615967507,0.2028631986492425,0.4673555301208448,0.43229668267310495,10,0,C
1,fashion,51,pca,lasso,5.451931479107176,0.2110761094000966,0.5047971090683091,0.5002745945155439,10,0,C
1,fashion,51,emotion,lasso,2.1151621117176407,0.2110761094000966,0.5047971090683091,0.5002745945155439,10,0,C
1,fashion,64,population,lasso,,0.0192891293817418,0.15241983055446434,0.07557799488584066,10,0,C
1,fashion,64,identity,lasso,8.979747144630965,0.04564497226672335,0.16441400763501315,0.1032464701052246,10,0,C
1,fashion,64,pca,lasso,5.343072072731697,0.04564497226672335,0.16441400763501315,0.1032464701052246,10,0,C
1,fashion,64,emotion,lasso,1.6638440807618096,0.04564497226672335,0.16441400763501315,0.1032464701052246,10,0,C
1,fashion,69,population,lasso,,0.25685715596504816,0.3684563440793471,0.3279266081594601,10,0,C
1,fashion,69,identity,lasso,8.979076755905172,0.2044587335895483,0.4146956365528434,0.3986931262095883,10,0,C
1,fashion,69,pca,lasso,5.745302108748685,0.2049161083579576,0.3903262797087034,0.3868573453997249,10,0,C
1,fashion,69,emotion,lasso,1.5885230330664504,0.2049161083579576,0.3903262797087034,0.3868573453997249,10,0,C
1,fashion,81,population,lasso,,0.19870567353292382,0.3692783186665126,0.3750347794326793,10,0,C
1,fashion,81,identity,lasso,8.979576644556923,0.32942631705700537,0.369605741440563,0.36929035959893836,10,0,C
1,fashion,81,pca,lasso,5.929323488924911,0.32942631705700537,0.369605741440563,0.36929035959893836,10,0,C
1,fashion,81,emotion,lasso,1.915671846078685,0.32942631705700537,0.369605741440563,0.36929035959893836,10,0,C
1,fashion,92,population,lasso,,0.03121809797195771,-0.005115651302146496,0.06370551284072574,10,0,C
1,fashion,92,identity,lasso,8.979618032774262,0.04596738187429111,0.04184064275545081,0.10474746132084586,10,0,C
1,fashion,92,pca,lasso,4.987952679543063,0.032071231546341526,0.016262386244718333,0.06918090969359612,10,0,C
1,fashion,92,emotion,lasso,1.987384372171023,0.032071231546341526,0.016262386244718333,0.06918090969359612,10,0,C
1,fashion,100,population,lasso,,0.24118383220397727,0.5042951676289588,0.57183790545427,10,0,C
1,fashion,100,identity,lasso,8.979479467344039,0.4030962527463072,0.5190663772736228,0.5862073788484216,10,0,C
1,fashion,100,pca,lasso,5.248393550415014,0.4030962527463072,0.5190663772736228,0.5862073788484216,10,0,C
1,fashion,100,emotion,lasso,1.855368197139671,0.4030962527463072,0.5190663772736228,0.5862073788484216,10,0,C
1,fashion,101,population,lasso,,0.1662893863824163,0.2734490433726677,0.26362645326331835,10,0,C
1,fashion,101,identity,lasso,8.979915061437012,0.13112419814508863,0.27782661583342716,0.24359535251270456,10,0,C
1,fashion,101,pca,lasso,5.255860542482438,0.15666261635330575,0.304191540881183,0.2848755451192168,10,0,C
1,fashion,101,emotion,lasso,1.919342855955056,0.15666261635330575,0.304191540881183,0.2848755451192168,10,0,C
1,fashion,106,population,lasso,,0.1186881796136448,0.3054285396661419,0.3752685931259064,10,0,C
1,fashion,106,identity,lasso,8.978797165922199,0.16079683208301276,0.26035395686428625,0.31311792225893137,10,0,C
1,fashion,106,pca,lasso,5.135018387504829,0.16522822001874082,0.26624185516661425,0.33996536478998546,10,0,C
1,fashion,106,emotion,lasso,2.1839716963228786,0.16522822001874082,0.26624185516661425,0.33996536478998546,10,0,C
1,fashion,111,population,lasso,,0.19718578156951744,0.37142990912224666,0.35069569588208876,10,0,C
1,fashion,111,identity,lasso,8.97966510088328,0.14093375968707095,0.25203997006682133,0.29828212275802274,10,0,C
1,fashion,111,pca,lasso,5.552110168901273,0.17637499384327676,0.36150939588111297,0.36585837322991827,10,0,C
1,fashion,111,emotion,lasso,2.0184101548527686,0.17637499384327676,0.36150939588111297,0.36585837322991827,10,0,C
1,fashion,118,population,lasso,,0.22109498739042915,0.31293987686239594,0.3160488097089704,10,0,C
1,fashion,118,identity,lasso,8.97905998635461,0.20273053986276118,0.30500981979904734,0.3065518975169356,10,0,C
1,fashion,118,pca,lasso,5.226722005543802,0.20347241883561148,0.29316429706067026,0.3071009415512969,10,0,C
1,fashion,118,emotion,lasso,1.899678186942893,0.20347241883561148,0.29316429706067026,0.3071009415512969,10,0,C
1,fashion,119,population,lasso,,0.2268238176666484,0.45093356776891286,0.51903221977726,10,0,C
1,fashion,119,identity,lasso,8.979267298417051,0.24118397292911242,0.43228336267556117,0.506083988545641,10,0,C
1,fashion,119,pca,lasso,5.070069434666575,0.24118397292911242,0.43228336267556117,0.506083988545641,10,0,C
1,fashion,119,emotion,lasso,2.23505322206608,0.24118397292911242,0.43228336267556117,0.506083988545641,10,0,C
1,fashion,128,population,lasso,,0.36540372401756616,0.5530393399120798,0.5453617356400811,10,0,C
1,fashion,128,identity,lasso,8.97961002852172,0.3886481007940247,0.5643631962103511,0.5556336101174546,10,0,C
1,fashion,128,pca,lasso,5.672500007365288,0.3886481007940247,0.5643631962103511,0.5556336101174546,10,0,C
1,fashion,128,emotion,lasso,1.9517400108968486,0.3886481007940247,0.5643631962103511,0.5556336101174546,10,0,C
1,fashion,129,population,lasso,,0.1342294814011242,0.19470993262140177,0.2741959062570859,10,0,C
1,fashion,129,identity,lasso,8.979860974133732,0.2107461663563185,0.21472123093809262,0.30261084310860253,10,0,C
1,fashion,129,pca,lasso,5.312965735420335,0.2107461663563185,0.21472123093809262,0.30261084310860253,10,0,C
1,fashion,129,emotion,lasso,1.914160805656326,0.2107461663563185,0.21472123093809262,0.30261084310860253,10,0,C
1,fashion,137,population,lasso,,0.10493585752176299,0.16180588207829247,0.2014196223261979,10,0,C
1,fashion,137,identity,lasso,8.97945584126016,0.0885745007109605,0.17373102506938376,0.1971554317003073,10,0,C
1,fashion,137,pca,lasso,5.840445788881532,0.0885745007109605,0.17373102506938376,0.1971554317003073,10,0,C
1,fashion,137,emotion,lasso,2.0180383292041535,0.0885745007109605,0.17373102506938376,0.1971554317003073,10,0,C
1,landscape,5,population,lasso,,0.2574651485765484,0.38292076625459576,0.40610977485356187,10,0,C
1,landscape,5,identity,lasso,8.832556803684742,0.40328575218459306,0.39468476618380177,0.42243796154119745,10,0,C
1,landscape,5,pca,lasso,3.000017753197578,0.40328575218459306,0.39468476618380177,0.42243796154119745,10,0,C
1,landscape,5,emotion,lasso,2.287316502416535,0.40328575218459306,0.39468476618380177,0.42243796154119745,10,0,C
1,landscape,6,population,lasso,,0.38435734732560367,0.6503989838322114,0.6281218007451184,10,0,C
1,landscape,6,identity,lasso,8.829665064883004,0.38318676126455115,0.6580622951220773,0.637007130332482,10,0,C
1,landscape,6,pca,lasso,2.8807878586640268,0.38318676126455115,0.6580622951220773,0.637007130332482,10,0,C
1,landscape,6,emotion,lasso,2.004586761857805,0.38318676126455115,0.6580622951220773,0.637007130332482,10,0,C
1,landscape,16,population,lasso,,0.275181312902688,0.4914434355657378,0.4930449801526121,10,0,C
1,landscape,16,identity,lasso,8.82279306259806,0.250453680322372,0.5109677405522783,0.5142293266783036,10,0,C
1,landscape,16,pca,lasso,2.676884595682665,0.250453680322372,0.5109677405522783,0.5142293266783036,10,0,C
1,landscape,16,emotion,lasso,2.029234176875813,0.250453680322372,0.5109677405522783,0.5142293266783036,10,0,C
1,landscape,17,population,lasso,,-0.06833769845078173,-0.062030082111560816,-0.08746753760790588,10,0,C
1,landscape,17,identity,lasso,8.833275210054133,-0.05568038432882672,-0.07629966323250356,-0.08044134109951925,10,0,C
1,landscape,17,pca,lasso,2.9602277577891805,-0.05568038432882672,-0.07629966323250356,-0.08044134109951925,10,0,C
1,landscape,17,emotion,lasso,1.9914360089903318,-0.05568038432882672,-0.07629966323250356,-0.08044134109951925,10,0,C
1,landscape,23,population,lasso,,0.3337246364385285,0.7213594763066882,0.7105768375689813,10,0,C
1,landscape,23,identity,lasso,8.820628996613525,0.37545356671320185,0.7581172680979462,0.7155362170814372,10,0,C
1,landscape,23,pca,lasso,2.922651347661893,0.37545356671320185,0.7581172680979462,0.7155362170814372,10,0,C
1,landscape,23,emotion,lasso,1.9376972308353833,0.37545356671320185,0.7581172680979462,0.7155362170814372,10,0,C
1,landscape,35,population,lasso,,0.370055348500643,0.5020486648274768,0.5043063709114473,10,0,C
1,landscape,35,identity,lasso,8.817041290719073,0.37091547586395496,0.4801020092953743,0.4896883863477371,10,0,C
1,landscape,35,pca,lasso,2.89795880023061,0.37091547586395496,0.4801020092953743,0.4896883863477371,10,0,C
1,landscape,35,emotion,lasso,2.040236121248266,0.37091547586395496,0.4801020092953743,0.4896883863477371,10,0,C
1,landscape,39,population,lasso,,0.41523729553498834,0.7819465766627206,0.7415092489523895,10,0,C
1,landscape,39,identity,lasso,8.821605399646762,0.5054586255384503,0.7882346292959229,0.7545268195350225,10,0,C
1,landscape,39,pca,lasso,2.9607280580627453,0.5054586255384503,0.7882346292959229,0.7545268195350225,10,0,C
1,landscape,39,emotion,lasso,2.0152102794972024,0.5054586255384503,0.7882346292959229,0.7545268195350225,10,0,C
1,landscape,44,population,lasso,,0.3685199460988438,0.6477521805174489,0.5999433628338422,10,0,C
1,landscape,44,identity,lasso,8.818017627850127,0.43772941372309415,0.6320640777107418,0.5859479434072387,10,0,C
1,landscape,44,pca,lasso,3.04265430818278,0.43772941372309415,0.6320640777107418,0.5859479434072387,10,0,C
1,landscape,44,emotion,lasso,2.018385102256639,0.43772941372309415,0.6320640777107418,0.5859479434072387,10,0,C
1,landscape,51,population,lasso,,0.3589099685646051,0.7354496362666483,0.7017461642696581,10,0,C
1,landscape,51,identity,lasso,8.825245719469518,0.3079134655043983,0.7350116948397329,0.6963852277532739,10,0,C
1,landscape,51,pca,lasso,3.030884636560649,0.3079134655043983,0.7350116948397329,0.6963852277532739,10,0,C
1,landscape,51,emotion,lasso,1.7815177211871154,0.3079134655043983,0.7350116948397329,0.6963852277532739,10,0,C
1,landscape,64,population,lasso,,0.17597411990194511,0.344382673117127,0.3619298148714114,10,0,C
1,landscape,64,identity,lasso,8.830076161281253,0.18494242205813854,0.3067929980967406,0.324680857431802,10,0,C
1,landscape,64,pca,lasso,3.0202152461725436,0.18494242205813854,0.3067929980967406,0.324680857431802,10,0,C
1,landscape,64,emotion,lasso,1.9524843388685995,0.18494242205813854,0.3067929980967406,0.324680857431802,10,0,C
1,landscape,69,population,lasso,,0.20656589551461768,0.2655974181056436,0.2398277403230218,10,0,C
1,landscape,69,identity,lasso,8.82842185314752,0.18934228912470355,0.25800602848753257,0.22273366241123937,10,0,C
1,landscape,69,pca,lasso,2.9242164899669905,0.18934228912470355,0.25800602848753257,0.22273366241123937,10,0,C
1,landscape,69,emotion,lasso,1.8801130704402398,0.18934228912470355,0.25800602848753257,0.22273366241123937,10,0,C
1,landscape,81,population,lasso,,0.3208264027120852,0.447280385465165,0.399767977219099,10,0,C
1,landscape,81,identity,lasso,8.817886606490902,0.35914856487516816,0.43166228820253677,0.38195978342793935,10,0,C
1,landscape,81,pca,lasso,2.8606027504623373,0.35914856487516816,0.43166228820253677,0.38195978342793935,10,0,C
1,landscape,81,emotion,lasso,1.8641356468770576,0.35914856487516816,0.43166228820253677,0.38195978342793935,10,0,C
1,landscape,92,population,lasso,,0.27096235011866193,0.4481299341718271,0.4453587074904894,10,0,C
1,landscape,92,identity,lasso,8.827206352435265,0.26701692307409314,0.4256035632053209,0.44293261327310246,10,0,C
1,landscape,92,pca,lasso,2.921846537514952,0.26701692307409314,0.4256035632053209,0.44293261327310246,10,0,C
1,landscape,92,emotion,lasso,2.1595307579777905,0.26701692307409314,0.4256035632053209,0.44293261327310246,10,0,C
1,landscape,100,population,lasso,,0.24670538155863123,0.4998736654880691,0.4486812343967592,10,0,C
1,landscape,100,identity,lasso,8.82791491540518,0.2693989546000522,0.4784483680063645,0.44997701546550944,10,0,C
1,landscape,100,pca,lasso,3.1484501419272046,0.2693989546000522,0.4784483680063645,0.44997701546550944,10,0,C
1,landscape,100,emotion,lasso,2.035116690296395,0.2693989546000522,0.4784483680063645,0.44997701546550944,10,0,C
1,landscape,101,population,lasso,,0.13234257352884593,0.17813769249125225,0.2111893442256317,10,0,C
1,landscape,101,identity,lasso,8.825007961988469,0.19628497363727385,0.19572275428924746,0.21634162078118557,10,0,C
1,landscape,101,pca,lasso,2.854455204604793,0.19628497363727385,0.19572275428924746,0.21634162078118557,10,0,C
1,landscape,101,emotion,lasso,2.2293659284214895,0.19628497363727385,0.19572275428924746,0.21634162078118557,10,0,C
1,landscape,106,population,lasso,,0.2772386047355608,0.4628706837424117,0.4769542745936409,10,0,C
1,landscape,106,identity,lasso,8.809239967920737,0.19905515902734233,0.4378238902472069,0.4410514606222211,10,0,C
1,landscape,106,pca,lasso,2.8366063218320887,0.19905515902734233,0.4378238902472069,0.4410514606222211,10,0,C
1,landscape,106,emotion,lasso,2.19354801593575,0.19905515902734233,0.4378238902472069,0.4410514606222211,10,0,C
1,landscape,111,population,lasso,,0.2999980744782008,0.47533545131289273,0.4767458663749285,10,0,C
1,landscape,111,identity,lasso,8.829854263044286,0.22195893015178492,0.4735146197880375,0.4546944317366698,10,0,C
1,landscape,111,pca,lasso,3.0479719603230557,0.22195893015178492,0.4735146197880375,0.4546944317366698,10,0,C
1,landscape,111,emotion,lasso,1.9246806610458473,0.22195893015178492,0.4735146197880375,0.4546944317366698,10,0,C
1,landscape,118,population,lasso,,0.30485245222531815,0.5315450027131093,0.49545982741938954,10,0,C
1,landscape,118,identity,lasso,8.820583211896924,0.3100738140022999,0.5447888178799966,0.510427932684874,10,0,C
1,landscape,118,pca,lasso,3.1063702885364037,0.3100738140022999,0.5447888178799966,0.510427932684874,10,0,C
1,landscape,118,emotion,lasso,2.1029398995690065,0.3100738140022999,0.5447888178799966,0.510427932684874,10,0,C
1,landscape,119,population,lasso,,0.3642218222081841,0.7139623265318558,0.7167228414125556,10,0,C
1,landscape,119,identity,lasso,8.823622844181395,0.45009185338326313,0.7265266218385579,0.7264708295718,10,0,C
1,landscape,119,pca,lasso,2.7117391453622095,0.45009185338326313,0.7265266218385579,0.7264708295718,10,0,C
1,landscape,119,emotion,lasso,2.0644907839905473,0.45009185338326313,0.7265266218385579,0.7264708295718,10,0,C
1,landscape,128,population,lasso,,0.3030419789903048,0.4319536477488845,0.4101193252690858,10,0,C
1,landscape,128,identity,lasso,8.827163510577796,0.27125943495401483,0.41714035340172806,0.3764418980342708,10,0,C
1,landscape,128,pca,lasso,2.6599017685720794,0.27125943495401483,0.41714035340172806,0.3764418980342708,10,0,C
1,landscape,128,emotion,lasso,2.1617397448134246,0.27125943495401483,0.41714035340172806,0.3764418980342708,10,0,C
1,landscape,129,population,lasso,,0.38003738366406153,0.5530259215904626,0.5666037194767579,10,0,C
1,landscape,129,identity,lasso,8.825626132664336,0.39382914947619846,0.565875407160558,0.5749298820939308,10,0,C
1,landscape,129,pca,lasso,2.945224667704335,0.39382914947619846,0.565875407160558,0.5749298820939308,10,0,C
1,landscape,129,emotion,lasso,2.191323432631899,0.39382914947619846,0.565875407160558,0.5749298820939308,10,0,C
1,landscape,137,population,lasso,,0.25617220610202224,0.39580411833252616,0.4322437459197711,10,0,C
1,landscape,137,identity,lasso,8.829273677584764,0.34799732809466294,0.472363319344663,0.46826337778175836,10,0,C
1,landscape,137,pca,lasso,2.897356088830033,0.34799732809466294,0.472363319344663,0.46826337778175836,10,0,C
1,landscape,137,emotion,lasso,2.1379311637552085,0.34799732809466294,0.472363319344663,0.46826337778175836,10,0,C
2,art,7,population,lasso,,0.25090313656844554,0.24768052860183176,0.2943101731834451,10,0,C
2,art,7,identity,lasso,8.819759942304847,0.22262611065260907,0.2221934832161778,0.26109886380492886,10,0,C
2,art,7,pca,lasso,2.6745275868032143,0.22262611065260907,0.2221934832161778,0.26109886380492886,10,0,C
2,art,7,emotion,lasso,4.681931911291091,0.29268679164718286,0.3752149269129251,0.3714435614516378,10,0,C
2,art,8,population,lasso,,0.3132415247312917,0.5803194935965504,0.6009545402397912,10,0,C
2,art,8,identity,lasso,8.820362203025008,0.24560836114563248,0.5917014358227132,0.6204483276876562,10,0,C
2,art,8,pca,lasso,3.0672205658422556,0.24560836114563248,0.5917014358227132,0.6204483276876562,10,0,C
2,art,8,emotion,lasso,4.470134796385321,0.2626364650591546,0.6024451382978762,0.583705967964628,10,0,C
2,art,40,population,lasso,,0.13650600544809874,0.23862766519736073,0.2562003006508341,10,0,C
2,art,40,identity,lasso,8.813056138805754,0.2352838538673799,0.31512815389386045,0.29522678110848755,10,0,C
2,art,40,pca,lasso,2.8079622296982985,0.2352838538673799,0.31512815389386045,0.29522678110848755,10,0,C
2,art,40,emotion,lasso,4.878481543989941,0.235057244408547,0.3130336163936955,0.29684889999336955,10,0,C
2,art,41,population,lasso,,0.4026622113743293,0.6489046311501525,0.6539141020096518,10,0,C
2,art,41,identity,lasso,8.805263292391931,0.40430905610138956,0.6834824017225695,0.6753597775349669,10,0,C
2,art,41,pca,lasso,2.7136238698309496,0.40430905610138956,0.6834824017225695,0.6753597775349669,10,0,C
2,art,41,emotion,lasso,4.204368452208022,0.5557455178960994,0.6248314997389761,0.6257613398065038,10,0,C
2,art,45,population,lasso,,-0.014283095229436393,0.051902683841191934,-0.019172076336896705,10,0,C
2,art,45,identity,lasso,8.823436821533013,-0.014797494577152268,0.034619300254398265,-0.021035530159372342,10,0,C
2,art,45,pca,lasso,2.737713221726682,-0.014797494577152268,0.034619300254398265,-0.021035530159372342,10,0,C
2,art,45,emotion,lasso,4.1112553931395635,-0.014797494577152268,0.034619300254398265,-0.021035530159372342,10,0,C
2,art,46,population,lasso,,0.0721056933583709,0.06087385095967447,0.09624489103774561,10,0,C
2,art,46,identity,lasso,8.830975267631864,0.07232672799461987,0.07638473194772853,0.10437420824814311,10,0,C
2,art,46,pca,lasso,3.0638745802641183,0.07232672799461987,0.07638473194772853,0.10437420824814311,10,0,C
2,art,46,emotion,lasso,4.673576207577592,0.04826918938637849,0.04444757371658771,0.07002856277098847,10,0,C
2,art,52,population,lasso,,0.42857110071720816,0.576325572535049,0.571688541614004,10,0,C
2,art,52,identity,lasso,8.822608266769423,0.3841114127969641,0.5721289072677246,0.5613883105976355,10,0,C
2,art,52,pca,lasso,3.0794418358221796,0.3841114127969641,0.5721289072677246,0.5613883105976355,10,0,C
2,art,52,emotion,lasso,4.625742365129465,0.3981227013827912,0.5830402369627683,0.5659061771371465,10,0,C
2,art,58,population,lasso,,0.48930904103667194,0.6602530962552362,0.6852556369074686,10,0,C
2,art,58,identity,lasso,8.816717970054656,0.48403849770908547,0.6672749758301654,0.6850661034354045,10,0,C
2,art,58,pca,lasso,2.9969897287564957,0.48403849770908547,0.6672749758301654,0.6850661034354045,10,0,C
2,art,58,emotion,lasso,4.8956894017102535,0.48403849770908547,0.6672749758301654,0.6850661034354045,10,0,C
2,art,65,population,lasso,,0.5350841880906034,0.6595218279317658,0.6591388590721591,10,0,C
2,art,65,identity,lasso,8.811412046398953,0.5153419424833932,0.678734540994001,0.6735310516222082,10,0,C
2,art,65,pca,lasso,2.615038383022183,0.5153419424833932,0.678734540994001,0.6735310516222082,10,0,C
2,art,65,emotion,lasso,4.706385151683403,0.5153419424833932,0.678734540994001,0.6735310516222082,10,0,C
2,art,66,population,lasso,,0.32084400863320117,0.4594959507899879,0.4431723018037862,10,0,C
2,art,66,identity,lasso,8.821115848518797,0.27764939594516086,0.4415636864407827,0.4187492459945716,10,0,C
2,art,66,pca,lasso,2.8077205225143875,0.27764939594516086,0.4415636864407827,0.4187492459945716,10,0,C
2,art,66,emotion,lasso,4.262345145587232,0.34563330583546453,0.470245537048367,0.45985673862905774,10,0,C
2,art,74,population,lasso,,0.42647447987983883,0.5078900537037716,0.5047884023874707,10,0,C
2,art,74,identity,lasso,8.81941403830039,0.33349803181955523,0.5227868289009886,0.5074684929303351,10,0,C
2,art,74,pca,lasso,2.713231377105616,0.33349803181955523,0.5227868289009886,0.5074684929303351,10,0,C
2,art,74,emotion,lasso,4.096434425362565,0.33349803181955523,0.5227868289009886,0.5074684929303351,10,0,C
2,art,83,population,lasso,,0.6375706520871985,0.6755485369375178,0.6550770518586068,10,0,C
2,art,83,identity,lasso,8.819022272665283,0.645989511185958,0.6896676375079817,0.672414648025755,10,0,C
2,art,83,pca,lasso,3.1148062916283283,0.645989511185958,0.6896676375079817,0.672414648025755,10,0,C
2,art,83,emotion,lasso,4.524377508885969,0.645989511185958,0.6896676375079817,0.672414648025755,10,0,C
2,art,87,population,lasso,,0.3447557625623922,0.6643791099696554,0.6446157854338035,10,0,C
2,art,87,identity,lasso,8.820069662589603,0.3658866216084589,0.6477046508724618,0.6330845238497562,10,0,C
2,art,87,pca,lasso,2.8811715174165595,0.3658866216084589,0.6477046508724618,0.6330845238497562,10,0,C
2,art,87,emotion,lasso,4.66297029524542,0.450081477366444,0.6619760261585892,0.6494925384452958,10,0,C
2,art,93,population,lasso,,0.444062668158733,0.630749733470027,0.6083459266930449,10,0,C
2,art,93,identity,lasso,8.821141927726845,0.413900579554485,0.6185575328542386,0.5997217535284736,10,0,C
2,art,93,pca,lasso,3.0662535373199606,0.413900579554485,0.6185575328542386,0.5997217535284736,10,0,C
2,art,93,emotion,lasso,4.844845677664378,0.4841634900047794,0.5937798348286039,0.587344225169412,10,0,C
2,art,94,population,lasso,,0.3890481908685416,0.7018862568305096,0.7096605950705638,10,0,C
2,art,94,identity,lasso,8.823655013696904,0.38626465015682665,0.753742577574491,0.7457346116500512,10,0,C
2,art,94,pca,lasso,2.745959872407102,0.38626465015682665,0.753742577574491,0.7457346116500512,10,0,C
2,art,94,emotion,lasso,4.053547523971854,0.38626465015682665,0.753742577574491,0.7457346116500512,10,0,C
2,art,102,population,lasso,,0.1984363841711776,0.29760928558653177,0.27578847720817457,10,0,C
2,art,102,identity,lasso,8.828410637700319,0.1687903907678624,0.32138824268343735,0.3028099259766083,10,0,C
2,art,102,pca,lasso,2.935706415528544,0.1687903907678624,0.32138824268343735,0.3028099259766083,10,0,C
2,art,102,emotion,lasso,4.370442159961216,0.19209982805057776,0.3353379022747326,0.29872675695218187,10,0,C
2,art,112,population,lasso,,0.42799431096397617,0.4353469878120824,0.44915177606486706,10,0,C
2,art,112,identity,lasso,8.818329516459213,0.38856013251885335,0.47736565719845164,0.46262058295690905,10,0,C
2,art,112,pca,lasso,2.987155485052517,0.38856013251885335,0.47736565719845164,0.46262058295690905,10,0,C
2,art,112,emotion,lasso,4.57480770666857,0.38856013251885335,0.47736565719845164,0.46262058295690905,10,0,C
2,art,113,population,lasso,,0.37225432097519334,0.48574044242753567,0.47839405651354094,10,0,C
2,art,113,identity,lasso,8.82142211305178,0.35986886958997155,0.5034915904606199,0.4767124369644284,10,0,C
2,art,113,pca,lasso,2.881880842170181,0.35986886958997155,0.5034915904606199,0.4767124369644284,10,0,C
2,art,113,emotion,lasso,4.8735376635455525,0.35986886958997155,0.5034915904606199,0.4767124369644284,10,0,C
2,art,120,population,lasso,,0.4707806722865179,0.6158194080928229,0.6422523986121528,10,0,C
2,art,120,identity,lasso,8.825002535863185,0.5727080888612273,0.615321494599863,0.6439328053315337,10,0,C
2,art,120,pca,lasso,3.0722400569325536,0.5727080888612273,0.615321494599863,0.6439328053315337,10,0,C
2,art,120,emotion,lasso,4.739727340432257,0.5967966876362131,0.6182591842083264,0.6531849138176282,10,0,C
2,art,121,population,lasso,,0.2931098725887625,0.4725846079047736,0.4546638371876959,10,0,C
2,art,121,identity,lasso,8.822631274862886,0.40731198078213177,0.44966724479325304,0.4375892027648671,10,0,C
2,art,121,pca,lasso,2.7535431890749242,0.40731198078213177,0.44966724479325304,0.4375892027648671,10,0,C
2,art,121,emotion,lasso,4.726084024716673,0.40731198078213177,0.44966724479325304,0.4375892027648671,10,0,C
2,art,131,population,lasso,,0.24760040070647438,0.36204366053169923,0.37114196097058405,10,0,C
2,art,131,identity,lasso,8.829818089361877,0.24007868334589053,0.37987639293136616,0.3751739283737439,10,0,C
2,art,131,pca,lasso,2.9509013979450156,0.24007868334589053,0.37987639293136616,0.3751739283737439,10,0,C
2,art,131,emotion,lasso,4.207804699787949,0.23810725514300105,0.3627295348547633,0.37747265092577026,10,0,C
2,art,138,population,lasso,,0.39210891167572753,0.4772090654443595,0.45389036073259115,10,0,C
2,art,138,identity,lasso,8.800818820525127,0.4148422079481337,0.512706900942195,0.48591085784502647,10,0,C
2,art,138,pca,lasso,2.7506503723632503,0.4148422079481337,0.512706900942195,0.48591085784502647,10,0,C
2,art,138,emotion,lasso,4.50204701214972,0.4148422079481337,0.512706900942195,0.48591085784502647,10,0,C
2,art,139,population,lasso,,0.026377863165983253,0.06079602726558758,0.035744433020409604,10,0,C
2,art,139,identity,lasso,8.820281361313029,0.03282120273885753,0.07282598523637435,0.04636538994964427,10,0,C
2,art,139,pca,lasso,2.74291946254739,0.03282120273885753,0.07282598523637435,0.04636538994964427,10,0,C
2,art,139,emotion,lasso,4.315211346481245,0.11287004112008417,0.1972018316946737,0.16431280438338014,10,0,C
2,fashion,7,population,lasso,,0.2960013237957048,0.43487797992024274,0.4892595443204826,10,0,C
2,fashion,7,identity,lasso,8.831245067197829,0.3291978498678355,0.4093817052117759,0.4675004755378778,10,0,C
2,fashion,7,pca,lasso,3.159935240175658,0.3291978498678355,0.4093817052117759,0.4675004755378778,10,0,C
2,fashion,7,emotion,lasso,2.227280504365535,0.3291978498678355,0.4093817052117759,0.4675004755378778,10,0,C
2,fashion,8,population,lasso,,0.2801062574267457,0.4078098248427385,0.3975473058440426,10,0,C
2,fashion,8,identity,lasso,8.825602024673483,0.2625353874790117,0.4376531715224509,0.41267518192148156,10,0,C
2,fashion,8,pca,lasso,2.869619432381478,0.2625353874790117,0.4376531715224509,0.41267518192148156,10,0,C
2,fashion,8,emotion,lasso,1.9837297279024813,0.2625353874790117,0.4376531715224509,0.41267518192148156,10,0,C
2,fashion,40,population,lasso,,0.264884203200272,0.16381324566628255,0.36280066496311447,10,0,C
2,fashion,40,identity,lasso,8.829383760224154,0.2394272492998314,0.14691346164897584,0.33888638338225185,10,0,C
2,fashion,40,pca,lasso,2.8828760788395527,0.2394272492998314,0.14691346164897584,0.33888638338225185,10,0,C
2,fashion,40,emotion,lasso,2.0017379252836376,0.2394272492998314,0.14691346164897584,0.33888638338225185,10,0,C
2,fashion,41,population,lasso,,0.24351681097325764,0.44970167499817615,0.4579097156645831,10,0,C
2,fashion,41,identity,lasso,8.829715119329173,0.21239861005094135,0.4325479049939111,0.4454183748687657,10,0,C
2,fashion,41,pca,lasso,3.2909906423841364,0.21239861005094135,0.4325479049939111,0.4454183748687657,10,0,C
2,fashion,41,emotion,lasso,1.9770335923276907,0.21239861005094135,0.4325479049939111,0.4454183748687657,10,0,C
2,fashion,45,population,lasso,,0.18116271895514538,0.35885710941898485,0.3377807499799986,10,0,C
2,fashion,45,identity,lasso,8.824531604384292,0.1663563776073546,0.35286046389492776,0.3465170955625303,10,0,C
2,fashion,45,pca,lasso,2.6960013606341824,0.1663563776073546,0.35286046389492776,0.3465170955625303,10,0,C
2,fashion,45,emotion,lasso,2.038265859504633,0.1663563776073546,0.35286046389492776,0.3465170955625303,10,0,C
2,fashion,46,population,lasso,,0.05285215104266454,0.14290600441243,0.11274484248038145,10,0,C
2,fashion,46,identity,lasso,8.827844402165477,0.09702961866968066,0.1934626128504326,0.16354734778285565,10,0,C
2,fashion,46,pca,lasso,3.0919148398965293,0.09702961866968066,0.1934626128504326,0.16354734778285565,10,0,C
2,fashion,46,emotion,lasso,1.7192257495248808,0.09702961866968066,0.1934626128504326,0.16354734778285565,10,0,C
2,fashion,52,population,lasso,,0.2536880187470985,0.44558400220356736,0.5055255749539164,10,0,C
2,fashion,52,identity,lasso,8.823423811198033,0.37491052765865157,0.45299432961235203,0.5068356000553799,10,0,C
2,fashion,52,pca,lasso,3.0704558517199487,0.37491052765865157,0.45299432961235203,0.5068356000553799,10,0,C
2,fashion,52,emotion,lasso,1.9673122630226736,0.37491052765865157,0.45299432961235203,0.5068356000553799,10,0,C
2,fashion,58,population,lasso,,0.18027117563014394,0.28016956821097855,0.29653393515685394,10,0,C
2,fashion,58,identity,lasso,8.815832538462388,0.23424489024496692,0.3396397559457988,0.36653669479669737,10,0,C
2,fashion,58,pca,lasso,2.8273411186405837,0.23424489024496692,0.3396397559457988,0.36653669479669737,10,0,C
2,fashion,58,emotion,lasso,2.268806233938093,0.23424489024496692,0.3396397559457988,0.36653669479669737,10,0,C
2,fashion,65,population,lasso,,0.18552824291769188,0.19089965087234798,0.3205959599624101,10,0,C
2,fashion,65,identity,lasso,8.824665730744904,0.21093180967350403,0.1874836560823604,0.33295366956955225,10,0,C
2,fashion,65,pca,lasso,3.086021134905556,0.21093180967350403,0.1874836560823604,0.33295366956955225,10,0,C
2,fashion,65,emotion,lasso,1.7209390822544517,0.21093180967350403,0.1874836560823604,0.33295366956955225,10,0,C
2,fashion,66,population,lasso,,0.18303267754036665,0.26573673544786114,0.2530634217287978,10,0,C
2,fashion,66,identity,lasso,8.82883916395959,0.1931239827823856,0.29807691107810075,0.2688617843324036,10,0,C
2,fashion,66,pca,lasso,2.820409772256195,0.1931239827823856,0.29807691107810075,0.2688617843324036,10,0,C
2,fashion,66,emotion,lasso,2.2479840513349663,0.1931239827823856,0.29807691107810075,0.2688617843324036,10,0,C
2,fashion,74,population,lasso,,-0.07469359586290004,-0.10039423143759574,-0.0913221725223082,10,0,C
2,fashion,74,identity,lasso,8.824176376158153,-0.0707297290097609,-0.10320949280990688,-0.08703617154045705,10,0,C
2,fashion,74,pca,lasso,2.967335191323281,-0.0707297290097609,-0.10320949280990688,-0.08703617154045705,10,0,C
2,fashion,74,emotion,lasso,1.96329367036887,-0.0707297290097609,-0.10320949280990688,-0.08703617154045705,10,0,C
2,fashion,83,population,lasso,,0.4397634058852099,0.5062592810633523,0.5120805307979498,10,0,C
2,fashion,83,identity,lasso,8.82609397801002,0.42068808097505306,0.48360854695767336,0.4904025893852759,10,0,C
2,fashion,83,pca,lasso,2.953878322226176,0.42068808097505306,0.48360854695767336,0.4904025893852759,10,0,C
2,fashion,83,emotion,lasso,2.047812298266505,0.42068808097505306,0.48360854695767336,0.4904025893852759,10,0,C
2,fashion,87,population,lasso,,0.17425663209105585,0.31358810853868524,0.3341836684386897,10,0,C
2,fashion,87,identity,lasso,8.823842780330912,0.1747313706625032,0.3214143598826549,0.343655909262511,10,0,C
2,fashion,87,pca,lasso,3.1571214094784774,0.1747313706625032,0.3214143598826549,0.343655909262511,10,0,C
2,fashion,87,emotion,lasso,2.1473387577798193,0.1747313706625032,0.3214143598826549,0.343655909262511,10,0,C
2,fashion,93,population,lasso,,0.3590648749086415,0.5677772163236481,0.5656074361788485,10,0,C
2,fashion,93,identity,lasso,8.83064715403873,0.3615464744382713,0.5430718770364577,0.5545879309206434,10,0,C
2,fashion,93,pca,lasso,2.7892835631622,0.3615464744382713,0.5430718770364577,0.5545879309206434,10,0,C
2,fashion,93,emotion,lasso,1.9019269861115187,0.3615464744382713,0.5430718770364577,0.5545879309206434,10,0,C
2,fashion,94,population,lasso,,0.2548197652333115,0.4132493883710994,0.4612757177648038,10,0,C
2,fashion,94,identity,lasso,8.832215829773444,0.2422203962070457,0.43097616625832985,0.47235859566675237,10,0,C
2,fashion,94,pca,lasso,2.8674472425846105,0.2422203962070457,0.43097616625832985,0.47235859566675237,10,0,C
2,fashion,94,emotion,lasso,2.110252578397145,0.2422203962070457,0.43097616625832985,0.47235859566675237,10,0,C
2,fashion,102,population,lasso,,0.18621881878238727,0.28666356604390536,0.35025853313364286,10,0,C
2,fashion,102,identity,lasso,8.827202776119094,0.17750611603592464,0.2591348023575039,0.3413980992670326,10,0,C
2,fashion,102,pca,lasso,2.9919193220145295,0.17750611603592464,0.2591348023575039,0.3413980992670326,10,0,C
2,fashion,102,emotion,lasso,2.186057321530882,0.17750611603592464,0.2591348023575039,0.3413980992670326,10,0,C
2,fashion,112,population,lasso,,0.1990453722587749,0.3262985113664574,0.3079961886578799,10,0,C
2,fashion,112,identity,lasso,8.832905329362251,0.2857405023646281,0.3414583979564919,0.3391058666147388,10,0,C
2,fashion,112,pca,lasso,2.922810423002102,0.2857405023646281,0.3414583979564919,0.3391058666147388,10,0,C
2,fashion,112,emotion,lasso,2.276184286787049,0.2857405023646281,0.3414583979564919,0.3391058666147388,10,0,C
2,fashion,113,population,lasso,,0.2345417495578484,0.38737358417772716,0.3898906859926716,10,0,C
2,fashion,113,identity,lasso,8.82598516142798,0.2272681508458039,0.38688130614471444,0.4022433656200478,10,0,C
2,fashion,113,pca,lasso,2.8809547853597257,0.2272681508458039,0.38688130614471444,0.4022433656200478,10,0,C
2,fashion,113,emotion,lasso,1.8640433356070385,0.2272681508458039,0.38688130614471444,0.4022433656200478,10,0,C
2,fashion,120,population,lasso,,0.2240150530452511,0.2354977942198897,0.29951889527934095,10,0,C
2,fashion,120,identity,lasso,8.831096444751894,0.22296504035117043,0.20982379718618338,0.28558836148380984,10,0,C
2,fashion,120,pca,lasso,2.892636735579877,0.22296504035117043,0.20982379718618338,0.28558836148380984,10,0,C
2,fashion,120,emotion,lasso,2.024430805112235,0.22296504035117043,0.20982379718618338,0.28558836148380984,10,0,C
2,fashion,121,population,lasso,,0.26756041964032723,0.39649520113963477,0.42824169408154245,10,0,C
2,fashion,121,identity,lasso,8.822978435117554,0.3937150592140009,0.4000681908472818,0.4283812182111696,10,0,C
2,fashion,121,pca,lasso,2.8096194302805335,0.3937150592140009,0.4000681908472818,0.4283812182111696,10,0,C
2,fashion,121,emotion,lasso,2.205699751280035,0.3937150592140009,0.4000681908472818,0.4283812182111696,10,0,C
2,fashion,131,population,lasso,,0.11811766235463728,0.22200714413311237,0.1985890102518797,10,0,C
2,fashion,131,identity,lasso,8.826635236367853,0.10538104105488198,0.22505304874392293,0.1935471429800427,10,0,C
2,fashion,131,pca,lasso,2.808400732872731,0.10538104105488198,0.22505304874392293,0.1935471429800427,10,0,C
2,fashion,131,emotion,lasso,2.3267110871497274,0.10538104105488198,0.22505304874392293,0.1935471429800427,10,0,C
2,fashion,138,population,lasso,,0.33596785040433136,0.43079062644369404,0.4482990701262603,10,0,C
2,fashion,138,identity,lasso,8.83150962351317,0.30689824504351293,0.4708558856036074,0.46322147618062254,10,0,C
2,fashion,138,pca,lasso,2.90210241692973,0.30689824504351293,0.4708558856036074,0.46322147618062254,10,0,C
2,fashion,138,emotion,lasso,2.1896786690896604,0.30689824504351293,0.4708558856036074,0.46322147618062254,10,0,C
2,fashion,139,population,lasso,,0.3115307713292791,0.4311846890157343,0.48498561964065756,10,0,C
2,fashion,139,identity,lasso,8.830808986693606,0.31053577044599534,0.4526017962105372,0.48570838674921213,10,0,C
2,fashion,139,pca,lasso,3.108451901293903,0.31053577044599534,0.4526017962105372,0.48570838674921213,10,0,C
2,fashion,139,emotion,lasso,1.9585108118186008,0.31053577044599534,0.4526017962105372,0.48570838674921213,10,0,C
2,landscape,7,population,lasso,,0.07883617069534223,0.11117584894969847,0.10469239440499087,10,0,C
2,landscape,7,identity,lasso,8.823615846460044,0.10585080644179923,0.11193697981882009,0.1311128885149472,10,0,C
2,landscape,7,pca,lasso,2.9396553783108113,0.10585080644179923,0.11193697981882009,0.1311128885149472,10,0,C
2,landscape,7,emotion,lasso,2.145242367383829,0.10585080644179923,0.11193697981882009,0.1311128885149472,10,0,C
2,landscape,8,population,lasso,,0.3740813427819794,0.5156183279414803,0.533523375545265,10,0,C
2,landscape,8,identity,lasso,8.800915308885752,0.3973666847692092,0.5092447399475697,0.5180709764915465,10,0,C
2,landscape,8,pca,lasso,2.5565808740111184,0.3973666847692092,0.5092447399475697,0.5180709764915465,10,0,C
2,landscape,8,emotion,lasso,1.8969711115918741,0.3973666847692092,0.5092447399475697,0.5180709764915465,10,0,C
2,landscape,40,population,lasso,,0.16374104097166567,0.19144262097405204,0.2506449229491499,10,0,C
2,landscape,40,identity,lasso,8.811898722573776,0.16703154822285884,0.17089143147841232,0.22794961428137855,10,0,C
2,landscape,40,pca,lasso,2.7798365500265203,0.16703154822285884,0.17089143147841232,0.22794961428137855,10,0,C
2,landscape,40,emotion,lasso,1.8938953080599994,0.16703154822285884,0.17089143147841232,0.22794961428137855,10,0,C
2,landscape,41,population,lasso,,0.2653934795874236,0.5261420363216274,0.51846045780545,10,0,C
2,landscape,41,identity,lasso,8.827255304434402,0.3122035645599999,0.5203318189569026,0.5335925630165115,10,0,C
2,landscape,41,pca,lasso,2.7829205210101517,0.3122035645599999,0.5203318189569026,0.5335925630165115,10,0,C
2,landscape,41,emotion,lasso,2.1432028328316197,0.3122035645599999,0.5203318189569026,0.5335925630165115,10,0,C
2,landscape,45,population,lasso,,0.36460552916695066,0.48592058176483666,0.5250287117959022,10,0,C
2,landscape,45,identity,lasso,8.830122487840825,0.3608009308791779,0.5172413377279197,0.5602368881611687,10,0,C
2,landscape,45,pca,lasso,2.8042993990111307,0.3608009308791779,0.5172413377279197,0.5602368881611687,10,0,C
2,landscape,45,emotion,lasso,2.0818333009412124,0.3608009308791779,0.5172413377279197,0.5602368881611687,10,0,C
2,landscape,46,population,lasso,,0.1262764334480288,0.47622411864820824,0.42330253670302426,10,0,C
2,landscape,46,identity,lasso,8.802635587739957,0.32123272296122074,0.500137081870928,0.4518370397723118,10,0,C
2,landscape,46,pca,lasso,2.941587524668648,0.32123272296122074,0.500137081870928,0.4518370397723118,10,0,C
2,landscape,46,emotion,lasso,2.22365332708255,0.32123272296122074,0.500137081870928,0.4518370397723118,10,0,C
2,landscape,52,population,lasso,,0.26631308188283287,0.5332325318708118,0.5384029897774624,10,0,C
2,landscape,52,identity,lasso,8.81831436880712,0.27730493437506204,0.509300208534364,0.539296729123875,10,0,C
2,landscape,52,pca,lasso,2.886974317322994,0.27730493437506204,0.509300208534364,0.539296729123875,10,0,C
2,landscape,52,emotion,lasso,1.6846207240078828,0.27730493437506204,0.509300208534364,0.539296729123875,10,0,C
2,landscape,58,population,lasso,,0.3351130843750223,0.44345282028433575,0.49568128925040394,10,0,C
2,landscape,58,identity,lasso,8.83204104878652,0.3405637241808747,0.4992463199704362,0.5590154200756632,10,0,C
2,landscape,58,pca,lasso,3.0244272944503656,0.3405637241808747,0.4992463199704362,0.5590154200756632,10,0,C
2,landscape,58,emotion,lasso,2.2672724425102175,0.3405637241808747,0.4992463199704362,0.5590154200756632,10,0,C
2,landscape,65,population,lasso,,0.22485762966288692,0.34915548002574553,0.3445745526872601,10,0,C
2,landscape,65,identity,lasso,8.825972861208331,0.19424017323318568,0.3322911714296012,0.3319441987305291,10,0,C
2,landscape,65,pca,lasso,2.888923253664307,0.19424017323318568,0.3322911714296012,0.3319441987305291,10,0,C
2,landscape,65,emotion,lasso,2.2298959753934895,0.19424017323318568,0.3322911714296012,0.3319441987305291,10,0,C
2,landscape,66,population,lasso,,0.4188413492025832,0.49158112416156563,0.5363402616194561,10,0,C
2,landscape,66,identity,lasso,8.829064220902392,0.458303743773361,0.4732949601497368,0.5390144028779406,10,0,C
2,landscape,66,pca,lasso,2.8950563737106836,0.458303743773361,0.4732949601497368,0.5390144028779406,10,0,C
2,landscape,66,emotion,lasso,1.9372295725895157,0.458303743773361,0.4732949601497368,0.5390144028779406,10,0,C
2,landscape,74,population,lasso,,0.2600385432674014,0.36993683799127136,0.36241209736778995,10,0,C
2,landscape,74,identity,lasso,8.822080628490585,0.25561006178519735,0.344455584513432,0.3410519191055619,10,0,C
2,landscape,74,pca,lasso,2.9472127912184938,0.25561006178519735,0.344455584513432,0.3410519191055619,10,0,C
2,landscape,74,emotion,lasso,2.2347075968117815,0.25561006178519735,0.344455584513432,0.3410519191055619,10,0,C
2,landscape,83,population,lasso,,0.3105859881142208,0.5580393142182419,0.5792415359814705,10,0,C
2,landscape,83,identity,lasso,8.827656127488382,0.5391307286406924,0.5308725713003103,0.579339719016908,10,0,C
2,landscape,83,pca,lasso,2.9349067017704122,0.5391307286406924,0.5308725713003103,0.579339719016908,10,0,C
2,landscape,83,emotion,lasso,1.9771789261115058,0.5391307286406924,0.5308725713003103,0.579339719016908,10,0,C
2,landscape,87,population,lasso,,0.32989095216641273,0.5621620147766427,0.49640546753904835,10,0,C
2,landscape,87,identity,lasso,8.820112227582918,0.31964258647077026,0.5009071908215613,0.46880899081913924,10,0,C
2,landscape,87,pca,lasso,2.886974854935955,0.31964258647077026,0.5009071908215613,0.46880899081913924,10,0,C
2,landscape,87,emotion,lasso,2.2050970198973214,0.31964258647077026,0.5009071908215613,0.46880899081913924,10,0,C
2,landscape,93,population,lasso,,0.3804695516723143,0.691738136764214,0.7058377638260072,10,0,C
2,landscape,93,identity,lasso,8.82706159167715,0.40319288453956237,0.6713156278178252,0.6848774920702743,10,0,C
2,landscape,93,pca,lasso,2.8436340732508545,0.40319288453956237,0.6713156278178252,0.6848774920702743,10,0,C
2,landscape,93,emotion,lasso,2.102646775777595,0.40319288453956237,0.6713156278178252,0.6848774920702743,10,0,C
2,landscape,94,population,lasso,,0.3589119315679964,0.5794907372132404,0.600484788063198,10,0,C
2,landscape,94,identity,lasso,8.83295250621149,0.37445824818196516,0.555863956250288,0.5876299064366419,10,0,C
2,landscape,94,pca,lasso,3.0031984331640627,0.37445824818196516,0.555863956250288,0.5876299064366419,10,0,C
2,landscape,94,emotion,lasso,1.9744686716196507,0.37445824818196516,0.555863956250288,0.5876299064366419,10,0,C
2,landscape,102,population,lasso,,0.3399870543362494,0.6790299215000138,0.6491875123311235,10,0,C
2,landscape,102,identity,lasso,8.830061957043139,0.3086728278786922,0.6612398205012835,0.6392708030517026,10,0,C
2,landscape,102,pca,lasso,2.9624706980241533,0.3086728278786922,0.6612398205012835,0.6392708030517026,10,0,C
2,landscape,102,emotion,lasso,1.8630358289783309,0.3086728278786922,0.6612398205012835,0.6392708030517026,10,0,C
2,landscape,112,population,lasso,,0.39817697157428555,0.4496283623957632,0.5058550450630238,10,0,C
2,landscape,112,identity,lasso,8.816915124474912,0.4199716585799905,0.45427348988996513,0.529261330287115,10,0,C
2,landscape,112,pca,lasso,2.8000944272836907,0.4199716585799905,0.45427348988996513,0.529261330287115,10,0,C
2,landscape,112,emotion,lasso,2.026941798102396,0.4199716585799905,0.45427348988996513,0.529261330287115,10,0,C
2,landscape,113,population,lasso,,0.310550555419091,0.4165581380530387,0.4341467631648882,10,0,C
2,landscape,113,identity,lasso,8.805058585793487,0.34940139626433636,0.4032861915835718,0.4256644845671302,10,0,C
2,landscape,113,pca,lasso,2.6683171932916645,0.34940139626433636,0.4032861915835718,0.4256644845671302,10,0,C
2,landscape,113,emotion,lasso,1.9837199085895494,0.34940139626433636,0.4032861915835718,0.4256644845671302,10,0,C
2,landscape,120,population,lasso,,0.349664603863766,0.5817804170578611,0.5898946131126102,10,0,C
2,landscape,120,identity,lasso,8.828958293561358,0.4476466465558803,0.5843347215749023,0.5647205900433343,10,0,C
2,landscape,120,pca,lasso,2.790378244352769,0.4476466465558803,0.5843347215749023,0.5647205900433343,10,0,C
2,landscape,120,emotion,lasso,2.0419964438634834,0.4476466465558803,0.5843347215749023,0.5647205900433343,10,0,C
2,landscape,121,population,lasso,,0.4834439188666796,0.7627180015255215,0.7286474388248221,10,0,C
2,landscape,121,identity,lasso,8.81033550229016,0.5032721882746355,0.7094280925460339,0.6728638597613085,10,0,C
2,landscape,121,pca,lasso,2.8164099024752605,0.5032721882746355,0.7094280925460339,0.6728638597613085,10,0,C
2,landscape,121,emotion,lasso,2.1906526356045215,0.5032721882746355,0.7094280925460339,0.6728638597613085,10,0,C
2,landscape,131,population,lasso,,0.20485700164272772,0.42519217531147396,0.385435974217834,10,0,C
2,landscape,131,identity,lasso,8.825422614508986,0.22820354445210786,0.428700120381077,0.40341782979423846,10,0,C
2,landscape,131,pca,lasso,2.7595238900138157,0.22820354445210786,0.428700120381077,0.40341782979423846,10,0,C
2,landscape,131,emotion,lasso,1.9414739219810624,0.22820354445210786,0.428700120381077,0.40341782979423846,10,0,C
2,landscape,138,population,lasso,,0.5238598035756077,0.7033761377810577,0.7299233622326994,10,0,C
2,landscape,138,identity,lasso,8.816832367537,0.5777390483872774,0.7273741461703817,0.7742843983688685,10,0,C
2,landscape,138,pca,lasso,2.8371439957123603,0.5777390483872774,0.7273741461703817,0.7742843983688685,10,0,C
2,landscape,138,emotion,lasso,1.9252081175980826,0.5777390483872774,0.7273741461703817,0.7742843983688685,10,0,C
2,landscape,139,population,lasso,,0.28935261207544244,0.50265546630773,0.4627137897797507,10,0,C
2,landscape,139,identity,lasso,8.831185670641837,0.2632371028612284,0.5294924884761475,0.43979853680769565,10,0,C
2,landscape,139,pca,lasso,2.8778424303872003,0.2632371028612284,0.5294924884761475,0.43979853680769565,10,0,C
2,landscape,139,emotion,lasso,2.0344234193406097,0.2632371028612284,0.5294924884761475,0.43979853680769565,10,0,C
3,art,0,population,lasso,,0.2859277713207062,0.27953359394704547,0.3889485026837745,10,0,C
3,art,0,identity,lasso,8.82300207930133,0.36061102483026325,0.281839645833983,0.4047138118683466,10,0,C
3,art,0,pca,lasso,5.702510560474307,0.36061102483026325,0.281839645833983,0.4047138118683466,10,0,C
3,art,0,emotion,lasso,2.126375726409307,0.36061102483026325,0.281839645833983,0.4047138118683466,10,0,C
3,art,9,population,lasso,,0.4833865088673348,0.5573028576138034,0.5379830425283912,10,0,C
3,art,9,identity,lasso,8.828859286384766,0.45203784705038424,0.5587232544837458,0.5290084336947035,10,0,C
3,art,9,pca,lasso,5.396663112478657,0.45203784705038424,0.5587232544837458,0.5290084336947035,10,0,C
3,art,9,emotion,lasso,2.047116353040478,0.45203784705038424,0.5587232544837458,0.5290084336947035,10,0,C
3,art,10,population,lasso,,0.2310176383256404,0.5914186932371016,0.5586190230956722,10,0,C
3,art,10,identity,lasso,8.819439400439055,0.3241389474700268,0.5971562628104327,0.5660033388731843,10,0,C
3,art,10,pca,lasso,5.0533758627501015,0.43400798775270444,0.5723599838717758,0.5552670310714888,10,0,C
3,art,10,emotion,lasso,1.7986451557473913,0.3241389474700268,0.5971562628104327,0.5660033388731843,10,0,C
3,art,11,population,lasso,,0.4210703780768237,0.5611319008415085,0.6074960995777274,10,0,C
3,art,11,identity,lasso,8.820756883096575,0.3961455571818112,0.5637936298159851,0.6039239934351207,10,0,C
3,art,11,pca,lasso,5.529816608783207,0.3961455571818112,0.5637936298159851,0.6039239934351207,10,0,C
3,art,11,emotion,lasso,1.6773445341168347,0.3961455571818112,0.5637936298159851,0.6039239934351207,10,0,C
3,art,24,population,lasso,,0.4532830944821812,0.6225113834142746,0.6296823674709773,10,0,C
3,art,24,identity,lasso,8.814431542620069,0.487396710060408,0.6613718165812502,0.6569448736546312,10,0,C
3,art,24,pca,lasso,5.752132765089851,0.487396710060408,0.6613718165812502,0.6569448736546312,10,0,C
3,art,24,emotion,lasso,1.98192577873433,0.487396710060408,0.6613718165812502,0.6569448736546312,10,0,C
3,art,28,population,lasso,,0.48130802494115027,0.6397298475229632,0.6340000173783884,10,0,C
3,art,28,identity,lasso,8.817025061473894,0.4441412445724519,0.6014022437347304,0.6143024753206183,10,0,C
3,art,28,pca,lasso,5.253046926893625,0.4441412445724519,0.6014022437347304,0.6143024753206183,10,0,C
3,art,28,emotion,lasso,1.8772114426956559,0.4441412445724519,0.6014022437347304,0.6143024753206183,10,0,C
3,art,31,population,lasso,,0.28957338393966087,0.537736128651984,0.5854556247969157,10,0,C
3,art,31,identity,lasso,8.823832525845857,0.3569852281161584,0.5493679392404611,0.5730625889003056,10,0,C
3,art,31,pca,lasso,5.718550409571807,0.3569852281161584,0.5493679392404611,0.5730625889003056,10,0,C
3,art,31,emotion,lasso,2.021718186517301,0.3569852281161584,0.5493679392404611,0.5730625889003056,10,0,C
3,art,32,population,lasso,,0.18540604427455312,0.36759854528131486,0.3764462702077465,10,0,C
3,art,32,identity,lasso,8.820086993794524,0.2527413873488875,0.40510256632422686,0.40055216278004385,10,0,C
3,art,32,pca,lasso,5.716219326518832,0.2527413873488875,0.40510256632422686,0.40055216278004385,10,0,C
3,art,32,emotion,lasso,2.0565741415592314,0.2527413873488875,0.40510256632422686,0.40055216278004385,10,0,C
3,art,36,population,lasso,,0.33835093284699996,0.4199183440596708,0.48034277364118144,10,0,C
3,art,36,identity,lasso,8.801341262484609,0.3227199962708965,0.43630976274191496,0.48304003167270715,10,0,C
3,art,36,pca,lasso,5.441773349370305,0.3227199962708965,0.43630976274191496,0.48304003167270715,10,0,C
3,art,36,emotion,lasso,1.97349130449732,0.3227199962708965,0.43630976274191496,0.48304003167270715,10,0,C
3,art,42,population,lasso,,0.268108266830449,0.36114140516954774,0.41225427492779926,10,0,C
3,art,42,identity,lasso,8.82223100552504,0.23204021896780364,0.37356853348897906,0.41049606599974475,10,0,C
3,art,42,pca,lasso,5.5259046854336145,0.23204021896780364,0.37356853348897906,0.41049606599974475,10,0,C
3,art,42,emotion,lasso,1.9568287940568092,0.23204021896780364,0.37356853348897906,0.41049606599974475,10,0,C
3,art,47,population,lasso,,0.37916515350144014,0.4766525822361409,0.512990873721765,10,0,C
3,art,47,identity,lasso,8.827210638453353,0.2669138734799127,0.4964061082301791,0.5202853358277815,10,0,C
3,art,47,pca,lasso,4.85250121642873,0.2669138734799127,0.4964061082301791,0.5202853358277815,10,0,C
3,art,47,emotion,lasso,1.931694623589454,0.2669138734799127,0.4964061082301791,0.5202853358277815,10,0,C
3,art,54,population,lasso,,0.15486066032749884,0.20263512432395908,0.2553202925084786,10,0,C
3,art,54,identity,lasso,8.810085278853421,0.18713943712838496,0.19169743295419994,0.23415793052445977,10,0,C
3,art,54,pca,lasso,4.954941411793947,0.18713943712838496,0.19169743295419994,0.23415793052445977,10,0,C
3,art,54,emotion,lasso,2.2376643789808255,0.18713943712838496,0.19169743295419994,0.23415793052445977,10,0,C
3,art,55,population,lasso,,0.16914543327527531,0.27577066159794056,0.247900527734967,10,0,C
3,art,55,identity,lasso,8.821778603955563,0.17566139556982321,0.2756728358932233,0.2671896015248461,10,0,C
3,art,55,pca,lasso,4.947642305175103,0.17566139556982321,0.2756728358932233,0.2671896015248461,10,0,C
3,art,55,emotion,lasso,2.0175167768149467,0.17566139556982321,0.2756728358932233,0.2671896015248461,10,0,C
3,art,59,population,lasso,,0.32998585815611264,0.5281646608483644,0.5668198281618968,10,0,C
3,art,59,identity,lasso,8.812722019165879,0.26672962971091674,0.5366573168876587,0.5887167295969997,10,0,C
3,art,59,pca,lasso,4.645706014329342,0.26672962971091674,0.5366573168876587,0.5887167295969997,10,0,C
3,art,59,emotion,lasso,2.1610451024024644,0.26672962971091674,0.5366573168876587,0.5887167295969997,10,0,C
3,art,60,population,lasso,,0.4400345565277051,0.6278644918060651,0.620400581171441,10,0,C
3,art,60,identity,lasso,8.823300046316,0.3856086663710329,0.6500762123245746,0.6461800394577378,10,0,C
3,art,60,pca,lasso,4.958770047366941,0.3856086663710329,0.6500762123245746,0.6461800394577378,10,0,C
3,art,60,emotion,lasso,1.8445839510354178,0.3856086663710329,0.6500762123245746,0.6461800394577378,10,0,C
3,art,67,population,lasso,,0.349475889431415,0.40350026748008927,0.37657262786279777,10,0,C
3,art,67,identity,lasso,8.830518704840356,0.31970089364200355,0.40716559563005117,0.3819940789954621,10,0,C
3,art,67,pca,lasso,5.568329853749613,0.31970089364200355,0.40716559563005117,0.3819940789954621,10,0,C
3,art,67,emotion,lasso,1.988693815774075,0.31970089364200355,0.40716559563005117,0.3819940789954621,10,0,C
3,art,68,population,lasso,,0.4323951756920151,0.635230595932943,0.649006649951416,10,0,C
3,art,68,identity,lasso,8.811710573431977,0.5262817139383705,0.6346324972941674,0.6474707239410592,10,0,C
3,art,68,pca,lasso,4.908645911615528,0.5262817139383705,0.6346324972941674,0.6474707239410592,10,0,C
3,art,68,emotion,lasso,2.112840365313968,0.5262817139383705,0.6346324972941674,0.6474707239410592,10,0,C
3,art,75,population,lasso,,0.3433189233905979,0.4798873481081716,0.47406788177416564,10,0,C
3,art,75,identity,lasso,8.81072201949642,0.41413292948834696,0.46653105748894,0.47999630453404973,10,0,C
3,art,75,pca,lasso,5.0674851448668665,0.41413292948834696,0.46653105748894,0.47999630453404973,10,0,C
3,art,75,emotion,lasso,2.116464173485367,0.41413292948834696,0.46653105748894,0.47999630453404973,10,0,C
3,art,76,population,lasso,,0.3097963234385821,0.4992787240501347,0.4796390962448206,10,0,C
3,art,76,identity,lasso,8.821352048340026,0.3271459962292365,0.5378162816000815,0.5146513907633475,10,0,C
3,art,76,pca,lasso,5.146914444587517,0.33294019917196255,0.5415772346182639,0.5239271817599167,10,0,C
3,art,76,emotion,lasso,1.9225448486807462,0.3271459962292365,0.5378162816000815,0.5146513907633475,10,0,C
3,art,82,population,lasso,,0.3751856272019769,0.6272437790328598,0.6469770697895355,10,0,C
3,art,82,identity,lasso,8.818046863705668,0.419125050840509,0.6740173090642664,0.6907041024785352,10,0,C
3,art,82,pca,lasso,5.441618797411912,0.419125050840509,0.6740173090642664,0.6907041024785352,10,0,C
3,art,82,emotion,lasso,1.9729913494347902,0.419125050840509,0.6740173090642664,0.6907041024785352,10,0,C
3,art,84,population,lasso,,0.2134638659952733,0.26949829497921207,0.2956981759630613,10,0,C
3,art,84,identity,lasso,8.817365768208434,0.20649305549932465,0.26442395314190814,0.29156516887258704,10,0,C
3,art,84,pca,lasso,5.128941244889796,0.20649305549932465,0.26442395314190814,0.29156516887258704,10,0,C
3,art,84,emotion,lasso,1.9467577454376181,0.20649305549932465,0.26442395314190814,0.29156516887258704,10,0,C
3,art,88,population,lasso,,0.37015098532667295,0.5487524956225437,0.5813342576006112,10,0,C
3,art,88,identity,lasso,8.809927113775034,0.3389899950795418,0.5507847286927745,0.5702320609291652,10,0,C
3,art,88,pca,lasso,5.372490843270116,0.3389899950795418,0.5507847286927745,0.5702320609291652,10,0,C
3,art,88,emotion,lasso,2.0871330284532617,0.3389899950795418,0.5507847286927745,0.5702320609291652,10,0,C
3,art,95,population,lasso,,0.291883045254656,0.42955863400840066,0.49043583199620444,10,0,C
3,art,95,identity,lasso,8.812062903403671,0.32159532962499604,0.45041777771373426,0.5263960259993299,10,0,C
3,art,95,pca,lasso,5.21455998807938,0.32159532962499604,0.45041777771373426,0.5263960259993299,10,0,C
3,art,95,emotion,lasso,2.0425808790569393,0.32159532962499604,0.45041777771373426,0.5263960259993299,10,0,C
3,art,96,population,lasso,,0.4541788298135938,0.6358364345983772,0.6802265539546998,10,0,C
3,art,96,identity,lasso,8.801106450804731,0.4039514604813542,0.6240917164695409,0.6732880855828697,10,0,C
3,art,96,pca,lasso,5.372432872813715,0.4039514604813542,0.6240917164695409,0.6732880855828697,10,0,C
3,art,96,emotion,lasso,1.809850588582003,0.4039514604813542,0.6240917164695409,0.6732880855828697,10,0,C
3,art,107,population,lasso,,0.37102246776937203,0.45535445493828774,0.4955707087600696,10,0,C
3,art,107,identity,lasso,8.821235400446218,0.36655505708349423,0.4928234522602913,0.5083025919603172,10,0,C
3,art,107,pca,lasso,5.744568794570439,0.36655505708349423,0.4928234522602913,0.5083025919603172,10,0,C
3,art,107,emotion,lasso,2.2159781813998354,0.36655505708349423,0.4928234522602913,0.5083025919603172,10,0,C
3,art,122,population,lasso,,0.31005430541720913,0.5454237663111605,0.6045333169611645,10,0,C
3,art,122,identity,lasso,8.824070331237149,0.3625752944752027,0.5248936326490204,0.5872226704608857,10,0,C
3,art,122,pca,lasso,5.55877726522126,0.3625752944752027,0.5248936326490204,0.5872226704608857,10,0,C
3,art,122,emotion,lasso,2.307865760387292,0.3625752944752027,0.5248936326490204,0.5872226704608857,10,0,C
3,art,123,population,lasso,,0.37873939700680587,0.44708902515708693,0.5261363335571717,10,0,C
3,art,123,identity,lasso,8.817100447794504,0.3089056201601775,0.4745778560746298,0.5169674150095697,10,0,C
3,art,123,pca,lasso,4.636352411511453,0.3089056201601775,0.4745778560746298,0.5169674150095697,10,0,C
3,art,123,emotion,lasso,1.9345347541388578,0.3089056201601775,0.4745778560746298,0.5169674150095697,10,0,C
3,art,132,population,lasso,,0.3586818379268681,0.5515666704718265,0.6395124037779695,10,0,C
3,art,132,identity,lasso,8.811849409393341,0.4677324684251195,0.539735362426344,0.6136817104575821,10,0,C
3,art,132,pca,lasso,4.853645924920127,0.4677324684251195,0.539735362426344,0.6136817104575821,10,0,C
3,art,132,emotion,lasso,1.905150143811143,0.4677324684251195,0.539735362426344,0.6136817104575821,10,0,C
3,art,140,population,lasso,,0.3582149473321485,0.47374096079774614,0.5004064863963803,10,0,C
3,art,140,identity,lasso,8.826049070101993,0.37344152536114805,0.4884747663377963,0.5150217078518697,10,0,C
3,art,140,pca,lasso,5.2837955123075595,0.37344152536114805,0.4884747663377963,0.5150217078518697,10,0,C
3,art,140,emotion,lasso,2.06972443660834,0.37344152536114805,0.4884747663377963,0.5150217078518697,10,0,C
3,art,141,population,lasso,,0.34720655942359036,0.49914000888201193,0.4787845969955651,10,0,C
3,art,141,identity,lasso,8.821661278225985,0.365272608203814,0.5153465049484464,0.49875363797765576,10,0,C
3,art,141,pca,lasso,5.429261825387589,0.365272608203814,0.5153465049484464,0.49875363797765576,10,0,C
3,art,141,emotion,lasso,1.9828178616312986,0.365272608203814,0.5153465049484464,0.49875363797765576,10,0,C
3,fashion,0,population,lasso,,0.25688510028034056,0.2876837186994515,0.352695150887264,10,0,C
3,fashion,0,identity,lasso,8.979429681192746,0.22430570215537016,0.23172428747347124,0.30364990295946553,10,0,C
3,fashion,0,pca,lasso,5.929363849640682,0.2648742297832682,0.34640595846890476,0.3050189128867813,10,0,C
3,fashion,0,emotion,lasso,1.9628415362824811,0.2288573459969037,0.2438304121821438,0.30209281445967273,10,0,C
3,fashion,9,population,lasso,,0.2642391645373035,0.3089588166470588,0.3457890210854541,10,0,C
3,fashion,9,identity,lasso,8.978321596383555,0.22925661851678875,0.30992910053404954,0.31717509343548084,10,0,C
3,fashion,9,pca,lasso,6.304345106923488,0.22925661851678875,0.30992910053404954,0.31717509343548084,10,0,C
3,fashion,9,emotion,lasso,1.9274948360372137,0.22925661851678875,0.30992910053404954,0.31717509343548084,10,0,C
3,fashion,10,population,lasso,,0.2050808651022812,0.49535853266384117,0.5100929301425051,10,0,C
3,fashion,10,identity,lasso,8.979875360050146,0.1948004340902006,0.38807093210868837,0.3527866857704747,10,0,C
3,fashion,10,pca,lasso,6.018292245225113,0.2736276561859082,0.40024262695666546,0.3994683252625617,10,0,C
3,fashion,10,emotion,lasso,2.1561535217828336,0.20939673171852602,0.5236282755365621,0.535152733245046,10,0,C
3,fashion,11,population,lasso,,0.4193474808650639,0.6358153402604962,0.6102960919893625,10,0,C
3,fashion,11,identity,lasso,8.978983021650365,0.3865525775467527,0.6017404603154848,0.5955659133067043,10,0,C
3,fashion,11,pca,lasso,5.974449053071644,0.38660320859137354,0.6017404603154848,0.5945277065303997,10,0,C
3,fashion,11,emotion,lasso,2.122629502203177,0.38660320859137354,0.6017404603154848,0.5945277065303997,10,0,C
3,fashion,24,population,lasso,,0.3127051493015038,0.4420606899533609,0.49895664473611223,10,0,C
3,fashion,24,identity,lasso,8.978924199353955,0.2628938507431482,0.40583383191533123,0.4652039972309234,10,0,C
3,fashion,24,pca,lasso,6.070004564036686,0.2628938507431482,0.40583383191533123,0.4652039972309234,10,0,C
3,fashion,24,emotion,lasso,2.051657585778836,0.2628938507431482,0.40583383191533123,0.4652039972309234,10,0,C
3,fashion,28,population,lasso,,0.31322165218538284,0.4643147270636995,0.4267887728181428,10,0,C
3,fashion,28,identity,lasso,8.979076305021493,0.280084342000469,0.44701075745400315,0.4224330883379935,10,0,C
3,fashion,28,pca,lasso,5.638871489778352,0.280084342000469,0.44701075745400315,0.4224330883379935,10,0,C
3,fashion,28,emotion,lasso,2.3618135675948264,0.280084342000469,0.44701075745400315,0.4224330883379935,10,0,C
3,fashion,31,population,lasso,,0.05437269680218667,0.22138884759162702,0.1414332465003146,10,0,C
3,fashion,31,identity,lasso,8.980176373996343,0.05406755132975083,0.1011209843567153,0.10258307361306591,10,0,C
3,fashion,31,pca,lasso,6.123524048511947,0.038907320766014226,0.15816986899379679,0.08656026843767922,10,0,C
3,fashion,31,emotion,lasso,2.1216089953078945,0.048267976042919124,0.23412078751063237,0.12707279347030379,10,0,C
3,fashion,32,population,lasso,,0.09976105919038855,0.2352497268931556,0.2238088732273937,10,0,C
3,fashion,32,identity,lasso,8.980038026554515,0.08325400457400634,0.15923846798612357,0.1935207232941424,10,0,C
3,fashion,32,pca,lasso,6.233725529400686,0.10464020107485077,0.24573235721067443,0.23778188440688341,10,0,C
3,fashion,32,emotion,lasso,2.0863487665504787,0.10234794543541309,0.24446469028855589,0.2407920614494533,10,0,C
3,fashion,36,population,lasso,,0.2775569670611325,0.33340553322798266,0.40700704621973094,10,0,C
3,fashion,36,identity,lasso,8.979740764130234,0.278893354974815,0.3586695563305804,0.42480025394362736,10,0,C
3,fashion,36,pca,lasso,6.095902928201906,0.278893354974815,0.3586695563305804,0.42480025394362736,10,0,C
3,fashion,36,emotion,lasso,1.8879013929704778,0.278893354974815,0.3586695563305804,0.42480025394362736,10,0,C
3,fashion,42,population,lasso,,0.06385998492028365,0.22601285886513886,0.14971205503937926,10,0,C
3,fashion,42,identity,lasso,8.979785357011261,0.06524862225349859,0.19023456858270701,0.13050291888173768,10,0,C
3,fashion,42,pca,lasso,5.738029178663456,0.06524862225349859,0.19023456858270701,0.13050291888173768,10,0,C
3,fashion,42,emotion,lasso,2.22889357086831,0.06524862225349859,0.19023456858270701,0.13050291888173768,10,0,C
3,fashion,47,population,lasso,,0.18035851336961223,0.32708888444246054,0.41868289783498347,10,0,C
3,fashion,47,identity,lasso,8.979242274158688,0.13895423079427255,0.24062721695991052,0.2529935227458097,10,0,C
3,fashion,47,pca,lasso,6.186513996454267,0.19383940051700754,0.25279046848711667,0.30724265262470674,10,0,C
3,fashion,47,emotion,lasso,2.097390102723856,0.18278464526735805,0.3541997462802092,0.4295369801371193,10,0,C
3,fashion,54,population,lasso,,0.06910112678379575,0.05701380877368278,0.13171781208437172,10,0,C
3,fashion,54,identity,lasso,8.979628935267073,0.06431720912695235,0.0479095094668905,0.13948172780369747,10,0,C
3,fashion,54,pca,lasso,6.091999411333481,0.0816084703641288,0.06348134380036582,0.17011483580204984,10,0,C
3,fashion,54,emotion,lasso,1.8417603155014834,0.06331023320457718,0.040894721476411204,0.13669963899398985,10,0,C
3,fashion,55,population,lasso,,0.2845553907982344,0.24440984519202227,0.3986035662160131,10,0,C
3,fashion,55,identity,lasso,8.978877595632355,0.2486678667136624,0.24016714484150978,0.38741354533841366,10,0,C
3,fashion,55,pca,lasso,6.123637793483028,0.24302892796193107,0.21693330958870335,0.3813281848779408,10,0,C
3,fashion,55,emotion,lasso,1.7775057548102764,0.2486678667136624,0.24016714484150978,0.38741354533841366,10,0,C
3,fashion,59,population,lasso,,0.1439293731035946,0.18714419054442333,0.3607100984094129,10,0,C
3,fashion,59,identity,lasso,8.979952690011402,0.2320292111024474,0.2938717706699164,0.4092020574273597,10,0,C
3,fashion,59,pca,lasso,5.636047024674802,0.23173390896816068,0.2799249784570392,0.43928565648589735,10,0,C
3,fashion,59,emotion,lasso,2.5548102678829423,0.22976813821581152,0.259449900527496,0.4322686670367049,10,0,C
3,fashion,60,population,lasso,,0.2794532168201588,0.41082984791773214,0.44443490132254543,10,0,C
3,fashion,60,identity,lasso,8.979417906509248,0.29669265706826886,0.43655381540383686,0.4637684820500314,10,0,C
3,fashion,60,pca,lasso,6.1680653390767795,0.29669265706826886,0.43655381540383686,0.4637684820500314,10,0,C
3,fashion,60,emotion,lasso,1.9054835020835263,0.29669265706826886,0.43655381540383686,0.4637684820500314,10,0,C
3,fashion,67,population,lasso,,0.04971098433713528,0.047113823751123024,0.06522265620445225,10,0,C
3,fashion,67,identity,lasso,8.979252617554403,0.022984921689672033,-0.002228706734101529,0.029959607466534817,10,0,C
3,fashion,67,pca,lasso,6.1154781934030105,0.02297126771324166,-0.002228706734101529,0.029941893872574916,10,0,C
3,fashion,67,emotion,lasso,1.9760389335956323,0.022984921689672033,-0.002228706734101529,0.029959607466534817,10,0,C
3,fashion,68,population,lasso,,0.2077600736601168,0.44951766197895826,0.3980875282134193,10,0,C
3,fashion,68,identity,lasso,8.980123962925127,0.21646545527571737,0.44552058290527397,0.4109958844693279,10,0,C
3,fashion,68,pca,lasso,6.510201126926579,0.21646545527571737,0.44552058290527397,0.4109958844693279,10,0,C
3,fashion,68,emotion,lasso,1.8405784973319825,0.21646545527571737,0.44552058290527397,0.4109958844693279,10,0,C
3,fashion,75,population,lasso,,0.31120127041370005,0.4362405110401935,0.44964888830852917,10,0,C
3,fashion,75,identity,lasso,8.97894495606366,0.3065523538292885,0.4127036257623505,0.47800848883754066,10,0,C
3,fashion,75,pca,lasso,5.892763449501238,0.36108494306198413,0.5113464089117655,0.5339570597896715,10,0,C
3,fashion,75,emotion,lasso,2.2973089446024426,0.31326658657872947,0.4638685716560307,0.49007967030323357,10,0,C
3,fashion,76,population,lasso,,0.22304521972136862,0.3156493853383382,0.3180690827170327,10,0,C
3,fashion,76,identity,lasso,8.978565301824545,0.2084223630272732,0.3211746435689274,0.3232109145410558,10,0,C
3,fashion,76,pca,lasso,5.975863908020821,0.20821349446589593,0.32031290604672535,0.3228869349326567,10,0,C
3,fashion,76,emotion,lasso,1.7803999620534978,0.2084223630272732,0.3211746435689274,0.3232109145410558,10,0,C
3,fashion,82,population,lasso,,0.19827479187599087,0.36996933514586133,0.36395953059951675,10,0,C
3,fashion,82,identity,lasso,8.979941916164998,0.1769746590328052,0.38577404344467703,0.39011388123264473,10,0,C
3,fashion,82,pca,lasso,6.2682489648288895,0.15780101671371574,0.31271454281807626,0.31176025009550273,10,0,C
3,fashion,82,emotion,lasso,2.162253730186547,0.1769746590328052,0.38577404344467703,0.39011388123264473,10,0,C
3,fashion,84,population,lasso,,0.19343317010338493,0.4064131633353817,0.39485580833264555,10,0,C
3,fashion,84,identity,lasso,8.980107463591077,0.21255952431052155,0.46920071256386503,0.46820023251195025,10,0,C
3,fashion,84,pca,lasso,6.259266035468881,0.13193845790771117,0.3082853390342565,0.2984066190559252,10,0,C
3,fashion,84,emotion,lasso,1.9401092305082506,0.18375298632808257,0.4412442125424235,0.4054092101289568,10,0,C
3,fashion,88,population,lasso,,0.12050926709916045,0.33591623862151326,0.3039153464619974,10,0,C
3,fashion,88,identity,lasso,8.980194604151052,0.07701524482465502,0.2676504911879063,0.25990230326770647,10,0,C
3,fashion,88,pca,lasso,6.248719132741629,0.07692616190647117,0.2735993634642635,0.2634117972135355,10,0,C
3,fashion,88,emotion,lasso,2.0709299479453707,0.07692616190647117,0.2735993634642635,0.2634117972135355,10,0,C
3,fashion,95,population,lasso,,0.0601382858589128,0.16242501907712095,0.14381152157491653,10,0,C
3,fashion,95,identity,lasso,8.980506791530344,0.09263022494551346,0.21081424148252947,0.17244078020917858,10,0,C
3,fashion,95,pca,lasso,6.198579112315792,0.14057962332945464,0.18355546979316054,0.20893468756476763,10,0,C
3,fashion,95,emotion,lasso,1.9725299235741813,0.06030362231136557,0.13560748649783175,0.16074209451055,10,0,C
3,fashion,96,population,lasso,,0.21166399802482386,0.32904900057861236,0.3448226021641874,10,0,C
3,fashion,96,identity,lasso,8.978509546266338,0.14325262695323993,0.16741609808618904,0.2119478164801032,10,0,C
3,fashion,96,pca,lasso,5.126203461731983,0.11237136004985841,0.20404300351337118,0.18814855969596903,10,0,C
3,fashion,96,emotion,lasso,1.7558912455171618,0.21925921560330733,0.37032223408967463,0.378798806131302,10,0,C
3,fashion,107,population,lasso,,0.11165201634423681,0.1911619924477929,0.20157542030191675,10,0,C
3,fashion,107,identity,lasso,8.97966332523833,0.10014023981598624,0.1463227497978695,0.18191836499059663,10,0,C
3,fashion,107,pca,lasso,6.458291332159123,0.07293063444812305,0.10118590155513686,0.10223841278918604,10,0,C
3,fashion,107,emotion,lasso,1.965747570118393,0.0942599762720782,0.14463631810528388,0.18320757311856753,10,0,C
3,fashion,122,population,lasso,,0.10635363472047037,0.21939188019658928,0.23089824753378857,10,0,C
3,fashion,122,identity,lasso,8.979384171417475,0.12044959598762733,0.2449784017836601,0.2584276179745363,10,0,C
3,fashion,122,pca,lasso,6.249979868221722,0.11367213470457115,0.20183250263683483,0.23220405713035455,10,0,C
3,fashion,122,emotion,lasso,1.9181316370143355,0.10885157500756379,0.20403996724434686,0.23890154506095918,10,0,C
3,fashion,123,population,lasso,,0.3572725642381879,0.5359186507827997,0.4749525105141555,10,0,C
3,fashion,123,identity,lasso,8.979041739989478,0.3684824303664786,0.5207961689335803,0.4903634843881374,10,0,C
3,fashion,123,pca,lasso,6.07350163057327,0.3570616655148185,0.47462487053014984,0.4785465219380944,10,0,C
3,fashion,123,emotion,lasso,2.0280801662553873,0.3684824303664786,0.5207961689335803,0.4903634843881374,10,0,C
3,fashion,132,population,lasso,,0.10635198708778279,0.27904904814191656,0.31629300900731777,10,0,C
3,fashion,132,identity,lasso,8.978553900957778,0.14135279506109286,0.3161695688622,0.34006984321193684,10,0,C
3,fashion,132,pca,lasso,6.021987674926762,0.14300200392343093,0.320983326228333,0.3446416264081057,10,0,C
3,fashion,132,emotion,lasso,1.9325123203537828,0.14300200392343093,0.320983326228333,0.3446416264081057,10,0,C
3,fashion,140,population,lasso,,0.20468992461486496,0.3613693185780144,0.4216775420992807,10,0,C
3,fashion,140,identity,lasso,8.979921820739522,0.20953107233604315,0.4337019494954459,0.5018786463150114,10,0,C
3,fashion,140,pca,lasso,6.242339807650612,0.20953107233604315,0.4337019494954459,0.5018786463150114,10,0,C
3,fashion,140,emotion,lasso,1.936311271574925,0.20953107233604315,0.4337019494954459,0.5018786463150114,10,0,C
3,fashion,141,population,lasso,,0.16605589776782778,0.31070107317763634,0.2727830617940577,10,0,C
3,fashion,141,identity,lasso,8.980070166975615,0.17399039093671353,0.2859873707939488,0.2804782762839143,10,0,C
3,fashion,141,pca,lasso,6.186700308340325,0.170113187826859,0.27281689977054324,0.27124650446919174,10,0,C
3,fashion,141,emotion,lasso,2.0170772010621825,0.1713303035193559,0.2781054286756945,0.27661906607473125,10,0,C
3,landscape,0,population,lasso,,0.14606333514259304,0.460365345324975,0.427047035816618,10,0,C
3,landscape,0,identity,lasso,8.827673827770518,0.24844918435539398,0.4186627111782382,0.38350783447612086,10,0,C
3,landscape,0,pca,lasso,6.0136443593276185,0.2681592288290516,0.43998510438049365,0.3996082448052615,10,0,C
3,landscape,0,emotion,lasso,4.102045484657736,0.26824189371553553,0.42114205922501213,0.38696575388516846,10,0,C
3,landscape,9,population,lasso,,0.39730605181389234,0.47464180549846186,0.5505292586799927,10,0,C
3,landscape,9,identity,lasso,8.825335434528645,0.45375108419741284,0.4760969923426796,0.5779612414274162,10,0,C
3,landscape,9,pca,lasso,6.189123343978647,0.45375108419741284,0.4760969923426796,0.5779612414274162,10,0,C
3,landscape,9,emotion,lasso,4.003588739570295,0.45375108419741284,0.4760969923426796,0.5779612414274162,10,0,C
3,landscape,10,population,lasso,,0.1934522670853127,0.6316594396971398,0.6390481176540118,10,0,C
3,landscape,10,identity,lasso,8.817472007240221,0.26025170894604566,0.6577501465600177,0.6586142813280771,10,0,C
3,landscape,10,pca,lasso,5.996993740368259,0.24024819969067635,0.41387791092989124,0.43275897681995107,10,0,C
3,landscape,10,emotion,lasso,4.248320366117763,0.21351599348189695,0.6816870239632957,0.6598480797475299,10,0,C
3,landscape,11,population,lasso,,0.24716375519151387,0.35892222990608796,0.4283348306991848,10,0,C
3,landscape,11,identity,lasso,8.81849529198649,0.3144553788218581,0.39530747793777665,0.46764526784321164,10,0,C
3,landscape,11,pca,lasso,5.750099535094142,0.3144553788218581,0.39530747793777665,0.46764526784321164,10,0,C
3,landscape,11,emotion,lasso,4.104962558936979,0.3448473369154434,0.3804181216971669,0.42981415882448576,10,0,C
3,landscape,24,population,lasso,,0.08858214458861534,0.11983656847885509,0.11573202429427816,10,0,C
3,landscape,24,identity,lasso,8.831644082062315,0.14064217635425078,0.199458076190627,0.19450245478172315,10,0,C
3,landscape,24,pca,lasso,6.46577974228807,0.1985587216359921,0.18635853226783716,0.23637959505369308,10,0,C
3,landscape,24,emotion,lasso,4.421019736373588,0.17227263290215036,0.23476754643518397,0.2386174233385285,10,0,C
3,landscape,28,population,lasso,,0.21012622578777598,0.3090570361448919,0.3263828121496469,10,0,C
3,landscape,28,identity,lasso,8.830865379035938,0.22284991984308436,0.323870120202155,0.3555847528827924,10,0,C
3,landscape,28,pca,lasso,5.65951795942675,0.22284991984308436,0.323870120202155,0.3555847528827924,10,0,C
3,landscape,28,emotion,lasso,4.267497108778965,0.22284991984308436,0.323870120202155,0.3555847528827924,10,0,C
3,landscape,31,population,lasso,,0.08155116018054527,0.4108785871586063,0.2709623805525323,10,0,C
3,landscape,31,identity,lasso,8.830247536976163,0.14037105291658938,0.42198894895467076,0.24448432841022533,10,0,C
3,landscape,31,pca,lasso,6.3885536642718295,0.13569265674899259,0.3822066857494076,0.3222552585256428,10,0,C
3,landscape,31,emotion,lasso,4.266781026624681,0.08099852749520403,0.3683315334603132,0.3749977535530762,10,0,C
3,landscape,32,population,lasso,,0.279992612593213,0.5672174104392974,0.5590383200836626,10,0,C
3,landscape,32,identity,lasso,8.829298042531253,0.31014485273943,0.5501876754006574,0.5593037760963196,10,0,C
3,landscape,32,pca,lasso,6.149935059053825,0.31014485273943,0.5501876754006574,0.5593037760963196,10,0,C
3,landscape,32,emotion,lasso,4.6699246610965695,0.31014485273943,0.5501876754006574,0.5593037760963196,10,0,C
3,landscape,36,population,lasso,,0.3232235578491162,0.5828139255616032,0.5797627190589181,10,0,C
3,landscape,36,identity,lasso,8.82525395562075,0.36203384092557406,0.5504822795845599,0.5713087173090629,10,0,C
3,landscape,36,pca,lasso,5.6120569074862825,0.40263649954260017,0.5695038163114532,0.587164096385199,10,0,C
3,landscape,36,emotion,lasso,4.164763601045106,0.4331744369153587,0.5907602594422897,0.5988570503244883,10,0,C
3,landscape,42,population,lasso,,0.30246355086189014,0.5154890297077461,0.4989455895077597,10,0,C
3,landscape,42,identity,lasso,8.827691815039886,0.36785117528442446,0.5334084587475573,0.5172401522468545,10,0,C
3,landscape,42,pca,lasso,6.350660420197009,0.3752618616853048,0.5357502023152598,0.5251074656408948,10,0,C
3,landscape,42,emotion,lasso,4.479348311131769,0.36785117528442446,0.5334084587475573,0.5172401522468545,10,0,C
3,landscape,47,population,lasso,,0.36799059239953036,0.5217968229717819,0.5535773029257693,10,0,C
3,landscape,47,identity,lasso,8.829075030313588,0.48495466728149156,0.5352790384534273,0.5966397046669683,10,0,C
3,landscape,47,pca,lasso,6.159991159531691,0.48495466728149156,0.5352790384534273,0.5966397046669683,10,0,C
3,landscape,47,emotion,lasso,4.5932899742543265,0.48495466728149156,0.5352790384534273,0.5966397046669683,10,0,C
3,landscape,54,population,lasso,,0.15498853082306363,0.25705059879602293,0.30818777308274553,10,0,C
3,landscape,54,identity,lasso,8.83032360973479,0.1336389536011667,0.24150847385900387,0.2737729071748979,10,0,C
3,landscape,54,pca,lasso,6.204075089597843,0.1336389536011667,0.24150847385900387,0.2737729071748979,10,0,C
3,landscape,54,emotion,lasso,4.41660536956327,0.1336389536011667,0.24150847385900387,0.2737729071748979,10,0,C
3,landscape,55,population,lasso,,0.41377643512126216,0.6324829735624852,0.6498277627703292,10,0,C
3,landscape,55,identity,lasso,8.82518079163843,0.5043710455473405,0.6181648556261546,0.6361388085057069,10,0,C
3,landscape,55,pca,lasso,5.8848433171282775,0.5180499222557698,0.6262187969653407,0.6364839293389822,10,0,C
3,landscape,55,emotion,lasso,4.47619944268208,0.5152802957045848,0.6122984045272416,0.6351848839931235,10,0,C
3,landscape,59,population,lasso,,0.24977667481505747,0.48674892744164633,0.4789141113767915,10,0,C
3,landscape,59,identity,lasso,8.833554946173317,0.3687036306100326,0.49352787431042633,0.4740020691636403,10,0,C
3,landscape,59,pca,lasso,5.9957897391486545,0.3687036306100326,0.49352787431042633,0.4740020691636403,10,0,C
3,landscape,59,emotion,lasso,4.399458796042419,0.3687036306100326,0.49352787431042633,0.4740020691636403,10,0,C
3,landscape,60,population,lasso,,0.4301685983462316,0.7392338863465485,0.6989376094892306,10,0,C
3,landscape,60,identity,lasso,8.830775349729187,0.46901311942272894,0.8024150149313478,0.7527818969242976,10,0,C
3,landscape,60,pca,lasso,5.332769624482714,0.4889770828162796,0.7788260885348542,0.7442060683360688,10,0,C
3,landscape,60,emotion,lasso,4.319149588151131,0.4748792528490907,0.8067706465688746,0.7568487358560626,10,0,C
3,landscape,67,population,lasso,,0.38349228081033215,0.49130634812593543,0.4488208281427752,10,0,C
3,landscape,67,identity,lasso,8.818165231742839,0.4209812028565302,0.46228772936860213,0.4534440257365465,10,0,C
3,landscape,67,pca,lasso,5.6272851592577995,0.4209812028565302,0.46228772936860213,0.4534440257365465,10,0,C
3,landscape,67,emotion,lasso,4.20666009837279,0.4209812028565302,0.46228772936860213,0.4534440257365465,10,0,C
3,landscape,68,population,lasso,,0.16474019341337162,0.30199532957071923,0.29979968396024026,10,0,C
3,landscape,68,identity,lasso,8.826890059993884,0.2364715230192242,0.3368332548786953,0.33519939666552034,10,0,C
3,landscape,68,pca,lasso,6.311803291875879,0.2364715230192242,0.3368332548786953,0.33519939666552034,10,0,C
3,landscape,68,emotion,lasso,4.058222078008562,0.2364715230192242,0.3368332548786953,0.33519939666552034,10,0,C
3,landscape,75,population,lasso,,0.26062687023795217,0.4334212697460177,0.41860993695301046,10,0,C
3,landscape,75,identity,lasso,8.80854247944059,0.3707699346492696,0.4443434437352558,0.42292416007960887,10,0,C
3,landscape,75,pca,lasso,5.578216424381486,0.3707699346492696,0.4443434437352558,0.42292416007960887,10,0,C
3,landscape,75,emotion,lasso,3.886025091618992,0.3707699346492696,0.4443434437352558,0.42292416007960887,10,0,C
3,landscape,76,population,lasso,,0.2946703427833485,0.38740770525454327,0.4411079145474148,10,0,C
3,landscape,76,identity,lasso,8.83334123653989,0.3847200286995523,0.4614694682186852,0.4841477237062184,10,0,C
3,landscape,76,pca,lasso,6.2060644536315355,0.3847200286995523,0.4614694682186852,0.4841477237062184,10,0,C
3,landscape,76,emotion,lasso,4.4194687660173395,0.3847200286995523,0.4614694682186852,0.4841477237062184,10,0,C
3,landscape,82,population,lasso,,0.29164617795177505,0.4744622380261111,0.45940926582825375,10,0,C
3,landscape,82,identity,lasso,8.826327632312163,0.35594329561590393,0.4948310782318455,0.49034742101652906,10,0,C
3,landscape,82,pca,lasso,6.5162041541934395,0.35594329561590393,0.4948310782318455,0.49034742101652906,10,0,C
3,landscape,82,emotion,lasso,4.11458953286785,0.35594329561590393,0.4948310782318455,0.49034742101652906,10,0,C
3,landscape,84,population,lasso,,0.3231128008869206,0.5258621956545636,0.5261794531254952,10,0,C
3,landscape,84,identity,lasso,8.826494635009244,0.355627295170021,0.5582056795549317,0.5528837107900908,10,0,C
3,landscape,84,pca,lasso,5.840102133749829,0.355627295170021,0.5582056795549317,0.5528837107900908,10,0,C
3,landscape,84,emotion,lasso,4.431110906573869,0.355627295170021,0.5582056795549317,0.5528837107900908,10,0,C
3,landscape,88,population,lasso,,0.38855100927938496,0.6715142251977014,0.673366518083452,10,0,C
3,landscape,88,identity,lasso,8.811973482025522,0.4662894754471507,0.718731598216922,0.7092757422396666,10,0,C
3,landscape,88,pca,lasso,5.716962630220579,0.4694816483792443,0.6937284089808372,0.6907592202226366,10,0,C
3,landscape,88,emotion,lasso,3.6915075753136795,0.5260050870110098,0.6904011744053895,0.6791092876378523,10,0,C
3,landscape,95,population,lasso,,0.21936838204480902,0.44085461293468475,0.46757118906054174,10,0,C
3,landscape,95,identity,lasso,8.82665382844185,0.26681084524413434,0.4369935462595325,0.5108264704172276,10,0,C
3,landscape,95,pca,lasso,5.904235996176402,0.2906840533567887,0.40595651029388596,0.46191637432439325,10,0,C
3,landscape,95,emotion,lasso,4.033844858310275,0.10145313631333351,0.4123421205643301,0.46352197916421756,10,0,C
3,landscape,96,population,lasso,,0.38044412871284444,0.5913344426425794,0.5874795340188947,10,0,C
3,landscape,96,identity,lasso,8.83261550810862,0.4118313020100031,0.5163954033939346,0.5298267308363479,10,0,C
3,landscape,96,pca,lasso,5.688186870899695,0.4118313020100031,0.5163954033939346,0.5298267308363479,10,0,C
3,landscape,96,emotion,lasso,4.140677856918949,0.4118313020100031,0.5163954033939346,0.5298267308363479,10,0,C
3,landscape,107,population,lasso,,0.1287143822123244,0.1999182374868888,0.1849515085443048,10,0,C
3,landscape,107,identity,lasso,8.819304283486138,0.1256401762313865,0.2459956761094593,0.2061127323367081,10,0,C
3,landscape,107,pca,lasso,6.296653946322399,0.1256401762313865,0.2459956761094593,0.2061127323367081,10,0,C
3,landscape,107,emotion,lasso,4.600480240865133,0.1256401762313865,0.2459956761094593,0.2061127323367081,10,0,C
3,landscape,122,population,lasso,,0.25230648585364734,0.5343230203043873,0.5300928085735649,10,0,C
3,landscape,122,identity,lasso,8.819222874903955,0.2638490791096207,0.540655737582069,0.566372665954369,10,0,C
3,landscape,122,pca,lasso,5.662877917379917,0.27818999618624257,0.5559433128852221,0.5824986453096153,10,0,C
3,landscape,122,emotion,lasso,4.198921661699592,0.29113238324464963,0.5606928508434834,0.5996372330628409,10,0,C
3,landscape,123,population,lasso,,0.38928726498959193,0.66068611642936,0.6499367748012611,10,0,C
3,landscape,123,identity,lasso,8.82863452288604,0.4050823337696551,0.6606366823765033,0.6330599016632071,10,0,C
3,landscape,123,pca,lasso,6.48978129266504,0.5507309295774718,0.6715121740049702,0.6794932476333809,10,0,C
3,landscape,123,emotion,lasso,4.055970632477739,0.5314211385228331,0.6617242315393499,0.6455521420574025,10,0,C
3,landscape,132,population,lasso,,0.07191878799833308,0.3718958770900525,0.43953876363658895,10,0,C
3,landscape,132,identity,lasso,8.829579463502434,0.2382324377182596,0.27407396128981615,0.33848053113553117,10,0,C
3,landscape,132,pca,lasso,6.052639545645801,0.2382324377182596,0.27407396128981615,0.33848053113553117,10,0,C
3,landscape,132,emotion,lasso,4.302622946619324,0.2382324377182596,0.27407396128981615,0.33848053113553117,10,0,C
3,landscape,140,population,lasso,,0.23610298525135248,0.491103838208049,0.4266656849557858,10,0,C
3,landscape,140,identity,lasso,8.820053027136922,0.26040165577999846,0.47034245332029995,0.366884121505941,10,0,C
3,landscape,140,pca,lasso,6.265357715313192,0.2577286172237869,0.4633722041973146,0.35973384249776713,10,0,C
3,landscape,140,emotion,lasso,4.041224689174532,0.2826446032120075,0.5145039602637853,0.41352169961849344,10,0,C
3,landscape,141,population,lasso,,0.2976193753971502,0.44107306642996613,0.4359895632594693,10,0,C
3,landscape,141,identity,lasso,8.827187264935828,0.40972735455843234,0.5190558595130934,0.5042267971345631,10,0,C
3,landscape,141,pca,lasso,6.030759804767681,0.40972735455843234,0.5190558595130934,0.5042267971345631,10,0,C
3,landscape,141,emotion,lasso,3.9326603097716264,0.40972735455843234,0.5190558595130934,0.5042267971345631,10,0,C
4,art,1,population,lasso,,0.3212815916583224,0.3784430199175785,0.34816280705184227,10,0,C
4,art,1,identity,lasso,8.82674334080291,0.2429887192042082,0.37612570655572103,0.3846846300337775,10,0,C
4,art,1,pca,lasso,2.882512622178446,0.2429887192042082,0.37612570655572103,0.3846846300337775,10,0,C
4,art,1,emotion,lasso,1.91837778617014,0.2429887192042082,0.37612570655572103,0.3846846300337775,10,0,C
4,art,2,population,lasso,,0.47451290191939,0.7682037048469291,0.7462074922798864,10,0,C
4,art,2,identity,lasso,8.805693963298268,0.5382233636570489,0.7873181898444129,0.7423195503184303,10,0,C
4,art,2,pca,lasso,3.1616700486045266,0.5382233636570489,0.7873181898444129,0.7423195503184303,10,0,C
4,art,2,emotion,lasso,1.8707482415411596,0.5382233636570489,0.7873181898444129,0.7423195503184303,10,0,C
4,art,12,population,lasso,,0.41876152784728865,0.48891060821062526,0.49018135828676607,10,0,C
4,art,12,identity,lasso,8.816689062334099,0.3922273801561716,0.5077032044344681,0.4995704194893714,10,0,C
4,art,12,pca,lasso,2.5878445671480907,0.3922273801561716,0.5077032044344681,0.4995704194893714,10,0,C
4,art,12,emotion,lasso,1.9250550464560787,0.3922273801561716,0.5077032044344681,0.4995704194893714,10,0,C
4,art,13,population,lasso,,0.23656073678199116,0.34405877105834437,0.3781783528975511,10,0,C
4,art,13,identity,lasso,8.825101652540734,0.2889394034393053,0.40268344706643516,0.4344863006757111,10,0,C
4,art,13,pca,lasso,2.7379370954744378,0.2889394034393053,0.40268344706643516,0.4344863006757111,10,0,C
4,art,13,emotion,lasso,1.8212498460394149,0.2889394034393053,0.40268344706643516,0.4344863006757111,10,0,C
4,art,26,population,lasso,,0.3034282715722474,0.4075274015508536,0.38135933469227745,10,0,C
4,art,26,identity,lasso,8.822503458096385,0.3473690705425854,0.4485805304540108,0.4204868020584249,10,0,C
4,art,26,pca,lasso,3.0693120637387734,0.3473690705425854,0.4485805304540108,0.4204868020584249,10,0,C
4,art,26,emotion,lasso,2.069325810212947,0.3473690705425854,0.4485805304540108,0.4204868020584249,10,0,C
4,art,29,population,lasso,,0.22082747344262862,0.25599015606024633,0.26039024793622384,10,0,C
4,art,29,identity,lasso,8.822089989568166,0.30360478378944633,0.32442617288488834,0.3399597820816383,10,0,C
4,art,29,pca,lasso,2.7148398067260255,0.30360478378944633,0.32442617288488834,0.3399597820816383,10,0,C
4,art,29,emotion,lasso,1.9323208570410173,0.30360478378944633,0.32442617288488834,0.3399597820816383,10,0,C
4,art,34,population,lasso,,0.2554110271449753,0.6165540616070493,0.5955179418524631,10,0,C
4,art,34,identity,lasso,8.812381856361798,0.3062640070969097,0.6266138095529693,0.6269887555256602,10,0,C
4,art,34,pca,lasso,3.1035632182748154,0.3062640070969097,0.6266138095529693,0.6269887555256602,10,0,C
4,art,34,emotion,lasso,2.1155887060209544,0.3062640070969097,0.6266138095529693,0.6269887555256602,10,0,C
4,art,38,population,lasso,,0.39478207159370177,0.6217008493693564,0.6083592770443723,10,0,C
4,art,38,identity,lasso,8.818872006567116,0.36523869667805114,0.6213089799401921,0.6094974344799774,10,0,C
4,art,38,pca,lasso,2.859211085676754,0.36523869667805114,0.6213089799401921,0.6094974344799774,10,0,C
4,art,38,emotion,lasso,2.002064532821789,0.36523869667805114,0.6213089799401921,0.6094974344799774,10,0,C
4,art,43,population,lasso,,0.21087144204642314,0.3900867855323119,0.3989598185090366,10,0,C
4,art,43,identity,lasso,8.826743960316312,0.17730743626760015,0.3190238946588173,0.3479754494256927,10,0,C
4,art,43,pca,lasso,3.1171115150616564,0.17730743626760015,0.3190238946588173,0.3479754494256927,10,0,C
4,art,43,emotion,lasso,2.0780963378749826,0.17730743626760015,0.3190238946588173,0.3479754494256927,10,0,C
4,art,48,population,lasso,,0.3888458082951585,0.5716007538243746,0.5795522662755317,10,0,C
4,art,48,identity,lasso,8.811519185084707,0.369565767992896,0.6665161890592995,0.6584588028528586,10,0,C
4,art,48,pca,lasso,2.840794830785155,0.369565767992896,0.6665161890592995,0.6584588028528586,10,0,C
4,art,48,emotion,lasso,2.010022514059923,0.369565767992896,0.6665161890592995,0.6584588028528586,10,0,C
4,art,49,population,lasso,,0.35052056933516335,0.5137955617133181,0.5197874510518965,10,0,C
4,art,49,identity,lasso,8.813944065801051,0.32508402651321544,0.5250725532488049,0.5186101835548991,10,0,C
4,art,49,pca,lasso,2.8131330779833297,0.32508402651321544,0.5250725532488049,0.5186101835548991,10,0,C
4,art,49,emotion,lasso,1.847127128340592,0.32508402651321544,0.5250725532488049,0.5186101835548991,10,0,C
4,art,56,population,lasso,,0.042475525447242306,0.05750314076885966,0.16373504482435877,10,0,C
4,art,56,identity,lasso,8.81263365561936,0.10726081048084934,0.08793057682232729,0.1685192335018076,10,0,C
4,art,56,pca,lasso,2.903969581868089,0.10726081048084934,0.08793057682232729,0.1685192335018076,10,0,C
4,art,56,emotion,lasso,1.9638011128755521,0.10726081048084934,0.08793057682232729,0.1685192335018076,10,0,C
4,art,61,population,lasso,,0.22526147389042994,0.3946107226214079,0.3978853172784347,10,0,C
4,art,61,identity,lasso,8.819924812087812,0.32818391765462895,0.4198381239277841,0.43186809016611066,10,0,C
4,art,61,pca,lasso,2.769794973572248,0.32818391765462895,0.4198381239277841,0.43186809016611066,10,0,C
4,art,61,emotion,lasso,1.932647306871828,0.32818391765462895,0.4198381239277841,0.43186809016611066,10,0,C
4,art,72,population,lasso,,0.1900345246855387,0.4742676858662527,0.4536826360447862,10,0,C
4,art,72,identity,lasso,8.82847343444949,0.26465523541662866,0.4682371698942248,0.4475836929815035,10,0,C
4,art,72,pca,lasso,2.740299612136908,0.26465523541662866,0.4682371698942248,0.4475836929815035,10,0,C
4,art,72,emotion,lasso,2.0373120064019865,0.26465523541662866,0.4682371698942248,0.4475836929815035,10,0,C
4,art,77,population,lasso,,0.3220443540825089,0.44290138454106787,0.44313500264652433,10,0,C
4,art,77,identity,lasso,8.822167828026824,0.31342101001575634,0.5115310594777744,0.48963741411930023,10,0,C
4,art,77,pca,lasso,2.6291353870403142,0.31342101001575634,0.5115310594777744,0.48963741411930023,10,0,C
4,art,77,emotion,lasso,2.0223864369115905,0.31342101001575634,0.5115310594777744,0.48963741411930023,10,0,C
4,art,78,population,lasso,,0.3277094308162793,0.5765988618218482,0.5864115364935691,10,0,C
4,art,78,identity,lasso,8.827608738480812,0.3353577169464047,0.59660049698074,0.5960709436965724,10,0,C
4,art,78,pca,lasso,3.0253704940230115,0.3353577169464047,0.59660049698074,0.5960709436965724,10,0,C
4,art,78,emotion,lasso,1.8277320445227327,0.3353577169464047,0.59660049698074,0.5960709436965724,10,0,C
4,art,89,population,lasso,,0.26772782953636565,0.4869979921911644,0.49542852389339725,10,0,C
4,art,89,identity,lasso,8.823713851965472,0.40926213282078033,0.4935470497048554,0.4910826916586702,10,0,C
4,art,89,pca,lasso,2.949957075867921,0.40926213282078033,0.4935470497048554,0.4910826916586702,10,0,C
4,art,89,emotion,lasso,1.9664367457758072,0.40926213282078033,0.4935470497048554,0.4910826916586702,10,0,C
4,art,90,population,lasso,,0.22172486602509656,0.4007117720538722,0.37650625532482995,10,0,C
4,art,90,identity,lasso,8.824206441331016,0.21759050764257162,0.4074384680532844,0.3905626193642252,10,0,C
4,art,90,pca,lasso,2.84807232628066,0.21759050764257162,0.4074384680532844,0.3905626193642252,10,0,C
4,art,90,emotion,lasso,1.906208988197394,0.21759050764257162,0.4074384680532844,0.3905626193642252,10,0,C
4,art,97,population,lasso,,0.3081336015048935,0.37605365836945764,0.3754386472792644,10,0,C
4,art,97,identity,lasso,8.808847920705876,0.32501054709847055,0.4422177687194491,0.4366269962065135,10,0,C
4,art,97,pca,lasso,2.837375299069462,0.32501054709847055,0.4422177687194491,0.4366269962065135,10,0,C
4,art,97,emotion,lasso,2.0966422183173634,0.32501054709847055,0.4422177687194491,0.4366269962065135,10,0,C
4,art,103,population,lasso,,0.3960230789042073,0.6369834232227993,0.6784672294953801,10,0,C
4,art,103,identity,lasso,8.823813339100614,0.4432725505779609,0.6525610081142803,0.6926460772030445,10,0,C
4,art,103,pca,lasso,3.0052370835450666,0.4432725505779609,0.6525610081142803,0.6926460772030445,10,0,C
4,art,103,emotion,lasso,1.995883912991586,0.4432725505779609,0.6525610081142803,0.6926460772030445,10,0,C
4,art,108,population,lasso,,0.14272420478716125,0.2938502661986966,0.2967445319908273,10,0,C
4,art,108,identity,lasso,8.815052472702426,0.16635522202936562,0.3038819974429313,0.29046024888034283,10,0,C
4,art,108,pca,lasso,2.9611421528065422,0.16635522202936562,0.3038819974429313,0.29046024888034283,10,0,C
4,art,108,emotion,lasso,1.9046973941779082,0.16635522202936562,0.3038819974429313,0.29046024888034283,10,0,C
4,art,114,population,lasso,,0.2515882288187417,0.6159507153028465,0.6303652054329589,10,0,C
4,art,114,identity,lasso,8.82254116026827,0.32349563486074956,0.564642084977483,0.564983986224604,10,0,C
4,art,114,pca,lasso,2.655805401368652,0.32349563486074956,0.564642084977483,0.564983986224604,10,0,C
4,art,114,emotion,lasso,2.1795019525794928,0.32349563486074956,0.564642084977483,0.564983986224604,10,0,C
4,art,115,population,lasso,,0.09038605106718514,0.1740287131803168,0.170757849584279,10,0,C
4,art,115,identity,lasso,8.809803822505753,0.11100938693984018,0.15536579790073365,0.12958750480666445,10,0,C
4,art,115,pca,lasso,2.9790575366466747,0.11100938693984018,0.15536579790073365,0.12958750480666445,10,0,C
4,art,115,emotion,lasso,1.929582727360519,0.11100938693984018,0.15536579790073365,0.12958750480666445,10,0,C
4,art,124,population,lasso,,0.3801446708564823,0.4817754966855983,0.5202655308204333,10,0,C
4,art,124,identity,lasso,8.81435175029407,0.39837820627352316,0.44369443818522863,0.5078430472769144,10,0,C
4,art,124,pca,lasso,2.8438277334168176,0.39837820627352316,0.44369443818522863,0.5078430472769144,10,0,C
4,art,124,emotion,lasso,2.017580274398403,0.39837820627352316,0.44369443818522863,0.5078430472769144,10,0,C
4,art,134,population,lasso,,0.36388606497850173,0.5240388232062899,0.5832230924398755,10,0,C
4,art,134,identity,lasso,8.814380500362706,0.37707026522098913,0.5687143766086873,0.5927199771820112,10,0,C
4,art,134,pca,lasso,2.8040947055763485,0.37707026522098913,0.5687143766086873,0.5927199771820112,10,0,C
4,art,134,emotion,lasso,2.0118708657036,0.37707026522098913,0.5687143766086873,0.5927199771820112,10,0,C
4,art,135,population,lasso,,0.06532121356310745,0.01244913226370709,0.08515790353530314,10,0,C
4,art,135,identity,lasso,8.828736349633138,0.043872080369635656,-0.039917865396178205,0.05620828569906923,10,0,C
4,art,135,pca,lasso,2.819966869190794,0.043872080369635656,-0.039917865396178205,0.05620828569906923,10,0,C
4,art,135,emotion,lasso,1.875611594178797,0.043872080369635656,-0.039917865396178205,0.05620828569906923,10,0,C
4,art,142,population,lasso,,0.3141985091594635,0.5687779436135922,0.585736233818141,10,0,C
4,art,142,identity,lasso,8.817362551909818,0.5006443379299947,0.5960540443362268,0.6290219856011734,10,0,C
4,art,142,pca,lasso,2.710993007600691,0.5006443379299947,0.5960540443362268,0.6290219856011734,10,0,C
4,art,142,emotion,lasso,1.7461254081374835,0.5006443379299947,0.5960540443362268,0.6290219856011734,10,0,C
4,art,143,population,lasso,,0.4018950080340707,0.7231840147503007,0.7155510746031313,10,0,C
4,art,143,identity,lasso,8.825976529868266,0.4345251796350694,0.7307969917596163,0.7230864846959629,10,0,C
4,art,143,pca,lasso,2.910408626519996,0.4345251796350694,0.7307969917596163,0.7230864846959629,10,0,C
4,art,143,emotion,lasso,1.802859902126848,0.4345251796350694,0.7307969917596163,0.7230864846959629,10,0,C
4,fashion,1,population,lasso,,0.20861691593362547,0.2681638263890559,0.24594963035616907,10,0,C
4,fashion,1,identity,lasso,8.82642432504591,0.21046137523609787,0.2626094803577995,0.24932242736751423,10,0,C
4,fashion,1,pca,lasso,2.811429146327487,0.21046137523609787,0.2626094803577995,0.24932242736751423,10,0,C
4,fashion,1,emotion,lasso,4.886321805362829,0.21046137523609787,0.2626094803577995,0.24932242736751423,10,0,C
4,fashion,2,population,lasso,,0.26233293536726815,0.5522899912236953,0.5529629803063374,10,0,C
4,fashion,2,identity,lasso,8.825640208994397,0.37556823619922414,0.5426076978658969,0.5517988572832678,10,0,C
4,fashion,2,pca,lasso,3.0070433856314867,0.37556823619922414,0.5426076978658969,0.5517988572832678,10,0,C
4,fashion,2,emotion,lasso,4.714292449856133,0.3420119148027875,0.5441049597253502,0.5529683429058427,10,0,C
4,fashion,12,population,lasso,,0.1344499131197899,0.148466166676643,0.18639459910487954,10,0,C
4,fashion,12,identity,lasso,8.830641534124018,0.11978830371336749,0.17628148726108037,0.20011149684547402,10,0,C
4,fashion,12,pca,lasso,3.128614845299395,0.11978830371336749,0.17628148726108037,0.20011149684547402,10,0,C
4,fashion,12,emotion,lasso,4.830519636903144,0.11978830371336749,0.17628148726108037,0.20011149684547402,10,0,C
4,fashion,13,population,lasso,,0.29628245385961244,0.40068897376116436,0.4034489713818456,10,0,C
4,fashion,13,identity,lasso,8.830496166722902,0.2471704526801237,0.38618596334584365,0.38754241596285105,10,0,C
4,fashion,13,pca,lasso,2.6519604525069886,0.2471704526801237,0.38618596334584365,0.38754241596285105,10,0,C
4,fashion,13,emotion,lasso,5.110522796761664,0.2471704526801237,0.38618596334584365,0.38754241596285105,10,0,C
4,fashion,26,population,lasso,,0.31947870689026125,0.41531539401033407,0.43500613518972187,10,0,C
4,fashion,26,identity,lasso,8.829650100271287,0.30491645878126283,0.42669459075318905,0.44340326213781356,10,0,C
4,fashion,26,pca,lasso,2.860273254658161,0.30491645878126283,0.42669459075318905,0.44340326213781356,10,0,C
4,fashion,26,emotion,lasso,5.122399426605104,0.30491645878126283,0.42669459075318905,0.44340326213781356,10,0,C
4,fashion,29,population,lasso,,0.13781530340034825,0.29414378849452477,0.217437720954366,10,0,C
4,fashion,29,identity,lasso,8.831585665685184,0.14952956328300704,0.27441175201389295,0.20419069193095737,10,0,C
4,fashion,29,pca,lasso,2.7366986449669035,0.14952956328300704,0.27441175201389295,0.20419069193095737,10,0,C
4,fashion,29,emotion,lasso,4.773396856079529,0.14952956328300704,0.27441175201389295,0.20419069193095737,10,0,C
4,fashion,34,population,lasso,,0.20962665786210888,0.36943493518352133,0.38848445777213453,10,0,C
4,fashion,34,identity,lasso,8.832985500192484,0.1864274884737791,0.39343500837419465,0.39085700192503586,10,0,C
4,fashion,34,pca,lasso,2.9660607745812237,0.1864274884737791,0.39343500837419465,0.39085700192503586,10,0,C
4,fashion,34,emotion,lasso,4.233729410343936,0.18754743073864336,0.3948036479858827,0.3904160052782018,10,0,C
4,fashion,38,population,lasso,,0.2162367229968201,0.3943390254621606,0.3965134107317931,10,0,C
4,fashion,38,identity,lasso,8.829900207457776,0.26733870882687194,0.43760691653386474,0.43756180388543836,10,0,C
4,fashion,38,pca,lasso,2.9142283158699573,0.26733870882687194,0.43760691653386474,0.43756180388543836,10,0,C
4,fashion,38,emotion,lasso,4.174290267153079,0.26733870882687194,0.43760691653386474,0.43756180388543836,10,0,C
4,fashion,43,population,lasso,,0.2997126867208927,0.4482082954433005,0.4626330250718145,10,0,C
4,fashion,43,identity,lasso,8.827712267567021,0.31886838883717783,0.48017736263617433,0.49947062445074847,10,0,C
4,fashion,43,pca,lasso,3.039109512513154,0.31886838883717783,0.48017736263617433,0.49947062445074847,10,0,C
4,fashion,43,emotion,lasso,4.7198873188409,0.31886838883717783,0.48017736263617433,0.49947062445074847,10,0,C
4,fashion,48,population,lasso,,0.3094520232889703,0.5195500123283288,0.466512824328899,10,0,C
4,fashion,48,identity,lasso,8.824333220638602,0.29089767955964935,0.5253118465882732,0.4793704548058278,10,0,C
4,fashion,48,pca,lasso,2.9226250136794887,0.29089767955964935,0.5253118465882732,0.4793704548058278,10,0,C
4,fashion,48,emotion,lasso,4.795854114848562,0.29089767955964935,0.5253118465882732,0.4793704548058278,10,0,C
4,fashion,49,population,lasso,,0.0916227426141142,0.17557435369509453,0.15379572511254105,10,0,C
4,fashion,49,identity,lasso,8.82517945278769,0.07376373079526562,0.1535152677561429,0.15364690414760765,10,0,C
4,fashion,49,pca,lasso,2.8606062457035044,0.07376373079526562,0.1535152677561429,0.15364690414760765,10,0,C
4,fashion,49,emotion,lasso,5.393695176176442,0.07376373079526562,0.1535152677561429,0.15364690414760765,10,0,C
4,fashion,56,population,lasso,,0.028622385686060674,0.003724077655435845,0.10769442573730224,10,0,C
4,fashion,56,identity,lasso,8.82690086551771,0.0431565688638882,-0.03334213275882405,0.053784950126614495,10,0,C
4,fashion,56,pca,lasso,2.8521776578855524,0.0431565688638882,-0.03334213275882405,0.053784950126614495,10,0,C
4,fashion,56,emotion,lasso,4.614084482006809,-6.829412483621365e-06,-0.14669374639615257,-1.7449027089035315e-05,10,0,C
4,fashion,61,population,lasso,,0.22955655425865676,0.34678612990215263,0.30989837426617445,10,0,C
4,fashion,61,identity,lasso,8.826128839421475,0.2150167735934114,0.33462609677571353,0.29096794847248825,10,0,C
4,fashion,61,pca,lasso,2.986247181782182,0.2150167735934114,0.33462609677571353,0.29096794847248825,10,0,C
4,fashion,61,emotion,lasso,4.321393227697478,0.2150167735934114,0.33462609677571353,0.29096794847248825,10,0,C
4,fashion,72,population,lasso,,0.09988244275565358,0.17949379397061183,0.21565695315375366,10,0,C
4,fashion,72,identity,lasso,8.825808686251085,0.05351599653628532,0.16739694073439323,0.21378223945642202,10,0,C
4,fashion,72,pca,lasso,2.6288639558123053,0.05351599653628532,0.16739694073439323,0.21378223945642202,10,0,C
4,fashion,72,emotion,lasso,5.20295466470875,0.05351599653628532,0.16739694073439323,0.21378223945642202,10,0,C
4,fashion,77,population,lasso,,0.33654378851055045,0.4709288633731353,0.4877404281153148,10,0,C
4,fashion,77,identity,lasso,8.823235240621186,0.28881106105107096,0.47265405807881455,0.4720868813489165,10,0,C
4,fashion,77,pca,lasso,2.9282476143843574,0.28881106105107096,0.47265405807881455,0.4720868813489165,10,0,C
4,fashion,77,emotion,lasso,5.197138478881959,0.28881106105107096,0.47265405807881455,0.4720868813489165,10,0,C
4,fashion,78,population,lasso,,0.18105073102187527,0.3247839818556314,0.3338617461040518,10,0,C
4,fashion,78,identity,lasso,8.827942751817455,0.161348805850377,0.3525526876701372,0.35624137587572224,10,0,C
4,fashion,78,pca,lasso,2.975653154310924,0.161348805850377,0.3525526876701372,0.35624137587572224,10,0,C
4,fashion,78,emotion,lasso,4.746618679371211,0.161348805850377,0.3525526876701372,0.35624137587572224,10,0,C
4,fashion,89,population,lasso,,0.12588976257213996,0.27423961134834535,0.2967207549572136,10,0,C
4,fashion,89,identity,lasso,8.829097014403526,0.17022622090278094,0.23907942415087388,0.27374828222418374,10,0,C
4,fashion,89,pca,lasso,2.9751525413067204,0.17022622090278094,0.23907942415087388,0.27374828222418374,10,0,C
4,fashion,89,emotion,lasso,4.413873530384416,0.14566900765885887,0.26749318887488094,0.2746501836171056,10,0,C
4,fashion,90,population,lasso,,0.16682148005398445,0.3456782193160456,0.3007972339308989,10,0,C
4,fashion,90,identity,lasso,8.826231618152384,0.1769620873336319,0.34958308482653466,0.36114610726561125,10,0,C
4,fashion,90,pca,lasso,2.9339731235175224,0.1769620873336319,0.34958308482653466,0.36114610726561125,10,0,C
4,fashion,90,emotion,lasso,5.487636278594207,0.23670544374635077,0.3000401036622045,0.3230981945465137,10,0,C
4,fashion,97,population,lasso,,0.4330346413757044,0.5564641576509319,0.561130800618952,10,0,C
4,fashion,97,identity,lasso,8.825147916044592,0.41558713162433464,0.5672242325468582,0.5800804145891534,10,0,C
4,fashion,97,pca,lasso,2.8590347081352325,0.41558713162433464,0.5672242325468582,0.5800804145891534,10,0,C
4,fashion,97,emotion,lasso,5.5317795525726705,0.41558713162433464,0.5672242325468582,0.5800804145891534,10,0,C
4,fashion,103,population,lasso,,0.08435082202385578,0.1331286107777117,0.10763769423247457,10,0,C
4,fashion,103,identity,lasso,8.829209905131503,0.07618292252019741,0.09463599372887521,0.11005508405861927,10,0,C
4,fashion,103,pca,lasso,2.8516725972703143,0.07618292252019741,0.09463599372887521,0.11005508405861927,10,0,C
4,fashion,103,emotion,lasso,5.077293057717238,0.07618292252019741,0.09463599372887521,0.11005508405861927,10,0,C
4,fashion,108,population,lasso,,0.2743239786839429,0.4707450870046026,0.483450279228531,10,0,C
4,fashion,108,identity,lasso,8.828045591385306,0.25241364202583577,0.4705486362640686,0.46016688740360806,10,0,C
4,fashion,108,pca,lasso,2.6956303838409372,0.25241364202583577,0.4705486362640686,0.46016688740360806,10,0,C
4,fashion,108,emotion,lasso,4.631844916705238,0.17477230178480652,0.2115283348699868,0.26025670599638323,10,0,C
4,fashion,114,population,lasso,,0.2973466206474185,0.41852149102246644,0.42008866136926337,10,0,C
4,fashion,114,identity,lasso,8.82691440362513,0.3193262484613971,0.4637698181787697,0.480056834045581,10,0,C
4,fashion,114,pca,lasso,2.972550394090118,0.3193262484613971,0.4637698181787697,0.480056834045581,10,0,C
4,fashion,114,emotion,lasso,4.882056612890806,0.3193262484613971,0.4637698181787697,0.480056834045581,10,0,C
4,fashion,115,population,lasso,,0.21673572916765954,0.4191585525875278,0.43978120762969897,10,0,C
4,fashion,115,identity,lasso,8.827154137599141,0.40173851800692445,0.4117076397500078,0.4449223807501054,10,0,C
4,fashion,115,pca,lasso,3.2547841909562027,0.40173851800692445,0.4117076397500078,0.4449223807501054,10,0,C
4,fashion,115,emotion,lasso,4.1511313806766275,0.40173851800692445,0.4117076397500078,0.4449223807501054,10,0,C
4,fashion,124,population,lasso,,0.2321455279432196,0.3999463422172355,0.4060206057781527,10,0,C
4,fashion,124,identity,lasso,8.829527848923624,0.37068010628125164,0.3937524829351102,0.4162167633118336,10,0,C
4,fashion,124,pca,lasso,2.9709833789363898,0.37068010628125164,0.3937524829351102,0.4162167633118336,10,0,C
4,fashion,124,emotion,lasso,4.915822593708745,0.37068010628125164,0.3937524829351102,0.4162167633118336,10,0,C
4,fashion,134,population,lasso,,0.1977848701678484,0.28140008441519215,0.28781461865048275,10,0,C
4,fashion,134,identity,lasso,8.825100777436274,0.19007631391800858,0.27838777307444074,0.3022196054345464,10,0,C
4,fashion,134,pca,lasso,2.9495645826756207,0.19007631391800858,0.27838777307444074,0.3022196054345464,10,0,C
4,fashion,134,emotion,lasso,5.306169731749226,0.19212169230387005,0.2759277188128271,0.3027281676653773,10,0,C
4,fashion,135,population,lasso,,0.012260588518177505,0.018064905179607085,0.01689209384302812,10,0,C
4,fashion,135,identity,lasso,8.822575462193562,0.0416773045009027,0.06340231263867639,0.06051803894590195,10,0,C
4,fashion,135,pca,lasso,2.966293916004598,0.0416773045009027,0.06340231263867639,0.06051803894590195,10,0,C
4,fashion,135,emotion,lasso,4.762589923033415,0.046944663815793736,0.07180924912115282,0.07200512101789519,10,0,C
4,fashion,142,population,lasso,,0.15084493835120114,0.39588489903678514,0.4182369389513183,10,0,C
4,fashion,142,identity,lasso,8.822008976577866,0.23437698057220133,0.39243536378121097,0.3967238574174735,10,0,C
4,fashion,142,pca,lasso,2.8593695193724145,0.23437698057220133,0.39243536378121097,0.3967238574174735,10,0,C
4,fashion,142,emotion,lasso,4.642721172733591,0.23437698057220133,0.39243536378121097,0.3967238574174735,10,0,C
4,fashion,143,population,lasso,,0.28089847071176666,0.3318448536642247,0.3776311183415812,10,0,C
4,fashion,143,identity,lasso,8.825006462461065,0.28369157404845424,0.39907293615172124,0.43537578857217857,10,0,C
4,fashion,143,pca,lasso,2.7152885335329944,0.28369157404845424,0.39907293615172124,0.43537578857217857,10,0,C
4,fashion,143,emotion,lasso,4.574727623959674,0.28369157404845424,0.39907293615172124,0.43537578857217857,10,0,C
4,landscape,1,population,lasso,,0.3816361004467545,0.5749957317569125,0.5284755584054363,10,0,C
4,landscape,1,identity,lasso,8.808574162175214,0.503533477697301,0.5588341852249232,0.5191266288100477,10,0,C
4,landscape,1,pca,lasso,2.7550830524093897,0.503533477697301,0.5588341852249232,0.5191266288100477,10,0,C
4,landscape,1,emotion,lasso,4.761049723790329,0.503533477697301,0.5588341852249232,0.5191266288100477,10,0,C
4,landscape,2,population,lasso,,0.3446328537338987,0.6142903889016055,0.608194565410742,10,0,C
4,landscape,2,identity,lasso,8.823909244554274,0.4121027503750245,0.5865618291870852,0.5698523224878196,10,0,C
4,landscape,2,pca,lasso,2.9622816466088175,0.4121027503750245,0.5865618291870852,0.5698523224878196,10,0,C
4,landscape,2,emotion,lasso,4.644118173486966,0.515796410786582,0.5896706369670133,0.5769194699700437,10,0,C
4,landscape,12,population,lasso,,0.48593919944820374,0.7508292900582517,0.7543077750386001,10,0,C
4,landscape,12,identity,lasso,8.815354223045073,0.5186634103267852,0.7212178419754652,0.7409536199100873,10,0,C
4,landscape,12,pca,lasso,2.7737416132122465,0.5186634103267852,0.7212178419754652,0.7409536199100873,10,0,C
4,landscape,12,emotion,lasso,4.487618630921364,0.6585257154316699,0.7087578288980405,0.7155100786731684,10,0,C
4,landscape,13,population,lasso,,0.0715394639118148,0.060093201606107705,0.12825516037819437,10,0,C
4,landscape,13,identity,lasso,8.817990657831695,0.06012662902541131,0.031070916739521594,0.10180186646530835,10,0,C
4,landscape,13,pca,lasso,2.9313711762869317,0.06012662902541131,0.031070916739521594,0.10180186646530835,10,0,C
4,landscape,13,emotion,lasso,3.9942996271903084,0.06414798655643442,0.05521550667054701,0.1303730919357854,10,0,C
4,landscape,26,population,lasso,,0.09353418396512464,0.2061085302177255,0.17427694543200203,10,0,C
4,landscape,26,identity,lasso,8.82455871103484,0.11351248848017548,0.26508803564279776,0.21134927958062033,10,0,C
4,landscape,26,pca,lasso,2.8822943672667543,0.11351248848017548,0.26508803564279776,0.21134927958062033,10,0,C
4,landscape,26,emotion,lasso,4.424794061597511,0.1516303032354331,0.27999278138407957,0.24593758152748668,10,0,C
4,landscape,29,population,lasso,,0.2455273032548909,0.24729142482127744,0.28885493770675186,10,0,C
4,landscape,29,identity,lasso,8.816273927025097,0.1644062147615716,0.19422415914534452,0.22631112984505133,10,0,C
4,landscape,29,pca,lasso,2.776375748030416,0.1644062147615716,0.19422415914534452,0.22631112984505133,10,0,C
4,landscape,29,emotion,lasso,4.584809368849633,0.06434759617190595,0.09927238492825383,0.09286172555291441,10,0,C
4,landscape,34,population,lasso,,0.393082930831529,0.6625118826919267,0.6287628191534864,10,0,C
4,landscape,34,identity,lasso,8.809266017652044,0.33258808481640445,0.6840685619464298,0.6646462467019261,10,0,C
4,landscape,34,pca,lasso,2.6367638465712364,0.33258808481640445,0.6840685619464298,0.6646462467019261,10,0,C
4,landscape,34,emotion,lasso,4.59453960396425,0.33258808481640445,0.6840685619464298,0.6646462467019261,10,0,C
4,landscape,38,population,lasso,,0.38159447657178525,0.5505431684943172,0.48307407724874296,10,0,C
4,landscape,38,identity,lasso,8.812912162549926,0.36353269916637887,0.5141184988213354,0.4727761061231614,10,0,C
4,landscape,38,pca,lasso,3.005153428620292,0.36353269916637887,0.5141184988213354,0.4727761061231614,10,0,C
4,landscape,38,emotion,lasso,5.000797266769794,0.36353269916637887,0.5141184988213354,0.4727761061231614,10,0,C
4,landscape,43,population,lasso,,0.1302206397425972,0.46024929067216713,0.47762441843489517,10,0,C
4,landscape,43,identity,lasso,8.819460325694388,0.3808237955030009,0.4944663629911551,0.5109609511344615,10,0,C
4,landscape,43,pca,lasso,2.6878859844791805,0.3808237955030009,0.4944663629911551,0.5109609511344615,10,0,C
4,landscape,43,emotion,lasso,4.518716009404347,0.27761752733863543,0.37361878387611674,0.41596594805958176,10,0,C
4,landscape,48,population,lasso,,0.3376796413217683,0.408640270772663,0.42670210113559,10,0,C
4,landscape,48,identity,lasso,8.812371394424119,0.3503155516503339,0.41171545153854283,0.4536845580724408,10,0,C
4,landscape,48,pca,lasso,2.944581753236237,0.3503155516503339,0.41171545153854283,0.4536845580724408,10,0,C
4,landscape,48,emotion,lasso,5.01779131365622,0.359807093114582,0.41658448775118595,0.46132593115887516,10,0,C
4,landscape,49,population,lasso,,0.35262585955357856,0.454507169375926,0.4737454595106237,10,0,C
4,landscape,49,identity,lasso,8.828331067750801,0.33496797788280946,0.46018352972965687,0.46293303178289774,10,0,C
4,landscape,49,pca,lasso,3.0656885692969196,0.33496797788280946,0.46018352972965687,0.46293303178289774,10,0,C
4,landscape,49,emotion,lasso,4.451022821751132,0.3749807578570009,0.5505073690425326,0.5412157107755562,10,0,C
4,landscape,56,population,lasso,,0.00658665086076167,0.10436729641805417,0.052730958389827824,10,0,C
4,landscape,56,identity,lasso,8.828345301323596,0.05490046513312583,0.09350378601022696,0.05635466279715182,10,0,C
4,landscape,56,pca,lasso,2.7617851799273483,0.05490046513312583,0.09350378601022696,0.05635466279715182,10,0,C
4,landscape,56,emotion,lasso,4.742848592225797,-0.11365426039285907,-0.1843471204920065,-0.19930701436377152,10,0,C
4,landscape,61,population,lasso,,0.24004566603440627,0.4561765878367242,0.42845049813019775,10,0,C
4,landscape,61,identity,lasso,8.810109357998249,0.26280418310370646,0.4859261217387488,0.4684392400645663,10,0,C
4,landscape,61,pca,lasso,2.599755528301172,0.26280418310370646,0.4859261217387488,0.4684392400645663,10,0,C
4,landscape,61,emotion,lasso,4.173346151777097,0.22987970991982518,0.45223387852440766,0.44009623121751856,10,0,C
4,landscape,72,population,lasso,,-0.014289720888904844,-0.0650895525603615,-0.03982510886928305,10,0,C
4,landscape,72,identity,lasso,8.82305920824598,-0.018517714207020836,-0.060975540208916545,-0.03456735274150449,10,0,C
4,landscape,72,pca,lasso,3.0066756042362983,-0.018517714207020836,-0.060975540208916545,-0.03456735274150449,10,0,C
4,landscape,72,emotion,lasso,4.257044020774719,0.08912713808377623,0.15202255165339512,0.1635501686254437,10,0,C
4,landscape,77,population,lasso,,0.2105683128651422,0.4124194376607154,0.36784264677892825,10,0,C
4,landscape,77,identity,lasso,8.836115969237499,0.15780733720946422,0.41780670023554967,0.3870472212223581,10,0,C
4,landscape,77,pca,lasso,2.974985170575652,0.15780733720946422,0.41780670023554967,0.3870472212223581,10,0,C
4,landscape,77,emotion,lasso,4.642795529075927,0.1645589401617358,0.42515296738305086,0.40062353763309105,10,0,C
4,landscape,78,population,lasso,,0.17966927758479143,0.3629842276975943,0.36624363521282843,10,0,C
4,landscape,78,identity,lasso,8.823850963730216,0.1900923763569449,0.3732132914235257,0.3600227862190428,10,0,C
4,landscape,78,pca,lasso,2.95138044297044,0.1900923763569449,0.3732132914235257,0.3600227862190428,10,0,C
4,landscape,78,emotion,lasso,4.286029213314038,0.265933953135338,0.3689347888073909,0.3537080453887427,10,0,C
4,landscape,89,population,lasso,,0.22249030404610137,0.42455797153494096,0.4421398681944666,10,0,C
4,landscape,89,identity,lasso,8.826767733148342,0.29789435305198997,0.4334409698932217,0.49584752648359554,10,0,C
4,landscape,89,pca,lasso,3.069702623380565,0.29789435305198997,0.4334409698932217,0.49584752648359554,10,0,C
4,landscape,89,emotion,lasso,4.466409226924375,0.2646514988062474,0.4470122173850395,0.5742427656104384,10,0,C
4,landscape,90,population,lasso,,0.2648628724782953,0.4931683584405462,0.46968667088093663,10,0,C
4,landscape,90,identity,lasso,8.815073112993879,0.2831956297663727,0.5066784288159514,0.4622194659572491,10,0,C
4,landscape,90,pca,lasso,2.8433493148745828,0.2831956297663727,0.5066784288159514,0.4622194659572491,10,0,C
4,landscape,90,emotion,lasso,5.021893923753133,0.2831956297663727,0.5066784288159514,0.4622194659572491,10,0,C
4,landscape,97,population,lasso,,0.5620358249609253,0.6415454279089912,0.6235864757275026,10,0,C
4,landscape,97,identity,lasso,8.827602242752455,0.4739207806187044,0.6249347971020266,0.6211423713003856,10,0,C
4,landscape,97,pca,lasso,2.8183609364417856,0.4739207806187044,0.6249347971020266,0.6211423713003856,10,0,C
4,landscape,97,emotion,lasso,4.621376026812852,0.45651826781274163,0.5850692831653115,0.5996318578475242,10,0,C
4,landscape,103,population,lasso,,0.31499042426747975,0.44368657097454667,0.43845592955781487,10,0,C
4,landscape,103,identity,lasso,8.835113179308049,0.31112517213519897,0.4718232766833676,0.4891887340238164,10,0,C
4,landscape,103,pca,lasso,2.954422913538136,0.31112517213519897,0.4718232766833676,0.4891887340238164,10,0,C
4,landscape,103,emotion,lasso,4.691385678861367,0.40438937101054273,0.459169202687337,0.43900445563964396,10,0,C
4,landscape,108,population,lasso,,0.2648922584793261,0.5016937005980969,0.42008769015489766,10,0,C
4,landscape,108,identity,lasso,8.825839107933517,0.28180407219259274,0.5295519489058219,0.4684749096818545,10,0,C
4,landscape,108,pca,lasso,2.8966215364970793,0.28180407219259274,0.5295519489058219,0.4684749096818545,10,0,C
4,landscape,108,emotion,lasso,4.254657023899138,0.35443393490638475,0.4784457962004532,0.4327468404261677,10,0,C
4,landscape,114,population,lasso,,0.27880126037322345,0.46185950917665125,0.43552089329590415,10,0,C
4,landscape,114,identity,lasso,8.824898876600622,0.2707581506350807,0.48659307822778697,0.438820150946407,10,0,C
4,landscape,114,pca,lasso,2.75756099847124,0.2707581506350807,0.48659307822778697,0.438820150946407,10,0,C
4,landscape,114,emotion,lasso,4.74184419802273,0.25536231731530945,0.4871914710274112,0.45245260506390256,10,0,C
4,landscape,115,population,lasso,,0.1821972279093895,0.23826473055147504,0.25533753788585706,10,0,C
4,landscape,115,identity,lasso,8.826181604561498,0.17984281703702665,0.27611313706872903,0.2509889700568514,10,0,C
4,landscape,115,pca,lasso,2.8775357147001452,0.17984281703702665,0.27611313706872903,0.2509889700568514,10,0,C
4,landscape,115,emotion,lasso,4.302473184050552,0.17984281703702665,0.27611313706872903,0.2509889700568514,10,0,C
4,landscape,124,population,lasso,,0.2728030884679648,0.5691678431436382,0.5455164670905503,10,0,C
4,landscape,124,identity,lasso,8.827773631590848,0.2624329963179787,0.5325689176195462,0.5208339336053279,10,0,C
4,landscape,124,pca,lasso,2.6980941689119664,0.2624329963179787,0.5325689176195462,0.5208339336053279,10,0,C
4,landscape,124,emotion,lasso,4.651011113699512,0.2973498527455582,0.5330648380196016,0.5218248217998005,10,0,C
4,landscape,134,population,lasso,,0.2995098024208252,0.4496474956917931,0.4074794173068657,10,0,C
4,landscape,134,identity,lasso,8.819165412591829,0.27198484010200924,0.4564423012190129,0.4013733150608669,10,0,C
4,landscape,134,pca,lasso,2.9063203934397768,0.27198484010200924,0.4564423012190129,0.4013733150608669,10,0,C
4,landscape,134,emotion,lasso,5.184927091376356,0.27198484010200924,0.4564423012190129,0.4013733150608669,10,0,C
4,landscape,135,population,lasso,,0.39026044208567473,0.4021510506913886,0.4622721885486749,10,0,C
4,landscape,135,identity,lasso,8.818331572083663,0.3528333002130896,0.44144318613598993,0.5206040849359583,10,0,C
4,landscape,135,pca,lasso,3.059571440132168,0.3528333002130896,0.44144318613598993,0.5206040849359583,10,0,C
4,landscape,135,emotion,lasso,4.512804966258827,0.3434020295914472,0.43147511419098367,0.5221039507068385,10,0,C
4,landscape,142,population,lasso,,0.28476924571092155,0.44078452833473736,0.4620800317171372,10,0,C
4,landscape,142,identity,lasso,8.828532568375174,0.3417653427726273,0.4648228057109642,0.474702583501887,10,0,C
4,landscape,142,pca,lasso,2.759648369539247,0.3417653427726273,0.4648228057109642,0.474702583501887,10,0,C
4,landscape,142,emotion,lasso,4.15778777499733,0.3417653427726273,0.4648228057109642,0.474702583501887,10,0,C
4,landscape,143,population,lasso,,0.4424217578814237,0.6670493743921282,0.6407336209219215,10,0,C
4,landscape,143,identity,lasso,8.83010451333321,0.4600841076379302,0.688539689143654,0.6879546991334784,10,0,C
4,landscape,143,pca,lasso,3.093231130502607,0.4600841076379302,0.688539689143654,0.6879546991334784,10,0,C
4,landscape,143,emotion,lasso,4.942586136852494,0.5502793539136089,0.569593295867767,0.6247123805661473,10,0,C
0,art,3,population,lasso,,0.06244597436658254,0.09650990358644981,0.08555433108989885,25,0,C
0,art,3,identity,lasso,23.964498983280063,-0.032106717829167596,-0.0915619339101902,-0.05429661652147794,25,0,C
0,art,3,pca,lasso,6.975733233582213,-0.08276240997108524,-0.06966349385783331,-0.14326027746915393,25,0,C
0,art,3,emotion,lasso,6.8282553385635545,0.020351043866018426,0.03326407336812153,0.06760189164716057,25,0,C
0,art,14,population,lasso,,0.31370112526113064,0.6348446126598832,0.6277535882340936,25,0,C
0,art,14,identity,lasso,23.961138835907143,0.38836422901080453,0.5212967850610652,0.5101449722754415,25,0,C
0,art,14,pca,lasso,6.976829727111904,0.3175517595601715,0.3932450354767464,0.34050247707438336,25,0,C
0,art,14,emotion,lasso,6.8101658462645105,0.3333403134454718,0.4156466410091466,0.39658083451927206,25,0,C
0,art,15,population,lasso,,0.170330874319862,0.24841961917707003,0.23491191478839452,25,0,C
0,art,15,identity,lasso,23.961906535630035,0.2392553047671912,0.24496787158269004,0.24458851329285158,25,0,C
0,art,15,pca,lasso,6.974538884134006,0.046388901605263544,0.019542201765105124,0.05174351585464099,25,0,C
0,art,15,emotion,lasso,6.849462907608263,0.07364544620519327,0.14831893894005058,0.16527280512464998,25,0,C
0,art,19,population,lasso,,0.5100816440178864,0.5784765375270383,0.5871520125362644,25,0,C
0,art,19,identity,lasso,23.964815314085158,0.47597096018717355,0.5763815116948287,0.5780208041474324,25,0,C
0,art,19,pca,lasso,6.973307096310479,0.53173527285659,0.6607312422249848,0.6361423997253206,25,0,C
0,art,19,emotion,lasso,6.816452124378959,0.553005744931211,0.5749848278066888,0.5888478083659833,25,0,C
0,art,21,population,lasso,,0.2594251237736896,0.4606521793022512,0.4698586977453104,25,0,C
0,art,21,identity,lasso,23.96234336190582,0.2705277950770529,0.3357193249091086,0.34866669851001897,25,0,C
0,art,21,pca,lasso,6.976909234143094,0.4193632136639187,0.47206915110065834,0.4865368501816971,25,0,C
0,art,21,emotion,lasso,6.850187874908553,0.46665775284894057,0.5452484196763516,0.5376628386810007,25,0,C
0,art,22,population,lasso,,0.29209273306723527,0.40605604620344987,0.4261343742780548,25,0,C
0,art,22,identity,lasso,23.961729651158368,0.39310004643289403,0.4232428308928765,0.47445269334865625,25,0,C
0,art,22,pca,lasso,6.9754501406893255,0.34852525913622495,0.3632108039181938,0.38572528346484997,25,0,C
0,art,22,emotion,lasso,6.784319794926945,0.26625628450211364,0.32771741570688506,0.29755531967790155,25,0,C
0,art,30,population,lasso,,-0.2006022222447219,-0.24192374150908877,-0.2277854896623564,25,0,C
0,art,30,identity,lasso,23.96174000208046,-0.10434752013128476,-0.1421277254900084,-0.12049606134898659,25,0,C
0,art,30,pca,lasso,6.976965822647968,0.17272979429506718,0.20775176575627186,0.19785513677477087,25,0,C
0,art,30,emotion,lasso,6.888641201130175,4.06882709588883e-05,0.006972863359113147,5.644330300890303e-05,25,0,C
0,art,50,population,lasso,,0.49205459199587953,0.48744075438804885,0.5156871375572091,25,0,C
0,art,50,identity,lasso,23.962495197894473,0.4977466004396272,0.4802346053267386,0.5230741704310115,25,0,C
0,art,50,pca,lasso,6.9748131842862815,0.47298778524713914,0.48844014732355917,0.5419953145173826,25,0,C
0,art,50,emotion,lasso,6.857067664250487,0.4252272141407763,0.52878406214126,0.5512908641341632,25,0,C
0,art,57,population,lasso,,0.45601703052739867,0.5326254756634917,0.5293606739522505,25,0,C
0,art,57,identity,lasso,23.963191057191672,0.4721985421886573,0.4567781215831668,0.4872374736457065,25,0,C
0,art,57,pca,lasso,6.97772329553988,0.41136254746426526,0.42513862733784397,0.4289669239347362,25,0,C
0,art,57,emotion,lasso,6.826402631324856,0.2986336095494214,0.3887996572633367,0.3648613026718533,25,0,C
0,art,62,population,lasso,,0.263475203195587,0.49430687187198796,0.5093199706610158,25,0,C
0,art,62,identity,lasso,23.963236808100426,0.38261677846835185,0.5006062824255139,0.5126359004419782,25,0,C
0,art,62,pca,lasso,6.9764128532577105,0.44470924192890166,0.5184710170421538,0.5126074205271521,25,0,C
0,art,62,emotion,lasso,6.873555440603319,0.3448916546406282,0.48559596821594037,0.42001063600161187,25,0,C
0,art,63,population,lasso,,0.12804777934943723,0.16262231340284578,0.17901892288946367,25,0,C
0,art,63,identity,lasso,23.96160594024584,0.07250768863532699,0.06722122711604243,0.0894881045743631,25,0,C
0,art,63,pca,lasso,6.978665718714464,0.02612734081712459,0.024425881483714596,0.028874858612492903,25,0,C
0,art,63,emotion,lasso,6.797408051355271,0.11993575374848876,-0.0011011667882002481,0.12450154005247177,25,0,C
0,art,79,population,lasso,,0.4557779033208845,0.46484688180690287,0.5088420310205154,25,0,C
0,art,79,identity,lasso,23.963391206833414,0.44438619767179777,0.4647452203784049,0.514366574503659,25,0,C
0,art,79,pca,lasso,6.9768620900487806,0.38141893364175944,0.34310732118060083,0.4283417690276198,25,0,C
0,art,79,emotion,lasso,6.86191614866822,0.37403667137700336,0.47923197393936356,0.5039013022157461,25,0,C
0,art,80,population,lasso,,0.3463860690637057,0.6837564576332503,0.6692933798909327,25,0,C
0,art,80,identity,lasso,23.961410324783472,0.583975151402998,0.75607212839314,0.7469042943903232,25,0,C
0,art,80,pca,lasso,6.97721425528417,0.7577533263955532,0.7741510460831122,0.7767605275439025,25,0,C
0,art,80,emotion,lasso,6.777820311696118,0.5707600198234707,0.5863857650747575,0.5993607427965671,25,0,C
0,art,85,population,lasso,,0.047278400055445535,0.01661762040951794,0.08824923961932185,25,0,C
0,art,85,identity,lasso,23.965571174786845,0.09246572525344715,0.05717071241806631,0.09466591195785201,25,0,C
0,art,85,pca,lasso,6.976351240373915,0.31032702453914823,0.3038432795978831,0.34476475202663304,25,0,C
0,art,85,emotion,lasso,6.824496176054239,0.059660102149495575,0.011891508182957793,0.0712086973752261,25,0,C
0,art,86,population,lasso,,0.398131696921942,0.6351343826170743,0.643665389278786,25,0,C
0,art,86,identity,lasso,23.963895409941266,0.5604797598375981,0.6262513842587936,0.6453708824838041,25,0,C
0,art,86,pca,lasso,6.979407334126173,0.5270306704282419,0.5946180401051382,0.5734484551676917,25,0,C
0,art,86,emotion,lasso,6.734338819509546,0.35655206559840824,0.5281929523815498,0.5518196677321782,25,0,C
0,art,98,population,lasso,,0.202111263935649,0.3866802881424239,0.3879868321891357,25,0,C
0,art,98,identity,lasso,23.962363237129637,0.3152889717636643,0.3555289889574638,0.37703102007413675,25,0,C
0,art,98,pca,lasso,6.974056999538887,0.30215337306650786,0.3119073120924485,0.3163255878711946,25,0,C
0,art,98,emotion,lasso,6.828261173284882,0.290431698004537,0.2607442605829729,0.29576504170601076,25,0,C
0,art,99,population,lasso,,0.4712366498744009,0.7175395719798754,0.731849245974576,25,0,C
0,art,99,identity,lasso,23.964933974774162,0.5921718737444107,0.7421684097697202,0.7492264475874186,25,0,C
0,art,99,pca,lasso,6.976558280076508,0.638255770856931,0.6868385355238954,0.7025103373128171,25,0,C
0,art,99,emotion,lasso,6.779954335010089,0.6973620509716723,0.7370677628901665,0.7347363912989505,25,0,C
0,art,105,population,lasso,,0.19539536554335737,0.2579347676457762,0.25176478727640533,25,0,C
0,art,105,identity,lasso,23.964305191198566,0.21296849764458325,0.2584316560442462,0.2461908406292362,25,0,C
0,art,105,pca,lasso,6.97981926112642,0.17260939454966007,0.2735370633577342,0.18764499918060307,25,0,C
0,art,105,emotion,lasso,6.864788737721434,0.12691738084707607,0.2599223212396562,0.2555898926555412,25,0,C
0,art,109,population,lasso,,0.36351336096781284,0.4497326599499079,0.47881967156644123,25,0,C
0,art,109,identity,lasso,23.961928260176112,0.43219143208922867,0.4325715420162048,0.4639408571022646,25,0,C
0,art,109,pca,lasso,6.974276143630568,0.3111096180346394,0.2617197041806646,0.3489517778156089,25,0,C
0,art,109,emotion,lasso,6.742647642164328,0.23787814053529072,0.2612134765130037,0.3283525134790489,25,0,C
0,art,110,population,lasso,,0.3220496067491026,0.4865427806559464,0.5087595812214964,25,0,C
0,art,110,identity,lasso,23.963882742972064,0.44780866179252093,0.485309465622598,0.5076554083603507,25,0,C
0,art,110,pca,lasso,6.976091556362827,0.497611147424389,0.5475918748066926,0.5461742145911528,25,0,C
0,art,110,emotion,lasso,6.768112249368439,0.44512121006039695,0.5609527876679671,0.5421561528160155,25,0,C
0,art,116,population,lasso,,0.36766002758745114,0.5825308081123058,0.5988767191502403,25,0,C
0,art,116,identity,lasso,23.966003447506772,0.5762251077793399,0.6085370960207929,0.6132458417555469,25,0,C
0,art,116,pca,lasso,6.9775928080967295,0.5670054890775162,0.5683227396217618,0.5917178545521959,25,0,C
0,art,116,emotion,lasso,6.918529179275228,0.5387457744508578,0.6536715609430511,0.6576734929005638,25,0,C
0,art,117,population,lasso,,0.4300957843084696,0.7340510690551971,0.7427844449451173,25,0,C
0,art,117,identity,lasso,23.963904682617297,0.4245151752921621,0.683942017697699,0.6945108029917436,25,0,C
0,art,117,pca,lasso,6.974321263459643,0.44109136850607455,0.5477218106349403,0.49948605520367984,25,0,C
0,art,117,emotion,lasso,6.818544300675003,0.5098985904639006,0.7244994903506888,0.7151051834728867,25,0,C
0,art,126,population,lasso,,0.38637649658734474,0.47267040866740073,0.4782998609015313,25,0,C
0,art,126,identity,lasso,23.95905094685577,0.4075700356446371,0.49600851009535357,0.49967876170813375,25,0,C
0,art,126,pca,lasso,6.975752701914205,0.3674691603973043,0.32870288002745496,0.4263577067744334,25,0,C
0,art,126,emotion,lasso,6.847451416600256,0.31828378510132704,0.28576865124016604,0.37768386564887396,25,0,C
0,art,127,population,lasso,,0.252174374800148,0.45159857309690626,0.4895661146221735,25,0,C
0,art,127,identity,lasso,23.963190282071793,0.32003871042714555,0.42946764226275386,0.45638321964245887,25,0,C
0,art,127,pca,lasso,6.976989943728464,0.3895544616471112,0.4422751210825183,0.4426196719086522,25,0,C
0,art,127,emotion,lasso,6.804942127201844,0.4263544954454874,0.4647986183172766,0.5057815474758804,25,0,C
0,art,136,population,lasso,,0.36244528725877473,0.3371409319202754,0.3803233566306861,25,0,C
0,art,136,identity,lasso,23.961528083679433,0.34293603058137073,0.38870616433318406,0.42975485552302495,25,0,C
0,art,136,pca,lasso,6.9770224186476915,0.4204446874484298,0.42708770845908106,0.45102313737630456,25,0,C
0,art,136,emotion,lasso,6.761975097228041,0.367985274971279,0.43484907333772516,0.43381684602622417,25,0,C
0,art,144,population,lasso,,0.1756245052601044,0.6770972883882282,0.6817389780652593,25,0,C
0,art,144,identity,lasso,23.963405906424285,0.6661086028313322,0.6680774906151098,0.670650110356021,25,0,C
0,art,144,pca,lasso,6.969174661374899,0.5500011676965144,0.5225358154365203,0.5554985639953814,25,0,C
0,art,144,emotion,lasso,6.845928197406636,0.5943762205898732,0.6243704458503077,0.640084832910339,25,0,C
0,fashion,3,population,lasso,,0.2396605581041413,0.4839319071524737,0.4956097398022119,25,0,C
0,fashion,3,identity,lasso,23.964249204070054,0.3252463536925576,0.5317453903512183,0.5351030924763086,25,0,C
0,fashion,3,pca,lasso,4.758171715238192,0.2815943124278941,0.4345824467732514,0.4744859337904725,25,0,C
0,fashion,3,emotion,lasso,6.390319563656591,0.3198290169496826,0.4532123635429177,0.47341812973790764,25,0,C
0,fashion,14,population,lasso,,0.228066268152598,0.4560145842561296,0.5475740518544311,25,0,C
0,fashion,14,identity,lasso,23.965325710522883,0.22945056100115185,0.4715817416122779,0.4973835895718557,25,0,C
0,fashion,14,pca,lasso,4.571676741394884,0.20777336262657545,0.4601396354167493,0.5392255816077388,25,0,C
0,fashion,14,emotion,lasso,6.6562193902546705,0.4743130367777175,0.46249680750853206,0.5675784925475943,25,0,C
0,fashion,15,population,lasso,,-0.0035331340501664537,-0.0264934171617345,-0.007926371612955485,25,0,C
0,fashion,15,identity,lasso,23.966270403445645,0.005261426584481198,-0.0065014520642293246,0.0056819844669372555,25,0,C
0,fashion,15,pca,lasso,4.834335158402543,0.005261426584481198,-0.0065014520642293246,0.0056819844669372555,25,0,C
0,fashion,15,emotion,lasso,6.3170500832219005,-0.05936884476071518,-0.0916704741056335,-0.07646768550802521,25,0,C
0,fashion,19,population,lasso,,0.3114006469586485,0.3881165033055951,0.4585400395299601,25,0,C
0,fashion,19,identity,lasso,23.96489956924177,0.3122987508422141,0.4222207360551215,0.46150925455701575,25,0,C
0,fashion,19,pca,lasso,4.823397677962049,0.31749736436074005,0.4268196401683152,0.4763974965257707,25,0,C
0,fashion,19,emotion,lasso,6.5025009663080775,0.3606496251765735,0.39318046513810057,0.4425623622946416,25,0,C
0,fashion,21,population,lasso,,0.09668405940407297,0.14585631970193683,0.1786397776636118,25,0,C
0,fashion,21,identity,lasso,23.9647542027987,0.11383990044074968,0.16480197951774087,0.19683197714065237,25,0,C
0,fashion,21,pca,lasso,4.68005980036235,0.13011850550394224,0.18723364073965285,0.23074760786245327,25,0,C
0,fashion,21,emotion,lasso,6.744975687310597,0.13011850550394224,0.18723364073965285,0.23074760786245327,25,0,C
0,fashion,22,population,lasso,,0.16015398905354156,0.4079398013921249,0.38454690542816017,25,0,C
0,fashion,22,identity,lasso,23.96441885621461,0.20432035902012222,0.37455404703685535,0.3836099644132802,25,0,C
0,fashion,22,pca,lasso,4.61924880444323,0.16174277546184979,0.393805686409602,0.3826560144544638,25,0,C
0,fashion,22,emotion,lasso,6.449101847061515,0.20958625909385345,0.38790834877896313,0.37158428251561765,25,0,C
0,fashion,30,population,lasso,,0.194648689746304,0.38992434587068125,0.3596195521420531,25,0,C
0,fashion,30,identity,lasso,23.96504786363709,0.2586089466676686,0.43865868564986027,0.46004315311658717,25,0,C
0,fashion,30,pca,lasso,4.592500177026553,0.1812412107249154,0.3354828278077899,0.32689326341477554,25,0,C
0,fashion,30,emotion,lasso,6.6915531998047255,0.5724479670925727,0.6479880595689813,0.6277909134843624,25,0,C
0,fashion,50,population,lasso,,0.03787796534901183,0.019838618926909843,0.0640800836267629,25,0,C
0,fashion,50,identity,lasso,23.96466073391167,0.04161579182122943,-0.010584142537413025,0.062367430399582,25,0,C
0,fashion,50,pca,lasso,4.74760178030203,0.04161579182122943,-0.010584142537413025,0.062367430399582,25,0,C
0,fashion,50,emotion,lasso,6.689145830074906,0.028733133248038476,-0.00228702577441588,0.049556863512912934,25,0,C
0,fashion,57,population,lasso,,0.07920419255406654,0.20213833560044592,0.14455378707669053,25,0,C
0,fashion,57,identity,lasso,23.96481603816721,0.1083862912548531,0.24167816324854133,0.176269444438627,25,0,C
0,fashion,57,pca,lasso,4.6703696683092994,0.1083862912548531,0.24167816324854133,0.176269444438627,25,0,C
0,fashion,57,emotion,lasso,6.55105555683195,0.11201407448483006,0.1776711315466637,0.1391736490139758,25,0,C
0,fashion,62,population,lasso,,0.14397859756846207,0.29439797253124367,0.2800335864237131,25,0,C
0,fashion,62,identity,lasso,23.965343731051455,0.19328268197373247,0.3022169134725676,0.28673913517702676,25,0,C
0,fashion,62,pca,lasso,4.731469643383712,0.14654452691236636,0.2957836076347694,0.2833511021336073,25,0,C
0,fashion,62,emotion,lasso,6.481963902614857,0.058772922618424296,0.18107281585002866,0.11941815712005524,25,0,C
0,fashion,63,population,lasso,,0.14940974929720172,0.18998589373809346,0.2378652494280946,25,0,C
0,fashion,63,identity,lasso,23.964735416355275,0.1680199631969189,0.24022927152477122,0.26159745656580635,25,0,C
0,fashion,63,pca,lasso,4.616101780360231,0.1680199631969189,0.24022927152477122,0.26159745656580635,25,0,C
0,fashion,63,emotion,lasso,6.593542996749951,0.2017718096444598,0.2476708851333348,0.26709588036874166,25,0,C
0,fashion,79,population,lasso,,0.4381951747783783,0.4553763346583937,0.5367848430143122,25,0,C
0,fashion,79,identity,lasso,23.965931419720793,0.4066101561058181,0.43304040464252475,0.5264666782893211,25,0,C
0,fashion,79,pca,lasso,4.743340700456555,0.4066101561058181,0.43304040464252475,0.5264666782893211,25,0,C
0,fashion,79,emotion,lasso,6.532910203154791,0.48230537411641555,0.4154687899740773,0.5092769277890221,25,0,C
0,fashion,80,population,lasso,,0.1371169223818804,0.2796556776962023,0.2862229815809446,25,0,C
0,fashion,80,identity,lasso,23.964968955406924,0.1709192603801243,0.24052247109187108,0.286771452066649,25,0,C
0,fashion,80,pca,lasso,4.671294047755502,0.10662857401127576,0.22183636493830286,0.23769321875379837,25,0,C
0,fashion,80,emotion,lasso,6.549504304013163,0.31401174328288184,0.3308712618396209,0.35809296033695404,25,0,C
0,fashion,85,population,lasso,,0.24003265423921621,0.3949097365807394,0.41386976703149986,25,0,C
0,fashion,85,identity,lasso,23.965749991872542,0.2513576872780565,0.42475413524912947,0.42092642225305643,25,0,C
0,fashion,85,pca,lasso,4.703372127722634,0.2513576872780565,0.42475413524912947,0.42092642225305643,25,0,C
0,fashion,85,emotion,lasso,6.5881268960974975,0.25530119632520554,0.4317358561896754,0.4218216278263314,25,0,C
0,fashion,86,population,lasso,,0.06894700156271862,0.1258841896009291,0.15462295231988998,25,0,C
0,fashion,86,identity,lasso,23.96355478281444,0.00020092589973110268,0.003102074624506201,0.00040387219976982525,25,0,C
0,fashion,86,pca,lasso,4.765003033460672,0.06981027484758258,0.08305554639806927,0.11478188799358445,25,0,C
0,fashion,86,emotion,lasso,6.181961467021344,-0.006204275454273302,-0.03937633434655453,-0.031909641665818,25,0,C
0,fashion,98,population,lasso,,0.1501533178962835,0.29205914624811036,0.3262209613528578,25,0,C
0,fashion,98,identity,lasso,23.965877687362667,0.2302215724135075,0.30133631912893266,0.35212468145844017,25,0,C
0,fashion,98,pca,lasso,4.816288630893995,0.15246436662415314,0.3042814533768127,0.32734797495951956,25,0,C
0,fashion,98,emotion,lasso,6.5165020933362685,0.2613582601140042,0.3306894904661377,0.302644671724769,25,0,C
0,fashion,99,population,lasso,,0.23612794513757815,0.4179914088845003,0.43925436245729843,25,0,C
0,fashion,99,identity,lasso,23.964787993288056,0.3253899307482844,0.4997084353752817,0.5289602641909212,25,0,C
0,fashion,99,pca,lasso,4.756863747462309,0.23832711875361487,0.41985306776138864,0.4553436301047241,25,0,C
0,fashion,99,emotion,lasso,6.362850682928501,0.33001266260060463,0.45938882338372705,0.48051897232623175,25,0,C
0,fashion,105,population,lasso,,0.050754248107858245,0.06910712486382817,0.10191217832226677,25,0,C
0,fashion,105,identity,lasso,23.964791466544227,0.08599728748944664,0.09526572429819422,0.12654006493071226,25,0,C
0,fashion,105,pca,lasso,4.56328770941347,0.09539602250468,0.12531916549944772,0.13741727707645499,25,0,C
0,fashion,105,emotion,lasso,6.566173473288801,0.042068624588171434,0.04805392612389575,0.058692691116259646,25,0,C
0,fashion,109,population,lasso,,0.35344070422277435,0.47583050850171443,0.5518199729279372,25,0,C
0,fashion,109,identity,lasso,23.96582179289413,0.34637115976042665,0.49113410952061937,0.5565210431236498,25,0,C
0,fashion,109,pca,lasso,4.723959542167644,0.3281397155910122,0.47902298156194956,0.5456339452724327,25,0,C
0,fashion,109,emotion,lasso,6.356048202846415,0.35162296790325914,0.46746926953443185,0.5022013136464724,25,0,C
0,fashion,110,population,lasso,,0.2792929848439288,0.35576561654859573,0.39240457996816147,25,0,C
0,fashion,110,identity,lasso,23.963395565797054,0.26791785359273484,0.3471712786207364,0.3778243635623531,25,0,C
0,fashion,110,pca,lasso,4.503566390258791,0.2667744344659085,0.3448727928958437,0.3776607677208519,25,0,C
0,fashion,110,emotion,lasso,6.289563953778901,0.21011107979566462,0.34592210159633824,0.36259845899949866,25,0,C
0,fashion,116,population,lasso,,0.18504161756017745,0.25824586907985814,0.33243124401410473,25,0,C
0,fashion,116,identity,lasso,23.96649141622888,0.2519715756086987,0.24442383443661936,0.35477767136924787,25,0,C
0,fashion,116,pca,lasso,4.767122986976347,0.25298083208114575,0.24281545222358794,0.3599593313758784,25,0,C
0,fashion,116,emotion,lasso,6.585904707124224,0.15888911065850603,0.19200062668062637,0.3199985464215792,25,0,C
0,fashion,117,population,lasso,,0.33941408932361694,0.4563161878946497,0.5323407193592141,25,0,C
0,fashion,117,identity,lasso,23.96676284201645,0.337224091583427,0.4978817223575724,0.5461039939743344,25,0,C
0,fashion,117,pca,lasso,4.763956889399202,0.32879490671053113,0.47667173983840266,0.5335383669446165,25,0,C
0,fashion,117,emotion,lasso,6.39271055670619,0.40230242825689133,0.49114679899840474,0.5450257445314073,25,0,C
0,fashion,126,population,lasso,,0.25265189808126404,0.29904893017068673,0.42293721357039643,25,0,C
0,fashion,126,identity,lasso,23.96637863895,0.3435254119652659,0.24200921888813048,0.44981190773493723,25,0,C
0,fashion,126,pca,lasso,4.795655684303556,0.23680424624240007,0.2538242330615408,0.40277761538728085,25,0,C
0,fashion,126,emotion,lasso,6.656578514869379,0.40644164205600164,0.34611041519754787,0.506090618016112,25,0,C
0,fashion,127,population,lasso,,0.21000503569906825,0.4848026866646597,0.46578442555141464,25,0,C
0,fashion,127,identity,lasso,23.964482372368916,0.29961138554571065,0.47610777577808105,0.452743333201462,25,0,C
0,fashion,127,pca,lasso,4.7011615070907125,0.28249848353090995,0.5300948213393801,0.5051020181847342,25,0,C
0,fashion,127,emotion,lasso,6.481708373516307,0.3771539925540341,0.5103470576308795,0.5067493036630595,25,0,C
0,fashion,136,population,lasso,,0.23656803616125155,0.48993497500706024,0.4390064571819795,25,0,C
0,fashion,136,identity,lasso,23.9660664157724,0.29765196550170153,0.513973038264641,0.49549332578281313,25,0,C
0,fashion,136,pca,lasso,4.76113184519614,0.25059869494109444,0.5055842447604649,0.46146582808590053,25,0,C
0,fashion,136,emotion,lasso,6.66369694207581,0.3985824193041147,0.41899815976121974,0.4541138425308576,25,0,C
0,fashion,144,population,lasso,,0.14790552710757238,0.5312154686982553,0.4816150838318414,25,0,C
0,fashion,144,identity,lasso,23.96469604572056,0.29035226245222684,0.532888029567165,0.4800762278363053,25,0,C
0,fashion,144,pca,lasso,4.851409126328365,0.2896527442949876,0.5397303240308864,0.4847362772220428,25,0,C
0,fashion,144,emotion,lasso,6.537322644061549,0.3840375618353081,0.5585846465531411,0.5044044659235336,25,0,C
0,landscape,3,population,lasso,,0.3448955132426263,0.44292704991572074,0.48320410453515256,25,0,C
0,landscape,3,identity,lasso,23.927325882754683,0.35354004876143513,0.4202267308483336,0.47825357347590186,25,0,C
0,landscape,3,pca,lasso,4.683786716204932,0.35354004876143513,0.4202267308483336,0.47825357347590186,25,0,C
0,landscape,3,emotion,lasso,6.594127840009577,0.29836130494899316,0.4393324223844425,0.48929507165115704,25,0,C
0,landscape,14,population,lasso,,0.18480756534515524,0.29691948686618713,0.35203935682653054,25,0,C
0,landscape,14,identity,lasso,23.933115690759095,0.25530576069903144,0.3538744936123055,0.3749373810002836,25,0,C
0,landscape,14,pca,lasso,4.6832992441771895,0.25530576069903144,0.3538744936123055,0.3749373810002836,25,0,C
0,landscape,14,emotion,lasso,6.538932521889024,0.2566660438531288,0.36537454719376716,0.3844571089494972,25,0,C
0,landscape,15,population,lasso,,0.026356530512429355,-0.015203040912304105,0.041834676634250695,25,0,C
0,landscape,15,identity,lasso,23.92539008498006,0.057714094488256706,0.0440088026408803,0.059470177237322695,25,0,C
0,landscape,15,pca,lasso,4.822502430383436,0.057714094488256706,0.0440088026408803,0.059470177237322695,25,0,C
0,landscape,15,emotion,lasso,6.586299862172184,0.0726177420730396,0.09601920576192068,0.09408643612732488,25,0,C
0,landscape,19,population,lasso,,0.42885526482768843,0.52642917402806,0.5552009474242197,25,0,C
0,landscape,19,identity,lasso,23.91962698470022,0.4214889771732681,0.49608972073630253,0.5287612790220295,25,0,C
0,landscape,19,pca,lasso,4.725021826425399,0.4214889771732681,0.49608972073630253,0.5287612790220295,25,0,C
0,landscape,19,emotion,lasso,6.620243346642636,0.41231814869787486,0.5204306873478269,0.5536798364870449,25,0,C
0,landscape,21,population,lasso,,0.11046705635315561,0.1660919411874004,0.18480548735998692,25,0,C
0,landscape,21,identity,lasso,23.927483124645605,0.12007993074842371,0.12965951418415453,0.15518443699369924,25,0,C
0,landscape,21,pca,lasso,4.829113431854285,0.12007993074842371,0.12965951418415453,0.15518443699369924,25,0,C
0,landscape,21,emotion,lasso,6.569194015199857,0.4077615284267895,0.4843017419719151,0.43473097891703544,25,0,C
0,landscape,22,population,lasso,,0.254212730362863,0.39218738681460996,0.42894532192414014,25,0,C
0,landscape,22,identity,lasso,23.923829256587783,0.2698698394437796,0.42893972209403025,0.4543634453462305,25,0,C
0,landscape,22,pca,lasso,4.672999644008689,0.2698698394437796,0.42893972209403025,0.4543634453462305,25,0,C
0,landscape,22,emotion,lasso,6.192987439703304,0.33691635141455434,0.4300120713992654,0.45523384186116217,25,0,C
0,landscape,30,population,lasso,,0.14203834313442326,0.3563423195503324,0.39636135469463946,25,0,C
0,landscape,30,identity,lasso,23.93396649918196,0.2945385563876586,0.34063909868879233,0.389670608473433,25,0,C
0,landscape,30,pca,lasso,4.66522053609572,0.2945385563876586,0.34063909868879233,0.389670608473433,25,0,C
0,landscape,30,emotion,lasso,6.588760430854186,0.2677847721681192,0.32387893026926395,0.35386716497,25,0,C
0,landscape,50,population,lasso,,0.4288059074072296,0.46569940152887784,0.44369237168243364,25,0,C
0,landscape,50,identity,lasso,23.926396311500746,0.38294123612906683,0.4285102562543662,0.39561116443599353,25,0,C
0,landscape,50,pca,lasso,4.625016703426536,0.38294123612906683,0.4285102562543662,0.39561116443599353,25,0,C
0,landscape,50,emotion,lasso,6.568172251941789,0.36929244792111215,0.43430018306357154,0.40278846275249963,25,0,C
0,landscape,57,population,lasso,,0.41016726189702757,0.4436189666426193,0.4769133787765763,25,0,C
0,landscape,57,identity,lasso,23.93039280997018,0.38416241342028495,0.4576892729123634,0.46869640459532397,25,0,C
0,landscape,57,pca,lasso,4.811499066585353,0.38416241342028495,0.4576892729123634,0.46869640459532397,25,0,C
0,landscape,57,emotion,lasso,6.613576776117054,0.30790779685383907,0.413861077520402,0.44274637683627066,25,0,C
0,landscape,62,population,lasso,,0.2694307206433346,0.32396575300016667,0.41282657345755697,25,0,C
0,landscape,62,identity,lasso,23.92489586016625,0.2762045026278412,0.3328721989818945,0.4257793203673271,25,0,C
0,landscape,62,pca,lasso,4.688208978968467,0.2762045026278412,0.3328721989818945,0.4257793203673271,25,0,C
0,landscape,62,emotion,lasso,6.721642251205786,0.36137607120580634,0.45432825843104313,0.4816355437193936,25,0,C
0,landscape,63,population,lasso,,0.1897986699421688,0.23574569961102546,0.25528033903025105,25,0,C
0,landscape,63,identity,lasso,23.926888829249297,0.1672786572718659,0.15606137940054732,0.2094278045278518,25,0,C
0,landscape,63,pca,lasso,4.813629963580073,0.1672786572718659,0.15606137940054732,0.2094278045278518,25,0,C
0,landscape,63,emotion,lasso,6.650106858779785,0.01904806780949743,0.033796073552303955,0.032699191199178,25,0,C
0,landscape,79,population,lasso,,0.32025279162201764,0.38623840975809987,0.3372182769575017,25,0,C
0,landscape,79,identity,lasso,23.925930318460935,0.3165515281912629,0.39045987935604964,0.3465707092838356,25,0,C
0,landscape,79,pca,lasso,4.563013001076639,0.3165515281912629,0.39045987935604964,0.3465707092838356,25,0,C
0,landscape,79,emotion,lasso,6.518786756823767,0.1668876949323299,0.3498608075436681,0.2743903628195385,25,0,C
0,landscape,80,population,lasso,,0.3783660371216927,0.6219887192616687,0.6127269536066563,25,0,C
0,landscape,80,identity,lasso,23.92438301047283,0.39004877008645156,0.6390763214391869,0.6394933438908446,25,0,C
0,landscape,80,pca,lasso,4.461135778771463,0.39004877008645156,0.6390763214391869,0.6394933438908446,25,0,C
0,landscape,80,emotion,lasso,6.2998501386081305,0.5979090633548698,0.7103560333796921,0.6929177000602409,25,0,C
0,landscape,85,population,lasso,,0.15305364417031042,0.32968076798300683,0.27259720015649613,25,0,C
0,landscape,85,identity,lasso,23.926134780873785,0.16068533653561848,0.28142864025522574,0.24176611822476304,25,0,C
0,landscape,85,pca,lasso,4.554714977134061,0.16068533653561848,0.28142864025522574,0.24176611822476304,25,0,C
0,landscape,85,emotion,lasso,6.476578728684782,0.14120406513159853,0.30992518479812475,0.3237164669031935,25,0,C
0,landscape,86,population,lasso,,0.4826990294301457,0.5760048836012421,0.5869740778170492,25,0,C
0,landscape,86,identity,lasso,23.933698750780326,0.4652035495503029,0.5661481155396166,0.5608318112886185,25,0,C
0,landscape,86,pca,lasso,4.804629435444369,0.4652035495503029,0.5661481155396166,0.5608318112886185,25,0,C
0,landscape,86,emotion,lasso,6.506702009959245,0.35803750225372016,0.5771343049416368,0.5705406179085757,25,0,C
0,landscape,98,population,lasso,,0.2543413865960296,0.4813021996014399,0.4971169749464332,25,0,C
0,landscape,98,identity,lasso,23.925156906989113,0.3073733468416928,0.45585912831371556,0.4873060298909094,25,0,C
0,landscape,98,pca,lasso,4.732203853828977,0.3073733468416928,0.45585912831371556,0.4873060298909094,25,0,C
0,landscape,98,emotion,lasso,6.677182442548769,0.33774346140697814,0.5711649620219132,0.5589179738722523,25,0,C
0,landscape,99,population,lasso,,0.4216021634512566,0.6297973391006445,0.5981395537392994,25,0,C
0,landscape,99,identity,lasso,23.919980545923355,0.42415004035690357,0.5978234639436951,0.5790477131411229,25,0,C
0,landscape,99,pca,lasso,4.742264836953386,0.4154004665370762,0.5972367873353108,0.5716066038058326,25,0,C
0,landscape,99,emotion,lasso,6.503203144342035,0.43296718297441106,0.58110318060474,0.5335865902695053,25,0,C
0,landscape,105,population,lasso,,0.21605458753338982,0.2985363507921056,0.308966821818077,25,0,C
0,landscape,105,identity,lasso,23.932819214891794,0.2340064249197157,0.3466486152749521,0.3480109905269856,25,0,C
0,landscape,105,pca,lasso,4.730838291481865,0.2340064249197157,0.3466486152749521,0.3480109905269856,25,0,C
0,landscape,105,emotion,lasso,6.786868933336176,0.10466025587724835,0.14438685823988476,0.21093566475537914,25,0,C
0,landscape,109,population,lasso,,0.28969140276328526,0.35176698851476623,0.38720975203896635,25,0,C
0,landscape,109,identity,lasso,23.933833993327454,0.302982318173387,0.39361547465550634,0.42046499792178194,25,0,C
0,landscape,109,pca,lasso,4.762958756435594,0.302982318173387,0.39361547465550634,0.42046499792178194,25,0,C
0,landscape,109,emotion,lasso,6.667413322849259,0.3430822783324249,0.41324131600790603,0.4359530468843301,25,0,C
0,landscape,110,population,lasso,,0.5694278458742879,0.6889092464580163,0.6714799388543822,25,0,C
0,landscape,110,identity,lasso,23.924080662765054,0.5700471925738027,0.6773190828499889,0.6672551747155864,25,0,C
0,landscape,110,pca,lasso,4.711853975702046,0.5700471925738027,0.6773190828499889,0.6672551747155864,25,0,C
0,landscape,110,emotion,lasso,6.445449475795553,0.6248969522316511,0.7374367575646705,0.7047221062272578,25,0,C
0,landscape,116,population,lasso,,0.25986710116304146,0.46095150591506956,0.5476359458276486,25,0,C
0,landscape,116,identity,lasso,23.92980449200784,0.3283861512879822,0.4440688781687301,0.4830603216203243,25,0,C
0,landscape,116,pca,lasso,4.757146041432853,0.3283861512879822,0.4440688781687301,0.4830603216203243,25,0,C
0,landscape,116,emotion,lasso,6.683545101374004,0.33490708387680845,0.4473135874052638,0.48576861922271447,25,0,C
0,landscape,117,population,lasso,,0.4656355165710192,0.574185554388335,0.5587140675973662,25,0,C
0,landscape,117,identity,lasso,23.923178589209627,0.45126277496434863,0.5510243654029895,0.546489195742208,25,0,C
0,landscape,117,pca,lasso,4.724498832434508,0.45126277496434863,0.5510243654029895,0.546489195742208,25,0,C
0,landscape,117,emotion,lasso,6.488051757731887,0.5171552005802998,0.6035533365004723,0.5814975181584392,25,0,C
0,landscape,126,population,lasso,,0.18768415913392356,0.25383490832551775,0.27899300758697365,25,0,C
0,landscape,126,identity,lasso,23.925259457329343,0.18259469347192864,0.24164174956309015,0.27305944187678594,25,0,C
0,landscape,126,pca,lasso,4.669317760924237,0.18259469347192864,0.24164174956309015,0.27305944187678594,25,0,C
0,landscape,126,emotion,lasso,6.4934798853968845,0.2699210316811066,0.27599980016491055,0.2774437248401233,25,0,C
0,landscape,127,population,lasso,,0.24239028435349758,0.3489802678615658,0.36897565034512747,25,0,C
0,landscape,127,identity,lasso,23.924801774081093,0.2589938764910118,0.32341412693264027,0.36797947777215906,25,0,C
0,landscape,127,pca,lasso,4.816466511933475,0.2589938764910118,0.32341412693264027,0.36797947777215906,25,0,C
0,landscape,127,emotion,lasso,6.506046743588171,0.3035775107534921,0.3252228214151838,0.3541651324085055,25,0,C
0,landscape,136,population,lasso,,0.3689590397277982,0.4990803251280403,0.5541034511870291,25,0,C
0,landscape,136,identity,lasso,23.928431381758205,0.33674009922606823,0.46615800938636076,0.5099188308840884,25,0,C
0,landscape,136,pca,lasso,4.717921033519269,0.33674009922606823,0.46615800938636076,0.5099188308840884,25,0,C
0,landscape,136,emotion,lasso,6.6026181334459695,0.3203052647132139,0.45761519301029524,0.5246720091848192,25,0,C
0,landscape,144,population,lasso,,0.24984155125404472,0.5632856653392488,0.5584265390696966,25,0,C
0,landscape,144,identity,lasso,23.93042750807259,0.4637000134509364,0.5826065383704071,0.5703891407640798,25,0,C
0,landscape,144,pca,lasso,4.56889162006961,0.4637000134509364,0.5826065383704071,0.5703891407640798,25,0,C
0,landscape,144,emotion,lasso,6.700311536278743,0.5082999598958458,0.5437078658050165,0.5501606240865486,25,0,C
1,art,5,population,lasso,,0.1037767326088451,0.20800207446364047,0.20058738436729118,25,0,C
1,art,5,identity,lasso,23.32319091715086,0.18232018163429703,0.18091367037913386,0.20791875308805355,25,0,C
1,art,5,pca,lasso,6.8702756176957855,0.18232018163429703,0.18091367037913386,0.20791875308805355,25,0,C
1,art,5,emotion,lasso,6.72203906809574,0.15573451988544962,0.20610742238211543,0.21939416846725718,25,0,C
1,art,6,population,lasso,,0.483222635256224,0.6943809093714995,0.6605410388540316,25,0,C
1,art,6,identity,lasso,23.364744141334725,0.5036805776817972,0.6955277398264431,0.6610264035433231,25,0,C
1,art,6,pca,lasso,6.902623671167838,0.5499869295120537,0.6949293935021248,0.6491345005641418,25,0,C
1,art,6,emotion,lasso,6.642044210840092,0.6601154063528814,0.7180654513757695,0.693168717251176,25,0,C
1,art,16,population,lasso,,0.26333704164463034,0.47110996554910367,0.4716768219784439,25,0,C
1,art,16,identity,lasso,23.368754247818405,0.24191872070375062,0.43181423624841264,0.4441538294343872,25,0,C
1,art,16,pca,lasso,6.9034100060436945,0.3033022480167515,0.5240568166912258,0.5248397834133602,25,0,C
1,art,16,emotion,lasso,6.691082301835351,0.30394377631719455,0.45350976917497277,0.4532060004668599,25,0,C
1,art,17,population,lasso,,0.09829137735557514,0.11852528135453723,0.11833261397452752,25,0,C
1,art,17,identity,lasso,23.378244335348743,0.08573547535741759,0.1343351987514556,0.11670309099275189,25,0,C
1,art,17,pca,lasso,6.909068445239809,0.08100589683601009,0.1001131104730329,0.10013416561580636,25,0,C
1,art,17,emotion,lasso,6.589302376555934,0.09638549264500382,0.1314383505327656,0.12285573644352621,25,0,C
1,art,23,population,lasso,,0.10287434410490688,0.126978898796567,0.15107175374091217,25,0,C
1,art,23,identity,lasso,23.387362638846675,0.0882183868074698,0.12579769973799432,0.13766946764669902,25,0,C
1,art,23,pca,lasso,6.86201250753991,0.05369762142869156,0.0962677232736764,0.08570108500948487,25,0,C
1,art,23,emotion,lasso,6.629282775652532,0.10848566903162735,0.15675495839808762,0.17842004902293687,25,0,C
1,art,35,population,lasso,,0.09049305837033318,0.09559052126134217,0.11309259312163514,25,0,C
1,art,35,identity,lasso,23.35635219158786,0.08529950740794358,0.12399664671795695,0.09884830470021677,25,0,C
1,art,35,pca,lasso,6.901528865009489,0.107486104776337,0.15156883087676282,0.12127307950406722,25,0,C
1,art,35,emotion,lasso,6.717254932768255,0.14944156412913248,0.23485871799542413,0.1676065644499807,25,0,C
1,art,39,population,lasso,,0.5818047048095407,0.7729032388199801,0.7615346736247909,25,0,C
1,art,39,identity,lasso,23.380404618695227,0.5586991430664193,0.7551615512399882,0.7710497567928107,25,0,C
1,art,39,pca,lasso,6.886392065100118,0.5731380286910932,0.762793450366577,0.7696128690952574,25,0,C
1,art,39,emotion,lasso,6.654136027083743,0.6712580916302889,0.7478269988326173,0.7713853237065633,25,0,C
1,art,44,population,lasso,,0.34475775841090045,0.6332234910927498,0.6057773333309121,25,0,C
1,art,44,identity,lasso,23.360116380050435,0.5425118567768834,0.6442808861252638,0.622132627278377,25,0,C
1,art,44,pca,lasso,6.910520253804065,0.5425118567768834,0.6442808861252638,0.622132627278377,25,0,C
1,art,44,emotion,lasso,6.659376817921794,0.5497440246306248,0.6575397534719434,0.6288031956578584,25,0,C
1,art,51,population,lasso,,0.3380756062418948,0.49850794423731315,0.5424204391903584,25,0,C
1,art,51,identity,lasso,23.38747090412795,0.3338620574615144,0.523413845635951,0.5573697934408908,25,0,C
1,art,51,pca,lasso,6.894823265134589,0.3319268825880567,0.48261885645657754,0.5165528738758215,25,0,C
1,art,51,emotion,lasso,6.748857865275209,0.3686462635066141,0.41969611926354156,0.47223027655666816,25,0,C
1,art,64,population,lasso,,0.23994292567857933,0.39417597323384584,0.37849426484599313,25,0,C
1,art,64,identity,lasso,23.327163859455414,0.27865201522813876,0.3725086901768407,0.3498016746342494,25,0,C
1,art,64,pca,lasso,6.896984287980639,0.257972671706356,0.3787560074884715,0.3630816110628836,25,0,C
1,art,64,emotion,lasso,6.762337726729455,0.2842031651924628,0.4385021770163688,0.468518341412826,25,0,C
1,art,69,population,lasso,,0.320178861492273,0.3715686038816837,0.3601068179061596,25,0,C
1,art,69,identity,lasso,23.358750065158535,0.30017226792619867,0.34852442212493556,0.34516330544421836,25,0,C
1,art,69,pca,lasso,6.897773202185173,0.30017226792619867,0.34852442212493556,0.34516330544421836,25,0,C
1,art,69,emotion,lasso,6.651802356972432,0.2857301464201611,0.35610540566582655,0.35124027949321945,25,0,C
1,art,81,population,lasso,,0.3200695199650725,0.36426565665856053,0.44459683158927477,25,0,C
1,art,81,identity,lasso,23.375653849321573,0.3638249456603417,0.3498887832383117,0.4223768653930613,25,0,C
1,art,81,pca,lasso,6.913104784645463,0.3638249456603417,0.3498887832383117,0.4223768653930613,25,0,C
1,art,81,emotion,lasso,6.72814344741261,0.273190898433915,0.3345843695974018,0.3997258470979984,25,0,C
1,art,92,population,lasso,,0.2616031963613058,0.32055125779816906,0.35485627635724076,25,0,C
1,art,92,identity,lasso,23.340276581713375,0.270639857462428,0.34898250446868684,0.3778584022397573,25,0,C
1,art,92,pca,lasso,6.900158366585586,0.3791910979740352,0.5033656470111874,0.4878128410192851,25,0,C
1,art,92,emotion,lasso,6.544278739447327,0.2661960863950868,0.28519633965866514,0.347764350698495,25,0,C
1,art,100,population,lasso,,0.3932995087600532,0.6218556820721224,0.6689240360835099,25,0,C
1,art,100,identity,lasso,23.370435321979816,0.4838470539280882,0.6158341921929029,0.6583502077347956,25,0,C
1,art,100,pca,lasso,6.907707922353577,0.512299941836899,0.6156848990554016,0.6542669730435702,25,0,C
1,art,100,emotion,lasso,6.583819554930883,0.549580248306911,0.5692547332924942,0.5872454427203863,25,0,C
1,art,101,population,lasso,,0.4624586855280736,0.6210253498479661,0.607448288518273,25,0,C
1,art,101,identity,lasso,23.330529120580444,0.5812823835535255,0.6286828123709176,0.609700703685544,25,0,C
1,art,101,pca,lasso,6.880992370949292,0.5812823835535255,0.6286828123709176,0.609700703685544,25,0,C
1,art,101,emotion,lasso,6.569168343798437,0.5747738190381614,0.6250853467561082,0.6131571826870645,25,0,C
1,art,106,population,lasso,,0.41709884315217277,0.4698877220064493,0.48159413496967896,25,0,C
1,art,106,identity,lasso,23.366698266872685,0.41357837110312007,0.4795204959576387,0.4841943442066689,25,0,C
1,art,106,pca,lasso,6.903966619887286,0.4370613467769367,0.49596177505757455,0.48323938857172066,25,0,C
1,art,106,emotion,lasso,6.608499948271445,0.42351104061513906,0.4674669201757839,0.47764446004726413,25,0,C
1,art,111,population,lasso,,0.4847764436046023,0.6674733323583324,0.6718124368546665,25,0,C
1,art,111,identity,lasso,23.369762871612128,0.47524335917473304,0.6833186886705842,0.6721776024610899,25,0,C
1,art,111,pca,lasso,6.887216880022619,0.5049908976620243,0.6809566479780746,0.6853362431514383,25,0,C
1,art,111,emotion,lasso,6.7166165444848795,0.5839392409563539,0.6363731299069563,0.645880596926985,25,0,C
1,art,118,population,lasso,,0.42870213226719744,0.606527419128281,0.5725569719784899,25,0,C
1,art,118,identity,lasso,23.374922337512487,0.4439341830178396,0.6419592649092528,0.6184041060336194,25,0,C
1,art,118,pca,lasso,6.891589519217005,0.47158237115276336,0.6475406527116,0.6390164334862958,25,0,C
1,art,118,emotion,lasso,6.638170229742344,0.48693778738541404,0.6285539674196868,0.5849066883631336,25,0,C
1,art,119,population,lasso,,0.29205898226054905,0.5866268264183392,0.5974497046775648,25,0,C
1,art,119,identity,lasso,23.343237990166802,0.3542613276002118,0.5684837286940606,0.5850198423855153,25,0,C
1,art,119,pca,lasso,6.895522818032219,0.5621510522281371,0.6511847866134007,0.6046620226553692,25,0,C
1,art,119,emotion,lasso,6.633532008229115,0.5197834568860337,0.5640585829076512,0.5630053952577994,25,0,C
1,art,128,population,lasso,,0.4319131629926997,0.5187655838175419,0.5004581929086616,25,0,C
1,art,128,identity,lasso,23.403138092014498,0.42832447092251763,0.5219743397240193,0.48975244470816204,25,0,C
1,art,128,pca,lasso,6.905267598804608,0.5147505589348099,0.6091121173092989,0.5596653080001726,25,0,C
1,art,128,emotion,lasso,6.687989900210092,0.448735915837123,0.5486972600076523,0.5143515530133966,25,0,C
1,art,129,population,lasso,,0.25311268290735556,0.3484921597617948,0.37136710032998294,25,0,C
1,art,129,identity,lasso,23.333684422828462,0.3048327526344552,0.3418183718210722,0.35491564317224145,25,0,C
1,art,129,pca,lasso,6.897969104832639,0.3043814386349076,0.3269152513820149,0.3542432350754198,25,0,C
1,art,129,emotion,lasso,6.752267335383894,0.13155878552179312,0.2557616325854382,0.25984268709502256,25,0,C
1,art,137,population,lasso,,0.4509810198202609,0.49185315334558866,0.5180838994917955,25,0,C
1,art,137,identity,lasso,23.374081446143368,0.459248111835666,0.49993194927383183,0.5422344955070381,25,0,C
1,art,137,pca,lasso,6.8865772144102495,0.5292755357577489,0.6461029588326668,0.6577971679062489,25,0,C
1,art,137,emotion,lasso,6.694707863715198,0.2665421336730314,0.36118741050617703,0.3191432234380459,25,0,C
1,fashion,5,population,lasso,,0.10434425504483583,0.17625792320213432,0.2055653195568114,25,0,C
1,fashion,5,identity,lasso,23.93143374141743,0.1532908259130121,0.1600355772580081,0.18647802576988018,25,0,C
1,fashion,5,pca,lasso,4.815523239774413,0.1532908259130121,0.1600355772580081,0.18647802576988018,25,0,C
1,fashion,5,emotion,lasso,2.6291848842390597,0.1532908259130121,0.1600355772580081,0.18647802576988018,25,0,C
1,fashion,6,population,lasso,,0.2573764756145742,0.37020982898773297,0.3920000643825106,25,0,C
1,fashion,6,identity,lasso,23.930699514243155,0.23960981144113636,0.3420373230107772,0.3807332548167196,25,0,C
1,fashion,6,pca,lasso,4.609580438206617,0.23960981144113636,0.3420373230107772,0.3807332548167196,25,0,C
1,fashion,6,emotion,lasso,2.8953301451303783,0.23960981144113636,0.3420373230107772,0.3807332548167196,25,0,C
1,fashion,16,population,lasso,,0.13869671192627342,0.2813874466680309,0.28283137551443116,25,0,C
1,fashion,16,identity,lasso,23.93075538661999,0.15551066930751004,0.3110200247609342,0.3034222402073784,25,0,C
1,fashion,16,pca,lasso,4.768494534190733,0.13795403463805705,0.3298638058875581,0.2913650181396372,25,0,C
1,fashion,16,emotion,lasso,2.7243196852670186,0.13795403463805705,0.3298638058875581,0.2913650181396372,25,0,C
1,fashion,17,population,lasso,,0.06445543911120204,0.022945540095059197,0.0923141745924332,25,0,C
1,fashion,17,identity,lasso,23.929629780119814,0.07486135215083152,0.02437302761249376,0.10089991100967158,25,0,C
1,fashion,17,pca,lasso,4.6703434292420605,0.07486135215083152,0.02437302761249376,0.10089991100967158,25,0,C
1,fashion,17,emotion,lasso,2.8667562402647615,0.07486135215083152,0.02437302761249376,0.10089991100967158,25,0,C
1,fashion,23,population,lasso,,0.18621660166344453,0.41793732732333905,0.4587549754248075,25,0,C
1,fashion,23,identity,lasso,23.926977316378938,0.2239895185911528,0.5539629361572534,0.5520693870508515,25,0,C
1,fashion,23,pca,lasso,4.725952188543851,0.16362036840704886,0.44426486451699987,0.45841582252977675,25,0,C
1,fashion,23,emotion,lasso,2.746278220454524,0.16362036840704886,0.44426486451699987,0.45841582252977675,25,0,C
1,fashion,35,population,lasso,,0.1886786843744706,0.28170011791898236,0.24243866401815117,25,0,C
1,fashion,35,identity,lasso,23.89496001492409,0.1755413377756758,0.256655507876222,0.23977848227630383,25,0,C
1,fashion,35,pca,lasso,4.71903198003129,0.1755413377756758,0.256655507876222,0.23977848227630383,25,0,C
1,fashion,35,emotion,lasso,2.6581011215462893,0.1755413377756758,0.256655507876222,0.23977848227630383,25,0,C
1,fashion,39,population,lasso,,0.2797774039919956,0.3101432881353129,0.40149568536687646,25,0,C
1,fashion,39,identity,lasso,23.928043900643075,0.28175547687299246,0.32686449204769297,0.38781162939414954,25,0,C
1,fashion,39,pca,lasso,4.913142178359018,0.28175547687299246,0.32686449204769297,0.38781162939414954,25,0,C
1,fashion,39,emotion,lasso,2.6899678741777726,0.28175547687299246,0.32686449204769297,0.38781162939414954,25,0,C
1,fashion,44,population,lasso,,0.14614705109456594,0.39976986297157413,0.3172065726089573,25,0,C
1,fashion,44,identity,lasso,23.9271097632448,0.2217811828384787,0.4435585608967581,0.34498978487618837,25,0,C
1,fashion,44,pca,lasso,4.818031513333615,0.2217811828384787,0.4435585608967581,0.34498978487618837,25,0,C
1,fashion,44,emotion,lasso,2.8330087122394003,0.2217811828384787,0.4435585608967581,0.34498978487618837,25,0,C
1,fashion,51,population,lasso,,0.2145595837358231,0.4714883719494742,0.49701195815847526,25,0,C
1,fashion,51,identity,lasso,23.92539683485321,0.2148746193044794,0.5047971090683091,0.5002745945155438,25,0,C
1,fashion,51,pca,lasso,4.680872326131398,0.2148746193044794,0.5047971090683091,0.5002745945155438,25,0,C
1,fashion,51,emotion,lasso,2.9595499413731092,0.2148746193044794,0.5047971090683091,0.5002745945155438,25,0,C
1,fashion,64,population,lasso,,0.0192891293817418,0.15241983055446434,0.07557799488584066,25,0,C
1,fashion,64,identity,lasso,23.926889784675936,0.044085250872483384,0.16441400763501315,0.10324647010522461,25,0,C
1,fashion,64,pca,lasso,4.828437256367635,0.044085250872483384,0.16441400763501315,0.10324647010522461,25,0,C
1,fashion,64,emotion,lasso,2.6255608201906586,0.044085250872483384,0.16441400763501315,0.10324647010522461,25,0,C
1,fashion,69,population,lasso,,0.25685715596504816,0.3684563440793471,0.3279266081594601,25,0,C
1,fashion,69,identity,lasso,23.92738773619606,0.29744584131088075,0.3903262797087034,0.3868573453997251,25,0,C
1,fashion,69,pca,lasso,4.81173113567361,0.29744584131088075,0.3903262797087034,0.3868573453997251,25,0,C
1,fashion,69,emotion,lasso,2.6369969020741553,0.29744584131088075,0.3903262797087034,0.3868573453997251,25,0,C
1,fashion,81,population,lasso,,0.19870567353292382,0.3692783186665126,0.3750347794326793,25,0,C
1,fashion,81,identity,lasso,23.92829140149039,0.34045513720952725,0.369605741440563,0.3692903595989383,25,0,C
1,fashion,81,pca,lasso,4.655758746198062,0.34045513720952725,0.369605741440563,0.3692903595989383,25,0,C
1,fashion,81,emotion,lasso,2.767050386193699,0.34045513720952725,0.369605741440563,0.3692903595989383,25,0,C
1,fashion,92,population,lasso,,0.03121809797195771,-0.005115651302146496,0.06370551284072574,25,0,C
1,fashion,92,identity,lasso,23.927829298543127,0.04062832104092636,0.016262386244718333,0.06918090969359615,25,0,C
1,fashion,92,pca,lasso,4.713299974905683,0.04062832104092636,0.016262386244718333,0.06918090969359615,25,0,C
1,fashion,92,emotion,lasso,2.6886156298523103,0.04062832104092636,0.016262386244718333,0.06918090969359615,25,0,C
1,fashion,100,population,lasso,,0.24118383220397727,0.5042951676289588,0.57183790545427,25,0,C
1,fashion,100,identity,lasso,23.92725848097272,0.39207152829343994,0.5190663772736228,0.5862073788484216,25,0,C
1,fashion,100,pca,lasso,4.768258682945203,0.39207152829343994,0.5190663772736228,0.5862073788484216,25,0,C
1,fashion,100,emotion,lasso,2.5641563301632373,0.39207152829343994,0.5190663772736228,0.5862073788484216,25,0,C
1,fashion,101,population,lasso,,0.1662893863824163,0.2734490433726677,0.26362645326331835,25,0,C
1,fashion,101,identity,lasso,23.929586733275077,0.17546625015118944,0.304191540881183,0.2848755451192169,25,0,C
1,fashion,101,pca,lasso,4.749548551581793,0.17546625015118944,0.304191540881183,0.2848755451192169,25,0,C
1,fashion,101,emotion,lasso,2.8713104277002413,0.17546625015118944,0.304191540881183,0.2848755451192169,25,0,C
1,fashion,106,population,lasso,,0.1186881796136448,0.3054285396661419,0.3752685931259064,25,0,C
1,fashion,106,identity,lasso,23.927645614645847,0.16545455797174952,0.26624185516661425,0.3399653647899855,25,0,C
1,fashion,106,pca,lasso,4.653664703925092,0.16545455797174952,0.26624185516661425,0.3399653647899855,25,0,C
1,fashion,106,emotion,lasso,2.670903242714738,0.16545455797174952,0.26624185516661425,0.3399653647899855,25,0,C
1,fashion,111,population,lasso,,0.19718578156951744,0.37142990912224666,0.35069569588208876,25,0,C
1,fashion,111,identity,lasso,23.929126145005934,0.19216683892510877,0.36150939588111297,0.3658583732299182,25,0,C
1,fashion,111,pca,lasso,4.898693709832908,0.19216683892510877,0.36150939588111297,0.3658583732299182,25,0,C
1,fashion,111,emotion,lasso,2.693299198670832,0.19216683892510877,0.36150939588111297,0.3658583732299182,25,0,C
1,fashion,118,population,lasso,,0.22109498739042915,0.31293987686239594,0.3160488097089704,25,0,C
1,fashion,118,identity,lasso,23.929470506971676,0.20380558903597681,0.29316429706067026,0.3071009415512968,25,0,C
1,fashion,118,pca,lasso,4.506816076434521,0.20380558903597681,0.29316429706067026,0.3071009415512968,25,0,C
1,fashion,118,emotion,lasso,2.4274976930051917,0.20380558903597681,0.29316429706067026,0.3071009415512968,25,0,C
1,fashion,119,population,lasso,,0.2268238176666484,0.45093356776891286,0.51903221977726,25,0,C
1,fashion,119,identity,lasso,23.92960796146427,0.2668693579862784,0.43228336267556117,0.506083988545641,25,0,C
1,fashion,119,pca,lasso,4.736731096160476,0.2668693579862784,0.43228336267556117,0.506083988545641,25,0,C
1,fashion,119,emotion,lasso,3.024027941137798,0.2668693579862784,0.43228336267556117,0.506083988545641,25,0,C
1,fashion,128,population,lasso,,0.36540372401756616,0.5530393399120798,0.5453617356400811,25,0,C
1,fashion,128,identity,lasso,23.928839644298268,0.38956137297293686,0.5643631962103511,0.5556336101174547,25,0,C
1,fashion,128,pca,lasso,4.7690055504505935,0.38956137297293686,0.5643631962103511,0.5556336101174547,25,0,C
1,fashion,128,emotion,lasso,2.4543289783206155,0.38956137297293686,0.5643631962103511,0.5556336101174547,25,0,C
1,fashion,129,population,lasso,,0.1342294814011242,0.19470993262140177,0.2741959062570859,25,0,C
1,fashion,129,identity,lasso,23.929603626144917,0.2144080170409899,0.21472123093809262,0.30261084310860265,25,0,C
1,fashion,129,pca,lasso,4.697388920636656,0.2144080170409899,0.21472123093809262,0.30261084310860265,25,0,C
1,fashion,129,emotion,lasso,2.9157524991036423,0.2144080170409899,0.21472123093809262,0.30261084310860265,25,0,C
1,fashion,137,population,lasso,,0.10493585752176299,0.16180588207829247,0.2014196223261979,25,0,C
1,fashion,137,identity,lasso,23.92679985293963,0.10842817951531998,0.17373102506938376,0.19715543170030733,25,0,C
1,fashion,137,pca,lasso,4.685622491281281,0.10842817951531998,0.17373102506938376,0.19715543170030733,25,0,C
1,fashion,137,emotion,lasso,2.5692525666796002,0.10842817951531998,0.17373102506938376,0.19715543170030733,25,0,C
1,landscape,5,population,lasso,,0.2574651485765484,0.38292076625459576,0.40610977485356187,25,0,C
1,landscape,5,identity,lasso,23.38842099062872,0.3957740007069857,0.39468476618380177,0.42243796154119745,25,0,C
1,landscape,5,pca,lasso,4.71912408134398,0.3957740007069857,0.39468476618380177,0.42243796154119745,25,0,C
1,landscape,5,emotion,lasso,6.708544006942894,0.48732082257873666,0.5036944074491965,0.5288187119604053,25,0,C
1,landscape,6,population,lasso,,0.38435734732560367,0.6503989838322114,0.6281218007451184,25,0,C
1,landscape,6,identity,lasso,23.36352973654021,0.3946450891804652,0.6580622951220773,0.637007130332482,25,0,C
1,landscape,6,pca,lasso,4.6723608561098935,0.3946450891804652,0.6580622951220773,0.637007130332482,25,0,C
1,landscape,6,emotion,lasso,6.491030438248037,0.42571952538776686,0.6463708330259998,0.6335229294450241,25,0,C
1,landscape,16,population,lasso,,0.275181312902688,0.4914434355657378,0.4930449801526121,25,0,C
1,landscape,16,identity,lasso,23.430328300891404,0.2781904443166279,0.5109677405522783,0.5142293266783036,25,0,C
1,landscape,16,pca,lasso,4.773536518989824,0.2781904443166279,0.5109677405522783,0.5142293266783036,25,0,C
1,landscape,16,emotion,lasso,6.573721852148236,0.4405706697701286,0.42821019655153975,0.45057255932493584,25,0,C
1,landscape,17,population,lasso,,-0.06833769845078173,-0.062030082111560816,-0.08746753760790588,25,0,C
1,landscape,17,identity,lasso,23.361954692251036,-0.06544463761287192,-0.07629966323250356,-0.08044134109951925,25,0,C
1,landscape,17,pca,lasso,4.847910459169464,-0.06544463761287192,-0.07629966323250356,-0.08044134109951925,25,0,C
1,landscape,17,emotion,lasso,6.51386165880154,0.05994320779274339,0.03551421868533139,0.1048266876178203,25,0,C
1,landscape,23,population,lasso,,0.3337246364385285,0.7213594763066882,0.7105768375689813,25,0,C
1,landscape,23,identity,lasso,23.390354143578676,0.3836562664331908,0.7581172680979462,0.7155362170814372,25,0,C
1,landscape,23,pca,lasso,4.667416376455487,0.3836562664331908,0.7581172680979462,0.7155362170814372,25,0,C
1,landscape,23,emotion,lasso,6.605633319791957,0.533440338317696,0.6226399426497954,0.6042004640345624,25,0,C
1,landscape,35,population,lasso,,0.370055348500643,0.5020486648274768,0.5043063709114473,25,0,C
1,landscape,35,identity,lasso,23.379801341837542,0.37004116984504637,0.4801020092953743,0.489688386347737,25,0,C
1,landscape,35,pca,lasso,4.6081592286960555,0.37004116984504637,0.4801020092953743,0.489688386347737,25,0,C
1,landscape,35,emotion,lasso,6.522692968930968,0.2633695204642655,0.5081533667111191,0.5497628361048637,25,0,C
1,landscape,39,population,lasso,,0.41523729553498834,0.7819465766627206,0.7415092489523895,25,0,C
1,landscape,39,identity,lasso,23.294398165572126,0.5257797700482172,0.7882346292959229,0.7545268195350225,25,0,C
1,landscape,39,pca,lasso,4.769183018221912,0.5257797700482172,0.7882346292959229,0.7545268195350225,25,0,C
1,landscape,39,emotion,lasso,6.298576023971014,0.7148217758227887,0.7454560664999634,0.7359525802916248,25,0,C
1,landscape,44,population,lasso,,0.3685199460988438,0.6477521805174489,0.5999433628338422,25,0,C
1,landscape,44,identity,lasso,23.284424479826434,0.43628370658837046,0.6320640777107418,0.5859479434072388,25,0,C
1,landscape,44,pca,lasso,4.709232642472669,0.43628370658837046,0.6320640777107418,0.5859479434072388,25,0,C
1,landscape,44,emotion,lasso,6.351409432950845,0.16602031896720165,0.32808816930811374,0.25026608618198837,25,0,C
1,landscape,51,population,lasso,,0.3589099685646051,0.7354496362666483,0.7017461642696581,25,0,C
1,landscape,51,identity,lasso,23.416730361139145,0.3371402040453394,0.7350116948397329,0.6963852277532739,25,0,C
1,landscape,51,pca,lasso,4.777210725197112,0.3371402040453394,0.7350116948397329,0.6963852277532739,25,0,C
1,landscape,51,emotion,lasso,6.598827413449243,0.46551241843933316,0.6960349078442594,0.6544610436666685,25,0,C
1,landscape,64,population,lasso,,0.17597411990194511,0.344382673117127,0.3619298148714114,25,0,C
1,landscape,64,identity,lasso,23.408512981377626,0.20937386368251804,0.3067929980967406,0.3246808574318019,25,0,C
1,landscape,64,pca,lasso,4.700221686487196,0.20937386368251804,0.3067929980967406,0.3246808574318019,25,0,C
1,landscape,64,emotion,lasso,6.538211420168409,0.23958293502108394,0.26623961676725677,0.29732662955515504,25,0,C
1,landscape,69,population,lasso,,0.20656589551461768,0.2655974181056436,0.2398277403230218,25,0,C
1,landscape,69,identity,lasso,23.373677105935787,0.1865240413117077,0.25800602848753257,0.22273366241123937,25,0,C
1,landscape,69,pca,lasso,4.774427347668018,0.1865240413117077,0.25800602848753257,0.22273366241123937,25,0,C
1,landscape,69,emotion,lasso,6.3424219070732315,0.41003742628393297,0.3959668824806698,0.4292038906777823,25,0,C
1,landscape,81,population,lasso,,0.3208264027120852,0.447280385465165,0.399767977219099,25,0,C
1,landscape,81,identity,lasso,23.419724344687857,0.3734771090922731,0.43166228820253677,0.38195978342793935,25,0,C
1,landscape,81,pca,lasso,4.672568517833443,0.3734771090922731,0.43166228820253677,0.38195978342793935,25,0,C
1,landscape,81,emotion,lasso,6.529818047501994,0.3334162534944893,0.40502932234416006,0.3705838744058158,25,0,C
1,landscape,92,population,lasso,,0.27096235011866193,0.4481299341718271,0.4453587074904894,25,0,C
1,landscape,92,identity,lasso,23.361971773618464,0.2834748165023774,0.4256035632053209,0.4429326132731025,25,0,C
1,landscape,92,pca,lasso,4.8285435210787755,0.2834748165023774,0.4256035632053209,0.4429326132731025,25,0,C
1,landscape,92,emotion,lasso,6.629663060056876,0.23609867708117063,0.39593468437138585,0.440775282006059,25,0,C
1,landscape,100,population,lasso,,0.24670538155863123,0.4998736654880691,0.4486812343967592,25,0,C
1,landscape,100,identity,lasso,23.41110322933153,0.29073800853502174,0.4784483680063645,0.4499770154655095,25,0,C
1,landscape,100,pca,lasso,4.764868503321225,0.29073800853502174,0.4784483680063645,0.4499770154655095,25,0,C
1,landscape,100,emotion,lasso,6.257198241911033,0.44342912222457687,0.4834925522619639,0.485172536613832,25,0,C
1,landscape,101,population,lasso,,0.13234257352884593,0.17813769249125225,0.2111893442256317,25,0,C
1,landscape,101,identity,lasso,23.370720960878298,0.19554143208449368,0.19572275428924746,0.2163416207811856,25,0,C
1,landscape,101,pca,lasso,4.803119706046477,0.19554143208449368,0.19572275428924746,0.2163416207811856,25,0,C
1,landscape,101,emotion,lasso,6.526455171828139,0.22146367161889097,0.2080729566502672,0.2667380865147299,25,0,C
1,landscape,106,population,lasso,,0.2772386047355608,0.4628706837424117,0.4769542745936409,25,0,C
1,landscape,106,identity,lasso,23.336286841076834,0.24086245311648727,0.4378238902472069,0.4410514606222211,25,0,C
1,landscape,106,pca,lasso,4.661966369511047,0.24086245311648727,0.4378238902472069,0.4410514606222211,25,0,C
1,landscape,106,emotion,lasso,6.42977903450472,0.13123727064948118,0.2271041275810272,0.2293374442385373,25,0,C
1,landscape,111,population,lasso,,0.2999980744782008,0.47533545131289273,0.4767458663749285,25,0,C
1,landscape,111,identity,lasso,23.39888980269585,0.25696898782726485,0.4735146197880375,0.45469443173666985,25,0,C
1,landscape,111,pca,lasso,4.8577912634608325,0.25696898782726485,0.4735146197880375,0.45469443173666985,25,0,C
1,landscape,111,emotion,lasso,6.401006228911263,0.2136124964572421,0.5212499327369459,0.5124934972988144,25,0,C
1,landscape,118,population,lasso,,0.30485245222531815,0.5315450027131093,0.49545982741938954,25,0,C
1,landscape,118,identity,lasso,23.40797276303623,0.30246556858933377,0.5447888178799966,0.5104279326848739,25,0,C
1,landscape,118,pca,lasso,4.886232237408595,0.30246556858933377,0.5447888178799966,0.5104279326848739,25,0,C
1,landscape,118,emotion,lasso,6.633226109169554,0.4931199892761214,0.6332634778482614,0.5926326954848553,25,0,C
1,landscape,119,population,lasso,,0.3642218222081841,0.7139623265318558,0.7167228414125556,25,0,C
1,landscape,119,identity,lasso,23.365954246296297,0.4664778206361332,0.7265266218385579,0.7264708295717998,25,0,C
1,landscape,119,pca,lasso,4.739696560244577,0.4664778206361332,0.7265266218385579,0.7264708295717998,25,0,C
1,landscape,119,emotion,lasso,6.5269801102458285,0.6040949239000882,0.6206061084163181,0.6571698502980731,25,0,C
1,landscape,128,population,lasso,,0.3030419789903048,0.4319536477488845,0.4101193252690858,25,0,C
1,landscape,128,identity,lasso,23.416233937661648,0.28662822672641075,0.41714035340172806,0.3764418980342708,25,0,C
1,landscape,128,pca,lasso,4.776620902227759,0.28662822672641075,0.41714035340172806,0.3764418980342708,25,0,C
1,landscape,128,emotion,lasso,6.66195559561929,0.1967295602856554,0.3451396812177603,0.3449186290375016,25,0,C
1,landscape,129,population,lasso,,0.38003738366406153,0.5530259215904626,0.5666037194767579,25,0,C
1,landscape,129,identity,lasso,23.37582512704537,0.44477980225820135,0.565875407160558,0.5749298820939308,25,0,C
1,landscape,129,pca,lasso,4.715848678657052,0.44477980225820135,0.565875407160558,0.5749298820939308,25,0,C
1,landscape,129,emotion,lasso,6.603821570053684,0.4683428358528277,0.5926202666611055,0.5952272349192415,25,0,C
1,landscape,137,population,lasso,,0.25617220610202224,0.39580411833252616,0.4322437459197711,25,0,C
1,landscape,137,identity,lasso,23.36119616852119,0.3546062729061825,0.472363319344663,0.46826337778175836,25,0,C
1,landscape,137,pca,lasso,4.6002587349230355,0.3546062729061825,0.472363319344663,0.46826337778175836,25,0,C
1,landscape,137,emotion,lasso,6.620535750924444,0.4170769116914766,0.42390561494268786,0.46090451794274945,25,0,C
2,art,7,population,lasso,,0.25090313656844554,0.24768052860183176,0.2943101731834451,25,0,C
2,art,7,identity,lasso,23.96401475651635,0.2635084239066052,0.2699940897371319,0.30572799916082877,25,0,C
2,art,7,pca,lasso,6.880149897981444,0.41108157238546233,0.40119782921269687,0.4595251710874923,25,0,C
2,art,7,emotion,lasso,6.433383613198566,0.2869548244849228,0.27559727286666286,0.3371540070921205,25,0,C
2,art,8,population,lasso,,0.3132415247312917,0.5803194935965504,0.6009545402397912,25,0,C
2,art,8,identity,lasso,23.965079839708885,0.5024823012424431,0.6454731348444448,0.6463568245748808,25,0,C
2,art,8,pca,lasso,6.8920876794060835,0.45992396798169727,0.5965946072470448,0.5693979635941151,25,0,C
2,art,8,emotion,lasso,6.438255844290916,0.4708911676391372,0.5958499942042117,0.6075050961512526,25,0,C
2,art,40,population,lasso,,0.13650600544809874,0.23862766519736073,0.2562003006508341,25,0,C
2,art,40,identity,lasso,23.96436023037379,0.15072972690030242,0.19893119257518746,0.18451122968501124,25,0,C
2,art,40,pca,lasso,6.9063213194606945,0.19126715909997258,0.2712924762118375,0.26635822905709594,25,0,C
2,art,40,emotion,lasso,6.525129814985662,0.2330372735731741,0.2602712193657316,0.2756687443599537,25,0,C
2,art,41,population,lasso,,0.4026622113743293,0.6489046311501525,0.6539141020096518,25,0,C
2,art,41,identity,lasso,23.961254793515156,0.5146782631606515,0.6195305475696465,0.6273722196275805,25,0,C
2,art,41,pca,lasso,6.882069249193905,0.6941309715643764,0.7393126135610146,0.7547663631463948,25,0,C
2,art,41,emotion,lasso,6.320498274390627,0.5833655716290354,0.636989646916338,0.6461965056964635,25,0,C
2,art,45,population,lasso,,-0.014283095229436393,0.051902683841191934,-0.019172076336896705,25,0,C
2,art,45,identity,lasso,23.96118365344647,-0.003808748601060443,0.08820304268153974,-0.00485086467553711,25,0,C
2,art,45,pca,lasso,6.906923939648098,-0.033827425499419875,0.013238336364352598,-0.044081781377134754,25,0,C
2,art,45,emotion,lasso,6.190063541344292,0.01842655404647687,0.08505105783288434,0.022929793770541048,25,0,C
2,art,46,population,lasso,,0.0721056933583709,0.06087385095967447,0.09624489103774561,25,0,C
2,art,46,identity,lasso,23.963768784580115,0.08408893410508986,0.08614895866807731,0.13155892575167313,25,0,C
2,art,46,pca,lasso,6.902405457017701,0.11607644414038529,0.11961177732427264,0.19181977307445613,25,0,C
2,art,46,emotion,lasso,6.448733167366545,0.0461243750040397,0.052533573969376544,0.07138121472664756,25,0,C
2,art,52,population,lasso,,0.42857110071720816,0.576325572535049,0.571688541614004,25,0,C
2,art,52,identity,lasso,23.963508402861727,0.40720918881494395,0.5743506712327787,0.5590575724451979,25,0,C
2,art,52,pca,lasso,6.9129471487394225,0.4079941163224138,0.5662535758934703,0.5565775659520348,25,0,C
2,art,52,emotion,lasso,6.4247259193773525,0.41131424546320294,0.5721289072677246,0.5613883105976355,25,0,C
2,art,58,population,lasso,,0.48930904103667194,0.6602530962552362,0.6852556369074686,25,0,C
2,art,58,identity,lasso,23.95964520292897,0.5270479664145747,0.5961232030744137,0.6382223283583188,25,0,C
2,art,58,pca,lasso,6.91366783042924,0.5110870094550207,0.6354555495046119,0.6695556585449715,25,0,C
2,art,58,emotion,lasso,6.485647501007657,0.4891624077108436,0.6672749758301654,0.6850661034354045,25,0,C
2,art,65,population,lasso,,0.5350841880906034,0.6595218279317658,0.6591388590721591,25,0,C
2,art,65,identity,lasso,23.960156571213382,0.5261616378795417,0.6697915390059529,0.665357299370016,25,0,C
2,art,65,pca,lasso,6.903355601921657,0.5339159515601452,0.678734540994001,0.6735310516222082,25,0,C
2,art,65,emotion,lasso,6.340116418740073,0.5339159515601452,0.678734540994001,0.6735310516222082,25,0,C
2,art,66,population,lasso,,0.32084400863320117,0.4594959507899879,0.4431723018037862,25,0,C
2,art,66,identity,lasso,23.964692532246772,0.43673867000176175,0.5206220071955893,0.5135524061136434,25,0,C
2,art,66,pca,lasso,6.893901579376071,0.41491215195412684,0.4653593614763765,0.5052081665048965,25,0,C
2,art,66,emotion,lasso,6.388267419243389,0.36308554032155244,0.4677047257509319,0.4450324006870407,25,0,C
2,art,74,population,lasso,,0.42647447987983883,0.5078900537037716,0.5047884023874707,25,0,C
2,art,74,identity,lasso,23.96386759532134,0.3837709800711663,0.5217870453307056,0.5009158376263863,25,0,C
2,art,74,pca,lasso,6.86576484564948,0.390432915481877,0.5227868289009886,0.5074684929303351,25,0,C
2,art,74,emotion,lasso,6.3895117545683915,0.37655442188087823,0.5196375106545971,0.5056502399442903,25,0,C
2,art,83,population,lasso,,0.6375706520871985,0.6755485369375178,0.6550770518586068,25,0,C
2,art,83,identity,lasso,23.964118432228275,0.6524482179654291,0.6943067705525627,0.6749788399414649,25,0,C
2,art,83,pca,lasso,6.900049235488564,0.5873632824929772,0.6336954888179285,0.6529186479544555,25,0,C
2,art,83,emotion,lasso,6.362185797100039,0.6095957746924362,0.6791791627984942,0.6847588540142895,25,0,C
2,art,87,population,lasso,,0.3447557625623922,0.6643791099696554,0.6446157854338035,25,0,C
2,art,87,identity,lasso,23.963646354964332,0.4576711535188667,0.6766397416587684,0.6366910443729107,25,0,C
2,art,87,pca,lasso,6.892085866646627,0.3633927688167082,0.6326485951582309,0.5781993075282845,25,0,C
2,art,87,emotion,lasso,6.528162986775383,0.5195315353005945,0.6506962450046053,0.6505068363043314,25,0,C
2,art,93,population,lasso,,0.444062668158733,0.630749733470027,0.6083459266930449,25,0,C
2,art,93,identity,lasso,23.962376002042205,0.467508061514888,0.6589196163444095,0.6155515973141458,25,0,C
2,art,93,pca,lasso,6.887791966440039,0.5574653229408967,0.6642291230641885,0.6605704024601505,25,0,C
2,art,93,emotion,lasso,6.502505861478816,0.5222115822425715,0.5824233899001879,0.5855761819261758,25,0,C
2,art,94,population,lasso,,0.3890481908685416,0.7018862568305096,0.7096605950705638,25,0,C
2,art,94,identity,lasso,23.961963607257033,0.3837225848725578,0.7299811836561221,0.7324095956869537,25,0,C
2,art,94,pca,lasso,6.8816223781784425,0.37429144939201375,0.753742577574491,0.7457346116500512,25,0,C
2,art,94,emotion,lasso,6.451049005457346,0.38402664261664077,0.7526713671929253,0.7476327088902476,25,0,C
2,art,102,population,lasso,,0.1984363841711776,0.29760928558653177,0.27578847720817457,25,0,C
2,art,102,identity,lasso,23.965007349574876,0.11886334161948034,0.18467165010540418,0.1681042139359826,25,0,C
2,art,102,pca,lasso,6.910961158210985,0.17976102635179622,0.25640566472968085,0.20812634608427846,25,0,C
2,art,102,emotion,lasso,6.227121791675119,0.2501700203910085,0.31523252101325716,0.290829983466189,25,0,C
2,art,112,population,lasso,,0.42799431096397617,0.4353469878120824,0.44915177606486706,25,0,C
2,art,112,identity,lasso,23.9642826638626,0.4254156599193033,0.4591103551429504,0.46208080366477544,25,0,C
2,art,112,pca,lasso,6.9062290054916975,0.4690140610980857,0.5538490778792585,0.5507083465883134,25,0,C
2,art,112,emotion,lasso,6.213435737635168,0.412348510308884,0.5071092096854322,0.4955498327320256,25,0,C
2,art,113,population,lasso,,0.37225432097519334,0.48574044242753567,0.47839405651354094,25,0,C
2,art,113,identity,lasso,23.963802106344616,0.36824508183100785,0.5034915904606199,0.47671243696442833,25,0,C
2,art,113,pca,lasso,6.854347981248933,0.34182904022045624,0.4999906695985394,0.47502167342955703,25,0,C
2,art,113,emotion,lasso,6.300630624637577,0.3181389906411654,0.48421187134690896,0.4454949185603615,25,0,C
2,art,120,population,lasso,,0.4707806722865179,0.6158194080928229,0.6422523986121528,25,0,C
2,art,120,identity,lasso,23.964017407841105,0.5652632469068853,0.615321494599863,0.6439328053315337,25,0,C
2,art,120,pca,lasso,6.909642708382636,0.565594122115394,0.6162177388871908,0.643620852458498,25,0,C
2,art,120,emotion,lasso,6.400875285043977,0.6291274633272271,0.6522168844281926,0.6596721778048008,25,0,C
2,art,121,population,lasso,,0.2931098725887625,0.4725846079047736,0.4546638371876959,25,0,C
2,art,121,identity,lasso,23.964860918595612,0.42402469271664367,0.44966724479325304,0.4375892027648671,25,0,C
2,art,121,pca,lasso,6.905070271382587,0.4251063416680013,0.4135181477836259,0.43189192381497254,25,0,C
2,art,121,emotion,lasso,6.454002529435153,0.42402469271664367,0.44966724479325304,0.4375892027648671,25,0,C
2,art,131,population,lasso,,0.24760040070647438,0.36204366053169923,0.37114196097058405,25,0,C
2,art,131,identity,lasso,23.964599253145696,0.2886891037699229,0.39736618816950103,0.4425673689359528,25,0,C
2,art,131,pca,lasso,6.91450240225736,0.2501712373572547,0.4607605720298553,0.45415216323588214,25,0,C
2,art,131,emotion,lasso,6.380371500260675,0.235000571848187,0.3832567735236107,0.3753590029265128,25,0,C
2,art,138,population,lasso,,0.39210891167572753,0.4772090654443595,0.45389036073259115,25,0,C
2,art,138,identity,lasso,23.96232405019501,0.4043887127688542,0.512706900942195,0.4859108578450264,25,0,C
2,art,138,pca,lasso,6.898879695424036,0.39866526849385847,0.4979882862235803,0.47965381569734766,25,0,C
2,art,138,emotion,lasso,6.360702893666295,0.4043887127688542,0.512706900942195,0.4859108578450264,25,0,C
2,art,139,population,lasso,,0.026377863165983253,0.06079602726558758,0.035744433020409604,25,0,C
2,art,139,identity,lasso,23.96495187145433,0.15289334964676757,0.2691330266687581,0.2594944708270136,25,0,C
2,art,139,pca,lasso,6.886823198531797,0.2667815353537305,0.37958991349143645,0.3395471065329875,25,0,C
2,art,139,emotion,lasso,6.037570416583912,0.15788662940468645,0.24104655454687995,0.2013697915638724,25,0,C
2,fashion,7,population,lasso,,0.2960013237957048,0.43487797992024274,0.4892595443204826,25,0,C
2,fashion,7,identity,lasso,23.929176289587044,0.3660556172798174,0.4093817052117759,0.4675004755378778,25,0,C
2,fashion,7,pca,lasso,6.9141482846907865,0.3926978054261094,0.4517263953708669,0.49253845674443564,25,0,C
2,fashion,7,emotion,lasso,5.347955504058348,0.3660556172798174,0.4093817052117759,0.4675004755378778,25,0,C
2,fashion,8,population,lasso,,0.2801062574267457,0.4078098248427385,0.3975473058440426,25,0,C
2,fashion,8,identity,lasso,23.931161706576543,0.27060422641954157,0.4376531715224509,0.41267518192148156,25,0,C
2,fashion,8,pca,lasso,6.891837674533833,0.2676170936107658,0.42696669259588726,0.4153333021339451,25,0,C
2,fashion,8,emotion,lasso,5.226627758568814,0.27060422641954157,0.4376531715224509,0.41267518192148156,25,0,C
2,fashion,40,population,lasso,,0.264884203200272,0.16381324566628255,0.36280066496311447,25,0,C
2,fashion,40,identity,lasso,23.929388242573353,0.25518318531013573,0.14691346164897584,0.3388863833822519,25,0,C
2,fashion,40,pca,lasso,6.875136264489832,0.25601772276006096,0.15454079779837976,0.3456148502531653,25,0,C
2,fashion,40,emotion,lasso,5.4963280798913265,0.25518318531013573,0.14691346164897584,0.3388863833822519,25,0,C
2,fashion,41,population,lasso,,0.24351681097325764,0.44970167499817615,0.4579097156645831,25,0,C
2,fashion,41,identity,lasso,23.930246748884006,0.23446045840261134,0.4325479049939111,0.4454183748687657,25,0,C
2,fashion,41,pca,lasso,6.912909090684817,0.2700158627126584,0.4114955508977676,0.42308880593321146,25,0,C
2,fashion,41,emotion,lasso,5.611549606527404,0.23446045840261134,0.4325479049939111,0.4454183748687657,25,0,C
2,fashion,45,population,lasso,,0.18116271895514538,0.35885710941898485,0.3377807499799986,25,0,C
2,fashion,45,identity,lasso,23.92963226417409,0.18139092807039878,0.35286046389492776,0.3465170955625302,25,0,C
2,fashion,45,pca,lasso,6.869931318540447,0.21196231954749994,0.406334683072263,0.352969888757721,25,0,C
2,fashion,45,emotion,lasso,5.628051625840702,0.18139092807039878,0.35286046389492776,0.3465170955625302,25,0,C
2,fashion,46,population,lasso,,0.05285215104266454,0.14290600441243,0.11274484248038145,25,0,C
2,fashion,46,identity,lasso,23.92757022568934,0.11244727100910615,0.1934626128504326,0.1635473477828557,25,0,C
2,fashion,46,pca,lasso,6.897442340963704,0.11244727100910615,0.1934626128504326,0.1635473477828557,25,0,C
2,fashion,46,emotion,lasso,5.211998497730248,0.11244727100910615,0.1934626128504326,0.1635473477828557,25,0,C
2,fashion,52,population,lasso,,0.2536880187470985,0.44558400220356736,0.5055255749539164,25,0,C
2,fashion,52,identity,lasso,23.926714207909853,0.36646869756268646,0.45299432961235203,0.5068356000553799,25,0,C
2,fashion,52,pca,lasso,6.901000241408972,0.3669696015994318,0.44619307020976884,0.5052581934673829,25,0,C
2,fashion,52,emotion,lasso,5.474199582104063,0.36646869756268646,0.45299432961235203,0.5068356000553799,25,0,C
2,fashion,58,population,lasso,,0.18027117563014394,0.28016956821097855,0.29653393515685394,25,0,C
2,fashion,58,identity,lasso,23.9258580979268,0.23031674491618775,0.3396397559457988,0.3665366947966974,25,0,C
2,fashion,58,pca,lasso,6.896449003406591,0.23854898070064615,0.34643353567047197,0.37705256397294246,25,0,C
2,fashion,58,emotion,lasso,5.802993246522285,0.23031674491618775,0.3396397559457988,0.3665366947966974,25,0,C
2,fashion,65,population,lasso,,0.18552824291769188,0.19089965087234798,0.3205959599624101,25,0,C
2,fashion,65,identity,lasso,23.929433358674913,0.21782141214373557,0.1874836560823604,0.33295366956955225,25,0,C
2,fashion,65,pca,lasso,6.897241068197064,0.16049718906552848,0.15055130661379929,0.2990044217586025,25,0,C
2,fashion,65,emotion,lasso,5.417302489810433,0.21782141214373557,0.1874836560823604,0.33295366956955225,25,0,C
2,fashion,66,population,lasso,,0.18303267754036665,0.26573673544786114,0.2530634217287978,25,0,C
2,fashion,66,identity,lasso,23.931681548156362,0.19112524525892527,0.29807691107810075,0.2688617843324036,25,0,C
2,fashion,66,pca,lasso,6.890139012220194,0.19112524525892527,0.29807691107810075,0.2688617843324036,25,0,C
2,fashion,66,emotion,lasso,5.771584802311744,0.19112524525892527,0.29807691107810075,0.2688617843324036,25,0,C
2,fashion,74,population,lasso,,-0.07469359586290004,-0.10039423143759574,-0.0913221725223082,25,0,C
2,fashion,74,identity,lasso,23.926495051437243,-0.07007760415780509,-0.10320949280990688,-0.08703617154045705,25,0,C
2,fashion,74,pca,lasso,6.899965813505954,0.05997588637907019,0.1512700262372186,0.08383921910887773,25,0,C
2,fashion,74,emotion,lasso,5.348116269625269,-0.07007760415780509,-0.10320949280990688,-0.08703617154045705,25,0,C
2,fashion,83,population,lasso,,0.4397634058852099,0.5062592810633523,0.5120805307979498,25,0,C
2,fashion,83,identity,lasso,23.929905392712673,0.4302459337282375,0.48360854695767336,0.49040258938527587,25,0,C
2,fashion,83,pca,lasso,6.896080850650603,0.4302459337282375,0.48360854695767336,0.49040258938527587,25,0,C
2,fashion,83,emotion,lasso,5.772529610552457,0.4302459337282375,0.48360854695767336,0.49040258938527587,25,0,C
2,fashion,87,population,lasso,,0.17425663209105585,0.31358810853868524,0.3341836684386897,25,0,C
2,fashion,87,identity,lasso,23.928534494997294,0.17034870368092744,0.3214143598826549,0.3436559092625109,25,0,C
2,fashion,87,pca,lasso,6.898977670984442,0.18503175158390628,0.33447441681290435,0.37074635598165706,25,0,C
2,fashion,87,emotion,lasso,5.594455631998925,0.17034870368092744,0.3214143598826549,0.3436559092625109,25,0,C
2,fashion,93,population,lasso,,0.3590648749086415,0.5677772163236481,0.5656074361788485,25,0,C
2,fashion,93,identity,lasso,23.928957862509034,0.3808661070060334,0.5430718770364577,0.5545879309206434,25,0,C
2,fashion,93,pca,lasso,6.913022330112593,0.3961848164555955,0.5374772811658113,0.5358034465210864,25,0,C
2,fashion,93,emotion,lasso,5.578559218108468,0.3808661070060334,0.5430718770364577,0.5545879309206434,25,0,C
2,fashion,94,population,lasso,,0.2548197652333115,0.4132493883710994,0.4612757177648038,25,0,C
2,fashion,94,identity,lasso,23.931276556138055,0.2653454384842904,0.43097616625832985,0.4723585956667523,25,0,C
2,fashion,94,pca,lasso,6.909531430148123,0.256374302032504,0.4095767133944633,0.45506543826199025,25,0,C
2,fashion,94,emotion,lasso,5.415549184144063,0.2653454384842904,0.43097616625832985,0.4723585956667523,25,0,C
2,fashion,102,population,lasso,,0.18621881878238727,0.28666356604390536,0.35025853313364286,25,0,C
2,fashion,102,identity,lasso,23.927601804449626,0.17727616193565723,0.2591348023575039,0.34139809926703263,25,0,C
2,fashion,102,pca,lasso,6.901672672576757,0.1985331505035617,0.14458756741194062,0.23889309281215082,25,0,C
2,fashion,102,emotion,lasso,5.626112130846439,0.17727616193565723,0.2591348023575039,0.34139809926703263,25,0,C
2,fashion,112,population,lasso,,0.1990453722587749,0.3262985113664574,0.3079961886578799,25,0,C
2,fashion,112,identity,lasso,23.931242616931804,0.2863841327170958,0.3414583979564919,0.3391058666147388,25,0,C
2,fashion,112,pca,lasso,6.896603759807596,0.305084690413456,0.4277253716474027,0.36640339970567587,25,0,C
2,fashion,112,emotion,lasso,5.606422525612823,0.2863841327170958,0.3414583979564919,0.3391058666147388,25,0,C
2,fashion,113,population,lasso,,0.2345417495578484,0.38737358417772716,0.3898906859926716,25,0,C
2,fashion,113,identity,lasso,23.925869672926243,0.24075949856060502,0.38688130614471444,0.4022433656200478,25,0,C
2,fashion,113,pca,lasso,6.8980440215158065,0.23450716646643732,0.36989771400577476,0.39178625698782993,25,0,C
2,fashion,113,emotion,lasso,5.508012367377182,0.24075949856060502,0.38688130614471444,0.4022433656200478,25,0,C
2,fashion,120,population,lasso,,0.2240150530452511,0.2354977942198897,0.29951889527934095,25,0,C
2,fashion,120,identity,lasso,23.928490179949513,0.22108346982263438,0.20982379718618338,0.28558836148380984,25,0,C
2,fashion,120,pca,lasso,6.90531472362623,0.22108346982263438,0.20982379718618338,0.28558836148380984,25,0,C
2,fashion,120,emotion,lasso,5.127526527308979,0.22108346982263438,0.20982379718618338,0.28558836148380984,25,0,C
2,fashion,121,population,lasso,,0.26756041964032723,0.39649520113963477,0.42824169408154245,25,0,C
2,fashion,121,identity,lasso,23.927946999541305,0.38444623892663793,0.4000681908472818,0.42838121821116965,25,0,C
2,fashion,121,pca,lasso,6.896011852053398,0.38444623892663793,0.4000681908472818,0.42838121821116965,25,0,C
2,fashion,121,emotion,lasso,5.391250867063563,0.38444623892663793,0.4000681908472818,0.42838121821116965,25,0,C
2,fashion,131,population,lasso,,0.11811766235463728,0.22200714413311237,0.1985890102518797,25,0,C
2,fashion,131,identity,lasso,23.929449652705006,0.10647434655042448,0.1893864883012056,0.18335205698789303,25,0,C
2,fashion,131,pca,lasso,6.882821836766245,0.14663943293645954,0.2213684867147166,0.22529372507473308,25,0,C
2,fashion,131,emotion,lasso,5.054735813591328,0.11130255228244856,0.22505304874392293,0.1935471429800427,25,0,C
2,fashion,138,population,lasso,,0.33596785040433136,0.43079062644369404,0.4482990701262603,25,0,C
2,fashion,138,identity,lasso,23.929768971280147,0.379585864755923,0.4708558856036074,0.46322147618062254,25,0,C
2,fashion,138,pca,lasso,6.890489450810462,0.4377674861553096,0.5105138740223781,0.5022899651362062,25,0,C
2,fashion,138,emotion,lasso,5.339267633225893,0.379585864755923,0.4708558856036074,0.46322147618062254,25,0,C
2,fashion,139,population,lasso,,0.3115307713292791,0.4311846890157343,0.48498561964065756,25,0,C
2,fashion,139,identity,lasso,23.92966794121323,0.3109081047936429,0.4526017962105372,0.48570838674921224,25,0,C
2,fashion,139,pca,lasso,6.893525859519795,0.19123380376835683,0.31645368685776276,0.32252845543721953,25,0,C
2,fashion,139,emotion,lasso,5.1860393019026905,0.3109081047936429,0.4526017962105372,0.48570838674921224,25,0,C
2,landscape,7,population,lasso,,0.07883617069534223,0.11117584894969847,0.10469239440499087,25,0,C
2,landscape,7,identity,lasso,23.930337876623867,0.1043201402174319,0.11193697981882009,0.13111288851494726,25,0,C
2,landscape,7,pca,lasso,4.808876621115346,0.1043201402174319,0.11193697981882009,0.13111288851494726,25,0,C
2,landscape,7,emotion,lasso,6.260429636363942,0.1043201402174319,0.11193697981882009,0.13111288851494726,25,0,C
2,landscape,8,population,lasso,,0.3740813427819794,0.5156183279414803,0.533523375545265,25,0,C
2,landscape,8,identity,lasso,23.917605958643655,0.40010863694918536,0.5092447399475697,0.5180709764915465,25,0,C
2,landscape,8,pca,lasso,4.605431132164608,0.40010863694918536,0.5092447399475697,0.5180709764915465,25,0,C
2,landscape,8,emotion,lasso,6.094417603156443,0.40010863694918536,0.5092447399475697,0.5180709764915465,25,0,C
2,landscape,40,population,lasso,,0.16374104097166567,0.19144262097405204,0.2506449229491499,25,0,C
2,landscape,40,identity,lasso,23.92971953015618,0.16787219922651936,0.17089143147841232,0.22794961428137855,25,0,C
2,landscape,40,pca,lasso,4.700999307481663,0.16787219922651936,0.17089143147841232,0.22794961428137855,25,0,C
2,landscape,40,emotion,lasso,6.260364956151487,0.16787219922651936,0.17089143147841232,0.22794961428137855,25,0,C
2,landscape,41,population,lasso,,0.2653934795874236,0.5261420363216274,0.51846045780545,25,0,C
2,landscape,41,identity,lasso,23.92688757209742,0.3296621417350549,0.5203318189569026,0.5335925630165115,25,0,C
2,landscape,41,pca,lasso,4.6607450103484,0.3296621417350549,0.5203318189569026,0.5335925630165115,25,0,C
2,landscape,41,emotion,lasso,6.185461462877908,0.3296621417350549,0.5203318189569026,0.5335925630165115,25,0,C
2,landscape,45,population,lasso,,0.36460552916695066,0.48592058176483666,0.5250287117959022,25,0,C
2,landscape,45,identity,lasso,23.930073895968725,0.4289562905509027,0.5172413377279197,0.5602368881611687,25,0,C
2,landscape,45,pca,lasso,4.668717343846367,0.4289562905509027,0.5172413377279197,0.5602368881611687,25,0,C
2,landscape,45,emotion,lasso,6.13243904808853,0.39842647177994306,0.5268171102516648,0.5595395860589357,25,0,C
2,landscape,46,population,lasso,,0.1262764334480288,0.47622411864820824,0.42330253670302426,25,0,C
2,landscape,46,identity,lasso,23.918123533223955,0.28166314930550074,0.500137081870928,0.4518370397723117,25,0,C
2,landscape,46,pca,lasso,4.7292085959101335,0.28166314930550074,0.500137081870928,0.4518370397723117,25,0,C
2,landscape,46,emotion,lasso,6.117223977745254,0.22189321529845527,0.3735001340808222,0.33049002928424476,25,0,C
2,landscape,52,population,lasso,,0.26631308188283287,0.5332325318708118,0.5384029897774624,25,0,C
2,landscape,52,identity,lasso,23.925846313059846,0.40785743815956105,0.509300208534364,0.5392967291238749,25,0,C
2,landscape,52,pca,lasso,4.689791033977296,0.40785743815956105,0.509300208534364,0.5392967291238749,25,0,C
2,landscape,52,emotion,lasso,5.985847959698177,0.4358848163278137,0.5098094069032246,0.5174077040186975,25,0,C
2,landscape,58,population,lasso,,0.3351130843750223,0.44345282028433575,0.49568128925040394,25,0,C
2,landscape,58,identity,lasso,23.930932839115616,0.3984246881553177,0.4992463199704362,0.5590154200756633,25,0,C
2,landscape,58,pca,lasso,4.634264324850592,0.3984246881553177,0.4992463199704362,0.5590154200756633,25,0,C
2,landscape,58,emotion,lasso,6.369975602799488,0.40448061109576355,0.499295390770512,0.5594289416820373,25,0,C
2,landscape,65,population,lasso,,0.22485762966288692,0.34915548002574553,0.3445745526872601,25,0,C
2,landscape,65,identity,lasso,23.930708792648076,0.21711518963625404,0.3322911714296012,0.33194419873052916,25,0,C
2,landscape,65,pca,lasso,4.726167150422024,0.21711518963625404,0.3322911714296012,0.33194419873052916,25,0,C
2,landscape,65,emotion,lasso,6.21139627022843,0.24136157722757545,0.3382258254810303,0.3306215685963646,25,0,C
2,landscape,66,population,lasso,,0.4188413492025832,0.49158112416156563,0.5363402616194561,25,0,C
2,landscape,66,identity,lasso,23.928226415790117,0.47432969293775407,0.4732949601497368,0.5390144028779406,25,0,C
2,landscape,66,pca,lasso,4.720742220120522,0.47432969293775407,0.4732949601497368,0.5390144028779406,25,0,C
2,landscape,66,emotion,lasso,5.728267340778204,0.4488217753794842,0.4820804914626825,0.5412730706374247,25,0,C
2,landscape,74,population,lasso,,0.2600385432674014,0.36993683799127136,0.36241209736778995,25,0,C
2,landscape,74,identity,lasso,23.93021157366487,0.24975885637904643,0.344455584513432,0.3410519191055619,25,0,C
2,landscape,74,pca,lasso,4.775785261730913,0.24975885637904643,0.344455584513432,0.3410519191055619,25,0,C
2,landscape,74,emotion,lasso,5.909195665333648,0.24975885637904643,0.344455584513432,0.3410519191055619,25,0,C
2,landscape,83,population,lasso,,0.3105859881142208,0.5580393142182419,0.5792415359814705,25,0,C
2,landscape,83,identity,lasso,23.927211370411264,0.5428202573657092,0.5308725713003103,0.579339719016908,25,0,C
2,landscape,83,pca,lasso,4.779508059954894,0.5428202573657092,0.5308725713003103,0.579339719016908,25,0,C
2,landscape,83,emotion,lasso,6.17573310969735,0.4947688972782426,0.5616893564528969,0.5914964594108854,25,0,C
2,landscape,87,population,lasso,,0.32989095216641273,0.5621620147766427,0.49640546753904835,25,0,C
2,landscape,87,identity,lasso,23.931496866737625,0.3213432557836862,0.5009071908215613,0.4688089908191393,25,0,C
2,landscape,87,pca,lasso,4.839503632033282,0.3213432557836862,0.5009071908215613,0.4688089908191393,25,0,C
2,landscape,87,emotion,lasso,6.335343398494574,0.3213432557836862,0.5009071908215613,0.4688089908191393,25,0,C
2,landscape,93,population,lasso,,0.3804695516723143,0.691738136764214,0.7058377638260072,25,0,C
2,landscape,93,identity,lasso,23.931795910792165,0.40438665067642326,0.6713156278178252,0.6848774920702744,25,0,C
2,landscape,93,pca,lasso,4.785762041382141,0.40438665067642326,0.6713156278178252,0.6848774920702744,25,0,C
2,landscape,93,emotion,lasso,6.526990877810924,0.5510703603292251,0.7207856858966991,0.7293272865341601,25,0,C
2,landscape,94,population,lasso,,0.3589119315679964,0.5794907372132404,0.600484788063198,25,0,C
2,landscape,94,identity,lasso,23.930608321863627,0.37682594145819054,0.555863956250288,0.587629906436642,25,0,C
2,landscape,94,pca,lasso,4.821214977280308,0.37682594145819054,0.555863956250288,0.587629906436642,25,0,C
2,landscape,94,emotion,lasso,6.152757419197568,0.3461917896309151,0.5567426381869266,0.47193721619440937,25,0,C
2,landscape,102,population,lasso,,0.3399870543362494,0.6790299215000138,0.6491875123311235,25,0,C
2,landscape,102,identity,lasso,23.92733020351815,0.3565967564784188,0.6612398205012835,0.6392708030517025,25,0,C
2,landscape,102,pca,lasso,4.790628110985542,0.3565967564784188,0.6612398205012835,0.6392708030517025,25,0,C
2,landscape,102,emotion,lasso,5.998608016008747,0.35713419062546975,0.6619790213738069,0.6403043616264436,25,0,C
2,landscape,112,population,lasso,,0.39817697157428555,0.4496283623957632,0.5058550450630238,25,0,C
2,landscape,112,identity,lasso,23.926655421957555,0.4433274943453798,0.45427348988996513,0.529261330287115,25,0,C
2,landscape,112,pca,lasso,4.65078759667947,0.4433274943453798,0.45427348988996513,0.529261330287115,25,0,C
2,landscape,112,emotion,lasso,6.333242373268493,0.4536645046848032,0.46631086328891863,0.5417578598695693,25,0,C
2,landscape,113,population,lasso,,0.310550555419091,0.4165581380530387,0.4341467631648882,25,0,C
2,landscape,113,identity,lasso,23.925252055126062,0.3399270878105123,0.4032861915835718,0.42566448456713013,25,0,C
2,landscape,113,pca,lasso,4.7100900663677425,0.3399270878105123,0.4032861915835718,0.42566448456713013,25,0,C
2,landscape,113,emotion,lasso,6.113467482429814,0.33982119015380285,0.4032861915835718,0.42581663194322056,25,0,C
2,landscape,120,population,lasso,,0.349664603863766,0.5817804170578611,0.5898946131126102,25,0,C
2,landscape,120,identity,lasso,23.926630722538572,0.45764877463994447,0.5843347215749023,0.5647205900433343,25,0,C
2,landscape,120,pca,lasso,4.643095071917909,0.45764877463994447,0.5843347215749023,0.5647205900433343,25,0,C
2,landscape,120,emotion,lasso,5.954884223335306,0.4787795580200532,0.5957539652981455,0.5716722394016507,25,0,C
2,landscape,121,population,lasso,,0.4834439188666796,0.7627180015255215,0.7286474388248221,25,0,C
2,landscape,121,identity,lasso,23.92510039066427,0.4920174850703204,0.7094280925460339,0.6728638597613084,25,0,C
2,landscape,121,pca,lasso,4.6819478354109325,0.4920174850703204,0.7094280925460339,0.6728638597613084,25,0,C
2,landscape,121,emotion,lasso,6.298990072183942,0.61838546059289,0.7550557233327378,0.7241941579439595,25,0,C
2,landscape,131,population,lasso,,0.20485700164272772,0.42519217531147396,0.385435974217834,25,0,C
2,landscape,131,identity,lasso,23.929230600208534,0.2147232099643373,0.35118427863470886,0.344129131045248,25,0,C
2,landscape,131,pca,lasso,4.745926390344936,0.23064628533810552,0.428700120381077,0.40341782979423857,25,0,C
2,landscape,131,emotion,lasso,6.35331096672947,-0.05522374420252392,-0.04199789791663693,-0.08820702829948142,25,0,C
2,landscape,138,population,lasso,,0.5238598035756077,0.7033761377810577,0.7299233622326994,25,0,C
2,landscape,138,identity,lasso,23.923341631492203,0.6007946340294031,0.7273741461703817,0.7742843983688685,25,0,C
2,landscape,138,pca,lasso,4.649288679556586,0.6007946340294031,0.7273741461703817,0.7742843983688685,25,0,C
2,landscape,138,emotion,lasso,6.020421013175088,0.6007946340294031,0.7273741461703817,0.7742843983688685,25,0,C
2,landscape,139,population,lasso,,0.28935261207544244,0.50265546630773,0.4627137897797507,25,0,C
2,landscape,139,identity,lasso,23.931882473847445,0.30121351583989425,0.5294924884761475,0.43979853680769576,25,0,C
2,landscape,139,pca,lasso,4.616752773537216,0.30121351583989425,0.5294924884761475,0.43979853680769576,25,0,C
2,landscape,139,emotion,lasso,6.196873581508445,0.30121351583989425,0.5294924884761475,0.43979853680769576,25,0,C
3,art,0,population,lasso,,0.2859277713207062,0.27953359394704547,0.3889485026837745,25,0,C
3,art,0,identity,lasso,23.360626880251107,0.358579922886153,0.281839645833983,0.40471381186834654,25,0,C
3,art,0,pca,lasso,6.893481412669745,0.355101913146027,0.30304529688125714,0.408655494966843,25,0,C
3,art,0,emotion,lasso,2.869993714167258,0.358579922886153,0.281839645833983,0.40471381186834654,25,0,C
3,art,9,population,lasso,,0.4833865088673348,0.5573028576138034,0.5379830425283912,25,0,C
3,art,9,identity,lasso,23.41822948743348,0.439430552529896,0.5587232544837458,0.5290084336947035,25,0,C
3,art,9,pca,lasso,6.914352897124841,0.439430552529896,0.5587232544837458,0.5290084336947035,25,0,C
3,art,9,emotion,lasso,3.0013529327700508,0.439430552529896,0.5587232544837458,0.5290084336947035,25,0,C
3,art,10,population,lasso,,0.2310176383256404,0.5914186932371016,0.5586190230956722,25,0,C
3,art,10,identity,lasso,23.40337354547992,0.3231633955082527,0.5971562628104327,0.5660033388731842,25,0,C
3,art,10,pca,lasso,6.888991976603121,0.4736978200361284,0.5443706227357867,0.4981885608625665,25,0,C
3,art,10,emotion,lasso,2.8567813751794984,0.3231633955082527,0.5971562628104327,0.5660033388731842,25,0,C
3,art,11,population,lasso,,0.4210703780768237,0.5611319008415085,0.6074960995777274,25,0,C
3,art,11,identity,lasso,23.388847154724097,0.38928580235764493,0.5637936298159851,0.6039239934351206,25,0,C
3,art,11,pca,lasso,6.907670418929566,0.36903120842130405,0.5363383883570322,0.58813755928041,25,0,C
3,art,11,emotion,lasso,2.5616056875059074,0.38928580235764493,0.5637936298159851,0.6039239934351206,25,0,C
3,art,24,population,lasso,,0.4532830944821812,0.6225113834142746,0.6296823674709773,25,0,C
3,art,24,identity,lasso,23.317396662145654,0.48993035843380156,0.6613718165812502,0.6569448736546312,25,0,C
3,art,24,pca,lasso,6.894173685406067,0.4909720066383781,0.6686178232764974,0.656195570389553,25,0,C
3,art,24,emotion,lasso,2.7929959178372923,0.48993035843380156,0.6613718165812502,0.6569448736546312,25,0,C
3,art,28,population,lasso,,0.48130802494115027,0.6397298475229632,0.6340000173783884,25,0,C
3,art,28,identity,lasso,23.37239459441144,0.42320010915883366,0.6014022437347304,0.6143024753206183,25,0,C
3,art,28,pca,lasso,6.906887124944087,0.42320010915883366,0.6014022437347304,0.6143024753206183,25,0,C
3,art,28,emotion,lasso,2.825619184902578,0.42320010915883366,0.6014022437347304,0.6143024753206183,25,0,C
3,art,31,population,lasso,,0.28957338393966087,0.537736128651984,0.5854556247969157,25,0,C
3,art,31,identity,lasso,23.34435772859067,0.35144045856857603,0.5493679392404611,0.5730625889003056,25,0,C
3,art,31,pca,lasso,6.864673655273727,0.42013501046194945,0.49101089803273945,0.49986954242899395,25,0,C
3,art,31,emotion,lasso,2.9027154422652828,0.35144045856857603,0.5493679392404611,0.5730625889003056,25,0,C
3,art,32,population,lasso,,0.18540604427455312,0.36759854528131486,0.3764462702077465,25,0,C
3,art,32,identity,lasso,23.35882812613069,0.256573440642644,0.40510256632422686,0.4005521627800439,25,0,C
3,art,32,pca,lasso,6.893400792993424,0.13003734532067665,0.15252949425468154,0.2220303935304599,25,0,C
3,art,32,emotion,lasso,2.8858862132498273,0.256573440642644,0.40510256632422686,0.4005521627800439,25,0,C
3,art,36,population,lasso,,0.33835093284699996,0.4199183440596708,0.48034277364118144,25,0,C
3,art,36,identity,lasso,23.362616810574288,0.31708899173969474,0.43630976274191496,0.48304003167270715,25,0,C
3,art,36,pca,lasso,6.9048363632686955,0.3828836481067981,0.5214954689238803,0.5501143162461211,25,0,C
3,art,36,emotion,lasso,2.912407683869983,0.31708899173969474,0.43630976274191496,0.48304003167270715,25,0,C
3,art,42,population,lasso,,0.268108266830449,0.36114140516954774,0.41225427492779926,25,0,C
3,art,42,identity,lasso,23.366408896837704,0.23216955682081586,0.37356853348897906,0.4104960659997447,25,0,C
3,art,42,pca,lasso,6.9108311546962415,0.24239492088137354,0.39947934759629544,0.445865787415997,25,0,C
3,art,42,emotion,lasso,2.649399395886412,0.23216955682081586,0.37356853348897906,0.4104960659997447,25,0,C
3,art,47,population,lasso,,0.37916515350144014,0.4766525822361409,0.512990873721765,25,0,C
3,art,47,identity,lasso,23.344252456893617,0.3672475383684782,0.4964061082301791,0.5202853358277814,25,0,C
3,art,47,pca,lasso,6.865712106552345,0.3493904295829569,0.47329448281715436,0.4974956147993399,25,0,C
3,art,47,emotion,lasso,2.8985359222467855,0.3672475383684782,0.4964061082301791,0.5202853358277814,25,0,C
3,art,54,population,lasso,,0.15486066032749884,0.20263512432395908,0.2553202925084786,25,0,C
3,art,54,identity,lasso,23.362018516538498,0.18880674825752275,0.19169743295419994,0.23415793052445974,25,0,C
3,art,54,pca,lasso,6.874222076953175,0.18677190205960856,0.08807719892490266,0.22954314293051542,25,0,C
3,art,54,emotion,lasso,2.885214128614,0.18880674825752275,0.19169743295419994,0.23415793052445974,25,0,C
3,art,55,population,lasso,,0.16914543327527531,0.27577066159794056,0.247900527734967,25,0,C
3,art,55,identity,lasso,23.36582006642406,0.15334321038927293,0.2756728358932233,0.2671896015248461,25,0,C
3,art,55,pca,lasso,6.851383648429106,0.1258361440755357,0.23341213145536932,0.22047206831943353,25,0,C
3,art,55,emotion,lasso,2.902199397732342,0.15334321038927293,0.2756728358932233,0.2671896015248461,25,0,C
3,art,59,population,lasso,,0.32998585815611264,0.5281646608483644,0.5668198281618968,25,0,C
3,art,59,identity,lasso,23.367466240616295,0.32174611196494013,0.5366573168876587,0.5887167295969997,25,0,C
3,art,59,pca,lasso,6.893351121603662,0.4204100771526675,0.5751933572971732,0.5692246892357027,25,0,C
3,art,59,emotion,lasso,2.9742059535640517,0.32174611196494013,0.5366573168876587,0.5887167295969997,25,0,C
3,art,60,population,lasso,,0.4400345565277051,0.6278644918060651,0.620400581171441,25,0,C
3,art,60,identity,lasso,23.388453448588475,0.4590392499917351,0.6500762123245746,0.6461800394577377,25,0,C
3,art,60,pca,lasso,6.910440968053819,0.5432278124968196,0.659129096188466,0.6672754063078076,25,0,C
3,art,60,emotion,lasso,2.834349850317757,0.4590392499917351,0.6500762123245746,0.6461800394577377,25,0,C
3,art,67,population,lasso,,0.349475889431415,0.40350026748008927,0.37657262786279777,25,0,C
3,art,67,identity,lasso,23.411863214231186,0.3276552754460961,0.40716559563005117,0.3819940789954621,25,0,C
3,art,67,pca,lasso,6.903424259249928,0.3849416071030696,0.45162078990601745,0.4277761731189419,25,0,C
3,art,67,emotion,lasso,3.0123971737125608,0.3276552754460961,0.40716559563005117,0.3819940789954621,25,0,C
3,art,68,population,lasso,,0.4323951756920151,0.635230595932943,0.649006649951416,25,0,C
3,art,68,identity,lasso,23.35061287390197,0.536871927061751,0.6346324972941674,0.6474707239410592,25,0,C
3,art,68,pca,lasso,6.857748347469143,0.5299389698970817,0.6231190984977366,0.6508403962258122,25,0,C
3,art,68,emotion,lasso,2.7675960048864616,0.536871927061751,0.6346324972941674,0.6474707239410592,25,0,C
3,art,75,population,lasso,,0.3433189233905979,0.4798873481081716,0.47406788177416564,25,0,C
3,art,75,identity,lasso,23.34801091136949,0.43113960433683407,0.46653105748894,0.4799963045340495,25,0,C
3,art,75,pca,lasso,6.798351007032632,0.43113960433683407,0.46653105748894,0.4799963045340495,25,0,C
3,art,75,emotion,lasso,2.9541604775672337,0.43113960433683407,0.46653105748894,0.4799963045340495,25,0,C
3,art,76,population,lasso,,0.3097963234385821,0.4992787240501347,0.4796390962448206,25,0,C
3,art,76,identity,lasso,23.33921873561939,0.33452797768893233,0.5378162816000815,0.5146513907633475,25,0,C
3,art,76,pca,lasso,6.887737776531038,0.3519568212684944,0.4453554496076236,0.48006905111941917,25,0,C
3,art,76,emotion,lasso,2.8941573645247463,0.33452797768893233,0.5378162816000815,0.5146513907633475,25,0,C
3,art,82,population,lasso,,0.3751856272019769,0.6272437790328598,0.6469770697895355,25,0,C
3,art,82,identity,lasso,23.329263890931948,0.4243844370619111,0.6740173090642664,0.6907041024785353,25,0,C
3,art,82,pca,lasso,6.886378123152901,0.5247085758849538,0.7363169169140313,0.7497923611963512,25,0,C
3,art,82,emotion,lasso,2.7880444550861805,0.4243844370619111,0.6740173090642664,0.6907041024785353,25,0,C
3,art,84,population,lasso,,0.2134638659952733,0.26949829497921207,0.2956981759630613,25,0,C
3,art,84,identity,lasso,23.351452202789815,0.2143788599837586,0.26442395314190814,0.29156516887258704,25,0,C
3,art,84,pca,lasso,6.899801466160595,0.24530610439338948,0.3231340881995146,0.3260574321169893,25,0,C
3,art,84,emotion,lasso,2.904874723405642,0.2143788599837586,0.26442395314190814,0.29156516887258704,25,0,C
3,art,88,population,lasso,,0.37015098532667295,0.5487524956225437,0.5813342576006112,25,0,C
3,art,88,identity,lasso,23.347379242043527,0.32231364250953426,0.5507847286927745,0.5702320609291652,25,0,C
3,art,88,pca,lasso,6.887215585670531,0.3132506002551981,0.5130149335826327,0.507277620755402,25,0,C
3,art,88,emotion,lasso,3.0728585174225183,0.32231364250953426,0.5507847286927745,0.5702320609291652,25,0,C
3,art,95,population,lasso,,0.291883045254656,0.42955863400840066,0.49043583199620444,25,0,C
3,art,95,identity,lasso,23.412528359938236,0.321986147538239,0.45041777771373426,0.5263960259993298,25,0,C
3,art,95,pca,lasso,6.9018413358505795,0.4154539529798034,0.5144423743021146,0.5675454435136293,25,0,C
3,art,95,emotion,lasso,3.0699718035926904,0.321986147538239,0.45041777771373426,0.5263960259993298,25,0,C
3,art,96,population,lasso,,0.4541788298135938,0.6358364345983772,0.6802265539546998,25,0,C
3,art,96,identity,lasso,23.339461412656153,0.4571663824702363,0.6240917164695409,0.6732880855828697,25,0,C
3,art,96,pca,lasso,6.875005970259081,0.4571663824702363,0.6240917164695409,0.6732880855828697,25,0,C
3,art,96,emotion,lasso,2.8548683393536955,0.4571663824702363,0.6240917164695409,0.6732880855828697,25,0,C
3,art,107,population,lasso,,0.37102246776937203,0.45535445493828774,0.4955707087600696,25,0,C
3,art,107,identity,lasso,23.389046895265814,0.36513013618820284,0.4928234522602913,0.5083025919603171,25,0,C
3,art,107,pca,lasso,6.914333456097793,0.46686549225104096,0.5703778591020141,0.5730964111050313,25,0,C
3,art,107,emotion,lasso,2.9188265044465984,0.36513013618820284,0.4928234522602913,0.5083025919603171,25,0,C
3,art,122,population,lasso,,0.31005430541720913,0.5454237663111605,0.6045333169611645,25,0,C
3,art,122,identity,lasso,23.381882822202023,0.38336502308000536,0.5248936326490204,0.5872226704608857,25,0,C
3,art,122,pca,lasso,6.891564029715333,0.38749750916667897,0.6004327368891433,0.6435619756745735,25,0,C
3,art,122,emotion,lasso,3.1388351614013725,0.38336502308000536,0.5248936326490204,0.5872226704608857,25,0,C
3,art,123,population,lasso,,0.37873939700680587,0.44708902515708693,0.5261363335571717,25,0,C
3,art,123,identity,lasso,23.34624833770658,0.3493642440299904,0.4745778560746298,0.5169674150095698,25,0,C
3,art,123,pca,lasso,6.903617092657422,0.44861373269791477,0.5127952415049547,0.5539075871239109,25,0,C
3,art,123,emotion,lasso,3.000908826784929,0.3493642440299904,0.4745778560746298,0.5169674150095698,25,0,C
3,art,132,population,lasso,,0.3586818379268681,0.5515666704718265,0.6395124037779695,25,0,C
3,art,132,identity,lasso,23.338505339055292,0.4611882532135743,0.539735362426344,0.6136817104575819,25,0,C
3,art,132,pca,lasso,6.8907082646402,0.46406213770603494,0.5079046884797112,0.5861897871444288,25,0,C
3,art,132,emotion,lasso,2.8295145269412125,0.4611882532135743,0.539735362426344,0.6136817104575819,25,0,C
3,art,140,population,lasso,,0.3582149473321485,0.47374096079774614,0.5004064863963803,25,0,C
3,art,140,identity,lasso,23.37907298803145,0.3733061205912868,0.4884747663377963,0.5150217078518697,25,0,C
3,art,140,pca,lasso,6.88722667003978,0.3492015917482779,0.47919246884756467,0.515743130697966,25,0,C
3,art,140,emotion,lasso,2.955223942026221,0.3733061205912868,0.4884747663377963,0.5150217078518697,25,0,C
3,art,141,population,lasso,,0.34720655942359036,0.49914000888201193,0.4787845969955651,25,0,C
3,art,141,identity,lasso,23.400679508290754,0.37259316207663357,0.5153465049484464,0.49875363797765593,25,0,C
3,art,141,pca,lasso,6.901576877808137,0.3782502385721319,0.5125367099647921,0.48740101667160984,25,0,C
3,art,141,emotion,lasso,2.871376771811665,0.37259316207663357,0.5153465049484464,0.49875363797765593,25,0,C
3,fashion,0,population,lasso,,0.25688510028034056,0.2876837186994515,0.352695150887264,25,0,C
3,fashion,0,identity,lasso,23.402126540996385,0.2259775884659175,0.2438304121821438,0.3020928144596727,25,0,C
3,fashion,0,pca,lasso,6.798195280304782,0.23243284772546835,0.2515160432212596,0.3078704949462828,25,0,C
3,fashion,0,emotion,lasso,6.152394274033433,0.18962806172504032,0.2585486467864636,0.3190435066188746,25,0,C
3,fashion,9,population,lasso,,0.2642391645373035,0.3089588166470588,0.3457890210854541,25,0,C
3,fashion,9,identity,lasso,23.34762948937545,0.23413256860486903,0.30992910053404954,0.3171750934354809,25,0,C
3,fashion,9,pca,lasso,6.8125598167118255,0.23413256860486903,0.30992910053404954,0.3171750934354809,25,0,C
3,fashion,9,emotion,lasso,6.093834400129142,0.23413256860486903,0.30992910053404954,0.3171750934354809,25,0,C
3,fashion,10,population,lasso,,0.2050808651022812,0.49535853266384117,0.5100929301425051,25,0,C
3,fashion,10,identity,lasso,23.389276001520322,0.2097684797347528,0.5236282755365621,0.535152733245046,25,0,C
3,fashion,10,pca,lasso,6.820785037490437,0.20479013020314218,0.4405368264332348,0.46391217885581526,25,0,C
3,fashion,10,emotion,lasso,6.476624255245489,0.4030605264016527,0.4533465536724364,0.45791412719211455,25,0,C
3,fashion,11,population,lasso,,0.4193474808650639,0.6358153402604962,0.6102960919893625,25,0,C
3,fashion,11,identity,lasso,23.411980878592523,0.39598775459306995,0.6017404603154848,0.5945277065303997,25,0,C
3,fashion,11,pca,lasso,6.799167281516437,0.39598775459306995,0.6017404603154848,0.5945277065303997,25,0,C
3,fashion,11,emotion,lasso,6.448945244832961,0.4775177145818619,0.596708935645242,0.5806589423271328,25,0,C
3,fashion,24,population,lasso,,0.3127051493015038,0.4420606899533609,0.49895664473611223,25,0,C
3,fashion,24,identity,lasso,23.36560274094243,0.24720006419670018,0.40583383191533123,0.4652039972309235,25,0,C
3,fashion,24,pca,lasso,6.810908129456341,0.24720006419670018,0.40583383191533123,0.4652039972309235,25,0,C
3,fashion,24,emotion,lasso,6.004973378462205,0.24720006419670018,0.40583383191533123,0.4652039972309235,25,0,C
3,fashion,28,population,lasso,,0.31322165218538284,0.4643147270636995,0.4267887728181428,25,0,C
3,fashion,28,identity,lasso,23.390377235810124,0.2843678259508203,0.44701075745400315,0.42243308833799353,25,0,C
3,fashion,28,pca,lasso,6.77122218229541,0.2843678259508203,0.44701075745400315,0.42243308833799353,25,0,C
3,fashion,28,emotion,lasso,6.295035803091433,0.2867091090548732,0.4575656714681288,0.42753587010603183,25,0,C
3,fashion,31,population,lasso,,0.05437269680218667,0.22138884759162702,0.1414332465003146,25,0,C
3,fashion,31,identity,lasso,23.428647755132975,0.04827189583051605,0.23412078751063237,0.1270727934703038,25,0,C
3,fashion,31,pca,lasso,6.801322897825274,0.04827189583051605,0.23412078751063237,0.1270727934703038,25,0,C
3,fashion,31,emotion,lasso,6.450667204927242,0.02176910904300759,0.1425977270928595,0.08055385521290265,25,0,C
3,fashion,32,population,lasso,,0.09976105919038855,0.2352497268931556,0.2238088732273937,25,0,C
3,fashion,32,identity,lasso,23.42314688205863,0.10091764615057656,0.24446469028855589,0.24079206144945328,25,0,C
3,fashion,32,pca,lasso,6.7942444676360525,0.10091764615057656,0.24446469028855589,0.24079206144945328,25,0,C
3,fashion,32,emotion,lasso,6.2977897031678385,0.09477201070796844,0.23203180316777772,0.23702936086606619,25,0,C
3,fashion,36,population,lasso,,0.2775569670611325,0.33340553322798266,0.40700704621973094,25,0,C
3,fashion,36,identity,lasso,23.399794183828874,0.26761862694529126,0.3586695563305804,0.4248002539436274,25,0,C
3,fashion,36,pca,lasso,6.811158037669923,0.26761862694529126,0.3586695563305804,0.4248002539436274,25,0,C
3,fashion,36,emotion,lasso,6.331853098945694,0.24084168213309026,0.35901768263317524,0.4368268043420673,25,0,C
3,fashion,42,population,lasso,,0.06385998492028365,0.22601285886513886,0.14971205503937926,25,0,C
3,fashion,42,identity,lasso,23.40389255086773,0.06552813628838643,0.19023456858270701,0.13050291888173768,25,0,C
3,fashion,42,pca,lasso,6.810965794673749,0.06552813628838643,0.19023456858270701,0.13050291888173768,25,0,C
3,fashion,42,emotion,lasso,6.481391958410046,0.06552813628838643,0.19023456858270701,0.13050291888173768,25,0,C
3,fashion,47,population,lasso,,0.18035851336961223,0.32708888444246054,0.41868289783498347,25,0,C
3,fashion,47,identity,lasso,23.395065276810612,0.17859026175971937,0.3541997462802092,0.42953698013711933,25,0,C
3,fashion,47,pca,lasso,6.821218617703758,0.17859026175971937,0.3541997462802092,0.42953698013711933,25,0,C
3,fashion,47,emotion,lasso,6.217706517341766,-0.022800477368109952,-0.07879246872844817,-0.09124515316291794,25,0,C
3,fashion,54,population,lasso,,0.06910112678379575,0.05701380877368278,0.13171781208437172,25,0,C
3,fashion,54,identity,lasso,23.366859078142223,0.06328631985152211,0.040894721476411204,0.13669963899398982,25,0,C
3,fashion,54,pca,lasso,6.784261339904556,0.06328631985152211,0.040894721476411204,0.13669963899398982,25,0,C
3,fashion,54,emotion,lasso,5.9967160640446915,0.07977161554931834,0.09905278644712254,0.1650275676536283,25,0,C
3,fashion,55,population,lasso,,0.2845553907982344,0.24440984519202227,0.3986035662160131,25,0,C
3,fashion,55,identity,lasso,23.393260561936476,0.24437336662964607,0.24016714484150978,0.38741354533841366,25,0,C
3,fashion,55,pca,lasso,6.812939407294048,0.24437336662964607,0.24016714484150978,0.38741354533841366,25,0,C
3,fashion,55,emotion,lasso,6.167998659205525,0.24437336662964607,0.24016714484150978,0.38741354533841366,25,0,C
3,fashion,59,population,lasso,,0.1439293731035946,0.18714419054442333,0.3607100984094129,25,0,C
3,fashion,59,identity,lasso,23.39541300937686,0.21416509562830224,0.259449900527496,0.432268667036705,25,0,C
3,fashion,59,pca,lasso,6.795888191865038,0.2745295301869677,0.30277397846536996,0.46954036863764953,25,0,C
3,fashion,59,emotion,lasso,6.224587867254136,0.3265513148555908,0.189122458943413,0.4085090106241985,25,0,C
3,fashion,60,population,lasso,,0.2794532168201588,0.41082984791773214,0.44443490132254543,25,0,C
3,fashion,60,identity,lasso,23.40228299213758,0.30008075104089943,0.43655381540383686,0.4637684820500314,25,0,C
3,fashion,60,pca,lasso,6.815555928945396,0.30008075104089943,0.43655381540383686,0.4637684820500314,25,0,C
3,fashion,60,emotion,lasso,6.268224330445221,0.37299977664595363,0.46579473156968254,0.46929324632922537,25,0,C
3,fashion,67,population,lasso,,0.04971098433713528,0.047113823751123024,0.06522265620445225,25,0,C
3,fashion,67,identity,lasso,23.384483953884942,0.023723451328544653,-0.002228706734101529,0.029959607466534803,25,0,C
3,fashion,67,pca,lasso,6.7962743122970375,0.023723451328544653,-0.002228706734101529,0.029959607466534803,25,0,C
3,fashion,67,emotion,lasso,6.571927921151638,0.023723451328544653,-0.002228706734101529,0.029959607466534803,25,0,C
3,fashion,68,population,lasso,,0.2077600736601168,0.44951766197895826,0.3980875282134193,25,0,C
3,fashion,68,identity,lasso,23.385431234861525,0.29183077540281616,0.44552058290527397,0.4109958844693279,25,0,C
3,fashion,68,pca,lasso,6.819059221029209,0.29183077540281616,0.44552058290527397,0.4109958844693279,25,0,C
3,fashion,68,emotion,lasso,6.25958108444499,0.29183077540281616,0.44552058290527397,0.4109958844693279,25,0,C
3,fashion,75,population,lasso,,0.31120127041370005,0.4362405110401935,0.44964888830852917,25,0,C
3,fashion,75,identity,lasso,23.389300809401295,0.2728338997662626,0.4638685716560307,0.4900796703032337,25,0,C
3,fashion,75,pca,lasso,6.806388047088013,0.2728338997662626,0.4638685716560307,0.4900796703032337,25,0,C
3,fashion,75,emotion,lasso,6.2742970272883145,0.2728338997662626,0.4638685716560307,0.4900796703032337,25,0,C
3,fashion,76,population,lasso,,0.22304521972136862,0.3156493853383382,0.3180690827170327,25,0,C
3,fashion,76,identity,lasso,23.387404700212105,0.20618284108890436,0.3211746435689274,0.3232109145410559,25,0,C
3,fashion,76,pca,lasso,6.798601758117256,0.20618284108890436,0.3211746435689274,0.3232109145410559,25,0,C
3,fashion,76,emotion,lasso,6.091946048767016,0.2608253304395477,0.3228474281708488,0.33164336286531215,25,0,C
3,fashion,82,population,lasso,,0.19827479187599087,0.36996933514586133,0.36395953059951675,25,0,C
3,fashion,82,identity,lasso,23.41686392842791,0.20269657605636265,0.38577404344467703,0.39011388123264473,25,0,C
3,fashion,82,pca,lasso,6.777688336958198,0.20269657605636265,0.38577404344467703,0.39011388123264473,25,0,C
3,fashion,82,emotion,lasso,6.09669067676742,0.20269657605636265,0.38577404344467703,0.39011388123264473,25,0,C
3,fashion,84,population,lasso,,0.19343317010338493,0.4064131633353817,0.39485580833264555,25,0,C
3,fashion,84,identity,lasso,23.402060793778986,0.18975478088424091,0.4412442125424235,0.4054092101289568,25,0,C
3,fashion,84,pca,lasso,6.8006660948928825,0.18975478088424091,0.4412442125424235,0.4054092101289568,25,0,C
3,fashion,84,emotion,lasso,6.042537981523569,0.17009651542259516,0.3217289018860972,0.32923448027830793,25,0,C
3,fashion,88,population,lasso,,0.12050926709916045,0.33591623862151326,0.3039153464619974,25,0,C
3,fashion,88,identity,lasso,23.387853622975154,0.08890039905206197,0.2735993634642635,0.2634117972135356,25,0,C
3,fashion,88,pca,lasso,6.783425827610893,0.08890039905206197,0.2735993634642635,0.2634117972135356,25,0,C
3,fashion,88,emotion,lasso,5.905736104843938,0.10202734687274344,0.24795094692849398,0.2496948724959282,25,0,C
3,fashion,95,population,lasso,,0.0601382858589128,0.16242501907712095,0.14381152157491653,25,0,C
3,fashion,95,identity,lasso,23.408396293840312,0.053795288469479986,0.13560748649783175,0.16074209451054994,25,0,C
3,fashion,95,pca,lasso,6.822480511107413,0.0744249863232369,0.1744855547526331,0.2015799395395333,25,0,C
3,fashion,95,emotion,lasso,6.284819927243131,0.09556376889064563,0.10158304845390721,0.15535622969547905,25,0,C
3,fashion,96,population,lasso,,0.21166399802482386,0.32904900057861236,0.3448226021641874,25,0,C
3,fashion,96,identity,lasso,23.40226226850605,0.2226355806558543,0.37032223408967463,0.378798806131302,25,0,C
3,fashion,96,pca,lasso,6.791904003217262,0.2226355806558543,0.37032223408967463,0.378798806131302,25,0,C
3,fashion,96,emotion,lasso,6.3449609494047765,0.20083164756253583,0.35890412996865023,0.37621969934106075,25,0,C
3,fashion,107,population,lasso,,0.11165201634423681,0.1911619924477929,0.20157542030191675,25,0,C
3,fashion,107,identity,lasso,23.391080548057126,0.0931669808041007,0.14463631810528388,0.18320757311856756,25,0,C
3,fashion,107,pca,lasso,6.824479106147978,0.0931669808041007,0.14463631810528388,0.18320757311856756,25,0,C
3,fashion,107,emotion,lasso,6.235801252704173,0.15389891831906186,0.20956393826983002,0.2018645604309213,25,0,C
3,fashion,122,population,lasso,,0.10635363472047037,0.21939188019658928,0.23089824753378857,25,0,C
3,fashion,122,identity,lasso,23.40365196923433,0.11205191698307058,0.20403996724434686,0.23890154506095918,25,0,C
3,fashion,122,pca,lasso,6.7677463767318375,0.11205191698307058,0.20403996724434686,0.23890154506095918,25,0,C
3,fashion,122,emotion,lasso,6.061843731996453,0.11205191698307058,0.20403996724434686,0.23890154506095918,25,0,C
3,fashion,123,population,lasso,,0.3572725642381879,0.5359186507827997,0.4749525105141555,25,0,C
3,fashion,123,identity,lasso,23.40183104127204,0.3404686387563134,0.5207961689335803,0.4903634843881374,25,0,C
3,fashion,123,pca,lasso,6.804719504376743,0.3404686387563134,0.5207961689335803,0.4903634843881374,25,0,C
3,fashion,123,emotion,lasso,6.1508360050003335,0.3404686387563134,0.5207961689335803,0.4903634843881374,25,0,C
3,fashion,132,population,lasso,,0.10635198708778279,0.27904904814191656,0.31629300900731777,25,0,C
3,fashion,132,identity,lasso,23.40426407639197,0.17326400294818403,0.320983326228333,0.34464162640810575,25,0,C
3,fashion,132,pca,lasso,6.780346707096546,0.17326400294818403,0.320983326228333,0.34464162640810575,25,0,C
3,fashion,132,emotion,lasso,6.4037712789087315,0.20356152490590732,0.3008846485656127,0.34565976870059817,25,0,C
3,fashion,140,population,lasso,,0.20468992461486496,0.3613693185780144,0.4216775420992807,25,0,C
3,fashion,140,identity,lasso,23.399218408633583,0.2192867714115779,0.4337019494954459,0.5018786463150113,25,0,C
3,fashion,140,pca,lasso,6.788551075669194,0.2192867714115779,0.4337019494954459,0.5018786463150113,25,0,C
3,fashion,140,emotion,lasso,6.256722323374013,0.288736272992769,0.3652871320332578,0.4437888729616405,25,0,C
3,fashion,141,population,lasso,,0.16605589776782778,0.31070107317763634,0.2727830617940577,25,0,C
3,fashion,141,identity,lasso,23.416855676833954,0.17726744493095872,0.2781054286756945,0.27661906607473125,25,0,C
3,fashion,141,pca,lasso,6.813437046607128,0.17726744493095872,0.2781054286756945,0.27661906607473125,25,0,C
3,fashion,141,emotion,lasso,6.35364566855594,0.14809167840689394,0.130840239163021,0.19606093260862212,25,0,C
3,landscape,0,population,lasso,,0.14606333514259304,0.460365345324975,0.427047035816618,25,0,C
3,landscape,0,identity,lasso,23.41560547554828,0.25135750740224455,0.4186627111782382,0.3835078344761208,25,0,C
3,landscape,0,pca,lasso,6.792587899808892,0.25135750740224455,0.4186627111782382,0.3835078344761208,25,0,C
3,landscape,0,emotion,lasso,5.534899345896475,0.26523130594912336,0.4228280158968184,0.38610194292776534,25,0,C
3,landscape,9,population,lasso,,0.39730605181389234,0.47464180549846186,0.5505292586799927,25,0,C
3,landscape,9,identity,lasso,23.389295835795668,0.45980401403563065,0.4760969923426796,0.5779612414274162,25,0,C
3,landscape,9,pca,lasso,6.8158167259377995,0.45980401403563065,0.4760969923426796,0.5779612414274162,25,0,C
3,landscape,9,emotion,lasso,5.678468279538006,0.4740041506324968,0.4929570881929262,0.6215256860746534,25,0,C
3,landscape,10,population,lasso,,0.1934522670853127,0.6316594396971398,0.6390481176540118,25,0,C
3,landscape,10,identity,lasso,23.347237558234763,0.28082004075383354,0.6577501465600177,0.6586142813280771,25,0,C
3,landscape,10,pca,lasso,6.817604388877781,0.2955398377489811,0.6885890683679221,0.6678612718675627,25,0,C
3,landscape,10,emotion,lasso,5.717388163309339,0.4841475763614921,0.7480641318545947,0.7275148654816782,25,0,C
3,landscape,11,population,lasso,,0.24716375519151387,0.35892222990608796,0.4283348306991848,25,0,C
3,landscape,11,identity,lasso,23.335455600095095,0.314983492580633,0.39530747793777665,0.4676452678432116,25,0,C
3,landscape,11,pca,lasso,6.785819408850387,0.314983492580633,0.39530747793777665,0.4676452678432116,25,0,C
3,landscape,11,emotion,lasso,5.895669188289023,0.3300481402522665,0.38332696943953765,0.4483495709664941,25,0,C
3,landscape,24,population,lasso,,0.08858214458861534,0.11983656847885509,0.11573202429427816,25,0,C
3,landscape,24,identity,lasso,23.39632814407366,0.15295879863033987,0.199458076190627,0.1945024547817231,25,0,C
3,landscape,24,pca,lasso,6.808028662986548,0.18996037195725826,0.22312350739270412,0.258580715927377,25,0,C
3,landscape,24,emotion,lasso,6.036814202141589,0.0538859713594001,0.15676326636820087,0.12637271893090804,25,0,C
3,landscape,28,population,lasso,,0.21012622578777598,0.3090570361448919,0.3263828121496469,25,0,C
3,landscape,28,identity,lasso,23.38499246917571,0.21924883061904643,0.323870120202155,0.35558475288279234,25,0,C
3,landscape,28,pca,lasso,6.82330725991976,0.21924883061904643,0.323870120202155,0.35558475288279234,25,0,C
3,landscape,28,emotion,lasso,5.831006274261653,0.21924883061904643,0.323870120202155,0.35558475288279234,25,0,C
3,landscape,31,population,lasso,,0.08155116018054527,0.4108785871586063,0.2709623805525323,25,0,C
3,landscape,31,identity,lasso,23.402198863559537,0.1447789551234712,0.42198894895467076,0.24448432841022533,25,0,C
3,landscape,31,pca,lasso,6.805960453854674,0.14356820352360544,0.42306414525751573,0.2508640688724879,25,0,C
3,landscape,31,emotion,lasso,5.771334694478717,0.14182213298038884,0.4584944234274541,0.3655666131737571,25,0,C
3,landscape,32,population,lasso,,0.279992612593213,0.5672174104392974,0.5590383200836626,25,0,C
3,landscape,32,identity,lasso,23.39548582394966,0.31272838717642576,0.5501876754006574,0.5593037760963196,25,0,C
3,landscape,32,pca,lasso,6.790324707813212,0.33096385318492494,0.5479855544904885,0.5646060482019516,25,0,C
3,landscape,32,emotion,lasso,5.904438743784606,0.48212004310459017,0.580674816001441,0.6054791471407105,25,0,C
3,landscape,36,population,lasso,,0.3232235578491162,0.5828139255616032,0.5797627190589181,25,0,C
3,landscape,36,identity,lasso,23.369040485153644,0.3871958520224235,0.5504822795845599,0.571308717309063,25,0,C
3,landscape,36,pca,lasso,6.760196401274066,0.38181497256164704,0.5655306493711099,0.5822748839905345,25,0,C
3,landscape,36,emotion,lasso,5.6862529555361965,0.4737918203843555,0.5585279426387549,0.5830349372729958,25,0,C
3,landscape,42,population,lasso,,0.30246355086189014,0.5154890297077461,0.4989455895077597,25,0,C
3,landscape,42,identity,lasso,23.38712261700831,0.3644046966250117,0.5334084587475573,0.5172401522468544,25,0,C
3,landscape,42,pca,lasso,6.809798225538257,0.35533615560660015,0.5363101844727538,0.5166203939752309,25,0,C
3,landscape,42,emotion,lasso,5.547197143195549,0.34266294151826643,0.41321592476177915,0.41318713181806255,25,0,C
3,landscape,47,population,lasso,,0.36799059239953036,0.5217968229717819,0.5535773029257693,25,0,C
3,landscape,47,identity,lasso,23.368975634427702,0.4877531032124443,0.5352790384534273,0.5966397046669683,25,0,C
3,landscape,47,pca,lasso,6.814368994200099,0.5059032478800971,0.5450022719234614,0.6177813676186991,25,0,C
3,landscape,47,emotion,lasso,5.653148264358057,0.562138426060978,0.4768895178730674,0.6370207154361978,25,0,C
3,landscape,54,population,lasso,,0.15498853082306363,0.25705059879602293,0.30818777308274553,25,0,C
3,landscape,54,identity,lasso,23.326457511780152,0.14378969076860612,0.24150847385900387,0.27377290717489783,25,0,C
3,landscape,54,pca,lasso,6.788929544009896,0.14378969076860612,0.24150847385900387,0.27377290717489783,25,0,C
3,landscape,54,emotion,lasso,5.525887628914465,0.12545438887559837,0.21425929377461983,0.23315586277757017,25,0,C
3,landscape,55,population,lasso,,0.41377643512126216,0.6324829735624852,0.6498277627703292,25,0,C
3,landscape,55,identity,lasso,23.376742467655745,0.49733399183931387,0.6181648556261546,0.6361388085057069,25,0,C
3,landscape,55,pca,lasso,6.769329349901968,0.49733399183931387,0.6181648556261546,0.6361388085057069,25,0,C
3,landscape,55,emotion,lasso,6.126905305189843,0.49733399183931387,0.6181648556261546,0.6361388085057069,25,0,C
3,landscape,59,population,lasso,,0.24977667481505747,0.48674892744164633,0.4789141113767915,25,0,C
3,landscape,59,identity,lasso,23.42153925352339,0.384490861468547,0.49352787431042633,0.4740020691636403,25,0,C
3,landscape,59,pca,lasso,6.748582051834975,0.384490861468547,0.49352787431042633,0.4740020691636403,25,0,C
3,landscape,59,emotion,lasso,6.093719890606014,0.42179884483486946,0.5211572183665147,0.49110387643685566,25,0,C
3,landscape,60,population,lasso,,0.4301685983462316,0.7392338863465485,0.6989376094892306,25,0,C
3,landscape,60,identity,lasso,23.429820076965022,0.509924684244482,0.8024150149313478,0.7527818969242978,25,0,C
3,landscape,60,pca,lasso,6.80573764856854,0.509924684244482,0.8024150149313478,0.7527818969242978,25,0,C
3,landscape,60,emotion,lasso,5.878446447386286,0.5385373007690553,0.8135243225911074,0.7682530677590028,25,0,C
3,landscape,67,population,lasso,,0.38349228081033215,0.49130634812593543,0.4488208281427752,25,0,C
3,landscape,67,identity,lasso,23.380840355442473,0.43104725941086236,0.46228772936860213,0.4534440257365464,25,0,C
3,landscape,67,pca,lasso,6.762446247056365,0.43104725941086236,0.46228772936860213,0.4534440257365464,25,0,C
3,landscape,67,emotion,lasso,5.71623013497823,0.4282093527737337,0.4603291014595814,0.4550758986545589,25,0,C
3,landscape,68,population,lasso,,0.16474019341337162,0.30199532957071923,0.29979968396024026,25,0,C
3,landscape,68,identity,lasso,23.388163096740538,0.2706425440206069,0.3368332548786953,0.3351993966655203,25,0,C
3,landscape,68,pca,lasso,6.806768202416396,0.2706425440206069,0.3368332548786953,0.3351993966655203,25,0,C
3,landscape,68,emotion,lasso,5.861652247337127,0.2977426317909147,0.3515281616800511,0.36571533859902444,25,0,C
3,landscape,75,population,lasso,,0.26062687023795217,0.4334212697460177,0.41860993695301046,25,0,C
3,landscape,75,identity,lasso,23.351576038445724,0.3748029637197066,0.4443434437352558,0.42292416007960887,25,0,C
3,landscape,75,pca,lasso,6.788996369833596,0.3748029637197066,0.4443434437352558,0.42292416007960887,25,0,C
3,landscape,75,emotion,lasso,5.740970966048723,0.3129418365696685,0.4466013931657233,0.40338240772389244,25,0,C
3,landscape,76,population,lasso,,0.2946703427833485,0.38740770525454327,0.4411079145474148,25,0,C
3,landscape,76,identity,lasso,23.410848692839256,0.38951107726625095,0.4614694682186852,0.48414772370621845,25,0,C
3,landscape,76,pca,lasso,6.817122974620102,0.38951107726625095,0.4614694682186852,0.48414772370621845,25,0,C
3,landscape,76,emotion,lasso,5.931107647045683,0.42483620820124846,0.46778753330567363,0.4792857194903918,25,0,C
3,landscape,82,population,lasso,,0.29164617795177505,0.4744622380261111,0.45940926582825375,25,0,C
3,landscape,82,identity,lasso,23.358385695882383,0.3768094318115938,0.4948310782318455,0.49034742101652906,25,0,C
3,landscape,82,pca,lasso,6.809437018665194,0.3768094318115938,0.4948310782318455,0.49034742101652906,25,0,C
3,landscape,82,emotion,lasso,5.49590607136052,0.3768094318115938,0.4948310782318455,0.49034742101652906,25,0,C
3,landscape,84,population,lasso,,0.3231128008869206,0.5258621956545636,0.5261794531254952,25,0,C
3,landscape,84,identity,lasso,23.408960126343803,0.3585872148310437,0.5582056795549317,0.5528837107900908,25,0,C
3,landscape,84,pca,lasso,6.790286501856414,0.3585872148310437,0.5582056795549317,0.5528837107900908,25,0,C
3,landscape,84,emotion,lasso,6.0380664846640935,0.3585872148310437,0.5582056795549317,0.5528837107900908,25,0,C
3,landscape,88,population,lasso,,0.38855100927938496,0.6715142251977014,0.673366518083452,25,0,C
3,landscape,88,identity,lasso,23.359294943590385,0.45696881689617186,0.718731598216922,0.7092757422396667,25,0,C
3,landscape,88,pca,lasso,6.813195942063355,0.45696881689617186,0.718731598216922,0.7092757422396667,25,0,C
3,landscape,88,emotion,lasso,5.5318549833288815,0.5272938194445151,0.6786579935508685,0.6763585258877362,25,0,C
3,landscape,95,population,lasso,,0.21936838204480902,0.44085461293468475,0.46757118906054174,25,0,C
3,landscape,95,identity,lasso,23.384770110416678,0.2827665562919981,0.4369935462595325,0.5108264704172277,25,0,C
3,landscape,95,pca,lasso,6.79641069020125,0.309389217108121,0.454417847152527,0.5081264145940482,25,0,C
3,landscape,95,emotion,lasso,6.020374674259148,0.50889031071982,0.5014931600764979,0.5421058309690583,25,0,C
3,landscape,96,population,lasso,,0.38044412871284444,0.5913344426425794,0.5874795340188947,25,0,C
3,landscape,96,identity,lasso,23.4258615443603,0.38906856847559607,0.5163954033939346,0.5298267308363479,25,0,C
3,landscape,96,pca,lasso,6.825021070530131,0.38906856847559607,0.5163954033939346,0.5298267308363479,25,0,C
3,landscape,96,emotion,lasso,5.994627720267464,0.4244710448399058,0.5508911516195013,0.5437513486716123,25,0,C
3,landscape,107,population,lasso,,0.1287143822123244,0.1999182374868888,0.1849515085443048,25,0,C
3,landscape,107,identity,lasso,23.3925062732715,0.14374615578718614,0.2459956761094593,0.20611273233670815,25,0,C
3,landscape,107,pca,lasso,6.815005040766527,0.14374615578718614,0.2459956761094593,0.20611273233670815,25,0,C
3,landscape,107,emotion,lasso,5.801954289586177,0.16232958805830042,0.25153095282710575,0.2082813540469937,25,0,C
3,landscape,122,population,lasso,,0.25230648585364734,0.5343230203043873,0.5300928085735649,25,0,C
3,landscape,122,identity,lasso,23.35910849330422,0.2850220970233366,0.540655737582069,0.566372665954369,25,0,C
3,landscape,122,pca,lasso,6.788173991199195,0.2850220970233366,0.540655737582069,0.566372665954369,25,0,C
3,landscape,122,emotion,lasso,5.606867464310115,0.38745687176229204,0.5731603879839192,0.6232981696469846,25,0,C
3,landscape,123,population,lasso,,0.38928726498959193,0.66068611642936,0.6499367748012611,25,0,C
3,landscape,123,identity,lasso,23.375692374860844,0.4071157993784726,0.6606366823765033,0.6330599016632071,25,0,C
3,landscape,123,pca,lasso,6.760784728738626,0.4071157993784726,0.6606366823765033,0.6330599016632071,25,0,C
3,landscape,123,emotion,lasso,5.460732082071088,0.4327621485679708,0.6634544233893334,0.6462975184338516,25,0,C
3,landscape,132,population,lasso,,0.07191878799833308,0.3718958770900525,0.43953876363658895,25,0,C
3,landscape,132,identity,lasso,23.355149089089696,0.24658695016607113,0.27407396128981615,0.33848053113553117,25,0,C
3,landscape,132,pca,lasso,6.786058828703819,0.24658695016607113,0.27407396128981615,0.33848053113553117,25,0,C
3,landscape,132,emotion,lasso,5.447681844919417,0.29188163949340934,0.27173882474243116,0.32706344789137276,25,0,C
3,landscape,140,population,lasso,,0.23610298525135248,0.491103838208049,0.4266656849557858,25,0,C
3,landscape,140,identity,lasso,23.37158066170523,0.2590382188871809,0.47034245332029995,0.3668841215059409,25,0,C
3,landscape,140,pca,lasso,6.8135209486684865,0.2590382188871809,0.47034245332029995,0.3668841215059409,25,0,C
3,landscape,140,emotion,lasso,5.70856357981446,0.27889679233592496,0.5097243608651668,0.411064455564875,25,0,C
3,landscape,141,population,lasso,,0.2976193753971502,0.44107306642996613,0.4359895632594693,25,0,C
3,landscape,141,identity,lasso,23.38650923968852,0.4065057943759056,0.5190558595130934,0.5042267971345631,25,0,C
3,landscape,141,pca,lasso,6.811320787200152,0.4065057943759056,0.5190558595130934,0.5042267971345631,25,0,C
3,landscape,141,emotion,lasso,5.711334161477826,0.4034294782419167,0.5161196854276406,0.4970619181074764,25,0,C
4,art,1,population,lasso,,0.3212815916583224,0.3784430199175785,0.34816280705184227,25,0,C
4,art,1,identity,lasso,23.926199200321932,0.3353289829284022,0.37612570655572103,0.3846846300337775,25,0,C
4,art,1,pca,lasso,6.9447108313488055,0.3410119606750543,0.388587702857266,0.389038679795588,25,0,C
4,art,1,emotion,lasso,5.942925184839931,0.3353289829284022,0.37612570655572103,0.3846846300337775,25,0,C
4,art,2,population,lasso,,0.47451290191939,0.7682037048469291,0.7462074922798864,25,0,C
4,art,2,identity,lasso,23.91932536731201,0.5364763500822635,0.7873181898444129,0.7423195503184303,25,0,C
4,art,2,pca,lasso,6.951050029115245,0.5946704712267471,0.6893130122209503,0.6351687741133335,25,0,C
4,art,2,emotion,lasso,6.048897167190133,0.6327992728541796,0.793772431531875,0.757042645134429,25,0,C
4,art,12,population,lasso,,0.41876152784728865,0.48891060821062526,0.49018135828676607,25,0,C
4,art,12,identity,lasso,23.92815811961669,0.40810777402925247,0.5077032044344681,0.4995704194893714,25,0,C
4,art,12,pca,lasso,6.945815402193632,0.363689636101137,0.4825453740057752,0.4937541332907594,25,0,C
4,art,12,emotion,lasso,6.169146746540392,0.41223455995036545,0.5062887079445015,0.5009061358437263,25,0,C
4,art,13,population,lasso,,0.23656073678199116,0.34405877105834437,0.3781783528975511,25,0,C
4,art,13,identity,lasso,23.923650398540516,0.284195087688493,0.40268344706643516,0.4344863006757111,25,0,C
4,art,13,pca,lasso,6.94483380780199,0.3430418480706513,0.5030849389766994,0.5567541517009503,25,0,C
4,art,13,emotion,lasso,6.001124480124644,0.2625094205675168,0.3820644089716931,0.41790513218274883,25,0,C
4,art,26,population,lasso,,0.3034282715722474,0.4075274015508536,0.38135933469227745,25,0,C
4,art,26,identity,lasso,23.921448983952487,0.3480807001326652,0.4485805304540108,0.420486802058425,25,0,C
4,art,26,pca,lasso,6.9516166372705035,0.34003038760847765,0.399617164518294,0.36409655606558,25,0,C
4,art,26,emotion,lasso,6.207595056924901,0.35177059235938185,0.46675404971235973,0.4269249633841898,25,0,C
4,art,29,population,lasso,,0.22082747344262862,0.25599015606024633,0.26039024793622384,25,0,C
4,art,29,identity,lasso,23.927709577492124,0.2733295813672892,0.32442617288488834,0.3399597820816382,25,0,C
4,art,29,pca,lasso,6.948266963502089,0.34413612356948736,0.4453146283253129,0.4489495921091557,25,0,C
4,art,29,emotion,lasso,6.229896688928389,0.2286746047808391,0.34132020808032837,0.33750246184946975,25,0,C
4,art,34,population,lasso,,0.2554110271449753,0.6165540616070493,0.5955179418524631,25,0,C
4,art,34,identity,lasso,23.923971035511528,0.34875295855672034,0.6266138095529693,0.6269887555256604,25,0,C
4,art,34,pca,lasso,6.958631291510772,0.45941106725507497,0.6077271259094037,0.595849154799166,25,0,C
4,art,34,emotion,lasso,5.985593501461361,0.5611773989474143,0.6669021138265804,0.6513114257970285,25,0,C
4,art,38,population,lasso,,0.39478207159370177,0.6217008493693564,0.6083592770443723,25,0,C
4,art,38,identity,lasso,23.925650361185323,0.3788388000174737,0.6213089799401921,0.6094974344799774,25,0,C
4,art,38,pca,lasso,6.950999567633885,0.5288451384175907,0.6554995876347879,0.6458009811447197,25,0,C
4,art,38,emotion,lasso,6.160756656805281,0.43092596428841506,0.625129706874545,0.6230604191016881,25,0,C
4,art,43,population,lasso,,0.21087144204642314,0.3900867855323119,0.3989598185090366,25,0,C
4,art,43,identity,lasso,23.927021092857732,0.23335754697077946,0.3190238946588173,0.3479754494256927,25,0,C
4,art,43,pca,lasso,6.955064085099649,0.22161634752108775,0.2789622511477776,0.28131813685462703,25,0,C
4,art,43,emotion,lasso,6.138820481007448,0.2716198299466105,0.289736776297446,0.2896573560800854,25,0,C
4,art,48,population,lasso,,0.3888458082951585,0.5716007538243746,0.5795522662755317,25,0,C
4,art,48,identity,lasso,23.918793491636308,0.4394570228024097,0.6665161890592995,0.6584588028528586,25,0,C
4,art,48,pca,lasso,6.929489511974052,0.5202329127641228,0.688872303970005,0.6702412271889612,25,0,C
4,art,48,emotion,lasso,6.399469843231418,0.5295622872131063,0.6757822103709735,0.6552935782902124,25,0,C
4,art,49,population,lasso,,0.35052056933516335,0.5137955617133181,0.5197874510518965,25,0,C
4,art,49,identity,lasso,23.92741273962196,0.34829850653340755,0.5250725532488049,0.5186101835548992,25,0,C
4,art,49,pca,lasso,6.951597818967581,0.39300285932352463,0.5317497192895536,0.5250598768206008,25,0,C
4,art,49,emotion,lasso,6.065371554184974,0.34858939409260453,0.5250725532488049,0.5185711799170959,25,0,C
4,art,56,population,lasso,,0.042475525447242306,0.05750314076885966,0.16373504482435877,25,0,C
4,art,56,identity,lasso,23.918604952029824,0.11745818171279196,0.08793057682232729,0.16851923350180764,25,0,C
4,art,56,pca,lasso,6.948159397288217,0.15524001734534784,0.20806919697147486,0.2654609511512089,25,0,C
4,art,56,emotion,lasso,6.03008490810322,0.0634948603035171,0.06656328954209527,0.12902713349544195,25,0,C
4,art,61,population,lasso,,0.22526147389042994,0.3946107226214079,0.3978853172784347,25,0,C
4,art,61,identity,lasso,23.927380348616477,0.3289740038667321,0.4198381239277841,0.4318680901661107,25,0,C
4,art,61,pca,lasso,6.9479166204356755,0.3551027680909773,0.4675344631770163,0.44209350782893364,25,0,C
4,art,61,emotion,lasso,6.091966054382508,0.3566729657697956,0.4075504234902847,0.4302980898834219,25,0,C
4,art,72,population,lasso,,0.1900345246855387,0.4742676858662527,0.4536826360447862,25,0,C
4,art,72,identity,lasso,23.92602908625969,0.2905092710715326,0.4682371698942248,0.44758369298150363,25,0,C
4,art,72,pca,lasso,6.954427515872488,0.2306199825733532,0.28428151325988915,0.3173764786008816,25,0,C
4,art,72,emotion,lasso,6.124801185741623,0.2658499223926466,0.4517903081523308,0.43197511729599375,25,0,C
4,art,77,population,lasso,,0.3220443540825089,0.44290138454106787,0.44313500264652433,25,0,C
4,art,77,identity,lasso,23.924797101056072,0.32913205961630126,0.5115310594777744,0.4896374141193004,25,0,C
4,art,77,pca,lasso,6.943716532193561,0.21918017910884185,0.2590807339355414,0.262917091092694,25,0,C
4,art,77,emotion,lasso,6.135159326470816,0.3174140356148412,0.47738940431820165,0.4720265355294148,25,0,C
4,art,78,population,lasso,,0.3277094308162793,0.5765988618218482,0.5864115364935691,25,0,C
4,art,78,identity,lasso,23.92815714834296,0.33748106000891454,0.59660049698074,0.5960709436965724,25,0,C
4,art,78,pca,lasso,6.9331290944400426,0.5382378933732969,0.6669018107042344,0.6775371727924981,25,0,C
4,art,78,emotion,lasso,6.110677911706918,0.3495265785968572,0.5414728375157155,0.6116798858477772,25,0,C
4,art,89,population,lasso,,0.26772782953636565,0.4869979921911644,0.49542852389339725,25,0,C
4,art,89,identity,lasso,23.926247626706882,0.39259818396962815,0.4935470497048554,0.49108269165867013,25,0,C
4,art,89,pca,lasso,6.951899033245143,0.4149771424772818,0.5299698849540757,0.5104796377405079,25,0,C
4,art,89,emotion,lasso,6.093024262226095,0.37990934072987537,0.4768721417276882,0.48765752988907574,25,0,C
4,art,90,population,lasso,,0.22172486602509656,0.4007117720538722,0.37650625532482995,25,0,C
4,art,90,identity,lasso,23.925547057786417,0.26242922332370333,0.4275687286737474,0.41791910064005455,25,0,C
4,art,90,pca,lasso,6.953411108477942,0.2982472164197203,0.3815282316111041,0.4080012784483099,25,0,C
4,art,90,emotion,lasso,6.159928811850013,0.22386267870640217,0.42627321685163844,0.39492544934128154,25,0,C
4,art,97,population,lasso,,0.3081336015048935,0.37605365836945764,0.3754386472792644,25,0,C
4,art,97,identity,lasso,23.91663230940491,0.3429862894078223,0.4422177687194491,0.43662699620651363,25,0,C
4,art,97,pca,lasso,6.956359958879319,0.29586584704209745,0.3462169150709443,0.3602195734065204,25,0,C
4,art,97,emotion,lasso,5.904791855519999,0.336822088882922,0.45036878459526564,0.43736289314781573,25,0,C
4,art,103,population,lasso,,0.3960230789042073,0.6369834232227993,0.6784672294953801,25,0,C
4,art,103,identity,lasso,23.927081713152926,0.44995155500669803,0.6525610081142803,0.6926460772030446,25,0,C
4,art,103,pca,lasso,6.9502151861544865,0.6119295885164789,0.6554069130463777,0.7003887570823486,25,0,C
4,art,103,emotion,lasso,6.149486995970195,0.6063060548914636,0.6863623702025258,0.6962053185988138,25,0,C
4,art,108,population,lasso,,0.14272420478716125,0.2938502661986966,0.2967445319908273,25,0,C
4,art,108,identity,lasso,23.92331677655515,0.1446464371080971,0.28714589135725266,0.274061101577807,25,0,C
4,art,108,pca,lasso,6.942268834433095,0.009893228564329884,-0.023539804998847762,0.015626217306155543,25,0,C
4,art,108,emotion,lasso,6.27331185444781,0.16249397754396053,0.3038819974429313,0.29046024888034283,25,0,C
4,art,114,population,lasso,,0.2515882288187417,0.6159507153028465,0.6303652054329589,25,0,C
4,art,114,identity,lasso,23.921372251342554,0.37955963263083997,0.564642084977483,0.5649839862246041,25,0,C
4,art,114,pca,lasso,6.9393687841476535,0.3852572066474887,0.6332513131967552,0.6125997607421751,25,0,C
4,art,114,emotion,lasso,6.2779147150618035,0.37955963263083997,0.564642084977483,0.5649839862246041,25,0,C
4,art,115,population,lasso,,0.09038605106718514,0.1740287131803168,0.170757849584279,25,0,C
4,art,115,identity,lasso,23.921787968322672,0.10795073096290075,0.15536579790073365,0.12958750480666445,25,0,C
4,art,115,pca,lasso,6.949499343242314,0.08726399797977911,0.1471636249434646,0.09562918156319991,25,0,C
4,art,115,emotion,lasso,6.118339732472252,0.10795073096290075,0.15536579790073365,0.12958750480666445,25,0,C
4,art,124,population,lasso,,0.3801446708564823,0.4817754966855983,0.5202655308204333,25,0,C
4,art,124,identity,lasso,23.92297651733094,0.4068692497541111,0.44369443818522863,0.5078430472769144,25,0,C
4,art,124,pca,lasso,6.933278682988298,0.4584564634532348,0.48658573565406604,0.5509382882065073,25,0,C
4,art,124,emotion,lasso,6.075105328347118,0.4068692497541111,0.44369443818522863,0.5078430472769144,25,0,C
4,art,134,population,lasso,,0.36388606497850173,0.5240388232062899,0.5832230924398755,25,0,C
4,art,134,identity,lasso,23.9189563449068,0.39593917167655746,0.5687143766086873,0.5927199771820112,25,0,C
4,art,134,pca,lasso,6.954863113391686,0.4413866246568898,0.5145815947021442,0.49945310423895906,25,0,C
4,art,134,emotion,lasso,5.93827388089524,0.4423396558696768,0.5620647628167097,0.5904566855963996,25,0,C
4,art,135,population,lasso,,0.06532121356310745,0.01244913226370709,0.08515790353530314,25,0,C
4,art,135,identity,lasso,23.929098667561934,0.042839055606786657,-0.039917865396178205,0.056208285699069244,25,0,C
4,art,135,pca,lasso,6.955648873017464,0.2893440584166128,0.3117827213898464,0.29870136083075954,25,0,C
4,art,135,emotion,lasso,6.083143056311936,0.008747221219694602,-0.054987867610139414,0.017970525372349746,25,0,C
4,art,142,population,lasso,,0.3141985091594635,0.5687779436135922,0.585736233818141,25,0,C
4,art,142,identity,lasso,23.921843098839656,0.5275783170426956,0.5960540443362268,0.6290219856011732,25,0,C
4,art,142,pca,lasso,6.949495613937078,0.5912527482111014,0.652590887438553,0.6829814008548208,25,0,C
4,art,142,emotion,lasso,6.051476004356042,0.5275783170426956,0.5960540443362268,0.6290219856011732,25,0,C
4,art,143,population,lasso,,0.4018950080340707,0.7231840147503007,0.7155510746031313,25,0,C
4,art,143,identity,lasso,23.93240911594393,0.4255534356732416,0.7307969917596163,0.723086484695963,25,0,C
4,art,143,pca,lasso,6.943609071495038,0.6216349898400173,0.717376679723964,0.7113912654954684,25,0,C
4,art,143,emotion,lasso,6.030849656348527,0.6640401219363986,0.7816965752257452,0.7844142697473205,25,0,C
4,fashion,1,population,lasso,,0.20861691593362547,0.2681638263890559,0.24594963035616907,25,0,C
4,fashion,1,identity,lasso,23.96458157018489,0.22092396050057833,0.2626094803577995,0.24932242736751425,25,0,C
4,fashion,1,pca,lasso,6.951501463663687,0.26085446512147803,0.3139316376866081,0.299976318626876,25,0,C
4,fashion,1,emotion,lasso,6.605904834949729,0.21414095320469725,0.27294056397593636,0.25313145699198597,25,0,C
4,fashion,2,population,lasso,,0.26233293536726815,0.5522899912236953,0.5529629803063374,25,0,C
4,fashion,2,identity,lasso,23.96551480686732,0.3629798584135511,0.5425078804086,0.5375555476834611,25,0,C
4,fashion,2,pca,lasso,6.950083695879455,0.38142604434037636,0.49394668743366277,0.4939804792793124,25,0,C
4,fashion,2,emotion,lasso,6.411485459347742,0.3848482155771833,0.5476983881880383,0.5590155197366973,25,0,C
4,fashion,12,population,lasso,,0.1344499131197899,0.148466166676643,0.18639459910487954,25,0,C
4,fashion,12,identity,lasso,23.96368954003965,0.13013715859220373,0.17779593302792815,0.20502255518044127,25,0,C
4,fashion,12,pca,lasso,6.952384066833482,0.17692230223701685,0.19319279832421377,0.24171706989195366,25,0,C
4,fashion,12,emotion,lasso,6.4178898891312945,0.2158063673499583,0.23489053843808902,0.2814870632040965,25,0,C
4,fashion,13,population,lasso,,0.29628245385961244,0.40068897376116436,0.4034489713818456,25,0,C
4,fashion,13,identity,lasso,23.96466187411191,0.2773882790570617,0.4084107130949188,0.40159415119894104,25,0,C
4,fashion,13,pca,lasso,6.942646024412614,0.22072453949013468,0.30728562682017396,0.36146578202004453,25,0,C
4,fashion,13,emotion,lasso,6.603067806829978,0.2567993139424589,0.4065297765905426,0.399776649254819,25,0,C
4,fashion,26,population,lasso,,0.31947870689026125,0.41531539401033407,0.43500613518972187,25,0,C
4,fashion,26,identity,lasso,23.96713787677922,0.3099954141138997,0.42669459075318905,0.44340326213781367,25,0,C
4,fashion,26,pca,lasso,6.948532695046392,0.31040756694446214,0.42027166636944424,0.3862633411432337,25,0,C
4,fashion,26,emotion,lasso,6.57851171108433,0.3099954141138997,0.42669459075318905,0.44340326213781367,25,0,C
4,fashion,29,population,lasso,,0.13781530340034825,0.29414378849452477,0.217437720954366,25,0,C
4,fashion,29,identity,lasso,23.966317384394504,0.19113295731022503,0.27441175201389295,0.20419069193095737,25,0,C
4,fashion,29,pca,lasso,6.9525329548583565,0.2942702756400908,0.2630763268016151,0.3154934532483316,25,0,C
4,fashion,29,emotion,lasso,6.372269744024447,0.17849242126396261,0.2570937412729129,0.20291476471760114,25,0,C
4,fashion,34,population,lasso,,0.20962665786210888,0.36943493518352133,0.38848445777213453,25,0,C
4,fashion,34,identity,lasso,23.96466658857333,0.16244878224949752,0.31097447176998705,0.3165246409703795,25,0,C
4,fashion,34,pca,lasso,6.945049392180491,0.19553404675493113,0.37534941350545914,0.35341931545144795,25,0,C
4,fashion,34,emotion,lasso,6.507895363411286,0.2949751590416302,0.4840096226762673,0.4732149072875525,25,0,C
4,fashion,38,population,lasso,,0.2162367229968201,0.3943390254621606,0.3965134107317931,25,0,C
4,fashion,38,identity,lasso,23.965726185160023,0.2336641079595864,0.42627250315517234,0.40243990106190847,25,0,C
4,fashion,38,pca,lasso,6.955386492740544,0.219135921971463,0.3328867929263802,0.29819092625098703,25,0,C
4,fashion,38,emotion,lasso,6.382908405324658,0.2511722470793881,0.43760691653386474,0.43756180388543825,25,0,C
4,fashion,43,population,lasso,,0.2997126867208927,0.4482082954433005,0.4626330250718145,25,0,C
4,fashion,43,identity,lasso,23.96579273420203,0.34866002675233093,0.5177706175759427,0.5243465689970164,25,0,C
4,fashion,43,pca,lasso,6.948081938476414,0.3813174329098401,0.5051901976157839,0.5173433963544861,25,0,C
4,fashion,43,emotion,lasso,6.52779397075738,0.35181775537844245,0.5426354476148444,0.5436733917185743,25,0,C
4,fashion,48,population,lasso,,0.3094520232889703,0.5195500123283288,0.466512824328899,25,0,C
4,fashion,48,identity,lasso,23.96527261655818,0.2848752101965471,0.4064801707827513,0.3740734157438207,25,0,C
4,fashion,48,pca,lasso,6.955154566057305,0.20218255079539513,0.2873530162972321,0.2710847357862557,25,0,C
4,fashion,48,emotion,lasso,6.5554072897462,0.28790864264310234,0.4940895994019073,0.47304333192461095,25,0,C
4,fashion,49,population,lasso,,0.0916227426141142,0.17557435369509453,0.15379572511254105,25,0,C
4,fashion,49,identity,lasso,23.9637776793817,0.20703743476443406,0.3407180536317255,0.3404663140862665,25,0,C
4,fashion,49,pca,lasso,6.955035748772205,0.12330962279701643,0.1768719469856211,0.15732360057946176,25,0,C
4,fashion,49,emotion,lasso,6.568190296484776,0.08910032226508034,0.21180715096133632,0.16782946035084484,25,0,C
4,fashion,56,population,lasso,,0.028622385686060674,0.003724077655435845,0.10769442573730224,25,0,C
4,fashion,56,identity,lasso,23.965475439441946,0.036793546489019766,-0.018620388277179222,0.04558482159440907,25,0,C
4,fashion,56,pca,lasso,6.947676406070724,0.05594038478317207,-0.006051626190083248,0.06308976646723656,25,0,C
4,fashion,56,emotion,lasso,6.495789396853206,-0.0028149257636759396,-0.04736561268007465,-0.0038320606816000676,25,0,C
4,fashion,61,population,lasso,,0.22955655425865676,0.34678612990215263,0.30989837426617445,25,0,C
4,fashion,61,identity,lasso,23.966196218255778,0.24098723217297602,0.3904721748378784,0.3178923754905202,25,0,C
4,fashion,61,pca,lasso,6.957848618367172,0.25928915560725657,0.3562939747335248,0.3275703948246551,25,0,C
4,fashion,61,emotion,lasso,6.369197627783987,0.2184744545938269,0.34693625376791115,0.30473285759360474,25,0,C
4,fashion,72,population,lasso,,0.09988244275565358,0.17949379397061183,0.21565695315375366,25,0,C
4,fashion,72,identity,lasso,23.96293301370613,0.08459503007735636,0.21818413428078462,0.26108666291884935,25,0,C
4,fashion,72,pca,lasso,6.945284733958375,0.12586862996612244,0.3206400734312676,0.34122738331540947,25,0,C
4,fashion,72,emotion,lasso,6.522309094430595,0.0692932870417781,0.16739694073439323,0.21378223945642202,25,0,C
4,fashion,77,population,lasso,,0.33654378851055045,0.4709288633731353,0.4877404281153148,25,0,C
4,fashion,77,identity,lasso,23.965521985000105,0.2983534067278042,0.4416005533765877,0.45580912622788194,25,0,C
4,fashion,77,pca,lasso,6.951931939125543,0.336248837491137,0.48951167491716635,0.46388043506819354,25,0,C
4,fashion,77,emotion,lasso,6.449319399974958,0.3169982760569561,0.47265405807881455,0.4720868813489165,25,0,C
4,fashion,78,population,lasso,,0.18105073102187527,0.3247839818556314,0.3338617461040518,25,0,C
4,fashion,78,identity,lasso,23.966003254734506,0.16088750140860988,0.35005550189545137,0.30836076165225995,25,0,C
4,fashion,78,pca,lasso,6.949116620607769,0.18717224857259665,0.3400168150812146,0.31733461141830877,25,0,C
4,fashion,78,emotion,lasso,6.347254647752554,0.1607722102883396,0.3525526876701372,0.35624137587572224,25,0,C
4,fashion,89,population,lasso,,0.12588976257213996,0.27423961134834535,0.2967207549572136,25,0,C
4,fashion,89,identity,lasso,23.964963813382628,0.2535562108740083,0.3710039920808824,0.40313293035104464,25,0,C
4,fashion,89,pca,lasso,6.950948319087773,0.2268042696665618,0.32264642369444396,0.3039798679271069,25,0,C
4,fashion,89,emotion,lasso,6.53641488508374,0.16724708301999927,0.23868547247359126,0.2768160962304113,25,0,C
4,fashion,90,population,lasso,,0.16682148005398445,0.3456782193160456,0.3007972339308989,25,0,C
4,fashion,90,identity,lasso,23.966288259599754,0.1299008624761067,0.1974885731929851,0.2066449103681291,25,0,C
4,fashion,90,pca,lasso,6.954531482294134,0.16373401876940108,0.22916679464682777,0.24339007776467772,25,0,C
4,fashion,90,emotion,lasso,6.5981372517667625,0.2562838121938317,0.38277444166569186,0.38230449574163444,25,0,C
4,fashion,97,population,lasso,,0.4330346413757044,0.5564641576509319,0.561130800618952,25,0,C
4,fashion,97,identity,lasso,23.96396454090155,0.5236014750590777,0.5672242325468582,0.5800804145891534,25,0,C
4,fashion,97,pca,lasso,6.938266045090098,0.5035956328048667,0.5746185968118311,0.5908877605927955,25,0,C
4,fashion,97,emotion,lasso,6.635018399420351,0.5236014750590777,0.5672242325468582,0.5800804145891534,25,0,C
4,fashion,103,population,lasso,,0.08435082202385578,0.1331286107777117,0.10763769423247457,25,0,C
4,fashion,103,identity,lasso,23.966154812880095,0.08778202938033414,0.09169420045700818,0.1125576867980969,25,0,C
4,fashion,103,pca,lasso,6.944489828243543,0.1644340166591888,0.21654590135116178,0.19086774774421286,25,0,C
4,fashion,103,emotion,lasso,6.6801983473452955,0.17110967538794128,0.235144018137711,0.20577001352597502,25,0,C
4,fashion,108,population,lasso,,0.2743239786839429,0.4707450870046026,0.483450279228531,25,0,C
4,fashion,108,identity,lasso,23.966378337572458,0.19526546995284771,0.32379993308516897,0.3387657368438841,25,0,C
4,fashion,108,pca,lasso,6.9488401795596255,-0.08279542029693115,-0.18672642887756905,-0.15188644268280505,25,0,C
4,fashion,108,emotion,lasso,6.697012931937022,0.21819625219072059,0.4574846620185575,0.46024293174478575,25,0,C
4,fashion,114,population,lasso,,0.2973466206474185,0.41852149102246644,0.42008866136926337,25,0,C
4,fashion,114,identity,lasso,23.963549101710704,0.3221399970381227,0.44906155833563727,0.4611446642752375,25,0,C
4,fashion,114,pca,lasso,6.954040904009227,0.40425175442180705,0.39094350381659315,0.4381324535718025,25,0,C
4,fashion,114,emotion,lasso,6.591421956550725,0.3139855848578994,0.4637698181787697,0.4800568340455809,25,0,C
4,fashion,115,population,lasso,,0.21673572916765954,0.4191585525875278,0.43978120762969897,25,0,C
4,fashion,115,identity,lasso,23.96376673613452,0.40262341901271137,0.4117076397500078,0.44492238075010526,25,0,C
4,fashion,115,pca,lasso,6.953135367964293,0.3692143598882667,0.33469500466140056,0.4113637324988819,25,0,C
4,fashion,115,emotion,lasso,6.190380738212355,0.40262341901271137,0.4117076397500078,0.44492238075010526,25,0,C
4,fashion,124,population,lasso,,0.2321455279432196,0.3999463422172355,0.4060206057781527,25,0,C
4,fashion,124,identity,lasso,23.966634426772252,0.37295025160510953,0.3937524829351102,0.4162167633118336,25,0,C
4,fashion,124,pca,lasso,6.939785359150348,0.37242044492487647,0.38854755916861833,0.42881305543665377,25,0,C
4,fashion,124,emotion,lasso,6.577070955217671,0.37295025160510953,0.3937524829351102,0.4162167633118336,25,0,C
4,fashion,134,population,lasso,,0.1977848701678484,0.28140008441519215,0.28781461865048275,25,0,C
4,fashion,134,identity,lasso,23.965162613340915,0.17753860298243695,0.2187942137165758,0.23257454027669433,25,0,C
4,fashion,134,pca,lasso,6.953609520938465,0.07244190683265145,0.02249192467761036,0.09051629941666507,25,0,C
4,fashion,134,emotion,lasso,6.512345266326125,0.2219424656807638,0.30143195483118884,0.31767690434174306,25,0,C
4,fashion,135,population,lasso,,0.012260588518177505,0.018064905179607085,0.01689209384302812,25,0,C
4,fashion,135,identity,lasso,23.96458104625736,0.048906907148923554,0.07381090066459958,0.07411662323326722,25,0,C
4,fashion,135,pca,lasso,6.953982137782834,-0.002854352822734619,0.026221635219152665,-0.00431228446097704,25,0,C
4,fashion,135,emotion,lasso,6.303699656156148,0.04071639846755661,0.06340231263867639,0.060518038945902,25,0,C
4,fashion,142,population,lasso,,0.15084493835120114,0.39588489903678514,0.4182369389513183,25,0,C
4,fashion,142,identity,lasso,23.963593216425746,0.2569689312410032,0.3590053088779252,0.3836216304030123,25,0,C
4,fashion,142,pca,lasso,6.930684906275871,0.29973886708505787,0.41805323589981375,0.4094566864313345,25,0,C
4,fashion,142,emotion,lasso,6.305404720906833,0.26103221559263606,0.39243536378121097,0.39672385741747357,25,0,C
4,fashion,143,population,lasso,,0.28089847071176666,0.3318448536642247,0.3776311183415812,25,0,C
4,fashion,143,identity,lasso,23.96413428172548,0.2850340116350835,0.39907293615172124,0.4353757885721785,25,0,C
4,fashion,143,pca,lasso,6.947783279934361,0.2850340116350835,0.39907293615172124,0.4353757885721785,25,0,C
4,fashion,143,emotion,lasso,6.242243568748189,0.2850340116350835,0.39907293615172124,0.4353757885721785,25,0,C
4,landscape,1,population,lasso,,0.3816361004467545,0.5749957317569125,0.5284755584054363,25,0,C
4,landscape,1,identity,lasso,23.96251676324757,0.5128481789191967,0.5588341852249232,0.5191266288100478,25,0,C
4,landscape,1,pca,lasso,6.940454407023626,0.5545825897623079,0.590526863353257,0.5684449226765613,25,0,C
4,landscape,1,emotion,lasso,6.54129045382223,0.5382734869936153,0.5854262334194023,0.5440389978315683,25,0,C
4,landscape,2,population,lasso,,0.3446328537338987,0.6142903889016055,0.608194565410742,25,0,C
4,landscape,2,identity,lasso,23.963579192849686,0.38682761512606584,0.5865618291870852,0.5698523224878196,25,0,C
4,landscape,2,pca,lasso,6.9516273960615,0.423443626304273,0.5672571357149507,0.5413175555891601,25,0,C
4,landscape,2,emotion,lasso,6.265964677876579,0.4727505844766085,0.5919771717714761,0.5771572916397473,25,0,C
4,landscape,12,population,lasso,,0.48593919944820374,0.7508292900582517,0.7543077750386001,25,0,C
4,landscape,12,identity,lasso,23.964612518743003,0.5298823089289647,0.6912532761131565,0.6983468271876467,25,0,C
4,landscape,12,pca,lasso,6.952139383755271,0.6599912390719284,0.6981642955123758,0.6987724607383273,25,0,C
4,landscape,12,emotion,lasso,6.206079510127442,0.6792519237197441,0.7011405739397768,0.7101746994376898,25,0,C
4,landscape,13,population,lasso,,0.0715394639118148,0.060093201606107705,0.12825516037819437,25,0,C
4,landscape,13,identity,lasso,23.963162931983668,0.09878295140789688,0.12462510560357563,0.17906470717580117,25,0,C
4,landscape,13,pca,lasso,6.949059060697648,0.21284848504502638,0.2787114886179378,0.3402163074767097,25,0,C
4,landscape,13,emotion,lasso,5.8742252480942065,0.08537673055324124,0.1372095585373222,0.20438601859409108,25,0,C
4,landscape,26,population,lasso,,0.09353418396512464,0.2061085302177255,0.17427694543200203,25,0,C
4,landscape,26,identity,lasso,23.965155481083954,0.10721664806662834,0.21683207665864773,0.19602332208401146,25,0,C
4,landscape,26,pca,lasso,6.948196616431515,0.24651527371178128,0.3135899475269689,0.36633708227092415,25,0,C
4,landscape,26,emotion,lasso,6.181075879793636,0.2361756892771039,0.40542876039486714,0.3895211467748666,25,0,C
4,landscape,29,population,lasso,,0.2455273032548909,0.24729142482127744,0.28885493770675186,25,0,C
4,landscape,29,identity,lasso,23.96494127121207,0.18246605224154294,0.19620655700105466,0.2410610035587799,25,0,C
4,landscape,29,pca,lasso,6.935475199996367,0.17063543031208317,0.23310965554581262,0.21291840824714853,25,0,C
4,landscape,29,emotion,lasso,6.322803499992222,0.031179425740164534,0.03898715782896604,0.048054222445794006,25,0,C
4,landscape,34,population,lasso,,0.393082930831529,0.6625118826919267,0.6287628191534864,25,0,C
4,landscape,34,identity,lasso,23.96203117907369,0.40860761588696454,0.6448344236221748,0.62237191125004,25,0,C
4,landscape,34,pca,lasso,6.937971199619378,0.3792645809350971,0.6316745374258038,0.607392217792762,25,0,C
4,landscape,34,emotion,lasso,6.143788933565502,0.4112815251414352,0.686572868647978,0.6581804890269761,25,0,C
4,landscape,38,population,lasso,,0.38159447657178525,0.5505431684943172,0.48307407724874296,25,0,C
4,landscape,38,identity,lasso,23.962002737009342,0.36861661378609323,0.5141184988213354,0.4727761061231614,25,0,C
4,landscape,38,pca,lasso,6.952301123804733,0.3706132386573836,0.61380978003381,0.5576957076707403,25,0,C
4,landscape,38,emotion,lasso,6.213889485678372,0.3330287989026136,0.5803732727951041,0.5246664766635025,25,0,C
4,landscape,43,population,lasso,,0.1302206397425972,0.46024929067216713,0.47762441843489517,25,0,C
4,landscape,43,identity,lasso,23.963873433126416,0.37993072921680193,0.5164206695079624,0.5329042407332478,25,0,C
4,landscape,43,pca,lasso,6.949996361331401,0.3756769178084801,0.42207648744924997,0.47435564278212583,25,0,C
4,landscape,43,emotion,lasso,6.277701668813437,0.31618467431769537,0.3824202851373593,0.42015029770301654,25,0,C
4,landscape,48,population,lasso,,0.3376796413217683,0.408640270772663,0.42670210113559,25,0,C
4,landscape,48,identity,lasso,23.961818658584306,0.3507941401320972,0.41171545153854283,0.4536845580724408,25,0,C
4,landscape,48,pca,lasso,6.92656015075732,0.4298318045916545,0.4656848739797336,0.5183550348141301,25,0,C
4,landscape,48,emotion,lasso,6.537697638763314,0.40833283357883715,0.46225092212450114,0.4938549280129463,25,0,C
4,landscape,49,population,lasso,,0.35262585955357856,0.454507169375926,0.4737454595106237,25,0,C
4,landscape,49,identity,lasso,23.963499418557593,0.3180015443502414,0.4381751852002792,0.4520582486525486,25,0,C
4,landscape,49,pca,lasso,6.950016675259319,0.3283507673619368,0.4441503013621012,0.4563457581383874,25,0,C
4,landscape,49,emotion,lasso,6.2870540330239395,0.34602027861333706,0.46476445212038703,0.48396363952030264,25,0,C
4,landscape,56,population,lasso,,0.00658665086076167,0.10436729641805417,0.052730958389827824,25,0,C
4,landscape,56,identity,lasso,23.96308611619043,0.06184033859770325,0.10869053015178132,0.06355133036381007,25,0,C
4,landscape,56,pca,lasso,6.955578501561947,-0.009417667131236863,0.05337530878947752,-0.011248929902884461,25,0,C
4,landscape,56,emotion,lasso,6.299237979769475,-0.021220072811971514,-0.021893299036182368,-0.035290791506961225,25,0,C
4,landscape,61,population,lasso,,0.24004566603440627,0.4561765878367242,0.42845049813019775,25,0,C
4,landscape,61,identity,lasso,23.961977135622845,0.3841806132530761,0.48561889763649035,0.475871606309488,25,0,C
4,landscape,61,pca,lasso,6.95224722927146,0.40581745067164765,0.5154196355555579,0.5021006310288971,25,0,C
4,landscape,61,emotion,lasso,5.948094773086619,0.40182969885116043,0.4887935466931608,0.47481219957135534,25,0,C
4,landscape,72,population,lasso,,-0.014289720888904844,-0.0650895525603615,-0.03982510886928305,25,0,C
4,landscape,72,identity,lasso,23.965054310544335,0.04870460721272215,0.04931917187982245,0.08168525816134203,25,0,C
4,landscape,72,pca,lasso,6.9546471606728915,0.11568434805020121,0.15295310206622198,0.15777462130876072,25,0,C
4,landscape,72,emotion,lasso,6.352219785096601,0.22086625320349448,0.3655104068908788,0.3823430775042115,25,0,C
4,landscape,77,population,lasso,,0.2105683128651422,0.4124194376607154,0.36784264677892825,25,0,C
4,landscape,77,identity,lasso,23.965106918452083,0.1981212395264268,0.28865932378247916,0.32533141955485295,25,0,C
4,landscape,77,pca,lasso,6.952019509968407,0.26218405125503735,0.3326879515531695,0.37845751499532265,25,0,C
4,landscape,77,emotion,lasso,6.246430458568272,0.31633853630030667,0.5024846728890798,0.4698653621026776,25,0,C
4,landscape,78,population,lasso,,0.17966927758479143,0.3629842276975943,0.36624363521282843,25,0,C
4,landscape,78,identity,lasso,23.961827887968354,0.1759979895852003,0.38511441364311894,0.3856307475759247,25,0,C
4,landscape,78,pca,lasso,6.951849476717475,0.12012419610734182,0.18058231731548116,0.16871411036674142,25,0,C
4,landscape,78,emotion,lasso,5.94856200333037,0.17465387009991395,0.352804342162653,0.3301618323767788,25,0,C
4,landscape,89,population,lasso,,0.22249030404610137,0.42455797153494096,0.4421398681944666,25,0,C
4,landscape,89,identity,lasso,23.964921333781252,0.32749961800640065,0.4141944734502801,0.48565236021985586,25,0,C
4,landscape,89,pca,lasso,6.955056263242871,0.2832268994588982,0.4307760703857375,0.4326911014906882,25,0,C
4,landscape,89,emotion,lasso,6.254497056405514,0.12788354535805277,0.2919051960512816,0.3208922250939948,25,0,C
4,landscape,90,population,lasso,,0.2648628724782953,0.4931683584405462,0.46968667088093663,25,0,C
4,landscape,90,identity,lasso,23.96312785655583,0.2819908765932315,0.5134334640036541,0.46446426562563237,25,0,C
4,landscape,90,pca,lasso,6.931148559765406,0.2932149355282779,0.5435009890496688,0.4792132911373968,25,0,C
4,landscape,90,emotion,lasso,6.344966832362736,0.27886383430427975,0.48930833833328746,0.44489356984316386,25,0,C
4,landscape,97,population,lasso,,0.5620358249609253,0.6415454279089912,0.6235864757275026,25,0,C
4,landscape,97,identity,lasso,23.96593346201222,0.5567358434736281,0.6249347971020266,0.6211423713003856,25,0,C
4,landscape,97,pca,lasso,6.953651278616786,0.5364825923378577,0.6054307015738488,0.5992723265905141,25,0,C
4,landscape,97,emotion,lasso,6.213756455885257,0.5567358434736281,0.6249347971020266,0.6211423713003856,25,0,C
4,landscape,103,population,lasso,,0.31499042426747975,0.44368657097454667,0.43845592955781487,25,0,C
4,landscape,103,identity,lasso,23.96516322886694,0.3569040977794329,0.5141523947955796,0.4765964433937984,25,0,C
4,landscape,103,pca,lasso,6.953046936608341,0.45259020602952954,0.4856683223496128,0.5080689003786951,25,0,C
4,landscape,103,emotion,lasso,6.044586558776323,0.44107839827299783,0.569433329821376,0.5178168211961011,25,0,C
4,landscape,108,population,lasso,,0.2648922584793261,0.5016937005980969,0.42008769015489766,25,0,C
4,landscape,108,identity,lasso,23.96515458036322,0.26863444003653736,0.4114486708688469,0.3652449700812071,25,0,C
4,landscape,108,pca,lasso,6.9452849536601535,0.21715253110742028,0.19790146465082817,0.22949605726393638,25,0,C
4,landscape,108,emotion,lasso,6.071849943884067,0.2074959325832807,0.30369414352365004,0.27753476621279105,25,0,C
4,landscape,114,population,lasso,,0.27880126037322345,0.46185950917665125,0.43552089329590415,25,0,C
4,landscape,114,identity,lasso,23.96602181830797,0.3480365170427238,0.5319711988659593,0.488535802218838,25,0,C
4,landscape,114,pca,lasso,6.9463067411870565,0.26136788807806527,0.3638726882381801,0.3100517721302505,25,0,C
4,landscape,114,emotion,lasso,6.233141092711002,0.38445429097600525,0.5080853529476246,0.47787131268783983,25,0,C
4,landscape,115,population,lasso,,0.1821972279093895,0.23826473055147504,0.25533753788585706,25,0,C
4,landscape,115,identity,lasso,23.963797247305443,0.20214695118500658,0.2885747892825732,0.2932355032706521,25,0,C
4,landscape,115,pca,lasso,6.957549714968128,0.18493041173635663,0.24712177262081883,0.23921498951314174,25,0,C
4,landscape,115,emotion,lasso,6.029144521501409,0.1784155051132952,0.2696763332392641,0.2547288412681332,25,0,C
4,landscape,124,population,lasso,,0.2728030884679648,0.5691678431436382,0.5455164670905503,25,0,C
4,landscape,124,identity,lasso,23.965328526942866,0.2719905203082152,0.5293950270591913,0.5285496189240183,25,0,C
4,landscape,124,pca,lasso,6.956383477821067,0.37230309989702287,0.5883103705857785,0.5547185573110173,25,0,C
4,landscape,124,emotion,lasso,6.226595010492896,0.3485853558232164,0.5101533155370398,0.496439988258102,25,0,C
4,landscape,134,population,lasso,,0.2995098024208252,0.4496474956917931,0.4074794173068657,25,0,C
4,landscape,134,identity,lasso,23.964650253544242,0.27233364115491987,0.39489227450894065,0.37510118863828334,25,0,C
4,landscape,134,pca,lasso,6.95160810631876,0.31807481811168814,0.45882296300957176,0.4069582962202558,25,0,C
4,landscape,134,emotion,lasso,6.485089761657713,0.3211169656362968,0.44751481950441746,0.3874072890353489,25,0,C
4,landscape,135,population,lasso,,0.39026044208567473,0.4021510506913886,0.4622721885486749,25,0,C
4,landscape,135,identity,lasso,23.963909714251937,0.42912731114801045,0.44144318613598993,0.5206040849359582,25,0,C
4,landscape,135,pca,lasso,6.9505312328460045,0.374808213663286,0.40410247218326817,0.45030248119409116,25,0,C
4,landscape,135,emotion,lasso,6.086936035739726,0.40782848687761214,0.36275343300398316,0.45909045617666294,25,0,C
4,landscape,142,population,lasso,,0.28476924571092155,0.44078452833473736,0.4620800317171372,25,0,C
4,landscape,142,identity,lasso,23.962827462675516,0.31549529071634475,0.44008920626187137,0.4175365427465646,25,0,C
4,landscape,142,pca,lasso,6.949917957934986,0.23015249509416186,0.29486622475755897,0.279218831255384,25,0,C
4,landscape,142,emotion,lasso,6.21968311673218,0.31941858453553384,0.44460879973550077,0.42576987486827,25,0,C
4,landscape,143,population,lasso,,0.4424217578814237,0.6670493743921282,0.6407336209219215,25,0,C
4,landscape,143,identity,lasso,23.963979648353067,0.46517816496833836,0.6151227766553019,0.6539172403542336,25,0,C
4,landscape,143,pca,lasso,6.953388505416506,0.39187614131898085,0.4902790411917868,0.5332342023513948,25,0,C
4,landscape,143,emotion,lasso,6.428608017728469,0.5440562067119198,0.5951317861887663,0.6322104325550488,25,0,C
0,art,3,population,lasso,,0.06244597436658254,0.09650990358644981,0.08555433108989885,50,0,C
0,art,3,identity,lasso,48.97599821875276,0.13017910434271016,0.1981637360442586,0.17744690966793925,50,0,C
0,art,3,pca,lasso,6.999984895097785,0.017687515607997032,0.040220624794149895,0.025826489025264694,50,0,C
0,art,3,emotion,lasso,6.999893686152218,0.05848281760316803,0.07314176957084749,0.10619731975461179,50,0,C
0,art,14,population,lasso,,0.31370112526113064,0.6348446126598832,0.6277535882340936,50,0,C
0,art,14,identity,lasso,48.9755295466582,0.42023137566936625,0.4805665931839739,0.45336413842626566,50,0,C
0,art,14,pca,lasso,6.999982995780219,0.3941292213591819,0.44614461395126137,0.41595197673174766,50,0,C
0,art,14,emotion,lasso,6.999884029637195,0.4216081267668519,0.5207504044383238,0.4805989561783723,50,0,C
0,art,15,population,lasso,,0.170330874319862,0.24841961917707003,0.23491191478839452,50,0,C
0,art,15,identity,lasso,48.97597148836217,0.12111660660611553,0.1864474739056633,0.12464956453910032,50,0,C
0,art,15,pca,lasso,6.999984028380748,0.12239353558471135,0.15899280457805637,0.1403442443821717,50,0,C
0,art,15,emotion,lasso,6.999914549170829,0.07147396415163774,0.15920521981463356,0.11684672963551615,50,0,C
0,art,19,population,lasso,,0.5100816440178864,0.5784765375270383,0.5871520125362644,50,0,C
0,art,19,identity,lasso,48.97841786145068,0.5217699933289532,0.5901987058739258,0.5751478658193906,50,0,C
0,art,19,pca,lasso,6.999982613216941,0.5673988719098322,0.6431230489209369,0.6814304810699512,50,0,C
0,art,19,emotion,lasso,6.999873186256559,0.49748539026042965,0.5146780127795103,0.5323965585359134,50,0,C
0,art,21,population,lasso,,0.2594251237736896,0.4606521793022512,0.4698586977453104,50,0,C
0,art,21,identity,lasso,48.97501213182375,0.40439213295627124,0.4661846325966335,0.464214001919396,50,0,C
0,art,21,pca,lasso,6.9999839755157875,0.4649610278064554,0.5113998645207216,0.5278043985228486,50,0,C
0,art,21,emotion,lasso,6.999891140500279,0.4842339330317758,0.521961820809997,0.5237601173824058,50,0,C
0,art,22,population,lasso,,0.29209273306723527,0.40605604620344987,0.4261343742780548,50,0,C
0,art,22,identity,lasso,48.97507923199801,0.3488348685439041,0.4042545985164562,0.3787386660605934,50,0,C
0,art,22,pca,lasso,6.999983793797985,0.3840995449520903,0.37124428684667926,0.4067064735922036,50,0,C
0,art,22,emotion,lasso,6.99987091816656,0.3268647955421865,0.3959289889360257,0.3477797160624447,50,0,C
0,art,30,population,lasso,,-0.2006022222447219,-0.24192374150908877,-0.2277854896623564,50,0,C
0,art,30,identity,lasso,48.97673036629911,-0.06643239817314248,-0.08772950070260088,-0.07992022486292572,50,0,C
0,art,30,pca,lasso,6.999984115871472,0.24905505617656257,0.30512458812573134,0.2838385413124674,50,0,C
0,art,30,emotion,lasso,6.999922927394601,0.1344235418618045,0.1740248663880792,0.15075459129031965,50,0,C
0,art,50,population,lasso,,0.49205459199587953,0.48744075438804885,0.5156871375572091,50,0,C
0,art,50,identity,lasso,48.97600996137005,0.5433188732504467,0.5142139651340851,0.5788566711284224,50,0,C
0,art,50,pca,lasso,6.999985002733595,0.47183111952905377,0.40727892103449476,0.5138823726964474,50,0,C
0,art,50,emotion,lasso,6.999884114082404,0.4580762926862393,0.5088488030592409,0.5233745168426263,50,0,C
0,art,57,population,lasso,,0.45601703052739867,0.5326254756634917,0.5293606739522505,50,0,C
0,art,57,identity,lasso,48.975463323462584,0.4790431936925748,0.40278879461532746,0.4982536636361317,50,0,C
0,art,57,pca,lasso,6.999984033384008,0.2743543706421454,0.26005587757079685,0.28672025022763675,50,0,C
0,art,57,emotion,lasso,6.999893152967713,0.3914857049153954,0.43858131401202255,0.43601122530438624,50,0,C
0,art,62,population,lasso,,0.263475203195587,0.49430687187198796,0.5093199706610158,50,0,C
0,art,62,identity,lasso,48.97609188880587,0.32633253129865436,0.42599763868219115,0.3746369168562553,50,0,C
0,art,62,pca,lasso,6.999984730055121,0.4374255281870627,0.49981885610632326,0.48502660450139307,50,0,C
0,art,62,emotion,lasso,6.999898507640938,0.3231182944146715,0.42742484888572435,0.42151351956803507,50,0,C
0,art,63,population,lasso,,0.12804777934943723,0.16262231340284578,0.17901892288946367,50,0,C
0,art,63,identity,lasso,48.975448483763905,0.06081451283930499,-0.01271347110013014,0.0674019520726554,50,0,C
0,art,63,pca,lasso,6.999983983679584,-0.01689060915608004,0.017969039861994957,-0.020722633037611137,50,0,C
0,art,63,emotion,lasso,6.999879468813137,0.05490559177685384,-0.01571665324976718,0.06319703641465628,50,0,C
0,art,79,population,lasso,,0.4557779033208845,0.46484688180690287,0.5088420310205154,50,0,C
0,art,79,identity,lasso,48.97471001108894,0.43571038025200226,0.4239789875507246,0.4751403146846812,50,0,C
0,art,79,pca,lasso,6.999984451335949,0.4281687813879235,0.41366035255818207,0.46135904264361316,50,0,C
0,art,79,emotion,lasso,6.999908351003608,0.37484389191565587,0.37218248973101614,0.395650007623777,50,0,C
0,art,80,population,lasso,,0.3463860690637057,0.6837564576332503,0.6692933798909327,50,0,C
0,art,80,identity,lasso,48.97622551113078,0.7428641010205604,0.7636377624264435,0.7802904231649636,50,0,C
0,art,80,pca,lasso,6.999984412524276,0.7961156647197772,0.806182171990346,0.8092227679809921,50,0,C
0,art,80,emotion,lasso,6.999876515801107,0.5302581520446333,0.5800974458782453,0.5641582096227302,50,0,C
0,art,85,population,lasso,,0.047278400055445535,0.01661762040951794,0.08824923961932185,50,0,C
0,art,85,identity,lasso,48.97687483756964,0.38269554144161083,0.3878461130441619,0.4083782252632479,50,0,C
0,art,85,pca,lasso,6.999984020753862,0.43201439221480176,0.5220575365962624,0.5477545827070759,50,0,C
0,art,85,emotion,lasso,6.999895152657305,0.02619458316069725,0.023630561132800737,0.0405952153994305,50,0,C
0,art,86,population,lasso,,0.398131696921942,0.6351343826170743,0.643665389278786,50,0,C
0,art,86,identity,lasso,48.97575194524822,0.5090027067054734,0.5493147484779063,0.5961258047235227,50,0,C
0,art,86,pca,lasso,6.999984695461699,0.3974706438001661,0.4599912649863053,0.4630401955178281,50,0,C
0,art,86,emotion,lasso,6.999887965616715,0.31049684179538306,0.4820507109093692,0.4805867253837353,50,0,C
0,art,98,population,lasso,,0.202111263935649,0.3866802881424239,0.3879868321891357,50,0,C
0,art,98,identity,lasso,48.97518249818629,0.3184516081629769,0.26059639049190503,0.32834047427476876,50,0,C
0,art,98,pca,lasso,6.999983837441452,0.39775673841265347,0.42113401936123257,0.4190979685026003,50,0,C
0,art,98,emotion,lasso,6.9998958680328505,0.1878808804076572,0.19065383741681272,0.19850653473538615,50,0,C
0,art,99,population,lasso,,0.4712366498744009,0.7175395719798754,0.731849245974576,50,0,C
0,art,99,identity,lasso,48.97604479504994,0.653371803767041,0.6817378886443417,0.6801762154474873,50,0,C
0,art,99,pca,lasso,6.99998430390932,0.6750755732181929,0.6979628034802552,0.7077010403414499,50,0,C
0,art,99,emotion,lasso,6.999875557322283,0.6485342283912255,0.6560403438892571,0.6665131867098074,50,0,C
0,art,105,population,lasso,,0.19539536554335737,0.2579347676457762,0.25176478727640533,50,0,C
0,art,105,identity,lasso,48.97698098847605,0.19826982626008618,0.23766172098820026,0.2306207259101458,50,0,C
0,art,105,pca,lasso,6.999984885036152,0.15381404757674316,0.22404697887012234,0.18435469433392235,50,0,C
0,art,105,emotion,lasso,6.9999113940886595,0.13890207189189452,0.2659843597009902,0.2289981244177061,50,0,C
0,art,109,population,lasso,,0.36351336096781284,0.4497326599499079,0.47881967156644123,50,0,C
0,art,109,identity,lasso,48.97545820894657,0.4028712536532949,0.41748595751991113,0.4485182635423766,50,0,C
0,art,109,pca,lasso,6.999984418099788,0.32996687970847893,0.3306172897493076,0.35056377476631106,50,0,C
0,art,109,emotion,lasso,6.999867531195805,0.30721987621555963,0.39075713666741774,0.3763261889328573,50,0,C
0,art,110,population,lasso,,0.3220496067491026,0.4865427806559464,0.5087595812214964,50,0,C
0,art,110,identity,lasso,48.976196506476846,0.3426333798435624,0.4148049562161808,0.3846238033395515,50,0,C
0,art,110,pca,lasso,6.999982267255077,0.3863519761868615,0.43669629805811505,0.4420419991139142,50,0,C
0,art,110,emotion,lasso,6.9998430443211435,0.43391565930834936,0.50000646977,0.5235962950542519,50,0,C
0,art,116,population,lasso,,0.36766002758745114,0.5825308081123058,0.5988767191502403,50,0,C
0,art,116,identity,lasso,48.97571657197598,0.531954009389011,0.5496966144981157,0.552218128357798,50,0,C
0,art,116,pca,lasso,6.999983997514884,0.554965679748851,0.561143397592971,0.57663685947554,50,0,C
0,art,116,emotion,lasso,6.999905335340681,0.561711802054531,0.628217530113702,0.6352193740924003,50,0,C
0,art,117,population,lasso,,0.4300957843084696,0.7340510690551971,0.7427844449451173,50,0,C
0,art,117,identity,lasso,48.97551410979898,0.28541698216336286,0.3614415346695783,0.40510077033248054,50,0,C
0,art,117,pca,lasso,6.999983969761147,0.4182350789279294,0.5348394249975776,0.49871554557745384,50,0,C
0,art,117,emotion,lasso,6.999878476572411,0.5941728672169537,0.7238627184370549,0.7401318516489119,50,0,C
0,art,126,population,lasso,,0.38637649658734474,0.47267040866740073,0.4782998609015313,50,0,C
0,art,126,identity,lasso,48.97460251696737,0.364360962975643,0.4383525675381113,0.45238576339569553,50,0,C
0,art,126,pca,lasso,6.999984035756161,0.37453852021701106,0.4200365892022495,0.4738651596675368,50,0,C
0,art,126,emotion,lasso,6.999868735072877,0.37241653551888726,0.39497521024269666,0.4423738587133953,50,0,C
0,art,127,population,lasso,,0.252174374800148,0.45159857309690626,0.4895661146221735,50,0,C
0,art,127,identity,lasso,48.975971837633395,0.5188812368154532,0.5208374720037556,0.5760387340716852,50,0,C
0,art,127,pca,lasso,6.999984194386634,0.5427017909918398,0.5782012372922793,0.5957869215656635,50,0,C
0,art,127,emotion,lasso,6.999839414649038,0.5821865534900617,0.5837462377008363,0.6147593551526022,50,0,C
0,art,136,population,lasso,,0.36244528725877473,0.3371409319202754,0.3803233566306861,50,0,C
0,art,136,identity,lasso,48.9755543612892,0.4519045924786366,0.4881154268199257,0.49820119480447334,50,0,C
0,art,136,pca,lasso,6.9999843389044045,0.47419879641931467,0.47163581646116104,0.4993761243578558,50,0,C
0,art,136,emotion,lasso,6.999884459250697,0.31022074168531844,0.29854674766071687,0.33052200913525165,50,0,C
0,art,144,population,lasso,,0.1756245052601044,0.6770972883882282,0.6817389780652593,50,0,C
0,art,144,identity,lasso,48.97672978589429,0.6279048376945062,0.6502606061249994,0.6398693723273686,50,0,C
0,art,144,pca,lasso,6.999983356857801,0.4562972326222473,0.4500990444314149,0.4619652748086707,50,0,C
0,art,144,emotion,lasso,6.999892916697194,0.6495817249633574,0.6281565338044561,0.6739940371426688,50,0,C
0,fashion,3,population,lasso,,0.2396605581041413,0.4839319071524737,0.4956097398022119,50,0,C
0,fashion,3,identity,lasso,48.95211212288466,0.38716895919761274,0.46431103736314433,0.49546734072273496,50,0,C
0,fashion,3,pca,lasso,6.958683191718147,0.28720280836764295,0.4345824467732514,0.47448593379047255,50,0,C
0,fashion,3,emotion,lasso,6.853992153601892,0.33500686499016563,0.3961334696103233,0.44358640824735524,50,0,C
0,fashion,14,population,lasso,,0.228066268152598,0.4560145842561296,0.5475740518544311,50,0,C
0,fashion,14,identity,lasso,48.95386454510202,0.41221935136835036,0.5497612826564043,0.5808593178945386,50,0,C
0,fashion,14,pca,lasso,6.9561087552424885,0.335266649424746,0.5699445686922937,0.6010555181078149,50,0,C
0,fashion,14,emotion,lasso,6.898493149119645,0.4205811954019845,0.47634519354775545,0.5620067026989621,50,0,C
0,fashion,15,population,lasso,,-0.0035331340501664537,-0.0264934171617345,-0.007926371612955485,50,0,C
0,fashion,15,identity,lasso,48.95206035707808,0.008711819649911497,0.00010835753440382209,0.009890132134071914,50,0,C
0,fashion,15,pca,lasso,6.956700337141924,0.005058881557011771,-0.0065014520642293246,0.0056819844669372625,50,0,C
0,fashion,15,emotion,lasso,6.850015731729414,0.00594143111177224,0.0036841561697299515,0.009790968597434052,50,0,C
0,fashion,19,population,lasso,,0.3114006469586485,0.3881165033055951,0.4585400395299601,50,0,C
0,fashion,19,identity,lasso,48.95260177258476,0.32691422655063124,0.4044968696413525,0.47150645037207456,50,0,C
0,fashion,19,pca,lasso,6.96000902271329,0.3250024611370008,0.4245976977316036,0.48032629858686166,50,0,C
0,fashion,19,emotion,lasso,6.917412049968895,0.2774139256245438,0.38894327258437145,0.38742132176748156,50,0,C
0,fashion,21,population,lasso,,0.09668405940407297,0.14585631970193683,0.1786397776636118,50,0,C
0,fashion,21,identity,lasso,48.95386747365965,0.24532573791052203,0.22755000482768387,0.30644821641402087,50,0,C
0,fashion,21,pca,lasso,6.954095696721448,0.13801900001985676,0.18723364073965285,0.23074760786245332,50,0,C
0,fashion,21,emotion,lasso,6.906204543158196,0.11184277263153972,0.11246143666661285,0.18568299785220277,50,0,C
0,fashion,22,population,lasso,,0.16015398905354156,0.4079398013921249,0.38454690542816017,50,0,C
0,fashion,22,identity,lasso,48.95278407599795,0.14031862300339437,0.17531176411080923,0.1839069862032169,50,0,C
0,fashion,22,pca,lasso,6.957310504220175,0.3548673166531959,0.46164943832571165,0.4652979787184853,50,0,C
0,fashion,22,emotion,lasso,6.872138040835625,0.24354980051438527,0.2746892139362026,0.3018542755548776,50,0,C
0,fashion,30,population,lasso,,0.194648689746304,0.38992434587068125,0.3596195521420531,50,0,C
0,fashion,30,identity,lasso,48.953414915153324,0.27400436022743196,0.39116503680192305,0.40717323184572446,50,0,C
0,fashion,30,pca,lasso,6.955647565013286,0.22182043985022154,0.4116612509860381,0.4132593730898161,50,0,C
0,fashion,30,emotion,lasso,6.927833914741295,0.4564249886572101,0.544663318815162,0.5426761847994446,50,0,C
0,fashion,50,population,lasso,,0.03787796534901183,0.019838618926909843,0.0640800836267629,50,0,C
0,fashion,50,identity,lasso,48.95117081665392,0.06262650329499374,0.057920257403230084,0.0916769017837504,50,0,C
0,fashion,50,pca,lasso,6.957726517860498,0.04302455520464055,-0.010584142537413025,0.06236743039958197,50,0,C
0,fashion,50,emotion,lasso,6.903469371679708,0.02982934656941799,0.04191107698231892,0.07819842305682105,50,0,C
0,fashion,57,population,lasso,,0.07920419255406654,0.20213833560044592,0.14455378707669053,50,0,C
0,fashion,57,identity,lasso,48.951335741299495,0.14348768259644348,0.24358805048480703,0.23497853483649983,50,0,C
0,fashion,57,pca,lasso,6.958262315079136,0.12408887599293576,0.2459625048866509,0.18485828322032558,50,0,C
0,fashion,57,emotion,lasso,6.901340339640064,0.11947168397068197,0.26299663429118286,0.20118202158067344,50,0,C
0,fashion,62,population,lasso,,0.14397859756846207,0.29439797253124367,0.2800335864237131,50,0,C
0,fashion,62,identity,lasso,48.952726970637435,0.19995521084212356,0.23709206360685633,0.26128572324865446,50,0,C
0,fashion,62,pca,lasso,6.959137355560023,0.10788529783127901,0.2349641239835846,0.19150848216230262,50,0,C
0,fashion,62,emotion,lasso,6.902122100350756,0.15027557550729062,0.25569916356848815,0.20342760526424103,50,0,C
0,fashion,63,population,lasso,,0.14940974929720172,0.18998589373809346,0.2378652494280946,50,0,C
0,fashion,63,identity,lasso,48.95238913628212,0.17645077109219393,0.20451951494676465,0.26063365390739485,50,0,C
0,fashion,63,pca,lasso,6.9566048685336535,0.19546452069154227,0.27464049149994113,0.2838956325254935,50,0,C
0,fashion,63,emotion,lasso,6.863793028735049,0.09858516342025209,0.1259580504751503,0.17975811657898805,50,0,C
0,fashion,79,population,lasso,,0.4381951747783783,0.4553763346583937,0.5367848430143122,50,0,C
0,fashion,79,identity,lasso,48.95343259638644,0.4171957235717226,0.4796589741710586,0.5540122651766697,50,0,C
0,fashion,79,pca,lasso,6.95718354922985,0.3913897625485588,0.43304040464252475,0.5264666782893213,50,0,C
0,fashion,79,emotion,lasso,6.919151941978421,0.377111724976403,0.38534602197102463,0.467999213832023,50,0,C
0,fashion,80,population,lasso,,0.1371169223818804,0.2796556776962023,0.2862229815809446,50,0,C
0,fashion,80,identity,lasso,48.95216157885556,0.1150257090997655,0.17380035383148626,0.18371986905917725,50,0,C
0,fashion,80,pca,lasso,6.958157629306389,0.10754816920573221,0.22183636493830286,0.23769321875379842,50,0,C
0,fashion,80,emotion,lasso,6.870207007241339,0.20944746859334168,0.27241603447440105,0.3077695003559781,50,0,C
0,fashion,85,population,lasso,,0.24003265423921621,0.3949097365807394,0.41386976703149986,50,0,C
0,fashion,85,identity,lasso,48.95065141097079,0.2274474196992266,0.3250433601264029,0.3489928252653994,50,0,C
0,fashion,85,pca,lasso,6.958699274146983,0.2535365580748607,0.42475413524912947,0.42092642225305643,50,0,C
0,fashion,85,emotion,lasso,6.911265064447566,0.29523085933388804,0.42101743953447107,0.42841118064298256,50,0,C
0,fashion,86,population,lasso,,0.06894700156271862,0.1258841896009291,0.15462295231988998,50,0,C
0,fashion,86,identity,lasso,48.95318008968651,-0.003994881651074835,0.04097740512049321,-0.005931064376937526,50,0,C
0,fashion,86,pca,lasso,6.955240450426582,0.130660886828064,0.18582427670025856,0.20551872072065716,50,0,C
0,fashion,86,emotion,lasso,6.869097743664563,0.012381930826975062,0.04828229052658846,0.04511911992353196,50,0,C
0,fashion,98,population,lasso,,0.1501533178962835,0.29205914624811036,0.3262209613528578,50,0,C
0,fashion,98,identity,lasso,48.952220840735045,0.2846543053776064,0.34875298051980236,0.3901101017796732,50,0,C
0,fashion,98,pca,lasso,6.957542148980836,0.1521352461834879,0.3042814533768127,0.32734797495951956,50,0,C
0,fashion,98,emotion,lasso,6.9139365302493845,0.24949185402787855,0.35022554764374236,0.36403037454227416,50,0,C
0,fashion,99,population,lasso,,0.23612794513757815,0.4179914088845003,0.43925436245729843,50,0,C
0,fashion,99,identity,lasso,48.949534005429264,0.44520446193770635,0.5356678463130716,0.5660025171438504,50,0,C
0,fashion,99,pca,lasso,6.9586006994286445,0.3704649348341004,0.5201866830210531,0.5333342653450978,50,0,C
0,fashion,99,emotion,lasso,6.861725288364863,0.35764772616090573,0.41319028862305157,0.4444935679351006,50,0,C
0,fashion,105,population,lasso,,0.050754248107858245,0.06910712486382817,0.10191217832226677,50,0,C
0,fashion,105,identity,lasso,48.95176611501156,0.05467191721254117,0.03442197993978951,0.0686813430500621,50,0,C
0,fashion,105,pca,lasso,6.9587082898475,0.08063450601792954,0.06394909117254471,0.10848531485736958,50,0,C
0,fashion,105,emotion,lasso,6.9057825802797685,0.03399444606089319,0.032948256027994234,0.04378330420493498,50,0,C
0,fashion,109,population,lasso,,0.35344070422277435,0.47583050850171443,0.5518199729279372,50,0,C
0,fashion,109,identity,lasso,48.95320391925784,0.32876610754936403,0.4342776845430982,0.4860495361988411,50,0,C
0,fashion,109,pca,lasso,6.955481737089987,0.3289888779481621,0.47902298156194956,0.5456339452724327,50,0,C
0,fashion,109,emotion,lasso,6.8859003817887015,0.2924878990176458,0.46701320195439827,0.4669190112529967,50,0,C
0,fashion,110,population,lasso,,0.2792929848439288,0.35576561654859573,0.39240457996816147,50,0,C
0,fashion,110,identity,lasso,48.95107531548465,0.28361026877949486,0.35091880969393086,0.3686511517466162,50,0,C
0,fashion,110,pca,lasso,6.954494797627059,0.24546657818696707,0.3448727928958437,0.3776607677208519,50,0,C
0,fashion,110,emotion,lasso,6.842255364991568,0.19784419854061988,0.3444730562480363,0.3641768971500748,50,0,C
0,fashion,116,population,lasso,,0.18504161756017745,0.25824586907985814,0.33243124401410473,50,0,C
0,fashion,116,identity,lasso,48.95338403085788,0.23350572684614887,0.2996617110654174,0.37434469238578494,50,0,C
0,fashion,116,pca,lasso,6.959198203705203,0.25435859797507815,0.24281545222358794,0.3599593313758784,50,0,C
0,fashion,116,emotion,lasso,6.886318379967697,0.10803795320877878,0.23824161530527982,0.3479292030849659,50,0,C
0,fashion,117,population,lasso,,0.33941408932361694,0.4563161878946497,0.5323407193592141,50,0,C
0,fashion,117,identity,lasso,48.95499665229986,0.3213847125200627,0.4327439561375629,0.48418904217506753,50,0,C
0,fashion,117,pca,lasso,6.956601348879751,0.34155937429910577,0.4796873771634031,0.5426682926647014,50,0,C
0,fashion,117,emotion,lasso,6.873443376737495,0.4326781871478996,0.4878295979409043,0.5414207298467222,50,0,C
0,fashion,126,population,lasso,,0.25265189808126404,0.29904893017068673,0.42293721357039643,50,0,C
0,fashion,126,identity,lasso,48.95198901352767,0.285773642868268,0.19564273469499943,0.3659134441531227,50,0,C
0,fashion,126,pca,lasso,6.957594861868093,0.2703548132521994,0.2418106472213505,0.40545144914995546,50,0,C
0,fashion,126,emotion,lasso,6.901321980788272,0.40077221181072165,0.3205939560163173,0.47861436651094863,50,0,C
0,fashion,127,population,lasso,,0.21000503569906825,0.4848026866646597,0.46578442555141464,50,0,C
0,fashion,127,identity,lasso,48.952158038321286,0.3949258357041542,0.5917943019808648,0.5718430401384795,50,0,C
0,fashion,127,pca,lasso,6.954758636694128,0.2908758198208604,0.5497443374672415,0.5164234469609565,50,0,C
0,fashion,127,emotion,lasso,6.856414341504584,0.3349512389880373,0.4628443523917746,0.44239271919975987,50,0,C
0,fashion,136,population,lasso,,0.23656803616125155,0.48993497500706024,0.4390064571819795,50,0,C
0,fashion,136,identity,lasso,48.951969968751214,0.33756996001465617,0.574460654584227,0.5132166184612172,50,0,C
0,fashion,136,pca,lasso,6.957874166742621,0.23424411417604765,0.49709733671238027,0.4619533648692783,50,0,C
0,fashion,136,emotion,lasso,6.909052220900618,0.31999503995074036,0.47301021618284517,0.4689828609519535,50,0,C
0,fashion,144,population,lasso,,0.14790552710757238,0.5312154686982553,0.4816150838318414,50,0,C
0,fashion,144,identity,lasso,48.95205628946871,0.3341102456848736,0.5784526423292804,0.5159002414191695,50,0,C
0,fashion,144,pca,lasso,6.957942197401592,0.2958758604319926,0.5397303240308864,0.4847362772220428,50,0,C
0,fashion,144,emotion,lasso,6.903712315068503,0.3729934656023982,0.5331921315433303,0.4881562183290459,50,0,C
0,landscape,3,population,lasso,,0.3448955132426263,0.44292704991572074,0.48320410453515256,50,0,C
0,landscape,3,identity,lasso,47.4740702090574,0.35353013524047433,0.4202267308483336,0.47825357347590186,50,0,C
0,landscape,3,pca,lasso,5.692445474885867,0.35353013524047433,0.4202267308483336,0.47825357347590186,50,0,C
0,landscape,3,emotion,lasso,6.85053120131499,0.31947154196731703,0.4263326735042035,0.4852183310444606,50,0,C
0,landscape,14,population,lasso,,0.18480756534515524,0.29691948686618713,0.35203935682653054,50,0,C
0,landscape,14,identity,lasso,47.4247019222043,0.26227285225685887,0.3538744936123055,0.3749373810002837,50,0,C
0,landscape,14,pca,lasso,5.683067697538554,0.26227285225685887,0.3538744936123055,0.3749373810002837,50,0,C
0,landscape,14,emotion,lasso,6.836144700487614,0.262228324276967,0.35699735299003,0.37518292893696314,50,0,C
0,landscape,15,population,lasso,,0.026356530512429355,-0.015203040912304105,0.041834676634250695,50,0,C
0,landscape,15,identity,lasso,47.31585895456199,0.059241925134722685,0.0440088026408803,0.05947017723732268,50,0,C
0,landscape,15,pca,lasso,5.729028363327902,0.059241925134722685,0.0440088026408803,0.05947017723732268,50,0,C
0,landscape,15,emotion,lasso,6.784703963895704,0.02766147644099968,0.019203841152384136,0.044956594775055196,50,0,C
0,landscape,19,population,lasso,,0.42885526482768843,0.52642917402806,0.5552009474242197,50,0,C
0,landscape,19,identity,lasso,47.27223850469905,0.41827043524952356,0.49608972073630253,0.5287612790220294,50,0,C
0,landscape,19,pca,lasso,5.751441642263488,0.41827043524952356,0.49608972073630253,0.5287612790220294,50,0,C
0,landscape,19,emotion,lasso,6.832357675389264,0.41234934788237826,0.5055088320523711,0.5433501322994939,50,0,C
0,landscape,21,population,lasso,,0.11046705635315561,0.1660919411874004,0.18480548735998692,50,0,C
0,landscape,21,identity,lasso,47.39491452704922,0.1200568839598375,0.12965951418415453,0.15518443699369924,50,0,C
0,landscape,21,pca,lasso,5.759243521639139,0.1200568839598375,0.12965951418415453,0.15518443699369924,50,0,C
0,landscape,21,emotion,lasso,6.872363907690494,0.25163949270664865,0.44632218450688754,0.4040484497314894,50,0,C
0,landscape,22,population,lasso,,0.254212730362863,0.39218738681460996,0.42894532192414014,50,0,C
0,landscape,22,identity,lasso,47.39125603135073,0.26862087971044696,0.42893972209403025,0.45436344534623063,50,0,C
0,landscape,22,pca,lasso,5.688309260034489,0.26862087971044696,0.42893972209403025,0.45436344534623063,50,0,C
0,landscape,22,emotion,lasso,6.737910752299167,0.3390078602416839,0.43322911931497066,0.46246140229062604,50,0,C
0,landscape,30,population,lasso,,0.14203834313442326,0.3563423195503324,0.39636135469463946,50,0,C
0,landscape,30,identity,lasso,47.48013324827361,0.2964714771154001,0.34063909868879233,0.3896706084734331,50,0,C
0,landscape,30,pca,lasso,5.757740781334503,0.2964714771154001,0.34063909868879233,0.3896706084734331,50,0,C
0,landscape,30,emotion,lasso,6.817664689642896,0.34952611544158463,0.3733541421503341,0.426860157132401,50,0,C
0,landscape,50,population,lasso,,0.4288059074072296,0.46569940152887784,0.44369237168243364,50,0,C
0,landscape,50,identity,lasso,47.37389350745465,0.3876953218168958,0.4285102562543662,0.3956111644359935,50,0,C
0,landscape,50,pca,lasso,5.7096308275567855,0.3876953218168958,0.4285102562543662,0.3956111644359935,50,0,C
0,landscape,50,emotion,lasso,6.786915792158488,0.3814795449353415,0.4275081535373883,0.40174750587102626,50,0,C
0,landscape,57,population,lasso,,0.41016726189702757,0.4436189666426193,0.4769133787765763,50,0,C
0,landscape,57,identity,lasso,47.33904441841936,0.40659818629529043,0.4576892729123634,0.46869640459532397,50,0,C
0,landscape,57,pca,lasso,5.74579214747215,0.40659818629529043,0.4576892729123634,0.46869640459532397,50,0,C
0,landscape,57,emotion,lasso,6.837768050796797,0.316147668132884,0.42555937813547656,0.46866349307652844,50,0,C
0,landscape,62,population,lasso,,0.2694307206433346,0.32396575300016667,0.41282657345755697,50,0,C
0,landscape,62,identity,lasso,47.365555326124074,0.2892858874914498,0.3328721989818945,0.4257793203673271,50,0,C
0,landscape,62,pca,lasso,5.769318203357426,0.2892858874914498,0.3328721989818945,0.4257793203673271,50,0,C
0,landscape,62,emotion,lasso,6.866209795094763,0.34150875211170945,0.3656120953840001,0.44586868628761933,50,0,C
0,landscape,63,population,lasso,,0.1897986699421688,0.23574569961102546,0.25528033903025105,50,0,C
0,landscape,63,identity,lasso,47.397831702713816,0.17983444863504844,0.15606137940054732,0.20942780452785179,50,0,C
0,landscape,63,pca,lasso,5.735882167433819,0.17983444863504844,0.15606137940054732,0.20942780452785179,50,0,C
0,landscape,63,emotion,lasso,6.819743488584765,0.03365019682845583,0.005270947251276763,0.06206964986281285,50,0,C
0,landscape,79,population,lasso,,0.32025279162201764,0.38623840975809987,0.3372182769575017,50,0,C
0,landscape,79,identity,lasso,47.41620942221925,0.3302674890438641,0.39045987935604964,0.34657070928383565,50,0,C
0,landscape,79,pca,lasso,5.725626596666432,0.3302674890438641,0.39045987935604964,0.34657070928383565,50,0,C
0,landscape,79,emotion,lasso,6.846842538196338,0.2406610309412126,0.3746163391365837,0.3477474655124336,50,0,C
0,landscape,80,population,lasso,,0.3783660371216927,0.6219887192616687,0.6127269536066563,50,0,C
0,landscape,80,identity,lasso,47.32602001370606,0.3861102135922195,0.6390763214391869,0.6394933438908444,50,0,C
0,landscape,80,pca,lasso,5.717193034715947,0.3861102135922195,0.6390763214391869,0.6394933438908444,50,0,C
0,landscape,80,emotion,lasso,6.716112567188592,0.6433682711003474,0.7408696086966892,0.7266794631504806,50,0,C
0,landscape,85,population,lasso,,0.15305364417031042,0.32968076798300683,0.27259720015649613,50,0,C
0,landscape,85,identity,lasso,47.317123128507916,0.15571407945858085,0.28142864025522574,0.24176611822476293,50,0,C
0,landscape,85,pca,lasso,5.752657579923603,0.15571407945858085,0.28142864025522574,0.24176611822476293,50,0,C
0,landscape,85,emotion,lasso,6.850550664671767,0.32764394878354747,0.46473619983259723,0.4588758458430694,50,0,C
0,landscape,86,population,lasso,,0.4826990294301457,0.5760048836012421,0.5869740778170492,50,0,C
0,landscape,86,identity,lasso,47.37390335738131,0.45421265368446767,0.5661481155396166,0.5608318112886185,50,0,C
0,landscape,86,pca,lasso,5.73235330137405,0.45421265368446767,0.5661481155396166,0.5608318112886185,50,0,C
0,landscape,86,emotion,lasso,6.796391527560502,0.40531738325751404,0.5598336235001378,0.5652612866200113,50,0,C
0,landscape,98,population,lasso,,0.2543413865960296,0.4813021996014399,0.4971169749464332,50,0,C
0,landscape,98,identity,lasso,47.32742869658414,0.30748960909107365,0.45585912831371556,0.4873060298909094,50,0,C
0,landscape,98,pca,lasso,5.697239720019656,0.30748960909107365,0.45585912831371556,0.4873060298909094,50,0,C
0,landscape,98,emotion,lasso,6.822120808501198,0.3601403865590525,0.6159487045206158,0.5805998990682467,50,0,C
0,landscape,99,population,lasso,,0.4216021634512566,0.6297973391006445,0.5981395537392994,50,0,C
0,landscape,99,identity,lasso,47.2270554384009,0.4121370153227191,0.5972367873353108,0.5716066038058327,50,0,C
0,landscape,99,pca,lasso,5.739550746387514,0.4121370153227191,0.5972367873353108,0.5716066038058327,50,0,C
0,landscape,99,emotion,lasso,6.757881609505801,0.46354500669134063,0.5912722418167362,0.5578473175189024,50,0,C
0,landscape,105,population,lasso,,0.21605458753338982,0.2985363507921056,0.308966821818077,50,0,C
0,landscape,105,identity,lasso,47.4824279110437,0.21782623070945967,0.3466486152749521,0.3480109905269857,50,0,C
0,landscape,105,pca,lasso,5.744507777698829,0.21782623070945967,0.3466486152749521,0.3480109905269857,50,0,C
0,landscape,105,emotion,lasso,6.875863872214717,0.1812947560350756,0.2994875818276666,0.36172155817702195,50,0,C
0,landscape,109,population,lasso,,0.28969140276328526,0.35176698851476623,0.38720975203896635,50,0,C
0,landscape,109,identity,lasso,47.50789824711413,0.3054214965703339,0.39361547465550634,0.420464997921782,50,0,C
0,landscape,109,pca,lasso,5.746450918151695,0.3054214965703339,0.39361547465550634,0.420464997921782,50,0,C
0,landscape,109,emotion,lasso,6.795800199939168,0.3381589655722353,0.41443984067064793,0.4432067466382477,50,0,C
0,landscape,110,population,lasso,,0.5694278458742879,0.6889092464580163,0.6714799388543822,50,0,C
0,landscape,110,identity,lasso,47.29996748518777,0.5692621080876876,0.6773190828499889,0.6672551747155864,50,0,C
0,landscape,110,pca,lasso,5.782867131595965,0.5692621080876876,0.6773190828499889,0.6672551747155864,50,0,C
0,landscape,110,emotion,lasso,6.808618427559799,0.6615961036128554,0.7462553603099088,0.7130008407272085,50,0,C
0,landscape,116,population,lasso,,0.25986710116304146,0.46095150591506956,0.5476359458276486,50,0,C
0,landscape,116,identity,lasso,47.39131324529245,0.31814030773349744,0.4440688781687301,0.48306032162032425,50,0,C
0,landscape,116,pca,lasso,5.741509461076974,0.31814030773349744,0.4440688781687301,0.48306032162032425,50,0,C
0,landscape,116,emotion,lasso,6.8058553230972745,0.3107378388657961,0.4140553177307933,0.4901235681681209,50,0,C
0,landscape,117,population,lasso,,0.4656355165710192,0.574185554388335,0.5587140675973662,50,0,C
0,landscape,117,identity,lasso,47.3246051328975,0.4477508051000001,0.5510243654029895,0.546489195742208,50,0,C
0,landscape,117,pca,lasso,5.7476115766538065,0.4477508051000001,0.5510243654029895,0.546489195742208,50,0,C
0,landscape,117,emotion,lasso,6.8422846467378005,0.49925646443564803,0.5863464401083093,0.5644300753654342,50,0,C
0,landscape,126,population,lasso,,0.18768415913392356,0.25383490832551775,0.27899300758697365,50,0,C
0,landscape,126,identity,lasso,47.285194748749994,0.19368284688720933,0.24164174956309015,0.27305944187678594,50,0,C
0,landscape,126,pca,lasso,5.752278519271427,0.19368284688720933,0.24164174956309015,0.27305944187678594,50,0,C
0,landscape,126,emotion,lasso,6.797907605031259,0.22523107711831633,0.22979414590729,0.26214679931671814,50,0,C
0,landscape,127,population,lasso,,0.24239028435349758,0.3489802678615658,0.36897565034512747,50,0,C
0,landscape,127,identity,lasso,47.33844494198669,0.25926958438059566,0.32341412693264027,0.3679794777721591,50,0,C
0,landscape,127,pca,lasso,5.718381492331879,0.25926958438059566,0.32341412693264027,0.3679794777721591,50,0,C
0,landscape,127,emotion,lasso,6.793059605312971,0.3097479558673072,0.2975058005610715,0.34248519181853904,50,0,C
0,landscape,136,population,lasso,,0.3689590397277982,0.4990803251280403,0.5541034511870291,50,0,C
0,landscape,136,identity,lasso,47.45456415494053,0.40054554789207075,0.46615800938636076,0.5099188308840884,50,0,C
0,landscape,136,pca,lasso,5.799475197367973,0.40054554789207075,0.46615800938636076,0.5099188308840884,50,0,C
0,landscape,136,emotion,lasso,6.822877222332645,0.394826342276814,0.45616641128569935,0.5270293127815471,50,0,C
0,landscape,144,population,lasso,,0.24984155125404472,0.5632856653392488,0.5584265390696966,50,0,C
0,landscape,144,identity,lasso,47.42450085091218,0.47109484048565503,0.5826065383704071,0.5703891407640798,50,0,C
0,landscape,144,pca,lasso,5.698492584194322,0.47109484048565503,0.5826065383704071,0.5703891407640798,50,0,C
0,landscape,144,emotion,lasso,6.8372215490273245,0.4674289072130645,0.5514670461978488,0.5553828390853475,50,0,C
1,art,5,population,lasso,,0.1037767326088451,0.20800207446364047,0.20058738436729118,50,0,C
1,art,5,identity,lasso,48.95141763912725,0.22444404440077131,0.25639251276205016,0.26816058874940624,50,0,C
1,art,5,pca,lasso,6.978259349573097,0.20543996443855034,0.2855803961801386,0.2752662386782399,50,0,C
1,art,5,emotion,lasso,6.938605114479533,0.14266945981598486,0.21174017181367635,0.2312312372346387,50,0,C
1,art,6,population,lasso,,0.483222635256224,0.6943809093714995,0.6605410388540316,50,0,C
1,art,6,identity,lasso,48.95179995144981,0.599690535963861,0.7280378901144096,0.6802257540960063,50,0,C
1,art,6,pca,lasso,6.978557759772466,0.5241144099528708,0.61335484462005,0.5736231317056102,50,0,C
1,art,6,emotion,lasso,6.940342126380007,0.6531004089662223,0.7078935638623568,0.6872607463921183,50,0,C
1,art,16,population,lasso,,0.26333704164463034,0.47110996554910367,0.4716768219784439,50,0,C
1,art,16,identity,lasso,48.95261327808099,0.37581615855915207,0.442588871701828,0.4761262333673707,50,0,C
1,art,16,pca,lasso,6.978244172528394,0.36885017030402834,0.5428758632297702,0.5609775762448624,50,0,C
1,art,16,emotion,lasso,6.9336441106634075,0.309877641083374,0.4350807546890408,0.4499769471558649,50,0,C
1,art,17,population,lasso,,0.09829137735557514,0.11852528135453723,0.11833261397452752,50,0,C
1,art,17,identity,lasso,48.951087277582054,0.08156077257579855,0.09093157459345606,0.09883742341028925,50,0,C
1,art,17,pca,lasso,6.980512400361912,0.24894155019452227,0.2737276071050311,0.2980513554078657,50,0,C
1,art,17,emotion,lasso,6.935336168091625,0.0869071457910169,0.12608654619654167,0.1165523341662175,50,0,C
1,art,23,population,lasso,,0.10287434410490688,0.126978898796567,0.15107175374091217,50,0,C
1,art,23,identity,lasso,48.94997634639928,0.15050470591905882,0.23579686206757855,0.2030337046313535,50,0,C
1,art,23,pca,lasso,6.979607731129965,0.1467871583003339,0.2453941044184819,0.274103412635599,50,0,C
1,art,23,emotion,lasso,6.936197502112031,0.2191042930418586,0.34742017310270024,0.39811476033500975,50,0,C
1,art,35,population,lasso,,0.09049305837033318,0.09559052126134217,0.11309259312163514,50,0,C
1,art,35,identity,lasso,48.94984564533084,0.26597160336054243,0.3248201354965564,0.31329051330413205,50,0,C
1,art,35,pca,lasso,6.97897502593437,0.16153653660529188,0.19795681556738143,0.19287809914817144,50,0,C
1,art,35,emotion,lasso,6.918516739186814,0.12579505515116263,0.19717499560068563,0.14675771892939893,50,0,C
1,art,39,population,lasso,,0.5818047048095407,0.7729032388199801,0.7615346736247909,50,0,C
1,art,39,identity,lasso,48.950429418103035,0.6534031570996525,0.7215613719683835,0.7460265438664972,50,0,C
1,art,39,pca,lasso,6.977719717832322,0.6837999793828389,0.756152706970714,0.7741186168993159,50,0,C
1,art,39,emotion,lasso,6.910912079627079,0.719807061220403,0.748124345551835,0.7651569868599587,50,0,C
1,art,44,population,lasso,,0.34475775841090045,0.6332234910927498,0.6057773333309121,50,0,C
1,art,44,identity,lasso,48.95108059423039,0.5633044142998664,0.6667959438837766,0.6311164292390039,50,0,C
1,art,44,pca,lasso,6.979114406531872,0.5807270420405223,0.68080531315574,0.6411684177902239,50,0,C
1,art,44,emotion,lasso,6.909123145055687,0.6392139165567697,0.73949456371293,0.6951274833342477,50,0,C
1,art,51,population,lasso,,0.3380756062418948,0.49850794423731315,0.5424204391903584,50,0,C
1,art,51,identity,lasso,48.95160238432022,0.31803914087514346,0.44708773684873615,0.4463032142963732,50,0,C
1,art,51,pca,lasso,6.97767971792781,0.2548675711243439,0.43743730930092745,0.4372122966893906,50,0,C
1,art,51,emotion,lasso,6.945316152929392,0.3079820490271299,0.504015511474194,0.5103450597497888,50,0,C
1,art,64,population,lasso,,0.23994292567857933,0.39417597323384584,0.37849426484599313,50,0,C
1,art,64,identity,lasso,48.94749459806887,0.2899915768635758,0.3691867039873227,0.36126359545246955,50,0,C
1,art,64,pca,lasso,6.977991023792164,0.26450536341318787,0.3803922096415176,0.35506925543356466,50,0,C
1,art,64,emotion,lasso,6.934293295774837,0.24843432783789143,0.3911514783448817,0.3867197941828544,50,0,C
1,art,69,population,lasso,,0.320178861492273,0.3715686038816837,0.3601068179061596,50,0,C
1,art,69,identity,lasso,48.94974812217682,0.27955103381398,0.3214638252471856,0.31984498783374343,50,0,C
1,art,69,pca,lasso,6.9773574517832335,0.3234042653197064,0.38647954501840304,0.3724873052628867,50,0,C
1,art,69,emotion,lasso,6.926695195587189,0.26049342355068356,0.3606740778659661,0.36358766945616955,50,0,C
1,art,81,population,lasso,,0.3200695199650725,0.36426565665856053,0.44459683158927477,50,0,C
1,art,81,identity,lasso,48.95447423346543,0.36439214122571845,0.3359241499161346,0.42227788326163135,50,0,C
1,art,81,pca,lasso,6.97946027404631,0.3666560147780717,0.3498887832383117,0.42237686539306124,50,0,C
1,art,81,emotion,lasso,6.939682112218845,0.3559490022719458,0.37297422873032404,0.42753202196418866,50,0,C
1,art,92,population,lasso,,0.2616031963613058,0.32055125779816906,0.35485627635724076,50,0,C
1,art,92,identity,lasso,48.94915056268794,0.4264377883551059,0.49364304452282387,0.4938654134641976,50,0,C
1,art,92,pca,lasso,6.97892874594658,0.44368267896016755,0.5548757985783258,0.5464575829748248,50,0,C
1,art,92,emotion,lasso,6.905620964922743,0.32494795379385377,0.3869890414686536,0.38080257934253425,50,0,C
1,art,100,population,lasso,,0.3932995087600532,0.6218556820721224,0.6689240360835099,50,0,C
1,art,100,identity,lasso,48.95115053868633,0.5040903329185776,0.5540765976465277,0.6235612136334115,50,0,C
1,art,100,pca,lasso,6.978990660702829,0.5693177406983275,0.6249410735804829,0.6783776896978094,50,0,C
1,art,100,emotion,lasso,6.92364012023925,0.6375909485742766,0.6426571925639717,0.6772038195122317,50,0,C
1,art,101,population,lasso,,0.4624586855280736,0.6210253498479661,0.607448288518273,50,0,C
1,art,101,identity,lasso,48.95090562864876,0.5582856244717004,0.6003656187457745,0.5766073835245418,50,0,C
1,art,101,pca,lasso,6.9787707653494895,0.494322507833342,0.5487162909902957,0.542652326287902,50,0,C
1,art,101,emotion,lasso,6.9056376932017125,0.5166440575019882,0.6346443268183162,0.6160216242780082,50,0,C
1,art,106,population,lasso,,0.41709884315217277,0.4698877220064493,0.48159413496967896,50,0,C
1,art,106,identity,lasso,48.951396470097656,0.3414634982512269,0.40397130549228916,0.37068505479994857,50,0,C
1,art,106,pca,lasso,6.978814087516552,0.4296644519688262,0.5037285142642927,0.45131566844318083,50,0,C
1,art,106,emotion,lasso,6.929380221464611,0.34057361606630937,0.3976167006867925,0.3937263102319388,50,0,C
1,art,111,population,lasso,,0.4847764436046023,0.6674733323583324,0.6718124368546665,50,0,C
1,art,111,identity,lasso,48.95224187820648,0.48493423953940934,0.5940040249850658,0.5790008377620475,50,0,C
1,art,111,pca,lasso,6.978489871028826,0.559658299042097,0.6479864966451285,0.6732568893777982,50,0,C
1,art,111,emotion,lasso,6.932141666960562,0.5901682898476502,0.6451815733227733,0.6582640386361313,50,0,C
1,art,118,population,lasso,,0.42870213226719744,0.606527419128281,0.5725569719784899,50,0,C
1,art,118,identity,lasso,48.95181251776643,0.4722648615604678,0.6516768597436966,0.6295324673797382,50,0,C
1,art,118,pca,lasso,6.9772549073914085,0.48474976898794037,0.6423579354665634,0.6343247253849468,50,0,C
1,art,118,emotion,lasso,6.931447346443978,0.49687653744870164,0.6264111131741429,0.5793191477597234,50,0,C
1,art,119,population,lasso,,0.29205898226054905,0.5866268264183392,0.5974497046775648,50,0,C
1,art,119,identity,lasso,48.94913722028848,0.555108540622292,0.5874626872891054,0.5944533275887803,50,0,C
1,art,119,pca,lasso,6.9776072722263285,0.5613122127407683,0.6285182065296814,0.5887885827501554,50,0,C
1,art,119,emotion,lasso,6.916162523909545,0.4992844331420578,0.5256089828524051,0.5115782308580007,50,0,C
1,art,128,population,lasso,,0.4319131629926997,0.5187655838175419,0.5004581929086616,50,0,C
1,art,128,identity,lasso,48.95124931970674,0.4415634978928512,0.5643399450517301,0.5297096872994751,50,0,C
1,art,128,pca,lasso,6.9793383226344305,0.5236408981658951,0.6436563801149708,0.5859295044801949,50,0,C
1,art,128,emotion,lasso,6.948732615360567,0.37685203269118744,0.5875532885626532,0.5507867680233011,50,0,C
1,art,129,population,lasso,,0.25311268290735556,0.3484921597617948,0.37136710032998294,50,0,C
1,art,129,identity,lasso,48.95127162952955,0.31012252765061565,0.34603339578363385,0.3923094944933145,50,0,C
1,art,129,pca,lasso,6.978044160600903,0.3004928848092653,0.3606856219392054,0.3789865503505261,50,0,C
1,art,129,emotion,lasso,6.928473344889558,0.18617656006236163,0.3591300773815933,0.33530325587367565,50,0,C
1,art,137,population,lasso,,0.4509810198202609,0.49185315334558866,0.5180838994917955,50,0,C
1,art,137,identity,lasso,48.950383698117115,0.37448060127551874,0.3997749513062951,0.41265266725824995,50,0,C
1,art,137,pca,lasso,6.9786981080614785,0.527111803286749,0.6480599342438561,0.6243300096715789,50,0,C
1,art,137,emotion,lasso,6.92203134696854,0.44266609859391964,0.483322747707071,0.4948771612911643,50,0,C
1,fashion,5,population,lasso,,0.10434425504483583,0.17625792320213432,0.2055653195568114,50,0,C
1,fashion,5,identity,lasso,48.95134950350777,0.1597181811415999,0.11206225816666122,0.18471167116953127,50,0,C
1,fashion,5,pca,lasso,6.989529706862561,0.16444964201731743,0.10987437598340735,0.19007265822274497,50,0,C
1,fashion,5,emotion,lasso,6.606121232691508,0.199420470744778,0.22369761249268752,0.23355834325626001,50,0,C
1,fashion,6,population,lasso,,0.2573764756145742,0.37020982898773297,0.3920000643825106,50,0,C
1,fashion,6,identity,lasso,48.954405132141574,0.45703694006308515,0.5532055719111323,0.551005749806756,50,0,C
1,fashion,6,pca,lasso,6.989272644086008,0.3654273456191801,0.46366621690772364,0.4739682222774082,50,0,C
1,fashion,6,emotion,lasso,6.769940258264775,0.22595859273544489,0.3661421409589746,0.3889163875108808,50,0,C
1,fashion,16,population,lasso,,0.13869671192627342,0.2813874466680309,0.28283137551443116,50,0,C
1,fashion,16,identity,lasso,48.95367696802574,0.2759106544070014,0.29598405432829133,0.3290823942167557,50,0,C
1,fashion,16,pca,lasso,6.989526362561933,0.12003996297313851,0.14513616914365993,0.18802171138017826,50,0,C
1,fashion,16,emotion,lasso,6.675137781376614,0.20720355980930258,0.308627938555741,0.30194382894655225,50,0,C
1,fashion,17,population,lasso,,0.06445543911120204,0.022945540095059197,0.0923141745924332,50,0,C
1,fashion,17,identity,lasso,48.95118786704332,0.15329712407136906,0.17769576096657597,0.17296026862021463,50,0,C
1,fashion,17,pca,lasso,6.98957419529038,0.18804118818830884,0.15829250471107661,0.20457773132031137,50,0,C
1,fashion,17,emotion,lasso,6.746743192137164,0.12912768843752961,0.10304345079555387,0.1807857343842816,50,0,C
1,fashion,23,population,lasso,,0.18621660166344453,0.41793732732333905,0.4587549754248075,50,0,C
1,fashion,23,identity,lasso,48.95265990275335,0.4021596827753565,0.491003638411364,0.48406495323645937,50,0,C
1,fashion,23,pca,lasso,6.989868383937861,0.39965646411249495,0.43933461410620195,0.44571624931204046,50,0,C
1,fashion,23,emotion,lasso,6.720201051212626,0.32768622934233865,0.5322698343497426,0.5144082465506002,50,0,C
1,fashion,35,population,lasso,,0.1886786843744706,0.28170011791898236,0.24243866401815117,50,0,C
1,fashion,35,identity,lasso,48.942495012204176,0.104287594995862,0.16144459366407513,0.1361627345391316,50,0,C
1,fashion,35,pca,lasso,6.989066307702408,0.17803801873446776,0.14535187935973942,0.20510512823776525,50,0,C
1,fashion,35,emotion,lasso,6.733888062732031,0.20189128114703148,0.28433911608464507,0.252283837630645,50,0,C
1,fashion,39,population,lasso,,0.2797774039919956,0.3101432881353129,0.40149568536687646,50,0,C
1,fashion,39,identity,lasso,48.95234188265744,0.2934876034786003,0.35585124972813625,0.36580716917198575,50,0,C
1,fashion,39,pca,lasso,6.989980449118985,0.37066612273612715,0.3987556561739737,0.4258987368304879,50,0,C
1,fashion,39,emotion,lasso,6.759954356528678,0.31138797129007983,0.29187011619513703,0.37206767685305026,50,0,C
1,fashion,44,population,lasso,,0.14614705109456594,0.39976986297157413,0.3172065726089573,50,0,C
1,fashion,44,identity,lasso,48.953244276569166,0.2474250813785619,0.4040618707028641,0.3414950923505846,50,0,C
1,fashion,44,pca,lasso,6.98980207854736,0.2418804375877984,0.335951795633704,0.2847121750600995,50,0,C
1,fashion,44,emotion,lasso,6.6874540635374595,0.2431782395917066,0.4435585608967581,0.34498978487618837,50,0,C
1,fashion,51,population,lasso,,0.2145595837358231,0.4714883719494742,0.49701195815847526,50,0,C
1,fashion,51,identity,lasso,48.951791535044784,0.20077799886065942,0.32580569749028676,0.33717916686058164,50,0,C
1,fashion,51,pca,lasso,6.988672137871021,0.20817018113002816,0.37608860640527825,0.414128689929189,50,0,C
1,fashion,51,emotion,lasso,6.789815784396342,0.2608035048374704,0.4562362175819132,0.43184704592095197,50,0,C
1,fashion,64,population,lasso,,0.0192891293817418,0.15241983055446434,0.07557799488584066,50,0,C
1,fashion,64,identity,lasso,48.95275709935225,0.09314601079780892,0.23396049120082932,0.16646043354383852,50,0,C
1,fashion,64,pca,lasso,6.990476501313035,0.1508531718818125,0.3235466286543115,0.31605335843085475,50,0,C
1,fashion,64,emotion,lasso,6.591891588804649,0.03842063721344339,0.1934369546447363,0.15779447643912914,50,0,C
1,fashion,69,population,lasso,,0.25685715596504816,0.3684563440793471,0.3279266081594601,50,0,C
1,fashion,69,identity,lasso,48.95308093542266,0.3480796762204069,0.4412519869599191,0.4530277553138996,50,0,C
1,fashion,69,pca,lasso,6.9900322547822915,0.28060602046613115,0.43953363487475533,0.3438158234928053,50,0,C
1,fashion,69,emotion,lasso,6.640821766460808,0.2908521632988082,0.3903262797087034,0.38685734539972505,50,0,C
1,fashion,81,population,lasso,,0.19870567353292382,0.3692783186665126,0.3750347794326793,50,0,C
1,fashion,81,identity,lasso,48.95256376449957,0.3425788347878051,0.38346663887536353,0.3833836890055389,50,0,C
1,fashion,81,pca,lasso,6.989763906721442,0.3331241433359837,0.3348989273912204,0.3626674729463603,50,0,C
1,fashion,81,emotion,lasso,6.64387886990045,0.3353455085284016,0.399346643416808,0.3786262033144305,50,0,C
1,fashion,92,population,lasso,,0.03121809797195771,-0.005115651302146496,0.06370551284072574,50,0,C
1,fashion,92,identity,lasso,48.95201655909955,0.11106164048494843,0.10505932305776645,0.14743134905864738,50,0,C
1,fashion,92,pca,lasso,6.990265127268798,0.24904139814082873,0.18007092583555667,0.2811299616638479,50,0,C
1,fashion,92,emotion,lasso,6.69930201430945,0.04979578368948727,0.02299350637912162,0.07468388736355483,50,0,C
1,fashion,100,population,lasso,,0.24118383220397727,0.5042951676289588,0.57183790545427,50,0,C
1,fashion,100,identity,lasso,48.953074104082866,0.42403551627444375,0.5371256986542566,0.562023704499137,50,0,C
1,fashion,100,pca,lasso,6.989623221658328,0.4560723997693556,0.5364174899726631,0.5490035297399456,50,0,C
1,fashion,100,emotion,lasso,6.5432768985525485,0.4660632720483199,0.5537180163373039,0.6107607323917101,50,0,C
1,fashion,101,population,lasso,,0.1662893863824163,0.2734490433726677,0.26362645326331835,50,0,C
1,fashion,101,identity,lasso,48.95321659986987,0.20429370701619187,0.33478480296489965,0.29940725807272034,50,0,C
1,fashion,101,pca,lasso,6.990018027521241,0.1092801783209327,0.20922806556766244,0.15345902438182024,50,0,C
1,fashion,101,emotion,lasso,6.704376118613431,0.19707858904235412,0.3330934681505153,0.2894051367433874,50,0,C
1,fashion,106,population,lasso,,0.1186881796136448,0.3054285396661419,0.3752685931259064,50,0,C
1,fashion,106,identity,lasso,48.95178084490394,0.20825885008381034,0.2792546051961291,0.2880614670704038,50,0,C
1,fashion,106,pca,lasso,6.989793887983227,0.165846425543651,0.212409642116758,0.22180273666814668,50,0,C
1,fashion,106,emotion,lasso,6.600127910820389,0.13583556182354262,0.17203548232936586,0.23239309086751714,50,0,C
1,fashion,111,population,lasso,,0.19718578156951744,0.37142990912224666,0.35069569588208876,50,0,C
1,fashion,111,identity,lasso,48.95332017001737,0.3622969806913854,0.5564327476338826,0.5320108986140512,50,0,C
1,fashion,111,pca,lasso,6.990001892620301,0.26925265057720515,0.30655368144136763,0.3696706098037517,50,0,C
1,fashion,111,emotion,lasso,6.72518027239479,0.1086113753581116,0.37054590299184853,0.32730949472013876,50,0,C
1,fashion,118,population,lasso,,0.22109498739042915,0.31293987686239594,0.3160488097089704,50,0,C
1,fashion,118,identity,lasso,48.95253454049841,0.31071223767384215,0.3782637219217305,0.4109769832142705,50,0,C
1,fashion,118,pca,lasso,6.989356417826961,0.26141635652344614,0.2985666484350765,0.33804173292823847,50,0,C
1,fashion,118,emotion,lasso,6.667622660525332,0.22761296070806444,0.29028965137520646,0.3169344379383456,50,0,C
1,fashion,119,population,lasso,,0.2268238176666484,0.45093356776891286,0.51903221977726,50,0,C
1,fashion,119,identity,lasso,48.95182130060847,0.3589597373088681,0.45455591731460326,0.4843426297121839,50,0,C
1,fashion,119,pca,lasso,6.98949553951174,0.4078445833703263,0.5061499230059227,0.5077559467327568,50,0,C
1,fashion,119,emotion,lasso,6.727962037109398,0.26490909465735624,0.4887234846509798,0.5474982551004713,50,0,C
1,fashion,128,population,lasso,,0.36540372401756616,0.5530393399120798,0.5453617356400811,50,0,C
1,fashion,128,identity,lasso,48.95366054490472,0.43785891915978786,0.6451631140766189,0.5998494669479841,50,0,C
1,fashion,128,pca,lasso,6.989944571645549,0.38953545366944303,0.47871726123827296,0.4763475716857382,50,0,C
1,fashion,128,emotion,lasso,6.619247611722998,0.41281447948629385,0.5700992980906981,0.5508197669449637,50,0,C
1,fashion,129,population,lasso,,0.1342294814011242,0.19470993262140177,0.2741959062570859,50,0,C
1,fashion,129,identity,lasso,48.95299383031968,0.16422056334003557,0.1566884658196892,0.23745381190942047,50,0,C
1,fashion,129,pca,lasso,6.989538909735599,0.08042446479286365,0.04352457383880255,0.11320872379909266,50,0,C
1,fashion,129,emotion,lasso,6.749384546319075,0.13558473856755107,0.13142420169486702,0.24949878498385006,50,0,C
1,fashion,137,population,lasso,,0.10493585752176299,0.16180588207829247,0.2014196223261979,50,0,C
1,fashion,137,identity,lasso,48.95332767721372,0.0992967425381418,0.05507337821196927,0.1423365877345821,50,0,C
1,fashion,137,pca,lasso,6.990452606754841,0.1549493780179933,0.23216917391784356,0.24626347334484594,50,0,C
1,fashion,137,emotion,lasso,6.670132459200559,0.1674235719367605,0.21663185068463747,0.24919503713997715,50,0,C
1,landscape,5,population,lasso,,0.2574651485765484,0.38292076625459576,0.40610977485356187,50,0,C
1,landscape,5,identity,lasso,48.95498815565989,0.42437278908616083,0.45083346453586415,0.46866541105421966,50,0,C
1,landscape,5,pca,lasso,6.9565367610868005,0.3887696909333477,0.39468476618380177,0.42243796154119745,50,0,C
1,landscape,5,emotion,lasso,6.786985442308574,0.5086460947380471,0.5567094638987193,0.5696479072863663,50,0,C
1,landscape,6,population,lasso,,0.38435734732560367,0.6503989838322114,0.6281218007451184,50,0,C
1,landscape,6,identity,lasso,48.95063061647723,0.46363761291354205,0.6351214850427992,0.6220223381454257,50,0,C
1,landscape,6,pca,lasso,6.9564959604989225,0.426024710742156,0.6537885253642675,0.6508541089002239,50,0,C
1,landscape,6,emotion,lasso,6.7191854832096,0.47196353835882976,0.6469603185098357,0.6266044573433632,50,0,C
1,landscape,16,population,lasso,,0.275181312902688,0.4914434355657378,0.4930449801526121,50,0,C
1,landscape,16,identity,lasso,48.95549731751071,0.26138511906290846,0.3211699114243247,0.3264161318963715,50,0,C
1,landscape,16,pca,lasso,6.9560061313047585,0.2662683651202504,0.3937237985476753,0.3934434617094763,50,0,C
1,landscape,16,emotion,lasso,6.782899953084438,0.4403168812292034,0.5038546143637146,0.5036155821891241,50,0,C
1,landscape,17,population,lasso,,-0.06833769845078173,-0.062030082111560816,-0.08746753760790588,50,0,C
1,landscape,17,identity,lasso,48.94600086050877,-0.03225575307467521,-0.0044193105710382385,-0.03727889332267153,50,0,C
1,landscape,17,pca,lasso,6.959318792173226,-0.05428094659222382,-0.06394689151586656,-0.06776241590054385,50,0,C
1,landscape,17,emotion,lasso,6.725710887746608,0.0340198788986498,-0.001171383524853509,0.046894050001672564,50,0,C
1,landscape,23,population,lasso,,0.3337246364385285,0.7213594763066882,0.7105768375689813,50,0,C
1,landscape,23,identity,lasso,48.94924653259866,0.44884121632732726,0.6434563578949772,0.6462399313792156,50,0,C
1,landscape,23,pca,lasso,6.957188886315962,0.4670193596796463,0.7133156624531637,0.6822896977635811,50,0,C
1,landscape,23,emotion,lasso,6.792898261225203,0.5294979658810518,0.6688553095173186,0.6448220761314749,50,0,C
1,landscape,35,population,lasso,,0.370055348500643,0.5020486648274768,0.5043063709114473,50,0,C
1,landscape,35,identity,lasso,48.95000395655682,0.3889145039903703,0.5403922469065525,0.5296560102897656,50,0,C
1,landscape,35,pca,lasso,6.957103796770763,0.3731072279187827,0.5064884480155802,0.5012407001633233,50,0,C
1,landscape,35,emotion,lasso,6.788520205149438,0.3082232084271879,0.5074470375675573,0.5341911780743784,50,0,C
1,landscape,39,population,lasso,,0.41523729553498834,0.7819465766627206,0.7415092489523895,50,0,C
1,landscape,39,identity,lasso,48.945521901257536,0.5986289105294662,0.7411980151105506,0.6998507031115646,50,0,C
1,landscape,39,pca,lasso,6.9583227632849045,0.6776544513668594,0.7843726757101767,0.767788768950762,50,0,C
1,landscape,39,emotion,lasso,6.7382542766976306,0.684609600747917,0.7528829003187063,0.7294455928036951,50,0,C
1,landscape,44,population,lasso,,0.3685199460988438,0.6477521805174489,0.5999433628338422,50,0,C
1,landscape,44,identity,lasso,48.94398529110167,0.3802725984347968,0.5437365278247475,0.509337381984034,50,0,C
1,landscape,44,pca,lasso,6.956590081829689,0.4277809788239849,0.6320640777107418,0.5859479434072387,50,0,C
1,landscape,44,emotion,lasso,6.736582072458208,0.37232126736332705,0.5810651325738256,0.5274785284147484,50,0,C
1,landscape,51,population,lasso,,0.3589099685646051,0.7354496362666483,0.7017461642696581,50,0,C
1,landscape,51,identity,lasso,48.94921513600345,0.5640339669506433,0.655792956726586,0.6616378909209293,50,0,C
1,landscape,51,pca,lasso,6.95833490933666,0.3800337712852154,0.7406562732310873,0.709804541153939,50,0,C
1,landscape,51,emotion,lasso,6.774462170683866,0.4177634522740991,0.7109249163593842,0.6724644038000729,50,0,C
1,landscape,64,population,lasso,,0.17597411990194511,0.344382673117127,0.3619298148714114,50,0,C
1,landscape,64,identity,lasso,48.95287425518986,0.21119266034832831,0.2622386132499752,0.24894300178387785,50,0,C
1,landscape,64,pca,lasso,6.958872029535791,0.24772409586861702,0.289109550452459,0.32950456394388217,50,0,C
1,landscape,64,emotion,lasso,6.749360329246227,0.2723275467012581,0.30402687220824964,0.3355020435703789,50,0,C
1,landscape,69,population,lasso,,0.20656589551461768,0.2655974181056436,0.2398277403230218,50,0,C
1,landscape,69,identity,lasso,48.951853874328975,0.2676395097137555,0.32182431054378574,0.313003975994503,50,0,C
1,landscape,69,pca,lasso,6.957254954506876,0.18991348054751092,0.26296573637136506,0.22261353312337095,50,0,C
1,landscape,69,emotion,lasso,6.730557109435326,0.3496386286214627,0.3903492541632677,0.4040882982125659,50,0,C
1,landscape,81,population,lasso,,0.3208264027120852,0.447280385465165,0.399767977219099,50,0,C
1,landscape,81,identity,lasso,48.954306304307124,0.37146855752610897,0.4294154742103692,0.38276360983491925,50,0,C
1,landscape,81,pca,lasso,6.958624847982041,0.37151726051977185,0.43166228820253677,0.3819597834279394,50,0,C
1,landscape,81,emotion,lasso,6.798502963743822,0.33772542558507807,0.42727826090074633,0.3661028538428974,50,0,C
1,landscape,92,population,lasso,,0.27096235011866193,0.4481299341718271,0.4453587074904894,50,0,C
1,landscape,92,identity,lasso,48.94602336083745,0.2829462302561559,0.39573489394152767,0.41721192321499434,50,0,C
1,landscape,92,pca,lasso,6.958414246429389,0.3002317380505862,0.4356430323056929,0.453613372276792,50,0,C
1,landscape,92,emotion,lasso,6.8240500190365205,0.28544738949713155,0.4393891028655332,0.45346661749869716,50,0,C
1,landscape,100,population,lasso,,0.24670538155863123,0.4998736654880691,0.4486812343967592,50,0,C
1,landscape,100,identity,lasso,48.954872404192095,0.3900829916262863,0.4896854121401256,0.46288771198590484,50,0,C
1,landscape,100,pca,lasso,6.957163544709377,0.3686567724981559,0.5056170436008803,0.4869547937099175,50,0,C
1,landscape,100,emotion,lasso,6.769273849340568,0.42766347128290055,0.5142071395609111,0.47895935450884236,50,0,C
1,landscape,101,population,lasso,,0.13234257352884593,0.17813769249125225,0.2111893442256317,50,0,C
1,landscape,101,identity,lasso,48.94875311025519,0.24306048053907206,0.20664988806545834,0.27412640135093747,50,0,C
1,landscape,101,pca,lasso,6.954473531637833,0.237502166444966,0.24674992783025096,0.2936852486232645,50,0,C
1,landscape,101,emotion,lasso,6.747089024035392,0.257538501078164,0.27211104296666605,0.36911320695006733,50,0,C
1,landscape,106,population,lasso,,0.2772386047355608,0.4628706837424117,0.4769542745936409,50,0,C
1,landscape,106,identity,lasso,48.94842819003423,0.1842719093978179,0.33783471463393866,0.32326422358525775,50,0,C
1,landscape,106,pca,lasso,6.957927412103143,0.2633899170406969,0.45811872292118705,0.46614681000881686,50,0,C
1,landscape,106,emotion,lasso,6.70623979458317,0.21000690643696962,0.4064411489903692,0.4026082974495678,50,0,C
1,landscape,111,population,lasso,,0.2999980744782008,0.47533545131289273,0.4767458663749285,50,0,C
1,landscape,111,identity,lasso,48.95270652568388,0.3478858544541689,0.49615198469164357,0.5469367849045567,50,0,C
1,landscape,111,pca,lasso,6.957425476107047,0.2746115083068582,0.4735146197880375,0.4546944317366698,50,0,C
1,landscape,111,emotion,lasso,6.742122662290243,0.2690262666286836,0.4937898248756152,0.48229642630461533,50,0,C
1,landscape,118,population,lasso,,0.30485245222531815,0.5315450027131093,0.49545982741938954,50,0,C
1,landscape,118,identity,lasso,48.953644538470485,0.47520541252539045,0.5945278079240577,0.6016579810232139,50,0,C
1,landscape,118,pca,lasso,6.959919893049102,0.3501450137831527,0.557036857470426,0.5118495837763991,50,0,C
1,landscape,118,emotion,lasso,6.858693104523934,0.47502669136124964,0.5848687848324181,0.5563641778044254,50,0,C
1,landscape,119,population,lasso,,0.3642218222081841,0.7139623265318558,0.7167228414125556,50,0,C
1,landscape,119,identity,lasso,48.94907958055474,0.621613361379546,0.6721647704318697,0.6669496735702874,50,0,C
1,landscape,119,pca,lasso,6.957341559818123,0.5973319710138764,0.7205197874289793,0.7152247355738828,50,0,C
1,landscape,119,emotion,lasso,6.803734283690105,0.6946530108724961,0.6778712631209696,0.7043427207941043,50,0,C
1,landscape,128,population,lasso,,0.3030419789903048,0.4319536477488845,0.4101193252690858,50,0,C
1,landscape,128,identity,lasso,48.95743272084008,0.2885305868971469,0.40323399544317307,0.37694778757746283,50,0,C
1,landscape,128,pca,lasso,6.956877261394804,0.28798333226092965,0.41714035340172806,0.37644189803427075,50,0,C
1,landscape,128,emotion,lasso,6.824710188979225,0.20387577715202743,0.3716927632618127,0.35259983976521747,50,0,C
1,landscape,129,population,lasso,,0.38003738366406153,0.5530259215904626,0.5666037194767579,50,0,C
1,landscape,129,identity,lasso,48.95216658578416,0.4562037430703718,0.5660248197834661,0.571622051321217,50,0,C
1,landscape,129,pca,lasso,6.956805188307415,0.4587569076980904,0.5791233263917417,0.57874418630232,50,0,C
1,landscape,129,emotion,lasso,6.797413522877624,0.4627699676921726,0.5730970172677822,0.5923284218081173,50,0,C
1,landscape,137,population,lasso,,0.25617220610202224,0.39580411833252616,0.4322437459197711,50,0,C
1,landscape,137,identity,lasso,48.95225725565437,0.34201357666329085,0.3721710575791038,0.425875777619175,50,0,C
1,landscape,137,pca,lasso,6.957775724487638,0.34626724674627046,0.472363319344663,0.4682633777817584,50,0,C
1,landscape,137,emotion,lasso,6.806615146083217,0.38707385083176865,0.4664054048690103,0.47779562184731583,50,0,C
2,art,7,population,lasso,,0.25090313656844554,0.24768052860183176,0.2943101731834451,50,0,C
2,art,7,identity,lasso,48.95369856839272,0.30051945033455285,0.2620603791112474,0.3397562234436619,50,0,C
2,art,7,pca,lasso,6.958594653689457,0.27153064144179045,0.27515100164395684,0.3311360496861375,50,0,C
2,art,7,emotion,lasso,6.9424257709048565,0.3130266385754603,0.3405545286160922,0.3711299616048795,50,0,C
2,art,8,population,lasso,,0.3132415247312917,0.5803194935965504,0.6009545402397912,50,0,C
2,art,8,identity,lasso,48.95222314399143,0.5080542244345986,0.6141462003995388,0.6338529874303562,50,0,C
2,art,8,pca,lasso,6.95845732841567,0.5011318858841064,0.6072851230762912,0.6244326525990153,50,0,C
2,art,8,emotion,lasso,6.926200621062522,0.5162964959956198,0.5750540156508023,0.6017738690966471,50,0,C
2,art,40,population,lasso,,0.13650600544809874,0.23862766519736073,0.2562003006508341,50,0,C
2,art,40,identity,lasso,48.95222303169617,0.1901874763433675,0.23862766519736073,0.21621862918531765,50,0,C
2,art,40,pca,lasso,6.958137464476459,0.2312576801793826,0.31512815389386045,0.2952267811084876,50,0,C
2,art,40,emotion,lasso,6.939129240639231,0.23311962588039842,0.22960120597045952,0.2488636494489488,50,0,C
2,art,41,population,lasso,,0.4026622113743293,0.6489046311501525,0.6539141020096518,50,0,C
2,art,41,identity,lasso,48.95113299251786,0.6663471333162716,0.7129537504804943,0.6934762358688109,50,0,C
2,art,41,pca,lasso,6.957226892492112,0.648586273530272,0.7436409139561554,0.7563753306603841,50,0,C
2,art,41,emotion,lasso,6.918186383815624,0.6107526831042974,0.6447708611098496,0.661509632964877,50,0,C
2,art,45,population,lasso,,-0.014283095229436393,0.051902683841191934,-0.019172076336896705,50,0,C
2,art,45,identity,lasso,48.95009217130793,-0.0017944230864730749,0.010559149242995525,-0.002554606499056643,50,0,C
2,art,45,pca,lasso,6.955696391362134,-0.006716153156733289,0.053531209346330544,-0.009255612850372491,50,0,C
2,art,45,emotion,lasso,6.910020538403414,0.03198711548588483,0.07564763636772913,0.048634359504234836,50,0,C
2,art,46,population,lasso,,0.0721056933583709,0.06087385095967447,0.09624489103774561,50,0,C
2,art,46,identity,lasso,48.95163577998496,0.07088929041280019,0.023851157978351984,0.08785091968706732,50,0,C
2,art,46,pca,lasso,6.955125557151496,0.1653129911683345,0.20108204402218285,0.25749897138080186,50,0,C
2,art,46,emotion,lasso,6.942579909059409,-0.013418988337836285,-0.027614453693486415,-0.03221613740928175,50,0,C
2,art,52,population,lasso,,0.42857110071720816,0.576325572535049,0.571688541614004,50,0,C
2,art,52,identity,lasso,48.9525731995646,0.4244695810550351,0.6374981403728738,0.5656343395781377,50,0,C
2,art,52,pca,lasso,6.9603219321379095,0.4135002151047529,0.5721289072677246,0.5613883105976354,50,0,C
2,art,52,emotion,lasso,6.930678241159515,0.40260162919911563,0.5289279412805603,0.5015975678696896,50,0,C
2,art,58,population,lasso,,0.48930904103667194,0.6602530962552362,0.6852556369074686,50,0,C
2,art,58,identity,lasso,48.94961402303691,0.5615252343272069,0.6491064762306982,0.6848209169090042,50,0,C
2,art,58,pca,lasso,6.958156101445892,0.48357337471543316,0.6672749758301654,0.6850661034354044,50,0,C
2,art,58,emotion,lasso,6.939476942967303,0.5663219815842861,0.6658018542410195,0.7030273356222414,50,0,C
2,art,65,population,lasso,,0.5350841880906034,0.6595218279317658,0.6591388590721591,50,0,C
2,art,65,identity,lasso,48.947234978098145,0.5187780619414778,0.6055689917621131,0.6332450640217615,50,0,C
2,art,65,pca,lasso,6.9599922120616675,0.5248488908261375,0.678734540994001,0.6735310516222082,50,0,C
2,art,65,emotion,lasso,6.919715754767236,0.586831656716232,0.6702829127415599,0.6541062557274706,50,0,C
2,art,66,population,lasso,,0.32084400863320117,0.4594959507899879,0.4431723018037862,50,0,C
2,art,66,identity,lasso,48.95366080171399,0.47542100137909143,0.5714870949000104,0.5779548519808828,50,0,C
2,art,66,pca,lasso,6.9527355534724515,0.3213042563700616,0.45202010216484245,0.4278778344782127,50,0,C
2,art,66,emotion,lasso,6.931035786427853,0.5730187257700302,0.5768130262734802,0.6129485000185325,50,0,C
2,art,74,population,lasso,,0.42647447987983883,0.5078900537037716,0.5047884023874707,50,0,C
2,art,74,identity,lasso,48.95267912171958,0.39838701122264014,0.47879635180853586,0.4906632987260451,50,0,C
2,art,74,pca,lasso,6.95604073266456,0.4126847847594728,0.5227868289009886,0.507468492930335,50,0,C
2,art,74,emotion,lasso,6.941726893609713,0.3874827655309741,0.5174879759784886,0.5008173361408372,50,0,C
2,art,83,population,lasso,,0.6375706520871985,0.6755485369375178,0.6550770518586068,50,0,C
2,art,83,identity,lasso,48.949198346111814,0.647212931472969,0.693499964805679,0.6833592196518303,50,0,C
2,art,83,pca,lasso,6.955706310199021,0.5787594388586158,0.6273418935612196,0.648793988452476,50,0,C
2,art,83,emotion,lasso,6.9254452573122345,0.25297995579962695,0.4798981433182322,0.4565275274966931,50,0,C
2,art,87,population,lasso,,0.3447557625623922,0.6643791099696554,0.6446157854338035,50,0,C
2,art,87,identity,lasso,48.95468169877728,0.5293331689312449,0.6822796322357603,0.6649313745208144,50,0,C
2,art,87,pca,lasso,6.9571011872892585,0.5198302616145731,0.7326463072146365,0.7269109119094191,50,0,C
2,art,87,emotion,lasso,6.945620544510258,0.5535175198400255,0.6494211393089375,0.639884207490966,50,0,C
2,art,93,population,lasso,,0.444062668158733,0.630749733470027,0.6083459266930449,50,0,C
2,art,93,identity,lasso,48.953483982041256,0.49190429818146875,0.6193441264423539,0.5985671112453109,50,0,C
2,art,93,pca,lasso,6.959697335145043,0.518499038482719,0.6768637825732918,0.6562116988937727,50,0,C
2,art,93,emotion,lasso,6.939775368308678,0.5717145168100556,0.6314871649588853,0.6286777474261604,50,0,C
2,art,94,population,lasso,,0.3890481908685416,0.7018862568305096,0.7096605950705638,50,0,C
2,art,94,identity,lasso,48.952193855544145,0.5519074510165002,0.7432252392827542,0.7344206019057428,50,0,C
2,art,94,pca,lasso,6.95581769247325,0.5474814420685716,0.7334382717057208,0.7349191951917142,50,0,C
2,art,94,emotion,lasso,6.925966892171116,0.6044684511580305,0.705051196594227,0.7219557259729903,50,0,C
2,art,102,population,lasso,,0.1984363841711776,0.29760928558653177,0.27578847720817457,50,0,C
2,art,102,identity,lasso,48.9524394040428,0.26952480151606917,0.3320118268561676,0.35336686762175185,50,0,C
2,art,102,pca,lasso,6.9581163427287605,0.22650811032105478,0.3204946701829273,0.2993987263340942,50,0,C
2,art,102,emotion,lasso,6.909148775810667,0.23926905512471297,0.3401532651941477,0.2879911518580503,50,0,C
2,art,112,population,lasso,,0.42799431096397617,0.4353469878120824,0.44915177606486706,50,0,C
2,art,112,identity,lasso,48.950427064170555,0.4875473300093248,0.51628931847771,0.5102555907053323,50,0,C
2,art,112,pca,lasso,6.958576537367858,0.49392732535479666,0.5396330236923595,0.528019358525898,50,0,C
2,art,112,emotion,lasso,6.919506572203111,0.38295110664387105,0.5003946158259375,0.49876324803888833,50,0,C
2,art,113,population,lasso,,0.37225432097519334,0.48574044242753567,0.47839405651354094,50,0,C
2,art,113,identity,lasso,48.95386296064943,0.33249529597058675,0.4479699441126953,0.46562929308880935,50,0,C
2,art,113,pca,lasso,6.951375471003991,0.36835937792477635,0.5034915904606199,0.47671243696442833,50,0,C
2,art,113,emotion,lasso,6.931555828163464,0.2924897323283713,0.48386671013515453,0.46049683829323973,50,0,C
2,art,120,population,lasso,,0.4707806722865179,0.6158194080928229,0.6422523986121528,50,0,C
2,art,120,identity,lasso,48.95200047914401,0.5645744320811245,0.690805180132586,0.6786001558736179,50,0,C
2,art,120,pca,lasso,6.9599357955138075,0.5474470805259704,0.6231387364393337,0.6503363058726339,50,0,C
2,art,120,emotion,lasso,6.938176122181613,0.5731719129391948,0.6865729154424267,0.6503308585007167,50,0,C
2,art,121,population,lasso,,0.2931098725887625,0.4725846079047736,0.4546638371876959,50,0,C
2,art,121,identity,lasso,48.9516911554474,0.3908762608679347,0.4091252121294546,0.4071864819111128,50,0,C
2,art,121,pca,lasso,6.956880365725767,0.42440330099364837,0.44966724479325304,0.4375892027648671,50,0,C
2,art,121,emotion,lasso,6.917274303510744,0.4258818190677267,0.46893264934889617,0.4561404983392711,50,0,C
2,art,131,population,lasso,,0.24760040070647438,0.36204366053169923,0.37114196097058405,50,0,C
2,art,131,identity,lasso,48.95432893878785,0.23545102946811802,0.2588195749105503,0.2923197586527923,50,0,C
2,art,131,pca,lasso,6.9571967324309965,0.23943971439450704,0.40628255436933436,0.4027047216680042,50,0,C
2,art,131,emotion,lasso,6.917033178309566,0.2801783703721732,0.36562000521624777,0.39151733650453696,50,0,C
2,art,138,population,lasso,,0.39210891167572753,0.4772090654443595,0.45389036073259115,50,0,C
2,art,138,identity,lasso,48.95053695621522,0.43737629330488176,0.5034886681945505,0.5106679972003162,50,0,C
2,art,138,pca,lasso,6.954224781191524,0.45513571217340965,0.5579322638146167,0.5252422913789039,50,0,C
2,art,138,emotion,lasso,6.915557469340566,0.4913106081552293,0.5289024700789406,0.5253168674261012,50,0,C
2,art,139,population,lasso,,0.026377863165983253,0.06079602726558758,0.035744433020409604,50,0,C
2,art,139,identity,lasso,48.95351742774759,0.4083132655081041,0.6270491315847275,0.5844770340908187,50,0,C
2,art,139,pca,lasso,6.9551611301448375,0.21545731527381157,0.3849089444950488,0.3184078284784359,50,0,C
2,art,139,emotion,lasso,6.918722841657251,0.2548347836705491,0.30293621435526635,0.3210079874012912,50,0,C
2,fashion,7,population,lasso,,0.2960013237957048,0.43487797992024274,0.4892595443204826,50,0,C
2,fashion,7,identity,lasso,48.90592477197902,0.3671880097662467,0.4093817052117759,0.4675004755378777,50,0,C
2,fashion,7,pca,lasso,6.979218560776323,0.386360227304278,0.4888525497709151,0.5280535131103029,50,0,C
2,fashion,7,emotion,lasso,6.46158551697269,0.3671880097662467,0.4093817052117759,0.4675004755378777,50,0,C
2,fashion,8,population,lasso,,0.2801062574267457,0.4078098248427385,0.3975473058440426,50,0,C
2,fashion,8,identity,lasso,48.905797151674975,0.24076192921685471,0.4168219245826516,0.39776445894630713,50,0,C
2,fashion,8,pca,lasso,6.979179202361301,0.2382048809539535,0.4317928443691741,0.38285227059257837,50,0,C
2,fashion,8,emotion,lasso,6.579000729212858,0.24450376206752752,0.4376531715224509,0.4126751819214816,50,0,C
2,fashion,40,population,lasso,,0.264884203200272,0.16381324566628255,0.36280066496311447,50,0,C
2,fashion,40,identity,lasso,48.89591635651012,0.2550434173207654,0.15259657485833564,0.3413949274850383,50,0,C
2,fashion,40,pca,lasso,6.978906790149601,0.26560300530098935,0.21536007951258082,0.34990794702899375,50,0,C
2,fashion,40,emotion,lasso,6.583952415651394,0.25389571807211325,0.14691346164897584,0.3388863833822519,50,0,C
2,fashion,41,population,lasso,,0.24351681097325764,0.44970167499817615,0.4579097156645831,50,0,C
2,fashion,41,identity,lasso,48.90408170298828,0.23173585659323925,0.4325479049939111,0.4454183748687655,50,0,C
2,fashion,41,pca,lasso,6.977917867982396,0.22333762464458917,0.3111070105318982,0.32875707749148503,50,0,C
2,fashion,41,emotion,lasso,6.531564940805379,0.23173585659323925,0.4325479049939111,0.4454183748687655,50,0,C
2,fashion,45,population,lasso,,0.18116271895514538,0.35885710941898485,0.3377807499799986,50,0,C
2,fashion,45,identity,lasso,48.90787359023196,0.1671071050520034,0.3033509690310186,0.3027837997154397,50,0,C
2,fashion,45,pca,lasso,6.979141839091967,0.20826740797339413,0.3629209518402466,0.35664025629877505,50,0,C
2,fashion,45,emotion,lasso,6.58875920504952,0.1831522987915428,0.35286046389492776,0.34651709556253024,50,0,C
2,fashion,46,population,lasso,,0.05285215104266454,0.14290600441243,0.11274484248038145,50,0,C
2,fashion,46,identity,lasso,48.906607654337854,0.11507711980187259,0.1934626128504326,0.16354734778285565,50,0,C
2,fashion,46,pca,lasso,6.978379554219859,0.15559981245008359,0.2315067139896509,0.2248562244958784,50,0,C
2,fashion,46,emotion,lasso,6.468130636723292,0.11507711980187259,0.1934626128504326,0.16354734778285565,50,0,C
2,fashion,52,population,lasso,,0.2536880187470985,0.44558400220356736,0.5055255749539164,50,0,C
2,fashion,52,identity,lasso,48.902218082626625,0.36424556755154835,0.45299432961235203,0.5068356000553798,50,0,C
2,fashion,52,pca,lasso,6.977446928957249,0.38211010491528796,0.47801687353379624,0.516238119642012,50,0,C
2,fashion,52,emotion,lasso,6.510979247668876,0.36424556755154835,0.45299432961235203,0.5068356000553798,50,0,C
2,fashion,58,population,lasso,,0.18027117563014394,0.28016956821097855,0.29653393515685394,50,0,C
2,fashion,58,identity,lasso,48.90227484010566,0.22753711678565078,0.3396397559457988,0.3665366947966974,50,0,C
2,fashion,58,pca,lasso,6.978611507373636,0.21288484532941526,0.3443658635803541,0.3487243579462878,50,0,C
2,fashion,58,emotion,lasso,6.615287378986134,0.22753711678565078,0.3396397559457988,0.3665366947966974,50,0,C
2,fashion,65,population,lasso,,0.18552824291769188,0.19089965087234798,0.3205959599624101,50,0,C
2,fashion,65,identity,lasso,48.905189709621936,0.21301356830061655,0.18045363781890775,0.33612002899715315,50,0,C
2,fashion,65,pca,lasso,6.978129885257509,0.1578212630525452,0.17872088683847925,0.2925905179197281,50,0,C
2,fashion,65,emotion,lasso,6.450199599852683,0.2141172006899893,0.1874836560823604,0.3329536695695522,50,0,C
2,fashion,66,population,lasso,,0.18303267754036665,0.26573673544786114,0.2530634217287978,50,0,C
2,fashion,66,identity,lasso,48.90468884064127,0.1835863475713602,0.29807691107810075,0.2688617843324036,50,0,C
2,fashion,66,pca,lasso,6.976143076389377,0.16807974003315806,0.27051313061786575,0.2422270318241671,50,0,C
2,fashion,66,emotion,lasso,6.545795995303592,0.1835863475713602,0.29807691107810075,0.2688617843324036,50,0,C
2,fashion,74,population,lasso,,-0.07469359586290004,-0.10039423143759574,-0.0913221725223082,50,0,C
2,fashion,74,identity,lasso,48.90109201494432,-0.06998788048753796,-0.09778006016330681,-0.08367743397241106,50,0,C
2,fashion,74,pca,lasso,6.97856104615169,0.1052914410778826,0.17786419170065784,0.1393270279993018,50,0,C
2,fashion,74,emotion,lasso,6.544862048315178,-0.07250392672769337,-0.10320949280990688,-0.08703617154045704,50,0,C
2,fashion,83,population,lasso,,0.4397634058852099,0.5062592810633523,0.5120805307979498,50,0,C
2,fashion,83,identity,lasso,48.90753251650656,0.43189307239486735,0.48360854695767336,0.4904025893852758,50,0,C
2,fashion,83,pca,lasso,6.97777236421801,0.4429153329081826,0.5005709745345505,0.4952592290526504,50,0,C
2,fashion,83,emotion,lasso,6.645697518155701,0.43189307239486735,0.48360854695767336,0.4904025893852758,50,0,C
2,fashion,87,population,lasso,,0.17425663209105585,0.31358810853868524,0.3341836684386897,50,0,C
2,fashion,87,identity,lasso,48.90350676536422,0.20330353246240232,0.3664153051104806,0.39723971338808456,50,0,C
2,fashion,87,pca,lasso,6.979539766729491,0.2493803275532699,0.41444892273409456,0.4351574853115776,50,0,C
2,fashion,87,emotion,lasso,6.547395116175372,0.1720651839185798,0.3214143598826549,0.34365590926251094,50,0,C
2,fashion,93,population,lasso,,0.3590648749086415,0.5677772163236481,0.5656074361788485,50,0,C
2,fashion,93,identity,lasso,48.90666701577912,0.3698797752140997,0.5430718770364577,0.5545879309206434,50,0,C
2,fashion,93,pca,lasso,6.979442567870827,0.3717851478421168,0.5293081810007083,0.5313880852244725,50,0,C
2,fashion,93,emotion,lasso,6.585267320021746,0.3698797752140997,0.5430718770364577,0.5545879309206434,50,0,C
2,fashion,94,population,lasso,,0.2548197652333115,0.4132493883710994,0.4612757177648038,50,0,C
2,fashion,94,identity,lasso,48.90431463710124,0.2654479385091597,0.4337673992405734,0.468803231394801,50,0,C
2,fashion,94,pca,lasso,6.9792262009334545,0.26004945559901615,0.3675123426620573,0.4348696028017202,50,0,C
2,fashion,94,emotion,lasso,6.564909816699559,0.25963504162548073,0.43097616625832985,0.4723585956667523,50,0,C
2,fashion,102,population,lasso,,0.18621881878238727,0.28666356604390536,0.35025853313364286,50,0,C
2,fashion,102,identity,lasso,48.904535957486075,0.222860789405605,0.29547867999715377,0.3558169350157785,50,0,C
2,fashion,102,pca,lasso,6.978410373783876,0.21874469553470355,0.21269540315128455,0.2820832240483271,50,0,C
2,fashion,102,emotion,lasso,6.5409779939125565,0.18172238195349744,0.2680484092040847,0.34512533817684116,50,0,C
2,fashion,112,population,lasso,,0.1990453722587749,0.3262985113664574,0.3079961886578799,50,0,C
2,fashion,112,identity,lasso,48.90729811160837,0.2919009494195727,0.3414583979564919,0.33910586661473874,50,0,C
2,fashion,112,pca,lasso,6.97691862372117,0.30557768179273515,0.38198789067678834,0.3584740138146974,50,0,C
2,fashion,112,emotion,lasso,6.536626339255805,0.2919009494195727,0.3414583979564919,0.33910586661473874,50,0,C
2,fashion,113,population,lasso,,0.2345417495578484,0.38737358417772716,0.3898906859926716,50,0,C
2,fashion,113,identity,lasso,48.898951457912794,0.2413553270944041,0.38688130614471444,0.4022433656200479,50,0,C
2,fashion,113,pca,lasso,6.9789421512864,0.22503109258596166,0.3130888289961043,0.36281640824359407,50,0,C
2,fashion,113,emotion,lasso,6.527376399755784,0.2413553270944041,0.38688130614471444,0.4022433656200479,50,0,C
2,fashion,120,population,lasso,,0.2240150530452511,0.2354977942198897,0.29951889527934095,50,0,C
2,fashion,120,identity,lasso,48.909386360826616,0.21661310669026668,0.20982379718618338,0.2855883614838099,50,0,C
2,fashion,120,pca,lasso,6.978175900519839,0.24793151099848154,0.2415087697158765,0.34125667979310476,50,0,C
2,fashion,120,emotion,lasso,6.4893666682555,0.21661310669026668,0.20982379718618338,0.2855883614838099,50,0,C
2,fashion,121,population,lasso,,0.26756041964032723,0.39649520113963477,0.42824169408154245,50,0,C
2,fashion,121,identity,lasso,48.90207938951427,0.38973215098406516,0.4000681908472818,0.4283812182111696,50,0,C
2,fashion,121,pca,lasso,6.979400385528008,0.39989207945728655,0.4113204420161404,0.441727119171033,50,0,C
2,fashion,121,emotion,lasso,6.4179152897938865,0.38973215098406516,0.4000681908472818,0.4283812182111696,50,0,C
2,fashion,131,population,lasso,,0.11811766235463728,0.22200714413311237,0.1985890102518797,50,0,C
2,fashion,131,identity,lasso,48.904600308628105,0.1329819076358929,0.23689277473110595,0.20044920413211367,50,0,C
2,fashion,131,pca,lasso,6.978253100110304,0.09013199862680489,0.13161255568325028,0.12070698568022159,50,0,C
2,fashion,131,emotion,lasso,6.404680444072113,0.11829031543492982,0.22505304874392293,0.19358673468195076,50,0,C
2,fashion,138,population,lasso,,0.33596785040433136,0.43079062644369404,0.4482990701262603,50,0,C
2,fashion,138,identity,lasso,48.907200977496025,0.37641739364438936,0.4708558856036074,0.46322147618062254,50,0,C
2,fashion,138,pca,lasso,6.978804549501942,0.3893507485761975,0.4540559675314709,0.45804429538643626,50,0,C
2,fashion,138,emotion,lasso,6.4750068871872895,0.37641739364438936,0.4708558856036074,0.46322147618062254,50,0,C
2,fashion,139,population,lasso,,0.3115307713292791,0.4311846890157343,0.48498561964065756,50,0,C
2,fashion,139,identity,lasso,48.907612782410105,0.2883698538260201,0.37639218136404173,0.44411899557502227,50,0,C
2,fashion,139,pca,lasso,6.979622948247499,0.2734710809871026,0.30591666615551416,0.35114898311401055,50,0,C
2,fashion,139,emotion,lasso,6.405201411536705,0.3063662116312043,0.4447602924321197,0.480206491789212,50,0,C
2,landscape,7,population,lasso,,0.07883617069534223,0.11117584894969847,0.10469239440499087,50,0,C
2,landscape,7,identity,lasso,48.905334887709465,0.1051289514321724,0.11193697981882009,0.13113064232053864,50,0,C
2,landscape,7,pca,lasso,6.9567479118016795,0.1219412019378992,0.1424836986995679,0.16080848141514784,50,0,C
2,landscape,7,emotion,lasso,6.783571273354042,0.15479579761727946,0.2585815272695862,0.24438252500126081,50,0,C
2,landscape,8,population,lasso,,0.3740813427819794,0.5156183279414803,0.533523375545265,50,0,C
2,landscape,8,identity,lasso,48.887792776798925,0.4019184326697384,0.5092447399475697,0.5180709764915465,50,0,C
2,landscape,8,pca,lasso,6.9554141620840735,0.4019184326697384,0.5092447399475697,0.5180709764915465,50,0,C
2,landscape,8,emotion,lasso,6.728255627355829,0.39787582107971353,0.5035628591778044,0.5104175807330212,50,0,C
2,landscape,40,population,lasso,,0.16374104097166567,0.19144262097405204,0.2506449229491499,50,0,C
2,landscape,40,identity,lasso,48.90549041704851,0.16670226368098384,0.16797708186778368,0.2264376936893453,50,0,C
2,landscape,40,pca,lasso,6.954180703473324,0.1698110649109498,0.18124239733685185,0.23670558651933077,50,0,C
2,landscape,40,emotion,lasso,6.781876521749242,0.24548424368550034,0.34751106736392223,0.40735833852057424,50,0,C
2,landscape,41,population,lasso,,0.2653934795874236,0.5261420363216274,0.51846045780545,50,0,C
2,landscape,41,identity,lasso,48.89640663717304,0.3149933992085227,0.528143875917877,0.53328463205948,50,0,C
2,landscape,41,pca,lasso,6.95590211308145,0.3191480877312271,0.5261420363216274,0.5366614795374188,50,0,C
2,landscape,41,emotion,lasso,6.78843860059562,0.2999280071590363,0.523261340317268,0.5221614628176311,50,0,C
2,landscape,45,population,lasso,,0.36460552916695066,0.48592058176483666,0.5250287117959022,50,0,C
2,landscape,45,identity,lasso,48.90560080337657,0.43085990180373884,0.5373903590799667,0.5611117056333763,50,0,C
2,landscape,45,pca,lasso,6.956978488640713,0.418734252939819,0.49789029741951807,0.5437220600934082,50,0,C
2,landscape,45,emotion,lasso,6.749806497317274,0.4169893354417731,0.5122539562051358,0.5192856040806808,50,0,C
2,landscape,46,population,lasso,,0.1262764334480288,0.47622411864820824,0.42330253670302426,50,0,C
2,landscape,46,identity,lasso,48.89770667610925,0.3265648984760993,0.500137081870928,0.4518370397723119,50,0,C
2,landscape,46,pca,lasso,6.957170010166028,0.28739307546428516,0.47337491451954367,0.45220398578164245,50,0,C
2,landscape,46,emotion,lasso,6.763288719336621,0.2167747775871466,0.4508865533611561,0.41996835487687595,50,0,C
2,landscape,52,population,lasso,,0.26631308188283287,0.5332325318708118,0.5384029897774624,50,0,C
2,landscape,52,identity,lasso,48.9019541404828,0.4278308738745649,0.509300208534364,0.539296729123875,50,0,C
2,landscape,52,pca,lasso,6.954313837053136,0.4278308738745649,0.509300208534364,0.539296729123875,50,0,C
2,landscape,52,emotion,lasso,6.772429329354351,0.4390975315102055,0.5103186052720852,0.5406444305962425,50,0,C
2,landscape,58,population,lasso,,0.3351130843750223,0.44345282028433575,0.49568128925040394,50,0,C
2,landscape,58,identity,lasso,48.90138409635007,0.400539269823324,0.4992463199704362,0.5590154200756633,50,0,C
2,landscape,58,pca,lasso,6.956305206926056,0.400539269823324,0.4992463199704362,0.5590154200756633,50,0,C
2,landscape,58,emotion,lasso,6.779006001996716,0.42219583063642785,0.5080790639840669,0.5620104666125516,50,0,C
2,landscape,65,population,lasso,,0.22485762966288692,0.34915548002574553,0.3445745526872601,50,0,C
2,landscape,65,identity,lasso,48.903716437268436,0.21535030302735989,0.3322911714296012,0.3319441987305291,50,0,C
2,landscape,65,pca,lasso,6.954612886784947,0.21535030302735989,0.3322911714296012,0.3319441987305291,50,0,C
2,landscape,65,emotion,lasso,6.795634876417876,0.21268892798583786,0.31503121923002825,0.3273312843182136,50,0,C
2,landscape,66,population,lasso,,0.4188413492025832,0.49158112416156563,0.5363402616194561,50,0,C
2,landscape,66,identity,lasso,48.90801437023932,0.465711437651047,0.4817229407697138,0.5405924896214392,50,0,C
2,landscape,66,pca,lasso,6.958161425419384,0.41112683005042566,0.4596569551465014,0.4863804692699022,50,0,C
2,landscape,66,emotion,lasso,6.733274961049696,0.31122896420688334,0.41869186146637094,0.48967403265261206,50,0,C
2,landscape,74,population,lasso,,0.2600385432674014,0.36993683799127136,0.36241209736778995,50,0,C
2,landscape,74,identity,lasso,48.899394367023945,0.25226687771735173,0.344455584513432,0.3410519191055618,50,0,C
2,landscape,74,pca,lasso,6.955778184021499,0.25226687771735173,0.344455584513432,0.3410519191055618,50,0,C
2,landscape,74,emotion,lasso,6.791470347999804,0.2747887569628906,0.34674889732643754,0.3437375563177713,50,0,C
2,landscape,83,population,lasso,,0.3105859881142208,0.5580393142182419,0.5792415359814705,50,0,C
2,landscape,83,identity,lasso,48.89285346743015,0.5437567134962445,0.5308725713003103,0.579339719016908,50,0,C
2,landscape,83,pca,lasso,6.957111710912813,0.5383938587706882,0.5419791283857602,0.5831116103938246,50,0,C
2,landscape,83,emotion,lasso,6.7508521442108975,0.49590594155589285,0.5551192804305181,0.5892737135802726,50,0,C
2,landscape,87,population,lasso,,0.32989095216641273,0.5621620147766427,0.49640546753904835,50,0,C
2,landscape,87,identity,lasso,48.90754782817958,0.3200176120042949,0.5009071908215613,0.4688089908191393,50,0,C
2,landscape,87,pca,lasso,6.958539249608575,0.32225137344266525,0.5209915607365144,0.46692684682024493,50,0,C
2,landscape,87,emotion,lasso,6.780119241462332,0.3846542416688614,0.5716782997737527,0.5276099519259655,50,0,C
2,landscape,93,population,lasso,,0.3804695516723143,0.691738136764214,0.7058377638260072,50,0,C
2,landscape,93,identity,lasso,48.90750254959591,0.403000166233235,0.6713156278178252,0.6848774920702744,50,0,C
2,landscape,93,pca,lasso,6.955017145571673,0.5186361072883253,0.71399470598006,0.7054463258148457,50,0,C
2,landscape,93,emotion,lasso,6.81423077809787,0.6232399943501352,0.7473052060091214,0.7500337081749671,50,0,C
2,landscape,94,population,lasso,,0.3589119315679964,0.5794907372132404,0.600484788063198,50,0,C
2,landscape,94,identity,lasso,48.89609440619634,0.330503303763975,0.4851300603508705,0.5006051009763414,50,0,C
2,landscape,94,pca,lasso,6.959007671308554,0.3786268420058079,0.5611848635332669,0.587380313204326,50,0,C
2,landscape,94,emotion,lasso,6.7544780326354985,0.4876689509541856,0.5659687985216333,0.5736313506571279,50,0,C
2,landscape,102,population,lasso,,0.3399870543362494,0.6790299215000138,0.6491875123311235,50,0,C
2,landscape,102,identity,lasso,48.91166527049356,0.37002608392914577,0.659416458349059,0.6580033555439118,50,0,C
2,landscape,102,pca,lasso,6.957999189244605,0.3731045070182194,0.6737569552760134,0.6528345174466719,50,0,C
2,landscape,102,emotion,lasso,6.804379320329174,0.38816701618711397,0.6955387409863703,0.6540735678747759,50,0,C
2,landscape,112,population,lasso,,0.39817697157428555,0.4496283623957632,0.5058550450630238,50,0,C
2,landscape,112,identity,lasso,48.90499734639528,0.44934956691406547,0.45427348988996513,0.529261330287115,50,0,C
2,landscape,112,pca,lasso,6.956379380270261,0.44934956691406547,0.45427348988996513,0.529261330287115,50,0,C
2,landscape,112,emotion,lasso,6.849174380082825,0.4765442715969244,0.5272968920031185,0.5823593985013589,50,0,C
2,landscape,113,population,lasso,,0.310550555419091,0.4165581380530387,0.4341467631648882,50,0,C
2,landscape,113,identity,lasso,48.89575828109793,0.35054050023754496,0.4032861915835718,0.42566448456713024,50,0,C
2,landscape,113,pca,lasso,6.95726809861913,0.35054050023754496,0.4032861915835718,0.42566448456713024,50,0,C
2,landscape,113,emotion,lasso,6.78098601760406,0.35054050023754496,0.4032861915835718,0.42566448456713024,50,0,C
2,landscape,120,population,lasso,,0.349664603863766,0.5817804170578611,0.5898946131126102,50,0,C
2,landscape,120,identity,lasso,48.898596571931456,0.45763121425288433,0.5843347215749023,0.5647205900433344,50,0,C
2,landscape,120,pca,lasso,6.953775522021167,0.4654026046856351,0.5838839619542481,0.5707104454731153,50,0,C
2,landscape,120,emotion,lasso,6.765892983618502,0.5316333081313663,0.5981580166083019,0.5869893166343821,50,0,C
2,landscape,121,population,lasso,,0.4834439188666796,0.7627180015255215,0.7286474388248221,50,0,C
2,landscape,121,identity,lasso,48.898777872159094,0.49583353512154843,0.7094280925460339,0.6728638597613082,50,0,C
2,landscape,121,pca,lasso,6.953962463779692,0.5094479688316851,0.7187711285359443,0.6860332938609633,50,0,C
2,landscape,121,emotion,lasso,6.799049073985697,0.6007577965861363,0.776608970378245,0.7381301853685662,50,0,C
2,landscape,131,population,lasso,,0.20485700164272772,0.42519217531147396,0.385435974217834,50,0,C
2,landscape,131,identity,lasso,48.899759595961285,0.24314279937532635,0.37934528211013363,0.354026380340091,50,0,C
2,landscape,131,pca,lasso,6.9581055384217825,0.12461802710230463,0.3015858330672653,0.28956228971742687,50,0,C
2,landscape,131,emotion,lasso,6.7794493282932295,0.08354447545122126,0.10957456196579636,0.1486687631893529,50,0,C
2,landscape,138,population,lasso,,0.5238598035756077,0.7033761377810577,0.7299233622326994,50,0,C
2,landscape,138,identity,lasso,48.90261171017681,0.6009956118081947,0.7273741461703817,0.7742843983688685,50,0,C
2,landscape,138,pca,lasso,6.957291083271278,0.6009956118081947,0.7273741461703817,0.7742843983688685,50,0,C
2,landscape,138,emotion,lasso,6.710999521452274,0.6068955757597141,0.7345086892050455,0.7775422985439421,50,0,C
2,landscape,139,population,lasso,,0.28935261207544244,0.50265546630773,0.4627137897797507,50,0,C
2,landscape,139,identity,lasso,48.90360216172434,0.3351048089692307,0.5521178611801781,0.4617030367921256,50,0,C
2,landscape,139,pca,lasso,6.956567954629891,0.3092843554036454,0.5097075305271681,0.4596778053153615,50,0,C
2,landscape,139,emotion,lasso,6.779314972938861,0.31580395875295547,0.5386503774277789,0.4371251203324945,50,0,C
3,art,0,population,lasso,,0.2859277713207062,0.27953359394704547,0.3889485026837745,50,0,C
3,art,0,identity,lasso,48.89812962222617,0.35992897808858887,0.281839645833983,0.40471381186834654,50,0,C
3,art,0,pca,lasso,6.977726125985305,0.3589980223816884,0.2858000392919846,0.4066167013413441,50,0,C
3,art,0,emotion,lasso,3.4919193922591236,0.35992897808858887,0.281839645833983,0.40471381186834654,50,0,C
3,art,9,population,lasso,,0.4833865088673348,0.5573028576138034,0.5379830425283912,50,0,C
3,art,9,identity,lasso,48.905718363974415,0.4402922136436064,0.5587232544837458,0.5290084336947036,50,0,C
3,art,9,pca,lasso,6.978985996690202,0.44231453346718613,0.5576072283716482,0.5261149719112995,50,0,C
3,art,9,emotion,lasso,3.6311184490593598,0.4402922136436064,0.5587232544837458,0.5290084336947036,50,0,C
3,art,10,population,lasso,,0.2310176383256404,0.5914186932371016,0.5586190230956722,50,0,C
3,art,10,identity,lasso,48.906292488166024,0.40928923386194627,0.5443207308264535,0.4859846880203365,50,0,C
3,art,10,pca,lasso,6.980427727545143,0.4596307980925453,0.5454183528317863,0.49057680556435834,50,0,C
3,art,10,emotion,lasso,3.762607150420989,0.31666377472294066,0.5971562628104327,0.5660033388731843,50,0,C
3,art,11,population,lasso,,0.4210703780768237,0.5611319008415085,0.6074960995777274,50,0,C
3,art,11,identity,lasso,48.88702816419641,0.3964809014158926,0.5550197824556734,0.6049183108271712,50,0,C
3,art,11,pca,lasso,6.978844533620254,0.4371428983555727,0.5552662388421991,0.6025455540014583,50,0,C
3,art,11,emotion,lasso,3.4832400614972565,0.4043783195367327,0.5637936298159851,0.6039239934351206,50,0,C
3,art,24,population,lasso,,0.4532830944821812,0.6225113834142746,0.6296823674709773,50,0,C
3,art,24,identity,lasso,48.89549994411223,0.49320270265534244,0.6613718165812502,0.6569448736546311,50,0,C
3,art,24,pca,lasso,6.975361956644258,0.49320270265534244,0.6613718165812502,0.6569448736546311,50,0,C
3,art,24,emotion,lasso,3.599911461394899,0.49320270265534244,0.6613718165812502,0.6569448736546311,50,0,C
3,art,28,population,lasso,,0.48130802494115027,0.6397298475229632,0.6340000173783884,50,0,C
3,art,28,identity,lasso,48.895394184211284,0.42865740411563746,0.6014022437347304,0.6143024753206183,50,0,C
3,art,28,pca,lasso,6.978062858825255,0.4435433790454731,0.6309004518858833,0.6322600276918,50,0,C
3,art,28,emotion,lasso,3.4393671393230307,0.42865740411563746,0.6014022437347304,0.6143024753206183,50,0,C
3,art,31,population,lasso,,0.28957338393966087,0.537736128651984,0.5854556247969157,50,0,C
3,art,31,identity,lasso,48.90092806950743,0.39843372928878934,0.5101167656376424,0.5335060363361124,50,0,C
3,art,31,pca,lasso,6.97888162110966,0.4868211200749384,0.4871996239250256,0.5526177457989704,50,0,C
3,art,31,emotion,lasso,3.6738623512251385,0.3542828631501735,0.5493679392404611,0.5730625889003056,50,0,C
3,art,32,population,lasso,,0.18540604427455312,0.36759854528131486,0.3764462702077465,50,0,C
3,art,32,identity,lasso,48.894207123096294,0.26040352949604634,0.3918455601999912,0.4049346982271857,50,0,C
3,art,32,pca,lasso,6.978601143807172,0.27973338049720614,0.40751741130596497,0.41342491059975117,50,0,C
3,art,32,emotion,lasso,3.444743373055681,0.25717093946511754,0.40510256632422686,0.40055216278004385,50,0,C
3,art,36,population,lasso,,0.33835093284699996,0.4199183440596708,0.48034277364118144,50,0,C
3,art,36,identity,lasso,48.902502424855776,0.3194704673414364,0.43630976274191496,0.4830400316727072,50,0,C
3,art,36,pca,lasso,6.978462273797316,0.454968347350303,0.5562651449165192,0.5771642041735272,50,0,C
3,art,36,emotion,lasso,3.709983336686684,0.3194704673414364,0.43630976274191496,0.4830400316727072,50,0,C
3,art,42,population,lasso,,0.268108266830449,0.36114140516954774,0.41225427492779926,50,0,C
3,art,42,identity,lasso,48.900606627054906,0.23067295240326327,0.37975694151849343,0.41976307035561694,50,0,C
3,art,42,pca,lasso,6.98028617354103,0.23586945192171568,0.347506782600455,0.4002113207492154,50,0,C
3,art,42,emotion,lasso,3.4541035596212977,0.22630377654299463,0.37356853348897906,0.4104960659997447,50,0,C
3,art,47,population,lasso,,0.37916515350144014,0.4766525822361409,0.512990873721765,50,0,C
3,art,47,identity,lasso,48.898013916181476,0.3934593800030809,0.4964061082301791,0.5202853358277814,50,0,C
3,art,47,pca,lasso,6.978039764797103,0.40427234691050495,0.5018877116935246,0.5261322260166897,50,0,C
3,art,47,emotion,lasso,3.610972252775987,0.3934593800030809,0.4964061082301791,0.5202853358277814,50,0,C
3,art,54,population,lasso,,0.15486066032749884,0.20263512432395908,0.2553202925084786,50,0,C
3,art,54,identity,lasso,48.903128768534174,0.19432072241871676,0.19169743295419994,0.23415793052445977,50,0,C
3,art,54,pca,lasso,6.977661929729392,0.2214395653752565,0.18007940671455142,0.26574905721948716,50,0,C
3,art,54,emotion,lasso,3.519296580380904,0.19432072241871676,0.19169743295419994,0.23415793052445977,50,0,C
3,art,55,population,lasso,,0.16914543327527531,0.27577066159794056,0.247900527734967,50,0,C
3,art,55,identity,lasso,48.88934811130776,0.17166283868423296,0.2756728358932233,0.26718960152484605,50,0,C
3,art,55,pca,lasso,6.978879221231833,0.17581103028053904,0.2673576509922566,0.25443512974205956,50,0,C
3,art,55,emotion,lasso,3.723867067504221,0.17166283868423296,0.2756728358932233,0.26718960152484605,50,0,C
3,art,59,population,lasso,,0.32998585815611264,0.5281646608483644,0.5668198281618968,50,0,C
3,art,59,identity,lasso,48.90413312575022,0.33499625612034906,0.5407809186639635,0.5988789103199565,50,0,C
3,art,59,pca,lasso,6.978117044757632,0.4800771214680488,0.5668970632472269,0.6074152505294356,50,0,C
3,art,59,emotion,lasso,3.5974776750876365,0.3267076095809537,0.5366573168876587,0.5887167295969996,50,0,C
3,art,60,population,lasso,,0.4400345565277051,0.6278644918060651,0.620400581171441,50,0,C
3,art,60,identity,lasso,48.89722472390656,0.4539426365218344,0.6500762123245746,0.6461800394577377,50,0,C
3,art,60,pca,lasso,6.980314348435291,0.6182868133738489,0.6755529073513729,0.682270335820653,50,0,C
3,art,60,emotion,lasso,3.6247648293938877,0.4539426365218344,0.6500762123245746,0.6461800394577377,50,0,C
3,art,67,population,lasso,,0.349475889431415,0.40350026748008927,0.37657262786279777,50,0,C
3,art,67,identity,lasso,48.90641663904839,0.33721017843991,0.41318720616213145,0.3843818914625373,50,0,C
3,art,67,pca,lasso,6.979507486185516,0.4367165230744813,0.5441965066079117,0.4650012465983273,50,0,C
3,art,67,emotion,lasso,3.7849506120249816,0.33386659555138226,0.40716559563005117,0.38199407899546217,50,0,C
3,art,68,population,lasso,,0.4323951756920151,0.635230595932943,0.649006649951416,50,0,C
3,art,68,identity,lasso,48.89905886041504,0.5421543451385823,0.6346324972941674,0.6474707239410593,50,0,C
3,art,68,pca,lasso,6.97648872237613,0.5995757695400604,0.6676276055332891,0.6542297510947175,50,0,C
3,art,68,emotion,lasso,3.569620717799176,0.5421543451385823,0.6346324972941674,0.6474707239410593,50,0,C
3,art,75,population,lasso,,0.3433189233905979,0.4798873481081716,0.47406788177416564,50,0,C
3,art,75,identity,lasso,48.89253204808942,0.42299758391425213,0.46653105748894,0.47999630453404973,50,0,C
3,art,75,pca,lasso,6.979427949844991,0.4187659811511055,0.46293111978297524,0.47622218504569813,50,0,C
3,art,75,emotion,lasso,3.7567917004252296,0.42299758391425213,0.46653105748894,0.47999630453404973,50,0,C
3,art,76,population,lasso,,0.3097963234385821,0.4992787240501347,0.4796390962448206,50,0,C
3,art,76,identity,lasso,48.89875006141826,0.35558078796923914,0.5611634964402268,0.5303941580803507,50,0,C
3,art,76,pca,lasso,6.97715206435297,0.4464704521972055,0.6178708529871066,0.6531254558824712,50,0,C
3,art,76,emotion,lasso,3.6298114763138862,0.33245801330005836,0.5378162816000815,0.5146513907633478,50,0,C
3,art,82,population,lasso,,0.3751856272019769,0.6272437790328598,0.6469770697895355,50,0,C
3,art,82,identity,lasso,48.89692007662927,0.5824160822393764,0.7410040347459885,0.7622130867981459,50,0,C
3,art,82,pca,lasso,6.978570443378801,0.6674835136065268,0.7439823075350446,0.7532977720069864,50,0,C
3,art,82,emotion,lasso,3.467597811234467,0.4218042738821887,0.6740173090642664,0.6907041024785352,50,0,C
3,art,84,population,lasso,,0.2134638659952733,0.26949829497921207,0.2956981759630613,50,0,C
3,art,84,identity,lasso,48.89837530693154,0.2159435596274619,0.2726443869183405,0.29075327889521085,50,0,C
3,art,84,pca,lasso,6.979284282618517,0.2943187707163543,0.3444463239161912,0.3479073592441472,50,0,C
3,art,84,emotion,lasso,3.5349274931333645,0.2136917823733829,0.26442395314190814,0.29156516887258693,50,0,C
3,art,88,population,lasso,,0.37015098532667295,0.5487524956225437,0.5813342576006112,50,0,C
3,art,88,identity,lasso,48.88840568925135,0.34477346132330994,0.5507847286927745,0.5702320609291652,50,0,C
3,art,88,pca,lasso,6.978519727815734,0.41698757926861946,0.5211934325238051,0.5426148042158446,50,0,C
3,art,88,emotion,lasso,3.6279765843067597,0.34477346132330994,0.5507847286927745,0.5702320609291652,50,0,C
3,art,95,population,lasso,,0.291883045254656,0.42955863400840066,0.49043583199620444,50,0,C
3,art,95,identity,lasso,48.90457428665746,0.3408374863102842,0.4828542451981046,0.5427351641448066,50,0,C
3,art,95,pca,lasso,6.978223894641262,0.4865691794254482,0.49727599766423236,0.6051640868209791,50,0,C
3,art,95,emotion,lasso,3.755893766265978,0.31891892348895495,0.45041777771373426,0.5263960259993299,50,0,C
3,art,96,population,lasso,,0.4541788298135938,0.6358364345983772,0.6802265539546998,50,0,C
3,art,96,identity,lasso,48.89597711962006,0.43113224183029336,0.6240917164695409,0.6732880855828697,50,0,C
3,art,96,pca,lasso,6.979086423220823,0.4740872554891345,0.6505296175294317,0.694356498155323,50,0,C
3,art,96,emotion,lasso,3.574243182466457,0.43113224183029336,0.6240917164695409,0.6732880855828697,50,0,C
3,art,107,population,lasso,,0.37102246776937203,0.45535445493828774,0.4955707087600696,50,0,C
3,art,107,identity,lasso,48.89983197365192,0.35983611657274617,0.4928234522602913,0.5083025919603172,50,0,C
3,art,107,pca,lasso,6.97938714218284,0.5178601095365009,0.5898775349151779,0.6352826698512855,50,0,C
3,art,107,emotion,lasso,3.6639824614208054,0.35983611657274617,0.4928234522602913,0.5083025919603172,50,0,C
3,art,122,population,lasso,,0.31005430541720913,0.5454237663111605,0.6045333169611645,50,0,C
3,art,122,identity,lasso,48.90378423416044,0.38296847032293513,0.5248936326490204,0.5872226704608857,50,0,C
3,art,122,pca,lasso,6.979212942656231,0.4809676891593531,0.533783475215641,0.5961205040698995,50,0,C
3,art,122,emotion,lasso,3.729647406159608,0.38296847032293513,0.5248936326490204,0.5872226704608857,50,0,C
3,art,123,population,lasso,,0.37873939700680587,0.44708902515708693,0.5261363335571717,50,0,C
3,art,123,identity,lasso,48.89118919034534,0.3484833070795411,0.4826366320450605,0.5161827989071882,50,0,C
3,art,123,pca,lasso,6.978601067565971,0.4715622073812917,0.5238698784213749,0.5313177875332388,50,0,C
3,art,123,emotion,lasso,3.7616097012447396,0.34932887477385843,0.4745778560746298,0.5169674150095696,50,0,C
3,art,132,population,lasso,,0.3586818379268681,0.5515666704718265,0.6395124037779695,50,0,C
3,art,132,identity,lasso,48.89732499720231,0.46859988777508127,0.5272605104285968,0.6178799702177816,50,0,C
3,art,132,pca,lasso,6.979881339298256,0.4228569980565921,0.47122268320062083,0.5387323693611343,50,0,C
3,art,132,emotion,lasso,3.6776303984291556,0.46719106232905444,0.539735362426344,0.6136817104575821,50,0,C
3,art,140,population,lasso,,0.3582149473321485,0.47374096079774614,0.5004064863963803,50,0,C
3,art,140,identity,lasso,48.896935024265176,0.36108715892186266,0.46337818423457755,0.5094695648175886,50,0,C
3,art,140,pca,lasso,6.978575820710148,0.33883190929331947,0.46490067747371605,0.49602183849744574,50,0,C
3,art,140,emotion,lasso,3.6815784808055776,0.3729827475940157,0.4884747663377963,0.5150217078518697,50,0,C
3,art,141,population,lasso,,0.34720655942359036,0.49914000888201193,0.4787845969955651,50,0,C
3,art,141,identity,lasso,48.90033744605505,0.3830891178517564,0.5153465049484464,0.49875363797765576,50,0,C
3,art,141,pca,lasso,6.978021729850826,0.37539316996553623,0.5106802382791633,0.5051025309717412,50,0,C
3,art,141,emotion,lasso,3.5874760988148227,0.3830891178517564,0.5153465049484464,0.49875363797765576,50,0,C
3,fashion,0,population,lasso,,0.25688510028034056,0.2876837186994515,0.352695150887264,50,0,C
3,fashion,0,identity,lasso,48.90663072340826,0.24662740090415633,0.25844818102124634,0.3310013637309025,50,0,C
3,fashion,0,pca,lasso,6.90909725575209,0.22889616163052381,0.2438304121821438,0.30209281445967273,50,0,C
3,fashion,0,emotion,lasso,6.675205783774246,0.22240082503040406,0.31968206492112966,0.3832587204231656,50,0,C
3,fashion,9,population,lasso,,0.2642391645373035,0.3089588166470588,0.3457890210854541,50,0,C
3,fashion,9,identity,lasso,48.90211624874792,0.22940800426739277,0.30992910053404954,0.3171750934354809,50,0,C
3,fashion,9,pca,lasso,6.911460755368965,0.22940800426739277,0.30992910053404954,0.3171750934354809,50,0,C
3,fashion,9,emotion,lasso,6.685590721783016,0.22940800426739277,0.30992910053404954,0.3171750934354809,50,0,C
3,fashion,10,population,lasso,,0.2050808651022812,0.49535853266384117,0.5100929301425051,50,0,C
3,fashion,10,identity,lasso,48.90383107915514,0.3357843603220142,0.5396281647318868,0.5202824770294189,50,0,C
3,fashion,10,pca,lasso,6.91409437124108,0.20472889553940968,0.4465245150278041,0.47121717533190755,50,0,C
3,fashion,10,emotion,lasso,6.670622841619143,0.36997466436734056,0.4823524877658012,0.5197135450831905,50,0,C
3,fashion,11,population,lasso,,0.4193474808650639,0.6358153402604962,0.6102960919893625,50,0,C
3,fashion,11,identity,lasso,48.90324368716147,0.3791603903149716,0.6017404603154848,0.5945277065303997,50,0,C
3,fashion,11,pca,lasso,6.914581359938207,0.3791603903149716,0.6017404603154848,0.5945277065303997,50,0,C
3,fashion,11,emotion,lasso,6.709199222750609,0.4996809578918591,0.5730458245723175,0.563873681655983,50,0,C
3,fashion,24,population,lasso,,0.3127051493015038,0.4420606899533609,0.49895664473611223,50,0,C
3,fashion,24,identity,lasso,48.89907589585807,0.2579539759082275,0.40583383191533123,0.46520399723092354,50,0,C
3,fashion,24,pca,lasso,6.916758257921881,0.2579539759082275,0.40583383191533123,0.46520399723092354,50,0,C
3,fashion,24,emotion,lasso,6.546894484474257,0.2579539759082275,0.40583383191533123,0.46520399723092354,50,0,C
3,fashion,28,population,lasso,,0.31322165218538284,0.4643147270636995,0.4267887728181428,50,0,C
3,fashion,28,identity,lasso,48.900071618131385,0.2858591472500136,0.44701075745400315,0.4224330883379936,50,0,C
3,fashion,28,pca,lasso,6.908327542341557,0.2858591472500136,0.44701075745400315,0.4224330883379936,50,0,C
3,fashion,28,emotion,lasso,6.670718848662126,0.2858591472500136,0.44701075745400315,0.4224330883379936,50,0,C
3,fashion,31,population,lasso,,0.05437269680218667,0.22138884759162702,0.1414332465003146,50,0,C
3,fashion,31,identity,lasso,48.90849818215158,0.05962734925345459,0.20997907066421073,0.15882140309035908,50,0,C
3,fashion,31,pca,lasso,6.910004822282309,0.04482016608289967,0.23412078751063237,0.12707279347030376,50,0,C
3,fashion,31,emotion,lasso,6.746522700058246,-0.009974589136132422,-0.0252680038392567,-0.04137088296457533,50,0,C
3,fashion,32,population,lasso,,0.09976105919038855,0.2352497268931556,0.2238088732273937,50,0,C
3,fashion,32,identity,lasso,48.905381513137684,0.09946852262120011,0.23944277902016314,0.24134019602224052,50,0,C
3,fashion,32,pca,lasso,6.91334374453081,0.10037099574339714,0.24446469028855589,0.2407920614494533,50,0,C
3,fashion,32,emotion,lasso,6.5976043425563695,0.1009028767904029,0.24378210040741513,0.23991044481223114,50,0,C
3,fashion,36,population,lasso,,0.2775569670611325,0.33340553322798266,0.40700704621973094,50,0,C
3,fashion,36,identity,lasso,48.90177415681125,0.27063948989267245,0.35285087384435215,0.4224346544206946,50,0,C
3,fashion,36,pca,lasso,6.9126299217898435,0.272732284932915,0.3586695563305804,0.42480025394362736,50,0,C
3,fashion,36,emotion,lasso,6.590311108325457,0.23942792303099036,0.4172542398243995,0.4371471123219166,50,0,C
3,fashion,42,population,lasso,,0.06385998492028365,0.22601285886513886,0.14971205503937926,50,0,C
3,fashion,42,identity,lasso,48.902220594402,0.06545048189277718,0.19023456858270701,0.13050291888173768,50,0,C
3,fashion,42,pca,lasso,6.911545523073896,0.06545048189277718,0.19023456858270701,0.13050291888173768,50,0,C
3,fashion,42,emotion,lasso,6.677183891672355,0.0678999310288842,0.20502559361566763,0.14190151075868737,50,0,C
3,fashion,47,population,lasso,,0.18035851336961223,0.32708888444246054,0.41868289783498347,50,0,C
3,fashion,47,identity,lasso,48.902928866024844,0.18142854016151774,0.3541997462802092,0.42953698013711933,50,0,C
3,fashion,47,pca,lasso,6.916920213772324,0.18142854016151774,0.3541997462802092,0.42953698013711933,50,0,C
3,fashion,47,emotion,lasso,6.6211022461095155,0.18142854016151774,0.3541997462802092,0.42953698013711933,50,0,C
3,fashion,54,population,lasso,,0.06910112678379575,0.05701380877368278,0.13171781208437172,50,0,C
3,fashion,54,identity,lasso,48.905852403490435,0.04330251851935631,0.006766036643299179,0.09577885137495298,50,0,C
3,fashion,54,pca,lasso,6.910072214915114,0.06323738702361262,0.040894721476411204,0.13669963899398987,50,0,C
3,fashion,54,emotion,lasso,6.587726481307415,0.06323738702361262,0.040894721476411204,0.13669963899398987,50,0,C
3,fashion,55,population,lasso,,0.2845553907982344,0.24440984519202227,0.3986035662160131,50,0,C
3,fashion,55,identity,lasso,48.904014816490445,0.26305592745129525,0.24016714484150978,0.38741354533841366,50,0,C
3,fashion,55,pca,lasso,6.90548467317809,0.26305592745129525,0.24016714484150978,0.38741354533841366,50,0,C
3,fashion,55,emotion,lasso,6.66433136829509,0.26305592745129525,0.24016714484150978,0.38741354533841366,50,0,C
3,fashion,59,population,lasso,,0.1439293731035946,0.18714419054442333,0.3607100984094129,50,0,C
3,fashion,59,identity,lasso,48.904914085796655,0.3146446374813462,0.44422016899313177,0.5702263899158833,50,0,C
3,fashion,59,pca,lasso,6.9132782630049645,0.2541579101450685,0.2882337057327958,0.46114734582544054,50,0,C
3,fashion,59,emotion,lasso,6.668200400918316,0.36142617463006393,0.259647727367395,0.45421901081134713,50,0,C
3,fashion,60,population,lasso,,0.2794532168201588,0.41082984791773214,0.44443490132254543,50,0,C
3,fashion,60,identity,lasso,48.900214476068186,0.2996802995596802,0.43655381540383686,0.46376848205003146,50,0,C
3,fashion,60,pca,lasso,6.916647809152643,0.2996802995596802,0.43655381540383686,0.46376848205003146,50,0,C
3,fashion,60,emotion,lasso,6.670060986071431,0.3252320984838829,0.4552438855304599,0.46746901600479573,50,0,C
3,fashion,67,population,lasso,,0.04971098433713528,0.047113823751123024,0.06522265620445225,50,0,C
3,fashion,67,identity,lasso,48.901751098078954,0.023614617246039776,-0.002228706734101529,0.029959607466534817,50,0,C
3,fashion,67,pca,lasso,6.913317363013604,0.023614617246039776,-0.002228706734101529,0.029959607466534817,50,0,C
3,fashion,67,emotion,lasso,6.794155118075248,0.023614617246039776,-0.002228706734101529,0.029959607466534817,50,0,C
3,fashion,68,population,lasso,,0.2077600736601168,0.44951766197895826,0.3980875282134193,50,0,C
3,fashion,68,identity,lasso,48.90411702566367,0.29866161304861844,0.44552058290527397,0.4109958844693279,50,0,C
3,fashion,68,pca,lasso,6.91677773604894,0.29866161304861844,0.44552058290527397,0.4109958844693279,50,0,C
3,fashion,68,emotion,lasso,6.550579063786015,0.29866161304861844,0.44552058290527397,0.4109958844693279,50,0,C
3,fashion,75,population,lasso,,0.31120127041370005,0.4362405110401935,0.44964888830852917,50,0,C
3,fashion,75,identity,lasso,48.90830227612539,0.28308340555098277,0.4638685716560307,0.4900796703032337,50,0,C
3,fashion,75,pca,lasso,6.902474933986492,0.28308340555098277,0.4638685716560307,0.4900796703032337,50,0,C
3,fashion,75,emotion,lasso,6.647346102076813,0.28308340555098277,0.4638685716560307,0.4900796703032337,50,0,C
3,fashion,76,population,lasso,,0.22304521972136862,0.3156493853383382,0.3180690827170327,50,0,C
3,fashion,76,identity,lasso,48.904505529551194,0.20899142094676387,0.31002274622278403,0.31882065095084006,50,0,C
3,fashion,76,pca,lasso,6.913554824981783,0.21195753554948224,0.3211746435689274,0.3232109145410558,50,0,C
3,fashion,76,emotion,lasso,6.661308202278659,0.2507401154991432,0.323506403923121,0.3299915051552289,50,0,C
3,fashion,82,population,lasso,,0.19827479187599087,0.36996933514586133,0.36395953059951675,50,0,C
3,fashion,82,identity,lasso,48.905948700684746,0.21641430849830223,0.38577404344467703,0.39011388123264473,50,0,C
3,fashion,82,pca,lasso,6.910916763185288,0.21641430849830223,0.38577404344467703,0.39011388123264473,50,0,C
3,fashion,82,emotion,lasso,6.717739939654422,0.21641430849830223,0.38577404344467703,0.39011388123264473,50,0,C
3,fashion,84,population,lasso,,0.19343317010338493,0.4064131633353817,0.39485580833264555,50,0,C
3,fashion,84,identity,lasso,48.905928603106936,0.19403714682899462,0.4412442125424235,0.405409210128957,50,0,C
3,fashion,84,pca,lasso,6.9134485002040496,0.19403714682899462,0.4412442125424235,0.405409210128957,50,0,C
3,fashion,84,emotion,lasso,6.631790405418973,0.19403714682899462,0.4412442125424235,0.405409210128957,50,0,C
3,fashion,88,population,lasso,,0.12050926709916045,0.33591623862151326,0.3039153464619974,50,0,C
3,fashion,88,identity,lasso,48.90133033223782,0.14045935740038998,0.33542862613984464,0.3451894100710227,50,0,C
3,fashion,88,pca,lasso,6.911014628413719,0.09852427070771996,0.2735993634642635,0.26341179721353564,50,0,C
3,fashion,88,emotion,lasso,6.49216720719371,0.09852427070771996,0.2735993634642635,0.26341179721353564,50,0,C
3,fashion,95,population,lasso,,0.0601382858589128,0.16242501907712095,0.14381152157491653,50,0,C
3,fashion,95,identity,lasso,48.906546048958205,0.0643361863923028,0.17316183742239397,0.15455094451077614,50,0,C
3,fashion,95,pca,lasso,6.910279148365669,0.051436077253661325,0.13560748649783175,0.16074209451054994,50,0,C
3,fashion,95,emotion,lasso,6.694781710341991,0.05374135267704451,0.14668749081761118,0.16315409208524553,50,0,C
3,fashion,96,population,lasso,,0.21166399802482386,0.32904900057861236,0.3448226021641874,50,0,C
3,fashion,96,identity,lasso,48.90572172737811,0.22453450958886398,0.37032223408967463,0.378798806131302,50,0,C
3,fashion,96,pca,lasso,6.911929789305419,0.22453450958886398,0.37032223408967463,0.378798806131302,50,0,C
3,fashion,96,emotion,lasso,6.656829822066323,0.22453450958886398,0.37032223408967463,0.378798806131302,50,0,C
3,fashion,107,population,lasso,,0.11165201634423681,0.1911619924477929,0.20157542030191675,50,0,C
3,fashion,107,identity,lasso,48.90053563655775,0.09209399042059618,0.14404110691966543,0.17743165319075502,50,0,C
3,fashion,107,pca,lasso,6.917149330417016,0.0946479297534967,0.14463631810528388,0.18320757311856753,50,0,C
3,fashion,107,emotion,lasso,6.604263893432208,0.0946479297534967,0.14463631810528388,0.18320757311856753,50,0,C
3,fashion,122,population,lasso,,0.10635363472047037,0.21939188019658928,0.23089824753378857,50,0,C
3,fashion,122,identity,lasso,48.89998340192646,0.08976147082787968,0.2009796185839325,0.19484018731790673,50,0,C
3,fashion,122,pca,lasso,6.9029914552547424,0.11247075598752168,0.20403996724434686,0.23890154506095918,50,0,C
3,fashion,122,emotion,lasso,6.611739121334274,0.08939288325464387,0.20223385983820066,0.22358620782144822,50,0,C
3,fashion,123,population,lasso,,0.3572725642381879,0.5359186507827997,0.4749525105141555,50,0,C
3,fashion,123,identity,lasso,48.905199075495226,0.3638389252758205,0.5208464097370661,0.4908883186847045,50,0,C
3,fashion,123,pca,lasso,6.913884137825829,0.3627110716827214,0.5207961689335803,0.49036348438813737,50,0,C
3,fashion,123,emotion,lasso,6.697757476719319,0.3627110716827214,0.5207961689335803,0.49036348438813737,50,0,C
3,fashion,132,population,lasso,,0.10635198708778279,0.27904904814191656,0.31629300900731777,50,0,C
3,fashion,132,identity,lasso,48.90833287130955,0.1838361901947524,0.320983326228333,0.3446416264081057,50,0,C
3,fashion,132,pca,lasso,6.902911803401239,0.1838361901947524,0.320983326228333,0.3446416264081057,50,0,C
3,fashion,132,emotion,lasso,6.745259116459354,0.1838361901947524,0.320983326228333,0.3446416264081057,50,0,C
3,fashion,140,population,lasso,,0.20468992461486496,0.3613693185780144,0.4216775420992807,50,0,C
3,fashion,140,identity,lasso,48.902105388835515,0.2192828494166952,0.4337019494954459,0.5018786463150113,50,0,C
3,fashion,140,pca,lasso,6.910003609650531,0.2192828494166952,0.4337019494954459,0.5018786463150113,50,0,C
3,fashion,140,emotion,lasso,6.5711839584447835,0.27149663770618937,0.4191080943746642,0.48369045455426235,50,0,C
3,fashion,141,population,lasso,,0.16605589776782778,0.31070107317763634,0.2727830617940577,50,0,C
3,fashion,141,identity,lasso,48.900423775225384,0.18871287826565558,0.2781054286756945,0.27661906607473125,50,0,C
3,fashion,141,pca,lasso,6.91707304176727,0.18871287826565558,0.2781054286756945,0.27661906607473125,50,0,C
3,fashion,141,emotion,lasso,6.706889819293622,0.18871287826565558,0.2781054286756945,0.27661906607473125,50,0,C
3,landscape,0,population,lasso,,0.14606333514259304,0.460365345324975,0.427047035816618,50,0,C
3,landscape,0,identity,lasso,48.95134278839403,0.37281845241498285,0.4860513910895525,0.48447858313830056,50,0,C
3,landscape,0,pca,lasso,6.9952889467201,0.4058419471872039,0.44325784380223515,0.4148049604292417,50,0,C
3,landscape,0,emotion,lasso,6.599532400052355,0.29820361204859996,0.4278362989513016,0.38863721264121037,50,0,C
3,landscape,9,population,lasso,,0.39730605181389234,0.47464180549846186,0.5505292586799927,50,0,C
3,landscape,9,identity,lasso,48.953749987968344,0.48925480911431585,0.49391048647017227,0.6229435514035528,50,0,C
3,landscape,9,pca,lasso,6.995331652110848,0.5772306389119377,0.5819242011169957,0.6724557470564108,50,0,C
3,landscape,9,emotion,lasso,6.584678074767345,0.4848956827349991,0.5170931182642615,0.6235243263307566,50,0,C
3,landscape,10,population,lasso,,0.1934522670853127,0.6316594396971398,0.6390481176540118,50,0,C
3,landscape,10,identity,lasso,48.94869328044262,0.44040493415535714,0.5854010569852833,0.5568020444478188,50,0,C
3,landscape,10,pca,lasso,6.995005309067119,0.6039317668211148,0.7018057491427382,0.6566065301986296,50,0,C
3,landscape,10,emotion,lasso,6.512757405499224,0.5749035015832231,0.7075819281480282,0.6865228604090734,50,0,C
3,landscape,11,population,lasso,,0.24716375519151387,0.35892222990608796,0.4283348306991848,50,0,C
3,landscape,11,identity,lasso,48.94758553161728,0.24932425059091973,0.2812214834319129,0.3330092102169768,50,0,C
3,landscape,11,pca,lasso,6.99507778537883,0.4689068318040626,0.49415899867427476,0.5701037941287695,50,0,C
3,landscape,11,emotion,lasso,6.6064051781815385,0.36058759224274484,0.38495395207510097,0.45995756523542836,50,0,C
3,landscape,24,population,lasso,,0.08858214458861534,0.11983656847885509,0.11573202429427816,50,0,C
3,landscape,24,identity,lasso,48.952300379873236,0.13535496535330124,0.20323160736180107,0.18938675588955578,50,0,C
3,landscape,24,pca,lasso,6.994531460486282,0.13452411477355342,0.13126497716869642,0.18086114861920233,50,0,C
3,landscape,24,emotion,lasso,6.664092448284831,0.0681621597773488,0.14501141214940177,0.18611188971980402,50,0,C
3,landscape,28,population,lasso,,0.21012622578777598,0.3090570361448919,0.3263828121496469,50,0,C
3,landscape,28,identity,lasso,48.952495223761495,0.20933020807234579,0.32273822341372627,0.348551693846974,50,0,C
3,landscape,28,pca,lasso,6.995191302672455,0.2914876055234483,0.4252487021222947,0.42724795005175153,50,0,C
3,landscape,28,emotion,lasso,6.655946210534249,0.254867504083775,0.350838791509066,0.35901729561024864,50,0,C
3,landscape,31,population,lasso,,0.08155116018054527,0.4108785871586063,0.2709623805525323,50,0,C
3,landscape,31,identity,lasso,48.951542493251175,0.11833389924208809,0.3335668530016598,0.17152651082358086,50,0,C
3,landscape,31,pca,lasso,6.995085159094882,0.1814639527582223,0.3617779559953535,0.2900173199165608,50,0,C
3,landscape,31,emotion,lasso,6.515980441409817,0.1240608487739109,0.42818412765201547,0.2551147684312761,50,0,C
3,landscape,32,population,lasso,,0.279992612593213,0.5672174104392974,0.5590383200836626,50,0,C
3,landscape,32,identity,lasso,48.9542864798848,0.3694466760026526,0.5055090889343405,0.5148585439542293,50,0,C
3,landscape,32,pca,lasso,6.994803548811525,0.38139223761852403,0.4404241820337914,0.4350333488014655,50,0,C
3,landscape,32,emotion,lasso,6.647716329941459,0.48712626072870846,0.551019587744499,0.5900714021235437,50,0,C
3,landscape,36,population,lasso,,0.3232235578491162,0.5828139255616032,0.5797627190589181,50,0,C
3,landscape,36,identity,lasso,48.954590720884426,0.5117719393226503,0.6131589880684749,0.6145935562150456,50,0,C
3,landscape,36,pca,lasso,6.995110063753353,0.5026441174126627,0.5873830675429978,0.5666596150580825,50,0,C
3,landscape,36,emotion,lasso,6.607843173203181,0.5389670985263401,0.5688581766836474,0.5930068087854801,50,0,C
3,landscape,42,population,lasso,,0.30246355086189014,0.5154890297077461,0.4989455895077597,50,0,C
3,landscape,42,identity,lasso,48.95278526356165,0.4048496659098958,0.5537714462927971,0.5338502721352525,50,0,C
3,landscape,42,pca,lasso,6.995102962251958,0.2371577769143447,0.3291676936688017,0.3251965360081577,50,0,C
3,landscape,42,emotion,lasso,6.55241438483621,0.3522985068308701,0.4716576990166174,0.4585085118085034,50,0,C
3,landscape,47,population,lasso,,0.36799059239953036,0.5217968229717819,0.5535773029257693,50,0,C
3,landscape,47,identity,lasso,48.95430916595082,0.5388716897025703,0.49673694289437426,0.5837237483605565,50,0,C
3,landscape,47,pca,lasso,6.995111691046736,0.6044132760116134,0.4973884997763868,0.6324264966348622,50,0,C
3,landscape,47,emotion,lasso,6.619397002519969,0.6098747450536841,0.5122239487822122,0.6480457628735192,50,0,C
3,landscape,54,population,lasso,,0.15498853082306363,0.25705059879602293,0.30818777308274553,50,0,C
3,landscape,54,identity,lasso,48.95120582197542,0.11038719002273055,0.11293271301639171,0.20751332071309614,50,0,C
3,landscape,54,pca,lasso,6.9948952213368365,-0.009736003701858053,-0.014583357489605542,-0.024123293941035344,50,0,C
3,landscape,54,emotion,lasso,6.564933144270176,0.08533103358000059,0.28510716199401837,0.2831896013735634,50,0,C
3,landscape,55,population,lasso,,0.41377643512126216,0.6324829735624852,0.6498277627703292,50,0,C
3,landscape,55,identity,lasso,48.95266379439772,0.5104896822400133,0.5745641978825374,0.5991983613798516,50,0,C
3,landscape,55,pca,lasso,6.994480798395338,0.4960676480654701,0.5228101674251764,0.5595380329506162,50,0,C
3,landscape,55,emotion,lasso,6.698744311750453,0.5061101996694184,0.6159276496986031,0.6359424037446064,50,0,C
3,landscape,59,population,lasso,,0.24977667481505747,0.48674892744164633,0.4789141113767915,50,0,C
3,landscape,59,identity,lasso,48.95128285354719,0.434064282512942,0.5107320197728605,0.5299140396104403,50,0,C
3,landscape,59,pca,lasso,6.994331370227334,0.3986322281973983,0.4889572207398095,0.4766394934135421,50,0,C
3,landscape,59,emotion,lasso,6.672176659493227,0.4209162241311174,0.5416994816052423,0.49425963787351523,50,0,C
3,landscape,60,population,lasso,,0.4301685983462316,0.7392338863465485,0.6989376094892306,50,0,C
3,landscape,60,identity,lasso,48.954281532167265,0.6432668847851316,0.7708978601609289,0.7572174139621181,50,0,C
3,landscape,60,pca,lasso,6.995083184935448,0.7555006146856245,0.8198864811627757,0.806023985553103,50,0,C
3,landscape,60,emotion,lasso,6.65121826032698,0.6799971494566587,0.8036874466456815,0.7774237402233859,50,0,C
3,landscape,67,population,lasso,,0.38349228081033215,0.49130634812593543,0.4488208281427752,50,0,C
3,landscape,67,identity,lasso,48.95203152027314,0.4391629837487326,0.4817709227793872,0.46244833022766185,50,0,C
3,landscape,67,pca,lasso,6.9945011610036465,0.3430534068704984,0.42383677094414257,0.45683380754022074,50,0,C
3,landscape,67,emotion,lasso,6.5998070152915105,0.3644976348260551,0.4662565280263546,0.4577554597376299,50,0,C
3,landscape,68,population,lasso,,0.16474019341337162,0.30199532957071923,0.29979968396024026,50,0,C
3,landscape,68,identity,lasso,48.951788475794686,0.319931957523452,0.36647298186238225,0.39407340414114556,50,0,C
3,landscape,68,pca,lasso,6.995112933156241,0.17070631384666643,0.19143364982718544,0.19584948976767463,50,0,C
3,landscape,68,emotion,lasso,6.646607992179057,0.3063909321780218,0.3487791144893212,0.3695519121528828,50,0,C
3,landscape,75,population,lasso,,0.26062687023795217,0.4334212697460177,0.41860993695301046,50,0,C
3,landscape,75,identity,lasso,48.946834872730264,0.4127950484407676,0.4655576662912761,0.4739959286699159,50,0,C
3,landscape,75,pca,lasso,6.995046268594898,0.4459677991011228,0.5749894479911428,0.5516713772870648,50,0,C
3,landscape,75,emotion,lasso,6.493429907224255,0.3572128174635903,0.5041528484167089,0.44795425363752744,50,0,C
3,landscape,76,population,lasso,,0.2946703427833485,0.38740770525454327,0.4411079145474148,50,0,C
3,landscape,76,identity,lasso,48.95053960522079,0.39893451343945535,0.47049527548581144,0.4807532795407994,50,0,C
3,landscape,76,pca,lasso,6.995065613231372,0.4003936972385774,0.39352519684670667,0.431056900646111,50,0,C
3,landscape,76,emotion,lasso,6.617096092133149,0.40080101570617777,0.4795210827529378,0.46292001550146394,50,0,C
3,landscape,82,population,lasso,,0.29164617795177505,0.4744622380261111,0.45940926582825375,50,0,C
3,landscape,82,identity,lasso,48.94787920219004,0.39963662160184465,0.48135318894148393,0.5108834310540231,50,0,C
3,landscape,82,pca,lasso,6.994530757834768,0.3883551509696087,0.5280697826471733,0.5071551612927747,50,0,C
3,landscape,82,emotion,lasso,6.55115291269864,0.30995424402008165,0.4804411513203317,0.48263003734131077,50,0,C
3,landscape,84,population,lasso,,0.3231128008869206,0.5258621956545636,0.5261794531254952,50,0,C
3,landscape,84,identity,lasso,48.952018553844354,0.37352687239056803,0.6276880534860062,0.5852230186021696,50,0,C
3,landscape,84,pca,lasso,6.995292786978824,0.3699130182611267,0.5248929114367293,0.576116816342313,50,0,C
3,landscape,84,emotion,lasso,6.645856321855823,0.37987589736895094,0.558511769307932,0.5778046120323849,50,0,C
3,landscape,88,population,lasso,,0.38855100927938496,0.6715142251977014,0.673366518083452,50,0,C
3,landscape,88,identity,lasso,48.95201732914863,0.6600007125153501,0.7327744853221201,0.7669302933888775,50,0,C
3,landscape,88,pca,lasso,6.995327430231554,0.5954624396478058,0.7268539649746323,0.7034614752821448,50,0,C
3,landscape,88,emotion,lasso,6.603747731087935,0.5548768608606182,0.6958323955506056,0.7095797146630601,50,0,C
3,landscape,95,population,lasso,,0.21936838204480902,0.44085461293468475,0.46757118906054174,50,0,C
3,landscape,95,identity,lasso,48.95329483536374,0.36688213142952725,0.4042734812303581,0.4484488180478496,50,0,C
3,landscape,95,pca,lasso,6.995104843158858,0.4047419216748437,0.5310946712526647,0.5615820132095596,50,0,C
3,landscape,95,emotion,lasso,6.629813589626511,0.43479043799426853,0.5159969105357234,0.5591583146868583,50,0,C
3,landscape,96,population,lasso,,0.38044412871284444,0.5913344426425794,0.5874795340188947,50,0,C
3,landscape,96,identity,lasso,48.95238880588269,0.44229196675041055,0.5784480999146379,0.56858284204991,50,0,C
3,landscape,96,pca,lasso,6.995305975915008,0.4270048928072314,0.5145120148413894,0.5252895283219925,50,0,C
3,landscape,96,emotion,lasso,6.700962975356165,0.37502268144598927,0.5706171685645811,0.5606929287631192,50,0,C
3,landscape,107,population,lasso,,0.1287143822123244,0.1999182374868888,0.1849515085443048,50,0,C
3,landscape,107,identity,lasso,48.951440861047296,0.21570025178139818,0.26898452806292794,0.2695597970254573,50,0,C
3,landscape,107,pca,lasso,6.99505023435011,0.12826686734263967,0.12127741421005576,0.15384562246502753,50,0,C
3,landscape,107,emotion,lasso,6.554428713428004,0.1450259761530935,0.25307684091942145,0.18798143878023654,50,0,C
3,landscape,122,population,lasso,,0.25230648585364734,0.5343230203043873,0.5300928085735649,50,0,C
3,landscape,122,identity,lasso,48.95210074488536,0.3741127589622344,0.47139164235742614,0.5512008105798537,50,0,C
3,landscape,122,pca,lasso,6.9953142374848465,0.4802570214256666,0.5320472000327204,0.5765416433978362,50,0,C
3,landscape,122,emotion,lasso,6.565245790622905,0.45205847525987264,0.5347188151342424,0.5892898695374201,50,0,C
3,landscape,123,population,lasso,,0.38928726498959193,0.66068611642936,0.6499367748012611,50,0,C
3,landscape,123,identity,lasso,48.94994305181595,0.4914615761244995,0.6735389701720934,0.6679101473864948,50,0,C
3,landscape,123,pca,lasso,6.9948828898184106,0.5699190901270628,0.6853537088048369,0.662982566813642,50,0,C
3,landscape,123,emotion,lasso,6.513150477421297,0.5068740085278729,0.685650313121977,0.6422074155433929,50,0,C
3,landscape,132,population,lasso,,0.07191878799833308,0.3718958770900525,0.43953876363658895,50,0,C
3,landscape,132,identity,lasso,48.94949141528943,0.24199460051532012,0.25468217517892344,0.30969295801148755,50,0,C
3,landscape,132,pca,lasso,6.994826292414451,0.36690947466362744,0.34412805771136573,0.42151646901499473,50,0,C
3,landscape,132,emotion,lasso,6.522942075223324,0.2640328713018196,0.25478370285489665,0.3110947786507527,50,0,C
3,landscape,140,population,lasso,,0.23610298525135248,0.491103838208049,0.4266656849557858,50,0,C
3,landscape,140,identity,lasso,48.95289356160935,0.2935719221285658,0.475171840212654,0.41459344918253394,50,0,C
3,landscape,140,pca,lasso,6.99506260170898,0.23652781804850234,0.36504190406948656,0.31864226248550503,50,0,C
3,landscape,140,emotion,lasso,6.603846677919936,0.2739458501377597,0.4861748763282237,0.38561756535434377,50,0,C
3,landscape,141,population,lasso,,0.2976193753971502,0.44107306642996613,0.4359895632594693,50,0,C
3,landscape,141,identity,lasso,48.95317812675729,0.38440952671663486,0.5123374950802777,0.488692296497216,50,0,C
3,landscape,141,pca,lasso,6.99512145926561,0.364664966559036,0.6195824976930021,0.5424089918936368,50,0,C
3,landscape,141,emotion,lasso,6.578034884113179,0.3918444166278231,0.5379668112499079,0.5397013224843588,50,0,C
4,art,1,population,lasso,,0.3212815916583224,0.3784430199175785,0.34816280705184227,50,0,C
4,art,1,identity,lasso,48.95303671806278,0.327556032547014,0.3720060383568632,0.3828782958088149,50,0,C
4,art,1,pca,lasso,6.9767807085835525,0.32802739737921716,0.3738083931938635,0.39584829071070177,50,0,C
4,art,1,emotion,lasso,6.818391604386552,0.34253552673402177,0.3776705821302927,0.39993130109636,50,0,C
4,art,2,population,lasso,,0.47451290191939,0.7682037048469291,0.7462074922798864,50,0,C
4,art,2,identity,lasso,48.94983002597761,0.6183158085693029,0.7423867380970808,0.7155878878978648,50,0,C
4,art,2,pca,lasso,6.97931047087149,0.630555510997188,0.7352870722408725,0.6877986050478879,50,0,C
4,art,2,emotion,lasso,6.712979925601406,0.6892459266072484,0.7875167818963348,0.7564440415400366,50,0,C
4,art,12,population,lasso,,0.41876152784728865,0.48891060821062526,0.49018135828676607,50,0,C
4,art,12,identity,lasso,48.95256404718867,0.3187996937784884,0.35630156227624915,0.368622308868087,50,0,C
4,art,12,pca,lasso,6.9784034211321835,0.3748411590137274,0.4588020400670487,0.44469426586548594,50,0,C
4,art,12,emotion,lasso,6.782823732321673,0.422180986124142,0.5174026089370969,0.5084477290980514,50,0,C
4,art,13,population,lasso,,0.23656073678199116,0.34405877105834437,0.3781783528975511,50,0,C
4,art,13,identity,lasso,48.95202804215466,0.325200696687853,0.4834454276323013,0.4876324751545172,50,0,C
4,art,13,pca,lasso,6.978389368790656,0.34605537456988816,0.5150351653308967,0.5020422167217721,50,0,C
4,art,13,emotion,lasso,6.761895251762995,0.2064196284696224,0.3297576805033214,0.3104913809251854,50,0,C
4,art,26,population,lasso,,0.3034282715722474,0.4075274015508536,0.38135933469227745,50,0,C
4,art,26,identity,lasso,48.94999393292734,0.34478365424919155,0.38294558900030456,0.3698268909628929,50,0,C
4,art,26,pca,lasso,6.977790519013734,0.3861591590858924,0.4441748288156232,0.40239821739007126,50,0,C
4,art,26,emotion,lasso,6.769101505280796,0.37008478777085996,0.4359642030349917,0.4103371962029109,50,0,C
4,art,29,population,lasso,,0.22082747344262862,0.25599015606024633,0.26039024793622384,50,0,C
4,art,29,identity,lasso,48.95067084252257,0.259764315266043,0.3273598676194258,0.30914532757078106,50,0,C
4,art,29,pca,lasso,6.9762509659885845,0.3427079929293857,0.4275607170869911,0.44109004790859274,50,0,C
4,art,29,emotion,lasso,6.829078751182243,0.24694381005929336,0.3316086668901353,0.33937127721936716,50,0,C
4,art,34,population,lasso,,0.2554110271449753,0.6165540616070493,0.5955179418524631,50,0,C
4,art,34,identity,lasso,48.95031838651746,0.6169817306296613,0.6690718633835434,0.6640215123525939,50,0,C
4,art,34,pca,lasso,6.97917354633793,0.5147725197826324,0.6210414981907685,0.6141443507349315,50,0,C
4,art,34,emotion,lasso,6.68471866029022,0.6105559374263199,0.6512700545184595,0.6448615283474991,50,0,C
4,art,38,population,lasso,,0.39478207159370177,0.6217008493693564,0.6083592770443723,50,0,C
4,art,38,identity,lasso,48.95163231776944,0.514869031121797,0.6381593653942623,0.6365464137526994,50,0,C
4,art,38,pca,lasso,6.979872607460118,0.5387838315711022,0.6423719617577798,0.6396720835345542,50,0,C
4,art,38,emotion,lasso,6.787395583645959,0.49866300273111064,0.6627981557529753,0.6595014514860987,50,0,C
4,art,43,population,lasso,,0.21087144204642314,0.3900867855323119,0.3989598185090366,50,0,C
4,art,43,identity,lasso,48.95113983262419,0.175098842021854,0.24477762135473885,0.2408569107057601,50,0,C
4,art,43,pca,lasso,6.979517111211892,0.25413026521164567,0.36902748637614197,0.4060362713239403,50,0,C
4,art,43,emotion,lasso,6.783010900722015,0.2783459605072842,0.34106269610132084,0.34143666329496974,50,0,C
4,art,48,population,lasso,,0.3888458082951585,0.5716007538243746,0.5795522662755317,50,0,C
4,art,48,identity,lasso,48.95079683710262,0.5413862290292772,0.6465133494023525,0.6269147958180994,50,0,C
4,art,48,pca,lasso,6.9787060986009415,0.5965230610448512,0.6400908690223034,0.652071901624168,50,0,C
4,art,48,emotion,lasso,6.793596607239246,0.6275026381663478,0.6690655705842046,0.6536677165500118,50,0,C
4,art,49,population,lasso,,0.35052056933516335,0.5137955617133181,0.5197874510518965,50,0,C
4,art,49,identity,lasso,48.952250965620294,0.4638949979592102,0.5988181426321855,0.6110571888188976,50,0,C
4,art,49,pca,lasso,6.979240908164257,0.3634607816994528,0.5273477357515785,0.5052231713229679,50,0,C
4,art,49,emotion,lasso,6.724714912551333,0.3933911031676827,0.5146363900295605,0.49844921586312135,50,0,C
4,art,56,population,lasso,,0.042475525447242306,0.05750314076885966,0.16373504482435877,50,0,C
4,art,56,identity,lasso,48.94761185888145,0.048293522960663395,0.11867223768873948,0.08744203086414035,50,0,C
4,art,56,pca,lasso,6.977939065612041,0.06930146420747266,0.18424048198984355,0.11626619046550925,50,0,C
4,art,56,emotion,lasso,6.787015633877992,0.03674799819693519,0.014349599791136198,0.09698585077169297,50,0,C
4,art,61,population,lasso,,0.22526147389042994,0.3946107226214079,0.3978853172784347,50,0,C
4,art,61,identity,lasso,48.951436284838714,0.3107027560009427,0.47164708128262833,0.4683099169705306,50,0,C
4,art,61,pca,lasso,6.977986695840361,0.3517682423636507,0.47706370025099537,0.4859084990495669,50,0,C
4,art,61,emotion,lasso,6.765849359429167,0.34623749996747016,0.4267092053969164,0.43326904469817984,50,0,C
4,art,72,population,lasso,,0.1900345246855387,0.4742676858662527,0.4536826360447862,50,0,C
4,art,72,identity,lasso,48.950881793689916,0.31350367763249776,0.43853314080886474,0.46630896347973666,50,0,C
4,art,72,pca,lasso,6.977758440866461,0.31792260819342805,0.4637018231714601,0.43867656208906924,50,0,C
4,art,72,emotion,lasso,6.792724137643437,0.3133414482160677,0.4666423226950109,0.4479995636298628,50,0,C
4,art,77,population,lasso,,0.3220443540825089,0.44290138454106787,0.44313500264652433,50,0,C
4,art,77,identity,lasso,48.95159000676399,0.30589570517447473,0.4279087446666467,0.399796114829221,50,0,C
4,art,77,pca,lasso,6.978033404042057,0.31741927384758034,0.47051159262663544,0.44772319843515934,50,0,C
4,art,77,emotion,lasso,6.798974616351782,0.3254500163798975,0.4700167860301199,0.4721073579463719,50,0,C
4,art,78,population,lasso,,0.3277094308162793,0.5765988618218482,0.5864115364935691,50,0,C
4,art,78,identity,lasso,48.95361047025386,0.5167598087568526,0.6509891797773327,0.6554386196699126,50,0,C
4,art,78,pca,lasso,6.978764758864229,0.5600137229755884,0.6381802508578452,0.6719635507101075,50,0,C
4,art,78,emotion,lasso,6.748949789615757,0.4798179785086486,0.5382706052858436,0.6152539361717744,50,0,C
4,art,89,population,lasso,,0.26772782953636565,0.4869979921911644,0.49542852389339725,50,0,C
4,art,89,identity,lasso,48.94998621773553,0.3894226428559342,0.4616581773497291,0.4662912220368387,50,0,C
4,art,89,pca,lasso,6.978990217664517,0.3654533357939691,0.44266591056002497,0.42420400000593383,50,0,C
4,art,89,emotion,lasso,6.770264559288511,0.37388486264915183,0.4918342192781977,0.48851554429051497,50,0,C
4,art,90,population,lasso,,0.22172486602509656,0.4007117720538722,0.37650625532482995,50,0,C
4,art,90,identity,lasso,48.95214596299925,0.5224873201797965,0.6695304751414922,0.607778231217598,50,0,C
4,art,90,pca,lasso,6.980034598202389,0.4256063995387256,0.5189521395102062,0.5295661557352622,50,0,C
4,art,90,emotion,lasso,6.806178788350213,0.3811857979370373,0.41306896174168123,0.4225772727855823,50,0,C
4,art,97,population,lasso,,0.3081336015048935,0.37605365836945764,0.3754386472792644,50,0,C
4,art,97,identity,lasso,48.9472511829454,0.3586436231386615,0.5100422711922922,0.4610128559254144,50,0,C
4,art,97,pca,lasso,6.979278934182273,0.3496399644384784,0.45821791099419995,0.4379778948146521,50,0,C
4,art,97,emotion,lasso,6.756734420581526,0.32965985620468524,0.4299912449057245,0.42922651620756486,50,0,C
4,art,103,population,lasso,,0.3960230789042073,0.6369834232227993,0.6784672294953801,50,0,C
4,art,103,identity,lasso,48.95451783917981,0.506184640592978,0.5913490879958329,0.6619266175780854,50,0,C
4,art,103,pca,lasso,6.979124320993067,0.5297728019476586,0.5664848659575076,0.6605365588458006,50,0,C
4,art,103,emotion,lasso,6.7696569724522595,0.5887378878405093,0.6898573411717682,0.7114030939409246,50,0,C
4,art,108,population,lasso,,0.14272420478716125,0.2938502661986966,0.2967445319908273,50,0,C
4,art,108,identity,lasso,48.951798288464914,0.287198564599491,0.35220315833719057,0.4232309447322995,50,0,C
4,art,108,pca,lasso,6.976205142592688,0.176436007613731,0.25124023942863044,0.29651514159956893,50,0,C
4,art,108,emotion,lasso,6.830061087925028,0.2855090409345883,0.4186013002854173,0.406653064305733,50,0,C
4,art,114,population,lasso,,0.2515882288187417,0.6159507153028465,0.6303652054329589,50,0,C
4,art,114,identity,lasso,48.95173123954778,0.43738233479048555,0.6263310740391917,0.625130241587764,50,0,C
4,art,114,pca,lasso,6.978835671912807,0.4154986951137607,0.6190153926440533,0.5939788940419792,50,0,C
4,art,114,emotion,lasso,6.784238688204092,0.37816317190610854,0.544573391420549,0.553470738202604,50,0,C
4,art,115,population,lasso,,0.09038605106718514,0.1740287131803168,0.170757849584279,50,0,C
4,art,115,identity,lasso,48.950030014190126,0.10243479959196311,0.16309248257062475,0.11778963480781117,50,0,C
4,art,115,pca,lasso,6.978187909234422,0.1580493270145345,0.20564868429094812,0.17163096001179245,50,0,C
4,art,115,emotion,lasso,6.759149315938181,0.11575532865453075,0.15536579790073365,0.12958750480666442,50,0,C
4,art,124,population,lasso,,0.3801446708564823,0.4817754966855983,0.5202655308204333,50,0,C
4,art,124,identity,lasso,48.95261993621877,0.42175185585687724,0.4579247284669457,0.5125660858005924,50,0,C
4,art,124,pca,lasso,6.978075186645152,0.4796513235512261,0.49490344053704155,0.5594493171389101,50,0,C
4,art,124,emotion,lasso,6.7927005435068075,0.42218272399227186,0.44369443818522863,0.5078430472769143,50,0,C
4,art,134,population,lasso,,0.36388606497850173,0.5240388232062899,0.5832230924398755,50,0,C
4,art,134,identity,lasso,48.94671338409059,0.5027542001371728,0.5957561393627293,0.5946085946321955,50,0,C
4,art,134,pca,lasso,6.978223005502644,0.4774921407030762,0.5119710055838121,0.5053879440605197,50,0,C
4,art,134,emotion,lasso,6.775377679009613,0.5246016259831071,0.5729996832746284,0.5708108089995729,50,0,C
4,art,135,population,lasso,,0.06532121356310745,0.01244913226370709,0.08515790353530314,50,0,C
4,art,135,identity,lasso,48.95345718403034,0.3540375234601348,0.4063356449797837,0.45942399286952795,50,0,C
4,art,135,pca,lasso,6.97877340072225,0.33166332085997213,0.3965577840115279,0.38906074160814574,50,0,C
4,art,135,emotion,lasso,6.759199114625812,0.01372972094487131,-0.024192645694653455,0.028170832852299047,50,0,C
4,art,142,population,lasso,,0.3141985091594635,0.5687779436135922,0.585736233818141,50,0,C
4,art,142,identity,lasso,48.952371409657005,0.5319738109838502,0.6101500889260957,0.6271312868274889,50,0,C
4,art,142,pca,lasso,6.979563389585163,0.5729982393912311,0.6339149005631672,0.6782776698992966,50,0,C
4,art,142,emotion,lasso,6.748866458866313,0.517827823407808,0.5960540443362268,0.6290219856011734,50,0,C
4,art,143,population,lasso,,0.4018950080340707,0.7231840147503007,0.7155510746031313,50,0,C
4,art,143,identity,lasso,48.95376869843262,0.6382546218739207,0.7328466394159704,0.7329334833749894,50,0,C
4,art,143,pca,lasso,6.977213235151453,0.6720661187478535,0.7601752748340262,0.7567553723508237,50,0,C
4,art,143,emotion,lasso,6.736981206159374,0.6905567313596197,0.7975081428604774,0.7799071628315665,50,0,C
4,fashion,1,population,lasso,,0.20861691593362547,0.2681638263890559,0.24594963035616907,50,0,C
4,fashion,1,identity,lasso,48.95143138462487,0.21125025589436286,0.2631093715006126,0.24183885440797045,50,0,C
4,fashion,1,pca,lasso,6.979854279787881,0.22592521234336213,0.2699412171190579,0.257326552214739,50,0,C
4,fashion,1,emotion,lasso,6.880288600728996,0.1890559030272352,0.2723295859124981,0.24851341148045697,50,0,C
4,fashion,2,population,lasso,,0.26233293536726815,0.5522899912236953,0.5529629803063374,50,0,C
4,fashion,2,identity,lasso,48.95537935714448,0.3323737368725826,0.4642509938878378,0.4410229922570765,50,0,C
4,fashion,2,pca,lasso,6.979201203921098,0.4009090610927252,0.5461512175999365,0.5378387125127555,50,0,C
4,fashion,2,emotion,lasso,6.883275473249956,0.40308706291348995,0.5697081375220027,0.5716522368976008,50,0,C
4,fashion,12,population,lasso,,0.1344499131197899,0.148466166676643,0.18639459910487954,50,0,C
4,fashion,12,identity,lasso,48.9512959225151,0.18990331295791257,0.19925058139160484,0.24869795561890531,50,0,C
4,fashion,12,pca,lasso,6.9777755759279705,0.12341885339719758,0.1090400952130394,0.17721423612754156,50,0,C
4,fashion,12,emotion,lasso,6.867328953392299,0.23976976431106098,0.25089318204111377,0.2791402780227318,50,0,C
4,fashion,13,population,lasso,,0.29628245385961244,0.40068897376116436,0.4034489713818456,50,0,C
4,fashion,13,identity,lasso,48.95362402381122,0.3273621798536163,0.48260870835964825,0.4707356711442667,50,0,C
4,fashion,13,pca,lasso,6.979047116491759,0.29787915190943764,0.3847010134739678,0.3996592571618176,50,0,C
4,fashion,13,emotion,lasso,6.883913167578033,0.2866298353746011,0.3897498430383457,0.39092673708944425,50,0,C
4,fashion,26,population,lasso,,0.31947870689026125,0.41531539401033407,0.43500613518972187,50,0,C
4,fashion,26,identity,lasso,48.955491682562865,0.35764406403058124,0.44909896478467687,0.4649971294420137,50,0,C
4,fashion,26,pca,lasso,6.97905941137477,0.3092016307188296,0.43771976804182194,0.4474765928024169,50,0,C
4,fashion,26,emotion,lasso,6.8645497448476895,0.3010621772343592,0.42548080976728453,0.4376402355627544,50,0,C
4,fashion,29,population,lasso,,0.13781530340034825,0.29414378849452477,0.217437720954366,50,0,C
4,fashion,29,identity,lasso,48.95426986007436,0.13183690799439285,0.23835880238039814,0.15067421382995896,50,0,C
4,fashion,29,pca,lasso,6.978519332626225,0.25244062272173695,0.3321384544838264,0.3164831572473278,50,0,C
4,fashion,29,emotion,lasso,6.868363324826122,0.14910844074858315,0.22807295357666454,0.21902211970212634,50,0,C
4,fashion,34,population,lasso,,0.20962665786210888,0.36943493518352133,0.38848445777213453,50,0,C
4,fashion,34,identity,lasso,48.952532784374625,0.2511798907191987,0.35066502050894177,0.35562527772461283,50,0,C
4,fashion,34,pca,lasso,6.979223715420887,0.20886286531214315,0.3460703018125603,0.3442271026380604,50,0,C
4,fashion,34,emotion,lasso,6.866525723596729,0.2373496885931701,0.3860541304683053,0.39311193998143973,50,0,C
4,fashion,38,population,lasso,,0.2162367229968201,0.3943390254621606,0.3965134107317931,50,0,C
4,fashion,38,identity,lasso,48.95407872831833,0.22333482349285555,0.35116969450679286,0.3497957209004202,50,0,C
4,fashion,38,pca,lasso,6.976922576678393,0.2668545465607848,0.441105800663809,0.4147713731865959,50,0,C
4,fashion,38,emotion,lasso,6.861961567744299,0.26522645060437655,0.429869947401453,0.42984275768535646,50,0,C
4,fashion,43,population,lasso,,0.2997126867208927,0.4482082954433005,0.4626330250718145,50,0,C
4,fashion,43,identity,lasso,48.95291486746932,0.40212822943023585,0.5466315810139537,0.5395667393676322,50,0,C
4,fashion,43,pca,lasso,6.978147420605607,0.41845760796786,0.5172279327933476,0.5299026549151127,50,0,C
4,fashion,43,emotion,lasso,6.903635599706538,0.3865083895089157,0.5404153735042282,0.549070434917704,50,0,C
4,fashion,48,population,lasso,,0.3094520232889703,0.5195500123283288,0.466512824328899,50,0,C
4,fashion,48,identity,lasso,48.9530704501878,0.3308370477882147,0.42834559310254067,0.3957108376382687,50,0,C
4,fashion,48,pca,lasso,6.979974287964262,0.1925674413614681,0.2737117505706968,0.24878408619519884,50,0,C
4,fashion,48,emotion,lasso,6.882041107697277,0.12052319618333167,0.27469667950402066,0.20763491892224623,50,0,C
4,fashion,49,population,lasso,,0.0916227426141142,0.17557435369509453,0.15379572511254105,50,0,C
4,fashion,49,identity,lasso,48.95368189676223,0.07068460263489451,0.10265959225435176,0.113513043841208,50,0,C
4,fashion,49,pca,lasso,6.978224834901415,0.11012217861673694,0.1966352909490257,0.15384186298446484,50,0,C
4,fashion,49,emotion,lasso,6.870936679206605,0.09225688168963936,0.14807535742278152,0.15712011456969585,50,0,C
4,fashion,56,population,lasso,,0.028622385686060674,0.003724077655435845,0.10769442573730224,50,0,C
4,fashion,56,identity,lasso,48.95340321087033,0.11095675368936661,0.008204608584632097,0.12052416137971694,50,0,C
4,fashion,56,pca,lasso,6.977204289268257,0.055650578325504255,-0.026883185575177503,0.0692329487079774,50,0,C
4,fashion,56,emotion,lasso,6.86526761258597,-0.010910000740204935,-0.025486656454389064,-0.01469995359161034,50,0,C
4,fashion,61,population,lasso,,0.22955655425865676,0.34678612990215263,0.30989837426617445,50,0,C
4,fashion,61,identity,lasso,48.95362877064096,0.24201052653903907,0.3778117288255775,0.2915845661001985,50,0,C
4,fashion,61,pca,lasso,6.978094082042348,0.23905382370922607,0.3290715137426487,0.3169886390258762,50,0,C
4,fashion,61,emotion,lasso,6.88616127791748,0.21749163938027438,0.33462609677571353,0.29096794847248825,50,0,C
4,fashion,72,population,lasso,,0.09988244275565358,0.17949379397061183,0.21565695315375366,50,0,C
4,fashion,72,identity,lasso,48.95184480718147,0.12587740816458168,0.20358955021441566,0.22466940220590997,50,0,C
4,fashion,72,pca,lasso,6.979335286534744,0.1333864546215641,0.3103063243104493,0.346253295795155,50,0,C
4,fashion,72,emotion,lasso,6.8542080643714245,0.0784937159471509,0.15760191787105834,0.18533334758482242,50,0,C
4,fashion,77,population,lasso,,0.33654378851055045,0.4709288633731353,0.4877404281153148,50,0,C
4,fashion,77,identity,lasso,48.95210580908759,0.28323009274633565,0.42252482905950556,0.42519245429605795,50,0,C
4,fashion,77,pca,lasso,6.977657468032953,0.32232176495273007,0.4945886764795939,0.47400024574340055,50,0,C
4,fashion,77,emotion,lasso,6.869200451033333,0.34344307827752396,0.465556114146877,0.4662133241229084,50,0,C
4,fashion,78,population,lasso,,0.18105073102187527,0.3247839818556314,0.3338617461040518,50,0,C
4,fashion,78,identity,lasso,48.95478084063014,0.20229366975534846,0.3681850706196701,0.33360538553163277,50,0,C
4,fashion,78,pca,lasso,6.977736802728278,0.16396445959172776,0.35954480783925735,0.34261597469645744,50,0,C
4,fashion,78,emotion,lasso,6.8401122259624785,0.19372791684551574,0.39974949881169825,0.3744955802107681,50,0,C
4,fashion,89,population,lasso,,0.12588976257213996,0.27423961134834535,0.2967207549572136,50,0,C
4,fashion,89,identity,lasso,48.9529118321605,0.35423677695960093,0.43093389098749685,0.4570893191386484,50,0,C
4,fashion,89,pca,lasso,6.97667110260387,0.2280329485908301,0.34130988440570686,0.33011807196564735,50,0,C
4,fashion,89,emotion,lasso,6.8806570735788055,0.14780248540846694,0.2361247865712544,0.28099268757452944,50,0,C
4,fashion,90,population,lasso,,0.16682148005398445,0.3456782193160456,0.3007972339308989,50,0,C
4,fashion,90,identity,lasso,48.95457213672681,0.17936068084050072,0.2788562082678013,0.2568960775080148,50,0,C
4,fashion,90,pca,lasso,6.979829339386024,0.18539569395797764,0.2785633433545146,0.27811081259228754,50,0,C
4,fashion,90,emotion,lasso,6.882642780318453,0.2912122406834392,0.33986973186919306,0.3557960932390733,50,0,C
4,fashion,97,population,lasso,,0.4330346413757044,0.5564641576509319,0.561130800618952,50,0,C
4,fashion,97,identity,lasso,48.95270603379644,0.5121032248953883,0.5478968942266874,0.5776267075722195,50,0,C
4,fashion,97,pca,lasso,6.977391162534466,0.5081874221464977,0.5709979081027754,0.5767913736716891,50,0,C
4,fashion,97,emotion,lasso,6.8980646233727825,0.5209678871863395,0.5672242325468582,0.5800804145891535,50,0,C
4,fashion,103,population,lasso,,0.08435082202385578,0.1331286107777117,0.10763769423247457,50,0,C
4,fashion,103,identity,lasso,48.953057075727784,0.14766413186503005,0.14728910720500385,0.17629768724543604,50,0,C
4,fashion,103,pca,lasso,6.978494857428095,0.17115810630978742,0.23220222486584396,0.1996331788352958,50,0,C
4,fashion,103,emotion,lasso,6.923725868345227,0.2099810872877659,0.26057307862334134,0.24621719571892337,50,0,C
4,fashion,108,population,lasso,,0.2743239786839429,0.4707450870046026,0.483450279228531,50,0,C
4,fashion,108,identity,lasso,48.95394158444597,0.10985870954838854,0.12567936125662788,0.1432695843690121,50,0,C
4,fashion,108,pca,lasso,6.978129181549696,0.04286847080611839,0.08152705732161088,0.11490440637031486,50,0,C
4,fashion,108,emotion,lasso,6.909573652583812,0.21245913683529716,0.34285565491696723,0.3677619109623036,50,0,C
4,fashion,114,population,lasso,,0.2973466206474185,0.41852149102246644,0.42008866136926337,50,0,C
4,fashion,114,identity,lasso,48.952118378369015,0.3017035518863625,0.31515510934711904,0.3598360602132649,50,0,C
4,fashion,114,pca,lasso,6.979515144918411,0.3378365707047777,0.36847255127847417,0.42791015156513884,50,0,C
4,fashion,114,emotion,lasso,6.891235869210641,0.2941114538946267,0.4417074284140711,0.477555395453915,50,0,C
4,fashion,115,population,lasso,,0.21673572916765954,0.4191585525875278,0.43978120762969897,50,0,C
4,fashion,115,identity,lasso,48.95121792313263,0.39025092122635185,0.37749304800011574,0.43115386675529965,50,0,C
4,fashion,115,pca,lasso,6.979335442644276,0.3906956310704307,0.357166957779361,0.4272233864551792,50,0,C
4,fashion,115,emotion,lasso,6.8513927864488275,0.40239106752433706,0.4117076397500078,0.4449223807501054,50,0,C
4,fashion,124,population,lasso,,0.2321455279432196,0.3999463422172355,0.4060206057781527,50,0,C
4,fashion,124,identity,lasso,48.95461644812483,0.36810209387283377,0.39791642194830373,0.41460592423403236,50,0,C
4,fashion,124,pca,lasso,6.978882187051115,0.3663785355989782,0.4100438943242298,0.4173927473491451,50,0,C
4,fashion,124,emotion,lasso,6.8777967225885215,0.36949836713505335,0.3937524829351102,0.4162167633118336,50,0,C
4,fashion,134,population,lasso,,0.1977848701678484,0.28140008441519215,0.28781461865048275,50,0,C
4,fashion,134,identity,lasso,48.95348099330968,0.19482290890250906,0.27055576358848715,0.22203063722985478,50,0,C
4,fashion,134,pca,lasso,6.978523949639887,0.20261362146107287,0.19740680319724094,0.2695539204750368,50,0,C
4,fashion,134,emotion,lasso,6.875409668216868,0.27775920892221,0.37784425250824905,0.3519033219285125,50,0,C
4,fashion,135,population,lasso,,0.012260588518177505,0.018064905179607085,0.01689209384302812,50,0,C
4,fashion,135,identity,lasso,48.95210195909843,-0.004697389578859003,0.01521255173019544,-0.006821933283529628,50,0,C
4,fashion,135,pca,lasso,6.979569252389611,0.058285626972064,0.09147547553551731,0.08188482638482178,50,0,C
4,fashion,135,emotion,lasso,6.810496812416751,0.04212767782612498,0.06340231263867639,0.06051803894590198,50,0,C
4,fashion,142,population,lasso,,0.15084493835120114,0.39588489903678514,0.4182369389513183,50,0,C
4,fashion,142,identity,lasso,48.95179261630109,0.26334071129725517,0.37123086765135743,0.39674019232915503,50,0,C
4,fashion,142,pca,lasso,6.974838290151361,0.26111752069966665,0.39243536378121097,0.3967238574174737,50,0,C
4,fashion,142,emotion,lasso,6.869364412152036,0.27167499729721367,0.3952761575210956,0.39681333106038846,50,0,C
4,fashion,143,population,lasso,,0.28089847071176666,0.3318448536642247,0.3776311183415812,50,0,C
4,fashion,143,identity,lasso,48.95303153243097,0.3501438180031422,0.3991246898718811,0.46546497331483316,50,0,C
4,fashion,143,pca,lasso,6.978655062743469,0.32847697878112664,0.4159964026439548,0.45064397843711357,50,0,C
4,fashion,143,emotion,lasso,6.880000708350405,0.29349147847937923,0.38406435730539795,0.42847938637545147,50,0,C
4,landscape,1,population,lasso,,0.3816361004467545,0.5749957317569125,0.5284755584054363,50,0,C
4,landscape,1,identity,lasso,48.895809579289626,0.508866170781284,0.5588341852249232,0.5191266288100478,50,0,C
4,landscape,1,pca,lasso,6.977040157911265,0.5015715413951349,0.566571095798748,0.5198266839026358,50,0,C
4,landscape,1,emotion,lasso,6.8301041736461645,0.4557965927447767,0.6051410277704815,0.6070167547383801,50,0,C
4,landscape,2,population,lasso,,0.3446328537338987,0.6142903889016055,0.608194565410742,50,0,C
4,landscape,2,identity,lasso,48.90062197267464,0.3845303521940628,0.5865618291870852,0.5698523224878196,50,0,C
4,landscape,2,pca,lasso,6.978333710866117,0.3907713639992169,0.5887179378086482,0.5707934183361713,50,0,C
4,landscape,2,emotion,lasso,6.780912698956388,0.4438185919429631,0.5877652386502832,0.5726448069910546,50,0,C
4,landscape,12,population,lasso,,0.48593919944820374,0.7508292900582517,0.7543077750386001,50,0,C
4,landscape,12,identity,lasso,48.90625884345801,0.5301681712118562,0.7358974525241718,0.7439665622466188,50,0,C
4,landscape,12,pca,lasso,6.979082244569265,0.6706134502783623,0.7245472381823883,0.7063800121716157,50,0,C
4,landscape,12,emotion,lasso,6.8364198377878775,0.697232382692957,0.7080515933389961,0.7251525563912845,50,0,C
4,landscape,13,population,lasso,,0.0715394639118148,0.060093201606107705,0.12825516037819437,50,0,C
4,landscape,13,identity,lasso,48.90365573647767,0.07019755557924426,0.04448457781231349,0.12409110129503649,50,0,C
4,landscape,13,pca,lasso,6.979733456116957,0.2042029662516496,0.2918324879945961,0.3408394876662762,50,0,C
4,landscape,13,emotion,lasso,6.766919987111677,0.1182704844283714,0.3315857017194157,0.3475539554968326,50,0,C
4,landscape,26,population,lasso,,0.09353418396512464,0.2061085302177255,0.17427694543200203,50,0,C
4,landscape,26,identity,lasso,48.90493586894426,0.112368338099035,0.26508803564279776,0.21134927958062033,50,0,C
4,landscape,26,pca,lasso,6.978517414602274,0.17143461810128546,0.3310034128484665,0.31562527650720235,50,0,C
4,landscape,26,emotion,lasso,6.771241384219382,0.20685995910497323,0.38176809141283236,0.3590162427914372,50,0,C
4,landscape,29,population,lasso,,0.2455273032548909,0.24729142482127744,0.28885493770675186,50,0,C
4,landscape,29,identity,lasso,48.902782983300455,0.18675865683743698,0.19422415914534452,0.2263111298450513,50,0,C
4,landscape,29,pca,lasso,6.978925955714413,0.2952006526444644,0.374774856157714,0.4250067040168012,50,0,C
4,landscape,29,emotion,lasso,6.777574198878883,0.2928367509161498,0.46194953109471104,0.44722640859828466,50,0,C
4,landscape,34,population,lasso,,0.393082930831529,0.6625118826919267,0.6287628191534864,50,0,C
4,landscape,34,identity,lasso,48.895761601936485,0.36455514233652025,0.690452088832729,0.6674799195521253,50,0,C
4,landscape,34,pca,lasso,6.9780247047655095,0.45213844314717305,0.6388928332126192,0.625239303537347,50,0,C
4,landscape,34,emotion,lasso,6.78331402301318,0.4594899204843993,0.6320182657966045,0.6235833216891571,50,0,C
4,landscape,38,population,lasso,,0.38159447657178525,0.5505431684943172,0.48307407724874296,50,0,C
4,landscape,38,identity,lasso,48.90343037029095,0.3605909617448695,0.5141184988213354,0.4727761061231614,50,0,C
4,landscape,38,pca,lasso,6.979363023492279,0.3440192735588347,0.624835069015448,0.5671007324408655,50,0,C
4,landscape,38,emotion,lasso,6.809265332820632,0.1932703923790759,0.5456487645071414,0.5071829366903375,50,0,C
4,landscape,43,population,lasso,,0.1302206397425972,0.46024929067216713,0.47762441843489517,50,0,C
4,landscape,43,identity,lasso,48.895995314229346,0.3207817642476374,0.4130771996428109,0.45556702454364273,50,0,C
4,landscape,43,pca,lasso,6.977867924422022,0.429401768069937,0.4553046270422556,0.4984897659470501,50,0,C
4,landscape,43,emotion,lasso,6.810690946114641,0.3830538067914307,0.5111793260602561,0.48512326280219104,50,0,C
4,landscape,48,population,lasso,,0.3376796413217683,0.408640270772663,0.42670210113559,50,0,C
4,landscape,48,identity,lasso,48.89853649460752,0.3565164497278618,0.41171545153854283,0.4536845580724409,50,0,C
4,landscape,48,pca,lasso,6.978288777489196,0.3886788128897673,0.4349330663209355,0.4846469877513038,50,0,C
4,landscape,48,emotion,lasso,6.859082605136719,0.4379338940935045,0.47383410300931517,0.5150941129977851,50,0,C
4,landscape,49,population,lasso,,0.35262585955357856,0.454507169375926,0.4737454595106237,50,0,C
4,landscape,49,identity,lasso,48.90312640825092,0.35226994707575277,0.46018352972965687,0.46293303178289774,50,0,C
4,landscape,49,pca,lasso,6.978371771184125,0.35226994707575277,0.46018352972965687,0.46293303178289774,50,0,C
4,landscape,49,emotion,lasso,6.804417804671131,0.3571724894335743,0.4401668905875532,0.4481807759314782,50,0,C
4,landscape,56,population,lasso,,0.00658665086076167,0.10436729641805417,0.052730958389827824,50,0,C
4,landscape,56,identity,lasso,48.90203551002793,0.0542133755414398,0.09350378601022696,0.056354662797151824,50,0,C
4,landscape,56,pca,lasso,6.978452983071722,0.01103860195320912,0.07609999892829973,0.01268634349338687,50,0,C
4,landscape,56,emotion,lasso,6.821371085798404,-0.020121536862077783,-0.028211871416245125,-0.033009122105986353,50,0,C
4,landscape,61,population,lasso,,0.24004566603440627,0.4561765878367242,0.42845049813019775,50,0,C
4,landscape,61,identity,lasso,48.89916026492625,0.37699601128047283,0.4859261217387488,0.4684392400645663,50,0,C
4,landscape,61,pca,lasso,6.979066118287519,0.37611898954269646,0.4875646502841271,0.4669776807175592,50,0,C
4,landscape,61,emotion,lasso,6.804109205603313,0.37810018638045395,0.4812153521707862,0.4667662992304226,50,0,C
4,landscape,72,population,lasso,,-0.014289720888904844,-0.0650895525603615,-0.03982510886928305,50,0,C
4,landscape,72,identity,lasso,48.90158144976459,-0.027039495955036866,-0.05921239205829727,-0.05191415073751314,50,0,C
4,landscape,72,pca,lasso,6.979203223363819,0.16688609534266846,0.24786924417455952,0.2592539041767097,50,0,C
4,landscape,72,emotion,lasso,6.794798127693593,0.26872055638576653,0.3929861322380292,0.40171528224618275,50,0,C
4,landscape,77,population,lasso,,0.2105683128651422,0.4124194376607154,0.36784264677892825,50,0,C
4,landscape,77,identity,lasso,48.90283658873029,0.25695278572317204,0.4339684879600522,0.4349867131867472,50,0,C
4,landscape,77,pca,lasso,6.978739197826182,0.30466400774193114,0.3635912486869911,0.4065779846884935,50,0,C
4,landscape,77,emotion,lasso,6.801192545298373,0.4141866912937842,0.5592958054964221,0.5020762118014555,50,0,C
4,landscape,78,population,lasso,,0.17966927758479143,0.3629842276975943,0.36624363521282843,50,0,C
4,landscape,78,identity,lasso,48.89677842989935,0.177220025695933,0.33042826526217806,0.3269812457944923,50,0,C
4,landscape,78,pca,lasso,6.979224444394729,0.15607263083965403,0.20276168145199586,0.19531395215398153,50,0,C
4,landscape,78,emotion,lasso,6.691523935664651,0.22443375513858732,0.3209860525920875,0.3154723519464301,50,0,C
4,landscape,89,population,lasso,,0.22249030404610137,0.42455797153494096,0.4421398681944666,50,0,C
4,landscape,89,identity,lasso,48.90030026147701,0.32807043243134176,0.42016582234668,0.4963488134578306,50,0,C
4,landscape,89,pca,lasso,6.979381712483355,0.2640446279168453,0.5095880058200395,0.5562002901417774,50,0,C
4,landscape,89,emotion,lasso,6.779898377310781,0.14554569292147715,0.32013339083426273,0.3088521784142228,50,0,C
4,landscape,90,population,lasso,,0.2648628724782953,0.4931683584405462,0.46968667088093663,50,0,C
4,landscape,90,identity,lasso,48.90212109257553,0.3266308409534024,0.5301432878890239,0.47454877788669714,50,0,C
4,landscape,90,pca,lasso,6.976786649572297,0.3503238012414447,0.49707916828605825,0.4442668957930147,50,0,C
4,landscape,90,emotion,lasso,6.807030252061453,0.387955400015836,0.48554989770253565,0.4425924844075622,50,0,C
4,landscape,97,population,lasso,,0.5620358249609253,0.6415454279089912,0.6235864757275026,50,0,C
4,landscape,97,identity,lasso,48.90251246896456,0.5591724943787156,0.6249347971020266,0.6211423713003856,50,0,C
4,landscape,97,pca,lasso,6.980363934136828,0.5402961092980678,0.6339366873458009,0.6214593373946622,50,0,C
4,landscape,97,emotion,lasso,6.777787869086262,0.5586769801815465,0.6249347971020266,0.621311524523356,50,0,C
4,landscape,103,population,lasso,,0.31499042426747975,0.44368657097454667,0.43845592955781487,50,0,C
4,landscape,103,identity,lasso,48.88812914187236,0.33949634890863883,0.4718232766833676,0.48918873402381635,50,0,C
4,landscape,103,pca,lasso,6.97927420011743,0.4047006104264489,0.5569777511037145,0.529691549087058,50,0,C
4,landscape,103,emotion,lasso,6.682517512103319,0.430521219093495,0.5574739892996373,0.5250826942727544,50,0,C
4,landscape,108,population,lasso,,0.2648922584793261,0.5016937005980969,0.42008769015489766,50,0,C
4,landscape,108,identity,lasso,48.90400150055949,0.2821399574372755,0.5194974754849001,0.45121120138425586,50,0,C
4,landscape,108,pca,lasso,6.9789345876578865,0.33152536764761087,0.4185603715812063,0.4012086259090923,50,0,C
4,landscape,108,emotion,lasso,6.817056588329036,0.3731952191791434,0.452402257729675,0.42457697110018866,50,0,C
4,landscape,114,population,lasso,,0.27880126037322345,0.46185950917665125,0.43552089329590415,50,0,C
4,landscape,114,identity,lasso,48.902237550450856,0.2678881384032292,0.47841504329958884,0.4292868324864709,50,0,C
4,landscape,114,pca,lasso,6.9784047551397865,0.29607729246420994,0.47572227570127973,0.4250837011512517,50,0,C
4,landscape,114,emotion,lasso,6.790881829153495,0.28671776334252375,0.4872912031606819,0.4361665134840167,50,0,C
4,landscape,115,population,lasso,,0.1821972279093895,0.23826473055147504,0.25533753788585706,50,0,C
4,landscape,115,identity,lasso,48.896020097651004,0.20561206268781185,0.2710151884357928,0.2523863941918707,50,0,C
4,landscape,115,pca,lasso,6.979391093653856,0.21843205967965773,0.2644753957450564,0.24955924478279248,50,0,C
4,landscape,115,emotion,lasso,6.771101508253793,0.21057663671542998,0.2535585764502838,0.26522997874917037,50,0,C
4,landscape,124,population,lasso,,0.2728030884679648,0.5691678431436382,0.5455164670905503,50,0,C
4,landscape,124,identity,lasso,48.896423015470816,0.2562580940914456,0.5325689176195462,0.5208339336053279,50,0,C
4,landscape,124,pca,lasso,6.977805018534463,0.3358787337709424,0.588905475065845,0.561365042817631,50,0,C
4,landscape,124,emotion,lasso,6.749134980607936,0.3418684848389741,0.4914075244149439,0.48132772075385744,50,0,C
4,landscape,134,population,lasso,,0.2995098024208252,0.4496474956917931,0.4074794173068657,50,0,C
4,landscape,134,identity,lasso,48.896361035542846,0.2950734739329865,0.4564423012190129,0.4013733150608668,50,0,C
4,landscape,134,pca,lasso,6.9777820966599675,0.2878422763775253,0.416863798950973,0.3670768597145718,50,0,C
4,landscape,134,emotion,lasso,6.752569540545213,0.31434461243736006,0.4329828631578814,0.37719975598046834,50,0,C
4,landscape,135,population,lasso,,0.39026044208567473,0.4021510506913886,0.4622721885486749,50,0,C
4,landscape,135,identity,lasso,48.891047044344646,0.44358763021673914,0.44144318613598993,0.5206040849359583,50,0,C
4,landscape,135,pca,lasso,6.978722759071315,0.44235807119815795,0.4390698356728932,0.5211298325437076,50,0,C
4,landscape,135,emotion,lasso,6.764393019923871,0.433133552305166,0.4315278553123858,0.5007785919961254,50,0,C
4,landscape,142,population,lasso,,0.28476924571092155,0.44078452833473736,0.4620800317171372,50,0,C
4,landscape,142,identity,lasso,48.893451202461584,0.3591786713734125,0.4648228057109642,0.47470258350188693,50,0,C
4,landscape,142,pca,lasso,6.979544536498165,0.3215964711272586,0.41515694336338815,0.41036623892108387,50,0,C
4,landscape,142,emotion,lasso,6.783537648568361,0.33031477988451957,0.45632994324952875,0.44707513374574975,50,0,C
4,landscape,143,population,lasso,,0.4424217578814237,0.6670493743921282,0.6407336209219215,50,0,C
4,landscape,143,identity,lasso,48.898882933821426,0.46525980248317966,0.6903388782856422,0.6967424518048578,50,0,C
4,landscape,143,pca,lasso,6.979031827792709,0.563989206412604,0.7236738548885906,0.7449465862766183,50,0,C
4,landscape,143,emotion,lasso,6.819675382285647,0.6304068546980086,0.6644005681553123,0.6924860633245983,50,0,C
