fold,domain,user_id,mediator,head,eff_dof,ccc,srocc,plcc,seed
0,art,3,pca8,ridge,3.9223281420038663,0.07606408758290684,0.24543889186198656,0.2651914175381576,0
0,art,3,random8,ridge,7.997108097962384,0.15495339327765006,0.24739848381298046,0.2981369775274205,0
0,art,3,shuffled8,ridge,4.355616898672539,0.025239585878311033,0.0009797959754969522,0.06307521960226595,0
0,art,14,pca8,ridge,3.9059796691168858,0.31422647842533225,0.6203406906743825,0.566411851902436,0
0,art,14,random8,ridge,7.9970735604417085,0.30807990770917354,0.5294428234364835,0.4720041500457837,0
0,art,14,shuffled8,ridge,4.250108135246674,0.11441280649596945,0.2505900219755192,0.2468165468359423,0
0,art,15,pca8,ridge,3.9236636755207064,0.06192813810254453,0.24411821063638114,0.21016769745285174,0
0,art,15,random8,ridge,7.997056181975035,-0.06701979083758551,-0.0760446546946482,-0.1172831532502139,0
0,art,15,shuffled8,ridge,4.027860483120211,0.03146927153051304,0.16945425497948494,0.126238085190341,0
0,art,19,pca8,ridge,3.922662732229295,0.16573063938531943,0.37047040132907766,0.3640583564755045,0
0,art,19,random8,ridge,7.997187822814279,0.2676688875579779,0.39521165877612524,0.37914824112276385,0
0,art,19,shuffled8,ridge,4.480599377064206,0.13255159786789478,0.3976059740129363,0.421750196676856,0
0,art,21,pca8,ridge,3.930568981776702,0.2651688162192138,0.5475619910540025,0.5403328732520769,0
0,art,21,random8,ridge,7.996917761261112,0.16365661794271563,0.19081934362624095,0.22459740302575765,0
0,art,21,shuffled8,ridge,4.381819560187783,0.042020757720645265,0.1671806795502438,0.12082845624261246,0
0,art,22,pca8,ridge,3.904708348765315,0.31058649383846815,0.4792337725156543,0.49821267805776875,0
0,art,22,random8,ridge,7.996771110821128,0.12007566721394385,0.23365263378061824,0.160002401627666,0
0,art,22,shuffled8,ridge,4.276355083350903,0.1645800834718674,0.3036169669214285,0.3359606976017577,0
0,art,30,pca8,ridge,3.949440140566911,0.24868321969202756,0.3852877902897201,0.43575368896199845,0
0,art,30,random8,ridge,7.997044745247356,0.20520179033099567,0.15854609878948048,0.30248005201297357,0
0,art,30,shuffled8,ridge,4.214213703213553,0.10481786736830583,0.2677876247489198,0.3147006839518892,0
0,art,50,pca8,ridge,3.9488665443387263,0.2035867336531967,0.3946550102701555,0.4096100298692771,0
0,art,50,random8,ridge,7.99699835797842,0.17524879724928796,0.2760428487135514,0.2954215362147327,0
0,art,50,shuffled8,ridge,4.445181294444469,0.09599882146275213,0.28472178736403464,0.21437630543303912,0
0,art,57,pca8,ridge,3.9442852804149684,0.2567874821895431,0.43716054224971107,0.4430272444761927,0
0,art,57,random8,ridge,7.997089261235958,0.06791120123404026,-0.004043735015809827,0.10810759278593676,0
0,art,57,shuffled8,ridge,4.2534505623707,0.11034312460825073,0.19317031460659106,0.25685229315457797,0
0,art,62,pca8,ridge,3.9352908729485843,0.326280932483586,0.5463754372284758,0.5329734789648507,0
0,art,62,random8,ridge,7.997034335532936,0.3919032366779292,0.468026518468997,0.45447413189466546,0
0,art,62,shuffled8,ridge,4.2805359286623785,0.1363677983375053,0.372600291412069,0.3466897805806903,0
0,art,63,pca8,ridge,3.926279978873478,0.05885955143039452,0.27248872704373417,0.2776578746318184,0
0,art,63,random8,ridge,7.996828922325291,0.08624251921131783,0.10095697326363186,0.11746568085866489,0
0,art,63,shuffled8,ridge,4.275597106464245,-0.02399527641672073,-0.02502651791364201,-0.0699159144468226,0
0,art,79,pca8,ridge,3.9142908262308764,0.24919003312373358,0.4962094324985222,0.508413841728364,0
0,art,79,random8,ridge,7.997062221746107,0.306183697807986,0.4085772811332843,0.4520331653999274,0
0,art,79,shuffled8,ridge,4.142520480796745,0.20526050473929702,0.3933788975728399,0.42476833837991257,0
0,art,80,pca8,ridge,3.90631091977869,0.5690726584984159,0.7926229837228668,0.8434856404794996,0
0,art,80,random8,ridge,7.9967645209763525,0.5061241638362998,0.5627063131003913,0.5799194178945495,0
0,art,80,shuffled8,ridge,4.27536782760132,0.30448628122294463,0.4660234054540172,0.503509624354652,0
0,art,85,pca8,ridge,3.946335444538963,0.22303557397286203,0.45106421637578364,0.49162016420035665,0
0,art,85,random8,ridge,7.996990270529289,0.16365794820076046,0.3456668318823885,0.34828235175185135,0
0,art,85,shuffled8,ridge,4.3751774104533405,0.06400862510629486,0.058898538393367866,0.16293762252354368,0
0,art,86,pca8,ridge,3.9376239635036536,0.1899356227040897,0.42909817069584,0.4543184127170092,0
0,art,86,random8,ridge,7.996854247340098,0.02256060152223002,0.05971348896399844,0.03711222062723085,0
0,art,86,shuffled8,ridge,4.301389703748202,0.0525408426348197,0.1616212201298305,0.1617255672764378,0
0,art,98,pca8,ridge,3.9307038387764757,0.25434164405679716,0.32270182874040143,0.3788475832519016,0
0,art,98,random8,ridge,7.996962614754853,0.2807344952417785,0.353360227621802,0.3356547307991151,0
0,art,98,shuffled8,ridge,4.221452960813038,0.18127434597157724,0.24073250825845738,0.29048708492640407,0
0,art,99,pca8,ridge,3.963511242309465,0.4020233531348794,0.6340832735125119,0.6591665710918971,0
0,art,99,random8,ridge,7.99699194660905,0.05384336413956533,0.05625284844307737,0.08319656874959099,0
0,art,99,shuffled8,ridge,4.150390770874573,0.3687794941599506,0.529690034044314,0.530088797946565,0
0,art,105,pca8,ridge,3.940742673914485,0.058506901640606346,0.17068116487444446,0.18092607110841713,0
0,art,105,random8,ridge,7.996970430709396,0.01932345043716564,-0.03930387231897688,0.05126939596072741,0
0,art,105,shuffled8,ridge,4.420320754172517,-0.020345599137326087,-0.15955086474871652,-0.10509892352774391,0
0,art,109,pca8,ridge,3.9605572887387015,0.21317102798714543,0.38625171042523604,0.41503254554053254,0
0,art,109,random8,ridge,7.997073574793871,0.023180944742404723,0.009365211851725907,0.057887464901716854,0
0,art,109,shuffled8,ridge,4.481970487172933,0.1943944147140816,0.3783039360429606,0.32033956409846814,0
0,art,110,pca8,ridge,3.8833129056279887,0.2809245613728539,0.5485168610817039,0.5140655478980092,0
0,art,110,random8,ridge,7.996913873173733,0.30938396042134647,0.3525225470320863,0.3590517850881246,0
0,art,110,shuffled8,ridge,4.143910149658184,0.26186624524240737,0.3990801895409886,0.4533058211100198,0
0,art,116,pca8,ridge,3.9286088802530457,0.35828030233690644,0.6277154782235768,0.6343117134694096,0
0,art,116,random8,ridge,7.996948884624445,0.37346750371770854,0.4591766587085365,0.5095111590640645,0
0,art,116,shuffled8,ridge,4.283232861741702,0.25798442819840184,0.41343973151812796,0.4430115524794761,0
0,art,117,pca8,ridge,3.8971115550596727,0.355606969692798,0.6270244051098078,0.609568412445691,0
0,art,117,random8,ridge,7.99678426765416,0.32853995418759846,0.42649023477002546,0.39295645560026593,0
0,art,117,shuffled8,ridge,4.339492141271729,0.2513137027998357,0.3168185182603107,0.3793730892425176,0
0,art,126,pca8,ridge,3.9302405618624077,0.20107058552665164,0.4036900709025019,0.39928471041716074,0
0,art,126,random8,ridge,7.997123443804006,0.2660852420652379,0.3402242212387228,0.41104853726726037,0
0,art,126,shuffled8,ridge,4.32891712215873,0.14944123056622316,0.34125818775768274,0.28894744728228555,0
0,art,127,pca8,ridge,3.9270761640533993,0.3588396445617081,0.618193939353996,0.600041386566244,0
0,art,127,random8,ridge,7.997046842930214,0.19932765781501524,0.37401763817718353,0.3580009322986795,0
0,art,127,shuffled8,ridge,4.410569434263671,0.2922080464673019,0.4216653850507134,0.4113986122417308,0
0,art,136,pca8,ridge,3.952479980916513,0.19387414032225062,0.41294713957059276,0.44276842155551416,0
0,art,136,random8,ridge,7.9970798922817625,-0.05832548906763791,-0.1185468745162747,-0.09643403848199225,0
0,art,136,shuffled8,ridge,4.406959519578516,0.0655862418578826,0.16936786646136825,0.1490404952134498,0
0,art,144,pca8,ridge,3.925120101723718,0.24124691434156156,0.5697505593353128,0.5847240684606146,0
0,art,144,random8,ridge,7.996965016562139,0.18788055288005312,0.22994916545048785,0.22992909756602492,0
0,art,144,shuffled8,ridge,4.527592050746385,0.2269728596956323,0.3852901270986382,0.4214942599140212,0
0,fashion,3,pca8,ridge,1.9066432624258842,0.07391558203792378,0.4777384507795794,0.481635070047906,0
0,fashion,3,random8,ridge,0.24459365684650589,0.008113333982140718,0.31611401327252814,0.31282079194040907,0
0,fashion,3,shuffled8,ridge,7.754502007741749,0.049228239077574655,0.03468335568820842,0.07576698312182109,0
0,fashion,14,pca8,ridge,1.906962360005596,0.13695402244917218,0.5686677671425782,0.520408806537624,0
0,fashion,14,random8,ridge,0.24422785859472082,0.014142170562182765,0.38755837809060684,0.43227320519924534,0
0,fashion,14,shuffled8,ridge,7.734640913184586,0.07486547716297472,0.10401021854991196,0.12731716191323222,0
0,fashion,15,pca8,ridge,1.8949858054057964,-0.028828388206429578,-0.1844787023225071,-0.1459617847266496,0
0,fashion,15,random8,ridge,0.24410203296286645,-0.0010834697121619693,-0.07146179393932066,-0.10515847357257405,0
0,fashion,15,shuffled8,ridge,7.766947234041153,-0.06119878327506119,-0.14249015774102605,-0.11433570583000396,0
0,fashion,19,pca8,ridge,1.9113673919620355,0.03814621361940417,0.18070076049256636,0.17427242342174315,0
0,fashion,19,random8,ridge,0.2441597273316257,0.0042395149104702224,0.19630603062947088,0.23735630420200043,0
0,fashion,19,shuffled8,ridge,7.72201092663807,0.18740224997695956,0.33597836566275846,0.34744041622532074,0
0,fashion,21,pca8,ridge,1.9054708819078334,0.03387220011064782,0.24164557573064208,0.24854050010199571,0
0,fashion,21,random8,ridge,0.2441455587965058,0.0025174365549515782,0.08795838330483963,0.13069034737768723,0
0,fashion,21,shuffled8,ridge,7.704755302089042,-0.021077688275659954,-0.029605751072163133,-0.029911295559728886,0
0,fashion,22,pca8,ridge,1.8985554627033783,0.07417550249209498,0.41846728013772805,0.4105729998494433,0
0,fashion,22,random8,ridge,0.24454074060262526,0.0018712796797000287,0.08490216655018894,0.12717034504808314,0
0,fashion,22,shuffled8,ridge,7.737395068382252,-0.0315602127203108,0.037967157142707916,-0.05719326332887347,0
0,fashion,30,pca8,ridge,1.9035352979850628,0.10494538006260973,0.3836712635772225,0.3780626090916075,0
0,fashion,30,random8,ridge,0.2442631686537084,0.0014236480876201794,0.12481350768292776,0.0831541115172606,0
0,fashion,30,shuffled8,ridge,7.750490363065283,0.22109451551906315,0.3847630715967153,0.36784061012859115,0
0,fashion,50,pca8,ridge,1.9055397156875478,0.023275525757008576,0.32949127145363666,0.3513065908625512,0
0,fashion,50,random8,ridge,0.2440847472889295,-0.00014578517870879643,-0.04707018163623382,-0.015198925412929994,0
0,fashion,50,shuffled8,ridge,7.76014676579677,0.09564666784024288,0.2354040948270857,0.23050938246064048,0
0,fashion,57,pca8,ridge,1.9052516856290207,0.039126390767374855,0.295155005863981,0.18647597433285562,0
0,fashion,57,random8,ridge,0.24448691272494763,0.003934729239789752,0.20198347987858653,0.16606894822968554,0
0,fashion,57,shuffled8,ridge,7.746486857566255,-0.07436788103108181,-0.12063260732845817,-0.13902180051216573,0
0,fashion,62,pca8,ridge,1.9108466604174303,0.05142092638569137,0.1502919217645633,0.23229896227055039,0
0,fashion,62,random8,ridge,0.24455524516280414,0.002052342224172697,0.19324660997386225,0.1450046895689613,0
0,fashion,62,shuffled8,ridge,7.758291920350022,0.07909604489038302,0.2546104502728607,0.16607572469201665,0
0,fashion,63,pca8,ridge,1.8998023299213276,0.04434870172201504,0.2785361013084509,0.2994971100892476,0
0,fashion,63,random8,ridge,0.2443437408877444,-0.003073358260117732,-0.14653486125856105,-0.1650212566965352,0
0,fashion,63,shuffled8,ridge,7.759836033258527,0.017649030478762717,0.0754150103955103,0.03723664618484979,0
0,fashion,79,pca8,ridge,1.9124273652380024,0.12859805144842926,0.4657246325097826,0.5652433880829182,0
0,fashion,79,random8,ridge,0.24433260876696591,0.003017926668383609,0.07653642074245025,0.1241138653705945,0
0,fashion,79,shuffled8,ridge,7.723569959132666,0.10791082303961522,0.24446572943974065,0.21914357105625007,0
0,fashion,80,pca8,ridge,1.9034297956787214,0.08011248374662899,0.3602211667928693,0.3765342278101897,0
0,fashion,80,random8,ridge,0.24410761194129016,0.009126192671499918,0.31169599060349856,0.3572498196915027,0
0,fashion,80,shuffled8,ridge,7.767765185845159,-0.017565463613592784,-0.01976226933518729,-0.061731532744800886,0
0,fashion,85,pca8,ridge,1.9106055757796552,0.05836746195004259,0.41128236385680844,0.4247423528589174,0
0,fashion,85,random8,ridge,0.24446749644536628,0.0071470987503363965,0.38837051908008724,0.3127026754192409,0
0,fashion,85,shuffled8,ridge,7.7413875364397144,-0.08102882315536737,-0.07517641773306157,-0.13176356609353862,0
0,fashion,86,pca8,ridge,1.8985430092524547,0.047974680173426446,0.18772554824431076,0.22488768218556324,0
0,fashion,86,random8,ridge,0.24433168360460092,0.0024214596065353323,0.09356257335204188,0.08369005089616675,0
0,fashion,86,shuffled8,ridge,7.740529919901053,-0.03453242592077141,-0.13849262194569623,-0.1346096413663031,0
0,fashion,98,pca8,ridge,1.9099871678183868,0.042431281229165035,0.3074229299078849,0.3234340147330878,0
0,fashion,98,random8,ridge,0.2440556731503594,0.004638233713018592,0.20944813059507342,0.20203253790011125,0
0,fashion,98,shuffled8,ridge,7.691098657673154,-0.07377933498172475,-0.24331717444569465,-0.226722553703329,0
0,fashion,99,pca8,ridge,1.9036278539687066,0.1612881194232627,0.5509530455127861,0.5679079992274015,0
0,fashion,99,random8,ridge,0.24426284036815304,0.005434408788175517,0.24186868092625158,0.2611998994828688,0
0,fashion,99,shuffled8,ridge,7.712672509546087,0.07134811630533812,0.13403943913595792,0.1001790339204192,0
0,fashion,105,pca8,ridge,1.906002033783388,0.028104756564331614,0.09516045830449453,0.11844288133783196,0
0,fashion,105,random8,ridge,0.244240384283001,0.001626105644229631,0.06837026290793054,0.06862600936984171,0
0,fashion,105,shuffled8,ridge,7.748519750785497,0.12633804875338148,0.18389969099330966,0.1719262724338643,0
0,fashion,109,pca8,ridge,1.896039784018376,0.058828448959780164,0.23147963395482762,0.2855269213069854,0
0,fashion,109,random8,ridge,0.24419180343012256,0.005316906159451503,0.14371196188614077,0.2214386356713072,0
0,fashion,109,shuffled8,ridge,7.784176400123334,-0.008109845943325754,0.07626463421672844,-0.01390843046238812,0
0,fashion,110,pca8,ridge,1.8797320301406,0.08478898729283282,0.29125811500867477,0.35719349826979796,0
0,fashion,110,random8,ridge,0.24441314035743816,0.0059260911648775245,0.22670064638777793,0.27017363705901865,0
0,fashion,110,shuffled8,ridge,7.774895302580167,0.03154922054568152,0.03162916225776139,0.044335567104323945,0
0,fashion,116,pca8,ridge,1.9142309190269238,0.037360627073820464,0.2713642365048957,0.22744625679863004,0
0,fashion,116,random8,ridge,0.24450597716356115,-0.0012605340074491789,-0.10585165439513067,-0.13682086078688105,0
0,fashion,116,shuffled8,ridge,7.743687226876793,-0.03836108544748909,-0.07338243846955878,-0.10426587818565426,0
0,fashion,117,pca8,ridge,1.896533304586057,0.1562402224115437,0.5536207522479972,0.5426088554547297,0
0,fashion,117,random8,ridge,0.24453637081319735,0.0034542320436478477,0.14862065950043826,0.16481776638271828,0
0,fashion,117,shuffled8,ridge,7.753504494019688,0.17079468819934485,0.2375316999658679,0.20724803534593547,0
0,fashion,126,pca8,ridge,1.9101629724538574,0.03999792399979368,0.11641263964977765,0.18637847242558575,0
0,fashion,126,random8,ridge,0.244448564548745,0.0055784906121192,0.17305520759877394,0.2690621840607934,0
0,fashion,126,shuffled8,ridge,7.728663525969159,0.1439990444828281,0.14282267133151827,0.21374276655859592,0
0,fashion,127,pca8,ridge,1.8952102472419243,0.11664064770793403,0.4567530023921376,0.4437710494959818,0
0,fashion,127,random8,ridge,0.2443373987640085,0.007695470397013162,0.3795304040096424,0.39642928854275333,0
0,fashion,127,shuffled8,ridge,7.722481891664515,0.01967001969713918,0.012919556854068853,0.03670172912169385,0
0,fashion,136,pca8,ridge,1.903917483083002,0.07473935154644298,0.36645782149822165,0.397985489252879,0
0,fashion,136,random8,ridge,0.2441533389335578,0.007261233800948714,0.35556710712437894,0.3559546308407488,0
0,fashion,136,shuffled8,ridge,7.693630829877347,-0.029218939846542818,-0.056906435466925996,-0.05728802223672101,0
0,fashion,144,pca8,ridge,1.907057267895522,0.06983816528330798,0.38773001961088194,0.3170375746210165,0
0,fashion,144,random8,ridge,0.24379884488288725,0.00038447231042971987,0.05595476361443315,0.018098882528913156,0
0,fashion,144,shuffled8,ridge,7.7088560817441,0.18534363290054903,0.2578784757882571,0.35268103088454855,0
0,landscape,3,pca8,ridge,7.736469396030069,0.38493139726533837,0.45725631856780247,0.47626379277782505,0
0,landscape,3,random8,ridge,0.0007999066554092088,1.047511869738119e-05,0.15594774508983741,0.13315075916877842,0
0,landscape,3,shuffled8,ridge,4.40013789105934,0.18709581682039939,0.30396761302165026,0.30139376424153624,0
0,landscape,14,pca8,ridge,7.736244176500215,0.2082703093964829,0.3099561855382752,0.31124922049010695,0
0,landscape,14,random8,ridge,0.0007999062419188935,1.6794623317769316e-05,0.1523757099543672,0.24941275906067095,0
0,landscape,14,shuffled8,ridge,4.414242329571843,0.17190755632166194,0.25909818995819034,0.27409692853184314,0
0,landscape,15,pca8,ridge,7.7383356896383395,-0.09307594348702765,-0.18883777133177734,-0.23209814166474793,0
0,landscape,15,random8,ridge,0.0007999026334577253,-1.1629031320649294e-06,-0.03520704211270424,-0.014212872708652464,0
0,landscape,15,shuffled8,ridge,4.4306543991903276,0.10939261707199023,0.2520504151250417,0.24139927587062318,0
0,landscape,19,pca8,ridge,7.740835089782732,0.6059823818756289,0.6553222762479448,0.6791927010948291,0
0,landscape,19,random8,ridge,0.0007999065369626939,3.740912378756983e-05,0.35648857617815044,0.37431657119237216,0
0,landscape,19,shuffled8,ridge,4.234173682917996,0.24134420284428834,0.4321884865972904,0.4617974960230325,0
0,landscape,21,pca8,ridge,7.744509274264734,0.29561289820908504,0.3605313050293812,0.33512142151487906,0
0,landscape,21,random8,ridge,0.0007999066674502736,1.983522244860706e-06,0.08339532263345735,0.024966576412519686,0
0,landscape,21,shuffled8,ridge,4.41883294959829,0.12655218925779646,0.3488030579803911,0.3562671624424563,0
0,landscape,22,pca8,ridge,7.734151395353706,0.25391922914733644,0.33710762704571745,0.32253841452532855,0
0,landscape,22,random8,ridge,0.0007998992080147595,1.6661161005769472e-05,0.1938515084963589,0.16331147539714705,0
0,landscape,22,shuffled8,ridge,4.457040561195457,0.2675827569020257,0.5360284231668241,0.520664089624036,0
0,landscape,30,pca8,ridge,7.740336773250498,0.4502838499225638,0.5057745719154364,0.5029202205761707,0
0,landscape,30,random8,ridge,0.0007999065649070712,3.757009820610102e-05,0.4143234427314034,0.42071183847480775,0
0,landscape,30,shuffled8,ridge,4.4962293293434765,0.24941927053720073,0.3488430249722251,0.39687479298588463,0
0,landscape,50,pca8,ridge,7.721586191621528,0.37485488723938465,0.4012307934033022,0.3794616028995789,0
0,landscape,50,random8,ridge,0.0007999058948282784,6.503243368603489e-05,0.4402014546191078,0.42701696620705765,0
0,landscape,50,shuffled8,ridge,4.535848124334129,0.20365002678832914,0.30580834579774374,0.3413831599988924,0
0,landscape,57,pca8,ridge,7.738612542668255,0.23381259135766397,0.21649942520801546,0.2942155246486109,0
0,landscape,57,random8,ridge,0.0007999066991197616,-7.585933375351221e-06,-0.10587770694933822,-0.10166726462701008,0
0,landscape,57,shuffled8,ridge,4.376369496297551,0.3198483830415058,0.45364608145554025,0.5230032604649593,0
0,landscape,62,pca8,ridge,7.742378721802378,0.2903846820202517,0.3013264629348809,0.320556703520194,0
0,landscape,62,random8,ridge,0.0007999067796685308,1.883962675531373e-05,0.18698560893482205,0.13459332557104328,0
0,landscape,62,shuffled8,ridge,4.3582148255158435,0.25997856393737456,0.3730755976033251,0.3845608376395649,0
0,landscape,63,pca8,ridge,7.7372623716325055,0.09157254471373735,0.2693350693495538,0.27620475243706505,0
0,landscape,63,random8,ridge,0.0007998972339292054,1.7633368985365949e-06,-0.003927372461735628,0.04850241454013038,0
0,landscape,63,shuffled8,ridge,4.418322626147835,0.04408503448454887,0.19905577266586366,0.1413318687356417,0
0,landscape,79,pca8,ridge,7.738520376433993,0.13592684405585787,0.13910002909787728,0.16278718069612313,0
0,landscape,79,random8,ridge,0.0007999064752822298,-4.747474427037337e-06,-0.014540617504049367,-0.07152008737702228,0
0,landscape,79,shuffled8,ridge,4.288199144916659,0.02741099209016992,0.12346495651287798,0.0713576569509928,0
0,landscape,80,pca8,ridge,7.739760011266868,0.5967760225274832,0.7126506542435304,0.6977885727721874,0
0,landscape,80,random8,ridge,0.0007999009697685211,7.936217021785376e-05,0.5695053697164336,0.5896519663819538,0
0,landscape,80,shuffled8,ridge,4.428422733264075,0.24972291778870448,0.45218677533764323,0.41442780958685194,0
0,landscape,85,pca8,ridge,7.733682522913547,0.4772162336467359,0.5110178218207098,0.59013411238191,0
0,landscape,85,random8,ridge,0.0007999071758240647,5.905633733326394e-06,0.04289639417893837,0.06635835699929904,0
0,landscape,85,shuffled8,ridge,4.426835997534459,0.1661769668651557,0.2460605885175852,0.3184504717023424,0
0,landscape,86,pca8,ridge,7.734647613367811,0.4099695283985987,0.5929975410408154,0.5506579058890156,0
0,landscape,86,random8,ridge,0.0007999064686173139,2.9456881914475666e-05,0.26166638963596534,0.2631691956670657,0
0,landscape,86,shuffled8,ridge,4.4092052108723845,0.21122173572169856,0.44345188810584046,0.4340814822619513,0
0,landscape,98,pca8,ridge,7.7379128773091574,0.43739789825463515,0.5766768072525228,0.580519128172551,0
0,landscape,98,random8,ridge,0.0007999001368288583,-4.612139197004597e-06,0.06914412990184285,-0.06070648889356818,0
0,landscape,98,shuffled8,ridge,4.322071534407304,0.22361662214664074,0.40959899869967115,0.3981848639869411,0
0,landscape,99,pca8,ridge,7.737298262813814,0.5284093653916271,0.6186504835413411,0.6025312665715695,0
0,landscape,99,random8,ridge,0.0007999040479846162,2.9669969771333488e-05,0.49877289656146373,0.5013906584121484,0
0,landscape,99,shuffled8,ridge,4.441927166857259,0.27129895366830264,0.5203821516369554,0.4774080907776595,0
0,landscape,105,pca8,ridge,7.737739772393392,0.13826010649182593,0.22143657212032253,0.2883636495286583,0
0,landscape,105,random8,ridge,0.0007999071562250946,1.5133969350754312e-05,0.12851631938342029,0.16393503294557804,0
0,landscape,105,shuffled8,ridge,4.333275626612997,-0.017774213092888923,-0.08981623567349278,-0.06824856898173548,0
0,landscape,109,pca8,ridge,7.741979220232935,0.20651133837596825,0.24644663377631618,0.2733617446808367,0
0,landscape,109,random8,ridge,0.0007999048694239398,1.9733862041377556e-05,0.23820677671996518,0.23165513373282412,0
0,landscape,109,shuffled8,ridge,4.386111133939298,0.13642267955604837,0.33119231513769576,0.34773427322110195,0
0,landscape,110,pca8,ridge,7.745893407323327,0.5838437999864611,0.6539875795868726,0.6417602130987485,0
0,landscape,110,random8,ridge,0.0007999011836967273,4.644535576234712e-05,0.4355885835990852,0.3395893644919076,0
0,landscape,110,shuffled8,ridge,4.517667611886555,0.5339873288731731,0.7227726809997315,0.7020558337915249,0
0,landscape,116,pca8,ridge,7.739995621262149,0.3315057064202245,0.4208996262766066,0.4959896566068392,0
0,landscape,116,random8,ridge,0.0007999077972963728,2.2586879082917413e-06,0.1078865821147457,0.04345404604841199,0
0,landscape,116,shuffled8,ridge,4.412313269654369,0.15555571595043363,0.3679703068556506,0.3801560512434068,0
0,landscape,117,pca8,ridge,7.719569131315435,0.5284994164238024,0.6043102381013007,0.5869441636500734,0
0,landscape,117,random8,ridge,0.0007999004750817477,2.2615377676304367e-05,0.26471371986301123,0.23248479482700085,0
0,landscape,117,shuffled8,ridge,4.496693911458637,0.2595496187448651,0.45767316796750135,0.46009252659770505,0
0,landscape,126,pca8,ridge,7.736111607441027,0.28753803638684433,0.30394039878650586,0.2904916103264368,0
0,landscape,126,random8,ridge,0.0007999070116648665,3.228802620648248e-05,0.2520577677771478,0.2839023891484987,0
0,landscape,126,shuffled8,ridge,4.323792523602478,0.2064511207267194,0.27827059086560557,0.32609399064926237,0
0,landscape,127,pca8,ridge,7.733746896411321,0.26238621228803405,0.21288822895883444,0.29514201417941494,0
0,landscape,127,random8,ridge,0.0007999041115029146,2.280114327977842e-05,0.2807875975062101,0.16038267360674335,0
0,landscape,127,shuffled8,ridge,4.442011576512426,0.18687429244546017,0.3398390281795217,0.30836081398408144,0
0,landscape,136,pca8,ridge,7.740463067702105,0.3002295135340364,0.3046438260891681,0.3924902345195439,0
0,landscape,136,random8,ridge,0.0007999026195338317,3.763185037269139e-05,0.3879737542486848,0.4024276197115761,0
0,landscape,136,shuffled8,ridge,4.3920637498134045,0.24981007919153506,0.44372687165037583,0.5084200846229279,0
0,landscape,144,pca8,ridge,7.7282892160510235,0.3549089513570005,0.342996881603675,0.39139559721468625,0
0,landscape,144,random8,ridge,0.0007999056323974894,3.1516053046627334e-05,0.3258855764989524,0.34944177973188734,0
0,landscape,144,shuffled8,ridge,4.328251188473995,0.26825322642612814,0.3054856121548836,0.39014843050401615,0
1,art,5,pca8,ridge,0.025214231657715237,0.0008572252568004666,0.30145450821453756,0.3017130360509367,0
1,art,5,random8,ridge,0.0007998929212152498,4.7637215680712856e-06,0.04495958182645896,0.09419339933917265,0
1,art,5,shuffled8,ridge,4.359882951554344,0.07792234182993954,0.17804608885033923,0.142917528893905,0
1,art,6,pca8,ridge,0.02521441971137104,0.0033694758138592914,0.6308066124126699,0.6033186782292481,0
1,art,6,random8,ridge,0.0007999020234232641,9.282191989947474e-06,0.07065472846326404,0.09237562319825349,0
1,art,6,shuffled8,ridge,4.520337307787896,-0.013941895702281066,-0.05823904223365731,-0.019912908896174916,0
1,art,16,pca8,ridge,0.025214839973485892,0.0011389767701141453,0.3880331383426799,0.38152781790117607,0
1,art,16,random8,ridge,0.0007998966825508072,2.5216897408942646e-05,0.29774071816292824,0.2898954412349721,0
1,art,16,shuffled8,ridge,4.448708540742345,0.08007266347100199,0.12768674322395762,0.1671788728932124,0
1,art,17,pca8,ridge,0.025215245885863744,0.0013808116315283808,0.31664024003952385,0.36619006901863976,0
1,art,17,random8,ridge,0.0007998967668012615,2.2088268135145475e-05,0.2877699560973251,0.29935926014383524,0
1,art,17,shuffled8,ridge,4.333069195187648,0.026606646567617333,0.1226005085096435,0.08256483260698069,0
1,art,23,pca8,ridge,0.025214334850560276,0.001223869266267274,0.413813403519975,0.4633556240244799,0
1,art,23,random8,ridge,0.000799899139972846,6.230820511625782e-06,0.02327946477937062,0.06011845919606409,0
1,art,23,shuffled8,ridge,4.421259490530924,0.0524907273559094,0.03809366963897011,0.09700676766790926,0
1,art,35,pca8,ridge,0.025210949885264355,0.0003688079538343688,0.1366621301784292,0.13844820775805794,0
1,art,35,random8,ridge,0.0007999036628517465,-1.4187533477031435e-05,-0.21447927753021973,-0.20772158480718575,0
1,art,35,shuffled8,ridge,4.342150528084583,0.026098958991114852,-0.02298550702085709,0.06340559062749737,0
1,art,39,pca8,ridge,0.02521099597455642,0.004084602796498119,0.6639752240132145,0.6530494828576556,0
1,art,39,random8,ridge,0.0007998953624528057,3.2900459414073787e-05,0.31429548221315173,0.29925254213071245,0
1,art,39,shuffled8,ridge,4.425273928938548,0.3358334028395946,0.46247326395665905,0.4496038330525245,0
1,art,44,pca8,ridge,0.02521406718957469,0.0019265248938695634,0.5517189820069336,0.532793450773786,0
1,art,44,random8,ridge,0.000799897369078999,5.132321034265316e-06,0.07555052714523168,0.08660414496427758,0
1,art,44,shuffled8,ridge,4.140865828511369,0.1725353286312787,0.35964052259597706,0.3957013025912567,0
1,art,51,pca8,ridge,0.025209556444381893,0.001763967410983993,0.5549970630651432,0.5247146414293614,0
1,art,51,random8,ridge,0.0007998980627949581,3.1905575022371326e-05,0.34449101973693097,0.34008433179944386,0
1,art,51,shuffled8,ridge,4.22002862294333,0.11327435168950281,0.3866507158422571,0.3486745317293166,0
1,art,64,pca8,ridge,0.025211448059524667,0.000682439893733495,0.34018130218332276,0.357729675142993,0
1,art,64,random8,ridge,0.0007998928251659006,1.5746387866158653e-05,0.13674683448791783,0.14228013615496388,0
1,art,64,shuffled8,ridge,4.417161191576532,0.016060392255346813,0.08399171052303582,0.04562262287392375,0
1,art,69,pca8,ridge,0.025210231625477017,0.0004808304466345244,0.14790448683089313,0.11911334793060757,0
1,art,69,random8,ridge,0.0007999003938808664,3.0153093073502546e-06,0.024299311482061194,0.050136872585441764,0
1,art,69,shuffled8,ridge,4.445272048746417,0.056391897396087874,0.09965730018985841,0.09431556451547854,0
1,art,81,pca8,ridge,0.02521132920800364,0.001088619083167155,0.412961518243274,0.3812148079916755,0
1,art,81,random8,ridge,0.0007998980920984148,1.821839012244571e-05,0.2923297595450578,0.17835655470647885,0
1,art,81,shuffled8,ridge,4.358189952524978,0.04136767135017647,0.16973986038100128,0.18564593584665368,0
1,art,92,pca8,ridge,0.025210992721723915,0.0026126848667521706,0.5998060070472787,0.6108929650838686,0
1,art,92,random8,ridge,0.0007999005043048368,4.252605608704869e-05,0.31971648889765303,0.38903076766510125,0
1,art,92,shuffled8,ridge,4.30042759149212,-0.0020094170348529676,-0.03879220184751127,-0.0035255931462055898,0
1,art,100,pca8,ridge,0.02521165172888958,0.0021765390678675873,0.552235315617345,0.5472628609493169,0
1,art,100,random8,ridge,0.0007998971788919718,4.771424460474834e-05,0.38751522057423315,0.3383357529266653,0
1,art,100,shuffled8,ridge,4.295193938478786,0.10436806306321318,0.2516087010688741,0.1854215992230968,0
1,art,101,pca8,ridge,0.025213717529832237,0.0016462855411262616,0.4717819191992989,0.4571359132338127,0
1,art,101,random8,ridge,0.0007998968767591313,3.732150044962065e-06,0.09944422806651888,0.05386036525072538,0
1,art,101,shuffled8,ridge,4.3574690294643,0.2471392748737044,0.3749073094290725,0.3595562581664954,0
1,art,106,pca8,ridge,0.02521160913032315,0.0009890050214949248,0.27375891327304275,0.2643376335975464,0
1,art,106,random8,ridge,0.0007998989559327593,8.152780360679151e-06,0.21247579401236133,0.15028516452852028,0
1,art,106,shuffled8,ridge,4.347312947325018,0.04786362521178486,0.12366262684982436,0.13983818359607697,0
1,art,111,pca8,ridge,0.0252124195260318,0.002302367471866581,0.5440567061747068,0.5817484870069384,0
1,art,111,random8,ridge,0.0007998949077954292,2.6144406490794657e-05,0.3680354654016491,0.39179607802373095,0
1,art,111,shuffled8,ridge,4.35256541089135,0.12120622503790637,0.25529723151541056,0.2718701969445898,0
1,art,118,pca8,ridge,0.025210752734373156,0.0023824272643700652,0.6793844634767773,0.6764481083960867,0
1,art,118,random8,ridge,0.0007999033798240907,2.8067987707983094e-05,0.3973250441795895,0.39525508547426913,0
1,art,118,shuffled8,ridge,4.354601857213728,0.10986949614040502,0.284102605903404,0.19955661795207094,0
1,art,119,pca8,ridge,0.025214693906909794,0.0024823827587853596,0.4936495966172262,0.474254384980341,0
1,art,119,random8,ridge,0.0007998997098843864,1.6284032721211793e-05,0.16019027746802017,0.15476902879153706,0
1,art,119,shuffled8,ridge,4.336252549755087,0.1866844514280695,0.26821300294292516,0.2970119807338381,0
1,art,128,pca8,ridge,0.02521105409978787,0.002111104237730738,0.6752927078803973,0.6253993764239438,0
1,art,128,random8,ridge,0.0007998998207503837,3.144913706549483e-05,0.4163862156764941,0.40771650971673346,0
1,art,128,shuffled8,ridge,4.27708385175236,0.1510674556904834,0.4042029705940874,0.3975893932943722,0
1,art,129,pca8,ridge,0.025212727934739606,0.000584948197221002,0.21491604323394778,0.24050517972760177,0
1,art,129,random8,ridge,0.0007998987279703303,1.089856244909833e-05,0.1596691220103717,0.12872475005682477,0
1,art,129,shuffled8,ridge,4.47301400846916,0.11273733220608834,0.26750348505257426,0.25419305488893595,0
1,art,137,pca8,ridge,0.025212018144216315,0.0026168353531367356,0.536662872376155,0.5637146831054831,0
1,art,137,random8,ridge,0.0007998974946023709,1.2544499683333609e-05,0.15997019515055466,0.14739518383636036,0
1,art,137,shuffled8,ridge,4.42023497000204,-0.0013638690722377485,-0.034472874550950765,-0.0041369923821748394,0
1,fashion,5,pca8,ridge,7.228744520039244,0.10098053270487356,0.1425325197919772,0.17275698115088456,0
1,fashion,5,random8,ridge,0.007989962420722443,5.695196321988927e-05,0.02593440831857017,0.06590773864299136,0
1,fashion,5,shuffled8,ridge,7.964337163156938,0.012090775449238795,-0.0023479711234919492,0.01881046235664385,0
1,fashion,6,pca8,ridge,7.255394458555811,0.28663140976771273,0.4656247333660147,0.4563683766557065,0
1,fashion,6,random8,ridge,0.007990488540040775,0.00034512723381237715,0.3119063005755303,0.3184520525894672,0
1,fashion,6,shuffled8,ridge,7.969853358108571,0.45363214147500575,0.6011641159539002,0.604237825711017,0
1,fashion,16,pca8,ridge,7.226638933137019,0.06227060460177762,0.08391828952504252,0.09838049580376738,0
1,fashion,16,random8,ridge,0.007990202238406905,-3.6777678386292396e-05,0.0029779032350364127,-0.033847861706787115,0
1,fashion,16,shuffled8,ridge,7.95986043737638,0.1196262739991895,0.2366700800566644,0.23178136179455452,0
1,fashion,17,pca8,ridge,7.243641682917006,0.18323938441094753,0.16141182928621137,0.18730347060968575,0
1,fashion,17,random8,ridge,0.007989943057216361,-3.164487673646774e-05,-0.0608532641691547,-0.03197633340347036,0
1,fashion,17,shuffled8,ridge,7.961270842631941,0.17876609013940967,0.12762795804026017,0.19394579353134336,0
1,fashion,23,pca8,ridge,7.231727793669039,0.3905384876944357,0.4458425446484552,0.4595528227056661,0
1,fashion,23,random8,ridge,0.007990047566534026,0.00021850012061802053,0.2051477195933011,0.15564025235346549,0
1,fashion,23,shuffled8,ridge,7.963914954927767,0.3238835239216072,0.39156048762557016,0.4013185942886447,0
1,fashion,35,pca8,ridge,7.232682714780255,0.060871164355868965,0.05842017507908359,0.10344061056830241,0
1,fashion,35,random8,ridge,0.007990182103981579,9.339365187115256e-05,0.03699771938135054,0.099477866703881,0
1,fashion,35,shuffled8,ridge,7.960672413161814,-0.06210195206392192,-0.07958390546645754,-0.07697787818278877,0
1,fashion,39,pca8,ridge,7.227490725167293,0.2328947099106328,0.32886703143839713,0.3194377227648073,0
1,fashion,39,random8,ridge,0.007990386526674373,0.00043141580079946286,0.22113041221851124,0.25106944274668896,0
1,fashion,39,shuffled8,ridge,7.963625472552495,0.3829959470712823,0.4027607349553821,0.43187521336364265,0
1,fashion,44,pca8,ridge,7.239776479917692,0.1488573005566601,0.23197279881019256,0.17819528724573558,0
1,fashion,44,random8,ridge,0.007990621898986494,9.069873087805833e-05,0.12308865029377838,0.08038481155086122,0
1,fashion,44,shuffled8,ridge,7.9594137399275,0.12218385627412637,0.20923537690038294,0.15598450218477933,0
1,fashion,51,pca8,ridge,7.213550535139117,0.18482238617734104,0.23635919219923554,0.2709892906631505,0
1,fashion,51,random8,ridge,0.007990363777224351,0.0001696085598141961,0.08000000968275542,0.1175549818107787,0
1,fashion,51,shuffled8,ridge,7.9651757256990035,0.19913878013923142,0.31512918943299406,0.32897533460585743,0
1,fashion,64,pca8,ridge,7.230878936409851,0.07232021950091486,0.2230028479420563,0.20864781330335147,0
1,fashion,64,random8,ridge,0.007990588150515373,-5.246433973859296e-05,-0.10636811361556692,-0.11137204049645878,0
1,fashion,64,shuffled8,ridge,7.9622953451103005,0.08229162875752527,0.2980775118906769,0.3277035758419261,0
1,fashion,69,pca8,ridge,7.252366308307143,0.1967921824473147,0.32133183992561487,0.2751612282335029,0
1,fashion,69,random8,ridge,0.007989823559883341,0.00020166295460936779,0.30138854148265415,0.34447102760320214,0
1,fashion,69,shuffled8,ridge,7.966152499508475,0.16231137640519716,0.24166278870438804,0.2635377382290553,0
1,fashion,81,pca8,ridge,7.222846209229926,0.23651408895392492,0.31017850795041496,0.3526929922154438,0
1,fashion,81,random8,ridge,0.007989889651524725,0.0003738633043066511,0.34728642234279405,0.3673185714074881,0
1,fashion,81,shuffled8,ridge,7.963090793421581,0.2464116760506961,0.34423047645165694,0.3593483316310534,0
1,fashion,92,pca8,ridge,7.236225818259385,0.2770638201679431,0.2619213466699006,0.3586685834058903,0
1,fashion,92,random8,ridge,0.00799017250630274,0.0003382513004060893,0.22088843833057817,0.2322520687249337,0
1,fashion,92,shuffled8,ridge,7.9645030788495355,0.12747993291523554,0.1617622790699797,0.16204969026953395,0
1,fashion,100,pca8,ridge,7.217911259195797,0.3321792086876057,0.4313496734248301,0.4364589398278688,0
1,fashion,100,random8,ridge,0.007989945131949484,0.0005661896805239846,0.3398895808304719,0.3262903712493933,0
1,fashion,100,shuffled8,ridge,7.963840572143767,0.1823869252684419,0.28353640430939053,0.24435522231893997,0
1,fashion,101,pca8,ridge,7.243665894181426,0.1517694209604623,0.22037097728595922,0.22614309265279617,0
1,fashion,101,random8,ridge,0.007989968682630987,0.00033521098965862183,0.2108696552404472,0.2334873007756317,0
1,fashion,101,shuffled8,ridge,7.964376427944826,0.06740340916284286,0.12461157970684601,0.08439536350545834,0
1,fashion,106,pca8,ridge,7.24331821314437,0.0753405680460324,0.1191928320193967,0.11287271496589711,0
1,fashion,106,random8,ridge,0.007990063869744102,-2.88455569915466e-05,-0.07124851727186853,-0.03549280950749068,0
1,fashion,106,shuffled8,ridge,7.963813236707115,0.08184245769092965,0.12963271892520523,0.15544633513136166,0
1,fashion,111,pca8,ridge,7.230083740016654,0.43689396247382045,0.5584954286048115,0.5673160085552406,0
1,fashion,111,random8,ridge,0.007990469439335932,0.00018390739876159726,0.2886771130266516,0.27682362777118047,0
1,fashion,111,shuffled8,ridge,7.968723076920797,0.42943131866260087,0.5253451987148846,0.5346379566529995,0
1,fashion,118,pca8,ridge,7.2096879975992945,0.1804225689525693,0.24682302609672666,0.27343793523683696,0
1,fashion,118,random8,ridge,0.00799042058631571,0.00035447442641668936,0.23309411480580428,0.23399992285626267,0
1,fashion,118,shuffled8,ridge,7.963365087403715,0.18367232206991824,0.2527705688942381,0.21072854957269335,0
1,fashion,119,pca8,ridge,7.232527287716677,0.30532985969035,0.49753460516752396,0.4712058205401158,0
1,fashion,119,random8,ridge,0.00799047521382044,0.00031540126901832534,0.37510898065709725,0.36685888462115773,0
1,fashion,119,shuffled8,ridge,7.95826677429235,0.28608703872159136,0.4593530829291662,0.4389841303864579,0
1,fashion,128,pca8,ridge,7.242327140180863,0.3206381575846496,0.3866923853820157,0.4012795476174861,0
1,fashion,128,random8,ridge,0.007990268530654421,0.0009431162656239962,0.48079412571219177,0.48436633160448594,0
1,fashion,128,shuffled8,ridge,7.963465997282823,0.29342557486209647,0.3889670464724982,0.39184985916650455,0
1,fashion,129,pca8,ridge,7.225675226333357,-0.1487962125868376,-0.2309804108204039,-0.2835159458587025,0
1,fashion,129,random8,ridge,0.007990626646860151,1.3860197232428688e-05,0.044124912788303286,0.019782180067164992,0
1,fashion,129,shuffled8,ridge,7.959012592337928,-0.02706349676201377,-0.037170986623253216,-0.05931824638577742,0
1,fashion,137,pca8,ridge,7.224808646411234,0.153142383306997,0.3486001343246393,0.26344824418111334,0
1,fashion,137,random8,ridge,0.00799063390313831,7.051956151310147e-05,0.08322859133201467,0.08559928562128263,0
1,fashion,137,shuffled8,ridge,7.96411196228862,-0.05916609492933755,-0.1644284238979101,-0.11468656229411933,0
1,landscape,5,pca8,ridge,7.239800548053814,0.4290242185887392,0.5862478916685601,0.5794737533619089,0
1,landscape,5,random8,ridge,7.157662117185532,0.19417495416199124,0.4583336566304672,0.4786073171827093,0
1,landscape,5,shuffled8,ridge,7.876832505339147,0.08827434511525427,0.18622052289682173,0.14734373171024046,0
1,landscape,6,pca8,ridge,7.228912032696639,0.4531405961336944,0.5213016628721622,0.5260130511770938,0
1,landscape,6,random8,ridge,7.190048295979071,0.11537596162402833,0.15847334757120196,0.1857664416598503,0
1,landscape,6,shuffled8,ridge,7.871395943017439,0.350355249499982,0.452430108844008,0.4211100327831152,0
1,landscape,16,pca8,ridge,7.235854267278356,0.31432296330703213,0.41339527166225515,0.3779472688702521,0
1,landscape,16,random8,ridge,7.128588738412622,0.19069719505084418,0.3050304733826869,0.36716098087127064,0
1,landscape,16,shuffled8,ridge,7.862895780476413,0.24602520418580076,0.29943808451719534,0.27984888239063743,0
1,landscape,17,pca8,ridge,7.228966328707313,0.11970754785017275,0.15233310293663133,0.16581317265628392,0
1,landscape,17,random8,ridge,7.182888144329128,-0.02051161058683453,-0.0007986705851273924,-0.028574208137399408,0
1,landscape,17,shuffled8,ridge,7.87459536365356,0.05244930912127069,0.16314177818868872,0.09591154889715597,0
1,landscape,23,pca8,ridge,7.2283947835124005,0.49344631690631996,0.6210311798790906,0.6000889757815061,0
1,landscape,23,random8,ridge,7.178294757499577,0.040625560047678956,0.13118729139293764,0.09692681489196137,0
1,landscape,23,shuffled8,ridge,7.892035421989764,0.1870369725090881,0.26783462612887377,0.31527038716060524,0
1,landscape,35,pca8,ridge,7.242770661427262,0.0895600939547464,0.1753714359300884,0.16518255569573834,0
1,landscape,35,random8,ridge,7.166397211528513,0.09132587310472375,0.2313732465982121,0.18915213820169907,0
1,landscape,35,shuffled8,ridge,7.883190203319766,0.12450165773120288,0.295497842417298,0.3329601024821284,0
1,landscape,39,pca8,ridge,7.217544477928757,0.6583716720707516,0.7151050722940336,0.7297362126126655,0
1,landscape,39,random8,ridge,7.190131963186699,0.10806492677456148,0.15512180236081197,0.16204472112279694,0
1,landscape,39,shuffled8,ridge,7.8970390021853705,0.38736417778563387,0.47130687413743033,0.4872934368096024,0
1,landscape,44,pca8,ridge,7.226302366960371,0.21986958667981268,0.30140326131857,0.31340937576822786,0
1,landscape,44,random8,ridge,7.144333533840993,0.049011682182656155,0.1073954047443072,0.09058968362441674,0
1,landscape,44,shuffled8,ridge,7.882418177403425,0.17568952159253287,0.18346504793567178,0.1978398279042845,0
1,landscape,51,pca8,ridge,7.220026365080113,0.4293041983966334,0.5927780514093098,0.6090082713662026,0
1,landscape,51,random8,ridge,7.191474488545556,0.12045909877938821,0.3323975430288127,0.3619221592425609,0
1,landscape,51,shuffled8,ridge,7.88398013560559,0.19799890553049201,0.31259285850052587,0.27157342277136254,0
1,landscape,64,pca8,ridge,7.242351048807723,0.2029730798230737,0.2908877742379175,0.2640550503372398,0
1,landscape,64,random8,ridge,7.171531369641242,0.06443162642349885,0.06949891294833586,0.09222224079767954,0
1,landscape,64,shuffled8,ridge,7.867370664957773,0.07487957106180348,0.10550794460387022,0.08907460386498448,0
1,landscape,69,pca8,ridge,7.226293396155318,0.1783953138917,0.2514774334159571,0.27650938888176874,0
1,landscape,69,random8,ridge,7.191574920360622,0.2159164579088022,0.33943633445780325,0.30196294915179567,0
1,landscape,69,shuffled8,ridge,7.890409858280293,0.024003707065372453,0.08299919315801363,0.052761239100683734,0
1,landscape,81,pca8,ridge,7.240896192554689,0.3690268731647076,0.42875787011510064,0.4952063007199615,0
1,landscape,81,random8,ridge,7.12009493191087,0.38238002217560535,0.5361665390089653,0.6057464633972655,0
1,landscape,81,shuffled8,ridge,7.861198545452488,0.18029003263214985,0.3262264315944778,0.3151854326648683,0
1,landscape,92,pca8,ridge,7.2126741457116665,0.3194339673729187,0.39818232670729004,0.4613518915286841,0
1,landscape,92,random8,ridge,7.197217299303505,0.2291775590407896,0.2906950754436061,0.35095318135172004,0
1,landscape,92,shuffled8,ridge,7.862700219663388,0.18446832566401103,0.22895983261743819,0.21012326632895145,0
1,landscape,100,pca8,ridge,7.243103130799879,0.46464292798167406,0.5498660262787132,0.553900178043518,0
1,landscape,100,random8,ridge,7.123286108978525,0.21118829771765196,0.2512603068308997,0.30111721511203393,0
1,landscape,100,shuffled8,ridge,7.894765840404644,0.22634371241618215,0.3726203834755204,0.28459052232450904,0
1,landscape,101,pca8,ridge,7.228062171937605,0.3976844360517078,0.40023803947749254,0.46705145848172264,0
1,landscape,101,random8,ridge,7.212233816404927,0.18444490742086675,0.21188474750243383,0.24885219961106084,0
1,landscape,101,shuffled8,ridge,7.88598004551509,0.15387642729714548,0.25594904975347965,0.21914367049752834,0
1,landscape,106,pca8,ridge,7.225681892311499,0.2612968599194125,0.3902547824430728,0.32825997043828187,0
1,landscape,106,random8,ridge,7.191044142681132,0.04100126053131847,0.06019150373551199,0.0796904712555634,0
1,landscape,106,shuffled8,ridge,7.886357293172904,0.09649154043825214,0.17319907201526025,0.21401884626816967,0
1,landscape,111,pca8,ridge,7.237694552824171,0.30113373475296606,0.37696133730787434,0.4026227474752218,0
1,landscape,111,random8,ridge,7.172051304090454,0.29517295101647234,0.3836049117904544,0.37312037884260546,0
1,landscape,111,shuffled8,ridge,7.884143293359041,0.2421444344733829,0.3276512511482804,0.32862495355449345,0
1,landscape,118,pca8,ridge,7.2301315521824785,0.4445904169757001,0.48195537900551694,0.5177271251454304,0
1,landscape,118,random8,ridge,7.144858223374125,0.1322334769299782,0.24122663339687286,0.16403021838868806,0
1,landscape,118,shuffled8,ridge,7.881202584743068,0.19238541375032295,0.2738880723046848,0.2248759737284831,0
1,landscape,119,pca8,ridge,7.220891249773164,0.6484597175139439,0.678271718748275,0.6865956455034098,0
1,landscape,119,random8,ridge,7.173720257259897,0.15879563587305517,0.24903334323045517,0.24104288685784792,0
1,landscape,119,shuffled8,ridge,7.8864722635135704,0.18992861863153973,0.21554524139705328,0.25136695109867474,0
1,landscape,128,pca8,ridge,7.24467425662522,0.26511572508961784,0.48778062100279374,0.5058247151478205,0
1,landscape,128,random8,ridge,7.1518501779724595,0.14600138049534953,0.2962658869431285,0.27140125101272305,0
1,landscape,128,shuffled8,ridge,7.890308124372896,0.09930476150741718,0.11870789619694061,0.16323117553322664,0
1,landscape,129,pca8,ridge,7.237657523544172,0.45915390962424973,0.5332536511589592,0.5770286899903224,0
1,landscape,129,random8,ridge,7.151392567210617,0.1913478856992657,0.32741286099925265,0.38017487526069993,0
1,landscape,129,shuffled8,ridge,7.885862434602466,0.21601656331965827,0.2118670992836661,0.28287122659277564,0
1,landscape,137,pca8,ridge,7.221882167957503,0.3588732955386664,0.4256929892853837,0.4244436813318753,0
1,landscape,137,random8,ridge,7.177205880960643,-0.01596311270887022,-0.033761515362031834,-0.02171768255896757,0
1,landscape,137,shuffled8,ridge,7.892936964889485,0.17786173512700285,0.18668132023711717,0.20027107945468792,0
2,art,7,pca8,ridge,7.732417931968183,0.4788128469717149,0.5117739210609621,0.5045895352401851,0
2,art,7,random8,ridge,5.822692382693299,0.03710797264642808,0.04770143513813056,0.07032163138660383,0
2,art,7,shuffled8,ridge,3.7191348916202824,0.3109730024411457,0.32800934868891235,0.3495575927086625,0
2,art,8,pca8,ridge,7.743111319777795,0.5290416212662565,0.6234538634349522,0.5900088699052815,0
2,art,8,random8,ridge,5.844720329463297,0.2156899867432675,0.3076847466278108,0.3327331078404714,0
2,art,8,shuffled8,ridge,3.7105012125969434,0.5285956339104622,0.6202094780340366,0.600466873602254,0
2,art,40,pca8,ridge,7.739209074271103,0.13522273411068886,0.13494805893919712,0.1499588646084508,0
2,art,40,random8,ridge,5.781712388512866,0.1150836889212368,0.20646155358768511,0.19189397082491047,0
2,art,40,shuffled8,ridge,3.6149418428895275,0.0919568666341257,0.10562453393688818,0.10638692112725232,0
2,art,41,pca8,ridge,7.741287467887321,0.5800433896270857,0.6115061704325876,0.6227565003160839,0
2,art,41,random8,ridge,5.901271491751993,0.35956580530689214,0.4559305191510664,0.44168851353192584,0
2,art,41,shuffled8,ridge,3.640889362698071,0.6401925281346085,0.6817316285290292,0.6752874870811675,0
2,art,45,pca8,ridge,7.730274709657728,-0.09487841928247297,-0.15549791920033207,-0.13657485691567134,0
2,art,45,random8,ridge,5.763843968513129,0.12330873866188383,0.22715304142643108,0.23125931263521157,0
2,art,45,shuffled8,ridge,3.553001827820698,0.0075252229674590615,0.014604196465436597,0.01720950057352943,0
2,art,46,pca8,ridge,7.746673662293505,0.16567004201127095,0.24512277495875598,0.22881337684640435,0
2,art,46,random8,ridge,5.904311929970372,-0.03630631060705823,-0.05497463064946374,-0.07429771446988065,0
2,art,46,shuffled8,ridge,3.538757945071113,0.08941335577452422,0.1723996280311583,0.1499436135457805,0
2,art,52,pca8,ridge,7.742186070992795,0.48348324247912056,0.6707258547835726,0.6744871538617341,0
2,art,52,random8,ridge,5.871586182469843,0.1602900882226804,0.19768762035726348,0.23189793282547594,0
2,art,52,shuffled8,ridge,3.5244409918623183,0.3549710349992698,0.5196459051598896,0.5604295154102619,0
2,art,58,pca8,ridge,7.738895882364165,0.46299217013546956,0.5320915179995345,0.5213346702769265,0
2,art,58,random8,ridge,5.920903468767006,0.19850540015025012,0.26850096164834386,0.296907792301425,0
2,art,58,shuffled8,ridge,3.51187345630645,0.47178316997572745,0.5808518426002669,0.5766987555810811,0
2,art,65,pca8,ridge,7.736444453368197,0.4562039715212934,0.5384964768517525,0.5296517137949281,0
2,art,65,random8,ridge,5.8146585980696806,0.26481832146835865,0.5355482344381103,0.5279418861897435,0
2,art,65,shuffled8,ridge,3.5329618708801873,0.4340515244129691,0.573089187838488,0.5416373106913138,0
2,art,66,pca8,ridge,7.743900738543777,0.5129761426203747,0.6309518516111351,0.6054587370110838,0
2,art,66,random8,ridge,5.8891355929639895,0.074219949433522,0.18215662532380636,0.20694776746197124,0
2,art,66,shuffled8,ridge,3.712194412878606,0.246860932531286,0.3951450185068729,0.44576766685064867,0
2,art,74,pca8,ridge,7.735575069792299,0.36666200646188996,0.42380825544297007,0.4714489842136335,0
2,art,74,random8,ridge,5.88299424867732,0.1347128994802751,0.27763989746759327,0.2564191741039603,0
2,art,74,shuffled8,ridge,3.46265504281749,0.29040587221462777,0.38656631744992775,0.3961059947137897,0
2,art,83,pca8,ridge,7.738695777627949,0.10321602338123513,0.23896577715510164,0.19489429175338097,0
2,art,83,random8,ridge,5.823449219583099,0.05215577661961463,0.1475950263205281,0.10768472487954213,0
2,art,83,shuffled8,ridge,3.5403247331474024,0.2058450038777506,0.35958323631420763,0.5130384227228293,0
2,art,87,pca8,ridge,7.737074986528191,0.6802303284958999,0.6599162400348183,0.7142867040107277,0
2,art,87,random8,ridge,5.902744316915411,0.4309530528207406,0.6856145240551991,0.6684572976962745,0
2,art,87,shuffled8,ridge,3.5048843158139404,0.696725238723941,0.7429452378334915,0.7616093497485694,0
2,art,93,pca8,ridge,7.745691825874525,0.47302748350299806,0.601498284411986,0.5868721021396663,0
2,art,93,random8,ridge,5.815546256397785,0.22244102907552055,0.3568676785081003,0.3392985879711615,0
2,art,93,shuffled8,ridge,3.6444696340705844,0.4419001873217106,0.5495831075963705,0.5262169642352518,0
2,art,94,pca8,ridge,7.737945874583212,0.6324141746454205,0.6852338045352592,0.7005593472351075,0
2,art,94,random8,ridge,5.942491322155485,0.30619602762069914,0.41777204881066754,0.3830523723816236,0
2,art,94,shuffled8,ridge,3.5853277603546716,0.5611581821970677,0.648325737752219,0.6513881428585105,0
2,art,102,pca8,ridge,7.740585447924256,0.19673434391807304,0.24027171680380546,0.24032070604040914,0
2,art,102,random8,ridge,5.86706386293946,0.11080668744888698,0.17389913718258895,0.22762531926896654,0
2,art,102,shuffled8,ridge,3.507564175004112,0.1606652023220929,0.3166721655974122,0.322234719080366,0
2,art,112,pca8,ridge,7.736567474007299,0.5072807537059225,0.6319062314958844,0.6129117577772044,0
2,art,112,random8,ridge,5.850996159362372,0.19686492274059056,0.37360419896344754,0.3493024987430991,0
2,art,112,shuffled8,ridge,3.597649726946916,0.27382987922416846,0.4157277838788713,0.4281152188411857,0
2,art,113,pca8,ridge,7.73184066610753,0.2707214784658801,0.40590958502319296,0.4051641344636239,0
2,art,113,random8,ridge,5.86249906899347,0.07488275959837119,0.2124713802071111,0.21030830428106667,0
2,art,113,shuffled8,ridge,3.568367878772674,0.3722557074220013,0.5798215270028821,0.5937482511452497,0
2,art,120,pca8,ridge,7.742635892867974,0.36918347398818063,0.45006400628646714,0.4444952506987255,0
2,art,120,random8,ridge,5.856640967666745,0.07993695177035864,0.18273425191628878,0.14431396568717095,0
2,art,120,shuffled8,ridge,3.65528643288582,0.3273365383036834,0.45051212843013105,0.4489223765766018,0
2,art,121,pca8,ridge,7.743437920350167,0.4276571185919139,0.41219497439381525,0.45499195294469735,0
2,art,121,random8,ridge,5.853730276061394,0.2613302737529998,0.45083163737628634,0.45140761801002244,0
2,art,121,shuffled8,ridge,3.6199282862206763,0.44378068674155224,0.48306414115207397,0.4929643229558518,0
2,art,131,pca8,ridge,7.739746905931614,0.3082096291776811,0.3325510646399424,0.3806646991580737,0
2,art,131,random8,ridge,5.8446440751394455,0.14963661901739997,0.28292315826394626,0.26309013238493995,0
2,art,131,shuffled8,ridge,3.5046633650456718,0.20731624619567454,0.30741866980195026,0.3330294664442987,0
2,art,138,pca8,ridge,7.743197474957233,0.57237308494696,0.6709956709956709,0.6210673046383123,0
2,art,138,random8,ridge,5.855771723179502,0.13315776557644812,0.3047109752992106,0.23385791677800738,0
2,art,138,shuffled8,ridge,3.5570412445732686,0.37311096349339895,0.5611408199643493,0.4796121453106404,0
2,art,139,pca8,ridge,7.733691064374182,0.4249027514680585,0.4578343508716775,0.48358651319471907,0
2,art,139,random8,ridge,5.924071831917113,0.10224343635203373,0.13034111487356553,0.1650345879845994,0
2,art,139,shuffled8,ridge,3.5171706818003066,0.141774940724651,0.22563627780744241,0.2515015319122195,0
2,fashion,7,pca8,ridge,7.252029590350253,0.15834217601223544,0.18110804100907021,0.25108099304575504,0
2,fashion,7,random8,ridge,0.0007999109644768557,6.037365578725952e-06,0.13856454948772992,0.13061695022082342,0
2,fashion,7,shuffled8,ridge,7.993895680806779,0.17244603781573611,0.20963603649183815,0.2577322219659396,0
2,fashion,8,pca8,ridge,7.2109172636949,0.05937599727646103,0.17630227906496845,0.17590968914300453,0
2,fashion,8,random8,ridge,0.0007999053935242772,-5.5948170940063575e-08,-0.04245043702625776,-0.0011570872904009856,0
2,fashion,8,shuffled8,ridge,7.994566570641342,0.14514850182876313,0.22855275897779848,0.32830735894140256,0
2,fashion,40,pca8,ridge,7.233755015318277,0.06204892121463487,0.06131780041677649,0.0853563271150248,0
2,fashion,40,random8,ridge,0.0007999090941932538,-8.599075707110306e-07,-0.02607252814469439,-0.011068295059545125,0
2,fashion,40,shuffled8,ridge,7.994501447995678,0.06324892151982757,0.1263744911028686,0.08722524790028882,0
2,fashion,41,pca8,ridge,7.222290437826442,0.2678759479500673,0.374605198928368,0.3657787229584736,0
2,fashion,41,random8,ridge,0.0007999050867575165,1.1591994319071047e-05,0.19336977095716978,0.19088474674319078,0
2,fashion,41,shuffled8,ridge,7.994588105906633,0.21194710583735485,0.257209085461679,0.31703066560604015,0
2,fashion,45,pca8,ridge,7.2407531406508605,0.07374443434215264,0.12979516221078874,0.12065007978270437,0
2,fashion,45,random8,ridge,0.0007999066128269142,8.821340799978877e-06,0.1461000909497538,0.13963674797754924,0
2,fashion,45,shuffled8,ridge,7.993979396735891,0.016601104774542456,-0.008425039166030579,0.03456982432055406,0
2,fashion,46,pca8,ridge,7.217705298374057,0.02204508764690147,0.05511582162379436,0.04655489532455237,0
2,fashion,46,random8,ridge,0.0007999023669216152,-3.4269457855069544e-06,-0.0756322809598575,-0.05900154395924774,0
2,fashion,46,shuffled8,ridge,7.995324693490729,-0.07170791526101702,-0.08758755109148937,-0.12521882873049373,0
2,fashion,52,pca8,ridge,7.225734315766475,0.1942240133438116,0.3471180078676611,0.33662152033138965,0
2,fashion,52,random8,ridge,0.0007999107619416015,6.326675709483492e-06,0.12912241731471413,0.14152707477935933,0
2,fashion,52,shuffled8,ridge,7.992939948577411,0.1023578175097605,0.2782425674997102,0.2297548155405186,0
2,fashion,58,pca8,ridge,7.206561398993114,0.12639359095983319,0.28381260951261494,0.27709323612776987,0
2,fashion,58,random8,ridge,0.0007999025687970349,7.657373748233535e-06,0.1210572778476184,0.12579345588807858,0
2,fashion,58,shuffled8,ridge,7.995551405238994,0.2045770872513274,0.35992263454409845,0.32760411718091303,0
2,fashion,65,pca8,ridge,7.214319352701692,0.13152686971883726,0.19164225843538873,0.2343782121864007,0
2,fashion,65,random8,ridge,0.0007999115478573294,2.3641454397271952e-05,0.17273051916328372,0.247575283890035,0
2,fashion,65,shuffled8,ridge,7.993405410211559,0.12169181879224909,0.32253921821404224,0.23870248897383917,0
2,fashion,66,pca8,ridge,7.23348528955175,0.2247872864363331,0.2693190318253646,0.28463241272758627,0
2,fashion,66,random8,ridge,0.0007999075281833268,-2.0094405480702537e-05,-0.28086198681954244,-0.2789507177594599,0
2,fashion,66,shuffled8,ridge,7.995704704954155,0.3019491400447867,0.4288804829733314,0.4137012890010937,0
2,fashion,74,pca8,ridge,7.246162240059985,0.18822692127913887,0.2771524275991314,0.283602725642002,0
2,fashion,74,random8,ridge,0.0007999054219071053,2.5746301825978224e-08,-0.026191985267394784,0.0004205411644709837,0
2,fashion,74,shuffled8,ridge,7.99471577331682,0.039626124485564816,0.09586970423209569,0.04817005691559155,0
2,fashion,83,pca8,ridge,7.196273371642972,0.27209092877162333,0.28887372885455176,0.3308229398707541,0
2,fashion,83,random8,ridge,0.0007999028594560336,2.5414655596011687e-05,0.20908369943703584,0.2819377477276215,0
2,fashion,83,shuffled8,ridge,7.995540934852048,0.22823510760548754,0.30148024602649065,0.30824964557236106,0
2,fashion,87,pca8,ridge,7.235784942184544,0.23134534831078657,0.4068672417446239,0.43668690416024636,0
2,fashion,87,random8,ridge,0.0007999060869738239,-1.0255504776580902e-05,-0.15143796350581334,-0.1570494130263445,0
2,fashion,87,shuffled8,ridge,7.992714657578501,0.019869334290450374,-0.0200058549980225,0.03155470824114629,0
2,fashion,93,pca8,ridge,7.2295403176063155,0.19124113033293597,0.3375571207616527,0.3023954884452979,0
2,fashion,93,random8,ridge,0.0007999091721656608,1.3048841337766408e-06,-0.06847191229295478,0.024732311146835457,0
2,fashion,93,shuffled8,ridge,7.9938724158214205,0.14792910021971548,0.24650878619423125,0.25252280705677627,0
2,fashion,94,pca8,ridge,7.207504869522572,0.1574317424151546,0.17594561588071575,0.2443697900951168,0
2,fashion,94,random8,ridge,0.0007999090688656634,8.04863188558223e-06,0.10494056633241688,0.10984562014598792,0
2,fashion,94,shuffled8,ridge,7.994223389805393,0.14585529896708288,0.1348606251420794,0.17245261001743614,0
2,fashion,102,pca8,ridge,7.231326735770156,0.1590036102575286,0.324977301550203,0.35736114944623376,0
2,fashion,102,random8,ridge,0.000799908157617127,8.657621911199661e-06,0.16896455851170578,0.15130966071130644,0
2,fashion,102,shuffled8,ridge,7.992521809239577,0.17419875605529497,0.2630745180907993,0.28079987223385733,0
2,fashion,112,pca8,ridge,7.216227241191797,0.3596157888738564,0.5082687146869739,0.5014071533423312,0
2,fashion,112,random8,ridge,0.0007999079640587064,1.2100869323663332e-05,0.16108668607914237,0.14323716193439298,0
2,fashion,112,shuffled8,ridge,7.993639149385856,0.4085866982938256,0.5203347468708789,0.542067138694048,0
2,fashion,113,pca8,ridge,7.225088907263831,0.20007207834903973,0.2569199054293504,0.28322092287562184,0
2,fashion,113,random8,ridge,0.0007999078937587214,2.5385705834385414e-06,0.0025598457716662615,0.03892053312116673,0
2,fashion,113,shuffled8,ridge,7.9951696780287165,0.11121911945171094,0.09018533564793445,0.15752965503499344,0
2,fashion,120,pca8,ridge,7.231845596127892,0.1900005164925692,0.15949461252487013,0.2336147200956137,0
2,fashion,120,random8,ridge,0.0007999083991108858,1.8033796395435674e-05,0.18995701376724392,0.1835133061802665,0
2,fashion,120,shuffled8,ridge,7.994268185274812,0.2550653920405104,0.21634417738521988,0.29046748027652763,0
2,fashion,121,pca8,ridge,7.221356834060869,0.2984228367855221,0.3136764994086526,0.3734434961794432,0
2,fashion,121,random8,ridge,0.0007999090805168236,1.4475728289954112e-05,0.15011889592576624,0.15772613902182464,0
2,fashion,121,shuffled8,ridge,7.995402468554111,0.19169342686085555,0.18824856220886493,0.23463095475346726,0
2,fashion,131,pca8,ridge,7.212011832103934,0.030588522204104636,0.009825498744550227,0.04838936673482509,0
2,fashion,131,random8,ridge,0.0007999024586297448,1.2508113319859248e-05,0.1655596538456713,0.14108174087354225,0
2,fashion,131,shuffled8,ridge,7.995160033454232,0.024880029498096746,0.04269179204507074,0.044347836411609755,0
2,fashion,138,pca8,ridge,7.208036608343546,0.4512192200174287,0.559539089487431,0.5664041179655354,0
2,fashion,138,random8,ridge,0.0007999086339370863,2.774694874195613e-05,0.26294417225025757,0.22083752406617538,0
2,fashion,138,shuffled8,ridge,7.993539634820638,0.48700485735219234,0.543859165953437,0.5396567937793725,0
2,fashion,139,pca8,ridge,7.232558610852115,0.1570722186111426,0.22617837460873083,0.22104675641054491,0
2,fashion,139,random8,ridge,0.0007999058665206489,1.4655974938474515e-05,0.05405736667246589,0.12336069587271138,0
2,fashion,139,shuffled8,ridge,7.995251787115963,0.08397224265962716,0.1603097428700235,0.12460392859641566,0
2,landscape,7,pca8,ridge,7.9141285700599315,0.24933942585625615,0.22767961398324832,0.282432108008179,0
2,landscape,7,random8,ridge,1.841538426821124,0.010183094609135556,0.09270573985901373,0.08438532152744112,0
2,landscape,7,shuffled8,ridge,7.837092981388065,-0.11305733211215237,-0.15704666932876166,-0.15413167825130528,0
2,landscape,8,pca8,ridge,7.910903481897667,0.4123131582379943,0.5051439042615652,0.4791441123696642,0
2,landscape,8,random8,ridge,1.805929904952288,0.0700256976628967,0.33068546080033806,0.3073972012960341,0
2,landscape,8,shuffled8,ridge,7.816790138466349,0.296576241637506,0.37959904307918674,0.35919204724390186,0
2,landscape,40,pca8,ridge,7.913848674802173,0.22931783242419046,0.3407276674081488,0.307052705435457,0
2,landscape,40,random8,ridge,1.8516302642291302,0.04376483430772279,0.25982934200966484,0.2618090795150224,0
2,landscape,40,shuffled8,ridge,7.823867796481068,0.0679433537843059,0.10245446303571971,0.12646609857570767,0
2,landscape,41,pca8,ridge,7.915156813204945,0.13531879877682912,0.27259196258200125,0.27314821095418756,0
2,landscape,41,random8,ridge,1.8349641556430234,0.016629132191566146,0.10541394361714862,0.11680176120444721,0
2,landscape,41,shuffled8,ridge,7.830298761713809,0.05350464503425213,0.026121565463258226,0.1135608858871925,0
2,landscape,45,pca8,ridge,7.915539253462899,0.14841338105166965,0.23116513358103438,0.1946775260003175,0
2,landscape,45,random8,ridge,1.829243462062051,0.06125892436999714,0.42617175112188543,0.43152475584449673,0
2,landscape,45,shuffled8,ridge,7.866989126393831,0.20688958246983405,0.29330790735492196,0.28838668639635506,0
2,landscape,46,pca8,ridge,7.913476786559461,0.09621048444567572,0.2320066219055373,0.23479496756849383,0
2,landscape,46,random8,ridge,1.833812750672299,-0.004168413127484672,0.055762995089576516,-0.0173495872633872,0
2,landscape,46,shuffled8,ridge,7.832795328440274,0.056912872242027776,0.08802005611767096,0.12202529584570192,0
2,landscape,52,pca8,ridge,7.911287687110537,0.4203151061409772,0.5425508620209607,0.58307470552134,0
2,landscape,52,random8,ridge,1.856988104151473,0.05067957892152265,0.26916225777970887,0.24428412623804202,0
2,landscape,52,shuffled8,ridge,7.829070523995351,0.32034255828537206,0.39035146956852973,0.4182418214036172,0
2,landscape,58,pca8,ridge,7.9147981401359075,0.3737827586972565,0.44463051948615323,0.44617382477211165,0
2,landscape,58,random8,ridge,1.831707525088098,0.06836611695575147,0.26645444441119215,0.2769098797766866,0
2,landscape,58,shuffled8,ridge,7.830520953081355,0.32979775830056246,0.4201932610484417,0.424830333416252,0
2,landscape,65,pca8,ridge,7.91178183120517,0.13885574777222018,0.13956328110944105,0.2061988998153948,0
2,landscape,65,random8,ridge,1.8403413614182904,0.0410147615624038,0.16503283808015762,0.2366739271997704,0
2,landscape,65,shuffled8,ridge,7.83885387458345,0.29779040842246046,0.3520733516010316,0.37122243298861907,0
2,landscape,66,pca8,ridge,7.9124933155654285,0.34609882212214826,0.44898151302786393,0.47388243449331485,0
2,landscape,66,random8,ridge,1.8442254857763452,0.0511381793396407,0.287113206453882,0.30825775314138165,0
2,landscape,66,shuffled8,ridge,7.798900327261011,0.21310491067868323,0.33681275277653405,0.27007142533599926,0
2,landscape,74,pca8,ridge,7.914138623985019,0.2713811985774682,0.2738725123798171,0.3062179060152424,0
2,landscape,74,random8,ridge,1.826431843748285,-0.08452280739702232,-0.2984364407324542,-0.3112801883128828,0
2,landscape,74,shuffled8,ridge,7.844995445424023,0.13706479108233632,0.15304040838790298,0.15302291982990784,0
2,landscape,83,pca8,ridge,7.910564906389492,0.34416617388893994,0.4008267808256051,0.45788185393075564,0
2,landscape,83,random8,ridge,1.8288917096605193,0.09342890466625682,0.42455205535086205,0.4181043293290859,0
2,landscape,83,shuffled8,ridge,7.808215043979815,0.40176676397136757,0.4684568490877112,0.4850526841814462,0
2,landscape,87,pca8,ridge,7.913935126297243,0.4146570152481731,0.5447321875187783,0.5077128644297405,0
2,landscape,87,random8,ridge,1.8606678381002297,0.06342779346821795,0.41996868263561554,0.361015609988718,0
2,landscape,87,shuffled8,ridge,7.832921092859426,0.31588920023182776,0.4385504812352356,0.4165253322620536,0
2,landscape,93,pca8,ridge,7.9143038595683,0.5356027455854532,0.6627401568282006,0.6088784537899011,0
2,landscape,93,random8,ridge,1.8364874280414636,0.045243218773233805,0.22995150243276163,0.2148004730192179,0
2,landscape,93,shuffled8,ridge,7.836752148235831,0.584344163977843,0.5808022750602864,0.6534177103056544,0
2,landscape,94,pca8,ridge,7.911557570163589,0.4342303128648348,0.48517887601401705,0.5101103988097351,0
2,landscape,94,random8,ridge,1.8132349742738938,0.04566235913990749,0.15674709436371956,0.1576623269994897,0
2,landscape,94,shuffled8,ridge,7.815091030274193,0.2877082783499351,0.3751483712815898,0.36494393456441226,0
2,landscape,102,pca8,ridge,7.912944537822146,0.4727452482556309,0.712540361054409,0.6590558638291041,0
2,landscape,102,random8,ridge,1.8533296431644006,0.07150639573667197,0.3198275775117998,0.30921692161064745,0
2,landscape,102,shuffled8,ridge,7.8264060812482175,0.308584020469372,0.43440371275293,0.4339152896641826,0
2,landscape,112,pca8,ridge,7.913920888774584,0.6387995527094904,0.6764404478922263,0.7089585534688153,0
2,landscape,112,random8,ridge,1.8617925892379656,0.09797755723780169,0.4427355925656571,0.43406586283529247,0
2,landscape,112,shuffled8,ridge,7.845224497370236,0.4849254847268697,0.6237457220171397,0.6429302965673968,0
2,landscape,113,pca8,ridge,7.915127114207051,0.35945870627477106,0.38538917285959384,0.4497147024763247,0
2,landscape,113,random8,ridge,1.8323366159859533,0.08967712897402966,0.24673755027326985,0.2749302902481243,0
2,landscape,113,shuffled8,ridge,7.801113337916032,0.1617216273611421,0.25337352350800324,0.21249573725174492,0
2,landscape,120,pca8,ridge,7.913609448910494,0.4556973989673211,0.5421135704402797,0.5217084500217052,0
2,landscape,120,random8,ridge,1.8425732791956129,0.023865070251331385,0.14920143443658476,0.1755093869139075,0
2,landscape,120,shuffled8,ridge,7.837555310499903,0.36467647038103135,0.3748817511775216,0.4209453547567393,0
2,landscape,121,pca8,ridge,7.910991224649973,0.5962952986312618,0.724307742455891,0.712808035479049,0
2,landscape,121,random8,ridge,1.807107913977977,0.06093026171620179,0.39136939646623586,0.38542458730341295,0
2,landscape,121,shuffled8,ridge,7.832556211941329,0.4670913139976955,0.5894516462629023,0.5778244351451765,0
2,landscape,131,pca8,ridge,7.916192676437941,0.08593938992504148,0.0994892198906875,0.128980514514474,0
2,landscape,131,random8,ridge,1.828308172918677,0.02138057827412048,0.09841734778608656,0.08890010708969526,0
2,landscape,131,shuffled8,ridge,7.848764556390227,0.13992471293683378,0.28385122188204964,0.23390140952633995,0
2,landscape,138,pca8,ridge,7.914392505918961,0.6921129506890481,0.7675870250930326,0.7478377282192796,0
2,landscape,138,random8,ridge,1.8535580208932465,0.12053115137746309,0.49378022667180654,0.501530499081027,0
2,landscape,138,shuffled8,ridge,7.8365300930835025,0.5833462066195704,0.7079163015303893,0.7059324226225658,0
2,landscape,139,pca8,ridge,7.916817385832876,0.37252044442561816,0.4560824588585239,0.4535342258593586,0
2,landscape,139,random8,ridge,1.826766169028757,0.0621516520249904,0.3196935779478626,0.2597922913776324,0
2,landscape,139,shuffled8,ridge,7.854716766022809,0.3220045064239098,0.45035265668023045,0.4245808762169869,0
3,art,0,pca8,ridge,6.026948480218139,0.257615121090572,0.2812881986436284,0.36400596402851615,0
3,art,0,random8,ridge,3.7807051482207505,0.09455753729864967,0.2538662338141747,0.2479528376658161,0
3,art,0,shuffled8,ridge,6.374335294164913,0.08513209339439434,0.11785930404761547,0.14579196959058494,0
3,art,9,pca8,ridge,6.0034741067155295,0.3747793629816314,0.5411712074480297,0.5146413767604369,0
3,art,9,random8,ridge,3.7563675294126866,0.18158972266258205,0.3473377631605417,0.3578998942196094,0
3,art,9,shuffled8,ridge,6.284190832689227,0.2551005267111806,0.4442291210744654,0.3856321226016262,0
3,art,10,pca8,ridge,6.035190994363764,0.32948069484992876,0.4136039283731713,0.4055731243861428,0
3,art,10,random8,ridge,3.7529957190423286,0.08086955567284841,0.20325963862392035,0.17972526641970044,0
3,art,10,shuffled8,ridge,6.39445279461621,0.34082450094054256,0.4787627619624791,0.4351986289740842,0
3,art,11,pca8,ridge,6.004009713689849,0.3008002225891424,0.4070966592630023,0.46877457422357843,0
3,art,11,random8,ridge,3.7141544336856187,0.14298347333978018,0.2508926014830708,0.27856137949132415,0
3,art,11,shuffled8,ridge,6.429786695285252,0.12193043243412745,0.16202042850193593,0.17721493988459,0
3,art,24,pca8,ridge,6.011578307134526,0.3731485852261182,0.6817201915473552,0.6330652441861254,0
3,art,24,random8,ridge,3.7028489443550683,0.07011386772047094,0.32572289000620935,0.3324305602192503,0
3,art,24,shuffled8,ridge,6.2869172560371975,0.22677842220911368,0.5364030161796604,0.5216809312657934,0
3,art,28,pca8,ridge,6.027993229296576,0.3396667119460305,0.5264527148608826,0.5434038887049866,0
3,art,28,random8,ridge,3.736180205179427,0.03820513235458838,0.18757449026728035,0.13021888652052224,0
3,art,28,shuffled8,ridge,6.513562409636539,0.3036806376722447,0.35994837327299717,0.40370230995929324,0
3,art,31,pca8,ridge,5.993559313417895,0.3886158920448581,0.3008431691777208,0.47564880494143524,0
3,art,31,random8,ridge,3.7196883003433596,0.08000417516458495,0.048903101537938164,0.1397233809595578,0
3,art,31,shuffled8,ridge,6.329016947473768,0.29123748303549657,0.39850088105459525,0.3672999190000669,0
3,art,32,pca8,ridge,5.996967288895512,0.264708845400325,0.3953939038466267,0.3938249006947957,0
3,art,32,random8,ridge,3.7372717250242897,0.08849900254382206,0.3646415922424519,0.3984703306572999,0
3,art,32,shuffled8,ridge,6.291746833099063,0.10601827547132897,0.18441530452375385,0.135304297665115,0
3,art,36,pca8,ridge,6.021469707847021,0.342150218956721,0.44857849127074606,0.47357426940235964,0
3,art,36,random8,ridge,3.777874102998271,0.06748111546078858,0.17424574768882486,0.19657370766163007,0
3,art,36,shuffled8,ridge,6.423920272704079,0.14552825919192192,0.19704472094685524,0.2042763720757798,0
3,art,42,pca8,ridge,6.03638842883341,0.14269599117775397,0.32889124625150923,0.24907859349988445,0
3,art,42,random8,ridge,3.7276524296097175,0.034605339473677055,0.10973103993797485,0.11379754343352252,0
3,art,42,shuffled8,ridge,6.343541758779558,0.09485097378294388,0.18580317766663965,0.21473208799566906,0
3,art,47,pca8,ridge,5.998799914175303,0.2960212865072949,0.41862659962865384,0.45704583802376686,0
3,art,47,random8,ridge,3.774001528967075,0.16477465968481733,0.3443533418910703,0.35918962230088364,0
3,art,47,shuffled8,ridge,6.391679674563677,0.1379340175080563,0.16099123685141106,0.21706171112091124,0
3,art,54,pca8,ridge,6.003955447657959,0.17154088327208805,0.18096907539056056,0.25618266723053096,0
3,art,54,random8,ridge,3.680851425260808,0.0637050245828396,0.1327176330799484,0.14233055428266392,0
3,art,54,shuffled8,ridge,6.278369730205988,0.03994691966792406,0.07515083639700547,0.0727999034907018,0
3,art,55,pca8,ridge,6.008851694653268,0.1683553479110514,0.2057274570203863,0.2315690101185327,0
3,art,55,random8,ridge,3.7127795962365457,0.07205261143193575,0.23708059538226636,0.2652015208865054,0
3,art,55,shuffled8,ridge,6.354590260179634,0.13728378720811882,0.23942841229548048,0.19935690312723905,0
3,art,59,pca8,ridge,5.988519037596225,0.39486512536817764,0.4983176384674922,0.5389029853267597,0
3,art,59,random8,ridge,3.752542616369272,0.33175128958790207,0.5638534524123352,0.5792580978521504,0
3,art,59,shuffled8,ridge,6.273863089393854,0.24931002629298404,0.46817607310259807,0.4130207456223593,0
3,art,60,pca8,ridge,5.9858038619563985,0.5191687360210391,0.5685507882388202,0.596479399886597,0
3,art,60,random8,ridge,3.700907493547503,0.11989630712167561,0.19446386048610478,0.24395439744937417,0
3,art,60,shuffled8,ridge,6.395763939397155,0.40668531157212245,0.4553155359740799,0.47407372796076186,0
3,art,67,pca8,ridge,6.020763350986374,0.4588588024066479,0.6013756257473171,0.5571144448813031,0
3,art,67,random8,ridge,3.713088915250126,0.24434868144506283,0.39632669667230674,0.4026196774145234,0
3,art,67,shuffled8,ridge,6.339591233656276,0.1986834151146441,0.3631816578305086,0.3512938827371543,0
3,art,68,pca8,ridge,5.9707041686368925,0.4868595675974791,0.6330375675907657,0.6471201204904512,0
3,art,68,random8,ridge,3.674376819593868,0.10113910753054758,0.19453158226177142,0.2189976411705166,0
3,art,68,shuffled8,ridge,6.395798236668365,0.360055759780694,0.49617266241761065,0.4855020828282971,0
3,art,75,pca8,ridge,5.995971202087951,0.3904536735040723,0.4547399571766497,0.5420448115256911,0
3,art,75,random8,ridge,3.7013379233235377,0.23842080819087805,0.49470448301388165,0.52114604250083,0
3,art,75,shuffled8,ridge,6.2974143854338624,0.1717657240382003,0.22512653914837577,0.25834230773739547,0
3,art,76,pca8,ridge,5.952337782834245,0.46715231748697644,0.5791867648000879,0.6170254648795085,0
3,art,76,random8,ridge,3.7779692527677775,0.13336404643792132,0.2028472452533956,0.24287918036099773,0
3,art,76,shuffled8,ridge,6.371783788589448,0.3608412168930315,0.3780978871915567,0.4590434245603074,0
3,art,82,pca8,ridge,6.0271002560926625,0.5989876371650196,0.6534135202612876,0.6837944618420347,0
3,art,82,random8,ridge,3.7049359079489936,0.32913516670800935,0.39581733607997155,0.4227939822121306,0
3,art,82,shuffled8,ridge,6.326529807087704,0.38328869029606943,0.44312793169628983,0.465419437840046,0
3,art,84,pca8,ridge,5.986146215196764,0.15070952486534897,0.219160823953157,0.188692569330937,0
3,art,84,random8,ridge,3.8144797284814578,0.2570550815605074,0.45729968637783075,0.4646020159389445,0
3,art,84,shuffled8,ridge,6.401399855128203,0.21536367046683855,0.19663074619552753,0.24838901691804832,0
3,art,88,pca8,ridge,5.991991611412241,0.3560214681812607,0.4387640765288372,0.46442245953306094,0
3,art,88,random8,ridge,3.7894357337116906,0.0533205160504137,0.1395301486024262,0.12008603299966246,0
3,art,88,shuffled8,ridge,6.369295206768977,0.12354798259990177,0.14384244804413532,0.17269705463431467,0
3,art,95,pca8,ridge,6.009241868584082,0.3753321506132684,0.46449021437618415,0.572160097348043,0
3,art,95,random8,ridge,3.686023627321202,0.12618006112413316,0.2660289356295055,0.33148384592751734,0
3,art,95,shuffled8,ridge,6.412315370659415,0.23016608035211678,0.29686853086849163,0.3848932852235617,0
3,art,96,pca8,ridge,6.0066837391985155,0.5043208444500289,0.613477243181555,0.6710595210857918,0
3,art,96,random8,ridge,3.6150539693138755,0.18936411686110294,0.49996134829615035,0.49746909312768317,0
3,art,96,shuffled8,ridge,6.438710130002995,0.47665592906060944,0.6214380981475445,0.6612350207931782,0
3,art,107,pca8,ridge,6.018834070202107,0.5300590161171413,0.5501376892706287,0.6365721260340471,0
3,art,107,random8,ridge,3.762211438578409,0.32282246496718237,0.45476205972371064,0.5043581279744656,0
3,art,107,shuffled8,ridge,6.3008513751625275,0.32316642083860775,0.3513397285121199,0.43918786246263924,0
3,art,122,pca8,ridge,5.986959141945062,0.4442588354162746,0.5719459485541165,0.6457544385898559,0
3,art,122,random8,ridge,3.8000633122398217,0.10297351430399021,0.3803477394249101,0.35220239954833515,0
3,art,122,shuffled8,ridge,6.34460685880708,0.3920516414036965,0.531425947905156,0.5857252774338153,0
3,art,123,pca8,ridge,5.960908279785169,0.46624368434991614,0.5442392998926477,0.5444324094672661,0
3,art,123,random8,ridge,3.7935984775981617,0.1117519375837015,0.21002257866496798,0.1856205212632964,0
3,art,123,shuffled8,ridge,6.375443194134541,0.251178036241036,0.32393312980528954,0.33296812995892744,0
3,art,132,pca8,ridge,6.037260137947989,0.29016295149316396,0.29974297161253904,0.4190404726316242,0
3,art,132,random8,ridge,3.736792048921725,0.0829967162174671,0.2664271962376028,0.3334990878590563,0
3,art,132,shuffled8,ridge,6.400315357480051,0.21966130547462218,0.259496722905521,0.34938574353343493,0
3,art,140,pca8,ridge,6.021677345914378,0.4794601035956504,0.5181388281584306,0.5377009373671604,0
3,art,140,random8,ridge,3.745139842699915,0.14179412092769203,0.2236591680979614,0.2620056642561538,0
3,art,140,shuffled8,ridge,6.448422003832821,0.2841175177737779,0.3869097334817172,0.36006669328854063,0
3,art,141,pca8,ridge,6.006308739421516,0.2925909938661026,0.46336529775084234,0.44926437896084337,0
3,art,141,random8,ridge,3.7404319953464737,0.0071178941807153225,0.07230204591867502,0.02330460057675155,0
3,art,141,shuffled8,ridge,6.383921943356063,0.19403155809866338,0.3178078826154667,0.27988830108828117,0
3,fashion,0,pca8,ridge,5.993051883717685,0.22911489946818864,0.351529712494982,0.36944710698957156,0
3,fashion,0,random8,ridge,5.85930634395584,0.04777415965563998,0.15049771629536524,0.14850847405847512,0
3,fashion,0,shuffled8,ridge,1.5037231061873597,0.08400116016344518,0.2457894946038792,0.23425886717447225,0
3,fashion,9,pca8,ridge,5.997995544714719,0.08830805562836877,0.1397719472996694,0.1557363182837365,0
3,fashion,9,random8,ridge,5.85996881882573,-0.024175281063954394,-0.06408980411438989,-0.04814087065009015,0
3,fashion,9,shuffled8,ridge,1.5846453502235458,0.017772120045163948,0.19563987216113754,0.21071870677721588,0
3,fashion,10,pca8,ridge,5.98051810684931,0.1990384867259143,0.29835376201956704,0.3160918249969367,0
3,fashion,10,random8,ridge,5.805217946921612,0.15119998811640217,0.28657470248926664,0.3131750462424432,0
3,fashion,10,shuffled8,ridge,1.5543278568876198,0.08227262676497892,0.31425549238547257,0.33222037040436825,0
3,fashion,11,pca8,ridge,6.004587740621124,0.326341015332065,0.4715186238004855,0.46754640161555533,0
3,fashion,11,random8,ridge,5.875761447734447,0.14106039005265514,0.40810148612504776,0.35977138212163773,0
3,fashion,11,shuffled8,ridge,1.4812900237122708,0.09836000318994668,0.5263174073377843,0.5225347273883898,0
3,fashion,24,pca8,ridge,6.031052258114004,0.32772387108732026,0.49978594020796735,0.539829848381214,0
3,fashion,24,random8,ridge,5.863327346079824,-0.014375273082515268,-0.12681984254682577,-0.025757567534994096,0
3,fashion,24,shuffled8,ridge,1.4779303872285747,0.0316065699461488,0.21663764464396643,0.15355838784089432,0
3,fashion,28,pca8,ridge,6.004882367128059,0.3677131560820246,0.4944063809597403,0.48185171135719235,0
3,fashion,28,random8,ridge,5.881510312077766,0.11196849341858428,0.17857087699859658,0.17672921623955917,0
3,fashion,28,shuffled8,ridge,1.5171979004646077,0.061971890537763384,0.3033015435693696,0.29837042685005294,0
3,fashion,31,pca8,ridge,5.9868259335352665,0.05274699829808297,0.15513379101311092,0.1557036132325967,0
3,fashion,31,random8,ridge,5.843265266989369,0.08637487720138276,0.18652291981342783,0.20047827108949992,0
3,fashion,31,shuffled8,ridge,1.5535393926582897,0.03004455611765219,0.30453820906266943,0.31680976458233506,0
3,fashion,32,pca8,ridge,6.023227631388663,0.13115153454644415,0.2674289641469344,0.2504636703348606,0
3,fashion,32,random8,ridge,5.865890454069008,0.0665416739058521,0.15689815982221236,0.14787770995440003,0
3,fashion,32,shuffled8,ridge,1.5310980025423,0.0129673907780296,0.06460225660796501,0.09016717919549744,0
3,fashion,36,pca8,ridge,5.994374241395759,0.04678971291159314,0.10687477489661915,0.13471008678522514,0
3,fashion,36,random8,ridge,5.8355383421908105,0.045354019088565185,0.11647311438244859,0.22667487752004364,0
3,fashion,36,shuffled8,ridge,1.550735280416593,-0.008971307943606184,-0.08011878192575776,-0.13034408096426367,0
3,fashion,42,pca8,ridge,5.99443962771519,0.024029086010019976,0.07780279046053973,0.07545834527706405,0
3,fashion,42,random8,ridge,5.791005794139327,-0.008314580636755909,-0.004647180162382913,-0.03228880366421387,0
3,fashion,42,shuffled8,ridge,1.5714746715936934,0.06156730532352329,0.31241043414212877,0.2362543882265278,0
3,fashion,47,pca8,ridge,6.029791387420345,0.17099720667685353,0.37095474737993506,0.4039890919025903,0
3,fashion,47,random8,ridge,5.90010639883397,0.08324021371015992,0.1468382895212121,0.1544455474335557,0
3,fashion,47,shuffled8,ridge,1.5097504114957265,0.03174338922731523,0.2622182096306942,0.30830281093793943,0
3,fashion,54,pca8,ridge,5.973202622562991,0.008205176218229736,-0.07691391654809214,0.0221808972501882,0
3,fashion,54,random8,ridge,5.868561799763069,0.037970134842555764,-0.006865537182171225,0.12192304943361994,0
3,fashion,54,shuffled8,ridge,1.5792904141872515,-0.013368191087525303,-0.1688026641964273,-0.09722887860466166,0
3,fashion,55,pca8,ridge,6.00711246584685,0.13907573548286262,0.16420260523233401,0.21521713712862015,0
3,fashion,55,random8,ridge,5.820593600954197,0.044554288489798935,0.021718585127623386,0.08525383957220477,0
3,fashion,55,shuffled8,ridge,1.5124996503439458,0.017714108185882014,0.08672281549797524,0.08803654223257447,0
3,fashion,59,pca8,ridge,6.027974114419724,0.4231440515871494,0.48507141143226856,0.5829793175446436,0
3,fashion,59,random8,ridge,5.805512304746105,0.142324954294289,0.15113970568281124,0.20987636604191476,0
3,fashion,59,shuffled8,ridge,1.5712133817829286,0.10844126434996626,0.3872460391022291,0.34465144071435616,0
3,fashion,60,pca8,ridge,6.027028202093826,0.28307874736111804,0.28482260093501566,0.3383095781419183,0
3,fashion,60,random8,ridge,5.814193267293786,0.025217452759768243,-0.03547093954138668,0.04273849070840746,0
3,fashion,60,shuffled8,ridge,1.540917613161106,0.07790127183857047,0.4599164030621157,0.4336834677626743,0
3,fashion,67,pca8,ridge,5.9913413738274865,-0.03701144570287814,-0.08961474286654753,-0.09375237635221163,0
3,fashion,67,random8,ridge,5.809957090781987,0.08663792470781222,0.12511855944467654,0.1500611202109975,0
3,fashion,67,shuffled8,ridge,1.552582264507714,0.027177982392266188,0.18866261656115269,0.18657914101436587,0
3,fashion,68,pca8,ridge,5.9985602059763234,0.20772463138383407,0.3071601534315864,0.32515539363210794,0
3,fashion,68,random8,ridge,5.9325511217078315,0.09379135900167604,0.19631807604211002,0.2132660754123112,0
3,fashion,68,shuffled8,ridge,1.5230746506477293,0.008822754252407423,0.029363157810527025,0.04047756339797966,0
3,fashion,75,pca8,ridge,5.975157551383167,0.3358806636333812,0.5476619035786521,0.5714000136176837,0
3,fashion,75,random8,ridge,5.787376825905444,0.1378378806324955,0.2356213944659607,0.2245816632832765,0
3,fashion,75,shuffled8,ridge,1.577501038364701,0.047512282410742665,0.2219841433393135,0.18684889390331264,0
3,fashion,76,pca8,ridge,5.964594937768855,0.13070977344323756,0.22405175577251563,0.1887646093538571,0
3,fashion,76,random8,ridge,5.923604526016307,0.09222865573892745,0.19901067718617566,0.16129569504157226,0
3,fashion,76,shuffled8,ridge,1.4909539925854773,0.02589035206804257,0.22653558745415664,0.1548724932692767,0
3,fashion,82,pca8,ridge,5.983736060283855,0.10552239759482547,0.2652010172405046,0.25663588893669753,0
3,fashion,82,random8,ridge,5.826450084702398,-0.028541150865854556,-0.07435170948122093,-0.09301876045139115,0
3,fashion,82,shuffled8,ridge,1.565260857461064,0.020696317591011693,0.1658003361158777,0.14216411166426465,0
3,fashion,84,pca8,ridge,6.001920017998181,0.11475412237753722,0.25517308125217364,0.2666614087055998,0
3,fashion,84,random8,ridge,5.920150866226741,0.053995703771841784,0.14365261668576768,0.13097564314802984,0
3,fashion,84,shuffled8,ridge,1.5163470544228301,-0.0007653668496448004,0.040738069248002176,-0.008864379433731301,0
3,fashion,88,pca8,ridge,5.967233186978823,0.04377187980953388,0.08308916687633308,0.07351840840225017,0
3,fashion,88,random8,ridge,5.875449965605964,0.10111648199553779,0.20309059861498083,0.19636130805557372,0
3,fashion,88,shuffled8,ridge,1.5145141239533468,0.025565225056203296,0.3211903416751209,0.2509250458835959,0
3,fashion,95,pca8,ridge,5.946500529401977,0.08088432107249523,0.29553215061783433,0.23768699205277757,0
3,fashion,95,random8,ridge,5.908410216097091,0.03952667791393681,0.08260976672047957,0.12550638369901945,0
3,fashion,95,shuffled8,ridge,1.549029938437665,-1.87720462195503e-05,0.0075500914391417534,-0.0002616354794919666,0
3,fashion,96,pca8,ridge,6.0151595104180755,0.044443235985977804,0.11932165951581349,0.154660059314612,0
3,fashion,96,random8,ridge,5.880743336712573,0.013525724138836959,0.012159539453558457,0.02304509429400053,0
3,fashion,96,shuffled8,ridge,1.53152965702039,0.03179477755187099,0.1881762873971425,0.1738402734357416,0
3,fashion,107,pca8,ridge,6.00312924747819,0.015532719609384092,-0.007985750073714232,0.03160990487119719,0
3,fashion,107,random8,ridge,5.849017196462996,-0.018853326158567902,-0.045831261292620815,-0.03697157519265054,0
3,fashion,107,shuffled8,ridge,1.5111758195633909,0.04604680482315499,0.21551605012601452,0.19530746344782865,0
3,fashion,122,pca8,ridge,5.966858279844127,0.04402280991365094,0.10430270270494149,0.0989628491232317,0
3,fashion,122,random8,ridge,5.791960210141187,0.0008791129714222587,0.037376389377191635,0.0027288347739713135,0
3,fashion,122,shuffled8,ridge,1.5295868734550673,0.0271921555336041,0.11027289107525802,0.13617763290226098,0
3,fashion,123,pca8,ridge,5.987404408990065,0.3123997910610647,0.458698535825158,0.46011585986012055,0
3,fashion,123,random8,ridge,5.879691998032954,0.1462622475372263,0.13921726645909233,0.21595085904911754,0
3,fashion,123,shuffled8,ridge,1.502825447585194,0.035476008663462254,0.14916494554927648,0.15701134751216775,0
3,fashion,132,pca8,ridge,5.956695298720462,0.14772404658491456,0.28664188192561085,0.3427767456314468,0
3,fashion,132,random8,ridge,5.892426358073417,0.08552433434946563,0.17473442975416825,0.19881433886625335,0
3,fashion,132,shuffled8,ridge,1.5321539979344674,0.01637662795753887,0.13150986618816982,0.16305744479989673,0
3,fashion,140,pca8,ridge,5.950588692169657,0.22207990921297027,0.3674909021018322,0.4533216139565227,0
3,fashion,140,random8,ridge,5.838761283468018,0.02291940717662016,-0.03795381784767057,0.05284041817185628,0
3,fashion,140,shuffled8,ridge,1.5564970800451396,0.030355763754387553,0.3549049263768628,0.34065822986245453,0
3,fashion,141,pca8,ridge,6.02464101287375,-0.03192129336158431,-0.09473585913746915,-0.05680518613320783,0
3,fashion,141,random8,ridge,5.914825718435342,0.21077388909937825,0.34502565982164696,0.38243725226931774,0
3,fashion,141,shuffled8,ridge,1.5224024086773096,-0.003132665038868449,-0.04668143783585438,-0.02381895745960956,0
3,landscape,0,pca8,ridge,7.991517344805244,0.47024251129485956,0.5392086132123846,0.5264943500589495,0
3,landscape,0,random8,ridge,7.996941547690006,0.27658066921198715,0.35444759676679466,0.4152029719545151,0
3,landscape,0,shuffled8,ridge,7.995584520952527,0.24375525850953184,0.4151916239127548,0.39480277333728536,0
3,landscape,9,pca8,ridge,7.991459358295036,0.5056160611892778,0.47579591920249664,0.5722942324226087,0
3,landscape,9,random8,ridge,7.996871156582637,0.26979584870773543,0.3570225654003125,0.3837427292077526,0
3,landscape,9,shuffled8,ridge,7.995672740133535,0.39808176950834445,0.47183178952342075,0.5001451342175822,0
3,landscape,10,pca8,ridge,7.991619066344552,0.5702304578836063,0.6357223452686573,0.6089988852794475,0
3,landscape,10,random8,ridge,7.996777263903186,0.3367434117096107,0.4338008334311882,0.4299545575998092,0
3,landscape,10,shuffled8,ridge,7.99541323253881,0.3014810185595688,0.3948850511497851,0.41803833385324807,0
3,landscape,11,pca8,ridge,7.991443271986309,0.41393284819128134,0.4485048798702861,0.5240715251153075,0
3,landscape,11,random8,ridge,7.996933680964059,-0.09423335738264928,-0.13094745091079255,-0.13353348776385382,0
3,landscape,11,shuffled8,ridge,7.994713432525704,0.16215053990144684,0.3017806276449402,0.26348898788647385,0
3,landscape,24,pca8,ridge,7.991303829873546,-0.07332920948187732,-0.2235008605098215,-0.1692886121094118,0
3,landscape,24,random8,ridge,7.996878769471219,-0.13065546034417344,-0.11169652266675112,-0.20339567466510383,0
3,landscape,24,shuffled8,ridge,7.994558552699488,-0.10470841547503841,-0.2143904781108442,-0.1977387167337776,0
3,landscape,28,pca8,ridge,7.991510202062577,0.17406242943281233,0.21255053170538027,0.20111619153213223,0
3,landscape,28,random8,ridge,7.996916546269258,0.10971937944610771,0.18902676366760027,0.2008764209255785,0
3,landscape,28,shuffled8,ridge,7.994863184533153,-0.06380579213485327,-0.12037476280420471,-0.10370260117022516,0
3,landscape,31,pca8,ridge,7.9915134340521545,0.20659808860936335,0.39208825177079215,0.3474232292513786,0
3,landscape,31,random8,ridge,7.996713665491204,-0.053315823768438755,-0.16015304929995272,-0.17536804267980508,0
3,landscape,31,shuffled8,ridge,7.994847580270601,0.0450734638889698,0.08985569102347091,0.0672878732184337,0
3,landscape,32,pca8,ridge,7.991505710535847,0.420289590497805,0.4948899725453036,0.4869798141664215,0
3,landscape,32,random8,ridge,7.996967345508522,0.19195453810624288,0.2527545444671703,0.2595321553025933,0
3,landscape,32,shuffled8,ridge,7.995403614978317,0.29324733708489786,0.4198221175186551,0.39627301008332133,0
3,landscape,36,pca8,ridge,7.9912495047386605,0.46577229128457026,0.5107009455943728,0.5152026200694512,0
3,landscape,36,random8,ridge,7.996885185837314,0.07259710357244585,0.12644603787642453,0.11922970889759117,0
3,landscape,36,shuffled8,ridge,7.995163033335295,0.4263542728631105,0.5440755478932563,0.5328555363227051,0
3,landscape,42,pca8,ridge,7.991530746628428,0.24765903591499705,0.3903075637733843,0.32645354292219425,0
3,landscape,42,random8,ridge,7.996807885908556,0.17391106233451423,0.32489146628430143,0.3360101667711891,0
3,landscape,42,shuffled8,ridge,7.995413414845254,0.2253849356496816,0.44121503263648393,0.36353266212895247,0
3,landscape,47,pca8,ridge,7.991607461003705,0.5740689432224789,0.46491089519606654,0.6013465152873216,0
3,landscape,47,random8,ridge,7.9967409810793315,0.1089212686445525,0.155471496000237,0.1715971128806446,0
3,landscape,47,shuffled8,ridge,7.995170191714683,0.41779258431539956,0.454485985083865,0.4764649321110221,0
3,landscape,54,pca8,ridge,7.991300969108829,0.047406672769796626,0.14497573033784333,0.09275907656335648,0
3,landscape,54,random8,ridge,7.9967484982701365,0.023790108167721057,0.13064468007124133,0.10924450587349237,0
3,landscape,54,shuffled8,ridge,7.9952772232179985,0.06999343981258299,0.09042690872447451,0.1185225305447904,0
3,landscape,55,pca8,ridge,7.991277395632153,0.49034708554495443,0.5918652570556034,0.602043405506616,0
3,landscape,55,random8,ridge,7.996925199523417,0.08189962252761343,0.12722244374676936,0.13700715142779035,0
3,landscape,55,shuffled8,ridge,7.99576116019867,0.14485146312477398,0.18524065080127491,0.21067490031583513,0
3,landscape,59,pca8,ridge,7.991438776724018,0.30753418925571574,0.48258911913580405,0.4535204027375255,0
3,landscape,59,random8,ridge,7.996858163202717,0.12244644450564153,0.22231864390112754,0.27725516996302463,0
3,landscape,59,shuffled8,ridge,7.995330549713336,0.19631577093263097,0.3703256505361587,0.3423041558285528,0
3,landscape,60,pca8,ridge,7.991636689660671,0.6906875249407028,0.769772247490557,0.7676445026812534,0
3,landscape,60,random8,ridge,7.9967576537823035,0.18294527181983108,0.328581020386013,0.3414830290216996,0
3,landscape,60,shuffled8,ridge,7.995002344595769,0.3521099306532037,0.4901798481063906,0.4701360240264979,0
3,landscape,67,pca8,ridge,7.9911036828252175,0.3060719285574708,0.3827055848547074,0.4041682461705429,0
3,landscape,67,random8,ridge,7.996883516158874,0.01354986720713428,0.0038141701386193057,0.022518445549249092,0
3,landscape,67,shuffled8,ridge,7.995209235320428,0.10450395057424838,0.21632529826736793,0.1539923257792487,0
3,landscape,68,pca8,ridge,7.9915076543185695,0.12688338203126612,0.18273666416924023,0.1656516936016694,0
3,landscape,68,random8,ridge,7.996997977265601,0.03048859586788925,0.08257138107428469,0.0511729770451797,0
3,landscape,68,shuffled8,ridge,7.9953003812409085,0.12354781487387828,0.26935664201532705,0.16195462972972485,0
3,landscape,75,pca8,ridge,7.991524999168228,0.15829528683301602,0.31968363099270114,0.25987249363092396,0
3,landscape,75,random8,ridge,7.996925803843189,-0.05576891691912934,-0.12019642433349095,-0.080964037509114,0
3,landscape,75,shuffled8,ridge,7.994822204809559,-0.006051078947422698,-0.02268451520841769,-0.011457844294458744,0
3,landscape,76,pca8,ridge,7.991512445133073,0.2847380741106251,0.27985016865462153,0.31537166255841387,0
3,landscape,76,random8,ridge,7.996919913434412,-0.08312122551130943,-0.057213589398839484,-0.10018941647731931,0
3,landscape,76,shuffled8,ridge,7.9949767864375065,0.030490112022945215,0.018753621766140198,0.04563788301547331,0
3,landscape,82,pca8,ridge,7.990952320517472,0.23984012467563345,0.27969153715336753,0.28876120077261325,0
3,landscape,82,random8,ridge,7.996844956927299,-0.05192475932497097,-0.009627063778829681,-0.08481350920691658,0
3,landscape,82,shuffled8,ridge,7.9942777969617485,0.027138721927006858,0.08775828665754212,0.03469575040804987,0
3,landscape,84,pca8,ridge,7.9916462632899545,0.36476450330845805,0.4479113385571468,0.4915057475795102,0
3,landscape,84,random8,ridge,7.996658104282225,0.10911422433014174,0.39914103791242783,0.34008293656569044,0
3,landscape,84,shuffled8,ridge,7.993837387882771,0.27597809377208354,0.4923963826598611,0.4606023018225425,0
3,landscape,88,pca8,ridge,7.991641006455566,0.48917231965179886,0.622290725449167,0.5987599224417891,0
3,landscape,88,random8,ridge,7.99683427182671,0.1959174008697776,0.26603197627513137,0.3241857013562366,0
3,landscape,88,shuffled8,ridge,7.995203227271694,0.3368327261822779,0.47447343644288187,0.44379472506852785,0
3,landscape,95,pca8,ridge,7.991438436077561,0.3331787341986828,0.35086205889075284,0.4554747054390943,0
3,landscape,95,random8,ridge,7.996786231864551,0.041309532745894446,-0.0043560752232486245,0.0859960194940847,0
3,landscape,95,shuffled8,ridge,7.995231555213774,-0.04448988413697022,-0.11375296435256067,-0.09398407159852887,0
3,landscape,96,pca8,ridge,7.99156705464661,0.49401672619951414,0.5370135517586411,0.5694896426671434,0
3,landscape,96,random8,ridge,7.9969257478874125,0.1525873612402804,0.22080252635761385,0.2401666001242328,0
3,landscape,96,shuffled8,ridge,7.995357249783892,0.17790762471649968,0.28295434859160895,0.28800980789116604,0
3,landscape,107,pca8,ridge,7.9914752523194235,0.037677655918004066,0.05989069673777836,0.05861383888507016,0
3,landscape,107,random8,ridge,7.9969400686299785,-0.09337202976946704,-0.19922009447745592,-0.14761558459535606,0
3,landscape,107,shuffled8,ridge,7.995350368629751,0.08852405274188575,0.11150341207799534,0.09995337075663448,0
3,landscape,122,pca8,ridge,7.991602908720532,0.47308170598953725,0.4699568860992014,0.536244385002921,0
3,landscape,122,random8,ridge,7.996838224764764,0.24102491502575166,0.37056290945183895,0.31451503743270676,0
3,landscape,122,shuffled8,ridge,7.99524020510936,0.2937206646703392,0.36051961564426577,0.38249368889913726,0
3,landscape,123,pca8,ridge,7.991528803049578,0.5647302612625491,0.7120480973474373,0.7079715571615584,0
3,landscape,123,random8,ridge,7.997020641958211,0.17673564501021075,0.2988288495185545,0.3129947228183517,0
3,landscape,123,shuffled8,ridge,7.995068856374704,0.12111445924000665,0.17801202433685934,0.183254746137045,0
3,landscape,132,pca8,ridge,7.991742476890466,0.38861722709762586,0.3188476663940239,0.4320334102552611,0
3,landscape,132,random8,ridge,7.996679338841498,0.05967786488292805,0.07406443962249337,0.09672212339674503,0
3,landscape,132,shuffled8,ridge,7.995602122260078,0.10895584809378452,0.10665482360990995,0.1376531100067095,0
3,landscape,140,pca8,ridge,7.991532071654706,0.23926794292754294,0.3702695909117255,0.33920485305955234,0
3,landscape,140,random8,ridge,7.996832844042887,0.16829325015084332,0.2860291515110748,0.29876195900615016,0
3,landscape,140,shuffled8,ridge,7.995443454117548,0.3229404344628352,0.4922987380577036,0.41809821059493824,0
3,landscape,141,pca8,ridge,7.991423105411078,0.29234453514594405,0.4308213399621141,0.4075927053472008,0
3,landscape,141,random8,ridge,7.996989495807478,0.03013642897055856,0.10669758032560615,0.05092274660417587,0
3,landscape,141,shuffled8,ridge,7.9949512721928135,0.013142622031013445,0.025728847494560815,0.024897425781826427,0
4,art,1,pca8,ridge,7.214960157137146,0.30520332384355153,0.348781408885802,0.39681291099318927,0
4,art,1,random8,ridge,7.062828259536594,0.029499572377698235,0.08265084323958546,0.04802736788317414,0
4,art,1,shuffled8,ridge,4.436951942917086,0.06182392395450059,0.16422027357697075,0.1267221709471973,0
4,art,2,pca8,ridge,7.250931632399985,0.6403540142888217,0.7466564672134018,0.6960892998676851,0
4,art,2,random8,ridge,6.995432521886744,0.30701881638887435,0.5299925385665978,0.428848135685541,0
4,art,2,shuffled8,ridge,4.325736246577369,0.3627462986154892,0.5946838994801601,0.533988082875274,0
4,art,12,pca8,ridge,7.244039980424802,0.32933319199257943,0.4002014711970007,0.3976933872554007,0
4,art,12,random8,ridge,6.984987076100219,0.4620805037076376,0.5789837239824319,0.5391903220804916,0
4,art,12,shuffled8,ridge,4.1638560065893975,0.19443715526829422,0.29027488683387603,0.2860789802701998,0
4,art,13,pca8,ridge,7.215778548071362,0.4533017676239718,0.4963262043993255,0.533748993106424,0
4,art,13,random8,ridge,7.004339318591192,0.14722389231075442,0.2686352112818532,0.21884002015818182,0
4,art,13,shuffled8,ridge,4.203401750916082,0.1126928102552979,0.2088351031733495,0.23441111548638016,0
4,art,26,pca8,ridge,7.23085815767621,0.3661965035229587,0.43681530448786204,0.4611272857964697,0
4,art,26,random8,ridge,7.001827590396504,0.22912109252512622,0.36842679951016355,0.3712666944082464,0
4,art,26,shuffled8,ridge,4.073607213113836,0.12358034223481928,0.2660443012089971,0.28740163057708407,0
4,art,29,pca8,ridge,7.1798374886790635,0.21178211519290516,0.3738437548787355,0.3831953309771492,0
4,art,29,random8,ridge,7.043140565985709,0.10585633766118316,0.14162664235698275,0.1708086118946832,0
4,art,29,shuffled8,ridge,4.273933894367599,0.050021654488256566,0.12377156923126313,0.09797013989036729,0
4,art,34,pca8,ridge,7.210834428229143,0.45289496662786966,0.5799641940782616,0.5866265473123023,0
4,art,34,random8,ridge,6.9853272922700915,0.24688998164417786,0.3599318640062267,0.3742237445586176,0
4,art,34,shuffled8,ridge,4.234494496546423,0.1323906806695111,0.24439270009793937,0.2834600488930454,0
4,art,38,pca8,ridge,7.2447518411189185,0.36413976890203775,0.4910613784216671,0.5042841156514717,0
4,art,38,random8,ridge,7.0578192359688865,0.18416078414354295,0.27166348176823596,0.2866683983573745,0
4,art,38,shuffled8,ridge,4.191988376575166,0.16407942142181403,0.30467848117533863,0.34109551807180705,0
4,art,43,pca8,ridge,7.226143037979164,0.3026509730235702,0.407081150200198,0.40875283355519265,0
4,art,43,random8,ridge,6.94106411910332,0.12331924653412374,0.1815997238862288,0.1696259882401174,0
4,art,43,shuffled8,ridge,4.315225788991523,0.07912638900753799,0.14511326372030636,0.1509044420155782,0
4,art,48,pca8,ridge,7.219731603329192,0.6566420660239748,0.6587209647812245,0.6692959358798326,0
4,art,48,random8,ridge,7.037573765555619,0.28567664016038735,0.344166505862176,0.3535314199710146,0
4,art,48,shuffled8,ridge,4.281418982616052,0.21533370614791195,0.2989149837951121,0.27203045715782825,0
4,art,49,pca8,ridge,7.241744800280769,0.33247198070780604,0.575868475647686,0.5232071581723228,0
4,art,49,random8,ridge,6.988885100155078,0.11412185909065689,0.27940230343844186,0.2465887762108647,0
4,art,49,shuffled8,ridge,4.148279266895705,0.22749523874410693,0.4809537968906724,0.4552776806678264,0
4,art,56,pca8,ridge,7.213711935635571,0.13231865303987728,0.16077836262331432,0.20758919812018642,0
4,art,56,random8,ridge,7.098934678058893,0.0778930089568863,-0.06143095093066701,0.13370313929202607,0
4,art,56,shuffled8,ridge,4.142871051227077,0.09660431144106804,0.3342304593687271,0.19250858965088744,0
4,art,61,pca8,ridge,7.219909250526971,0.27591592672851734,0.3100011281803409,0.3603096135656008,0
4,art,61,random8,ridge,6.994497411502461,0.0012140038665027235,0.02071355216607034,0.002565165691675962,0
4,art,61,shuffled8,ridge,4.175808906146274,0.11928503592549004,0.2224324548584067,0.1778937143045897,0
4,art,72,pca8,ridge,7.229228823227768,0.2996726134395412,0.3234549475905821,0.343418334953658,0
4,art,72,random8,ridge,6.963499097465641,0.17737221926455765,0.2658410925189777,0.2604513243816922,0
4,art,72,shuffled8,ridge,4.484260889463791,0.23585887381171566,0.3738421512907483,0.3170959247147727,0
4,art,77,pca8,ridge,7.245056570009822,0.3756445591195946,0.4640791068719334,0.4474065710691186,0
4,art,77,random8,ridge,7.073855624731697,0.0995932135844961,0.1667003423660884,0.1341464672877906,0
4,art,77,shuffled8,ridge,4.250721987337806,0.19857001862096263,0.3377549827815137,0.281068927446266,0
4,art,78,pca8,ridge,7.240891388206272,0.5081896960148928,0.5936445903070122,0.6181176639665736,0
4,art,78,random8,ridge,6.985499245473701,0.3274421599493201,0.5561045755506683,0.5643602249377724,0
4,art,78,shuffled8,ridge,4.496797006467809,0.35856497728742326,0.5961571109796809,0.5653596526817247,0
4,art,89,pca8,ridge,7.226651954133162,0.2897501929992299,0.3258911773543646,0.3400531618720511,0
4,art,89,random8,ridge,7.093768719123141,-0.016537830070433284,-0.044130572169179684,-0.023877740490785428,0
4,art,89,shuffled8,ridge,4.244325653366464,0.20218916129505865,0.3565206155722427,0.3747061072551232,0
4,art,90,pca8,ridge,7.211081929931943,0.3595155121691669,0.41984548511886677,0.4704128837655239,0
4,art,90,random8,ridge,7.0263597649921525,0.18519535631695874,0.3035483853956963,0.3299742452799152,0
4,art,90,shuffled8,ridge,4.123548123900378,0.2948990358057847,0.4823788442245133,0.4705770645565079,0
4,art,97,pca8,ridge,7.243223112781173,0.17765292178761274,0.3181411937209099,0.2857908924697105,0
4,art,97,random8,ridge,7.0998507116071075,-0.011327944888562478,-0.018717147566689626,-0.024725081320330994,0
4,art,97,shuffled8,ridge,4.316973438358142,0.12220502447795664,0.2604803036364306,0.3348381887524806,0
4,art,103,pca8,ridge,7.233374495328202,0.5304580306573926,0.5675333572482804,0.6021806671830777,0
4,art,103,random8,ridge,7.104328121599709,0.33990228370940756,0.3809019074907302,0.41912916733706357,0
4,art,103,shuffled8,ridge,4.159446572222856,0.18743486015486277,0.35184372028931393,0.3960448176854107,0
4,art,108,pca8,ridge,7.215674005489116,0.2940563083657375,0.4073776801804814,0.3921333713530007,0
4,art,108,random8,ridge,7.06197193952323,0.22334907204997095,0.28515940992275074,0.3132340795009527,0
4,art,108,shuffled8,ridge,4.034761713076259,0.08895699703278706,0.25436894768797097,0.21514438107453726,0
4,art,114,pca8,ridge,7.233165698220809,0.5292488893204068,0.6412590185076501,0.6288579657015992,0
4,art,114,random8,ridge,7.054254319061777,0.16452821558980413,0.23434895604291756,0.23268013675117352,0
4,art,114,shuffled8,ridge,4.312276748158584,0.36880942699809693,0.5235160922696772,0.5052531424137627,0
4,art,115,pca8,ridge,7.2195426027265475,-0.047450630437045616,-0.044695899013523985,-0.05530440507529184,0
4,art,115,random8,ridge,6.980199604675527,0.25944010137610674,0.3557841110305247,0.2818308576768296,0
4,art,115,shuffled8,ridge,4.372381406988639,0.11887210991609606,0.23120617973751106,0.21442441768685153,0
4,art,124,pca8,ridge,7.217943799165408,0.47216088832654235,0.5303789529294912,0.5558296673582971,0
4,art,124,random8,ridge,7.05758326231342,0.1803787971927576,0.25138509275836163,0.25531094245675523,0
4,art,124,shuffled8,ridge,4.071262914098223,0.005406366652200244,0.028360367251591124,0.01647060198461083,0
4,art,134,pca8,ridge,7.23153922375549,0.47590774789175744,0.5631484035828097,0.5321037046836656,0
4,art,134,random8,ridge,7.058312574900313,0.183576305239999,0.22662868931028668,0.2481261184114044,0
4,art,134,shuffled8,ridge,4.1224536524698125,0.25682353755646237,0.4236050267481995,0.4154575840943119,0
4,art,135,pca8,ridge,7.227069739938193,0.24836333553704762,0.3601680127791533,0.3409086980892725,0
4,art,135,random8,ridge,7.026838846349687,0.13810627321089242,0.24676498608546524,0.20744498212026063,0
4,art,135,shuffled8,ridge,4.28919963385469,0.17634638800089028,0.28134030889074085,0.2844785376977056,0
4,art,142,pca8,ridge,7.224442368684373,0.6026233201128431,0.6680100264664601,0.6810258910366607,0
4,art,142,random8,ridge,7.051169470378867,0.12565206664605594,0.16207906865968433,0.1710435298832968,0
4,art,142,shuffled8,ridge,4.32235947879719,0.16685419892741557,0.3767256971075802,0.3682682963307712,0
4,art,143,pca8,ridge,7.236003557612015,0.6511651252330577,0.7639329622040089,0.748856704094252,0
4,art,143,random8,ridge,7.064744989210608,0.3009901183548254,0.4453591550449588,0.4489982660028331,0
4,art,143,shuffled8,ridge,4.24432470612141,0.3767419278155996,0.5282234817232779,0.4767977881516035,0
4,fashion,1,pca8,ridge,3.9077814025688307,0.23230817608030893,0.5954814380109917,0.5484134022300545,0
4,fashion,1,random8,ridge,0.0007999032770141938,4.994385197691174e-06,0.11647463627544537,0.06613868916394139,0
4,fashion,1,shuffled8,ridge,4.614011177653619,0.23311540455080162,0.4526236580870788,0.4657896709489989,0
4,fashion,2,pca8,ridge,3.908698572620735,0.12159389626018596,0.2824334954215517,0.2779480156050586,0
4,fashion,2,random8,ridge,0.0007999050487355327,-6.031747502936269e-06,-0.05934147836300142,-0.08453962951547507,0
4,fashion,2,shuffled8,ridge,4.496501106468866,0.1840030913493152,0.39852119825783544,0.34112115249958735,0
4,fashion,12,pca8,ridge,3.925353284873153,0.17435064310464127,0.3378223690581757,0.3723287488959754,0
4,fashion,12,random8,ridge,0.0007998984114046266,1.9771773927657357e-05,0.15442298669291088,0.15946004011869436,0
4,fashion,12,shuffled8,ridge,4.547779122942321,0.26543211250138526,0.3503922689230123,0.37513827241033554,0
4,fashion,13,pca8,ridge,3.8922206474279144,0.16716939870142786,0.377127769127401,0.40623166707739655,0
4,fashion,13,random8,ridge,0.0007999022997822663,1.0498444639254528e-05,0.17502609156509907,0.20755840209300858,0
4,fashion,13,shuffled8,ridge,4.589012605107037,0.13000388354140457,0.33817258415519147,0.29623615940651155,0
4,fashion,26,pca8,ridge,3.9352039175417746,0.04293230788816158,0.12092293072073902,0.11460581239456,0
4,fashion,26,random8,ridge,0.0007999030750342872,1.7943364010032915e-06,0.06443154066843225,0.027204092632605925,0
4,fashion,26,shuffled8,ridge,4.503943603145369,-0.019550502619364175,-0.02862500158424855,-0.06948068716532133,0
4,fashion,29,pca8,ridge,3.8807167209615856,0.16707003785482666,0.33759625180825653,0.34425092719559636,0
4,fashion,29,random8,ridge,0.0007999037338638599,-3.5493149119103034e-06,-0.10411797972758913,-0.09390992824665721,0
4,fashion,29,shuffled8,ridge,4.651651776526595,-0.01543732564379315,-0.025819579650188437,-0.044006577692175954,0
4,fashion,34,pca8,ridge,3.915208363180392,0.18347409385805147,0.4186570812181609,0.40959736396260127,0
4,fashion,34,random8,ridge,0.0007999032637990052,1.0224112159533935e-05,0.1311450027913982,0.16264880604853238,0
4,fashion,34,shuffled8,ridge,4.4824899721562055,0.07996525903442613,0.134468841848355,0.1272012177671684,0
4,fashion,38,pca8,ridge,3.8832447911555117,0.05056995571209513,0.14828369502819808,0.13486735785999346,0
4,fashion,38,random8,ridge,0.000799905345763787,1.0703224271947315e-07,-0.012862095181907514,0.003931160412644011,0
4,fashion,38,shuffled8,ridge,4.5688298964354,-0.00884803005386268,0.0,-0.018643475088217055,0
4,fashion,43,pca8,ridge,3.9334738975240855,0.23574207727402421,0.3740578201487181,0.4894866960782837,0
4,fashion,43,random8,ridge,0.0007999011946328269,2.4648440909156833e-05,0.2902870237081321,0.2513457724393358,0
4,fashion,43,shuffled8,ridge,4.540356725122297,0.3092001538476877,0.46587021836775855,0.48190793149022676,0
4,fashion,48,pca8,ridge,3.9346455779413647,0.082589010377408,0.2080169907179963,0.21218526377770847,0
4,fashion,48,random8,ridge,0.0007999042844337479,1.9221440292124606e-05,0.2168813511179109,0.26109759188746673,0
4,fashion,48,shuffled8,ridge,4.587680175534151,0.21948738048359323,0.34177033986337463,0.31525271530755267,0
4,fashion,49,pca8,ridge,3.95588155894532,0.02873102624148808,0.08983338165183916,0.07854465959129722,0
4,fashion,49,random8,ridge,0.0007999042633359845,7.129277493299473e-06,0.17123240691525565,0.16615993510934898,0
4,fashion,49,shuffled8,ridge,4.569620526731353,0.05667365346536359,0.10745070594244985,0.13855796040942558,0
4,fashion,56,pca8,ridge,3.8652423870475587,-0.06920003960651784,-0.16566326695352893,-0.14354514454775524,0
4,fashion,56,random8,ridge,0.0007998993789859921,-4.087379257938814e-05,-0.22315371575931978,-0.2771386817067067,0
4,fashion,56,shuffled8,ridge,4.557442067753665,0.050343282248460526,0.10037553055666927,0.09643462318571393,0
4,fashion,61,pca8,ridge,3.851846789567415,0.1095464290208858,0.17979834989010599,0.22162903188677852,0
4,fashion,61,random8,ridge,0.000799905285936806,3.199592991531231e-05,0.2866865423101634,0.3100995910164378,0
4,fashion,61,shuffled8,ridge,4.360972491004986,0.07230709799241823,0.2440013231461611,0.16382387505613172,0
4,fashion,72,pca8,ridge,3.9511532442128336,0.09895841833361001,0.22092674068251839,0.24905453596938326,0
4,fashion,72,random8,ridge,0.0007999071565837449,2.7816996579530043e-06,0.05010154194595795,0.03434743463473728,0
4,fashion,72,shuffled8,ridge,4.400619886527245,0.08658692841121993,0.14761099455045676,0.18652088343921527,0
4,fashion,77,pca8,ridge,3.847099149803188,0.08006845902694258,0.309549221476166,0.2755923600602849,0
4,fashion,77,random8,ridge,0.0007999012116038959,-7.2858780120814095e-06,-0.15290154220048835,-0.14977964762655704,0
4,fashion,77,shuffled8,ridge,4.40970435983854,0.035724584633584695,0.07324683807541126,0.11238642006888952,0
4,fashion,78,pca8,ridge,3.9173949162753963,0.1584009481578959,0.4064419566878561,0.43165483305588365,0
4,fashion,78,random8,ridge,0.0007998986958481542,1.751957065862461e-05,0.27014555710550675,0.23979939165789915,0
4,fashion,78,shuffled8,ridge,4.538542847572294,0.12263524286236915,0.27898559474789436,0.25156490676807114,0
4,fashion,89,pca8,ridge,3.8892390718693757,0.22604393784303956,0.4883523479514349,0.5027479249063652,0
4,fashion,89,random8,ridge,0.00079990124510118,4.002082591341436e-05,0.24562887078569698,0.32033979120798367,0
4,fashion,89,shuffled8,ridge,4.6274695331101325,0.1026805569403754,0.25419731976659343,0.3020528116412496,0
4,fashion,90,pca8,ridge,3.924460826135694,0.11475901297300962,0.30160204986640016,0.3202650710742357,0
4,fashion,90,random8,ridge,0.0007999039833434624,2.1186234979395713e-05,0.31863702565590873,0.34966857271997703,0
4,fashion,90,shuffled8,ridge,4.471188845339674,0.09020134088341046,0.1713747850915894,0.20121961038621078,0
4,fashion,97,pca8,ridge,3.9011584295860495,0.08160036072609014,0.27415242957582575,0.29370328392080974,0
4,fashion,97,random8,ridge,0.0007999018693617753,3.137257205478383e-05,0.24926656915302015,0.29600540185851704,0
4,fashion,97,shuffled8,ridge,4.57253758293863,-0.011299987711564898,-0.0900072615701883,-0.0397213070824773,0
4,fashion,103,pca8,ridge,3.9023240286324006,0.05131011592662964,0.16877915636050714,0.13991636756427372,0
4,fashion,103,random8,ridge,0.0007999039393226274,2.077762040999138e-06,0.07987716646662701,0.03367827964941374,0
4,fashion,103,shuffled8,ridge,4.5485995492281415,0.13082083886630208,0.25847892070099526,0.28479775846687316,0
4,fashion,108,pca8,ridge,3.873714267347759,0.0036662994284998277,-0.02288651127221125,0.012546320229417537,0
4,fashion,108,random8,ridge,0.000799907659706939,8.994348363582678e-07,0.06615478687482522,0.03343788898872047,0
4,fashion,108,shuffled8,ridge,4.5151783324307235,-0.02997378444639011,-0.08496494528095591,-0.08153595335100908,0
4,fashion,114,pca8,ridge,3.9106390691045534,0.18888488230448044,0.23834530794409406,0.3508491050195678,0
4,fashion,114,random8,ridge,0.0007998954754650975,2.9247647448536627e-05,0.18364896665244532,0.20950892804948157,0
4,fashion,114,shuffled8,ridge,4.524158351168652,0.08763769953313895,0.1159807573047006,0.2248057445378344,0
4,fashion,115,pca8,ridge,3.918317049328327,0.14629708434037317,0.11665149138421389,0.2993166095495182,0
4,fashion,115,random8,ridge,0.0007999056804083624,2.114597933298758e-05,0.2963079017224973,0.342613603408251,0
4,fashion,115,shuffled8,ridge,4.398823436846161,0.1387961690322927,0.10377631400097925,0.2401200371512876,0
4,fashion,124,pca8,ridge,3.9109995919767173,0.14614764119270587,0.30781919155032933,0.3544957312778435,0
4,fashion,124,random8,ridge,0.0007999058768461111,1.6490843781751616e-05,0.17670716187239907,0.15547255790706974,0
4,fashion,124,shuffled8,ridge,4.58618939800132,0.1856307598653178,0.4049430690330677,0.4124434491729293,0
4,fashion,134,pca8,ridge,3.8948712251654953,0.16319822033615802,0.2936501505342478,0.2918420735108725,0
4,fashion,134,random8,ridge,0.0007999023121271694,4.2235249801138967e-05,0.35444863442841323,0.34013235424173477,0
4,fashion,134,shuffled8,ridge,4.48500986694899,0.07780953601728266,0.16115865673019925,0.1523814050211381,0
4,fashion,135,pca8,ridge,3.9317336192126993,0.15157654684247457,0.22578629410079548,0.3051482900549318,0
4,fashion,135,random8,ridge,0.000799907366261055,2.181423372403635e-05,0.28608604684712935,0.31109067330525375,0
4,fashion,135,shuffled8,ridge,4.367889496312976,0.19079174906279928,0.23294219836861768,0.2856468009740996,0
4,fashion,142,pca8,ridge,3.849092443253078,0.033009523528941966,0.0946085772300877,0.08460641235095923,0
4,fashion,142,random8,ridge,0.0007998968618959891,2.3702372112361996e-05,0.15497544420263692,0.1761417615643811,0
4,fashion,142,shuffled8,ridge,4.570378222120132,0.2600930993594174,0.26297633477789517,0.33003768709617304,0
4,fashion,143,pca8,ridge,3.9173032964935683,0.21518790621661862,0.37314432235169376,0.44689871241542,0
4,fashion,143,random8,ridge,0.0007999043028162219,4.2413579333851334e-05,0.3618620113568714,0.32209128847355645,0
4,fashion,143,shuffled8,ridge,4.450976490592212,0.320529499654378,0.4814131049258606,0.45329266617191144,0
4,landscape,1,pca8,ridge,7.737469682695345,0.5356414449789327,0.6102989681530312,0.6214314382832915,0
4,landscape,1,random8,ridge,0.07907976965931153,0.004646064654048831,0.3629470715854209,0.39744150135636386,0
4,landscape,1,shuffled8,ridge,7.034709404480519,0.3225747302339997,0.5245052264566196,0.5151094567583737,0
4,landscape,2,pca8,ridge,7.736200612266578,0.3206706872592858,0.4417515571155941,0.4621665953669588,0
4,landscape,2,random8,ridge,0.07898783764480831,0.0035979771031679486,0.3658866188731544,0.4217768076611255,0
4,landscape,2,shuffled8,ridge,7.042851805718023,0.06585746923734209,0.0849907933383578,0.1458906727588728,0
4,landscape,12,pca8,ridge,7.730388718833103,0.6788805890891576,0.6660810229729343,0.6911865486248114,0
4,landscape,12,random8,ridge,0.07903166049864796,0.00616156837323536,0.44931715174340553,0.4083083440175374,0
4,landscape,12,shuffled8,ridge,7.0638756063040296,0.21428755280498513,0.3383877235763741,0.32479896084761667,0
4,landscape,13,pca8,ridge,7.740443256917768,0.2699535550784167,0.39070336433841124,0.4157004080483946,0
4,landscape,13,random8,ridge,0.07910738629991675,0.0017833142463564789,0.25705452310404836,0.31449819515711624,0
4,landscape,13,shuffled8,ridge,7.164728200094213,0.19291873401922247,0.3123675836733065,0.26691292718698906,0
4,landscape,26,pca8,ridge,7.730581167802937,0.14673645809741653,0.17029778797464573,0.22706841186809887,0
4,landscape,26,random8,ridge,0.07901053158637884,0.0018670193463470749,0.2326222528400057,0.23164762224932628,0
4,landscape,26,shuffled8,ridge,7.006842955968477,0.02151573869474496,0.07329396420630334,0.04994861015902318,0
4,landscape,29,pca8,ridge,7.7378611802471395,0.2651312179397213,0.36227050045246545,0.3684782615072001,0
4,landscape,29,random8,ridge,0.07907397555672746,0.001693604523218224,0.16357323845321084,0.1967582925268434,0
4,landscape,29,shuffled8,ridge,7.194555718352362,0.0005643025363169568,-0.010216973564044557,0.0008917748630831827,0
4,landscape,34,pca8,ridge,7.72829849896601,0.48962094190154853,0.6877022618663232,0.6613146231965006,0
4,landscape,34,random8,ridge,0.07905521279422423,0.002304562997789506,0.37761016735109076,0.29415776880174765,0
4,landscape,34,shuffled8,ridge,7.061758293402528,0.14862606784782778,0.3390634857684371,0.2882861636708615,0
4,landscape,38,pca8,ridge,7.741092528687547,0.1315832481748394,0.38696703523870635,0.2859528616998197,0
4,landscape,38,random8,ridge,0.07907900655706063,0.0003186489111735717,0.18505999075721383,0.16212553483349332,0
4,landscape,38,shuffled8,ridge,7.075945281113289,0.046178923048468025,0.03235458635733026,0.1028992787399505,0
4,landscape,43,pca8,ridge,7.728209558384129,0.44441615465445405,0.45065664323013876,0.49820412960591864,0
4,landscape,43,random8,ridge,0.07902269539480153,0.004020248591430392,0.2727476458259212,0.3626134098237376,0
4,landscape,43,shuffled8,ridge,7.006023972365369,0.14011012769564313,0.2133127889943843,0.22055249615912745,0
4,landscape,48,pca8,ridge,7.737149141496563,0.43686789380971364,0.4199671865936536,0.47295349441897705,0
4,landscape,48,random8,ridge,0.07912012335057984,-0.00074692615793799,-0.05571202487518935,-0.07838259121624518,0
4,landscape,48,shuffled8,ridge,7.117947923017103,0.4201293722029196,0.44282603028669365,0.5921141241159653,0
4,landscape,49,pca8,ridge,7.72388183275857,0.37293391954043265,0.5024076839398656,0.5269667623015405,0
4,landscape,49,random8,ridge,0.0790576360660787,0.002926796669302355,0.34984305127467746,0.3808005167088671,0
4,landscape,49,shuffled8,ridge,7.015566959779168,0.04829689421477364,0.08952715715796614,0.10128551735907124,0
4,landscape,56,pca8,ridge,7.742614980170767,0.08934580042717141,0.17869366099405556,0.16497472756076612,0
4,landscape,56,random8,ridge,0.07908873629578349,0.00038133070980893215,0.09583168109761853,0.07560289478548216,0
4,landscape,56,shuffled8,ridge,7.066423779516982,-0.0031246981524487233,-0.041569555131991835,-0.006056584905181955,0
4,landscape,61,pca8,ridge,7.74509363588777,0.3507479646726538,0.41377966172506103,0.42239188815647566,0
4,landscape,61,random8,ridge,0.07907769679105804,0.003276914003928473,0.25571286111309915,0.29981611599501135,0
4,landscape,61,shuffled8,ridge,7.056909284483416,0.07748086523908039,0.10624833536437343,0.13779764601627897,0
4,landscape,72,pca8,ridge,7.7449240417484155,0.30450256317872254,0.4544024594846005,0.4505328154379633,0
4,landscape,72,random8,ridge,0.07897043872042946,0.0020287774463475673,0.2497793213377304,0.1920147723972059,0
4,landscape,72,shuffled8,ridge,6.951818818262478,0.24587072516126654,0.3793217340707298,0.37535430920905893,0
4,landscape,77,pca8,ridge,7.737341435904175,0.22118704133468703,0.2484997300428061,0.28229681167892595,0
4,landscape,77,random8,ridge,0.07907789176229889,1.4602449045818421e-05,0.0011264276292835122,0.0018677196820276708,0
4,landscape,77,shuffled8,ridge,7.136474077507681,-0.018329405800516115,-0.06895696095787761,-0.03148864163126922,0
4,landscape,78,pca8,ridge,7.732949749462959,0.18247969833425676,0.21569554568238025,0.23390064231969346,0
4,landscape,78,random8,ridge,0.07901324048023753,-3.183520516286852e-05,-0.05414518828005031,-0.0031540310295698855,0
4,landscape,78,shuffled8,ridge,7.068754027500518,0.10620450489952596,0.22007240468049513,0.17138523558319185,0
4,landscape,89,pca8,ridge,7.738011812306367,0.17858726700175484,0.2707340499640458,0.3284019547012559,0
4,landscape,89,random8,ridge,0.07908660482588471,0.0002867874524260975,0.06055243880894718,0.06558208640431058,0
4,landscape,89,shuffled8,ridge,7.0745307484319255,-0.03991951911869952,-0.08507938427597793,-0.10510496304536587,0
4,landscape,90,pca8,ridge,7.739992144926687,0.31095269619831994,0.4628468847032644,0.3676494866843433,0
4,landscape,90,random8,ridge,0.07903132583166947,0.004720465916494202,0.4337951544223177,0.3854592388919678,0
4,landscape,90,shuffled8,ridge,7.206790462755817,-0.13989624613903917,-0.18380806273906658,-0.16856310702497895,0
4,landscape,97,pca8,ridge,7.740006728650659,0.45650399487984805,0.5240921932997447,0.5313991698889688,0
4,landscape,97,random8,ridge,0.07907005758671155,0.003024047846463684,0.22038556293240466,0.22926912372588587,0
4,landscape,97,shuffled8,ridge,7.103448604747148,-0.10270689691434157,-0.14215485009960357,-0.11665920405272505,0
4,landscape,103,pca8,ridge,7.74315294526593,0.36687967323657045,0.472071395781329,0.4712118812428647,0
4,landscape,103,random8,ridge,0.07907256974908326,0.0008618183020625958,0.13209860775464077,0.09083084822562351,0
4,landscape,103,shuffled8,ridge,7.041027731745835,0.19469255814562333,0.29044821607359594,0.2862616903620048,0
4,landscape,108,pca8,ridge,7.7435352402621165,0.2936280666898522,0.3188984691845562,0.3181736453240616,0
4,landscape,108,random8,ridge,0.07908118794447645,0.0027267939683410175,0.2913344981476875,0.2603861299612753,0
4,landscape,108,shuffled8,ridge,7.126901588881585,0.1889862411785403,0.27598303385135314,0.26710157814318886,0
4,landscape,114,pca8,ridge,7.738188777630424,0.1583835152756316,0.23860912885017016,0.22160578828867653,0
4,landscape,114,random8,ridge,0.07906961865066617,0.001526119521763176,0.30019372114483267,0.29385757319321854,0
4,landscape,114,shuffled8,ridge,7.107458602912083,-0.027344263907220882,-0.08118195648235675,-0.045477779437861146,0
4,landscape,115,pca8,ridge,7.736978868520902,0.15067388476513494,0.15278397569618035,0.19000752796090892,0
4,landscape,115,random8,ridge,0.07899117503470901,0.004221844960479891,0.30716427874206803,0.26277909194215127,0
4,landscape,115,shuffled8,ridge,7.0965463824834485,0.134410623750519,0.19088985436661293,0.2009682043136547,0
4,landscape,124,pca8,ridge,7.742560746298617,0.4187558784813361,0.5135255742574169,0.5190133927357283,0
4,landscape,124,random8,ridge,0.07909838071521509,0.006018143089375577,0.38607403144316665,0.41889585062822,0
4,landscape,124,shuffled8,ridge,7.137203216926113,0.1195949432791487,0.30781779231441686,0.20697096059837092,0
4,landscape,134,pca8,ridge,7.7300053746693616,0.27836910923230135,0.37639254851147336,0.36346298307987707,0
4,landscape,134,random8,ridge,0.07905040890193733,0.0011120719523228068,0.1604962823801723,0.15954970685356762,0
4,landscape,134,shuffled8,ridge,7.1437273285529495,0.15852045977494927,0.21341641009946896,0.2975962252024913,0
4,landscape,135,pca8,ridge,7.722886966442183,0.34477803843409827,0.37957785073126876,0.44176568109822256,0
4,landscape,135,random8,ridge,0.07898445284507018,0.004108086898898878,0.36628708813792704,0.37592702126162186,0
4,landscape,135,shuffled8,ridge,7.036179191295041,0.19464852827296217,0.21217753140084675,0.288230586016536,0
4,landscape,142,pca8,ridge,7.739515773823471,0.4044647081196971,0.4305533606911368,0.4648316140618914,0
4,landscape,142,random8,ridge,0.07906515176311603,0.001027317357268818,0.12823725658144136,0.09443532505969783,0
4,landscape,142,shuffled8,ridge,7.0811520916508295,0.07358573626031764,0.17333385959304037,0.11833085900977348,0
4,landscape,143,pca8,ridge,7.737847550418423,0.6047584725575016,0.7023334725655638,0.7114851828084451,0
4,landscape,143,random8,ridge,0.07904634949891527,0.0023586988064432813,0.2939175373342404,0.2768476686207388,0
4,landscape,143,shuffled8,ridge,7.0502065172062585,0.2663316029927968,0.43970183531145157,0.4028704243945235,0
0,art,3,pca8,ridge,3.9223281420038663,0.07606408758290684,0.24543889186198656,0.2651914175381576,1
0,art,3,random8,ridge,7.010855233081411,0.01920778517378622,0.05604432979842567,0.040994768887760935,1
0,art,3,shuffled8,ridge,7.418556625043034,-0.023536414647831436,-0.09758767915949644,-0.04161297589347162,1
0,art,14,pca8,ridge,3.9059796691168858,0.31422647842533225,0.6203406906743825,0.566411851902436,1
0,art,14,random8,ridge,7.017605492353604,0.28785197074654434,0.3840062358558452,0.3834522073371529,1
0,art,14,shuffled8,ridge,7.42367873557101,0.39009649017331693,0.5453872034273937,0.489894903962874,1
0,art,15,pca8,ridge,3.9236636755207064,0.06192813810254453,0.24411821063638114,0.21016769745285174,1
0,art,15,random8,ridge,7.0585231257584224,-0.23409197505212018,-0.41994492271318296,-0.32631587231654324,1
0,art,15,shuffled8,ridge,7.46114931713633,0.20666839432142084,0.2662624990495573,0.243944890645193,1
0,art,19,pca8,ridge,3.922662732229295,0.16573063938531943,0.37047040132907766,0.3640583564755045,1
0,art,19,random8,ridge,7.036045026809726,0.18882213427313826,0.2651205309093911,0.2544371295245898,1
0,art,19,shuffled8,ridge,7.473788138078667,0.20630954343326505,0.24855985052144797,0.25264351126090484,1
0,art,21,pca8,ridge,3.930568981776702,0.2651688162192138,0.5475619910540025,0.5403328732520769,1
0,art,21,random8,ridge,7.010656231293661,0.23586169789813738,0.3839019636001838,0.2892946260853824,1
0,art,21,shuffled8,ridge,7.4263293988045636,0.3676434960119809,0.4470725212160401,0.4205928734955808,1
0,art,22,pca8,ridge,3.904708348765315,0.31058649383846815,0.4792337725156543,0.49821267805776875,1
0,art,22,random8,ridge,7.083364321875743,0.19523623963324224,0.2983586871864198,0.25844396059860214,1
0,art,22,shuffled8,ridge,7.418474701333155,0.41896821267217343,0.4410625566615171,0.44631372329225494,1
0,art,30,pca8,ridge,3.949440140566911,0.24868321969202756,0.3852877902897201,0.43575368896199845,1
0,art,30,random8,ridge,7.015568914919505,0.11349207135941398,0.08965816503597261,0.1621050648377939,1
0,art,30,shuffled8,ridge,7.445065259334689,0.17978952828129588,0.31847687966445865,0.24714092558708792,1
0,art,50,pca8,ridge,3.9488665443387263,0.2035867336531967,0.3946550102701555,0.4096100298692771,1
0,art,50,random8,ridge,7.063428068801611,0.11385645057087014,0.2064535406251313,0.17508705833016033,1
0,art,50,shuffled8,ridge,7.475971228326039,0.2954809018663773,0.410750496494688,0.37614723699796626,1
0,art,57,pca8,ridge,3.9442852804149684,0.2567874821895431,0.43716054224971107,0.4430272444761927,1
0,art,57,random8,ridge,7.060524651551006,-0.06289815083180668,-0.12098418006760751,-0.13664834162627396,1
0,art,57,shuffled8,ridge,7.468529794684096,0.16417866966604064,0.18480961923606534,0.18377442689949386,1
0,art,62,pca8,ridge,3.9352908729485843,0.326280932483586,0.5463754372284758,0.5329734789648507,1
0,art,62,random8,ridge,6.9687792986501655,0.26098425654576324,0.362905104857033,0.3319930018930901,1
0,art,62,shuffled8,ridge,7.455392107265055,0.43110289743021024,0.515222883475492,0.48699657605984975,1
0,art,63,pca8,ridge,3.926279978873478,0.05885955143039452,0.27248872704373417,0.2776578746318184,1
0,art,63,random8,ridge,7.045740574924864,0.07511424644771768,0.10626259506132396,0.12766793775792637,1
0,art,63,shuffled8,ridge,7.484918451076205,0.13404053560960524,0.2072195683249558,0.21243328029393196,1
0,art,79,pca8,ridge,3.9142908262308764,0.24919003312373358,0.4962094324985222,0.508413841728364,1
0,art,79,random8,ridge,7.033074816007476,0.2800588779628194,0.4343992839717651,0.43501509005480293,1
0,art,79,shuffled8,ridge,7.506794708225298,0.35362813371611546,0.4147277975574106,0.40528175445510956,1
0,art,80,pca8,ridge,3.90631091977869,0.5690726584984159,0.7926229837228668,0.8434856404794996,1
0,art,80,random8,ridge,7.039732579921785,0.5818869702167604,0.6276528598018686,0.6651186906790991,1
0,art,80,shuffled8,ridge,7.424352739083641,0.8239470805446718,0.7891840591622742,0.8495020547207632,1
0,art,85,pca8,ridge,3.946335444538963,0.22303557397286203,0.45106421637578364,0.49162016420035665,1
0,art,85,random8,ridge,7.0245654898960135,0.12209470723347193,0.21668970466723086,0.23282732284177765,1
0,art,85,shuffled8,ridge,7.497721952345314,0.23384135356025917,0.19946226332525355,0.31325269058548505,1
0,art,86,pca8,ridge,3.9376239635036536,0.1899356227040897,0.42909817069584,0.4543184127170092,1
0,art,86,random8,ridge,7.054259589598911,0.10357839044141776,0.1876780153141207,0.21410437970711751,1
0,art,86,shuffled8,ridge,7.486467493889142,0.36884775941575165,0.5641690957325869,0.5481453376821093,1
0,art,98,pca8,ridge,3.9307038387764757,0.25434164405679716,0.32270182874040143,0.3788475832519016,1
0,art,98,random8,ridge,6.994265223735751,0.27986041124033706,0.29643024256068035,0.3163189836712025,1
0,art,98,shuffled8,ridge,7.4955840744014255,0.29040069062383184,0.2991904842606135,0.3131932249182844,1
0,art,99,pca8,ridge,3.963511242309465,0.4020233531348794,0.6340832735125119,0.6591665710918971,1
0,art,99,random8,ridge,7.009044397201212,0.33834917882462434,0.48825335034660666,0.4965682092656516,1
0,art,99,shuffled8,ridge,7.45380406892835,0.4369796485860111,0.4891277469545302,0.5149141352596225,1
0,art,105,pca8,ridge,3.940742673914485,0.058506901640606346,0.17068116487444446,0.18092607110841713,1
0,art,105,random8,ridge,7.075934107625545,0.16986828055407885,0.26906506777150424,0.29432403804303753,1
0,art,105,shuffled8,ridge,7.460921617648232,0.07145392125898749,0.09257030863496071,0.1592594095756632,1
0,art,109,pca8,ridge,3.9605572887387015,0.21317102798714543,0.38625171042523604,0.41503254554053254,1
0,art,109,random8,ridge,7.1149827710956925,0.11082001439872972,0.20385788176702827,0.15423098665690113,1
0,art,109,shuffled8,ridge,7.491728058806558,0.17787186712869613,0.253164456597196,0.2274969900079852,1
0,art,110,pca8,ridge,3.8833129056279887,0.2809245613728539,0.5485168610817039,0.5140655478980092,1
0,art,110,random8,ridge,7.037306413717766,0.07455322838762252,0.14409230639620554,0.12258928357221248,1
0,art,110,shuffled8,ridge,7.4745430789688445,0.2338510080500807,0.3464587481181232,0.3105716549882622,1
0,art,116,pca8,ridge,3.9286088802530457,0.35828030233690644,0.6277154782235768,0.6343117134694096,1
0,art,116,random8,ridge,7.018978628550477,0.26155222020844027,0.36910854962007006,0.39792716177701737,1
0,art,116,shuffled8,ridge,7.436863685682278,0.48924957444306044,0.5953331313104993,0.6048235918873643,1
0,art,117,pca8,ridge,3.8971115550596727,0.355606969692798,0.6270244051098078,0.609568412445691,1
0,art,117,random8,ridge,7.027461133341144,0.42604207449049825,0.5599184419037742,0.5456830886429298,1
0,art,117,shuffled8,ridge,7.530304532602738,0.47061323430566937,0.5060377415193675,0.5023248645108577,1
0,art,126,pca8,ridge,3.9302405618624077,0.20107058552665164,0.4036900709025019,0.39928471041716074,1
0,art,126,random8,ridge,7.041310171222766,0.1777355150253845,0.32983531954822054,0.28644517402584446,1
0,art,126,shuffled8,ridge,7.447468139405008,0.39958666445625124,0.5155554009537867,0.48302984559775025,1
0,art,127,pca8,ridge,3.9270761640533993,0.3588396445617081,0.618193939353996,0.600041386566244,1
0,art,127,random8,ridge,7.050051409565047,0.14121083114244543,0.22204537034266011,0.20052782922263307,1
0,art,127,shuffled8,ridge,7.425989404729299,0.22933032713288784,0.28480692363951365,0.29266811545190424,1
0,art,136,pca8,ridge,3.952479980916513,0.19387414032225062,0.41294713957059276,0.44276842155551416,1
0,art,136,random8,ridge,7.044974843336684,0.2417686945319173,0.297696187126071,0.3552530255475616,1
0,art,136,shuffled8,ridge,7.476337363468432,0.2198815133117448,0.31236835634871307,0.30729933237737206,1
0,art,144,pca8,ridge,3.925120101723718,0.24124691434156156,0.5697505593353128,0.5847240684606146,1
0,art,144,random8,ridge,7.029681970512923,0.16946880559924213,0.3830630165373744,0.3773137938066454,1
0,art,144,shuffled8,ridge,7.452440998441199,0.3822526340132601,0.5337827237709024,0.5626111207030963,1
0,fashion,3,pca8,ridge,1.9066432624258842,0.07391558203792378,0.4777384507795794,0.481635070047906,1
0,fashion,3,random8,ridge,0.0007999063597023457,1.4689854920440603e-05,0.27404805758782963,0.2687368407302736,1
0,fashion,3,shuffled8,ridge,7.976961727328256,0.050232616820952744,0.106527449613783,0.07223833678567726,1
0,fashion,14,pca8,ridge,1.906962360005596,0.13695402244917218,0.5686677671425782,0.520408806537624,1
0,fashion,14,random8,ridge,0.0007999123000231577,3.29849080683399e-05,0.3906030587091594,0.3545344434012842,1
0,fashion,14,shuffled8,ridge,7.976765263916682,-0.011884461738731122,-0.02396458293312419,-0.023529208951620608,1
0,fashion,15,pca8,ridge,1.8949858054057964,-0.028828388206429578,-0.1844787023225071,-0.1459617847266496,1
0,fashion,15,random8,ridge,0.0007999016942980474,-1.5225618549526403e-06,-0.05244504665144989,-0.015859564287358185,1
0,fashion,15,shuffled8,ridge,7.979676355308872,-0.00606327055395496,-0.018529138383053576,-0.014994577355591081,1
0,fashion,19,pca8,ridge,1.9113673919620355,0.03814621361940417,0.18070076049256636,0.17427242342174315,1
0,fashion,19,random8,ridge,0.0007999070399168859,-8.678661344892257e-06,-0.1634936248780326,-0.14358930874489448,1
0,fashion,19,shuffled8,ridge,7.977412647906892,-0.07849347146367168,-0.07229063881301126,-0.15362889179056968,1
0,fashion,21,pca8,ridge,1.9054708819078334,0.03387220011064782,0.24164557573064208,0.24854050010199571,1
0,fashion,21,random8,ridge,0.0007999048651993494,1.608310796323595e-05,0.2094632149235296,0.269103098896469,1
0,fashion,21,shuffled8,ridge,7.977211673914834,0.05605955721824214,0.15252519195709982,0.12346347940300252,1
0,fashion,22,pca8,ridge,1.8985554627033783,0.07417550249209498,0.41846728013772805,0.4105729998494433,1
0,fashion,22,random8,ridge,0.0007999012526261183,1.0804027759800676e-06,0.08061319372790615,0.03062252864389555,1
0,fashion,22,shuffled8,ridge,7.977708295936942,-0.0024545011111833577,0.04756860766531826,-0.003981369729830235,1
0,fashion,30,pca8,ridge,1.9035352979850628,0.10494538006260973,0.3836712635772225,0.3780626090916075,1
0,fashion,30,random8,ridge,0.0007999101956975243,1.3711988496091794e-05,0.3847630715967153,0.3811896863838894,1
0,fashion,30,shuffled8,ridge,7.977022967899179,0.27325817994640195,0.45369585973651116,0.44257740640243187,1
0,fashion,50,pca8,ridge,1.9055397156875478,0.023275525757008576,0.32949127145363666,0.3513065908625512,1
0,fashion,50,random8,ridge,0.0007999081741843863,1.0419544628230437e-05,0.2614655513262434,0.26392825121703634,1
0,fashion,50,shuffled8,ridge,7.975215595127972,0.10931280102174837,0.26917761498415743,0.23696991967078918,1
0,fashion,57,pca8,ridge,1.9052516856290207,0.039126390767374855,0.295155005863981,0.18647597433285562,1
0,fashion,57,random8,ridge,0.0007999082205133343,3.167969434316779e-05,0.2935548300714341,0.3582693369594156,1
0,fashion,57,shuffled8,ridge,7.9771998924589465,0.08669950708559059,0.053993028354971,0.1330609068641042,1
0,fashion,62,pca8,ridge,1.9108466604174303,0.05142092638569137,0.1502919217645633,0.23229896227055039,1
0,fashion,62,random8,ridge,0.0007999083120287967,4.383059446310332e-06,0.14262144172718846,0.17749338999036637,1
0,fashion,62,shuffled8,ridge,7.971890462317421,0.021330986281976223,0.08511758493086889,0.04757632582009871,1
0,fashion,63,pca8,ridge,1.8998023299213276,0.04434870172201504,0.2785361013084509,0.2994971100892476,1
0,fashion,63,random8,ridge,0.0007999098738495486,3.1022295510576993e-06,0.09024829389714378,0.08179268528183353,1
0,fashion,63,shuffled8,ridge,7.980189619720214,0.005477698854497518,0.046647430271130205,0.02551956232905829,1
0,fashion,79,pca8,ridge,1.9124273652380024,0.12859805144842926,0.4657246325097826,0.5652433880829182,1
0,fashion,79,random8,ridge,0.0007999101098258342,4.0715079116578176e-05,0.2901621734171608,0.33777096992077144,1
0,fashion,79,shuffled8,ridge,7.975351266256302,0.17427912672498033,0.21085937602136898,0.22493829186099432,1
0,fashion,80,pca8,ridge,1.9034297956787214,0.08011248374662899,0.3602211667928693,0.3765342278101897,1
0,fashion,80,random8,ridge,0.0007999077636675088,2.9319558866955807e-05,0.4207308875048166,0.4144462692789998,1
0,fashion,80,shuffled8,ridge,7.980219337385497,0.006261316808623032,0.021474347124126783,0.008420919572881519,1
0,fashion,85,pca8,ridge,1.9106055757796552,0.05836746195004259,0.41128236385680844,0.4247423528589174,1
0,fashion,85,random8,ridge,0.0007999053102648749,1.3526512138443901e-05,0.20748494626129485,0.19996222557511434,1
0,fashion,85,shuffled8,ridge,7.976224834798236,-0.0744438073302596,-0.14951699563521273,-0.13869310265462412,1
0,fashion,86,pca8,ridge,1.8985430092524547,0.047974680173426446,0.18772554824431076,0.22488768218556324,1
0,fashion,86,random8,ridge,0.0007999053804350676,8.027939221111357e-06,0.028719207007525154,0.07319854364002983,1
0,fashion,86,shuffled8,ridge,7.980670235876024,-0.015376079931606956,-0.023815927762337933,-0.027521519894219564,1
0,fashion,98,pca8,ridge,1.9099871678183868,0.042431281229165035,0.3074229299078849,0.3234340147330878,1
0,fashion,98,random8,ridge,0.0007999058364262427,1.0300871552061015e-05,0.11775628434440616,0.2014093928944374,1
0,fashion,98,shuffled8,ridge,7.9737335739437585,0.31325747432413276,0.4019126536940382,0.4283876938550528,1
0,fashion,99,pca8,ridge,1.9036278539687066,0.1612881194232627,0.5509530455127861,0.5679079992274015,1
0,fashion,99,random8,ridge,0.0007999085075703626,3.3720947074994474e-05,0.21722619631901952,0.2704490201890986,1
0,fashion,99,shuffled8,ridge,7.979716858869637,0.05098154185677449,0.08661612879838215,0.09121881025262438,1
0,fashion,105,pca8,ridge,1.906002033783388,0.028104756564331614,0.09516045830449453,0.11844288133783196,1
0,fashion,105,random8,ridge,0.0007999085765446217,7.645837778968414e-06,0.11942426985226665,0.08451919290196333,1
0,fashion,105,shuffled8,ridge,7.974870656550785,-0.04171588842278515,-0.09216037748405417,-0.07352633774179111,1
0,fashion,109,pca8,ridge,1.896039784018376,0.058828448959780164,0.23147963395482762,0.2855269213069854,1
0,fashion,109,random8,ridge,0.0007999086492625774,4.576690474188021e-06,0.03841102507394031,0.05125358989069623,1
0,fashion,109,shuffled8,ridge,7.977049159164362,-0.14380007372890963,-0.17528197325957723,-0.2306661004060007,1
0,fashion,110,pca8,ridge,1.8797320301406,0.08478898729283282,0.29125811500867477,0.35719349826979796,1
0,fashion,110,random8,ridge,0.0007999065032667774,1.4352786605354514e-05,0.14645351434044016,0.17144447715777586,1
0,fashion,110,shuffled8,ridge,7.976832147090055,0.14899094183289377,0.19512145121099247,0.24241697457800027,1
0,fashion,116,pca8,ridge,1.9142309190269238,0.037360627073820464,0.2713642365048957,0.22744625679863004,1
0,fashion,116,random8,ridge,0.0007999068954603396,9.666407705683582e-06,0.20783313909015444,0.15169605524289498,1
0,fashion,116,shuffled8,ridge,7.974341769554019,0.07865348038963735,0.13530515367126864,0.13963465882569975,1
0,fashion,117,pca8,ridge,1.896533304586057,0.1562402224115437,0.5536207522479972,0.5426088554547297,1
0,fashion,117,random8,ridge,0.0007999054742634438,-6.960765241332519e-06,-0.11967054118043406,-0.0771480957105827,1
0,fashion,117,shuffled8,ridge,7.980011076526843,0.12160339398187835,0.14721336208210475,0.15439331452924407,1
0,fashion,126,pca8,ridge,1.9101629724538574,0.03999792399979368,0.11641263964977765,0.18637847242558575,1
0,fashion,126,random8,ridge,0.0007999009202485837,1.4382321041938326e-05,0.0699468696232566,0.21475929382433445,1
0,fashion,126,shuffled8,ridge,7.976648857903404,-0.15727340034046028,-0.264199602650796,-0.25501020535101604,1
0,fashion,127,pca8,ridge,1.8952102472419243,0.11664064770793403,0.4567530023921376,0.4437710494959818,1
0,fashion,127,random8,ridge,0.0007999074657748491,1.3503985060990567e-05,0.1828878713600697,0.20368276767346644,1
0,fashion,127,shuffled8,ridge,7.98091271435638,0.2683969461536441,0.27946524312850834,0.29664222957940484,1
0,fashion,136,pca8,ridge,1.903917483083002,0.07473935154644298,0.36645782149822165,0.397985489252879,1
0,fashion,136,random8,ridge,0.0007999067652381713,-2.0240231234920387e-07,0.031445711322672036,-0.002748546545588533,1
0,fashion,136,shuffled8,ridge,7.975987210234868,0.03394183518577056,0.08295584687463091,0.07795854377704076,1
0,fashion,144,pca8,ridge,1.907057267895522,0.06983816528330798,0.38773001961088194,0.3170375746210165,1
0,fashion,144,random8,ridge,0.0007999080432227647,7.807374701455605e-06,0.19999773299144313,0.16955339250349621,1
0,fashion,144,shuffled8,ridge,7.973395896507448,0.0433931062968744,0.13172683934231136,0.09794853370368845,1
0,landscape,3,pca8,ridge,7.736469396030069,0.38493139726533837,0.45725631856780247,0.47626379277782505,1
0,landscape,3,random8,ridge,1.8600790099664115,0.0081748253964043,0.12261126784770926,0.06970566693471039,1
0,landscape,3,shuffled8,ridge,7.991002078362742,0.16412496345712818,0.2757522489747678,0.2509084962603183,1
0,landscape,14,pca8,ridge,7.736244176500215,0.2082703093964829,0.3099561855382752,0.31124922049010695,1
0,landscape,14,random8,ridge,1.861911814816117,0.07239509714862487,0.34282056279909023,0.3559116141844126,1
0,landscape,14,shuffled8,ridge,7.991373103667369,-0.02402546245891366,-0.026222104933591485,-0.03518343390373524,1
0,landscape,15,pca8,ridge,7.7383356896383395,-0.09307594348702765,-0.18883777133177734,-0.23209814166474793,1
0,landscape,15,random8,ridge,1.8552830855336544,-0.008171994487837791,-0.0728145643694565,-0.061266682307023874,1
0,landscape,15,shuffled8,ridge,7.990932532123482,-0.1659552444597959,-0.26885377613337785,-0.2781586747792849,1
0,landscape,19,pca8,ridge,7.740835089782732,0.6059823818756289,0.6553222762479448,0.6791927010948291,1
0,landscape,19,random8,ridge,1.8779656224051047,0.05214375107043474,0.19210029657771283,0.30543020032298157,1
0,landscape,19,shuffled8,ridge,7.988329488940346,0.1710648514522595,0.23607267414272734,0.2516923176496263,1
0,landscape,21,pca8,ridge,7.744509274264734,0.29561289820908504,0.3605313050293812,0.33512142151487906,1
0,landscape,21,random8,ridge,1.8566922703220978,-0.021550285317166778,-0.03433631476470297,-0.09997721536848157,1
0,landscape,21,shuffled8,ridge,7.988797480057353,0.19608984072583358,0.28397330088831374,0.26629032535852526,1
0,landscape,22,pca8,ridge,7.734151395353706,0.25391922914733644,0.33710762704571745,0.32253841452532855,1
0,landscape,22,random8,ridge,1.847382627706944,0.044499522156267575,0.20749959056298717,0.17924852482070516,1
0,landscape,22,shuffled8,ridge,7.991785848961965,0.12813184767853464,0.192584186590172,0.15037129255540152,1
0,landscape,30,pca8,ridge,7.740336773250498,0.4502838499225638,0.5057745719154364,0.5029202205761707,1
0,landscape,30,random8,ridge,1.8777964192339747,0.06082824097156938,0.3355556842432296,0.32013283695570227,1
0,landscape,30,shuffled8,ridge,7.989764551126907,0.1695997831683091,0.15446533597457204,0.22040194195236051,1
0,landscape,50,pca8,ridge,7.721586191621528,0.37485488723938465,0.4012307934033022,0.3794616028995789,1
0,landscape,50,random8,ridge,1.8615744374203103,0.08744960512546596,0.31649744144550757,0.31625551326743584,1
0,landscape,50,shuffled8,ridge,7.990706518881922,0.03302060774088659,0.06931210459096868,0.04741261194851289,1
0,landscape,57,pca8,ridge,7.738612542668255,0.23381259135766397,0.21649942520801546,0.2942155246486109,1
0,landscape,57,random8,ridge,1.8653813547773497,0.014500004234149374,0.12043319619390101,0.08334418337242257,1
0,landscape,57,shuffled8,ridge,7.990486352808403,-0.06894600437534924,-0.08145683055012731,-0.13503636051345938,1
0,landscape,62,pca8,ridge,7.742378721802378,0.2903846820202517,0.3013264629348809,0.320556703520194,1
0,landscape,62,random8,ridge,1.8501802476981695,-0.006371238172046467,-0.05214500217235058,-0.023519527470224188,1
0,landscape,62,shuffled8,ridge,7.990612038425583,0.10090625846967362,0.13911968136821778,0.14185174319784571,1
0,landscape,63,pca8,ridge,7.7372623716325055,0.09157254471373735,0.2693350693495538,0.27620475243706505,1
0,landscape,63,random8,ridge,1.8327259154625677,0.009170734177540024,0.031005572066333906,0.05893263700576945,1
0,landscape,63,shuffled8,ridge,7.991399812228221,0.04192639337010129,0.21791749567288346,0.14228117165429546,1
0,landscape,79,pca8,ridge,7.738520376433993,0.13592684405585787,0.13910002909787728,0.16278718069612313,1
0,landscape,79,random8,ridge,1.8658178253817839,-0.0006087806599348795,0.0036481836031665078,-0.0063048708177575455,1
0,landscape,79,shuffled8,ridge,7.989331875558981,0.0001245087290616533,0.0076611855666496665,0.0002042676118283581,1
0,landscape,80,pca8,ridge,7.739760011266868,0.5967760225274832,0.7126506542435304,0.6977885727721874,1
0,landscape,80,random8,ridge,1.859303835010748,0.10089108890728152,0.3577655678767274,0.406818401198969,1
0,landscape,80,shuffled8,ridge,7.990846327265397,0.39742463400208067,0.4683467648255249,0.47244425004432355,1
0,landscape,85,pca8,ridge,7.733682522913547,0.4772162336467359,0.5110178218207098,0.59013411238191,1
0,landscape,85,random8,ridge,1.8609198407569443,-0.022128594165864903,-0.1058515262719386,-0.09335194235917821,1
0,landscape,85,shuffled8,ridge,7.99114235169887,0.2777132744916973,0.3138156704892652,0.3399546010425427,1
0,landscape,86,pca8,ridge,7.734647613367811,0.4099695283985987,0.5929975410408154,0.5506579058890156,1
0,landscape,86,random8,ridge,1.8264971934720025,0.06502538911835126,0.22531955740872123,0.2511819502483361,1
0,landscape,86,shuffled8,ridge,7.991024362124761,0.3031880831716329,0.4310282533614999,0.3966686535007329,1
0,landscape,98,pca8,ridge,7.7379128773091574,0.43739789825463515,0.5766768072525228,0.580519128172551,1
0,landscape,98,random8,ridge,1.8761584656364283,0.013097444350275758,0.12278619509259638,0.12207584526359488,1
0,landscape,98,shuffled8,ridge,7.989662841899345,0.045745158181849606,0.04803179415245453,0.05701288149931527,1
0,landscape,99,pca8,ridge,7.737298262813814,0.5284093653916271,0.6186504835413411,0.6025312665715695,1
0,landscape,99,random8,ridge,1.8500193752168357,0.13837143720110018,0.5987523685736371,0.5745708000791131,1
0,landscape,99,shuffled8,ridge,7.990870958920516,0.2750860545771854,0.3076141016628827,0.38921896655967625,1
0,landscape,105,pca8,ridge,7.737739772393392,0.13826010649182593,0.22143657212032253,0.2883636495286583,1
0,landscape,105,random8,ridge,1.875819610845601,0.053239759751764856,0.4140358244257443,0.4044377751364686,1
0,landscape,105,shuffled8,ridge,7.990097786495183,0.06214528263588883,0.0883142919331334,0.11935830852016728,1
0,landscape,109,pca8,ridge,7.741979220232935,0.20651133837596825,0.24644663377631618,0.2733617446808367,1
0,landscape,109,random8,ridge,1.85407625192539,0.00654080569184617,0.09633141976788527,0.05367540770494393,1
0,landscape,109,shuffled8,ridge,7.989392030972868,0.06849572165975609,0.12010215891226755,0.11166648068538272,1
0,landscape,110,pca8,ridge,7.745893407323327,0.5838437999864611,0.6539875795868726,0.6417602130987485,1
0,landscape,110,random8,ridge,1.828250991057437,0.16474513056119577,0.5470557222988973,0.553073551452786,1
0,landscape,110,shuffled8,ridge,7.992513556502362,0.4632783852892133,0.6022349794762456,0.5435275839577922,1
0,landscape,116,pca8,ridge,7.739995621262149,0.3315057064202245,0.4208996262766066,0.4959896566068392,1
0,landscape,116,random8,ridge,1.870333022538819,0.00539913065481972,0.06879797553087873,0.03473721317771526,1
0,landscape,116,shuffled8,ridge,7.991369999276313,0.12411044705644458,0.1072275005510748,0.26898752237821116,1
0,landscape,117,pca8,ridge,7.719569131315435,0.5284994164238024,0.6043102381013007,0.5869441636500734,1
0,landscape,117,random8,ridge,1.8482001593050696,0.08472741199945005,0.3457021911516375,0.38038813213373407,1
0,landscape,117,shuffled8,ridge,7.991815387607944,0.3253957804795,0.4351679603695405,0.42122735789732446,1
0,landscape,126,pca8,ridge,7.736111607441027,0.28753803638684433,0.30394039878650586,0.2904916103264368,1
0,landscape,126,random8,ridge,1.8373127000429548,-0.014994125317904616,-0.13155776559461393,-0.08189895247968366,1
0,landscape,126,shuffled8,ridge,7.9896321089791495,0.17371352858868092,0.21997050787602243,0.22597458676833504,1
0,landscape,127,pca8,ridge,7.733746896411321,0.26238621228803405,0.21288822895883444,0.29514201417941494,1
0,landscape,127,random8,ridge,1.8538484927045995,0.06857847587193992,0.1896196188590858,0.19265310264781496,1
0,landscape,127,shuffled8,ridge,7.991796469009378,0.08299343793445839,0.11301896334163608,0.10353419253749958,1
0,landscape,136,pca8,ridge,7.740463067702105,0.3002295135340364,0.3046438260891681,0.3924902345195439,1
0,landscape,136,random8,ridge,1.8720069027430015,-0.025716684998018765,-0.11340463844250767,-0.10920523367218074,1
0,landscape,136,shuffled8,ridge,7.989067791424929,-0.038515808448898604,-0.08357971811203317,-0.06311148041874096,1
0,landscape,144,pca8,ridge,7.7282892160510235,0.3549089513570005,0.342996881603675,0.39139559721468625,1
0,landscape,144,random8,ridge,1.8762742794833607,0.024731736292228832,0.12723000432220216,0.11537360147214991,1
0,landscape,144,shuffled8,ridge,7.99002447148861,0.1204176377868853,0.16777300650726576,0.1982261536754618,1
1,art,5,pca8,ridge,0.025214231657715237,0.0008572252568004666,0.30145450821453756,0.3017130360509367,1
1,art,5,random8,ridge,3.655934116217048,0.07161349601584109,0.27539024039031473,0.2179006330109882,1
1,art,5,shuffled8,ridge,5.7375933573199855,0.1418636847892542,0.3014033014015233,0.22876719123012523,1
1,art,6,pca8,ridge,0.02521441971137104,0.0033694758138592914,0.6308066124126699,0.6033186782292481,1
1,art,6,random8,ridge,3.7728673251355658,0.1524013425289193,0.2786299383576002,0.28710978597835685,1
1,art,6,shuffled8,ridge,5.638183977169946,0.5067743075256367,0.6245239760073268,0.5925985322310501,1
1,art,16,pca8,ridge,0.025214839973485892,0.0011389767701141453,0.3880331383426799,0.38152781790117607,1
1,art,16,random8,ridge,3.7301734342841897,0.1640401395844323,0.2799455057624913,0.2990785082796594,1
1,art,16,shuffled8,ridge,5.764460783544706,0.055074025005116274,0.0830280731998472,0.1092840618510162,1
1,art,17,pca8,ridge,0.025215245885863744,0.0013808116315283808,0.31664024003952385,0.36619006901863976,1
1,art,17,random8,ridge,3.763478538677699,0.12121213600952906,0.20911316209153852,0.3081673132995659,1
1,art,17,shuffled8,ridge,5.664665540396659,0.15515115776121413,0.2869352710173635,0.31476133553341723,1
1,art,23,pca8,ridge,0.025214334850560276,0.001223869266267274,0.413813403519975,0.4633556240244799,1
1,art,23,random8,ridge,3.8035497839687737,0.1148596309588345,0.32655232306791565,0.3675286317115849,1
1,art,23,shuffled8,ridge,5.845468964578927,0.159128674313481,0.25691079523956584,0.28319705404493106,1
1,art,35,pca8,ridge,0.025210949885264355,0.0003688079538343688,0.1366621301784292,0.13844820775805794,1
1,art,35,random8,ridge,3.764640615110108,-0.029345288746290655,-0.1129990458531024,-0.10131914149640284,1
1,art,35,shuffled8,ridge,5.634311830583702,-0.019924591638351353,-0.030178250714458624,-0.03253096258532319,1
1,art,39,pca8,ridge,0.02521099597455642,0.004084602796498119,0.6639752240132145,0.6530494828576556,1
1,art,39,random8,ridge,3.789294041085312,0.301401163930406,0.5447391896069006,0.5359443812423748,1
1,art,39,shuffled8,ridge,5.5869441177411,0.5825200245702581,0.5982615990660939,0.628530092042095,1
1,art,44,pca8,ridge,0.02521406718957469,0.0019265248938695634,0.5517189820069336,0.532793450773786,1
1,art,44,random8,ridge,3.8028041209642804,0.12840022157466,0.3156110763126632,0.2898338161777061,1
1,art,44,shuffled8,ridge,5.609689562569851,0.4763174323334767,0.5714321659110536,0.5932472096832111,1
1,art,51,pca8,ridge,0.025209556444381893,0.001763967410983993,0.5549970630651432,0.5247146414293614,1
1,art,51,random8,ridge,3.792643146937988,0.16856332868214566,0.44055663941739087,0.4297461888845912,1
1,art,51,shuffled8,ridge,5.671024014051302,0.19967516022723567,0.31037334658811205,0.33643252163832843,1
1,art,64,pca8,ridge,0.025211448059524667,0.000682439893733495,0.34018130218332276,0.357729675142993,1
1,art,64,random8,ridge,3.783372385883203,0.11893260691924033,0.2043765234804921,0.24857222682872737,1
1,art,64,shuffled8,ridge,5.743760546624699,0.11829192703445837,0.3478169122308715,0.2862340379730733,1
1,art,69,pca8,ridge,0.025210231625477017,0.0004808304466345244,0.14790448683089313,0.11911334793060757,1
1,art,69,random8,ridge,3.731825836446878,-0.020920470641789993,-0.01767222653240814,-0.04237915640269213,1
1,art,69,shuffled8,ridge,5.7116503890107895,0.17892428222455894,0.2804461858239542,0.2794139512106579,1
1,art,81,pca8,ridge,0.02521132920800364,0.001088619083167155,0.412961518243274,0.3812148079916755,1
1,art,81,random8,ridge,3.7090055379904645,0.014834988240318389,0.019735994695180177,0.04917465962302132,1
1,art,81,shuffled8,ridge,5.662352204498336,0.07609260212906442,0.0038647509194217056,0.1270723292765418,1
1,art,92,pca8,ridge,0.025210992721723915,0.0026126848667521706,0.5998060070472787,0.6108929650838686,1
1,art,92,random8,ridge,3.800678266100969,0.12369097329398686,0.23447185293907133,0.22113227135624547,1
1,art,92,shuffled8,ridge,5.7441659045464055,0.46107007590710464,0.5347431368599971,0.5399631815387707,1
1,art,100,pca8,ridge,0.02521165172888958,0.0021765390678675873,0.552235315617345,0.5472628609493169,1
1,art,100,random8,ridge,3.76214723427441,0.14608947986055804,0.48480458184592007,0.4716298816104048,1
1,art,100,shuffled8,ridge,5.818215743750543,0.22914598200669462,0.2148328248643848,0.2817511039367702,1
1,art,101,pca8,ridge,0.025213717529832237,0.0016462855411262616,0.4717819191992989,0.4571359132338127,1
1,art,101,random8,ridge,3.7693932825468814,0.21125016788863182,0.3780422437505494,0.3303543802359716,1
1,art,101,shuffled8,ridge,5.567791827526926,0.2354289033961394,0.34890277227059263,0.2891692447703927,1
1,art,106,pca8,ridge,0.02521160913032315,0.0009890050214949248,0.27375891327304275,0.2643376335975464,1
1,art,106,random8,ridge,3.8065394096230976,-0.010046996992857956,-0.0986476745996152,-0.03448506773903164,1
1,art,106,shuffled8,ridge,5.669165760847428,0.15998599102542108,0.2070289898933642,0.21048289920695146,1
1,art,111,pca8,ridge,0.0252124195260318,0.002302367471866581,0.5440567061747068,0.5817484870069384,1
1,art,111,random8,ridge,3.855361832031078,0.29672267526340457,0.5007034176309373,0.4793405773051102,1
1,art,111,shuffled8,ridge,5.624579029093395,0.49915096412150595,0.5648229805963536,0.592637769750433,1
1,art,118,pca8,ridge,0.025210752734373156,0.0023824272643700652,0.6793844634767773,0.6764481083960867,1
1,art,118,random8,ridge,3.674286313114665,0.23489638770643195,0.46953424887245615,0.4616762688176209,1
1,art,118,shuffled8,ridge,5.843727500529453,0.4810033573526546,0.5128398381603105,0.5546622958934925,1
1,art,119,pca8,ridge,0.025214693906909794,0.0024823827587853596,0.4936495966172262,0.474254384980341,1
1,art,119,random8,ridge,3.715356382256494,0.201999137590359,0.35706009667672267,0.3311979840168321,1
1,art,119,shuffled8,ridge,5.622462175098244,0.4829307456660381,0.5599284468403358,0.5244247010729701,1
1,art,128,pca8,ridge,0.02521105409978787,0.002111104237730738,0.6752927078803973,0.6253993764239438,1
1,art,128,random8,ridge,3.7369165730170493,0.1076810279364037,0.3509576772709764,0.3138040455746414,1
1,art,128,shuffled8,ridge,5.745412445143869,0.16257959406376046,0.42195140170179113,0.3402641642105715,1
1,art,129,pca8,ridge,0.025212727934739606,0.000584948197221002,0.21491604323394778,0.24050517972760177,1
1,art,129,random8,ridge,3.7494696130925136,0.11562936729374404,0.3527071837243565,0.41390542055621415,1
1,art,129,shuffled8,ridge,5.588650137798714,0.13205586371997768,0.21536765294422225,0.24529193472168928,1
1,art,137,pca8,ridge,0.025212018144216315,0.0026168353531367356,0.536662872376155,0.5637146831054831,1
1,art,137,random8,ridge,3.796904964025614,0.15629755537644335,0.30814835897727605,0.3512796557876746,1
1,art,137,shuffled8,ridge,5.6527000277915915,0.3137328036267226,0.4009290650103299,0.45039294876594466,1
1,fashion,5,pca8,ridge,7.228744520039244,0.10098053270487356,0.1425325197919772,0.17275698115088456,1
1,fashion,5,random8,ridge,0.007990487377725342,-0.0001211529768279553,-0.20368649496292662,-0.25724885658221297,1
1,fashion,5,shuffled8,ridge,7.978893520542409,0.13783504234074548,0.19712284841316502,0.21700353813435833,1
1,fashion,6,pca8,ridge,7.255394458555811,0.28663140976771273,0.4656247333660147,0.4563683766557065,1
1,fashion,6,random8,ridge,0.007990029892268751,6.249195068966236e-05,0.11896732024849967,0.11937169216088628,1
1,fashion,6,shuffled8,ridge,7.975167025865723,0.1424458760115644,0.3110023699024729,0.2632462538082819,1
1,fashion,16,pca8,ridge,7.226638933137019,0.06227060460177762,0.08391828952504252,0.09838049580376738,1
1,fashion,16,random8,ridge,0.007990276157102115,0.00018916817799191196,0.31473019928327467,0.2846579654613209,1
1,fashion,16,shuffled8,ridge,7.977142155687288,0.00333937005002042,-0.012595066141629419,0.0057119219129515425,1
1,fashion,17,pca8,ridge,7.243641682917006,0.18323938441094753,0.16141182928621137,0.18730347060968575,1
1,fashion,17,random8,ridge,0.007989693396857348,-4.076958607540041e-05,-0.04689560844312791,-0.06653250038218547,1
1,fashion,17,shuffled8,ridge,7.976863850785945,-9.568528247876232e-05,0.026699303566831558,-0.0001006136333589723,1
1,fashion,23,pca8,ridge,7.231727793669039,0.3905384876944357,0.4458425446484552,0.4595528227056661,1
1,fashion,23,random8,ridge,0.007989529084556746,7.001421634231589e-05,0.3450682262517459,0.3035726457582898,1
1,fashion,23,shuffled8,ridge,7.973802348157763,0.01938759164493042,0.007641888136736764,0.038867040028003556,1
1,fashion,35,pca8,ridge,7.232682714780255,0.060871164355868965,0.05842017507908359,0.10344061056830241,1
1,fashion,35,random8,ridge,0.007989855911097098,6.382509633173199e-05,0.17877918945813445,0.11555833073105629,1
1,fashion,35,shuffled8,ridge,7.975552411889088,-0.062253133349222126,-0.10426630007471517,-0.07602848042611576,1
1,fashion,39,pca8,ridge,7.227490725167293,0.2328947099106328,0.32886703143839713,0.3194377227648073,1
1,fashion,39,random8,ridge,0.00799048218846106,3.180119384318166e-05,0.010613458770732257,0.028426880820918394,1
1,fashion,39,shuffled8,ridge,7.974514520258911,-0.09058422014478767,-0.11709849087142807,-0.18037223487341048,1
1,fashion,44,pca8,ridge,7.239776479917692,0.1488573005566601,0.23197279881019256,0.17819528724573558,1
1,fashion,44,random8,ridge,0.007989294433725536,-8.93740048612533e-05,-0.12216893435135913,-0.18600767164856663,1
1,fashion,44,shuffled8,ridge,7.974679568732069,0.023165834253107948,0.09151173627071693,0.0642375320588774,1
1,fashion,51,pca8,ridge,7.213550535139117,0.18482238617734104,0.23635919219923554,0.2709892906631505,1
1,fashion,51,random8,ridge,0.007990438715899446,8.960860512462028e-05,0.1005658178299828,0.10217510750280137,1
1,fashion,51,shuffled8,ridge,7.977938558564741,-0.09754588375074483,-0.22656829310522056,-0.22746473899176167,1
1,fashion,64,pca8,ridge,7.230878936409851,0.07232021950091486,0.2230028479420563,0.20864781330335147,1
1,fashion,64,random8,ridge,0.007990112627915618,8.964768135677038e-05,0.1551839207458665,0.22806957360536462,1
1,fashion,64,shuffled8,ridge,7.975259365004253,-0.03893608567706265,-0.025617193023888273,-0.11143186005663126,1
1,fashion,69,pca8,ridge,7.252366308307143,0.1967921824473147,0.32133183992561487,0.2751612282335029,1
1,fashion,69,random8,ridge,0.007989750592248183,5.573259389575098e-05,0.11263016849118539,0.06892445416592538,1
1,fashion,69,shuffled8,ridge,7.973117265094976,0.05904926435868323,0.061756532515277796,0.09423899121344946,1
1,fashion,81,pca8,ridge,7.222846209229926,0.23651408895392492,0.31017850795041496,0.3526929922154438,1
1,fashion,81,random8,ridge,0.007990709855589816,0.00016166975198218935,0.13642615585433454,0.15178594241900478,1
1,fashion,81,shuffled8,ridge,7.978183520436873,0.0843794008544501,0.16862272863595748,0.14556755361554943,1
1,fashion,92,pca8,ridge,7.236225818259385,0.2770638201679431,0.2619213466699006,0.3586685834058903,1
1,fashion,92,random8,ridge,0.007989732180383909,0.00013716882744846363,0.19929500493941243,0.16350122324698313,1
1,fashion,92,shuffled8,ridge,7.976144440281126,0.15030757535963735,0.16569325322847125,0.2004381606960041,1
1,fashion,100,pca8,ridge,7.217911259195797,0.3321792086876057,0.4313496734248301,0.4364589398278688,1
1,fashion,100,random8,ridge,0.007990635058060568,0.00018549676787336242,0.1590940216865358,0.1934343708652205,1
1,fashion,100,shuffled8,ridge,7.9752179422190945,0.09107440174935257,0.15100020818261028,0.11754699233146224,1
1,fashion,101,pca8,ridge,7.243665894181426,0.1517694209604623,0.22037097728595922,0.22614309265279617,1
1,fashion,101,random8,ridge,0.007989599283276274,-3.2771665020525845e-05,-0.050690299289930574,-0.04193046395601557,1
1,fashion,101,shuffled8,ridge,7.975034520549776,0.07256230493646793,0.15261809442738666,0.13319518777609618,1
1,fashion,106,pca8,ridge,7.24331821314437,0.0753405680460324,0.1191928320193967,0.11287271496589711,1
1,fashion,106,random8,ridge,0.007990490672450484,-1.3120736324999094e-05,0.06461844691462519,-0.021252869581447176,1
1,fashion,106,shuffled8,ridge,7.974130546086555,-0.02687353052276925,-0.05318899726892963,-0.046507632658606704,1
1,fashion,111,pca8,ridge,7.230083740016654,0.43689396247382045,0.5584954286048115,0.5673160085552406,1
1,fashion,111,random8,ridge,0.007990298813198316,0.00026812447980812336,0.29776273158907596,0.27478605182111243,1
1,fashion,111,shuffled8,ridge,7.978601371839769,0.20805142619055694,0.3638176341104857,0.31052110134399635,1
1,fashion,118,pca8,ridge,7.2096879975992945,0.1804225689525693,0.24682302609672666,0.27343793523683696,1
1,fashion,118,random8,ridge,0.007990404516579534,0.00019215318832852628,0.3194326110830127,0.2848227589912274,1
1,fashion,118,shuffled8,ridge,7.976745674899522,0.19414857518991824,0.24677346324008068,0.2571842926740066,1
1,fashion,119,pca8,ridge,7.232527287716677,0.30532985969035,0.49753460516752396,0.4712058205401158,1
1,fashion,119,random8,ridge,0.007989486259081958,0.0001519310367735659,0.19164187123483434,0.15551170879072962,1
1,fashion,119,shuffled8,ridge,7.972623911733738,-0.03206208970609931,-0.03999269701120298,-0.09722106193106678,1
1,fashion,128,pca8,ridge,7.242327140180863,0.3206381575846496,0.3866923853820157,0.4012795476174861,1
1,fashion,128,random8,ridge,0.00799048022821139,0.00024077742774886087,0.2520917878104241,0.27616159695032433,1
1,fashion,128,shuffled8,ridge,7.971839475502376,0.05110690119232643,0.0798603839375902,0.09643957068674905,1
1,fashion,129,pca8,ridge,7.225675226333357,-0.1487962125868376,-0.2309804108204039,-0.2835159458587025,1
1,fashion,129,random8,ridge,0.007989929840709637,-6.404929097472322e-05,-0.14338095243908977,-0.1803813844360423,1
1,fashion,129,shuffled8,ridge,7.974191562836372,0.012678740681370959,-0.03236827502724742,0.031016313653477613,1
1,fashion,137,pca8,ridge,7.224808646411234,0.153142383306997,0.3486001343246393,0.26344824418111334,1
1,fashion,137,random8,ridge,0.007990145406418904,0.00010693775091696097,0.1667540741907785,0.19049182018742744,1
1,fashion,137,shuffled8,ridge,7.9798946812071625,0.07614475466091383,0.1745227358073815,0.17230324705984687,1
1,landscape,5,pca8,ridge,7.239800548053814,0.4290242185887392,0.5862478916685601,0.5794737533619089,1
1,landscape,5,random8,ridge,0.025206636086017864,0.00030303264854120875,0.1959810468555517,0.1946375477418964,1
1,landscape,5,shuffled8,ridge,6.9400684382539515,0.17119871561917616,0.243293902466027,0.26893828022114785,1
1,landscape,6,pca8,ridge,7.228912032696639,0.4531405961336944,0.5213016628721622,0.5260130511770938,1
1,landscape,6,random8,ridge,0.025203765810457655,0.0004291045595008487,0.21034807014875598,0.21087865165160227,1
1,landscape,6,shuffled8,ridge,6.581311752291645,0.2807778856497984,0.44073864674793056,0.4748421556083744,1
1,landscape,16,pca8,ridge,7.235854267278356,0.31432296330703213,0.41339527166225515,0.3779472688702521,1
1,landscape,16,random8,ridge,0.025201672844230517,0.0001290643753494505,0.1718923735498448,0.05876688419059514,1
1,landscape,16,shuffled8,ridge,6.911258053765459,0.26224891045408094,0.4339988095877502,0.4236318049608949,1
1,landscape,17,pca8,ridge,7.228966328707313,0.11970754785017275,0.15233310293663133,0.16581317265628392,1
1,landscape,17,random8,ridge,0.025201289744048033,0.00021548182035608618,0.12118495011666303,0.10163805740987429,1
1,landscape,17,shuffled8,ridge,6.738752026887042,0.05798034372960442,0.19274583454407743,0.1206512871646478,1
1,landscape,23,pca8,ridge,7.2283947835124005,0.49344631690631996,0.6210311798790906,0.6000889757815061,1
1,landscape,23,random8,ridge,0.025202795108682865,0.00029212508947581197,0.1724301187873729,0.2343528347025421,1
1,landscape,23,shuffled8,ridge,6.78488889979157,0.3171414915244798,0.5237741578319294,0.543656755746019,1
1,landscape,35,pca8,ridge,7.242770661427262,0.0895600939547464,0.1753714359300884,0.16518255569573834,1
1,landscape,35,random8,ridge,0.025197331212471006,-9.585314260117001e-05,0.13016637074212542,-0.08114208280945685,1
1,landscape,35,shuffled8,ridge,6.811207214908828,-0.006245326598360799,0.11831013154662176,-0.010483257814682899,1
1,landscape,39,pca8,ridge,7.217544477928757,0.6583716720707516,0.7151050722940336,0.7297362126126655,1
1,landscape,39,random8,ridge,0.025194722695525848,0.00035010963982798067,0.1922559714545269,0.14323769711088755,1
1,landscape,39,shuffled8,ridge,6.678411051474919,0.5365265633304488,0.6634638211410406,0.6534127602499189,1
1,landscape,44,pca8,ridge,7.226302366960371,0.21986958667981268,0.30140326131857,0.31340937576822786,1
1,landscape,44,random8,ridge,0.02519905206646304,-5.6255522716702345e-06,0.05705223239352346,-0.00228105762157179,1
1,landscape,44,shuffled8,ridge,6.7542555161382225,0.07840528632275393,0.18911478270850526,0.15841825764580594,1
1,landscape,51,pca8,ridge,7.220026365080113,0.4293041983966334,0.5927780514093098,0.6090082713662026,1
1,landscape,51,random8,ridge,0.025199022437972535,4.366305277282722e-05,-0.016447133588601767,0.04674188166418745,1
1,landscape,51,shuffled8,ridge,6.7329259136624495,0.23288526775691876,0.35463523548440734,0.3805207647473286,1
1,landscape,64,pca8,ridge,7.242351048807723,0.2029730798230737,0.2908877742379175,0.2640550503372398,1
1,landscape,64,random8,ridge,0.02520282606151877,0.00013605298630371156,0.15544639591216272,0.06677960647638352,1
1,landscape,64,shuffled8,ridge,6.763419393889187,0.1324196696509625,0.36646228511990325,0.28446525856367827,1
1,landscape,69,pca8,ridge,7.226293396155318,0.1783953138917,0.2514774334159571,0.27650938888176874,1
1,landscape,69,random8,ridge,0.02519710597569336,-0.00016909196453339343,0.028695452756459586,-0.09294810076697639,1
1,landscape,69,shuffled8,ridge,6.817404380319114,-0.15791450663284703,-0.30471837927097556,-0.33337499538979176,1
1,landscape,81,pca8,ridge,7.240896192554689,0.3690268731647076,0.42875787011510064,0.4952063007199615,1
1,landscape,81,random8,ridge,0.0252058404219806,0.0007858194638191156,0.34299533602382604,0.323234498797325,1
1,landscape,81,shuffled8,ridge,6.877636018611924,0.16427197112741865,0.30556670293479055,0.30161805507729106,1
1,landscape,92,pca8,ridge,7.2126741457116665,0.3194339673729187,0.39818232670729004,0.4613518915286841,1
1,landscape,92,random8,ridge,0.02520367025691227,0.0005155286183914946,0.2882975902853083,0.23674689063073348,1
1,landscape,92,shuffled8,ridge,6.682777440522414,0.12791768322875355,0.19759273512970887,0.31058965997331645,1
1,landscape,100,pca8,ridge,7.243103130799879,0.46464292798167406,0.5498660262787132,0.553900178043518,1
1,landscape,100,random8,ridge,0.025204191703901747,0.0007020253926273644,0.11766433768507252,0.18014298419126346,1
1,landscape,100,shuffled8,ridge,6.8532651542021945,0.39175363274844255,0.505567101182508,0.5029558252220335,1
1,landscape,101,pca8,ridge,7.228062171937605,0.3976844360517078,0.40023803947749254,0.46705145848172264,1
1,landscape,101,random8,ridge,0.025196644439915407,-3.513319180491551e-05,-0.01677187974953302,-0.011328651800860696,1
1,landscape,101,shuffled8,ridge,6.8464185653172915,0.20435776097363814,0.24822382029308868,0.2803090784376,1
1,landscape,106,pca8,ridge,7.225681892311499,0.2612968599194125,0.3902547824430728,0.32825997043828187,1
1,landscape,106,random8,ridge,0.025202771061390707,-0.00026867216447577796,-0.12459047278148329,-0.17658601615707867,1
1,landscape,106,shuffled8,ridge,6.709818218948405,0.012994635405734789,0.09399972499484974,0.022471433428214293,1
1,landscape,111,pca8,ridge,7.237694552824171,0.30113373475296606,0.37696133730787434,0.4026227474752218,1
1,landscape,111,random8,ridge,0.025191528790103595,0.00010119623925184271,0.10432872520792347,0.0853623279570618,1
1,landscape,111,shuffled8,ridge,6.755587239685272,0.07930971122683297,0.1875456470600926,0.1645800002009436,1
1,landscape,118,pca8,ridge,7.2301315521824785,0.4445904169757001,0.48195537900551694,0.5177271251454304,1
1,landscape,118,random8,ridge,0.025201815019613952,0.001378631547887835,0.2681623627400531,0.27368434223322285,1
1,landscape,118,shuffled8,ridge,6.932091757439135,0.4656433993801657,0.43958512822724266,0.49611911765014166,1
1,landscape,119,pca8,ridge,7.220891249773164,0.6484597175139439,0.678271718748275,0.6865956455034098,1
1,landscape,119,random8,ridge,0.02519535609493207,0.0004903236598775778,0.11673281535948168,0.146931649424206,1
1,landscape,119,shuffled8,ridge,6.909433585667887,0.5122636381895208,0.5888199429989637,0.5948098275089154,1
1,landscape,128,pca8,ridge,7.24467425662522,0.26511572508961784,0.48778062100279374,0.5058247151478205,1
1,landscape,128,random8,ridge,0.025205961132524633,0.000800515832318278,0.27238322870995796,0.3204918067542269,1
1,landscape,128,shuffled8,ridge,6.855356907658131,0.15195720829380954,0.2944520141659257,0.28675157873117485,1
1,landscape,129,pca8,ridge,7.237657523544172,0.45915390962424973,0.5332536511589592,0.5770286899903224,1
1,landscape,129,random8,ridge,0.025199929619160396,0.00038916701198241175,0.10488766128147643,0.1358003097714508,1
1,landscape,129,shuffled8,ridge,6.742142804719844,0.22614486290816954,0.3135174870688006,0.3953051132617708,1
1,landscape,137,pca8,ridge,7.221882167957503,0.3588732955386664,0.4256929892853837,0.4244436813318753,1
1,landscape,137,random8,ridge,0.02519978843889886,4.7505041073027724e-05,-0.026016226543683352,0.014622592285226204,1
1,landscape,137,shuffled8,ridge,6.826967640071551,0.1988057273843449,0.20644173658136522,0.2512576811850617,1
2,art,7,pca8,ridge,7.732417931968183,0.4788128469717149,0.5117739210609621,0.5045895352401851,1
2,art,7,random8,ridge,0.07897774126502449,0.0013951917183705992,0.21039208866017461,0.1984198311207121,1
2,art,7,shuffled8,ridge,7.974288267215631,0.3565755848734471,0.5059723951657841,0.4286076566457155,1
2,art,8,pca8,ridge,7.743111319777795,0.5290416212662565,0.6234538634349522,0.5900088699052815,1
2,art,8,random8,ridge,0.07902183282417312,0.0023384079637993513,0.1144576620126273,0.22533654318877838,1
2,art,8,shuffled8,ridge,7.974117272542499,0.1336852083660039,0.14152966478420131,0.22095408808474332,1
2,art,40,pca8,ridge,7.739209074271103,0.13522273411068886,0.13494805893919712,0.1499588646084508,1
2,art,40,random8,ridge,0.07900689047633014,0.00029881243634176087,0.039147903276891986,0.05790292961431979,1
2,art,40,shuffled8,ridge,7.974294662664844,0.11011557995271039,0.11544891221147127,0.17506739561158585,1
2,art,41,pca8,ridge,7.741287467887321,0.5800433896270857,0.6115061704325876,0.6227565003160839,1
2,art,41,random8,ridge,0.0789796411152468,0.007614071034639456,0.4746540658042036,0.494579800270225,1
2,art,41,shuffled8,ridge,7.977620577315794,0.13860617255188712,0.1238185708542523,0.17334310243469933,1
2,art,45,pca8,ridge,7.730274709657728,-0.09487841928247297,-0.15549791920033207,-0.13657485691567134,1
2,art,45,random8,ridge,0.07903819746720597,-0.0005193836969320608,-0.15901763561466395,-0.10593769347898054,1
2,art,45,shuffled8,ridge,7.976531782611926,-0.09458663728368889,-0.26749844748921997,-0.23264190304591245,1
2,art,46,pca8,ridge,7.746673662293505,0.16567004201127095,0.24512277495875598,0.22881337684640435,1
2,art,46,random8,ridge,0.07892551347004151,0.0010613189141615079,0.01820621440565034,0.08293481065873354,1
2,art,46,shuffled8,ridge,7.971605630211437,2.471666660666737e-06,0.060416152832158114,4.636574636287909e-06,1
2,art,52,pca8,ridge,7.742186070992795,0.48348324247912056,0.6707258547835726,0.6744871538617341,1
2,art,52,random8,ridge,0.07896870654997909,0.00034689307946440785,0.07361444604212784,0.04432471870065186,1
2,art,52,shuffled8,ridge,7.973890307523872,0.1601541569461881,0.23985176316073575,0.21541466604149268,1
2,art,58,pca8,ridge,7.738895882364165,0.46299217013546956,0.5320915179995345,0.5213346702769265,1
2,art,58,random8,ridge,0.07890083636391805,0.0036380964144549655,0.347705799091427,0.3599408611332322,1
2,art,58,shuffled8,ridge,7.971806237501185,0.057832307235354534,0.07429443214592982,0.08589918409999396,1
2,art,65,pca8,ridge,7.736444453368197,0.4562039715212934,0.5384964768517525,0.5296517137949281,1
2,art,65,random8,ridge,0.07897558917735596,0.0022527706360571573,0.22441038505173408,0.241822123910434,1
2,art,65,shuffled8,ridge,7.9756162430080035,0.06139518013400388,0.10623500163824152,0.1371613263942582,1
2,art,66,pca8,ridge,7.743900738543777,0.5129761426203747,0.6309518516111351,0.6054587370110838,1
2,art,66,random8,ridge,0.07896446513158634,0.0018119979219382864,0.3274226250790843,0.3114187919016145,1
2,art,66,shuffled8,ridge,7.97125762971734,0.20664678907086678,0.3258101871403274,0.30718044133852357,1
2,art,74,pca8,ridge,7.735575069792299,0.36666200646188996,0.42380825544297007,0.4714489842136335,1
2,art,74,random8,ridge,0.07900800045018554,0.00333668409705242,0.22550118427733404,0.22850931982227207,1
2,art,74,shuffled8,ridge,7.977018059390327,0.05621457098765719,0.12187361721749955,0.09596429345179487,1
2,art,83,pca8,ridge,7.738695777627949,0.10321602338123513,0.23896577715510164,0.19489429175338097,1
2,art,83,random8,ridge,0.07897115933264699,0.0010077739899099199,0.2245441244295564,0.17845734212406683,1
2,art,83,shuffled8,ridge,7.972444207126102,-0.00394050371980635,-0.03595328109550274,-0.006422210480889236,1
2,art,87,pca8,ridge,7.737074986528191,0.6802303284958999,0.6599162400348183,0.7142867040107277,1
2,art,87,random8,ridge,0.07900321715090217,0.004464457522078998,0.4639913456427925,0.43150861704438664,1
2,art,87,shuffled8,ridge,7.975329098459106,0.2663081984836895,0.39479234038943867,0.4300245452987818,1
2,art,93,pca8,ridge,7.745691825874525,0.47302748350299806,0.601498284411986,0.5868721021396663,1
2,art,93,random8,ridge,0.07897173979248877,0.0011520169160087643,0.1461589210916906,0.13915184689625149,1
2,art,93,shuffled8,ridge,7.972355214442414,0.012088232661847163,0.04134532547531511,0.018536522241626555,1
2,art,94,pca8,ridge,7.737945874583212,0.6324141746454205,0.6852338045352592,0.7005593472351075,1
2,art,94,random8,ridge,0.07896184466808455,0.004136161911702858,0.3116248382736915,0.3237763334994256,1
2,art,94,shuffled8,ridge,7.972593915940347,0.1371686036792931,0.23892860647015685,0.2130046383291973,1
2,art,102,pca8,ridge,7.740585447924256,0.19673434391807304,0.24027171680380546,0.24032070604040914,1
2,art,102,random8,ridge,0.0789567807139044,0.002539734700279634,0.2539235188949308,0.24544771124511544,1
2,art,102,shuffled8,ridge,7.975990698621892,0.0915892052228842,0.22637170012920513,0.193805168347347,1
2,art,112,pca8,ridge,7.736567474007299,0.5072807537059225,0.6319062314958844,0.6129117577772044,1
2,art,112,random8,ridge,0.07900042186727346,0.009953323050362598,0.6047331094707418,0.5682638571940226,1
2,art,112,shuffled8,ridge,7.977085290193954,0.2788330753919267,0.3926463674868583,0.35779915833410003,1
2,art,113,pca8,ridge,7.73184066610753,0.2707214784658801,0.40590958502319296,0.4051641344636239,1
2,art,113,random8,ridge,0.07900976559401264,-0.0008040333320721699,-0.12652623848026154,-0.10166246342990647,1
2,art,113,shuffled8,ridge,7.973318430660422,0.05770053279693846,0.05128109431779891,0.12098259364093492,1
2,art,120,pca8,ridge,7.742635892867974,0.36918347398818063,0.45006400628646714,0.4444952506987255,1
2,art,120,random8,ridge,0.07903121220294394,9.630123766303565e-05,0.0029874809577594896,0.015189257536446867,1
2,art,120,shuffled8,ridge,7.972883434246851,0.15916485525227164,0.25269109767715686,0.22938233819051834,1
2,art,121,pca8,ridge,7.743437920350167,0.4276571185919139,0.41219497439381525,0.45499195294469735,1
2,art,121,random8,ridge,0.07901937157197823,0.0017627152165629878,0.19852893540719066,0.19919576414577372,1
2,art,121,shuffled8,ridge,7.975055911449153,0.1499472282297196,0.26643419377227345,0.2608115021850695,1
2,art,131,pca8,ridge,7.739746905931614,0.3082096291776811,0.3325510646399424,0.3806646991580737,1
2,art,131,random8,ridge,0.0788930443042604,0.00031839330908005304,-0.005780940722968946,0.06614566926282094,1
2,art,131,shuffled8,ridge,7.970841178360453,0.17337352005082385,0.20718303658843787,0.2710275850333306,1
2,art,138,pca8,ridge,7.743197474957233,0.57237308494696,0.6709956709956709,0.6210673046383123,1
2,art,138,random8,ridge,0.07898830043353008,0.005886806779738565,0.5228927934810288,0.4874675664958788,1
2,art,138,shuffled8,ridge,7.973392639180521,0.31815141260745283,0.37606315253374073,0.4334676439028172,1
2,art,139,pca8,ridge,7.733691064374182,0.4249027514680585,0.4578343508716775,0.48358651319471907,1
2,art,139,random8,ridge,0.07895077135052407,0.0018348515306600645,0.12880008719962177,0.13052280238308603,1
2,art,139,shuffled8,ridge,7.975498852626658,0.2719524558547114,0.37700496384482113,0.40177999798025527,1
2,fashion,7,pca8,ridge,7.252029590350253,0.15834217601223544,0.18110804100907021,0.25108099304575504,1
2,fashion,7,random8,ridge,7.096474134831782,-0.025020612272364823,-0.10864494446921721,-0.0687438236873499,1
2,fashion,7,shuffled8,ridge,4.259722044814885,0.08145594813963636,0.2405993486621594,0.2501181363623583,1
2,fashion,8,pca8,ridge,7.2109172636949,0.05937599727646103,0.17630227906496845,0.17590968914300453,1
2,fashion,8,random8,ridge,7.14288261303378,0.015587583250767525,-0.0032010190333024995,0.03818857895904744,1
2,fashion,8,shuffled8,ridge,4.284858566014329,0.03608665323585549,0.20826322295132724,0.2108763516813752,1
2,fashion,40,pca8,ridge,7.233755015318277,0.06204892121463487,0.06131780041677649,0.0853563271150248,1
2,fashion,40,random8,ridge,7.087763446690089,0.11872774692390456,0.19776236931166855,0.2090980427300039,1
2,fashion,40,shuffled8,ridge,4.242078361475532,-0.046473625021664175,-0.08853692157739433,-0.11149467687850084,1
2,fashion,41,pca8,ridge,7.222290437826442,0.2678759479500673,0.374605198928368,0.3657787229584736,1
2,fashion,41,random8,ridge,7.1628716589872035,0.020084308331948367,0.13065129937907566,0.03556752064574985,1
2,fashion,41,shuffled8,ridge,4.324968375927303,0.08499819650620936,0.2816239683370676,0.22827769683411395,1
2,fashion,45,pca8,ridge,7.2407531406508605,0.07374443434215264,0.12979516221078874,0.12065007978270437,1
2,fashion,45,random8,ridge,7.084913856569504,0.0040177163063075194,0.01323226739605979,0.011152403322881234,1
2,fashion,45,shuffled8,ridge,4.1511175219085805,0.014000894505583292,0.08345744679762054,0.042628215007302996,1
2,fashion,46,pca8,ridge,7.217705298374057,0.02204508764690147,0.05511582162379436,0.04655489532455237,1
2,fashion,46,random8,ridge,7.148982133360988,0.027187367602881304,0.0275072528876106,0.04368292373275488,1
2,fashion,46,shuffled8,ridge,4.507967517405032,-0.05006845349768764,-0.1148415143576671,-0.13946173885677726,1
2,fashion,52,pca8,ridge,7.225734315766475,0.1942240133438116,0.3471180078676611,0.33662152033138965,1
2,fashion,52,random8,ridge,7.141781218862774,0.07312885082239377,0.12719370196174276,0.16531876989563735,1
2,fashion,52,shuffled8,ridge,4.093619833780956,0.041136048298739784,0.12496045260567065,0.12381883167155572,1
2,fashion,58,pca8,ridge,7.206561398993114,0.12639359095983319,0.28381260951261494,0.27709323612776987,1
2,fashion,58,random8,ridge,7.160368870438896,0.08175397401593269,0.1482323967463111,0.12770635638217204,1
2,fashion,58,shuffled8,ridge,4.3336490354119235,0.060656861398913006,0.2806618710895781,0.22081932626544287,1
2,fashion,65,pca8,ridge,7.214319352701692,0.13152686971883726,0.19164225843538873,0.2343782121864007,1
2,fashion,65,random8,ridge,7.11185596340802,0.15463163322851248,0.2439218308734591,0.30107853240847876,1
2,fashion,65,shuffled8,ridge,4.109280513796408,-0.0036404544618599236,-0.04678427647156867,-0.015109322568997042,1
2,fashion,66,pca8,ridge,7.23348528955175,0.2247872864363331,0.2693190318253646,0.28463241272758627,1
2,fashion,66,random8,ridge,7.147091066763773,-0.05329877195747784,-0.02766328869294342,-0.07983507427001667,1
2,fashion,66,shuffled8,ridge,4.2199681953065555,0.05094445371030985,0.06577494182027194,0.13803035061962013,1
2,fashion,74,pca8,ridge,7.246162240059985,0.18822692127913887,0.2771524275991314,0.283602725642002,1
2,fashion,74,random8,ridge,7.1042371586886555,0.16185906077391518,0.2707175444624202,0.28393063416742453,1
2,fashion,74,shuffled8,ridge,4.166360427737573,-0.04897746574360341,-0.06771709050898421,-0.10786640210321091,1
2,fashion,83,pca8,ridge,7.196273371642972,0.27209092877162333,0.28887372885455176,0.3308229398707541,1
2,fashion,83,random8,ridge,7.145158997554593,0.06818816330217248,0.12847373394329628,0.11099300460200151,1
2,fashion,83,shuffled8,ridge,4.358715256022432,0.12028295487441017,0.15066325400609934,0.17944317079539449,1
2,fashion,87,pca8,ridge,7.235784942184544,0.23134534831078657,0.4068672417446239,0.43668690416024636,1
2,fashion,87,random8,ridge,7.134948975325903,0.004600144729234651,-0.009098017187364757,0.008627852578112398,1
2,fashion,87,shuffled8,ridge,4.2951530808576575,0.05668519843114681,0.12874183460830127,0.1277256376845905,1
2,fashion,93,pca8,ridge,7.2295403176063155,0.19124113033293597,0.3375571207616527,0.3023954884452979,1
2,fashion,93,random8,ridge,7.126981813803392,0.27995818524650673,0.4421216028749719,0.4613347958662846,1
2,fashion,93,shuffled8,ridge,4.216404387612251,0.01528017967585439,0.05505478414299762,0.06527128207934454,1
2,fashion,94,pca8,ridge,7.207504869522572,0.1574317424151546,0.17594561588071575,0.2443697900951168,1
2,fashion,94,random8,ridge,7.165587486756678,0.16744758795761477,0.2554712713748105,0.24338795199744556,1
2,fashion,94,shuffled8,ridge,4.343201095373055,0.04753279748288435,0.005141744967290608,0.09327573644172188,1
2,fashion,102,pca8,ridge,7.231326735770156,0.1590036102575286,0.324977301550203,0.35736114944623376,1
2,fashion,102,random8,ridge,7.116902303486681,0.14958860099981666,0.4426763090824026,0.39842931939978293,1
2,fashion,102,shuffled8,ridge,4.111192532576752,0.09957893831289158,0.24283422851099426,0.23228451708389997,1
2,fashion,112,pca8,ridge,7.216227241191797,0.3596157888738564,0.5082687146869739,0.5014071533423312,1
2,fashion,112,random8,ridge,7.108018180919959,0.2758122753319275,0.44010078927192064,0.48539430751027807,1
2,fashion,112,shuffled8,ridge,4.2061900872686575,0.1544393280075595,0.3993134753511135,0.39216884648338013,1
2,fashion,113,pca8,ridge,7.225088907263831,0.20007207834903973,0.2569199054293504,0.28322092287562184,1
2,fashion,113,random8,ridge,7.1017907847813735,0.028299983434499767,0.044206567364544286,0.06306267569710429,1
2,fashion,113,shuffled8,ridge,4.4659616567611335,0.06890781063933964,0.073054060099091,0.14910604401523406,1
2,fashion,120,pca8,ridge,7.231845596127892,0.1900005164925692,0.15949461252487013,0.2336147200956137,1
2,fashion,120,random8,ridge,7.161599217934223,0.001655434176988532,0.005960035025681829,0.0024386019938355016,1
2,fashion,120,shuffled8,ridge,4.184187220143011,0.03256899116875764,0.01319358180898798,0.05686934655313953,1
2,fashion,121,pca8,ridge,7.221356834060869,0.2984228367855221,0.3136764994086526,0.3734434961794432,1
2,fashion,121,random8,ridge,7.139267040222783,0.2076330734193101,0.27528019210259513,0.30042234618590125,1
2,fashion,121,shuffled8,ridge,4.260435311868227,0.12645802184500307,0.15134544463137642,0.23569654188605624,1
2,fashion,131,pca8,ridge,7.212011832103934,0.030588522204104636,0.009825498744550227,0.04838936673482509,1
2,fashion,131,random8,ridge,7.146249156289206,0.057637945774587945,0.038024680141409375,0.10378025875361428,1
2,fashion,131,shuffled8,ridge,4.233820139862036,0.023305638124562503,0.06027943479781564,0.08129727583939868,1
2,fashion,138,pca8,ridge,7.208036608343546,0.4512192200174287,0.559539089487431,0.5664041179655354,1
2,fashion,138,random8,ridge,7.159417634321681,0.12668140370066808,0.23087160138526971,0.1755772921332462,1
2,fashion,138,shuffled8,ridge,4.049305029929049,0.14982583414209547,0.28758405208939114,0.25037551509468065,1
2,fashion,139,pca8,ridge,7.232558610852115,0.1570722186111426,0.22617837460873083,0.22104675641054491,1
2,fashion,139,random8,ridge,7.1562468989517045,0.11280024968199256,0.14977272216777496,0.15965823171828508,1
2,fashion,139,shuffled8,ridge,4.367343256299413,0.13373896692930842,0.2588676434850089,0.2559393716137102,1
2,landscape,7,pca8,ridge,7.9141285700599315,0.24933942585625615,0.22767961398324832,0.282432108008179,1
2,landscape,7,random8,ridge,7.906798052659398,0.11871321969859049,0.09331464455431104,0.20666410954002062,1
2,landscape,7,shuffled8,ridge,7.297293474798974,0.027807967970823733,0.04160848751198209,0.052614187576414666,1
2,landscape,8,pca8,ridge,7.910903481897667,0.4123131582379943,0.5051439042615652,0.4791441123696642,1
2,landscape,8,random8,ridge,7.903417647197017,0.05253325963263014,0.13997189757169545,0.11901950534748305,1
2,landscape,8,shuffled8,ridge,7.407314125650143,0.25506258709785795,0.3441737516711721,0.33491992544340116,1
2,landscape,40,pca8,ridge,7.913848674802173,0.22931783242419046,0.3407276674081488,0.307052705435457,1
2,landscape,40,random8,ridge,7.904215378391805,0.13714698007037995,0.21108935714225524,0.22196004687252158,1
2,landscape,40,shuffled8,ridge,7.2893615993937715,-0.042517228502622496,-0.08999310607992839,-0.11038434587706449,1
2,landscape,41,pca8,ridge,7.915156813204945,0.13531879877682912,0.27259196258200125,0.27314821095418756,1
2,landscape,41,random8,ridge,7.896161126087396,0.08277446794580016,0.16258843550028018,0.21956216514778937,1
2,landscape,41,shuffled8,ridge,7.41135291504054,0.10519943842727256,0.20389468668143246,0.1965979866798342,1
2,landscape,45,pca8,ridge,7.915539253462899,0.14841338105166965,0.23116513358103438,0.1946775260003175,1
2,landscape,45,random8,ridge,7.899313923253596,0.10326336230436538,0.36253276289116265,0.2666210859590234,1
2,landscape,45,shuffled8,ridge,7.288845461117756,0.15659969391298637,0.20074210629205252,0.22848982772506152,1
2,landscape,46,pca8,ridge,7.913476786559461,0.09621048444567572,0.2320066219055373,0.23479496756849383,1
2,landscape,46,random8,ridge,7.91047325153016,0.09028592493469426,0.15986070307614,0.18170421073286946,1
2,landscape,46,shuffled8,ridge,7.356202256420597,0.15504975064698773,0.27342183906148193,0.25681931628513,1
2,landscape,52,pca8,ridge,7.911287687110537,0.4203151061409772,0.5425508620209607,0.58307470552134,1
2,landscape,52,random8,ridge,7.906097656642729,0.027247953568311712,0.19273158261373402,0.09435889750649559,1
2,landscape,52,shuffled8,ridge,7.171072052397352,0.06965978406402927,0.13544676611691747,0.11002449199522027,1
2,landscape,58,pca8,ridge,7.9147981401359075,0.3737827586972565,0.44463051948615323,0.44617382477211165,1
2,landscape,58,random8,ridge,7.896826564668673,0.0039868082820101805,0.03714659565732458,0.01117967744571086,1
2,landscape,58,shuffled8,ridge,7.325190092926957,0.28941508724420667,0.43304981066828185,0.4341924118003509,1
2,landscape,65,pca8,ridge,7.91178183120517,0.13885574777222018,0.13956328110944105,0.2061988998153948,1
2,landscape,65,random8,ridge,7.9034192321419825,-0.0026585111499689423,-0.03476718165128883,-0.005093248948021004,1
2,landscape,65,shuffled8,ridge,7.1788379207182915,0.021088396350677868,-0.053659163715004815,0.041651947105140995,1
2,landscape,66,pca8,ridge,7.9124933155654285,0.34609882212214826,0.44898151302786393,0.47388243449331485,1
2,landscape,66,random8,ridge,7.908727691301207,0.25977714143790465,0.3795145212510841,0.3496275524115496,1
2,landscape,66,shuffled8,ridge,7.301449197443179,0.13341057741565007,0.1459828400720859,0.21209880541630827,1
2,landscape,74,pca8,ridge,7.914138623985019,0.2713811985774682,0.2738725123798171,0.3062179060152424,1
2,landscape,74,random8,ridge,7.905619151390527,0.06675485400179938,0.10539046438434346,0.09339584027143863,1
2,landscape,74,shuffled8,ridge,7.285425938107665,0.048136884971295604,0.001019250139113573,0.05983115531319928,1
2,landscape,83,pca8,ridge,7.910564906389492,0.34416617388893994,0.4008267808256051,0.45788185393075564,1
2,landscape,83,random8,ridge,7.902403553671269,0.04542683366751814,0.12597860055608973,0.09284859242062217,1
2,landscape,83,shuffled8,ridge,7.347610329698464,0.23357633504724068,0.24043349634276898,0.303120496873315,1
2,landscape,87,pca8,ridge,7.913935126297243,0.4146570152481731,0.5447321875187783,0.5077128644297405,1
2,landscape,87,random8,ridge,7.8971415050897,0.11673111678246628,0.2254357830104837,0.21154652042798963,1
2,landscape,87,shuffled8,ridge,7.299099382561701,0.1956552463937065,0.29976297740896357,0.31795784607993033,1
2,landscape,93,pca8,ridge,7.9143038595683,0.5356027455854532,0.6627401568282006,0.6088784537899011,1
2,landscape,93,random8,ridge,7.901847784387657,0.04033881481209261,0.012491437510898025,0.08037258125059035,1
2,landscape,93,shuffled8,ridge,7.257589078571571,0.37303761462075175,0.5270196968883643,0.45617120728431876,1
2,landscape,94,pca8,ridge,7.911557570163589,0.4342303128648348,0.48517887601401705,0.5101103988097351,1
2,landscape,94,random8,ridge,7.905319486755188,-0.0530737368614005,-0.10187828898694572,-0.08100737384866666,1
2,landscape,94,shuffled8,ridge,7.365746997442319,0.13399400196796699,0.1036844685233698,0.18441663000936453,1
2,landscape,102,pca8,ridge,7.912944537822146,0.4727452482556309,0.712540361054409,0.6590558638291041,1
2,landscape,102,random8,ridge,7.903063599146997,0.10850762026701322,0.1510926583437871,0.18595857277106018,1
2,landscape,102,shuffled8,ridge,7.242977123631961,0.16126684162109603,0.3891153392963284,0.31744505864212214,1
2,landscape,112,pca8,ridge,7.913920888774584,0.6387995527094904,0.6764404478922263,0.7089585534688153,1
2,landscape,112,random8,ridge,7.900453763970243,0.07886810529018265,0.1814596579186634,0.14812287159953527,1
2,landscape,112,shuffled8,ridge,7.2559251600207615,0.47825137480340635,0.6324366057159692,0.6277329803500534,1
2,landscape,113,pca8,ridge,7.915127114207051,0.35945870627477106,0.38538917285959384,0.4497147024763247,1
2,landscape,113,random8,ridge,7.907904532681769,0.16188838824065535,0.16851350214262442,0.20578732600125416,1
2,landscape,113,shuffled8,ridge,7.313631649492083,0.2513424666447864,0.32888285531534867,0.3047800182572656,1
2,landscape,120,pca8,ridge,7.913609448910494,0.4556973989673211,0.5421135704402797,0.5217084500217052,1
2,landscape,120,random8,ridge,7.897600867998402,-0.0034382918192118793,-0.03771355492807932,-0.0071735141031865745,1
2,landscape,120,shuffled8,ridge,7.294930607966283,0.2343675139200302,0.36827061007459133,0.3249785896592441,1
2,landscape,121,pca8,ridge,7.910991224649973,0.5962952986312618,0.724307742455891,0.712808035479049,1
2,landscape,121,random8,ridge,7.902053741766576,0.1892827058117701,0.37713238924351566,0.29779593176855057,1
2,landscape,121,shuffled8,ridge,7.327741738581549,0.256496796017333,0.3443081781466885,0.34265663508785354,1
2,landscape,131,pca8,ridge,7.916192676437941,0.08593938992504148,0.0994892198906875,0.128980514514474,1
2,landscape,131,random8,ridge,7.906012206131693,0.002294233846157826,0.011254657098309898,0.004247219469479582,1
2,landscape,131,shuffled8,ridge,7.313694970034732,0.1484660393261623,0.24794350637791804,0.22956968239472733,1
2,landscape,138,pca8,ridge,7.914392505918961,0.6921129506890481,0.7675870250930326,0.7478377282192796,1
2,landscape,138,random8,ridge,7.899782880675067,0.017176589963438557,0.041460176655983755,0.031001150109978927,1
2,landscape,138,shuffled8,ridge,7.311883537730066,0.33812059357943414,0.41440219892250435,0.4630387181977303,1
2,landscape,139,pca8,ridge,7.916817385832876,0.37252044442561816,0.4560824588585239,0.4535342258593586,1
2,landscape,139,random8,ridge,7.904208527002394,0.15959174550316063,0.16719268920251268,0.22163489583992052,1
2,landscape,139,shuffled8,ridge,7.356210862888721,0.3660477634335216,0.5983970326202409,0.6203380961054671,1
3,art,0,pca8,ridge,6.026948480218139,0.257615121090572,0.2812881986436284,0.36400596402851615,1
3,art,0,random8,ridge,0.00799048169614732,6.870675227507039e-05,0.14447916387291695,0.10060266892853442,1
3,art,0,shuffled8,ridge,6.920682109503377,0.18328761234384844,0.28073675145327376,0.3026713938446868,1
3,art,9,pca8,ridge,6.0034741067155295,0.3747793629816314,0.5411712074480297,0.5146413767604369,1
3,art,9,random8,ridge,0.007990854407465003,0.0005520549551611853,0.3315104837526129,0.333309904282133,1
3,art,9,shuffled8,ridge,6.8860976009310475,0.12635493025499125,0.23020574984993988,0.15762428645787732,1
3,art,10,pca8,ridge,6.035190994363764,0.32948069484992876,0.4136039283731713,0.4055731243861428,1
3,art,10,random8,ridge,0.007990466118641832,0.00030426579324384476,0.3758357530078527,0.350846226381549,1
3,art,10,shuffled8,ridge,6.938095649317257,0.2237821184598493,0.3358723336318684,0.29814013716410065,1
3,art,11,pca8,ridge,6.004009713689849,0.3008002225891424,0.4070966592630023,0.46877457422357843,1
3,art,11,random8,ridge,0.007990234146013709,0.00028848898595993234,0.29200152675554253,0.2879975580258384,1
3,art,11,shuffled8,ridge,6.860683773114592,0.2955049800827867,0.36155151903306965,0.3874899947104152,1
3,art,24,pca8,ridge,6.011578307134526,0.3731485852261182,0.6817201915473552,0.6330652441861254,1
3,art,24,random8,ridge,0.007990418984754558,0.00020425100141327422,0.3663700097555748,0.33715106562058506,1
3,art,24,shuffled8,ridge,6.959686579360953,0.35745590674598143,0.5506468786559338,0.5628299577063873,1
3,art,28,pca8,ridge,6.027993229296576,0.3396667119460305,0.5264527148608826,0.5434038887049866,1
3,art,28,random8,ridge,0.007990033845537203,0.0004765461641585007,0.4221554788978775,0.47033584801399964,1
3,art,28,shuffled8,ridge,6.992215823382354,0.350542129019131,0.4492958370777649,0.49186829841891383,1
3,art,31,pca8,ridge,5.993559313417895,0.3886158920448581,0.3008431691777208,0.47564880494143524,1
3,art,31,random8,ridge,0.007989747395348015,0.0005789886254812584,0.28084635437880684,0.3043404453744692,1
3,art,31,shuffled8,ridge,6.76164374970919,0.2771138145970307,0.25050465271609823,0.3170375880566186,1
3,art,32,pca8,ridge,5.996967288895512,0.264708845400325,0.3953939038466267,0.3938249006947957,1
3,art,32,random8,ridge,0.007990419737710898,7.285058290670353e-05,0.08634302873479871,0.0965153787161147,1
3,art,32,shuffled8,ridge,6.952455686908927,0.26559549437655394,0.28904215954885526,0.32301700184292403,1
3,art,36,pca8,ridge,6.021469707847021,0.342150218956721,0.44857849127074606,0.47357426940235964,1
3,art,36,random8,ridge,0.007990629951643824,0.0002774705062969791,0.35931976590107156,0.32649861603517283,1
3,art,36,shuffled8,ridge,6.76897008262418,0.3500395270853,0.4933817023355465,0.45026462970180864,1
3,art,42,pca8,ridge,6.03638842883341,0.14269599117775397,0.32889124625150923,0.24907859349988445,1
3,art,42,random8,ridge,0.0079905661412,0.00010864574545361218,0.13267343068154044,0.12323907707503347,1
3,art,42,shuffled8,ridge,6.921868048926705,0.05040514778395134,0.1523958367593424,0.11192055891740775,1
3,art,47,pca8,ridge,5.998799914175303,0.2960212865072949,0.41862659962865384,0.45704583802376686,1
3,art,47,random8,ridge,0.007990226773732031,0.00029931922508228586,0.36400810025513824,0.3693118280834942,1
3,art,47,shuffled8,ridge,6.904963267685154,0.20544710688856033,0.30593273383266606,0.3058732106969274,1
3,art,54,pca8,ridge,6.003955447657959,0.17154088327208805,0.18096907539056056,0.25618266723053096,1
3,art,54,random8,ridge,0.007990255112401428,8.829919531124091e-05,0.20347245954843826,0.21947855136783162,1
3,art,54,shuffled8,ridge,6.813812660118523,0.06257392315070515,0.0700744915986005,0.10348913043765444,1
3,art,55,pca8,ridge,6.008851694653268,0.1683553479110514,0.2057274570203863,0.2315690101185327,1
3,art,55,random8,ridge,0.007990173994545487,-2.1399902436847156e-05,-0.02719554591139676,-0.035456894094583705,1
3,art,55,shuffled8,ridge,6.96436560055311,0.2713801718551984,0.36386270869582826,0.3805971915417496,1
3,art,59,pca8,ridge,5.988519037596225,0.39486512536817764,0.4983176384674922,0.5389029853267597,1
3,art,59,random8,ridge,0.007990335359696146,0.0004406916148670331,0.376082300098459,0.41935719392326065,1
3,art,59,shuffled8,ridge,6.8598355691838115,0.4786603161676136,0.6530999765709307,0.6645519671297965,1
3,art,60,pca8,ridge,5.9858038619563985,0.5191687360210391,0.5685507882388202,0.596479399886597,1
3,art,60,random8,ridge,0.007990114823307262,0.0006499200688056704,0.2884060815655026,0.39839684726641644,1
3,art,60,shuffled8,ridge,6.948019012944587,0.5041024272828016,0.6027340819543884,0.5931459375506838,1
3,art,67,pca8,ridge,6.020763350986374,0.4588588024066479,0.6013756257473171,0.5571144448813031,1
3,art,67,random8,ridge,0.007990833688675524,0.00023619452096831028,0.21264139452850284,0.18369200653525625,1
3,art,67,shuffled8,ridge,6.894996879239319,0.398176126231535,0.5007885489462204,0.5362041024999911,1
3,art,68,pca8,ridge,5.9707041686368925,0.4868595675974791,0.6330375675907657,0.6471201204904512,1
3,art,68,random8,ridge,0.007990310758217696,0.00033178409317251707,0.3729643428298323,0.37924447114153936,1
3,art,68,shuffled8,ridge,7.013029535430384,0.33834433615969056,0.4652210578609721,0.45218018821114336,1
3,art,75,pca8,ridge,5.995971202087951,0.3904536735040723,0.4547399571766497,0.5420448115256911,1
3,art,75,random8,ridge,0.007990325539096527,0.00036220130956806436,0.3548286425835698,0.40125936485768754,1
3,art,75,shuffled8,ridge,6.943567289427717,0.36332009347427974,0.3357333208388872,0.454654201758465,1
3,art,76,pca8,ridge,5.952337782834245,0.46715231748697644,0.5791867648000879,0.6170254648795085,1
3,art,76,random8,ridge,0.007990071060361087,0.0005287189047513598,0.33785080554243613,0.3796448757042154,1
3,art,76,shuffled8,ridge,6.902037215950881,0.3853286717124085,0.4439389867825938,0.5177101199516873,1
3,art,82,pca8,ridge,6.0271002560926625,0.5989876371650196,0.6534135202612876,0.6837944618420347,1
3,art,82,random8,ridge,0.0079904520972156,0.00039582762764518606,0.19871426641735346,0.24903893260951893,1
3,art,82,shuffled8,ridge,6.900979063269533,0.5561795876056566,0.5230530555599772,0.577712386241718,1
3,art,84,pca8,ridge,5.986146215196764,0.15070952486534897,0.219160823953157,0.188692569330937,1
3,art,84,random8,ridge,0.007990266833963755,0.0002936660929853875,0.17699304328516133,0.18730822434282132,1
3,art,84,shuffled8,ridge,6.955881609627815,0.09408241508329777,0.1169128359314827,0.10859644684800947,1
3,art,88,pca8,ridge,5.991991611412241,0.3560214681812607,0.4387640765288372,0.46442245953306094,1
3,art,88,random8,ridge,0.007990285956096172,0.00041201861945322466,0.1822566097375208,0.26147799089198726,1
3,art,88,shuffled8,ridge,6.94578070515468,0.30282053167684053,0.34419088877273446,0.3671953196216406,1
3,art,95,pca8,ridge,6.009241868584082,0.3753321506132684,0.46449021437618415,0.572160097348043,1
3,art,95,random8,ridge,0.007990178936312115,0.00044042289432495024,0.30929419302788885,0.38117031833612625,1
3,art,95,shuffled8,ridge,6.920501280879423,0.32507165155897255,0.3603941048801893,0.43286268339293565,1
3,art,96,pca8,ridge,6.0066837391985155,0.5043208444500289,0.613477243181555,0.6710595210857918,1
3,art,96,random8,ridge,0.00798985346959088,0.00033947670189179465,0.31499432303698877,0.2726196273540008,1
3,art,96,shuffled8,ridge,6.948720560369955,0.3859051297144436,0.45750345514420676,0.5050282161658416,1
3,art,107,pca8,ridge,6.018834070202107,0.5300590161171413,0.5501376892706287,0.6365721260340471,1
3,art,107,random8,ridge,0.007990333662334198,0.0004101470243424995,0.3557826926214484,0.44819019023045414,1
3,art,107,shuffled8,ridge,6.882114400284589,0.41907725649520317,0.3624471387854411,0.4918696643914567,1
3,art,122,pca8,ridge,5.986959141945062,0.4442588354162746,0.5719459485541165,0.6457544385898559,1
3,art,122,random8,ridge,0.007990372171966652,0.0005755932393819641,0.4303960796204142,0.48009793500060866,1
3,art,122,shuffled8,ridge,6.947383244533743,0.15169401680395347,0.24130274325859807,0.2600521736209008,1
3,art,123,pca8,ridge,5.960908279785169,0.46624368434991614,0.5442392998926477,0.5444324094672661,1
3,art,123,random8,ridge,0.007990280876878964,0.00046102405448264543,0.3864257238336605,0.4240278556470756,1
3,art,123,shuffled8,ridge,6.874289377295495,0.350434143815481,0.39814308521398,0.3901183117455364,1
3,art,132,pca8,ridge,6.037260137947989,0.29016295149316396,0.29974297161253904,0.4190404726316242,1
3,art,132,random8,ridge,0.007990569406217542,9.153918051874625e-05,0.06029511798911189,0.1003616993771403,1
3,art,132,shuffled8,ridge,6.902840803451855,0.26106820083333154,0.34132581160503,0.38572819188992563,1
3,art,140,pca8,ridge,6.021677345914378,0.4794601035956504,0.5181388281584306,0.5377009373671604,1
3,art,140,random8,ridge,0.007990208883741495,0.0006006268440812838,0.31525432587193997,0.33560739433943704,1
3,art,140,shuffled8,ridge,6.900330582819922,0.2864082495566546,0.37050609664712797,0.4002934961866229,1
3,art,141,pca8,ridge,6.006308739421516,0.2925909938661026,0.46336529775084234,0.44926437896084337,1
3,art,141,random8,ridge,0.007990477114994251,0.0003466407407160948,0.34555460807905264,0.3890698113268545,1
3,art,141,shuffled8,ridge,6.883043659316986,0.20942217341071787,0.39608074287440703,0.3596421186382186,1
3,fashion,0,pca8,ridge,5.993051883717685,0.22911489946818864,0.351529712494982,0.36944710698957156,1
3,fashion,0,random8,ridge,3.798420905332637,0.037005250505147885,0.077961433808547,0.11566293123008324,1
3,fashion,0,shuffled8,ridge,6.4139820230083355,0.16836151187958023,0.2097725177735131,0.23828103423676172,1
3,fashion,9,pca8,ridge,5.997995544714719,0.08830805562836877,0.1397719472996694,0.1557363182837365,1
3,fashion,9,random8,ridge,3.819913444776101,0.044318547093030604,0.16423331476643652,0.17585095241614088,1
3,fashion,9,shuffled8,ridge,6.350103901742065,0.04663178749521109,0.15478581376152648,0.13300774166059598,1
3,fashion,10,pca8,ridge,5.98051810684931,0.1990384867259143,0.29835376201956704,0.3160918249969367,1
3,fashion,10,random8,ridge,3.824097796570112,0.09691924663117252,0.3669667837835669,0.3108255101808419,1
3,fashion,10,shuffled8,ridge,6.305432851262539,0.1713047273395996,0.2580595625429978,0.22025178555152577,1
3,fashion,11,pca8,ridge,6.004587740621124,0.326341015332065,0.4715186238004855,0.46754640161555533,1
3,fashion,11,random8,ridge,3.7991265842889375,0.22128865477939078,0.5733945441039183,0.48751458344748927,1
3,fashion,11,shuffled8,ridge,6.428308056686447,0.23162369690321072,0.3763181916734144,0.38389887580600995,1
3,fashion,24,pca8,ridge,6.031052258114004,0.32772387108732026,0.49978594020796735,0.539829848381214,1
3,fashion,24,random8,ridge,3.7544231035447897,0.021134672080791544,-0.05653663722340154,0.04785416704410246,1
3,fashion,24,shuffled8,ridge,6.458442005282458,0.2371411897740978,0.3083158845290801,0.36683266405358356,1
3,fashion,28,pca8,ridge,6.004882367128059,0.3677131560820246,0.4944063809597403,0.48185171135719235,1
3,fashion,28,random8,ridge,3.8080238713857124,0.12134649599889426,0.35851186302787286,0.33924229527839367,1
3,fashion,28,shuffled8,ridge,6.442640070542813,0.22140195565975332,0.3199965758320971,0.3073907057094063,1
3,fashion,31,pca8,ridge,5.9868259335352665,0.05274699829808297,0.15513379101311092,0.1557036132325967,1
3,fashion,31,random8,ridge,3.8163582216715564,-0.014664342205262387,-0.04892003068879349,-0.12106101810710089,1
3,fashion,31,shuffled8,ridge,6.2707863640579165,0.041465671189463496,0.09504882839534351,0.10732581023884807,1
3,fashion,32,pca8,ridge,6.023227631388663,0.13115153454644415,0.2674289641469344,0.2504636703348606,1
3,fashion,32,random8,ridge,3.734584005036418,0.07236408400509027,0.20779986238728063,0.21156509965110637,1
3,fashion,32,shuffled8,ridge,6.406687282537537,0.0810275912330451,0.23125170044647397,0.21001690459794237,1
3,fashion,36,pca8,ridge,5.994374241395759,0.04678971291159314,0.10687477489661915,0.13471008678522514,1
3,fashion,36,random8,ridge,3.8120230786885267,0.04788936290601599,0.19907851275531246,0.27351101076200857,1
3,fashion,36,shuffled8,ridge,6.304666498337723,-0.05616350045807606,-0.17500806554732565,-0.16143479650388115,1
3,fashion,42,pca8,ridge,5.99443962771519,0.024029086010019976,0.07780279046053973,0.07545834527706405,1
3,fashion,42,random8,ridge,3.7804640202883752,0.002649050466990344,0.01998787166616307,0.011821067955987422,1
3,fashion,42,shuffled8,ridge,6.300044257728742,-0.02182583273874011,-0.003198059466586091,-0.05854637488788273,1
3,fashion,47,pca8,ridge,6.029791387420345,0.17099720667685353,0.37095474737993506,0.4039890919025903,1
3,fashion,47,random8,ridge,3.745176168334956,0.08212499557040176,0.2742349159587774,0.30165313356503104,1
3,fashion,47,shuffled8,ridge,6.429242314024738,0.1794366741351122,0.21473756511485315,0.3381404232391811,1
3,fashion,54,pca8,ridge,5.973202622562991,0.008205176218229736,-0.07691391654809214,0.0221808972501882,1
3,fashion,54,random8,ridge,3.805780487273841,0.038942451779429295,0.10895309006489118,0.1518401610572454,1
3,fashion,54,shuffled8,ridge,6.259755894241041,-0.04513208073154834,-0.1477583002249894,-0.11232676641147671,1
3,fashion,55,pca8,ridge,6.00711246584685,0.13907573548286262,0.16420260523233401,0.21521713712862015,1
3,fashion,55,random8,ridge,3.7962769358064743,-0.008281227107131939,-0.044295811992850494,-0.021466571799749288,1
3,fashion,55,shuffled8,ridge,6.381919889597166,0.07972222631503521,0.09086449917347551,0.16611878206071254,1
3,fashion,59,pca8,ridge,6.027974114419724,0.4231440515871494,0.48507141143226856,0.5829793175446436,1
3,fashion,59,random8,ridge,3.83141092363756,0.21794235621013805,0.37903622524642194,0.41346474881491374,1
3,fashion,59,shuffled8,ridge,6.3329236611393345,0.42849478015872094,0.3943678053385919,0.48697794367555125,1
3,fashion,60,pca8,ridge,6.027028202093826,0.28307874736111804,0.28482260093501566,0.3383095781419183,1
3,fashion,60,random8,ridge,3.837876439091071,0.18044918108196853,0.24739221855777335,0.3033874139716325,1
3,fashion,60,shuffled8,ridge,6.356181273308861,0.3478123816565519,0.40073118099447613,0.4052356183710723,1
3,fashion,67,pca8,ridge,5.9913413738274865,-0.03701144570287814,-0.08961474286654753,-0.09375237635221163,1
3,fashion,67,random8,ridge,3.850990508608823,0.01529711193217389,0.04301922300707602,0.10911644948405445,1
3,fashion,67,shuffled8,ridge,6.310658063007462,0.059913229169150505,0.12973146408037506,0.09675909525843172,1
3,fashion,68,pca8,ridge,5.9985602059763234,0.20772463138383407,0.3071601534315864,0.32515539363210794,1
3,fashion,68,random8,ridge,3.84977373513649,0.11047490099482196,0.26990532668070827,0.33762036634580134,1
3,fashion,68,shuffled8,ridge,6.524550416900775,0.10709609160090656,0.15506617021754762,0.15149405668143068,1
3,fashion,75,pca8,ridge,5.975157551383167,0.3358806636333812,0.5476619035786521,0.5714000136176837,1
3,fashion,75,random8,ridge,3.8304833536531926,0.050171202019449336,0.20041708322420834,0.15152509702900588,1
3,fashion,75,shuffled8,ridge,6.288985408204289,0.3024867606404702,0.4245225767387781,0.4547646786383895,1
3,fashion,76,pca8,ridge,5.964594937768855,0.13070977344323756,0.22405175577251563,0.1887646093538571,1
3,fashion,76,random8,ridge,3.8069861106415486,0.0479912940475129,0.22283518515293635,0.15760707383494788,1
3,fashion,76,shuffled8,ridge,6.466387017452623,0.21110952051825993,0.24706521665955683,0.25740820087037364,1
3,fashion,82,pca8,ridge,5.983736060283855,0.10552239759482547,0.2652010172405046,0.25663588893669753,1
3,fashion,82,random8,ridge,3.816782592307804,-0.010299294110149201,-0.05566438142979106,-0.033824121936057445,1
3,fashion,82,shuffled8,ridge,6.303692213275386,0.051309953187708215,0.14870341896244185,0.12981441492943377,1
3,fashion,84,pca8,ridge,6.001920017998181,0.11475412237753722,0.25517308125217364,0.2666614087055998,1
3,fashion,84,random8,ridge,3.8031094408354296,0.045879683192886385,0.18877002837793008,0.17123654225528168,1
3,fashion,84,shuffled8,ridge,6.421642811167187,0.04042811361486947,0.03595134611136192,0.10835722216343449,1
3,fashion,88,pca8,ridge,5.967233186978823,0.04377187980953388,0.08308916687633308,0.07351840840225017,1
3,fashion,88,random8,ridge,3.7906170956004632,0.007463614527084139,0.022917786638425204,0.024058265715449514,1
3,fashion,88,shuffled8,ridge,6.436929118281883,0.17061706409171007,0.16803126118300693,0.2475234688448976,1
3,fashion,95,pca8,ridge,5.946500529401977,0.08088432107249523,0.29553215061783433,0.23768699205277757,1
3,fashion,95,random8,ridge,3.8041944362713798,0.05745348504271895,0.20527423932263972,0.2030382191724734,1
3,fashion,95,shuffled8,ridge,6.350399941486497,0.07711660787095687,0.24930009719503773,0.1731920440755239,1
3,fashion,96,pca8,ridge,6.0151595104180755,0.044443235985977804,0.11932165951581349,0.154660059314612,1
3,fashion,96,random8,ridge,3.814188355906161,0.025067228913305692,0.09470600647568295,0.07915175442157349,1
3,fashion,96,shuffled8,ridge,6.345553019458716,0.04411663850379716,0.11294531565602063,0.10159378145320956,1
3,fashion,107,pca8,ridge,6.00312924747819,0.015532719609384092,-0.007985750073714232,0.03160990487119719,1
3,fashion,107,random8,ridge,3.780766099624615,0.04153925402015281,0.0970194232558077,0.10606393757665171,1
3,fashion,107,shuffled8,ridge,6.360705811424426,0.10223557858540433,0.17290884942216034,0.13558776712054346,1
3,fashion,122,pca8,ridge,5.966858279844127,0.04402280991365094,0.10430270270494149,0.0989628491232317,1
3,fashion,122,random8,ridge,3.8027900169589164,-0.03686674983180277,-0.16555984556339917,-0.11997325793411835,1
3,fashion,122,shuffled8,ridge,6.21299063968653,-0.010109433186722576,0.014900386100705926,-0.0177171909961303,1
3,fashion,123,pca8,ridge,5.987404408990065,0.3123997910610647,0.458698535825158,0.46011585986012055,1
3,fashion,123,random8,ridge,3.7524007477657957,0.08480275088745319,0.1970946720747092,0.23397134243472653,1
3,fashion,123,shuffled8,ridge,6.392515441788477,0.2208297696468629,0.4064481001999483,0.35145390784738767,1
3,fashion,132,pca8,ridge,5.956695298720462,0.14772404658491456,0.28664188192561085,0.3427767456314468,1
3,fashion,132,random8,ridge,3.8585911503685257,0.051032302982730975,0.15939988309298167,0.16122529553962534,1
3,fashion,132,shuffled8,ridge,6.3141399442951585,0.055448246808911805,0.09165989541492439,0.11000576920536441,1
3,fashion,140,pca8,ridge,5.950588692169657,0.22207990921297027,0.3674909021018322,0.4533216139565227,1
3,fashion,140,random8,ridge,3.8155642968533763,0.11630543127107285,0.27331646117141867,0.265079525011665,1
3,fashion,140,shuffled8,ridge,6.329336369573476,0.1485076924797151,0.1994656775400803,0.2730516181298473,1
3,fashion,141,pca8,ridge,6.02464101287375,-0.03192129336158431,-0.09473585913746915,-0.05680518613320783,1
3,fashion,141,random8,ridge,3.778245482295284,0.049367057987758964,0.11797487557645114,0.1101102307171006,1
3,fashion,141,shuffled8,ridge,6.397227970694934,0.09881044984781631,0.13409471848926796,0.14279781045826148,1
3,landscape,0,pca8,ridge,7.991517344805244,0.47024251129485956,0.5392086132123846,0.5264943500589495,1
3,landscape,0,random8,ridge,7.666267819716117,0.06510687718067892,0.10472766149572892,0.09727865282848369,1
3,landscape,0,shuffled8,ridge,5.375131974102163,0.40035891438093407,0.4688447156449417,0.4698660962342537,1
3,landscape,9,pca8,ridge,7.991459358295036,0.5056160611892778,0.47579591920249664,0.5722942324226087,1
3,landscape,9,random8,ridge,7.68827975252605,0.34350493561890943,0.40524444668628584,0.4515523107729721,1
3,landscape,9,shuffled8,ridge,5.344462866168735,0.3740942042574075,0.37593999437514286,0.5039463304339944,1
3,landscape,10,pca8,ridge,7.991619066344552,0.5702304578836063,0.6357223452686573,0.6089988852794475,1
3,landscape,10,random8,ridge,7.680982880376436,0.4332173520263854,0.5650375784581592,0.5046077025158243,1
3,landscape,10,shuffled8,ridge,5.474896094383334,0.40875032815123225,0.5819745101177384,0.5468245161230655,1
3,landscape,11,pca8,ridge,7.991443271986309,0.41393284819128134,0.4485048798702861,0.5240715251153075,1
3,landscape,11,random8,ridge,7.679975126091387,0.1622264838852759,0.2747628553937676,0.2219296979218287,1
3,landscape,11,shuffled8,ridge,5.481690047878623,0.18804624772571685,0.2753051829389554,0.2717552322976062,1
3,landscape,24,pca8,ridge,7.991303829873546,-0.07332920948187732,-0.2235008605098215,-0.1692886121094118,1
3,landscape,24,random8,ridge,7.698844642753238,-0.14001025598236627,-0.17918882304260653,-0.20536509337735068,1
3,landscape,24,shuffled8,ridge,5.376033288131845,-0.011611876811653932,-0.0648508285560336,-0.04656648839610879,1
3,landscape,28,pca8,ridge,7.991510202062577,0.17406242943281233,0.21255053170538027,0.20111619153213223,1
3,landscape,28,random8,ridge,7.6927586732435715,-0.059277247257042955,-0.08863243982435515,-0.09127616598099929,1
3,landscape,28,shuffled8,ridge,5.447797701859856,0.17021039172685926,0.20472567999406852,0.21608536171417916,1
3,landscape,31,pca8,ridge,7.9915134340521545,0.20659808860936335,0.39208825177079215,0.3474232292513786,1
3,landscape,31,random8,ridge,7.682921789391427,-0.03441574362504902,0.032665487676908515,-0.057202338099557125,1
3,landscape,31,shuffled8,ridge,5.213045192905578,0.12583782731735701,0.26931107395068776,0.2941269436274501,1
3,landscape,32,pca8,ridge,7.991505710535847,0.420289590497805,0.4948899725453036,0.4869798141664215,1
3,landscape,32,random8,ridge,7.675679157424647,0.35609259846684027,0.40920300112961816,0.4702068444204414,1
3,landscape,32,shuffled8,ridge,5.487455943969037,0.5242696557687968,0.6232980896182667,0.6536347563632012,1
3,landscape,36,pca8,ridge,7.9912495047386605,0.46577229128457026,0.5107009455943728,0.5152026200694512,1
3,landscape,36,random8,ridge,7.68372651158466,0.3830546211478573,0.5438768895462391,0.5169830365359357,1
3,landscape,36,shuffled8,ridge,5.34618086719388,0.324244375873636,0.5328513512867865,0.5049933372396118,1
3,landscape,42,pca8,ridge,7.991530746628428,0.24765903591499705,0.3903075637733843,0.32645354292219425,1
3,landscape,42,random8,ridge,7.681160754600618,0.09882175603109349,0.13760288833695813,0.14895067533226886,1
3,landscape,42,shuffled8,ridge,5.2725495748929365,0.14449638046227511,0.31817168039437227,0.25918946837199996,1
3,landscape,47,pca8,ridge,7.991607461003705,0.5740689432224789,0.46491089519606654,0.6013465152873216,1
3,landscape,47,random8,ridge,7.673911971767084,0.2718980311571026,0.2833771239153256,0.3259466588759609,1
3,landscape,47,shuffled8,ridge,5.414717763185202,0.4003084594198549,0.3553490994976404,0.42442688246778576,1
3,landscape,54,pca8,ridge,7.991300969108829,0.047406672769796626,0.14497573033784333,0.09275907656335648,1
3,landscape,54,random8,ridge,7.666670813750832,-0.03528221750579837,-0.07084786821939855,-0.08249338067931776,1
3,landscape,54,shuffled8,ridge,5.288092765311604,-0.0311363931811521,-0.0651961864241189,-0.10051880161097643,1
3,landscape,55,pca8,ridge,7.991277395632153,0.49034708554495443,0.5918652570556034,0.602043405506616,1
3,landscape,55,random8,ridge,7.696251487679585,0.10340723234154175,0.09570269801193082,0.16663391188089233,1
3,landscape,55,shuffled8,ridge,5.549902560890364,0.3327589516845301,0.4579311955261791,0.4871348846132074,1
3,landscape,59,pca8,ridge,7.991438776724018,0.30753418925571574,0.48258911913580405,0.4535204027375255,1
3,landscape,59,random8,ridge,7.680629827830604,0.06047543408271445,0.2409607477902727,0.11589167660421795,1
3,landscape,59,shuffled8,ridge,5.457531043788232,0.14236784033263863,0.38121305005268413,0.37073099515335345,1
3,landscape,60,pca8,ridge,7.991636689660671,0.6906875249407028,0.769772247490557,0.7676445026812534,1
3,landscape,60,random8,ridge,7.690866168564619,0.295172303831431,0.44637883332451966,0.4361267393402036,1
3,landscape,60,shuffled8,ridge,5.35627361805627,0.6093188701329395,0.6837362877290717,0.6830672384422186,1
3,landscape,67,pca8,ridge,7.9911036828252175,0.3060719285574708,0.3827055848547074,0.4041682461705429,1
3,landscape,67,random8,ridge,7.689275356678028,0.05765984322772879,0.060975179378197825,0.09567904137885298,1
3,landscape,67,shuffled8,ridge,5.330989490608735,0.18695769405267687,0.38543735535939416,0.3768942321198111,1
3,landscape,68,pca8,ridge,7.9915076543185695,0.12688338203126612,0.18273666416924023,0.1656516936016694,1
3,landscape,68,random8,ridge,7.6758599023957315,0.1479808339236632,0.2103271014289286,0.19160698166542472,1
3,landscape,68,shuffled8,ridge,5.417208934067375,0.016921485706568536,0.03133913797431992,0.040420501105778606,1
3,landscape,75,pca8,ridge,7.991524999168228,0.15829528683301602,0.31968363099270114,0.25987249363092396,1
3,landscape,75,random8,ridge,7.675780003540228,0.050792754767246845,0.0634326258605754,0.10669093098158934,1
3,landscape,75,shuffled8,ridge,5.419104095652841,0.005140349441315306,0.07225438177496006,0.013258365879039662,1
3,landscape,76,pca8,ridge,7.991512445133073,0.2847380741106251,0.27985016865462153,0.31537166255841387,1
3,landscape,76,random8,ridge,7.6775250629513465,0.11959333870513263,0.23632572027759027,0.17057503827965198,1
3,landscape,76,shuffled8,ridge,5.524705234288651,0.2231795489396833,0.2890765494165729,0.26812564549502754,1
3,landscape,82,pca8,ridge,7.990952320517472,0.23984012467563345,0.27969153715336753,0.28876120077261325,1
3,landscape,82,random8,ridge,7.68527095930172,0.23025834264382428,0.2763473992091425,0.30711449527862017,1
3,landscape,82,shuffled8,ridge,5.326616835155823,0.14525071751221214,0.2736112863456856,0.22130736582613,1
3,landscape,84,pca8,ridge,7.9916462632899545,0.36476450330845805,0.4479113385571468,0.4915057475795102,1
3,landscape,84,random8,ridge,7.667734525603072,0.060453984902356026,0.11304914877478785,0.08627420932745929,1
3,landscape,84,shuffled8,ridge,5.390295195281369,0.1696132011904603,0.18676576428903352,0.268070845444687,1
3,landscape,88,pca8,ridge,7.991641006455566,0.48917231965179886,0.622290725449167,0.5987599224417891,1
3,landscape,88,random8,ridge,7.6908653358182555,0.36460495782350977,0.3945219467916836,0.4216845206554406,1
3,landscape,88,shuffled8,ridge,5.474133974470287,0.5536357831845615,0.6050673935292025,0.6078418607522224,1
3,landscape,95,pca8,ridge,7.991438436077561,0.3331787341986828,0.35086205889075284,0.4554747054390943,1
3,landscape,95,random8,ridge,7.66789805522687,0.07348200934588,0.13434531995337237,0.0891380698636178,1
3,landscape,95,shuffled8,ridge,5.3362451199443255,0.13373925562740083,0.19706290299719062,0.24255461987392762,1
3,landscape,96,pca8,ridge,7.99156705464661,0.49401672619951414,0.5370135517586411,0.5694896426671434,1
3,landscape,96,random8,ridge,7.70251663505775,0.1262535491810385,0.21872088637848486,0.192706475770129,1
3,landscape,96,shuffled8,ridge,5.508304073789066,0.3893518326520197,0.5132233805685952,0.5205254549872727,1
3,landscape,107,pca8,ridge,7.9914752523194235,0.037677655918004066,0.05989069673777836,0.05861383888507016,1
3,landscape,107,random8,ridge,7.679113894409157,-0.01617135355659731,-0.09749068453152096,-0.027833289250502512,1
3,landscape,107,shuffled8,ridge,5.4190122414888755,0.10355838035624558,0.19478189963177542,0.1703474346125357,1
3,landscape,122,pca8,ridge,7.991602908720532,0.47308170598953725,0.4699568860992014,0.536244385002921,1
3,landscape,122,random8,ridge,7.679360081454449,0.39031851672950835,0.5465926600298954,0.5312418668255949,1
3,landscape,122,shuffled8,ridge,5.295643072290725,0.4105252015361781,0.47589380854702784,0.5387681292480182,1
3,landscape,123,pca8,ridge,7.991528803049578,0.5647302612625491,0.7120480973474373,0.7079715571615584,1
3,landscape,123,random8,ridge,7.67332868698221,0.18305755154186892,0.334124763258215,0.2630547199744189,1
3,landscape,123,shuffled8,ridge,5.5255863257224975,0.5008552912461509,0.6594502651079434,0.6144655356172684,1
3,landscape,132,pca8,ridge,7.991742476890466,0.38861722709762586,0.3188476663940239,0.4320334102552611,1
3,landscape,132,random8,ridge,7.704430925734676,0.11064075932231679,0.12888938464805394,0.15039016648765507,1
3,landscape,132,shuffled8,ridge,5.50216721407378,0.1800409149188829,0.1789932927408579,0.24030522942345756,1
3,landscape,140,pca8,ridge,7.991532071654706,0.23926794292754294,0.3702695909117255,0.33920485305955234,1
3,landscape,140,random8,ridge,7.690078471585732,0.049748364853047934,0.1280036463942512,0.08339693246119165,1
3,landscape,140,shuffled8,ridge,5.169046693720984,0.2203415320416833,0.4296660709383072,0.37422906265172295,1
3,landscape,141,pca8,ridge,7.991423105411078,0.29234453514594405,0.4308213399621141,0.4075927053472008,1
3,landscape,141,random8,ridge,7.686773919557946,0.19766021664315664,0.3449755722094691,0.30201371086576095,1
3,landscape,141,shuffled8,ridge,5.3296631537918016,0.23367386963785552,0.3601540992613861,0.3636166886063088,1
4,art,1,pca8,ridge,7.214960157137146,0.30520332384355153,0.348781408885802,0.39681291099318927,1
4,art,1,random8,ridge,0.007989552857594603,4.700260353555965e-05,0.0766773243512416,0.046152335595259164,1
4,art,1,shuffled8,ridge,6.224453869240276,0.14799923128525502,0.2850810393609627,0.270721617508918,1
4,art,2,pca8,ridge,7.250931632399985,0.6403540142888217,0.7466564672134018,0.6960892998676851,1
4,art,2,random8,ridge,0.007989377605926494,0.00042516734121796225,0.295058141142978,0.26392207846157045,1
4,art,2,shuffled8,ridge,6.37438791405966,0.46951692997837885,0.6140466245425463,0.5303483305549921,1
4,art,12,pca8,ridge,7.244039980424802,0.32933319199257943,0.4002014711970007,0.3976933872554007,1
4,art,12,random8,ridge,0.007989559670853113,0.00013893004199147136,0.11735269093544973,0.10041079923903638,1
4,art,12,shuffled8,ridge,6.3851051538426775,0.3648294214239823,0.39024947803544946,0.41588650017083373,1
4,art,13,pca8,ridge,7.215778548071362,0.4533017676239718,0.4963262043993255,0.533748993106424,1
4,art,13,random8,ridge,0.007989795727796815,0.00011061946754478443,0.1369378396980969,0.12177433068740742,1
4,art,13,shuffled8,ridge,6.178303174320661,0.2813606025898905,0.3875497587736197,0.39514077015094734,1
4,art,26,pca8,ridge,7.23085815767621,0.3661965035229587,0.43681530448786204,0.4611272857964697,1
4,art,26,random8,ridge,0.007989458430193634,-1.903913708289435e-05,-0.052267642164507515,-0.026403457326609984,1
4,art,26,shuffled8,ridge,6.362457225211432,0.2675208631597542,0.5079573729895529,0.4371971694203127,1
4,art,29,pca8,ridge,7.1798374886790635,0.21178211519290516,0.3738437548787355,0.3831953309771492,1
4,art,29,random8,ridge,0.007989536870097786,9.982724206954116e-05,0.19175235756261483,0.14995732999397143,1
4,art,29,shuffled8,ridge,6.2213996269833265,0.16899283950206265,0.37844662075533747,0.3544935894010977,1
4,art,34,pca8,ridge,7.210834428229143,0.45289496662786966,0.5799641940782616,0.5866265473123023,1
4,art,34,random8,ridge,0.007989519352497768,0.0006299912857283142,0.48153646417602464,0.4714058260271861,1
4,art,34,shuffled8,ridge,6.6318386716840925,0.3807984772377667,0.4503216580497139,0.46991503942873364,1
4,art,38,pca8,ridge,7.2447518411189185,0.36413976890203775,0.4910613784216671,0.5042841156514717,1
4,art,38,random8,ridge,0.007988967932590864,0.00041647334352104895,0.3794275747884522,0.3537862269379312,1
4,art,38,shuffled8,ridge,6.380469379576932,0.4401887658546901,0.5917228380382782,0.5799364637031599,1
4,art,43,pca8,ridge,7.226143037979164,0.3026509730235702,0.407081150200198,0.40875283355519265,1
4,art,43,random8,ridge,0.007989252221556088,8.774237963529896e-05,0.1330164104840878,0.11172600413698576,1
4,art,43,shuffled8,ridge,6.485241461857587,0.18851376306010612,0.2777378732898607,0.25919774274452767,1
4,art,48,pca8,ridge,7.219731603329192,0.6566420660239748,0.6587209647812245,0.6692959358798326,1
4,art,48,random8,ridge,0.007990495277477345,0.0005012827900628526,0.33431216573706246,0.31744114712309707,1
4,art,48,shuffled8,ridge,6.310396501160823,0.46834539502090383,0.5663549110712047,0.5071486209005286,1
4,art,49,pca8,ridge,7.241744800280769,0.33247198070780604,0.575868475647686,0.5232071581723228,1
4,art,49,random8,ridge,0.007989952403544758,0.00040612435681257287,0.3430084925377225,0.357951794818628,1
4,art,49,shuffled8,ridge,6.504966121668187,0.15559771802490524,0.3444923072134444,0.27209124459430944,1
4,art,56,pca8,ridge,7.213711935635571,0.13231865303987728,0.16077836262331432,0.20758919812018642,1
4,art,56,random8,ridge,0.007989659005395859,6.686634404159363e-05,-0.025818805463613665,0.10524564024726532,1
4,art,56,shuffled8,ridge,6.2355609424958045,0.0965445119478648,0.254103132067857,0.18480128404112872,1
4,art,61,pca8,ridge,7.219909250526971,0.27591592672851734,0.3100011281803409,0.3603096135656008,1
4,art,61,random8,ridge,0.007989894881410541,0.0002086859641221116,0.26641740703672073,0.25564653800962994,1
4,art,61,shuffled8,ridge,6.3487495518810375,0.18875196616741605,0.33472699069334977,0.29125225800791027,1
4,art,72,pca8,ridge,7.229228823227768,0.2996726134395412,0.3234549475905821,0.343418334953658,1
4,art,72,random8,ridge,0.007989924092841319,0.00015878344258144446,0.22038794734137968,0.19273765140392846,1
4,art,72,shuffled8,ridge,6.289123455499235,0.35555798241297787,0.4220364400919953,0.42219949970565784,1
4,art,77,pca8,ridge,7.245056570009822,0.3756445591195946,0.4640791068719334,0.4474065710691186,1
4,art,77,random8,ridge,0.007989907285122303,0.000504945473727723,0.43077862292643687,0.3686845885523521,1
4,art,77,shuffled8,ridge,6.305540077986201,0.44088152263849645,0.515242108951641,0.5247859380967977,1
4,art,78,pca8,ridge,7.240891388206272,0.5081896960148928,0.5936445903070122,0.6181176639665736,1
4,art,78,random8,ridge,0.00798967346196036,0.0009145978542437921,0.5507839435379582,0.5699201152203921,1
4,art,78,shuffled8,ridge,6.64735390180246,0.4072919813461689,0.4903849171714523,0.4918045238946134,1
4,art,89,pca8,ridge,7.226651954133162,0.2897501929992299,0.3258911773543646,0.3400531618720511,1
4,art,89,random8,ridge,0.007989304099008679,0.0002664975442418396,0.18609398811980565,0.19002658536451594,1
4,art,89,shuffled8,ridge,6.364723623625692,0.22196805736155187,0.33007249869002886,0.30344422743359606,1
4,art,90,pca8,ridge,7.211081929931943,0.3595155121691669,0.41984548511886677,0.4704128837655239,1
4,art,90,random8,ridge,0.00798992217054673,0.0005560064864606338,0.3690215597899748,0.4486195956889538,1
4,art,90,shuffled8,ridge,6.46296086969343,0.4607748091563464,0.5814356712380794,0.5612951032963208,1
4,art,97,pca8,ridge,7.243223112781173,0.17765292178761274,0.3181411937209099,0.2857908924697105,1
4,art,97,random8,ridge,0.007989992644484866,0.0002732693433365785,0.2771848546905729,0.28308287836988755,1
4,art,97,shuffled8,ridge,6.388482111225852,0.24058539608269752,0.38490908302466564,0.379982965564751,1
4,art,103,pca8,ridge,7.233374495328202,0.5304580306573926,0.5675333572482804,0.6021806671830777,1
4,art,103,random8,ridge,0.007989721222700277,0.00035454111709151947,0.28359193007567807,0.3624293207854443,1
4,art,103,shuffled8,ridge,6.315615862379983,0.4822432284919204,0.5305365931310131,0.5536697339972448,1
4,art,108,pca8,ridge,7.215674005489116,0.2940563083657375,0.4073776801804814,0.3921333713530007,1
4,art,108,random8,ridge,0.007989347577854456,0.0003157268692812494,0.3152546036554549,0.2985401927570805,1
4,art,108,shuffled8,ridge,6.232620637172232,0.10798645026397186,0.2391227026781687,0.1930180062533937,1
4,art,114,pca8,ridge,7.233165698220809,0.5292488893204068,0.6412590185076501,0.6288579657015992,1
4,art,114,random8,ridge,0.007989753884861296,0.0007238396769761661,0.5569309613447694,0.5240373815692325,1
4,art,114,shuffled8,ridge,6.316930647022078,0.5262021824803357,0.6932596727487699,0.6827761509968219,1
4,art,115,pca8,ridge,7.2195426027265475,-0.047450630437045616,-0.044695899013523985,-0.05530440507529184,1
4,art,115,random8,ridge,0.007988999506635874,-0.00013066665452134667,0.0025557495446562922,-0.08314108072793715,1
4,art,115,shuffled8,ridge,6.405826935436467,0.0029558202802829675,0.0055275513407682594,0.003475172075541614,1
4,art,124,pca8,ridge,7.217943799165408,0.47216088832654235,0.5303789529294912,0.5558296673582971,1
4,art,124,random8,ridge,0.007989777276255296,7.450044393850885e-05,0.12491589321239696,0.07328427272831013,1
4,art,124,shuffled8,ridge,6.19619209428018,0.3732446894919274,0.4590771815531411,0.45504694384506317,1
4,art,134,pca8,ridge,7.23153922375549,0.47590774789175744,0.5631484035828097,0.5321037046836656,1
4,art,134,random8,ridge,0.007990128043845773,0.0004156811718412561,0.30410900408643987,0.33100019172091805,1
4,art,134,shuffled8,ridge,6.166577391521264,0.42890071972036103,0.47424060436414694,0.489503177317771,1
4,art,135,pca8,ridge,7.227069739938193,0.24836333553704762,0.3601680127791533,0.3409086980892725,1
4,art,135,random8,ridge,0.007989176408187902,0.00023789701430175362,0.2689415779722309,0.22642737251330897,1
4,art,135,shuffled8,ridge,6.365983796272289,0.1758989155000933,0.3180828895394957,0.23229108679322769,1
4,art,142,pca8,ridge,7.224442368684373,0.6026233201128431,0.6680100264664601,0.6810258910366607,1
4,art,142,random8,ridge,0.007989240322533796,0.00024688934595207376,0.23525636873272232,0.21309368862141376,1
4,art,142,shuffled8,ridge,6.341465272062473,0.491376162519938,0.5409420721671724,0.520705139662455,1
4,art,143,pca8,ridge,7.236003557612015,0.6511651252330577,0.7639329622040089,0.748856704094252,1
4,art,143,random8,ridge,0.007989948347890644,0.0004711632952851874,0.41358961637146896,0.4570293448565926,1
4,art,143,shuffled8,ridge,6.640786375656213,0.6085094283628888,0.6679411302980881,0.6901641534008064,1
4,fashion,1,pca8,ridge,3.9077814025688307,0.23230817608030893,0.5954814380109917,0.5484134022300545,1
4,fashion,1,random8,ridge,7.909290795216177,0.22698527676481778,0.3514790168579009,0.32852444009451287,1
4,fashion,1,shuffled8,ridge,5.871665570029149,0.2357703911827129,0.3322054361294414,0.310636969510911,1
4,fashion,2,pca8,ridge,3.908698572620735,0.12159389626018596,0.2824334954215517,0.2779480156050586,1
4,fashion,2,random8,ridge,7.90297217899321,-0.006494173327364011,-0.06962267646458115,-0.014685617846771743,1
4,fashion,2,shuffled8,ridge,5.949554438565604,0.09617765743912911,0.19509322028677253,0.1960957620584185,1
4,fashion,12,pca8,ridge,3.925353284873153,0.17435064310464127,0.3378223690581757,0.3723287488959754,1
4,fashion,12,random8,ridge,7.901264292777619,0.09809001859874696,0.07299628596206248,0.13713217727843027,1
4,fashion,12,shuffled8,ridge,5.8614900786200455,0.18380349102366147,0.36306313183897193,0.37390703374624057,1
4,fashion,13,pca8,ridge,3.8922206474279144,0.16716939870142786,0.377127769127401,0.40623166707739655,1
4,fashion,13,random8,ridge,7.90626360984462,0.14242270899683948,0.3628227520283304,0.3114891181928784,1
4,fashion,13,shuffled8,ridge,6.037825210503459,0.061568839469504436,0.1568107064700888,0.12293068196848322,1
4,fashion,26,pca8,ridge,3.9352039175417746,0.04293230788816158,0.12092293072073902,0.11460581239456,1
4,fashion,26,random8,ridge,7.902779925221,0.11729938010721955,0.19061418899475754,0.18320636897280163,1
4,fashion,26,shuffled8,ridge,5.825668321943314,0.10240942322358003,0.22955632895919467,0.188879318296046,1
4,fashion,29,pca8,ridge,3.8807167209615856,0.16707003785482666,0.33759625180825653,0.34425092719559636,1
4,fashion,29,random8,ridge,7.901591871716972,0.11650441412183207,0.17863790473423058,0.17233255391050248,1
4,fashion,29,shuffled8,ridge,6.023658353948878,0.13865427425577104,0.17632883663543322,0.19903605974812896,1
4,fashion,34,pca8,ridge,3.915208363180392,0.18347409385805147,0.4186570812181609,0.40959736396260127,1
4,fashion,34,random8,ridge,7.898990038461593,0.034217708743966055,0.11115308846352574,0.06293680383206317,1
4,fashion,34,shuffled8,ridge,5.817742427246794,0.18106104180459792,0.31522703056344653,0.3070082437171784,1
4,fashion,38,pca8,ridge,3.8832447911555117,0.05056995571209513,0.14828369502819808,0.13486735785999346,1
4,fashion,38,random8,ridge,7.907001666127937,-0.03324860162184691,-0.08397321911866054,-0.04636777216493609,1
4,fashion,38,shuffled8,ridge,6.090786961993697,-0.012969913188696237,-0.021091864896001594,-0.03632107322780165,1
4,fashion,43,pca8,ridge,3.9334738975240855,0.23574207727402421,0.3740578201487181,0.4894866960782837,1
4,fashion,43,random8,ridge,7.901757252198919,0.15429532425182266,0.2435667974247193,0.2376497575738597,1
4,fashion,43,shuffled8,ridge,5.936592518718772,0.14538185992800826,0.29600988141549833,0.2826775331760493,1
4,fashion,48,pca8,ridge,3.9346455779413647,0.082589010377408,0.2080169907179963,0.21218526377770847,1
4,fashion,48,random8,ridge,7.910424710178668,0.1081742116425737,0.1439473636052801,0.19255227371288974,1
4,fashion,48,shuffled8,ridge,5.942881071119929,0.09052480696673168,0.15680068618515627,0.18719439246270125,1
4,fashion,49,pca8,ridge,3.95588155894532,0.02873102624148808,0.08983338165183916,0.07854465959129722,1
4,fashion,49,random8,ridge,7.90396523208933,-0.058319809476440596,-0.08060050631540013,-0.10666575169827176,1
4,fashion,49,shuffled8,ridge,5.895866379526173,0.009547249188156576,0.04277067115312565,0.01973231059920957,1
4,fashion,56,pca8,ridge,3.8652423870475587,-0.06920003960651784,-0.16566326695352893,-0.14354514454775524,1
4,fashion,56,random8,ridge,7.902724787587072,0.06473121520521605,0.04986772735482061,0.07856631556815771,1
4,fashion,56,shuffled8,ridge,6.116098202004124,-0.17659002690376122,-0.26068543588050913,-0.21846936493831487,1
4,fashion,61,pca8,ridge,3.851846789567415,0.1095464290208858,0.17979834989010599,0.22162903188677852,1
4,fashion,61,random8,ridge,7.906418143743956,0.15591712579246297,0.25200792931994814,0.2538604273876038,1
4,fashion,61,shuffled8,ridge,5.73922006071694,0.21688277245418794,0.38566821113360616,0.3475334903466396,1
4,fashion,72,pca8,ridge,3.9511532442128336,0.09895841833361001,0.22092674068251839,0.24905453596938326,1
4,fashion,72,random8,ridge,7.898016472051452,-0.04563263268208305,-0.12380908899255298,-0.09420624598009454,1
4,fashion,72,shuffled8,ridge,5.892052450408072,0.1094279024630461,0.30986554828159923,0.2896016310637021,1
4,fashion,77,pca8,ridge,3.847099149803188,0.08006845902694258,0.309549221476166,0.2755923600602849,1
4,fashion,77,random8,ridge,7.908702267891495,-0.019261586824657177,-0.0655081075385071,-0.044285630503780454,1
4,fashion,77,shuffled8,ridge,6.1225838495101375,0.06184188541412873,0.1555632711749649,0.15975493582574568,1
4,fashion,78,pca8,ridge,3.9173949162753963,0.1584009481578959,0.4064419566878561,0.43165483305588365,1
4,fashion,78,random8,ridge,7.9052678531178735,0.22571413562559497,0.24147786441211408,0.35129021247064524,1
4,fashion,78,shuffled8,ridge,5.828912793070685,0.19510834974374747,0.3199893851682348,0.3825481791738524,1
4,fashion,89,pca8,ridge,3.8892390718693757,0.22604393784303956,0.4883523479514349,0.5027479249063652,1
4,fashion,89,random8,ridge,7.908104986448837,0.17580659062521886,0.2961039294375293,0.30001055728945514,1
4,fashion,89,shuffled8,ridge,5.943636924243161,0.2544899366889226,0.35893922196410294,0.35949731506211996,1
4,fashion,90,pca8,ridge,3.924460826135694,0.11475901297300962,0.30160204986640016,0.3202650710742357,1
4,fashion,90,random8,ridge,7.90365262994238,-0.04628611725439633,-0.08795709562376647,-0.08645468110215955,1
4,fashion,90,shuffled8,ridge,5.845092358422503,0.08012867663851578,0.16917829824193928,0.20246678982219612,1
4,fashion,97,pca8,ridge,3.9011584295860495,0.08160036072609014,0.27415242957582575,0.29370328392080974,1
4,fashion,97,random8,ridge,7.906620556789572,0.012049667146642807,0.09016024841704982,0.02514044584089194,1
4,fashion,97,shuffled8,ridge,6.005132623710792,0.1521971397014936,0.29220487750548385,0.32231801801319276,1
4,fashion,103,pca8,ridge,3.9023240286324006,0.05131011592662964,0.16877915636050714,0.13991636756427372,1
4,fashion,103,random8,ridge,7.905215113201646,-0.002416198339401161,-0.03420457939831843,-0.007039965150142383,1
4,fashion,103,shuffled8,ridge,5.953506261513574,0.18004641107792183,0.27822383825454355,0.31330355474797217,1
4,fashion,108,pca8,ridge,3.873714267347759,0.0036662994284998277,-0.02288651127221125,0.012546320229417537,1
4,fashion,108,random8,ridge,7.905072561140955,-0.14468052431745612,-0.2876038841417791,-0.2961573227331014,1
4,fashion,108,shuffled8,ridge,5.876113540979058,-0.08230907609894636,-0.2630966542601624,-0.2792960646209268,1
4,fashion,114,pca8,ridge,3.9106390691045534,0.18888488230448044,0.23834530794409406,0.3508491050195678,1
4,fashion,114,random8,ridge,7.907334728845429,0.13846968737775397,0.12537770109336854,0.20590554408162212,1
4,fashion,114,shuffled8,ridge,6.015790513321229,0.18108806580725043,0.1665914708621459,0.2883361893875957,1
4,fashion,115,pca8,ridge,3.918317049328327,0.14629708434037317,0.11665149138421389,0.2993166095495182,1
4,fashion,115,random8,ridge,7.902709112833595,0.23322176497624045,0.2098773128072647,0.28549751954556624,1
4,fashion,115,shuffled8,ridge,5.8327134456844085,0.14133332909004617,0.11206172907630152,0.2687207856902141,1
4,fashion,124,pca8,ridge,3.9109995919767173,0.14614764119270587,0.30781919155032933,0.3544957312778435,1
4,fashion,124,random8,ridge,7.906441238600446,0.14305015352058736,0.2586847111946461,0.21802905761010347,1
4,fashion,124,shuffled8,ridge,6.037345950512986,0.04274297498759816,0.11950504967865341,0.07387618154757489,1
4,fashion,134,pca8,ridge,3.8948712251654953,0.16319822033615802,0.2936501505342478,0.2918420735108725,1
4,fashion,134,random8,ridge,7.902954954138113,0.0017518237311756127,0.07550860427483479,0.0023640569671806826,1
4,fashion,134,shuffled8,ridge,5.842898261944074,0.04617692675835286,0.05236401214006162,0.062140268282333815,1
4,fashion,135,pca8,ridge,3.9317336192126993,0.15157654684247457,0.22578629410079548,0.3051482900549318,1
4,fashion,135,random8,ridge,7.904669322438536,0.13868656453995912,0.08461981899921214,0.17909156541602544,1
4,fashion,135,shuffled8,ridge,5.859322719018471,0.1509330857988048,0.3281707705480977,0.31836602233296446,1
4,fashion,142,pca8,ridge,3.849092443253078,0.033009523528941966,0.0946085772300877,0.08460641235095923,1
4,fashion,142,random8,ridge,7.909099364924278,0.015250883038397858,-0.014356154078345746,0.02110478614189426,1
4,fashion,142,shuffled8,ridge,5.9392167585370395,0.08869828038340388,0.13503915956380344,0.14950194461096433,1
4,fashion,143,pca8,ridge,3.9173032964935683,0.21518790621661862,0.37314432235169376,0.44689871241542,1
4,fashion,143,random8,ridge,7.90081110791295,0.18299089953453285,0.29214975030170753,0.2591331028407702,1
4,fashion,143,shuffled8,ridge,5.869417671565093,0.07468696966954719,0.15919444321134674,0.14691664366373375,1
4,landscape,1,pca8,ridge,7.737469682695345,0.5356414449789327,0.6102989681530312,0.6214314382832915,1
4,landscape,1,random8,ridge,5.824427009678515,0.15538346066014228,0.28242589116894906,0.32436140144464115,1
4,landscape,1,shuffled8,ridge,4.237321472682642,0.27635570099610635,0.36764652837841066,0.41862065566030016,1
4,landscape,2,pca8,ridge,7.736200612266578,0.3206706872592858,0.4417515571155941,0.4621665953669588,1
4,landscape,2,random8,ridge,5.738583467401138,0.1126029736809664,0.23010191777564828,0.2446070035053543,1
4,landscape,2,shuffled8,ridge,3.9677937775585193,0.16073029055115448,0.28229980324186094,0.35577780643475654,1
4,landscape,12,pca8,ridge,7.730388718833103,0.6788805890891576,0.6660810229729343,0.6911865486248114,1
4,landscape,12,random8,ridge,5.81887539647207,0.45341667492424076,0.5269526178412051,0.5351520959361039,1
4,landscape,12,shuffled8,ridge,3.9362888576599695,0.3078009300553711,0.43791649200454735,0.43858418286068623,1
4,landscape,13,pca8,ridge,7.740443256917768,0.2699535550784167,0.39070336433841124,0.4157004080483946,1
4,landscape,13,random8,ridge,5.7763896595908095,0.03745815564716133,0.08375002204357705,0.1048456528594761,1
4,landscape,13,shuffled8,ridge,4.200205560456756,0.12781244381254264,0.29090572595683956,0.31509691236607923,1
4,landscape,26,pca8,ridge,7.730581167802937,0.14673645809741653,0.17029778797464573,0.22706841186809887,1
4,landscape,26,random8,ridge,5.725430215095605,0.044520208000324114,0.14894907625280976,0.09480746399444627,1
4,landscape,26,shuffled8,ridge,4.00216980569477,0.07182811169649946,0.24733023626127057,0.21077286212578553,1
4,landscape,29,pca8,ridge,7.7378611802471395,0.2651312179397213,0.36227050045246545,0.3684782615072001,1
4,landscape,29,random8,ridge,5.789088765797043,0.09007800250868861,0.17048621559107185,0.18250305000331088,1
4,landscape,29,shuffled8,ridge,4.196684771825927,0.04456745858788046,0.07609357923071991,0.07233310158813455,1
4,landscape,34,pca8,ridge,7.72829849896601,0.48962094190154853,0.6877022618663232,0.6613146231965006,1
4,landscape,34,random8,ridge,5.801059807609186,0.19479848533952493,0.3775119592451477,0.3802265817337329,1
4,landscape,34,shuffled8,ridge,4.018800996524515,0.11814498374932202,0.5580675620214754,0.5180954713641179,1
4,landscape,38,pca8,ridge,7.741092528687547,0.1315832481748394,0.38696703523870635,0.2859528616998197,1
4,landscape,38,random8,ridge,5.7568588621559815,0.05157743956451764,0.10386440461206657,0.15159406808351752,1
4,landscape,38,shuffled8,ridge,4.301186227331117,0.038002796598590835,0.15574508687612956,0.17786793820995386,1
4,landscape,43,pca8,ridge,7.728209558384129,0.44441615465445405,0.45065664323013876,0.49820412960591864,1
4,landscape,43,random8,ridge,5.719996036983297,0.05096374679868487,0.08158694989354058,0.10742085627001838,1
4,landscape,43,shuffled8,ridge,4.0337544513437775,0.00801148502384873,0.03095359432324631,0.020277173441245543,1
4,landscape,48,pca8,ridge,7.737149141496563,0.43686789380971364,0.4199671865936536,0.47295349441897705,1
4,landscape,48,random8,ridge,5.743125212893839,-0.00018190005528312953,-0.010660626655050031,-0.00028550524369348046,1
4,landscape,48,shuffled8,ridge,4.202589913632352,0.34856358780994934,0.4984355491363537,0.5978538463880941,1
4,landscape,49,pca8,ridge,7.72388183275857,0.37293391954043265,0.5024076839398656,0.5269667623015405,1
4,landscape,49,random8,ridge,5.7925367610804805,0.04100818712311212,0.12248988131735078,0.10067123500397186,1
4,landscape,49,shuffled8,ridge,4.113702505308266,0.038556666366729685,0.15087168308600524,0.1403689264549704,1
4,landscape,56,pca8,ridge,7.742614980170767,0.08934580042717141,0.17869366099405556,0.16497472756076612,1
4,landscape,56,random8,ridge,5.780713111647886,0.07501167163671751,0.24581463601384507,0.20841668619242498,1
4,landscape,56,shuffled8,ridge,4.195019113243197,-0.04664234809774698,-0.12576176079265264,-0.0834256075821352,1
4,landscape,61,pca8,ridge,7.74509363588777,0.3507479646726538,0.41377966172506103,0.42239188815647566,1
4,landscape,61,random8,ridge,5.7361262943898135,0.14874660608226278,0.23144215703468327,0.2088952680051305,1
4,landscape,61,shuffled8,ridge,4.169596878621154,0.2213477564627097,0.39852086464622566,0.413800528878342,1
4,landscape,72,pca8,ridge,7.7449240417484155,0.30450256317872254,0.4544024594846005,0.4505328154379633,1
4,landscape,72,random8,ridge,5.701857968781502,0.13651486277175154,0.18684472762812576,0.24716253343461547,1
4,landscape,72,shuffled8,ridge,3.946057111782886,0.2019395486478294,0.3772157515574901,0.40100187987423,1
4,landscape,77,pca8,ridge,7.737341435904175,0.22118704133468703,0.2484997300428061,0.28229681167892595,1
4,landscape,77,random8,ridge,5.8042603323281865,0.16038515003840798,0.3867564777587781,0.37941702296217583,1
4,landscape,77,shuffled8,ridge,4.207759052061056,0.10983171418625225,0.3779899322960934,0.36644745196912193,1
4,landscape,78,pca8,ridge,7.732949749462959,0.18247969833425676,0.21569554568238025,0.23390064231969346,1
4,landscape,78,random8,ridge,5.815196159068776,0.11857942566886052,0.149944304328677,0.1637548493608833,1
4,landscape,78,shuffled8,ridge,4.1340564097586885,0.11629542292429405,0.17340230143093316,0.20076442149873464,1
4,landscape,89,pca8,ridge,7.738011812306367,0.17858726700175484,0.2707340499640458,0.3284019547012559,1
4,landscape,89,random8,ridge,5.814454025013642,-0.012505108326395889,0.03123854422662067,-0.039168181909115855,1
4,landscape,89,shuffled8,ridge,4.308051541674357,-0.03591736785072188,-0.12801387634100161,-0.10071953461659484,1
4,landscape,90,pca8,ridge,7.739992144926687,0.31095269619831994,0.4628468847032644,0.3676494866843433,1
4,landscape,90,random8,ridge,5.795311593476513,0.11962152921920641,0.24592391262297886,0.21179044151240653,1
4,landscape,90,shuffled8,ridge,4.076395632341076,0.04494220652165706,0.14850919465295126,0.10160045229121165,1
4,landscape,97,pca8,ridge,7.740006728650659,0.45650399487984805,0.5240921932997447,0.5313991698889688,1
4,landscape,97,random8,ridge,5.787195415135168,0.28009607461165864,0.4252857313383164,0.45068302161153734,1
4,landscape,97,shuffled8,ridge,4.251508228924523,0.04628185253023615,0.05910169606478052,0.08121285339181492,1
4,landscape,103,pca8,ridge,7.74315294526593,0.36687967323657045,0.472071395781329,0.4712118812428647,1
4,landscape,103,random8,ridge,5.805832806302279,0.06002689248637468,0.08743717012159168,0.1209114336467977,1
4,landscape,103,shuffled8,ridge,4.14478738076116,-0.0451216089677463,-0.0469937571538861,-0.09858742270545279,1
4,landscape,108,pca8,ridge,7.7435352402621165,0.2936280666898522,0.3188984691845562,0.3181736453240616,1
4,landscape,108,random8,ridge,5.7769808433946235,0.022856227522013436,0.010495889327206253,0.03616603660453245,1
4,landscape,108,shuffled8,ridge,4.240329023970168,0.17833836040409015,0.27598303385135314,0.25999220330957384,1
4,landscape,114,pca8,ridge,7.738188777630424,0.1583835152756316,0.23860912885017016,0.22160578828867653,1
4,landscape,114,random8,ridge,5.708916551851403,0.06418386870815954,0.0941969998741842,0.13439834236243325,1
4,landscape,114,shuffled8,ridge,4.25243366815909,-0.00532701199753811,-0.028672988315328708,-0.015661087925990327,1
4,landscape,115,pca8,ridge,7.736978868520902,0.15067388476513494,0.15278397569618035,0.19000752796090892,1
4,landscape,115,random8,ridge,5.697982784738515,0.025939088075161394,0.09011525361250948,0.058748305629053275,1
4,landscape,115,shuffled8,ridge,4.052496451871993,0.1724374536259107,0.30994497799639686,0.36372406527304135,1
4,landscape,124,pca8,ridge,7.742560746298617,0.4187558784813361,0.5135255742574169,0.5190133927357283,1
4,landscape,124,random8,ridge,5.729829940068987,0.07617747705003337,0.15775227925763816,0.13700471978233456,1
4,landscape,124,shuffled8,ridge,4.242348690314459,0.22792084872657503,0.44895673817019754,0.43696678711963505,1
4,landscape,134,pca8,ridge,7.7300053746693616,0.27836910923230135,0.37639254851147336,0.36346298307987707,1
4,landscape,134,random8,ridge,5.819194781958479,0.016986639027486174,0.10321160804485124,0.03465403515653555,1
4,landscape,134,shuffled8,ridge,4.145579270802701,0.14073180012500733,0.2893496017941673,0.30711015034130346,1
4,landscape,135,pca8,ridge,7.722886966442183,0.34477803843409827,0.37957785073126876,0.44176568109822256,1
4,landscape,135,random8,ridge,5.6750467971874885,0.05802053499354874,0.03380705881877772,0.09167433579925247,1
4,landscape,135,shuffled8,ridge,4.103728371289807,0.20588875299850593,0.27325174998453566,0.37074257160290897,1
4,landscape,142,pca8,ridge,7.739515773823471,0.4044647081196971,0.4305533606911368,0.4648316140618914,1
4,landscape,142,random8,ridge,5.784201612010943,0.20378881378545882,0.39886654051338327,0.3769845628850627,1
4,landscape,142,shuffled8,ridge,4.299582835249858,0.14209438208656458,0.25165692451516786,0.24389441573596457,1
4,landscape,143,pca8,ridge,7.737847550418423,0.6047584725575016,0.7023334725655638,0.7114851828084451,1
4,landscape,143,random8,ridge,5.718796467799214,0.17287555231849777,0.24563929535755677,0.2860863600606379,1
4,landscape,143,shuffled8,ridge,4.129747652440792,0.18075473798918554,0.38082836838750417,0.4626939379085056,1
0,art,3,pca8,ridge,3.9223281420038663,0.07606408758290684,0.24543889186198656,0.2651914175381576,2
0,art,3,random8,ridge,1.8841844878627632,-0.00365164246263438,-0.040024665599050505,-0.018489537433041853,2
0,art,3,shuffled8,ridge,7.817204072879005,0.15386704523616937,0.26895399527391345,0.3052755617260756,2
0,art,14,pca8,ridge,3.9059796691168858,0.31422647842533225,0.6203406906743825,0.566411851902436,2
0,art,14,random8,ridge,1.8570724607328222,0.018728497534788426,0.09864653788768706,0.08811766384250201,2
0,art,14,shuffled8,ridge,7.806720824429131,0.4274108325309904,0.5506523257919932,0.48939628494000187,2
0,art,15,pca8,ridge,3.9236636755207064,0.06192813810254453,0.24411821063638114,0.21016769745285174,2
0,art,15,random8,ridge,1.8615172443908763,-0.044715825575817436,-0.27406875899377053,-0.3004168721540187,2
0,art,15,shuffled8,ridge,7.837048282480106,0.20723167956223887,0.4725176937660472,0.38474087189824846,2
0,art,19,pca8,ridge,3.922662732229295,0.16573063938531943,0.37047040132907766,0.3640583564755045,2
0,art,19,random8,ridge,1.8804156332466337,0.04198830102423187,0.2840256449667118,0.29885132177684043,2
0,art,19,shuffled8,ridge,7.808443576795907,0.2032200859098605,0.3117099148923396,0.28944005339684276,2
0,art,21,pca8,ridge,3.930568981776702,0.2651688162192138,0.5475619910540025,0.5403328732520769,2
0,art,21,random8,ridge,1.8696625730571568,0.03238264374460492,0.20324221602362672,0.23622161893217838,2
0,art,21,shuffled8,ridge,7.806287524277443,0.2997848814376148,0.4640722413387784,0.4248236227022101,2
0,art,22,pca8,ridge,3.904708348765315,0.31058649383846815,0.4792337725156543,0.49821267805776875,2
0,art,22,random8,ridge,1.874092634154769,0.05812294644179357,0.285845928928112,0.29972076642431583,2
0,art,22,shuffled8,ridge,7.843576882483662,0.39092330621555416,0.41657260567346727,0.4189555755565333,2
0,art,30,pca8,ridge,3.949440140566911,0.24868321969202756,0.3852877902897201,0.43575368896199845,2
0,art,30,random8,ridge,1.8763901680902013,0.061809621197147044,0.37000683441762106,0.36037024831247527,2
0,art,30,shuffled8,ridge,7.806967625293743,0.06666945796751389,0.11497806602792957,0.14053648238164304,2
0,art,50,pca8,ridge,3.9488665443387263,0.2035867336531967,0.3946550102701555,0.4096100298692771,2
0,art,50,random8,ridge,1.8703515256385577,0.029670117372065506,0.24532466585365922,0.24887062192839174,2
0,art,50,shuffled8,ridge,7.826700157791676,0.25012098766081436,0.40280795263879127,0.3409046242994131,2
0,art,57,pca8,ridge,3.9442852804149684,0.2567874821895431,0.43716054224971107,0.4430272444761927,2
0,art,57,random8,ridge,1.8657159128248633,0.026171880964954458,0.2071048068908006,0.16215677661428154,2
0,art,57,shuffled8,ridge,7.799370945682785,0.27682161307304526,0.2811488737343454,0.30821218177207527,2
0,art,62,pca8,ridge,3.9352908729485843,0.326280932483586,0.5463754372284758,0.5329734789648507,2
0,art,62,random8,ridge,1.8675691995877648,-0.007100711016624976,-0.03297347711611231,-0.04539152152120094,2
0,art,62,shuffled8,ridge,7.826041472296032,0.3938114360996581,0.46192396449526874,0.45524911108583654,2
0,art,63,pca8,ridge,3.926279978873478,0.05885955143039452,0.27248872704373417,0.2776578746318184,2
0,art,63,random8,ridge,1.8557642425110306,0.0337227809780658,0.09620193486003988,0.16551849301814076,2
0,art,63,shuffled8,ridge,7.843817058387869,0.06289858369955462,0.07618072052912626,0.10245505707582486,2
0,art,79,pca8,ridge,3.9142908262308764,0.24919003312373358,0.4962094324985222,0.508413841728364,2
0,art,79,random8,ridge,1.870126880429748,0.013745240864726473,0.21572555127266216,0.11707456815881101,2
0,art,79,shuffled8,ridge,7.80808192045043,0.35344899131852797,0.43211190183056103,0.4704866902977588,2
0,art,80,pca8,ridge,3.90631091977869,0.5690726584984159,0.7926229837228668,0.8434856404794996,2
0,art,80,random8,ridge,1.8507506575872832,0.038966458852845796,0.3748427771045911,0.35347568847421534,2
0,art,80,shuffled8,ridge,7.819843993841716,0.6980463188976482,0.7280694569711716,0.7547198254535002,2
0,art,85,pca8,ridge,3.946335444538963,0.22303557397286203,0.45106421637578364,0.49162016420035665,2
0,art,85,random8,ridge,1.8769077234593452,0.05504936242690033,0.26994739943534957,0.2549957158428159,2
0,art,85,shuffled8,ridge,7.8172110388938725,0.19932309282716598,0.16460083335299266,0.2283333915111757,2
0,art,86,pca8,ridge,3.9376239635036536,0.1899356227040897,0.42909817069584,0.4543184127170092,2
0,art,86,random8,ridge,1.8678134156753103,0.02237495980077429,0.28090014808518937,0.26652838376469024,2
0,art,86,shuffled8,ridge,7.827128941565289,0.3114093378335266,0.4284072708235293,0.4879549259498758,2
0,art,98,pca8,ridge,3.9307038387764757,0.25434164405679716,0.32270182874040143,0.3788475832519016,2
0,art,98,random8,ridge,1.8680291393114454,0.04481082034010418,0.16438225123709163,0.17747873774204287,2
0,art,98,shuffled8,ridge,7.791424288243444,0.2964347417421311,0.30224646614268236,0.3300097083325765,2
0,art,99,pca8,ridge,3.963511242309465,0.4020233531348794,0.6340832735125119,0.6591665710918971,2
0,art,99,random8,ridge,1.8467950590953597,0.041146287872070565,0.13936910378513725,0.12562643984873403,2
0,art,99,shuffled8,ridge,7.836073032200515,0.4918165253215667,0.5528129665649572,0.5627886798847316,2
0,art,105,pca8,ridge,3.940742673914485,0.058506901640606346,0.17068116487444446,0.18092607110841713,2
0,art,105,random8,ridge,1.8804295073861061,0.022347389950743705,0.10827198202661269,0.1285287677801709,2
0,art,105,shuffled8,ridge,7.8013607723054355,0.11309663926080103,0.14951371909962252,0.1811416544663044,2
0,art,109,pca8,ridge,3.9605572887387015,0.21317102798714543,0.38625171042523604,0.41503254554053254,2
0,art,109,random8,ridge,1.864947982387068,0.04744494494369514,0.2205633947998366,0.1830276645264363,2
0,art,109,shuffled8,ridge,7.80272648226044,0.26008997999855443,0.40432403816072876,0.38604188016395324,2
0,art,110,pca8,ridge,3.8833129056279887,0.2809245613728539,0.5485168610817039,0.5140655478980092,2
0,art,110,random8,ridge,1.8531432056005188,-0.015482295762804976,-0.10647619787907911,-0.1433855879386451,2
0,art,110,shuffled8,ridge,7.851889234559883,0.29076835499344666,0.3717417063017657,0.3641658018773102,2
0,art,116,pca8,ridge,3.9286088802530457,0.35828030233690644,0.6277154782235768,0.6343117134694096,2
0,art,116,random8,ridge,1.8737447814809574,0.0691718517460214,0.4694185172670913,0.40035924200881223,2
0,art,116,shuffled8,ridge,7.81389369684877,0.4181954463744643,0.5548175437773931,0.5207073630128489,2
0,art,117,pca8,ridge,3.8971115550596727,0.355606969692798,0.6270244051098078,0.609568412445691,2
0,art,117,random8,ridge,1.8554440132119019,-0.04324056452808844,-0.2888985189702091,-0.3059893570223986,2
0,art,117,shuffled8,ridge,7.818133805153887,0.46661332898687813,0.6396618784726958,0.5806627808335392,2
0,art,126,pca8,ridge,3.9302405618624077,0.20107058552665164,0.4036900709025019,0.39928471041716074,2
0,art,126,random8,ridge,1.8623372411732122,0.07842262339195084,0.3433261207956026,0.3591518406675591,2
0,art,126,shuffled8,ridge,7.835074346925616,0.38449367787900074,0.41078012703251293,0.41960557051084496,2
0,art,127,pca8,ridge,3.9270761640533993,0.3588396445617081,0.618193939353996,0.600041386566244,2
0,art,127,random8,ridge,1.8578180219324627,-0.0032010507139213088,-0.019677390830366123,-0.03580436551776407,2
0,art,127,shuffled8,ridge,7.850853844879599,0.2804825754012271,0.3568919289507551,0.36108499995407284,2
0,art,136,pca8,ridge,3.952479980916513,0.19387414032225062,0.41294713957059276,0.44276842155551416,2
0,art,136,random8,ridge,1.8789184992999854,0.06093936127687889,0.2736678520223238,0.2846770383902097,2
0,art,136,shuffled8,ridge,7.796609686865577,0.2818119633112929,0.41730626231065304,0.38562086474652374,2
0,art,144,pca8,ridge,3.925120101723718,0.24124691434156156,0.5697505593353128,0.5847240684606146,2
0,art,144,random8,ridge,1.8813529153459752,0.05248433898312113,0.4078396215314342,0.4031413123034253,2
0,art,144,shuffled8,ridge,7.799174265892249,0.3401401604971985,0.46123459723773397,0.4875561252913528,2
0,fashion,3,pca8,ridge,1.9066432624258842,0.07391558203792378,0.4777384507795794,0.481635070047906,2
0,fashion,3,random8,ridge,0.7189592956180884,0.015711300898107367,0.3282036401124179,0.3468825977276184,2
0,fashion,3,shuffled8,ridge,5.9758091135213,0.17129762322766717,0.33989688574444255,0.3485504054555292,2
0,fashion,14,pca8,ridge,1.906962360005596,0.13695402244917218,0.5686677671425782,0.520408806537624,2
0,fashion,14,random8,ridge,0.7167637068843032,-0.0005345978885039202,0.002357172091782707,-0.010992906204209936,2
0,fashion,14,shuffled8,ridge,5.819753107439037,0.15258375444280428,0.3068252339470491,0.28761450462650917,2
0,fashion,15,pca8,ridge,1.8949858054057964,-0.028828388206429578,-0.1844787023225071,-0.1459617847266496,2
0,fashion,15,random8,ridge,0.7184577120976332,-0.005444152731061281,-0.14725788925479422,-0.09552920559826315,2
0,fashion,15,shuffled8,ridge,6.037307547205431,0.008594552146867553,-0.011377541112401319,0.02249081911012055,2
0,fashion,19,pca8,ridge,1.9113673919620355,0.03814621361940417,0.18070076049256636,0.17427242342174315,2
0,fashion,19,random8,ridge,0.7183936693699615,0.0035822925617661084,0.03544773282753804,0.05263257783873592,2
0,fashion,19,shuffled8,ridge,5.854299293466718,0.12647941088084946,0.21578678176063976,0.19266876431414434,2
0,fashion,21,pca8,ridge,1.9054708819078334,0.03387220011064782,0.24164557573064208,0.24854050010199571,2
0,fashion,21,random8,ridge,0.7191662005156368,0.0014372197522703617,0.07042733275528228,0.032868795402031706,2
0,fashion,21,shuffled8,ridge,5.964812719871709,0.05056724825036248,0.17440111382441492,0.14985763361582993,2
0,fashion,22,pca8,ridge,1.8985554627033783,0.07417550249209498,0.41846728013772805,0.4105729998494433,2
0,fashion,22,random8,ridge,0.7193660512265421,-0.002321592815429656,-0.07647043588820117,-0.06023854720945631,2
0,fashion,22,shuffled8,ridge,5.99668716478619,0.06232597726745589,0.09957240313549715,0.14676261449741548,2
0,fashion,30,pca8,ridge,1.9035352979850628,0.10494538006260973,0.3836712635772225,0.3780626090916075,2
0,fashion,30,random8,ridge,0.7176677678871076,0.023096588352011803,0.20426735491965436,0.2871499893849212,2
0,fashion,30,shuffled8,ridge,5.938689444936056,0.2990803506321164,0.44213262025733735,0.4348794118185172,2
0,fashion,50,pca8,ridge,1.9055397156875478,0.023275525757008576,0.32949127145363666,0.3513065908625512,2
0,fashion,50,random8,ridge,0.7174992062860419,0.0029665461559313998,0.07089779900689228,0.06503435671521882,2
0,fashion,50,shuffled8,ridge,5.8545131101268835,0.09347770306841956,0.16828254768027545,0.2438449125446224,2
0,fashion,57,pca8,ridge,1.9052516856290207,0.039126390767374855,0.295155005863981,0.18647597433285562,2
0,fashion,57,random8,ridge,0.7197396516529281,-0.0031916357341156224,0.012388457748750517,-0.0556500634358503,2
0,fashion,57,shuffled8,ridge,5.814304339617711,0.10944719727940844,0.14938415302035,0.16977358409756801,2
0,fashion,62,pca8,ridge,1.9108466604174303,0.05142092638569137,0.1502919217645633,0.23229896227055039,2
0,fashion,62,random8,ridge,0.7189345615426347,0.017756194780630518,0.2645078438694734,0.3103126349514819,2
0,fashion,62,shuffled8,ridge,5.825599987181825,-0.015206644739389204,-0.05804821344413327,-0.036938317435881274,2
0,fashion,63,pca8,ridge,1.8998023299213276,0.04434870172201504,0.2785361013084509,0.2994971100892476,2
0,fashion,63,random8,ridge,0.7204097560033089,0.016956720814749946,0.3964032698736193,0.4417495016716857,2
0,fashion,63,shuffled8,ridge,6.023426279375765,0.04349453104604953,0.08874998243233231,0.09908820613625849,2
0,fashion,79,pca8,ridge,1.9124273652380024,0.12859805144842926,0.4657246325097826,0.5652433880829182,2
0,fashion,79,random8,ridge,0.7200375183153136,-0.0024411884220070586,-0.034733395758622,-0.0738343373348021,2
0,fashion,79,shuffled8,ridge,5.946301656388738,0.3490941924661687,0.43083754915930833,0.45427149027170394,2
0,fashion,80,pca8,ridge,1.9034297956787214,0.08011248374662899,0.3602211667928693,0.3765342278101897,2
0,fashion,80,random8,ridge,0.7217944561784919,-0.003389766194128698,-0.03106198274218794,-0.07288694191735881,2
0,fashion,80,shuffled8,ridge,5.925913516205585,0.0830718234632834,0.058993308956029396,0.13990146849106064,2
0,fashion,85,pca8,ridge,1.9106055757796552,0.05836746195004259,0.41128236385680844,0.4247423528589174,2
0,fashion,85,random8,ridge,0.718553027581003,0.007192310320575463,0.16048124753480247,0.10033666617262138,2
0,fashion,85,shuffled8,ridge,5.761653265902275,0.010877316516960887,0.0534937491782675,0.04757618836830784,2
0,fashion,86,pca8,ridge,1.8985430092524547,0.047974680173426446,0.18772554824431076,0.22488768218556324,2
0,fashion,86,random8,ridge,0.720848966501027,-0.0040647806414603116,-0.017411644666583195,-0.05487539759909353,2
0,fashion,86,shuffled8,ridge,5.844559158996788,0.023379827979493416,0.09486344335586706,0.047840142438954555,2
0,fashion,98,pca8,ridge,1.9099871678183868,0.042431281229165035,0.3074229299078849,0.3234340147330878,2
0,fashion,98,random8,ridge,0.717994431776241,-0.0004475385888234146,-0.04687672011209166,-0.013260518602059155,2
0,fashion,98,shuffled8,ridge,6.005540084170812,0.06312552099814137,0.17125955651422808,0.1889460316326506,2
0,fashion,99,pca8,ridge,1.9036278539687066,0.1612881194232627,0.5509530455127861,0.5679079992274015,2
0,fashion,99,random8,ridge,0.7193674577325874,-0.0023232543908544186,0.025230376884144125,-0.02532765993536421,2
0,fashion,99,shuffled8,ridge,6.184249156551732,0.17356688854337773,0.1534398842740571,0.3145479832027992,2
0,fashion,105,pca8,ridge,1.906002033783388,0.028104756564331614,0.09516045830449453,0.11844288133783196,2
0,fashion,105,random8,ridge,0.7201483600394332,0.0035310813657790483,0.04515911129715503,0.04300424557443301,2
0,fashion,105,shuffled8,ridge,6.007788541458852,0.051359475847019206,0.1656360410864183,0.10067419438747402,2
0,fashion,109,pca8,ridge,1.896039784018376,0.058828448959780164,0.23147963395482762,0.2855269213069854,2
0,fashion,109,random8,ridge,0.7210687470157714,-0.011587845434473358,-0.23928345699095793,-0.2790744234708762,2
0,fashion,109,shuffled8,ridge,5.919954499356584,0.09481349699156527,0.11878026751097108,0.1341517640683535,2
0,fashion,110,pca8,ridge,1.8797320301406,0.08478898729283282,0.29125811500867477,0.35719349826979796,2
0,fashion,110,random8,ridge,0.7187573852121195,0.012180267098432477,0.12062053347588625,0.14820601299778458,2
0,fashion,110,shuffled8,ridge,5.779744811752936,-0.0023808308628076777,-0.06600651396919872,-0.005283450428281405,2
0,fashion,116,pca8,ridge,1.9142309190269238,0.037360627073820464,0.2713642365048957,0.22744625679863004,2
0,fashion,116,random8,ridge,0.7196915638239547,0.0033129112969753475,0.07529239234753358,0.05785226100825645,2
0,fashion,116,shuffled8,ridge,5.782176421460395,0.030945868163334066,0.13188734146857686,0.13369624992348164,2
0,fashion,117,pca8,ridge,1.896533304586057,0.1562402224115437,0.5536207522479972,0.5426088554547297,2
0,fashion,117,random8,ridge,0.7183724295286119,0.005017485900433759,0.14766570768085482,0.1792809908587357,2
0,fashion,117,shuffled8,ridge,5.925202247346135,0.16204790034407707,0.1591753901379398,0.22613526092391864,2
0,fashion,126,pca8,ridge,1.9101629724538574,0.03999792399979368,0.11641263964977765,0.18637847242558575,2
0,fashion,126,random8,ridge,0.7193755852072219,0.015497639845242614,0.16545984134443878,0.21925221586847346,2
0,fashion,126,shuffled8,ridge,5.805426917043847,-0.0012056408987822286,-0.07540759045970671,-0.002671628479763903,2
0,fashion,127,pca8,ridge,1.8952102472419243,0.11664064770793403,0.4567530023921376,0.4437710494959818,2
0,fashion,127,random8,ridge,0.7215440131903359,0.0015568810551987394,0.06278020402851708,0.02778608684281536,2
0,fashion,127,shuffled8,ridge,5.753378415422674,0.11679843276107357,0.2516120540172649,0.25006313721339873,2
0,fashion,136,pca8,ridge,1.903917483083002,0.07473935154644298,0.36645782149822165,0.397985489252879,2
0,fashion,136,random8,ridge,0.7172153839886525,0.014046033552440263,0.31141556236555706,0.30518032878932205,2
0,fashion,136,shuffled8,ridge,5.868781480048387,0.16959803470927387,0.34869908905078445,0.3868593460066915,2
0,fashion,144,pca8,ridge,1.907057267895522,0.06983816528330798,0.38773001961088194,0.3170375746210165,2
0,fashion,144,random8,ridge,0.719342211447223,-0.0015049147029074256,-0.15646046673709704,-0.031535389449237075,2
0,fashion,144,shuffled8,ridge,5.847248196877438,0.1873455048181523,0.47480455211957406,0.4449999517567216,2
0,landscape,3,pca8,ridge,7.736469396030069,0.38493139726533837,0.45725631856780247,0.47626379277782505,2
0,landscape,3,random8,ridge,0.0007999055445942687,3.725623737424937e-05,0.35069777092826715,0.36529026169276385,2
0,landscape,3,shuffled8,ridge,6.715042863142219,0.18061176635963158,0.339569198023214,0.30701269637736306,2
0,landscape,14,pca8,ridge,7.736244176500215,0.2082703093964829,0.3099561855382752,0.31124922049010695,2
0,landscape,14,random8,ridge,0.0007999007609855414,6.031692887543388e-06,0.037771727711524976,0.06654354298553426,2
0,landscape,14,shuffled8,ridge,6.6115592929302975,0.12305091884221572,0.30886566321589515,0.23277186748202483,2
0,landscape,15,pca8,ridge,7.7383356896383395,-0.09307594348702765,-0.18883777133177734,-0.23209814166474793,2
0,landscape,15,random8,ridge,0.0007998991598677685,-5.426115383305313e-06,-0.06161232369723243,-0.09785052688211968,2
0,landscape,15,shuffled8,ridge,6.586439735623794,-0.09704136340903877,-0.2744548964694899,-0.28508393171457835,2
0,landscape,19,pca8,ridge,7.740835089782732,0.6059823818756289,0.6553222762479448,0.6791927010948291,2
0,landscape,19,random8,ridge,0.0007999040204239849,2.409640304047679e-05,0.33774950208618254,0.3641463284682519,2
0,landscape,19,shuffled8,ridge,6.54220403302811,0.36508788083000043,0.5318327694672783,0.5318881465856813,2
0,landscape,21,pca8,ridge,7.744509274264734,0.29561289820908504,0.3605313050293812,0.33512142151487906,2
0,landscape,21,random8,ridge,0.0007999048691936346,4.315805593148037e-07,0.03513483371271931,0.00610342508627281,2
0,landscape,21,shuffled8,ridge,6.628818558101718,0.13774816051000557,0.1975835321997951,0.2035897320998797,2
0,landscape,22,pca8,ridge,7.734151395353706,0.25391922914733644,0.33710762704571745,0.32253841452532855,2
0,landscape,22,random8,ridge,0.0007999061970923675,1.9512083546785452e-05,0.1408677041876986,0.17461896421186482,2
0,landscape,22,shuffled8,ridge,6.822584409866936,0.20500731205738038,0.36377013022588045,0.34641893207232377,2
0,landscape,30,pca8,ridge,7.740336773250498,0.4502838499225638,0.5057745719154364,0.5029202205761707,2
0,landscape,30,random8,ridge,0.0007999080034470632,1.9853201764903777e-05,0.363791283292345,0.35449706615406684,2
0,landscape,30,shuffled8,ridge,6.59880493305955,0.2967798538234175,0.3621806965373152,0.4408940753334517,2
0,landscape,50,pca8,ridge,7.721586191621528,0.37485488723938465,0.4012307934033022,0.3794616028995789,2
0,landscape,50,random8,ridge,0.0007999040175644465,3.539463015454509e-06,-0.015532592113156836,0.02853147587504261,2
0,landscape,50,shuffled8,ridge,6.57830684458474,0.3137870203790413,0.44365314175536497,0.4041358486210397,2
0,landscape,57,pca8,ridge,7.738612542668255,0.23381259135766397,0.21649942520801546,0.2942155246486109,2
0,landscape,57,random8,ridge,0.0007999019704766173,-3.38464783247624e-06,-0.057790683222856715,-0.03857491338290232,2
0,landscape,57,shuffled8,ridge,6.652186339545409,0.10145861030476186,0.15056844985208842,0.1451713871559821,2
0,landscape,62,pca8,ridge,7.742378721802378,0.2903846820202517,0.3013264629348809,0.320556703520194,2
0,landscape,62,random8,ridge,0.0007998985115851947,1.3935932301559197e-05,0.09712504221414918,0.17485849527098407,2
0,landscape,62,shuffled8,ridge,6.587377737489282,0.018273709532111784,0.044781013315949934,0.023239588337360593,2
0,landscape,63,pca8,ridge,7.7372623716325055,0.09157254471373735,0.2693350693495538,0.27620475243706505,2
0,landscape,63,random8,ridge,0.0007999016849267205,-3.82579910690211e-07,-0.059272318600141656,-0.018527562824373497,2
0,landscape,63,shuffled8,ridge,6.7179681264344575,-0.014458790834766175,-0.15797338967797125,-0.040550413279314745,2
0,landscape,79,pca8,ridge,7.738520376433993,0.13592684405585787,0.13910002909787728,0.16278718069612313,2
0,landscape,79,random8,ridge,0.0007999043270618972,-3.644393677292619e-07,-0.051543622621881086,-0.003543622653972716,2
0,landscape,79,shuffled8,ridge,6.6082443089513365,0.009337349767612382,0.0191790223709325,0.01318892743511713,2
0,landscape,80,pca8,ridge,7.739760011266868,0.5967760225274832,0.7126506542435304,0.6977885727721874,2
0,landscape,80,random8,ridge,0.0007998984168410879,-8.234505575171249e-07,0.1035996909162685,-0.012952865041311608,2
0,landscape,80,shuffled8,ridge,6.789524360051001,0.34218693529236294,0.40648964494290835,0.44019429272243626,2
0,landscape,85,pca8,ridge,7.733682522913547,0.4772162336467359,0.5110178218207098,0.59013411238191,2
0,landscape,85,random8,ridge,0.0007999059523220827,-8.40112834743779e-06,-0.06745192724250025,-0.09766719169626749,2
0,landscape,85,shuffled8,ridge,6.693532927872105,0.13544801746157126,0.20179999805733784,0.18327675822862363,2
0,landscape,86,pca8,ridge,7.734647613367811,0.4099695283985987,0.5929975410408154,0.5506579058890156,2
0,landscape,86,random8,ridge,0.0007999018369552115,8.281146065878943e-06,0.3307664407346527,0.2380550145338184,2
0,landscape,86,shuffled8,ridge,6.727237069448862,0.11718450113602408,0.22280402805966054,0.24937549023777386,2
0,landscape,98,pca8,ridge,7.7379128773091574,0.43739789825463515,0.5766768072525228,0.580519128172551,2
0,landscape,98,random8,ridge,0.0007999052396935151,2.4767437578331695e-05,0.2693422227421964,0.32708791273238824,2
0,landscape,98,shuffled8,ridge,6.645268496832192,0.062171242552795304,0.11948893053499961,0.11574784680304923,2
0,landscape,99,pca8,ridge,7.737298262813814,0.5284093653916271,0.6186504835413411,0.6025312665715695,2
0,landscape,99,random8,ridge,0.0007999031256050848,2.1844889052951416e-05,0.29656502553831005,0.30580686132751006,2
0,landscape,99,shuffled8,ridge,6.6585541631158955,0.17931931602737258,0.31264974255151545,0.3453162446635447,2
0,landscape,105,pca8,ridge,7.737739772393392,0.13826010649182593,0.22143657212032253,0.2883636495286583,2
0,landscape,105,random8,ridge,0.0007998994888955288,1.750403161216933e-05,0.17517670491725268,0.23116781812858728,2
0,landscape,105,shuffled8,ridge,6.673106519661778,0.10636139384219226,0.25768348105432964,0.24814487634092658,2
0,landscape,109,pca8,ridge,7.741979220232935,0.20651133837596825,0.24644663377631618,0.2733617446808367,2
0,landscape,109,random8,ridge,0.0007999049994099315,5.907917296362061e-06,0.13982787731989568,0.16434353239153562,2
0,landscape,109,shuffled8,ridge,6.514499916880708,0.2179802154256678,0.4445527728220398,0.4423259220562497,2
0,landscape,110,pca8,ridge,7.745893407323327,0.5838437999864611,0.6539875795868726,0.6417602130987485,2
0,landscape,110,random8,ridge,0.0007999047583743101,1.3212281174485938e-05,0.14497782913171775,0.19760988191750664,2
0,landscape,110,shuffled8,ridge,6.533730462106438,0.4716625010270545,0.6245082504099332,0.6528456715419892,2
0,landscape,116,pca8,ridge,7.739995621262149,0.3315057064202245,0.4208996262766066,0.4959896566068392,2
0,landscape,116,random8,ridge,0.0007999039529657618,2.009532498119264e-05,0.3140777143800985,0.3236732603210138,2
0,landscape,116,shuffled8,ridge,6.566602093069579,-6.948514885255932e-05,0.026515358292298875,-0.00016143843789549186,2
0,landscape,117,pca8,ridge,7.719569131315435,0.5284994164238024,0.6043102381013007,0.5869441636500734,2
0,landscape,117,random8,ridge,0.0007999025906802054,1.2516113174383068e-05,0.18680331508442005,0.1928921662459797,2
0,landscape,117,shuffled8,ridge,6.6473227153730745,0.34403400919981975,0.43113115183178957,0.39711461149562916,2
0,landscape,126,pca8,ridge,7.736111607441027,0.28753803638684433,0.30394039878650586,0.2904916103264368,2
0,landscape,126,random8,ridge,0.0007999024980879327,1.2979080092896007e-05,0.07098689190433578,0.11042016531768421,2
0,landscape,126,shuffled8,ridge,6.529077769216091,0.18638031701179755,0.17322183845084438,0.22134238197522524,2
0,landscape,127,pca8,ridge,7.733746896411321,0.26238621228803405,0.21288822895883444,0.29514201417941494,2
0,landscape,127,random8,ridge,0.0007998971702589203,1.9317071093841933e-06,0.07410759014961951,0.02895500831405813,2
0,landscape,127,shuffled8,ridge,6.661218479194887,0.22153427820143226,0.3175969744077031,0.29400594986105844,2
0,landscape,136,pca8,ridge,7.740463067702105,0.3002295135340364,0.3046438260891681,0.3924902345195439,2
0,landscape,136,random8,ridge,0.0007999015803411629,1.3043640527935672e-05,0.1940368351148457,0.17083915528409718,2
0,landscape,136,shuffled8,ridge,6.636879191952487,0.105938073018424,0.16391216684135138,0.16514352597459675,2
0,landscape,144,pca8,ridge,7.7282892160510235,0.3549089513570005,0.342996881603675,0.39139559721468625,2
0,landscape,144,random8,ridge,0.0007999036692325851,7.585555123303626e-07,-0.013771260564761785,0.013546326673550615,2
0,landscape,144,shuffled8,ridge,6.628312666397106,0.29449751385234324,0.3416094784870759,0.348788361802586,2
1,art,5,pca8,ridge,0.025214231657715237,0.0008572252568004666,0.30145450821453756,0.3017130360509367,2
1,art,5,random8,ridge,0.24387833616741994,0.00034096766265767284,0.07266246766713585,0.018785548885962858,2
1,art,5,shuffled8,ridge,7.9473852666819225,0.047098710961463015,0.11239895456614743,0.07632353783447195,2
1,art,6,pca8,ridge,0.02521441971137104,0.0033694758138592914,0.6308066124126699,0.6033186782292481,2
1,art,6,random8,ridge,0.2429492837125583,0.014288072793118485,0.4206873281895262,0.3177896419991298,2
1,art,6,shuffled8,ridge,7.908168417917919,0.5427756360675076,0.6100639398362988,0.6277905729975137,2
1,art,16,pca8,ridge,0.025214839973485892,0.0011389767701141453,0.3880331383426799,0.38152781790117607,2
1,art,16,random8,ridge,0.24339709445868446,0.0014850374964667686,0.01677137826232968,0.051105775769207294,2
1,art,16,shuffled8,ridge,7.92909291067611,0.12896784972440106,0.20666823387795202,0.21687910441993197,2
1,art,17,pca8,ridge,0.025215245885863744,0.0013808116315283808,0.31664024003952385,0.36619006901863976,2
1,art,17,random8,ridge,0.24342425973153167,0.0005390316456292298,0.004468020133911717,0.02964796594917641,2
1,art,17,shuffled8,ridge,7.934694840700707,0.23305576066805292,0.27215643518980936,0.29235952342593974,2
1,art,23,pca8,ridge,0.025214334850560276,0.001223869266267274,0.413813403519975,0.4633556240244799,2
1,art,23,random8,ridge,0.243441898047955,0.005129537244389404,0.14587808373373048,0.16675684424964995,2
1,art,23,shuffled8,ridge,7.932191569043157,0.10417847116946131,0.19598061046818988,0.1915677739665254,2
1,art,35,pca8,ridge,0.025210949885264355,0.0003688079538343688,0.1366621301784292,0.13844820775805794,2
1,art,35,random8,ridge,0.24316876056279707,0.001883726941436471,0.06306681064679609,0.08483260539106943,2
1,art,35,shuffled8,ridge,7.938738957967362,0.002855143233272753,-0.015532156671690275,0.0038834826501467426,2
1,art,39,pca8,ridge,0.02521099597455642,0.004084602796498119,0.6639752240132145,0.6530494828576556,2
1,art,39,random8,ridge,0.24261228941065902,0.05223830461089826,0.5523710887334892,0.5899080900160367,2
1,art,39,shuffled8,ridge,7.924893401259491,0.5319807313418243,0.5171850602927233,0.5805447852888719,2
1,art,44,pca8,ridge,0.02521406718957469,0.0019265248938695634,0.5517189820069336,0.532793450773786,2
1,art,44,random8,ridge,0.24333213129474304,0.02078351345537757,0.44644857862046505,0.4582883598776539,2
1,art,44,shuffled8,ridge,7.9292970519637915,0.4240135825725395,0.5146441868979159,0.5342685370829445,2
1,art,51,pca8,ridge,0.025209556444381893,0.001763967410983993,0.5549970630651432,0.5247146414293614,2
1,art,51,random8,ridge,0.243602349921107,0.0048525324499527666,0.32406915538070935,0.2600448916273846,2
1,art,51,shuffled8,ridge,7.936022570811511,0.4717681682356879,0.646773603835466,0.6244657354578282,2
1,art,64,pca8,ridge,0.025211448059524667,0.000682439893733495,0.34018130218332276,0.357729675142993,2
1,art,64,random8,ridge,0.24349781446930369,0.0017974493953925423,0.08964404523355889,0.09203520842481197,2
1,art,64,shuffled8,ridge,7.924935428098183,-0.06848109881671013,-0.0892969720495794,-0.11110398054277204,2
1,art,69,pca8,ridge,0.025210231625477017,0.0004808304466345244,0.14790448683089313,0.11911334793060757,2
1,art,69,random8,ridge,0.2433842680226554,0.004886322843945405,0.16427137844897569,0.14990800085963302,2
1,art,69,shuffled8,ridge,7.922529014126404,0.12041411728282878,0.2144765674614988,0.16248939930406506,2
1,art,81,pca8,ridge,0.02521132920800364,0.001088619083167155,0.412961518243274,0.3812148079916755,2
1,art,81,random8,ridge,0.24412556238486333,0.006700793536422491,0.10764619560895924,0.19165431340127725,2
1,art,81,shuffled8,ridge,7.927643096916761,0.17708168287022719,0.18566263416901874,0.22933478400356438,2
1,art,92,pca8,ridge,0.025210992721723915,0.0026126848667521706,0.5998060070472787,0.6108929650838686,2
1,art,92,random8,ridge,0.242626756519167,0.00979907861114829,0.35241978817669417,0.3371867714791373,2
1,art,92,shuffled8,ridge,7.923723067881238,0.28933288994074324,0.41149196390144865,0.40034866992848506,2
1,art,100,pca8,ridge,0.02521165172888958,0.0021765390678675873,0.552235315617345,0.5472628609493169,2
1,art,100,random8,ridge,0.24401209548245967,0.011803379515073424,0.2329968232603775,0.28696065202474885,2
1,art,100,shuffled8,ridge,7.940629149621028,0.41854707805742253,0.3598959901364908,0.4370713136771,2
1,art,101,pca8,ridge,0.025213717529832237,0.0016462855411262616,0.4717819191992989,0.4571359132338127,2
1,art,101,random8,ridge,0.24382640186690063,0.015569465207539688,0.4635077482852371,0.37891519328691525,2
1,art,101,shuffled8,ridge,7.9396211424309495,0.27711471384110486,0.4291262554808438,0.34225097494768003,2
1,art,106,pca8,ridge,0.02521160913032315,0.0009890050214949248,0.27375891327304275,0.2643376335975464,2
1,art,106,random8,ridge,0.24344729261821854,0.009235523697892328,0.3061809982077014,0.29712807790996815,2
1,art,106,shuffled8,ridge,7.921386244885661,-0.018141582368565935,-0.059864411937496545,-0.027438087814532018,2
1,art,111,pca8,ridge,0.0252124195260318,0.002302367471866581,0.5440567061747068,0.5817484870069384,2
1,art,111,random8,ridge,0.24307971858926766,0.026672200665775955,0.4654204347865754,0.452265067840362,2
1,art,111,shuffled8,ridge,7.939155039396628,0.3564214175499324,0.45459441494590647,0.46017898466903007,2
1,art,118,pca8,ridge,0.025210752734373156,0.0023824272643700652,0.6793844634767773,0.6764481083960867,2
1,art,118,random8,ridge,0.24393906132538823,0.029281617288204897,0.46111233334927154,0.5071192749550566,2
1,art,118,shuffled8,ridge,7.927991959168362,0.35294960371048073,0.39682670598295144,0.38849065885981976,2
1,art,119,pca8,ridge,0.025214693906909794,0.0024823827587853596,0.4936495966172262,0.474254384980341,2
1,art,119,random8,ridge,0.2428341694375437,0.03859206059225375,0.582152512345414,0.528714852713615,2
1,art,119,shuffled8,ridge,7.9307618176501595,0.44244629457660356,0.5567816765033335,0.5080277832305475,2
1,art,128,pca8,ridge,0.02521105409978787,0.002111104237730738,0.6752927078803973,0.6253993764239438,2
1,art,128,random8,ridge,0.24415075675544423,0.007330881525755511,0.36619926782674456,0.3576127022492002,2
1,art,128,shuffled8,ridge,7.939219334164101,0.1887290861733408,0.34789933179761506,0.2993563720625251,2
1,art,129,pca8,ridge,0.025212727934739606,0.000584948197221002,0.21491604323394778,0.24050517972760177,2
1,art,129,random8,ridge,0.24309878659170064,0.01675219926624692,0.3473882249144573,0.37268959233685156,2
1,art,129,shuffled8,ridge,7.928328013236933,0.0975637218376729,0.22118840032109313,0.17219633523855324,2
1,art,137,pca8,ridge,0.025212018144216315,0.0026168353531367356,0.536662872376155,0.5637146831054831,2
1,art,137,random8,ridge,0.24340614031550037,0.010754018479332368,0.31597626062203343,0.29810171675015024,2
1,art,137,shuffled8,ridge,7.927935200598464,0.13276898734855236,0.21270817353927263,0.16931160829565658,2
1,fashion,5,pca8,ridge,7.228744520039244,0.10098053270487356,0.1425325197919772,0.17275698115088456,2
1,fashion,5,random8,ridge,0.0007999050497759194,1.465003254451258e-05,0.35176876468315754,0.3348050561930124,2
1,fashion,5,shuffled8,ridge,4.537376787228126,0.060197543851105165,0.12769761132991442,0.156986601689713,2
1,fashion,6,pca8,ridge,7.255394458555811,0.28663140976771273,0.4656247333660147,0.4563683766557065,2
1,fashion,6,random8,ridge,0.0007998984128212556,1.5638653508567368e-05,0.22839315005917118,0.3184699162540645,2
1,fashion,6,shuffled8,ridge,4.4191439083848225,0.11972092225294532,0.32978404055377686,0.32634356922868585,2
1,fashion,16,pca8,ridge,7.226638933137019,0.06227060460177762,0.08391828952504252,0.09838049580376738,2
1,fashion,16,random8,ridge,0.0007999042122848702,6.208805501624225e-06,0.09519526734952467,0.1155562298588394,2
1,fashion,16,shuffled8,ridge,4.569105432110087,0.10537710409677113,0.23247172467612126,0.20990512774239536,2
1,fashion,17,pca8,ridge,7.243641682917006,0.18323938441094753,0.16141182928621137,0.18730347060968575,2
1,fashion,17,random8,ridge,0.0007998956026540471,3.0828110414119092e-06,0.05831550858260437,0.03516443485568249,2
1,fashion,17,shuffled8,ridge,4.313718706887357,-0.010376261948843352,-0.026170604486300243,-0.01649282575248917,2
1,fashion,23,pca8,ridge,7.231727793669039,0.3905384876944357,0.4458425446484552,0.4595528227056661,2
1,fashion,23,random8,ridge,0.000799899002660807,1.4607810368498397e-05,0.16284617106865504,0.22203689000232502,2
1,fashion,23,shuffled8,ridge,4.519262564452831,0.28486994251795733,0.48617199300878206,0.4941417119177182,2
1,fashion,35,pca8,ridge,7.232682714780255,0.060871164355868965,0.05842017507908359,0.10344061056830241,2
1,fashion,35,random8,ridge,0.000799897596277641,4.986045830685764e-06,0.068303481934801,0.040516989311446275,2
1,fashion,35,shuffled8,ridge,4.2926025968461685,-0.12153748574121542,-0.2096709915150104,-0.19537034708983522,2
1,fashion,39,pca8,ridge,7.227490725167293,0.2328947099106328,0.32886703143839713,0.3194377227648073,2
1,fashion,39,random8,ridge,0.0007998991638342092,-2.968595509708057e-06,-0.03874913721012626,-0.03164482668676775,2
1,fashion,39,shuffled8,ridge,4.386119290561754,0.16873842646794798,0.285161609236278,0.26946369272968107,2
1,fashion,44,pca8,ridge,7.239776479917692,0.1488573005566601,0.23197279881019256,0.17819528724573558,2
1,fashion,44,random8,ridge,0.0007999030250815101,8.73537775514242e-06,0.08926354174480317,0.18161297004726715,2
1,fashion,44,shuffled8,ridge,4.429908271176977,0.015369396797460683,0.11348272822851051,0.03716841892522791,2
1,fashion,51,pca8,ridge,7.213550535139117,0.18482238617734104,0.23635919219923554,0.2709892906631505,2
1,fashion,51,random8,ridge,0.0007998941932277867,2.0186646219667173e-05,0.1775645971371859,0.17838108565753633,2
1,fashion,51,shuffled8,ridge,4.3514665849022025,0.14444118994285676,0.3834194806012995,0.3707859015287008,2
1,fashion,64,pca8,ridge,7.230878936409851,0.07232021950091486,0.2230028479420563,0.20864781330335147,2
1,fashion,64,random8,ridge,0.0007999003897747075,8.629096363478622e-06,0.15602301955397077,0.15440169680157134,2
1,fashion,64,shuffled8,ridge,4.366045905744567,0.03275884914893286,0.1823805938791275,0.16197110876507642,2
1,fashion,69,pca8,ridge,7.252366308307143,0.1967921824473147,0.32133183992561487,0.2751612282335029,2
1,fashion,69,random8,ridge,0.0007999019075261793,1.2341351773363788e-06,-0.050144638121595704,0.021512115979310763,2
1,fashion,69,shuffled8,ridge,4.367217161582329,0.05495770066805925,0.2170851467590161,0.2121643555562576,2
1,fashion,81,pca8,ridge,7.222846209229926,0.23651408895392492,0.31017850795041496,0.3526929922154438,2
1,fashion,81,random8,ridge,0.0007999025077068408,2.2605929307686774e-05,0.29675417421434847,0.2648493044689514,2
1,fashion,81,shuffled8,ridge,4.581048808257016,0.11563514676715277,0.19345228900144637,0.23671751544051894,2
1,fashion,92,pca8,ridge,7.236225818259385,0.2770638201679431,0.2619213466699006,0.3586685834058903,2
1,fashion,92,random8,ridge,0.0007999035283346681,1.2338658626097435e-05,0.18093250921276027,0.19297443762297575,2
1,fashion,92,shuffled8,ridge,4.410328640178766,0.1336128241826355,0.12616811579925516,0.18120505845808837,2
1,fashion,100,pca8,ridge,7.217911259195797,0.3321792086876057,0.4313496734248301,0.4364589398278688,2
1,fashion,100,random8,ridge,0.0007999001994347412,3.2133017392580146e-05,0.2544998483640577,0.2708870791194379,2
1,fashion,100,shuffled8,ridge,4.571981988774476,0.15805955768386531,0.24923886958650612,0.2508404062141599,2
1,fashion,101,pca8,ridge,7.243665894181426,0.1517694209604623,0.22037097728595922,0.22614309265279617,2
1,fashion,101,random8,ridge,0.0007998929769048842,5.940019564747509e-06,0.1029724431110464,0.12625459943056425,2
1,fashion,101,shuffled8,ridge,4.317641187883185,0.0505256049616617,0.11496102223653538,0.09399114394875954,2
1,fashion,106,pca8,ridge,7.24331821314437,0.0753405680460324,0.1191928320193967,0.11287271496589711,2
1,fashion,106,random8,ridge,0.0007999019962294172,-2.8303087797465706e-06,-0.06466792505161956,-0.033515129262666074,2
1,fashion,106,shuffled8,ridge,4.43348470527779,0.07710944114197006,0.1404189527899742,0.16571407567524216,2
1,fashion,111,pca8,ridge,7.230083740016654,0.43689396247382045,0.5584954286048115,0.5673160085552406,2
1,fashion,111,random8,ridge,0.0007999002199291637,5.490796310380653e-06,0.06585845671465461,0.09069843101976864,2
1,fashion,111,shuffled8,ridge,4.426230364911703,0.04590957755573082,0.19492335175276967,0.1912467405035948,2
1,fashion,118,pca8,ridge,7.2096879975992945,0.1804225689525693,0.24682302609672666,0.27343793523683696,2
1,fashion,118,random8,ridge,0.0007999021394608665,6.05179312238151e-06,0.02993596541414114,0.07465628661360715,2
1,fashion,118,shuffled8,ridge,4.558563598927118,0.16956587488009786,0.31462501398835757,0.32720943034867606,2
1,fashion,119,pca8,ridge,7.232527287716677,0.30532985969035,0.49753460516752396,0.4712058205401158,2
1,fashion,119,random8,ridge,0.0007998946599198339,5.885808803222217e-07,0.08556577034955057,0.009673806213865644,2
1,fashion,119,shuffled8,ridge,4.43813004186295,0.14237208145903496,0.5014506587304325,0.4741478163196827,2
1,fashion,128,pca8,ridge,7.242327140180863,0.3206381575846496,0.3866923853820157,0.4012795476174861,2
1,fashion,128,random8,ridge,0.0007999008896888209,2.5143296313847285e-05,0.16891831054539205,0.191529961703795,2
1,fashion,128,shuffled8,ridge,4.534983779445816,0.3384154811265861,0.5828571798590563,0.5416624636284916,2
1,fashion,129,pca8,ridge,7.225675226333357,-0.1487962125868376,-0.2309804108204039,-0.2835159458587025,2
1,fashion,129,random8,ridge,0.0007998952467055613,-8.246686662077341e-07,0.013307513380599401,-0.013429692426300023,2
1,fashion,129,shuffled8,ridge,4.551716050978995,-0.07888636828320164,-0.1644428439174069,-0.15837883887643606,2
1,fashion,137,pca8,ridge,7.224808646411234,0.153142383306997,0.3486001343246393,0.26344824418111334,2
1,fashion,137,random8,ridge,0.0007998938801381535,2.1338696406943625e-05,0.2538422553705323,0.2634849194026289,2
1,fashion,137,shuffled8,ridge,4.43603019848421,0.03962217555925118,0.1498807390872012,0.16803726186191262,2
1,landscape,5,pca8,ridge,7.239800548053814,0.4290242185887392,0.5862478916685601,0.5794737533619089,2
1,landscape,5,random8,ridge,7.970951686079633,0.021484286252503287,0.05234723112603072,0.050783899141822325,2
1,landscape,5,shuffled8,ridge,5.6843638743594775,0.18455444616051364,0.391140154851421,0.41138553687002766,2
1,landscape,6,pca8,ridge,7.228912032696639,0.4531405961336944,0.5213016628721622,0.5260130511770938,2
1,landscape,6,random8,ridge,7.970384942883713,0.04812702939077741,0.09446504878469354,0.08292856207875858,2
1,landscape,6,shuffled8,ridge,5.500878137873255,0.2302917516804562,0.3423436947376647,0.36755401757666206,2
1,landscape,16,pca8,ridge,7.235854267278356,0.31432296330703213,0.41339527166225515,0.3779472688702521,2
1,landscape,16,random8,ridge,7.97026332764855,-0.022865042609701,0.01918091268778234,-0.06766175235184356,2
1,landscape,16,shuffled8,ridge,5.606070028348489,0.07223984892215125,0.10463653903590722,0.12478634249347245,2
1,landscape,17,pca8,ridge,7.228966328707313,0.11970754785017275,0.15233310293663133,0.16581317265628392,2
1,landscape,17,random8,ridge,7.969530634152831,-0.015888972199831188,0.03269224928454793,-0.03366049524228624,2
1,landscape,17,shuffled8,ridge,5.668547395230341,0.06384457811448567,0.12203686540746557,0.13321241299576847,2
1,landscape,23,pca8,ridge,7.2283947835124005,0.49344631690631996,0.6210311798790906,0.6000889757815061,2
1,landscape,23,random8,ridge,7.97074455364828,-0.05140020613555955,-0.15926751429978714,-0.1914421205748808,2
1,landscape,23,shuffled8,ridge,5.530665291039499,0.1875751676976336,0.36060661257285753,0.3837273242401068,2
1,landscape,35,pca8,ridge,7.242770661427262,0.0895600939547464,0.1753714359300884,0.16518255569573834,2
1,landscape,35,random8,ridge,7.971459962836409,0.047416661686459555,0.025579205413278138,0.11417698719095573,2
1,landscape,35,shuffled8,ridge,5.513524706359798,-0.02705725403929056,0.07209602472499893,-0.0611152999007014,2
1,landscape,39,pca8,ridge,7.217544477928757,0.6583716720707516,0.7151050722940336,0.7297362126126655,2
1,landscape,39,random8,ridge,7.970501428381009,0.08007987935974842,0.13922837798870197,0.15297333238092162,2
1,landscape,39,shuffled8,ridge,5.57864118698315,0.3596828932738477,0.4484817382011601,0.46087588537303886,2
1,landscape,44,pca8,ridge,7.226302366960371,0.21986958667981268,0.30140326131857,0.31340937576822786,2
1,landscape,44,random8,ridge,7.97135072536367,0.07220743928455375,0.1129442513961972,0.14159240996818712,2
1,landscape,44,shuffled8,ridge,5.538643222048859,0.017787095704085883,0.03278863930662268,0.03146276063432472,2
1,landscape,51,pca8,ridge,7.220026365080113,0.4293041983966334,0.5927780514093098,0.6090082713662026,2
1,landscape,51,random8,ridge,7.970661445615837,0.177236543343093,0.23814281592490252,0.2813411975222075,2
1,landscape,51,shuffled8,ridge,5.5545511969003165,0.2970405446401859,0.32655832400327356,0.3486123518147864,2
1,landscape,64,pca8,ridge,7.242351048807723,0.2029730798230737,0.2908877742379175,0.2640550503372398,2
1,landscape,64,random8,ridge,7.97094934384477,0.07030514249033545,0.011509059500328541,0.0922438032055779,2
1,landscape,64,shuffled8,ridge,5.678375068494304,-0.030260797692312966,-0.03477415402674375,-0.042624354405529113,2
1,landscape,69,pca8,ridge,7.226293396155318,0.1783953138917,0.2514774334159571,0.27650938888176874,2
1,landscape,69,random8,ridge,7.9698713615755965,0.02108805107578075,-0.018320553611707886,0.03491778864220505,2
1,landscape,69,shuffled8,ridge,5.493888844474096,0.06569402552237567,0.13654379459775653,0.1255483272466694,2
1,landscape,81,pca8,ridge,7.240896192554689,0.3690268731647076,0.42875787011510064,0.4952063007199615,2
1,landscape,81,random8,ridge,7.970111059321529,0.007525244759446088,-0.0158372986277178,0.016371194433016403,2
1,landscape,81,shuffled8,ridge,5.642283072459361,0.19900192648652837,0.2856193787116442,0.31131915210929906,2
1,landscape,92,pca8,ridge,7.2126741457116665,0.3194339673729187,0.39818232670729004,0.4613518915286841,2
1,landscape,92,random8,ridge,7.970004307250575,0.09718435674015405,0.14374921428293788,0.17590385431979574,2
1,landscape,92,shuffled8,ridge,5.507085755260238,0.13936987830395653,0.2413468392686434,0.2687670710870608,2
1,landscape,100,pca8,ridge,7.243103130799879,0.46464292798167406,0.5498660262787132,0.553900178043518,2
1,landscape,100,random8,ridge,7.969134194041179,0.2678061453249596,0.3070959305710997,0.3275391756271806,2
1,landscape,100,shuffled8,ridge,5.7508549089908545,0.34200077490925257,0.5255940109497892,0.5187482822162941,2
1,landscape,101,pca8,ridge,7.228062171937605,0.3976844360517078,0.40023803947749254,0.46705145848172264,2
1,landscape,101,random8,ridge,7.96872004646919,-0.13964200138241922,-0.22108386942566255,-0.245867533768526,2
1,landscape,101,shuffled8,ridge,5.6464892803345705,-0.015605693832082993,-0.02398887042963511,-0.028703249966977734,2
1,landscape,106,pca8,ridge,7.225681892311499,0.2612968599194125,0.3902547824430728,0.32825997043828187,2
1,landscape,106,random8,ridge,7.969090861170526,-0.12443308317696743,-0.20032484836975087,-0.2069807645787607,2
1,landscape,106,shuffled8,ridge,5.590359481714575,0.154624291414447,0.2848206517221513,0.26004477057383957,2
1,landscape,111,pca8,ridge,7.237694552824171,0.30113373475296606,0.37696133730787434,0.4026227474752218,2
1,landscape,111,random8,ridge,7.969694055021122,-0.051492909370917134,-0.10526374680176806,-0.06442254974808241,2
1,landscape,111,shuffled8,ridge,5.550182879113459,0.1960863172736782,0.39531728754492884,0.3452117355221092,2
1,landscape,118,pca8,ridge,7.2301315521824785,0.4445904169757001,0.48195537900551694,0.5177271251454304,2
1,landscape,118,random8,ridge,7.969566499619729,0.1311706159668748,0.1112779206691457,0.15558531554540803,2
1,landscape,118,shuffled8,ridge,5.749136426085941,0.09649621297240175,0.12676223088306263,0.11709155503413197,2
1,landscape,119,pca8,ridge,7.220891249773164,0.6484597175139439,0.678271718748275,0.6865956455034098,2
1,landscape,119,random8,ridge,7.968391107316281,0.012687036698385034,-0.01686919330023385,0.02065739248036339,2
1,landscape,119,shuffled8,ridge,5.6162254862330245,0.25054157849387043,0.3448423520632373,0.35373033999326425,2
1,landscape,128,pca8,ridge,7.24467425662522,0.26511572508961784,0.48778062100279374,0.5058247151478205,2
1,landscape,128,random8,ridge,7.968748372004939,-0.013777244573116005,-0.08409315736532,-0.039630691084446557,2
1,landscape,128,shuffled8,ridge,5.661578052270393,0.07660065155647969,0.182596526238418,0.19152314851608973,2
1,landscape,129,pca8,ridge,7.237657523544172,0.45915390962424973,0.5332536511589592,0.5770286899903224,2
1,landscape,129,random8,ridge,7.970489411608453,0.023259448470382384,0.060163482824322656,0.04465521528947545,2
1,landscape,129,shuffled8,ridge,5.5331772357364555,0.22689391021073405,0.3360787931279216,0.36373151446437063,2
1,landscape,137,pca8,ridge,7.221882167957503,0.3588732955386664,0.4256929892853837,0.4244436813318753,2
1,landscape,137,random8,ridge,7.969825190658418,-0.036657547028587964,-0.12303093392222776,-0.07025922787048003,2
1,landscape,137,shuffled8,ridge,5.58656167135426,0.15476057762088805,0.25192048374551396,0.2854809293502455,2
2,art,7,pca8,ridge,7.732417931968183,0.4788128469717149,0.5117739210609621,0.5045895352401851,2
2,art,7,random8,ridge,0.0007999010696347794,3.907265336098233e-05,0.26404380676771855,0.2661985488938174,2
2,art,7,shuffled8,ridge,5.830300035069968,0.1046649696952547,0.05712271650636841,0.15314800387369357,2
2,art,8,pca8,ridge,7.743111319777795,0.5290416212662565,0.6234538634349522,0.5900088699052815,2
2,art,8,random8,ridge,0.0007998924636319387,0.00015048199469730664,0.5739902827324692,0.5541655778138017,2
2,art,8,shuffled8,ridge,6.137005273862448,0.5062484616899905,0.6597803425960231,0.6640226309825995,2
2,art,40,pca8,ridge,7.739209074271103,0.13522273411068886,0.13494805893919712,0.1499588646084508,2
2,art,40,random8,ridge,0.0007998973162083635,1.0292599228322995e-05,0.09475288691222264,0.09826000993953841,2
2,art,40,shuffled8,ridge,6.107212609896086,0.13376335315325416,0.2606203089490924,0.21694135009453178,2
2,art,41,pca8,ridge,7.741287467887321,0.5800433896270857,0.6115061704325876,0.6227565003160839,2
2,art,41,random8,ridge,0.0007998854106005491,0.00011241442287446657,0.4781556121912838,0.4650474726217841,2
2,art,41,shuffled8,ridge,6.212326605359717,0.6307628227446447,0.6785218776742058,0.683498290475964,2
2,art,45,pca8,ridge,7.730274709657728,-0.09487841928247297,-0.15549791920033207,-0.13657485691567134,2
2,art,45,random8,ridge,0.0007998922442206182,-3.0028606346347265e-05,-0.39284237830408225,-0.37497324209246063,2
2,art,45,shuffled8,ridge,6.139739082462154,-0.03804001329434003,-0.19694651996015036,-0.09929043968630831,2
2,art,46,pca8,ridge,7.746673662293505,0.16567004201127095,0.24512277495875598,0.22881337684640435,2
2,art,46,random8,ridge,0.000799897018388403,1.672134477970167e-05,0.14417491016765005,0.1459321740736444,2
2,art,46,shuffled8,ridge,6.1305061099071985,0.07001162681968977,0.14732794171276267,0.11293899442824999,2
2,art,52,pca8,ridge,7.742186070992795,0.48348324247912056,0.6707258547835726,0.6744871538617341,2
2,art,52,random8,ridge,0.0007998968336536229,3.614149372521091e-05,0.33449890807204297,0.285210684098021,2
2,art,52,shuffled8,ridge,6.072183293819178,0.2609619911344186,0.46869345156131426,0.3904031558232835,2
2,art,58,pca8,ridge,7.738895882364165,0.46299217013546956,0.5320915179995345,0.5213346702769265,2
2,art,58,random8,ridge,0.0007998896045182696,0.00011320346353844223,0.5179004466907612,0.5228118498610138,2
2,art,58,shuffled8,ridge,6.11531689657287,0.37040186532849684,0.44748523472958257,0.4617912147678367,2
2,art,65,pca8,ridge,7.736444453368197,0.4562039715212934,0.5384964768517525,0.5296517137949281,2
2,art,65,random8,ridge,0.0007998980241031311,8.79266493735624e-05,0.5885674605101097,0.5795124311897969,2
2,art,65,shuffled8,ridge,5.954133952085277,0.4605927660089622,0.5919088019122374,0.5635794508218114,2
2,art,66,pca8,ridge,7.743900738543777,0.5129761426203747,0.6309518516111351,0.6054587370110838,2
2,art,66,random8,ridge,0.0007998943918581377,7.367741982811381e-05,0.4294459710222462,0.43882841265563016,2
2,art,66,shuffled8,ridge,6.15457912360222,0.2648175897772693,0.4249506894960149,0.4005205593241774,2
2,art,74,pca8,ridge,7.735575069792299,0.36666200646188996,0.42380825544297007,0.4714489842136335,2
2,art,74,random8,ridge,0.0007998982057134445,5.7034731535537587e-05,0.44690325591650776,0.4236760785028445,2
2,art,74,shuffled8,ridge,6.11065105047705,0.33374499064534124,0.4137604305616258,0.43631498613703323,2
2,art,83,pca8,ridge,7.738695777627949,0.10321602338123513,0.23896577715510164,0.19489429175338097,2
2,art,83,random8,ridge,0.0007998867778570628,4.272956853323307e-05,0.3368918246831049,0.38323281049232233,2
2,art,83,shuffled8,ridge,6.205748545482182,0.18187843538481752,0.3696683081502532,0.3600169643353598,2
2,art,87,pca8,ridge,7.737074986528191,0.6802303284958999,0.6599162400348183,0.7142867040107277,2
2,art,87,random8,ridge,0.000799899857582758,0.00011816621169013197,0.5945915943952242,0.612899395714211,2
2,art,87,shuffled8,ridge,6.071662778212944,0.6813489873644617,0.7338723703835479,0.7313523466558982,2
2,art,93,pca8,ridge,7.745691825874525,0.47302748350299806,0.601498284411986,0.5868721021396663,2
2,art,93,random8,ridge,0.0007998974502631869,3.205325398803387e-05,0.29777483520093173,0.24497249032527674,2
2,art,93,shuffled8,ridge,5.9452474416515315,0.24527931821845764,0.5038623552871635,0.46399969852769907,2
2,art,94,pca8,ridge,7.737945874583212,0.6324141746454205,0.6852338045352592,0.7005593472351075,2
2,art,94,random8,ridge,0.0007998879354346245,0.00016537445034414412,0.6281675060263896,0.6342397845457133,2
2,art,94,shuffled8,ridge,6.118630170146788,0.5166877081109972,0.5735844679475134,0.6157318433933824,2
2,art,102,pca8,ridge,7.740585447924256,0.19673434391807304,0.24027171680380546,0.24032070604040914,2
2,art,102,random8,ridge,0.0007998990795587822,2.0863423824718e-06,0.08176188379666685,0.04670408377443376,2
2,art,102,shuffled8,ridge,6.0964876433921695,-0.02429407279514253,-0.06503222087045148,-0.040511881234053096,2
2,art,112,pca8,ridge,7.736567474007299,0.5072807537059225,0.6319062314958844,0.6129117577772044,2
2,art,112,random8,ridge,0.0007998982344192245,3.782893060573797e-05,0.32392669595609225,0.3122582792425753,2
2,art,112,shuffled8,ridge,6.007842940160147,0.3607550236536888,0.4529203389287287,0.49353232852811874,2
2,art,113,pca8,ridge,7.73184066610753,0.2707214784658801,0.40590958502319296,0.4051641344636239,2
2,art,113,random8,ridge,0.0007998865235984993,5.872078693898165e-06,0.11942577926702784,0.07427067598022571,2
2,art,113,shuffled8,ridge,6.100132282788828,0.1437198478632152,0.3180907110039623,0.2969523134992531,2
2,art,120,pca8,ridge,7.742635892867974,0.36918347398818063,0.45006400628646714,0.4444952506987255,2
2,art,120,random8,ridge,0.0007998946210766013,3.295976732428142e-05,0.2308824866855126,0.2559067859234026,2
2,art,120,shuffled8,ridge,6.06209688933356,0.4280634436382051,0.5059299001965696,0.4784619750677865,2
2,art,121,pca8,ridge,7.743437920350167,0.4276571185919139,0.41219497439381525,0.45499195294469735,2
2,art,121,random8,ridge,0.0007998964401548346,6.0517020641437246e-05,0.34069068440844746,0.33209339674071314,2
2,art,121,shuffled8,ridge,6.212262147721116,0.3133659728731257,0.38694882611622794,0.394152997696302,2
2,art,131,pca8,ridge,7.739746905931614,0.3082096291776811,0.3325510646399424,0.3806646991580737,2
2,art,131,random8,ridge,0.000799889809537349,2.009532822345236e-05,0.0850484160599499,0.14395908015125727,2
2,art,131,shuffled8,ridge,6.123136237523088,0.3539730698779821,0.5003453186752699,0.5211280860136378,2
2,art,138,pca8,ridge,7.743197474957233,0.57237308494696,0.6709956709956709,0.6210673046383123,2
2,art,138,random8,ridge,0.0007999019445323182,7.326420847229956e-05,0.4551056786350903,0.43058350285491187,2
2,art,138,shuffled8,ridge,6.04510404880135,0.5226793698816,0.7022663610898905,0.6773358097270432,2
2,art,139,pca8,ridge,7.733691064374182,0.4249027514680585,0.4578343508716775,0.48358651319471907,2
2,art,139,random8,ridge,0.0007998900046348597,7.93377817733823e-06,0.042353405748389715,0.066098035831761,2
2,art,139,shuffled8,ridge,6.113738477207531,0.17208377914783374,0.29016059783257137,0.2651613556035033,2
2,fashion,7,pca8,ridge,7.252029590350253,0.15834217601223544,0.18110804100907021,0.25108099304575504,2
2,fashion,7,random8,ridge,7.990937537173613,0.017642457589231247,-0.005616138483541419,0.03151481332493215,2
2,fashion,7,shuffled8,ridge,7.974908708130413,0.2670212842463403,0.369273530377989,0.383563218069903,2
2,fashion,8,pca8,ridge,7.2109172636949,0.05937599727646103,0.17630227906496845,0.17590968914300453,2
2,fashion,8,random8,ridge,7.990549461156003,0.09235603438410808,0.15936150141179828,0.2050891481946687,2
2,fashion,8,shuffled8,ridge,7.9697511936224315,0.08835025935870777,0.2398794417110227,0.2305416542800846,2
2,fashion,40,pca8,ridge,7.233755015318277,0.06204892121463487,0.06131780041677649,0.0853563271150248,2
2,fashion,40,random8,ridge,7.990493639343771,-0.02387367144078172,-0.08265440088700439,-0.06628041108567809,2
2,fashion,40,shuffled8,ridge,7.9753704810286665,0.05304583076873695,0.0752763240888882,0.07199572276171014,2
2,fashion,41,pca8,ridge,7.222290437826442,0.2678759479500673,0.374605198928368,0.3657787229584736,2
2,fashion,41,random8,ridge,7.9901496394302685,-0.027876313519361873,-0.026120513415585436,-0.06546801626083115,2
2,fashion,41,shuffled8,ridge,7.969214352189675,0.20280860439939222,0.3006782980861234,0.28240678241255013,2
2,fashion,45,pca8,ridge,7.2407531406508605,0.07374443434215264,0.12979516221078874,0.12065007978270437,2
2,fashion,45,random8,ridge,7.990795143464477,0.015696750105521042,0.04564388865831861,0.033738700603378885,2
2,fashion,45,shuffled8,ridge,7.974093553518118,0.04675565469891477,0.024482172635406505,0.09406190765758435,2
2,fashion,46,pca8,ridge,7.217705298374057,0.02204508764690147,0.05511582162379436,0.04655489532455237,2
2,fashion,46,random8,ridge,7.989925644664076,0.004796137878295058,0.050050029195136785,0.00989305562941192,2
2,fashion,46,shuffled8,ridge,7.9691480498439295,0.025957692090193826,0.11058624871759472,0.042714927112090226,2
2,fashion,52,pca8,ridge,7.225734315766475,0.1942240133438116,0.3471180078676611,0.33662152033138965,2
2,fashion,52,random8,ridge,7.990933497833529,0.014917825692501208,0.0821226695028331,0.029509543381043193,2
2,fashion,52,shuffled8,ridge,7.9683640429812685,0.1569968754633788,0.26245755500565515,0.3105514312686671,2
2,fashion,58,pca8,ridge,7.206561398993114,0.12639359095983319,0.28381260951261494,0.27709323612776987,2
2,fashion,58,random8,ridge,7.990465127858724,0.04311431658031002,0.12391263454349552,0.08965164559796211,2
2,fashion,58,shuffled8,ridge,7.9714916034869265,0.08233024962495292,0.16802297246601122,0.12232571007466145,2
2,fashion,65,pca8,ridge,7.214319352701692,0.13152686971883726,0.19164225843538873,0.2343782121864007,2
2,fashion,65,random8,ridge,7.989967249198735,0.12871160121976552,0.08079570285883605,0.16235234610133217,2
2,fashion,65,shuffled8,ridge,7.9768245268514715,0.056999312768561246,0.034407483754222465,0.08743477806560995,2
2,fashion,66,pca8,ridge,7.23348528955175,0.2247872864363331,0.2693190318253646,0.28463241272758627,2
2,fashion,66,random8,ridge,7.990237120634245,-0.036004649719187584,-0.00039803293083371825,-0.0659055156284305,2
2,fashion,66,shuffled8,ridge,7.972804106826148,0.1466949037570716,0.21996294840198355,0.20530714890822466,2
2,fashion,74,pca8,ridge,7.246162240059985,0.18822692127913887,0.2771524275991314,0.283602725642002,2
2,fashion,74,random8,ridge,7.990709446381274,0.15433668287620878,0.2923850025243149,0.24380741989541213,2
2,fashion,74,shuffled8,ridge,7.9719413275808275,0.058720395060513554,0.13910407530687402,0.09161175361290867,2
2,fashion,83,pca8,ridge,7.196273371642972,0.27209092877162333,0.28887372885455176,0.3308229398707541,2
2,fashion,83,random8,ridge,7.990263681729446,0.04834161637446299,0.05795923138806067,0.09525430465623813,2
2,fashion,83,shuffled8,ridge,7.97095920818411,0.41702719427284074,0.5035944888156253,0.45915035791281705,2
2,fashion,87,pca8,ridge,7.235784942184544,0.23134534831078657,0.4068672417446239,0.43668690416024636,2
2,fashion,87,random8,ridge,7.99067447557773,0.11232551104812674,0.2335157744756954,0.25585110243948955,2
2,fashion,87,shuffled8,ridge,7.976040861402894,0.21050833239186179,0.3273818765324318,0.35940364344995857,2
2,fashion,93,pca8,ridge,7.2295403176063155,0.19124113033293597,0.3375571207616527,0.3023954884452979,2
2,fashion,93,random8,ridge,7.990351054285624,0.02723913247082047,0.060104773335970425,0.05002623838590338,2
2,fashion,93,shuffled8,ridge,7.977886620746964,0.1699240762115087,0.2670553108519147,0.25012493415172665,2
2,fashion,94,pca8,ridge,7.207504869522572,0.1574317424151546,0.17594561588071575,0.2443697900951168,2
2,fashion,94,random8,ridge,7.990539236574419,0.026033787069962434,0.03227057079470962,0.07016999389933277,2
2,fashion,94,shuffled8,ridge,7.969686565522899,0.21662424633733737,0.33837578784741046,0.33923836610976116,2
2,fashion,102,pca8,ridge,7.231326735770156,0.1590036102575286,0.324977301550203,0.35736114944623376,2
2,fashion,102,random8,ridge,7.990689568408698,0.08339566322921563,0.19688729377143682,0.16860809497509704,2
2,fashion,102,shuffled8,ridge,7.9748200593239025,0.03360655467942913,0.0941099595790935,0.09979036770280932,2
2,fashion,112,pca8,ridge,7.216227241191797,0.3596157888738564,0.5082687146869739,0.5014071533423312,2
2,fashion,112,random8,ridge,7.990539948226651,0.13494481172398254,0.2739092434226646,0.28532453305298805,2
2,fashion,112,shuffled8,ridge,7.975478669953177,0.4093262167854609,0.40874973128980846,0.46808402335459764,2
2,fashion,113,pca8,ridge,7.225088907263831,0.20007207834903973,0.2569199054293504,0.28322092287562184,2
2,fashion,113,random8,ridge,7.990566824764549,0.02928385548345705,0.14984943324907884,0.06320510945476539,2
2,fashion,113,shuffled8,ridge,7.969096282672754,0.020878882536229836,-0.027272203028905942,0.02981444498103275,2
2,fashion,120,pca8,ridge,7.231845596127892,0.1900005164925692,0.15949461252487013,0.2336147200956137,2
2,fashion,120,random8,ridge,7.990077930855214,-0.030223690465952087,-0.05761367191492434,-0.060741665713756894,2
2,fashion,120,shuffled8,ridge,7.976831563364282,0.11956447325865707,0.07941619320545275,0.13297459745873075,2
2,fashion,121,pca8,ridge,7.221356834060869,0.2984228367855221,0.3136764994086526,0.3734434961794432,2
2,fashion,121,random8,ridge,7.99031838064497,0.11237754094868378,0.07988565047843618,0.18640551592526428,2
2,fashion,121,shuffled8,ridge,7.965211942267619,0.3124643932369085,0.22605825926441317,0.32419469828474157,2
2,fashion,131,pca8,ridge,7.212011832103934,0.030588522204104636,0.009825498744550227,0.04838936673482509,2
2,fashion,131,random8,ridge,7.990401689221718,0.10104417520163989,0.14811939357409468,0.17067483379179377,2
2,fashion,131,shuffled8,ridge,7.967734282649677,-0.026544007451398753,-0.07826009750034256,-0.049963299575013914,2
2,fashion,138,pca8,ridge,7.208036608343546,0.4512192200174287,0.559539089487431,0.5664041179655354,2
2,fashion,138,random8,ridge,7.990095112306587,0.172227360475442,0.2835622535206069,0.23152287944662722,2
2,fashion,138,shuffled8,ridge,7.975620158047652,0.2941646915503854,0.38502357690778277,0.4082701044635786,2
2,fashion,139,pca8,ridge,7.232558610852115,0.1570722186111426,0.22617837460873083,0.22104675641054491,2
2,fashion,139,random8,ridge,7.990244175709431,0.059090753550031405,0.13703027852784644,0.08219628698708062,2
2,fashion,139,shuffled8,ridge,7.971765989233627,0.2978881874002762,0.33542032412181016,0.3562268854861921,2
2,landscape,7,pca8,ridge,7.9141285700599315,0.24933942585625615,0.22767961398324832,0.282432108008179,2
2,landscape,7,random8,ridge,7.058472182219151,0.02215451056543073,0.12776850189654987,0.04760856909174347,2
2,landscape,7,shuffled8,ridge,2.5350214783905582,0.03653306146062565,0.10701500019850026,0.08846856029291868,2
2,landscape,8,pca8,ridge,7.910903481897667,0.4123131582379943,0.5051439042615652,0.4791441123696642,2
2,landscape,8,random8,ridge,7.150111486234918,0.20960664308087235,0.3426915219051464,0.32607970063886904,2
2,landscape,8,shuffled8,ridge,2.6400616958491736,0.10805676191902121,0.30815556835674707,0.34599395595726695,2
2,landscape,40,pca8,ridge,7.913848674802173,0.22931783242419046,0.3407276674081488,0.307052705435457,2
2,landscape,40,random8,ridge,7.089711190402815,0.03760789419256373,0.10612252375254537,0.048985040270211416,2
2,landscape,40,shuffled8,ridge,2.5848480436449957,0.03061479664072526,0.1829508091775652,0.19978733464046503,2
2,landscape,41,pca8,ridge,7.915156813204945,0.13531879877682912,0.27259196258200125,0.27314821095418756,2
2,landscape,41,random8,ridge,7.146008453062117,0.037540334451622186,0.2124391239824982,0.1358832930838996,2
2,landscape,41,shuffled8,ridge,2.589752129551708,0.04090240007885586,0.05658858761105847,0.13593509787575483,2
2,landscape,45,pca8,ridge,7.915539253462899,0.14841338105166965,0.23116513358103438,0.1946775260003175,2
2,landscape,45,random8,ridge,7.057360692992911,0.029279845995593985,0.039849178367043464,0.06592255576646924,2
2,landscape,45,shuffled8,ridge,2.6157194857279102,0.015449910830529455,0.053714099000382744,0.046186264591854445,2
2,landscape,46,pca8,ridge,7.913476786559461,0.09621048444567572,0.2320066219055373,0.23479496756849383,2
2,landscape,46,random8,ridge,7.130159352060275,0.001614804623856806,0.043602998897597695,0.003272846245939293,2
2,landscape,46,shuffled8,ridge,2.698557939562677,0.03393658962573829,0.13493016695032564,0.1311859548472355,2
2,landscape,52,pca8,ridge,7.911287687110537,0.4203151061409772,0.5425508620209607,0.58307470552134,2
2,landscape,52,random8,ridge,7.104265913538322,0.14083301823511235,0.23448584886030255,0.21061176081822847,2
2,landscape,52,shuffled8,ridge,2.5872553945160965,0.09466599214607158,0.29747368708835775,0.3072477699528461,2
2,landscape,58,pca8,ridge,7.9147981401359075,0.3737827586972565,0.44463051948615323,0.44617382477211165,2
2,landscape,58,random8,ridge,7.127375116515011,0.152635731755953,0.18892258029154507,0.2238857894546102,2
2,landscape,58,shuffled8,ridge,2.682730792593247,0.010785248389009919,0.027479648042406553,0.03774606055678341,2
2,landscape,65,pca8,ridge,7.91178183120517,0.13885574777222018,0.13956328110944105,0.2061988998153948,2
2,landscape,65,random8,ridge,7.0611067972100985,-0.02559490706823392,-0.12828743841172577,-0.0723523867090754,2
2,landscape,65,shuffled8,ridge,2.618942427175702,0.09002910080069979,0.2586520057414517,0.3144712242679598,2
2,landscape,66,pca8,ridge,7.9124933155654285,0.34609882212214826,0.44898151302786393,0.47388243449331485,2
2,landscape,66,random8,ridge,7.111094817418682,0.19930650412584489,0.2813413166959584,0.30282016314896476,2
2,landscape,66,shuffled8,ridge,2.6478084406955915,0.10440114762239706,0.4377952842049854,0.436627529924482,2
2,landscape,74,pca8,ridge,7.914138623985019,0.2713811985774682,0.2738725123798171,0.3062179060152424,2
2,landscape,74,random8,ridge,7.099719866471916,-0.005384026077211398,-0.015339714593659275,-0.018075649044222347,2
2,landscape,74,shuffled8,ridge,2.63790752771218,0.03226717901570587,0.1315851929595623,0.10082958128620695,2
2,landscape,83,pca8,ridge,7.910564906389492,0.34416617388893994,0.4008267808256051,0.45788185393075564,2
2,landscape,83,random8,ridge,7.12109836748487,0.16158157692459102,0.27474389334852517,0.28896409225917885,2
2,landscape,83,shuffled8,ridge,2.6362015875851843,0.09851652398678076,0.2703116992064442,0.2753301029728069,2
2,landscape,87,pca8,ridge,7.913935126297243,0.4146570152481731,0.5447321875187783,0.5077128644297405,2
2,landscape,87,random8,ridge,7.084197474317959,-0.013343458047483433,0.00015025713153331508,-0.03282881379948143,2
2,landscape,87,shuffled8,ridge,2.6593409534148855,0.1200219323807874,0.42492716797621505,0.40410262659328294,2
2,landscape,93,pca8,ridge,7.9143038595683,0.5356027455854532,0.6627401568282006,0.6088784537899011,2
2,landscape,93,random8,ridge,6.987930875322589,0.03674169354080648,0.14062781039054642,0.07765164168269989,2
2,landscape,93,shuffled8,ridge,2.5652702516996366,0.12710769702898933,0.3326093083258958,0.35664433426223363,2
2,landscape,94,pca8,ridge,7.911557570163589,0.4342303128648348,0.48517887601401705,0.5101103988097351,2
2,landscape,94,random8,ridge,7.081877258755941,0.193998652481738,0.21010261418294893,0.24162882187079632,2
2,landscape,94,shuffled8,ridge,2.590014719321205,0.1251068316656091,0.2814711137032722,0.3278996125134538,2
2,landscape,102,pca8,ridge,7.912944537822146,0.4727452482556309,0.712540361054409,0.6590558638291041,2
2,landscape,102,random8,ridge,7.123350806382981,0.12953088610349875,0.25433438020622484,0.2682854206861521,2
2,landscape,102,shuffled8,ridge,2.593076874620089,0.06250750347965123,0.1686363590516763,0.1944246222691037,2
2,landscape,112,pca8,ridge,7.913920888774584,0.6387995527094904,0.6764404478922263,0.7089585534688153,2
2,landscape,112,random8,ridge,7.050500462658507,0.03092818357856917,0.06957701719810022,0.07341879059210608,2
2,landscape,112,shuffled8,ridge,2.511445444429132,0.1049054390574774,0.2978375833110349,0.33680417165981075,2
2,landscape,113,pca8,ridge,7.915127114207051,0.35945870627477106,0.38538917285959384,0.4497147024763247,2
2,landscape,113,random8,ridge,7.114288242682247,0.1608859722524794,0.30062969654322613,0.28066032234011895,2
2,landscape,113,shuffled8,ridge,2.647534249412461,0.0843037101253636,0.3796581050659605,0.45694843344279584,2
2,landscape,120,pca8,ridge,7.913609448910494,0.4556973989673211,0.5421135704402797,0.5217084500217052,2
2,landscape,120,random8,ridge,7.070987389136993,0.049869134241186636,0.11028585385342721,0.07765711834992255,2
2,landscape,120,shuffled8,ridge,2.539480160937663,0.08737752321302462,0.3454321226281051,0.31856274931292583,2
2,landscape,121,pca8,ridge,7.910991224649973,0.5962952986312618,0.724307742455891,0.712808035479049,2
2,landscape,121,random8,ridge,7.0952934008127215,0.25090381171857545,0.4524698857970768,0.4552293888328745,2
2,landscape,121,shuffled8,ridge,2.673625821325444,0.17043064009077222,0.5408579723047982,0.5577011882743695,2
2,landscape,131,pca8,ridge,7.916192676437941,0.08593938992504148,0.0994892198906875,0.128980514514474,2
2,landscape,131,random8,ridge,7.162798160059964,-0.004973035300638111,0.033325478161229306,-0.007509625349054229,2
2,landscape,131,shuffled8,ridge,2.642287325892469,-0.012661487520762212,-0.11624940188990224,-0.060912748415900164,2
2,landscape,138,pca8,ridge,7.914392505918961,0.6921129506890481,0.7675870250930326,0.7478377282192796,2
2,landscape,138,random8,ridge,7.087103090077442,0.09175514386270954,0.21997342825058047,0.20279061826903869,2
2,landscape,138,shuffled8,ridge,2.4663037602768374,0.17403658203346628,0.389705703802514,0.49279751533570837,2
2,landscape,139,pca8,ridge,7.916817385832876,0.37252044442561816,0.4560824588585239,0.4535342258593586,2
2,landscape,139,random8,ridge,7.153782998813488,0.062379389670424695,0.11704467697539699,0.15919585025856486,2
2,landscape,139,shuffled8,ridge,2.694587044049113,0.09731795994271937,0.31915487859776664,0.31480245516540656,2
3,art,0,pca8,ridge,6.026948480218139,0.257615121090572,0.2812881986436284,0.36400596402851615,2
3,art,0,random8,ridge,3.8109114135455298,0.03516013888559896,0.05935577030726359,0.08728279251152568,2
3,art,0,shuffled8,ridge,6.645627986079776,0.10545011763368486,0.037849329883432446,0.15199566779195284,2
3,art,9,pca8,ridge,6.0034741067155295,0.3747793629816314,0.5411712074480297,0.5146413767604369,2
3,art,9,random8,ridge,3.7739667201802423,0.10162547122882123,0.2814414940871456,0.24702788293283692,2
3,art,9,shuffled8,ridge,6.753276917504514,0.3516138933509935,0.48121016815260687,0.4614380353372264,2
3,art,10,pca8,ridge,6.035190994363764,0.32948069484992876,0.4136039283731713,0.4055731243861428,2
3,art,10,random8,ridge,3.79830956888668,0.15856437835757667,0.29431237315721803,0.2950752600071108,2
3,art,10,shuffled8,ridge,6.861017077173322,0.37414596641052533,0.4769167613171465,0.45968280768746705,2
3,art,11,pca8,ridge,6.004009713689849,0.3008002225891424,0.4070966592630023,0.46877457422357843,2
3,art,11,random8,ridge,3.7746124914725487,0.08268849470259819,0.2943675080661884,0.33762048373024345,2
3,art,11,shuffled8,ridge,6.672365964209,0.22740263005173364,0.4180886141020445,0.3972277602229183,2
3,art,24,pca8,ridge,6.011578307134526,0.3731485852261182,0.6817201915473552,0.6330652441861254,2
3,art,24,random8,ridge,3.782863045375514,0.1812131691108027,0.40602452584805715,0.40782019615321646,2
3,art,24,shuffled8,ridge,6.863618179427052,0.25816486643888037,0.6013689255226634,0.5524580676019046,2
3,art,28,pca8,ridge,6.027993229296576,0.3396667119460305,0.5264527148608826,0.5434038887049866,2
3,art,28,random8,ridge,3.7060974883045046,0.18488828900895996,0.38708873145288447,0.3786224470293672,2
3,art,28,shuffled8,ridge,6.763430140977693,0.30125107625119446,0.34013240011023294,0.36229280888884996,2
3,art,31,pca8,ridge,5.993559313417895,0.3886158920448581,0.3008431691777208,0.47564880494143524,2
3,art,31,random8,ridge,3.7680259162664713,0.10208641997747851,0.30277355476474466,0.29298520021370555,2
3,art,31,shuffled8,ridge,6.689941834658311,0.34753917761048836,0.35222112403235617,0.41489912119999167,2
3,art,32,pca8,ridge,5.996967288895512,0.264708845400325,0.3953939038466267,0.3938249006947957,2
3,art,32,random8,ridge,3.807060596543717,-0.0027450542506904023,0.023704906861551474,-0.00861335013949017,2
3,art,32,shuffled8,ridge,6.91722198013257,0.26032333059937274,0.3955910340492176,0.38295934486488087,2
3,art,36,pca8,ridge,6.021469707847021,0.342150218956721,0.44857849127074606,0.47357426940235964,2
3,art,36,random8,ridge,3.7532294253385734,0.05683582712557716,0.12278662721971922,0.1402145911445977,2
3,art,36,shuffled8,ridge,6.779881902166448,0.25448963496977817,0.2663853890693181,0.3218258826818051,2
3,art,42,pca8,ridge,6.03638842883341,0.14269599117775397,0.32889124625150923,0.24907859349988445,2
3,art,42,random8,ridge,3.763861637567241,0.029239355508229623,0.0449288485394826,0.07199245801206519,2
3,art,42,shuffled8,ridge,6.730951296463812,0.03513315069035348,0.12170535791378319,0.05837295361565586,2
3,art,47,pca8,ridge,5.998799914175303,0.2960212865072949,0.41862659962865384,0.45704583802376686,2
3,art,47,random8,ridge,3.748101606913104,0.054453637721360144,0.12321261838781306,0.12649166769323983,2
3,art,47,shuffled8,ridge,6.736457218176351,0.2491364580536853,0.3532918124033726,0.36362069160115956,2
3,art,54,pca8,ridge,6.003955447657959,0.17154088327208805,0.18096907539056056,0.25618266723053096,2
3,art,54,random8,ridge,3.7955025745052446,0.052174349081674384,0.17489839501308657,0.18393721032683694,2
3,art,54,shuffled8,ridge,6.838952918571672,0.1659553634446699,0.17447972740084697,0.2165290244907302,2
3,art,55,pca8,ridge,6.008851694653268,0.1683553479110514,0.2057274570203863,0.2315690101185327,2
3,art,55,random8,ridge,3.72902252237557,0.020361686644713675,0.08031490357286598,0.05603352415283355,2
3,art,55,shuffled8,ridge,6.658080540540791,0.13989046062440347,0.1813688565457899,0.1860626737547031,2
3,art,59,pca8,ridge,5.988519037596225,0.39486512536817764,0.4983176384674922,0.5389029853267597,2
3,art,59,random8,ridge,3.810664883818468,0.1225392003976061,0.3060792508959525,0.33787795499145323,2
3,art,59,shuffled8,ridge,6.631818911256639,0.31946810437066786,0.4135383495665603,0.42061959063529836,2
3,art,60,pca8,ridge,5.9858038619563985,0.5191687360210391,0.5685507882388202,0.596479399886597,2
3,art,60,random8,ridge,3.785597589909346,0.13949887105432413,0.42088489570485366,0.32483182268474586,2
3,art,60,shuffled8,ridge,6.791457400126466,0.5228059826725342,0.5717168241256456,0.5919973746708267,2
3,art,67,pca8,ridge,6.020763350986374,0.4588588024066479,0.6013756257473171,0.5571144448813031,2
3,art,67,random8,ridge,3.8248233959624622,0.08114296015910553,0.16829092391396405,0.16367226377925012,2
3,art,67,shuffled8,ridge,6.815372433632089,0.3812866362672009,0.5006838252847929,0.44067043157954133,2
3,art,68,pca8,ridge,5.9707041686368925,0.4868595675974791,0.6330375675907657,0.6471201204904512,2
3,art,68,random8,ridge,3.74081876870705,0.13579441030701073,0.34475402370091546,0.36676108710013494,2
3,art,68,shuffled8,ridge,6.875351448011035,0.4163332559512775,0.5419770498371771,0.5172831626316009,2
3,art,75,pca8,ridge,5.995971202087951,0.3904536735040723,0.4547399571766497,0.5420448115256911,2
3,art,75,random8,ridge,3.8194959395845482,0.06065799348145913,0.15891898916476307,0.16079588827773167,2
3,art,75,shuffled8,ridge,6.787351565676528,0.31627600734248124,0.29456881576633365,0.3560417232217393,2
3,art,76,pca8,ridge,5.952337782834245,0.46715231748697644,0.5791867648000879,0.6170254648795085,2
3,art,76,random8,ridge,3.780743370214196,0.15907529672724421,0.400370544026507,0.4166226336319764,2
3,art,76,shuffled8,ridge,6.830698630809714,0.3725655179720192,0.4454042931533143,0.49815241824083123,2
3,art,82,pca8,ridge,6.0271002560926625,0.5989876371650196,0.6534135202612876,0.6837944618420347,2
3,art,82,random8,ridge,3.786728091587159,0.24895127226011782,0.4638781929315172,0.44595775858609904,2
3,art,82,shuffled8,ridge,6.75584999433537,0.5232109110951219,0.5730001549567715,0.5665896039244549,2
3,art,84,pca8,ridge,5.986146215196764,0.15070952486534897,0.219160823953157,0.188692569330937,2
3,art,84,random8,ridge,3.7929826479727997,0.12562168392199516,0.1918101214500888,0.20961821263636385,2
3,art,84,shuffled8,ridge,6.724824075609257,0.26351007549136607,0.30750511534061853,0.3078707502209841,2
3,art,88,pca8,ridge,5.991991611412241,0.3560214681812607,0.4387640765288372,0.46442245953306094,2
3,art,88,random8,ridge,3.72835828538158,0.13116720920617023,0.36277838636630816,0.3774134520495041,2
3,art,88,shuffled8,ridge,6.78438803815963,0.29741789472943897,0.3524189543741564,0.37705254944263783,2
3,art,95,pca8,ridge,6.009241868584082,0.3753321506132684,0.46449021437618415,0.572160097348043,2
3,art,95,random8,ridge,3.7786540489867213,0.02885066821404518,0.03433275327576437,0.10716351614743923,2
3,art,95,shuffled8,ridge,6.823627230330105,0.27774797050504657,0.3644860900089868,0.3994792333378243,2
3,art,96,pca8,ridge,6.0066837391985155,0.5043208444500289,0.613477243181555,0.6710595210857918,2
3,art,96,random8,ridge,3.781920965508782,0.21715072112837186,0.41362047067119107,0.4336035342871697,2
3,art,96,shuffled8,ridge,6.879116699875421,0.38882924158868226,0.547579054851976,0.5463236549881442,2
3,art,107,pca8,ridge,6.018834070202107,0.5300590161171413,0.5501376892706287,0.6365721260340471,2
3,art,107,random8,ridge,3.8090495846969548,0.09097217089896001,0.19376260143460314,0.21631165029965488,2
3,art,107,shuffled8,ridge,6.816887632067284,0.42845741184922076,0.44972670039980506,0.47598929375858706,2
3,art,122,pca8,ridge,5.986959141945062,0.4442588354162746,0.5719459485541165,0.6457544385898559,2
3,art,122,random8,ridge,3.8017658097304747,0.242250584459102,0.4583917164324233,0.48564600082132797,2
3,art,122,shuffled8,ridge,6.930823182400728,0.2450234029435481,0.3723910847520233,0.40705102239543023,2
3,art,123,pca8,ridge,5.960908279785169,0.46624368434991614,0.5442392998926477,0.5444324094672661,2
3,art,123,random8,ridge,3.7458134757880983,0.1251488003753089,0.24339481044435907,0.33516018438443884,2
3,art,123,shuffled8,ridge,6.680500734472875,0.3578576428579838,0.37564772897750154,0.3917397839029656,2
3,art,132,pca8,ridge,6.037260137947989,0.29016295149316396,0.29974297161253904,0.4190404726316242,2
3,art,132,random8,ridge,3.844703255445698,0.0782830325421784,0.14811411578277733,0.17619902062880227,2
3,art,132,shuffled8,ridge,6.81923290720312,0.23431129884636825,0.32687082436954507,0.31394174818310666,2
3,art,140,pca8,ridge,6.021677345914378,0.4794601035956504,0.5181388281584306,0.5377009373671604,2
3,art,140,random8,ridge,3.835309571776503,0.2893268088578196,0.45218049202413946,0.4858110459738746,2
3,art,140,shuffled8,ridge,6.894467403374866,0.39026933696640265,0.44088457444343426,0.45000402067089307,2
3,art,141,pca8,ridge,6.006308739421516,0.2925909938661026,0.46336529775084234,0.44926437896084337,2
3,art,141,random8,ridge,3.7887125883833104,0.07100680717520252,0.21399599295152597,0.18487906664086284,2
3,art,141,shuffled8,ridge,6.734266668633436,0.11840578231134473,0.2349189305976658,0.2033846652486725,2
3,fashion,0,pca8,ridge,5.993051883717685,0.22911489946818864,0.351529712494982,0.36944710698957156,2
3,fashion,0,random8,ridge,1.8473896807595718,0.005005941068984663,0.06856788476073883,0.02915268996121067,2
3,fashion,0,shuffled8,ridge,7.9930205581307865,0.0590395460241553,0.09639690172590316,0.0957477490617494,2
3,fashion,9,pca8,ridge,5.997995544714719,0.08830805562836877,0.1397719472996694,0.1557363182837365,2
3,fashion,9,random8,ridge,1.849215024978515,0.02708582794739144,0.19160553389417595,0.20088493690038509,2
3,fashion,9,shuffled8,ridge,7.991971403946488,0.10202779145825952,0.30374992420110836,0.31224511176678593,2
3,fashion,10,pca8,ridge,5.98051810684931,0.1990384867259143,0.29835376201956704,0.3160918249969367,2
3,fashion,10,random8,ridge,1.8499577746131215,0.08535113777893104,0.3224026752272637,0.31366835078192523,2
3,fashion,10,shuffled8,ridge,7.992710025174653,0.24586545654062847,0.3870893438144967,0.39279367525525666,2
3,fashion,11,pca8,ridge,6.004587740621124,0.326341015332065,0.4715186238004855,0.46754640161555533,2
3,fashion,11,random8,ridge,1.8423663866583262,-0.008712417081208991,-0.014496769099412707,-0.0744279579457203,2
3,fashion,11,shuffled8,ridge,7.9915415101549625,0.06006160405941789,0.16444616768783965,0.14049700195148282,2
3,fashion,24,pca8,ridge,6.031052258114004,0.32772387108732026,0.49978594020796735,0.539829848381214,2
3,fashion,24,random8,ridge,1.868024387995358,0.03580909224870322,0.23896289809964236,0.22241907049562937,2
3,fashion,24,shuffled8,ridge,7.9925022445363325,-0.03492870235202786,-0.004444379160157709,-0.053357681256568854,2
3,fashion,28,pca8,ridge,6.004882367128059,0.3677131560820246,0.4944063809597403,0.48185171135719235,2
3,fashion,28,random8,ridge,1.8580941707979892,0.03561269719714696,0.12224417240398383,0.14545822948879736,2
3,fashion,28,shuffled8,ridge,7.993915368980803,0.24862786012408344,0.27569638384011796,0.2858921583379134,2
3,fashion,31,pca8,ridge,5.9868259335352665,0.05274699829808297,0.15513379101311092,0.1557036132325967,2
3,fashion,31,random8,ridge,1.8543380382625418,0.013148204747332413,0.19210538577791483,0.13896017258324575,2
3,fashion,31,shuffled8,ridge,7.99166797153429,-0.04740685051987235,-0.1844172528268231,-0.09833238185194418,2
3,fashion,32,pca8,ridge,6.023227631388663,0.13115153454644415,0.2674289641469344,0.2504636703348606,2
3,fashion,32,random8,ridge,1.8727891098476195,0.020806285751428878,0.16050613490824214,0.17802852701700436,2
3,fashion,32,shuffled8,ridge,7.992467190861122,-0.04758162141566216,-0.022622978917808127,-0.07560803062484418,2
3,fashion,36,pca8,ridge,5.994374241395759,0.04678971291159314,0.10687477489661915,0.13471008678522514,2
3,fashion,36,random8,ridge,1.8283672358595555,0.03419003142309722,0.3385776954379633,0.2985715853409411,2
3,fashion,36,shuffled8,ridge,7.991327354918923,-0.07883735770959173,-0.1828160411912387,-0.2238997554710044,2
3,fashion,42,pca8,ridge,5.99443962771519,0.024029086010019976,0.07780279046053973,0.07545834527706405,2
3,fashion,42,random8,ridge,1.860036716319573,0.0003252205375859074,0.01599029733293045,0.00230618369668998,2
3,fashion,42,shuffled8,ridge,7.99051028073422,0.07608846500903604,0.1589035797459964,0.1525775272482768,2
3,fashion,47,pca8,ridge,6.029791387420345,0.17099720667685353,0.37095474737993506,0.4039890919025903,2
3,fashion,47,random8,ridge,1.8724326871694243,0.004477407820309569,0.09569401502729694,0.05928256865695066,2
3,fashion,47,shuffled8,ridge,7.992850333061188,0.08681258175769514,0.25230198449004015,0.26927755659558483,2
3,fashion,54,pca8,ridge,5.973202622562991,0.008205176218229736,-0.07691391654809214,0.0221808972501882,2
3,fashion,54,random8,ridge,1.8323044215447237,-0.011415045909202339,-0.050795025094179866,-0.09955051957332581,2
3,fashion,54,shuffled8,ridge,7.990742920300072,-0.015728629496200224,-0.049999020783203486,-0.047977116281378844,2
3,fashion,55,pca8,ridge,6.00711246584685,0.13907573548286262,0.16420260523233401,0.21521713712862015,2
3,fashion,55,random8,ridge,1.852574686314781,-0.021549648349034185,-0.2190041514264535,-0.23701947499791115,2
3,fashion,55,shuffled8,ridge,7.9927989407677345,0.0312024611446909,-0.031163644241264252,0.061769192134208915,2
3,fashion,59,pca8,ridge,6.027974114419724,0.4231440515871494,0.48507141143226856,0.5829793175446436,2
3,fashion,59,random8,ridge,1.8351990618137288,0.14195091388185677,0.36746335511233236,0.4421497877666943,2
3,fashion,59,shuffled8,ridge,7.9922837226555705,0.352385067183781,0.31949034643683266,0.38045488781044473,2
3,fashion,60,pca8,ridge,6.027028202093826,0.28307874736111804,0.28482260093501566,0.3383095781419183,2
3,fashion,60,random8,ridge,1.8645502278914172,0.056081126509352416,0.20453568678893083,0.2455666783647847,2
3,fashion,60,shuffled8,ridge,7.9928197136933825,0.11548473794491318,0.14997274012895076,0.15951133625789268,2
3,fashion,67,pca8,ridge,5.9913413738274865,-0.03701144570287814,-0.08961474286654753,-0.09375237635221163,2
3,fashion,67,random8,ridge,1.8531809586508854,-0.003976184677724493,0.0024878586799272884,-0.040200161519497825,2
3,fashion,67,shuffled8,ridge,7.991212639975393,-0.047252489625222854,-0.05411092628841852,-0.05436831730471561,2
3,fashion,68,pca8,ridge,5.9985602059763234,0.20772463138383407,0.3071601534315864,0.32515539363210794,2
3,fashion,68,random8,ridge,1.8740850869536219,0.029230939967077037,0.10812611340351139,0.16126284916334607,2
3,fashion,68,shuffled8,ridge,7.993674100039963,0.24142239682468264,0.3891002744421147,0.30241657792270304,2
3,fashion,75,pca8,ridge,5.975157551383167,0.3358806636333812,0.5476619035786521,0.5714000136176837,2
3,fashion,75,random8,ridge,1.8485929850061305,0.040898001172873885,0.407450758661716,0.41629303060683426,2
3,fashion,75,shuffled8,ridge,7.991856183999795,0.2555081613123118,0.339921111416059,0.39951949851031837,2
3,fashion,76,pca8,ridge,5.964594937768855,0.13070977344323756,0.22405175577251563,0.1887646093538571,2
3,fashion,76,random8,ridge,1.853382194069924,0.031442483998626994,0.23271982143701794,0.22603112310831547,2
3,fashion,76,shuffled8,ridge,7.992590984287344,0.21239913110787453,0.2758573879895995,0.26240678269860646,2
3,fashion,82,pca8,ridge,5.983736060283855,0.10552239759482547,0.2652010172405046,0.25663588893669753,2
3,fashion,82,random8,ridge,1.8150023241060869,0.0031273545756658402,0.04642011808520076,0.01498376978425273,2
3,fashion,82,shuffled8,ridge,7.991022027877424,-0.04014750908872972,-0.057155391646660475,-0.07549091833310204,2
3,fashion,84,pca8,ridge,6.001920017998181,0.11475412237753722,0.25517308125217364,0.2666614087055998,2
3,fashion,84,random8,ridge,1.865907602006717,0.007481947839507323,0.0093697559270405,0.06601957578373605,2
3,fashion,84,shuffled8,ridge,7.992616005527351,0.03180473734994557,0.1591840055865685,0.10113378027971588,2
3,fashion,88,pca8,ridge,5.967233186978823,0.04377187980953388,0.08308916687633308,0.07351840840225017,2
3,fashion,88,random8,ridge,1.8645084850511568,-0.011671276232661685,0.035059337431973876,-0.05382310089667418,2
3,fashion,88,shuffled8,ridge,7.992223620990424,0.14640780697741743,0.1992384600097987,0.17927260718505256,2
3,fashion,95,pca8,ridge,5.946500529401977,0.08088432107249523,0.29553215061783433,0.23768699205277757,2
3,fashion,95,random8,ridge,1.8429949510855057,0.013777381433838203,0.1409023558187883,0.10701696426476705,2
3,fashion,95,shuffled8,ridge,7.991293537760771,0.1048497992192199,0.1925763582659013,0.16405322232490957,2
3,fashion,96,pca8,ridge,6.0151595104180755,0.044443235985977804,0.11932165951581349,0.154660059314612,2
3,fashion,96,random8,ridge,1.8664196583511532,0.027791147103446684,0.22613777642288593,0.22331178843988056,2
3,fashion,96,shuffled8,ridge,7.992788111152845,0.1399119465867014,0.22099715811731652,0.26845743150146933,2
3,fashion,107,pca8,ridge,6.00312924747819,0.015532719609384092,-0.007985750073714232,0.03160990487119719,2
3,fashion,107,random8,ridge,1.8603102096980684,0.021345105282408884,0.09766423537356102,0.11095706911677637,2
3,fashion,107,shuffled8,ridge,7.9930644430188025,-0.037298295209402,-0.02956215555238312,-0.05885149953962672,2
3,fashion,122,pca8,ridge,5.966858279844127,0.04402280991365094,0.10430270270494149,0.0989628491232317,2
3,fashion,122,random8,ridge,1.831572606305329,-0.002345377280335622,-0.0881480753499674,-0.07462691546084001,2
3,fashion,122,shuffled8,ridge,7.992330269502802,0.005562533995844185,-0.023629905230412432,0.023023447221996327,2
3,fashion,123,pca8,ridge,5.987404408990065,0.3123997910610647,0.458698535825158,0.46011585986012055,2
3,fashion,123,random8,ridge,1.858803520790404,0.002581836108231383,0.0010048160697155705,0.015663879807343458,2
3,fashion,123,shuffled8,ridge,7.99192478249833,0.3048123379089724,0.41755131777030535,0.4202295538696727,2
3,fashion,132,pca8,ridge,5.956695298720462,0.14772404658491456,0.28664188192561085,0.3427767456314468,2
3,fashion,132,random8,ridge,1.8307864582475657,0.0215570834245834,0.13131136072977256,0.18009860502087244,2
3,fashion,132,shuffled8,ridge,7.990570286362505,0.08821495350696658,0.20952251133828415,0.17273384934772978,2
3,fashion,140,pca8,ridge,5.950588692169657,0.22207990921297027,0.3674909021018322,0.4533216139565227,2
3,fashion,140,random8,ridge,1.83928442786909,0.03615796271527391,0.2059790424094225,0.21682223706881512,2
3,fashion,140,shuffled8,ridge,7.990065733096736,0.065538826838285,0.20661568709589953,0.14748410035201476,2
3,fashion,141,pca8,ridge,6.02464101287375,-0.03192129336158431,-0.09473585913746915,-0.05680518613320783,2
3,fashion,141,random8,ridge,1.8631973394370087,0.07862727479930445,0.2952931476174361,0.2948602656564026,2
3,fashion,141,shuffled8,ridge,7.9929809643933565,0.0708743818363725,0.1351625945181927,0.10235936452864798,2
3,landscape,0,pca8,ridge,7.991517344805244,0.47024251129485956,0.5392086132123846,0.5264943500589495,2
3,landscape,0,random8,ridge,0.02520477373835703,-0.0003263312590362935,-0.16695929746975344,-0.21465455792573307,2
3,landscape,0,shuffled8,ridge,2.8320446158026713,0.011062220529438383,0.05201672202131612,0.04539393849612212,2
3,landscape,9,pca8,ridge,7.991459358295036,0.5056160611892778,0.47579591920249664,0.5722942324226087,2
3,landscape,9,random8,ridge,0.025206501460224406,0.00024312269437745654,0.052236189821746354,0.1088674986449507,2
3,landscape,9,shuffled8,ridge,2.9221673615135906,0.08910334357478668,0.32751739766238086,0.31315755301819953,2
3,landscape,10,pca8,ridge,7.991619066344552,0.5702304578836063,0.6357223452686573,0.6089988852794475,2
3,landscape,10,random8,ridge,0.025205374796135757,0.0006528803645255223,0.31651502922207886,0.3139337106354732,2
3,landscape,10,shuffled8,ridge,2.971339127806445,0.11246015639983069,0.28954321030754665,0.3198929185237591,2
3,landscape,11,pca8,ridge,7.991443271986309,0.41393284819128134,0.4485048798702861,0.5240715251153075,2
3,landscape,11,random8,ridge,0.025201860550487065,0.0006460487113888609,0.25154137595890946,0.22582264303901264,2
3,landscape,11,shuffled8,ridge,2.8473922366984494,0.052736538645931565,0.28472196122357946,0.24360770083529593,2
3,landscape,24,pca8,ridge,7.991303829873546,-0.07332920948187732,-0.2235008605098215,-0.1692886121094118,2
3,landscape,24,random8,ridge,0.025205876880393642,7.922715668380375e-05,-0.022533371850724893,0.03908003058386283,2
3,landscape,24,shuffled8,ridge,2.902127194113661,-0.09545792213290778,-0.3491594485099165,-0.34808901584762175,2
3,landscape,28,pca8,ridge,7.991510202062577,0.17406242943281233,0.21255053170538027,0.20111619153213223,2
3,landscape,28,random8,ridge,0.025203815857456416,0.0002320664987448545,0.13700872430372277,0.12916263236134978,2
3,landscape,28,shuffled8,ridge,2.84656686802122,-0.056077277188584504,-0.17135933118734295,-0.20622866163711293,2
3,landscape,31,pca8,ridge,7.9915134340521545,0.20659808860936335,0.39208825177079215,0.3474232292513786,2
3,landscape,31,random8,ridge,0.025208103788889314,-0.0002930362376796397,-0.10245084771394032,-0.23884697322695736,2
3,landscape,31,shuffled8,ridge,3.0114837473049496,0.0032885077148583864,-0.0241151170780939,0.018044339704045318,2
3,landscape,32,pca8,ridge,7.991505710535847,0.420289590497805,0.4948899725453036,0.4869798141664215,2
3,landscape,32,random8,ridge,0.025204040577760795,-0.0006906972054762324,-0.21169722349757572,-0.23629003615411914,2
3,landscape,32,shuffled8,ridge,2.829175999418762,0.003242024366829013,0.0004893602022597682,0.017493126164172493,2
3,landscape,36,pca8,ridge,7.9912495047386605,0.46577229128457026,0.5107009455943728,0.5152026200694512,2
3,landscape,36,random8,ridge,0.025206391079573197,0.0017152719109140037,0.514823106294979,0.5253116848645601,2
3,landscape,36,shuffled8,ridge,2.960622783336259,0.005384100372245305,-0.09138283962789516,0.013709189064013406,2
3,landscape,42,pca8,ridge,7.991530746628428,0.24765903591499705,0.3903075637733843,0.32645354292219425,2
3,landscape,42,random8,ridge,0.025205929395883255,0.00027897896146905887,0.17089637297342522,0.13927728761095293,2
3,landscape,42,shuffled8,ridge,2.9101670390175496,0.0048832843434021365,0.05452189915237963,0.025360148218679147,2
3,landscape,47,pca8,ridge,7.991607461003705,0.5740689432224789,0.46491089519606654,0.6013465152873216,2
3,landscape,47,random8,ridge,0.025203978472941535,0.0009600065008640782,0.34477383010497437,0.405553408762348,2
3,landscape,47,shuffled8,ridge,2.8928158822704644,0.013456637313359363,-0.048415688309551556,0.03625581703346013,2
3,landscape,54,pca8,ridge,7.991300969108829,0.047406672769796626,0.14497573033784333,0.09275907656335648,2
3,landscape,54,random8,ridge,0.025206301979659684,-0.0006281108651304214,-0.29368560757613926,-0.2993209735958538,2
3,landscape,54,shuffled8,ridge,2.9331351270182267,0.002748870900488466,5.046144460071122e-05,0.0172561175881934,2
3,landscape,55,pca8,ridge,7.991277395632153,0.49034708554495443,0.5918652570556034,0.602043405506616,2
3,landscape,55,random8,ridge,0.025201761900522084,0.0007297598012253208,0.25121336782040854,0.317336611988218,2
3,landscape,55,shuffled8,ridge,2.813253786900365,-0.03342532661833532,-0.2900413195852491,-0.21936355799838345,2
3,landscape,59,pca8,ridge,7.991438776724018,0.30753418925571574,0.48258911913580405,0.4535204027375255,2
3,landscape,59,random8,ridge,0.025209783531031704,-0.00014094657593865373,-0.11339329307777538,-0.08093785363100872,2
3,landscape,59,shuffled8,ridge,2.9889153825758394,0.04723555490326407,0.281634429002953,0.26608026162047294,2
3,landscape,60,pca8,ridge,7.991636689660671,0.6906875249407028,0.769772247490557,0.7676445026812534,2
3,landscape,60,random8,ridge,0.025205071235344892,0.0007697977893064063,0.2933933895165547,0.31640328680338964,2
3,landscape,60,shuffled8,ridge,2.9318019295543083,0.09724734768692064,0.3702776288711014,0.4295752134732601,2
3,landscape,67,pca8,ridge,7.9911036828252175,0.3060719285574708,0.3827055848547074,0.4041682461705429,2
3,landscape,67,random8,ridge,0.025208384416426727,0.00017239448315550237,0.18096691022557274,0.1765412070453692,2
3,landscape,67,shuffled8,ridge,2.960082460607881,0.017997396156204614,0.13071264150727785,0.11211177559197366,2
3,landscape,68,pca8,ridge,7.9915076543185695,0.12688338203126612,0.18273666416924023,0.1656516936016694,2
3,landscape,68,random8,ridge,0.025200891925893178,-0.00024548724896918675,-0.14434996885141296,-0.06829721813913411,2
3,landscape,68,shuffled8,ridge,2.923073272807085,0.0021940230150925112,-0.015094768210916452,0.009381586953280435,2
3,landscape,75,pca8,ridge,7.991524999168228,0.15829528683301602,0.31968363099270114,0.25987249363092396,2
3,landscape,75,random8,ridge,0.025207230593666658,-6.132156464438868e-05,0.11352759694583113,-0.026896649971707105,2
3,landscape,75,shuffled8,ridge,2.975528393849134,-0.041304861882123255,-0.13311399549383993,-0.16518873243836216,2
3,landscape,76,pca8,ridge,7.991512445133073,0.2847380741106251,0.27985016865462153,0.31537166255841387,2
3,landscape,76,random8,ridge,0.025204566947209208,0.00022501026073417377,0.10600309201502776,0.07957051233210014,2
3,landscape,76,shuffled8,ridge,2.8666685019723097,0.0017924293012009207,0.019154768755790256,0.004284124163778824,2
3,landscape,82,pca8,ridge,7.990952320517472,0.23984012467563345,0.27969153715336753,0.28876120077261325,2
3,landscape,82,random8,ridge,0.025207928107075294,0.00016188293317038026,0.11177527734788564,0.09404713770024985,2
3,landscape,82,shuffled8,ridge,3.0443479439608137,0.10937804102238087,0.2979322895764132,0.28098101156851263,2
3,landscape,84,pca8,ridge,7.9916462632899545,0.36476450330845805,0.4479113385571468,0.4915057475795102,2
3,landscape,84,random8,ridge,0.025205807452882797,0.0006662891938411047,0.26849172834012114,0.26237733624522097,2
3,landscape,84,shuffled8,ridge,2.9350159140919354,-0.006034306890674315,-0.04315865517304627,-0.019472971546330743,2
3,landscape,88,pca8,ridge,7.991641006455566,0.48917231965179886,0.622290725449167,0.5987599224417891,2
3,landscape,88,random8,ridge,0.025208470902390562,0.000661306077253407,0.30160402828028504,0.3648681257481814,2
3,landscape,88,shuffled8,ridge,2.8093755050116007,0.03836789457250572,0.24024590831541198,0.16766974708497678,2
3,landscape,95,pca8,ridge,7.991438436077561,0.3331787341986828,0.35086205889075284,0.4554747054390943,2
3,landscape,95,random8,ridge,0.025203040033924817,0.00022410461407256188,0.12167310112210362,0.16912543193517188,2
3,landscape,95,shuffled8,ridge,3.0090750396781636,-0.015852599927192682,-0.028512492370354636,-0.0688124923631196,2
3,landscape,96,pca8,ridge,7.99156705464661,0.49401672619951414,0.5370135517586411,0.5694896426671434,2
3,landscape,96,random8,ridge,0.025202486529307254,0.000509669639862347,0.34723737366137886,0.3631348928979942,2
3,landscape,96,shuffled8,ridge,2.879057562326686,-0.006606905802545068,-0.09193909907819837,-0.032703953609856264,2
3,landscape,107,pca8,ridge,7.9914752523194235,0.037677655918004066,0.05989069673777836,0.05861383888507016,2
3,landscape,107,random8,ridge,0.025202767828248714,-0.0004727633157502109,-0.22275748736690754,-0.2262122448127254,2
3,landscape,107,shuffled8,ridge,2.861244707078278,-0.007597979036677846,-0.02637983228499979,-0.02366011031877749,2
3,landscape,122,pca8,ridge,7.991602908720532,0.47308170598953725,0.4699568860992014,0.536244385002921,2
3,landscape,122,random8,ridge,0.025207499966195892,0.0007465453766275064,0.35344478306060584,0.3622276328141079,2
3,landscape,122,shuffled8,ridge,2.905812874345331,0.034592698056118684,0.09602972059359403,0.1514727830764148,2
3,landscape,123,pca8,ridge,7.991528803049578,0.5647302612625491,0.7120480973474373,0.7079715571615584,2
3,landscape,123,random8,ridge,0.02520163982065283,0.0007123209138802251,0.3345696697339251,0.3210218471537776,2
3,landscape,123,shuffled8,ridge,2.945576854503871,0.06827570618986566,0.28528391903582767,0.2985575330784028,2
3,landscape,132,pca8,ridge,7.991742476890466,0.38861722709762586,0.3188476663940239,0.4320334102552611,2
3,landscape,132,random8,ridge,0.025207738727073582,-0.00014288061047795992,-0.022386852552103896,-0.05418990505043777,2
3,landscape,132,shuffled8,ridge,2.96863027380491,-0.004032685589843748,-0.11259419265434566,-0.013390274415288197,2
3,landscape,140,pca8,ridge,7.991532071654706,0.23926794292754294,0.3702695909117255,0.33920485305955234,2
3,landscape,140,random8,ridge,0.025203202908146535,0.00020833320683323538,0.13004493363741118,0.1217138398578017,2
3,landscape,140,shuffled8,ridge,3.012492941969981,0.13004209883843598,0.385355201513615,0.31555772648955327,2
3,landscape,141,pca8,ridge,7.991423105411078,0.29234453514594405,0.4308213399621141,0.4075927053472008,2
3,landscape,141,random8,ridge,0.02520656229623346,2.5658012073681675e-05,0.020602984260634772,0.011551572536216834,2
3,landscape,141,shuffled8,ridge,2.8743903746145287,0.014774839722818704,0.16746145419573913,0.16094110095997533,2
4,art,1,pca8,ridge,7.214960157137146,0.30520332384355153,0.348781408885802,0.39681291099318927,2
4,art,1,random8,ridge,3.7471847003309016,0.10268445564632117,0.34919337570568787,0.27293009363744347,2
4,art,1,shuffled8,ridge,7.149505352520862,0.22479880777251127,0.2497548845557567,0.2916073124506136,2
4,art,2,pca8,ridge,7.250931632399985,0.6403540142888217,0.7466564672134018,0.6960892998676851,2
4,art,2,random8,ridge,3.707984540776057,0.12673015618345634,0.35438751665464874,0.2761580943522718,2
4,art,2,shuffled8,ridge,7.0851740976568856,0.2968206072905966,0.3413797372537636,0.41163239951769487,2
4,art,12,pca8,ridge,7.244039980424802,0.32933319199257943,0.4002014711970007,0.3976933872554007,2
4,art,12,random8,ridge,3.7981691585671165,0.10580684614214861,0.2750690495667342,0.18455789985865884,2
4,art,12,shuffled8,ridge,7.03980553031417,-0.06659309610919231,-0.12397051379922239,-0.0882216562991767,2
4,art,13,pca8,ridge,7.215778548071362,0.4533017676239718,0.4963262043993255,0.533748993106424,2
4,art,13,random8,ridge,3.7459293661973554,0.11351281659914168,0.3111466722467846,0.3425290747137542,2
4,art,13,shuffled8,ridge,7.107627125096903,0.36274009157277937,0.4389259368291647,0.4640279150418889,2
4,art,26,pca8,ridge,7.23085815767621,0.3661965035229587,0.43681530448786204,0.4611272857964697,2
4,art,26,random8,ridge,3.850549123105629,0.06124670663970624,0.07664919554967528,0.12580671424697504,2
4,art,26,shuffled8,ridge,7.08792975260999,0.12096910362512667,0.23205030788552902,0.22058647551049906,2
4,art,29,pca8,ridge,7.1798374886790635,0.21178211519290516,0.3738437548787355,0.3831953309771492,2
4,art,29,random8,ridge,3.6973007523606696,0.06607826343158123,0.12984128247513382,0.19377026374208509,2
4,art,29,shuffled8,ridge,7.055849673029075,0.04015555830883048,0.023975367313289222,0.07569036840383384,2
4,art,34,pca8,ridge,7.210834428229143,0.45289496662786966,0.5799641940782616,0.5866265473123023,2
4,art,34,random8,ridge,3.78785522218894,0.07954839131112458,0.3147123107395176,0.3199810464714798,2
4,art,34,shuffled8,ridge,7.133400019500863,0.28390304331749494,0.43503478617110997,0.3956074874586848,2
4,art,38,pca8,ridge,7.2447518411189185,0.36413976890203775,0.4910613784216671,0.5042841156514717,2
4,art,38,random8,ridge,3.665620073615743,0.2520226239680651,0.6182230081855222,0.5364830743068969,2
4,art,38,shuffled8,ridge,7.153210345001807,0.3005490198235311,0.4949310890346658,0.4720053709173454,2
4,art,43,pca8,ridge,7.226143037979164,0.3026509730235702,0.407081150200198,0.40875283355519265,2
4,art,43,random8,ridge,3.7927461660573343,0.0037939598212642957,-0.00088155205770014,0.00889850253170037,2
4,art,43,shuffled8,ridge,7.137377722016223,0.1314524443738527,0.15632856489882482,0.18535944902313647,2
4,art,48,pca8,ridge,7.219731603329192,0.6566420660239748,0.6587209647812245,0.6692959358798326,2
4,art,48,random8,ridge,3.788161966010335,0.19101239718421892,0.28852135142434554,0.27803369363849084,2
4,art,48,shuffled8,ridge,7.183235064394929,0.4764780935524034,0.5676786284014439,0.5603055937719202,2
4,art,49,pca8,ridge,7.241744800280769,0.33247198070780604,0.575868475647686,0.5232071581723228,2
4,art,49,random8,ridge,3.782875402833488,0.03647303076964319,0.21357039232557828,0.16285993492043607,2
4,art,49,shuffled8,ridge,7.161280602488187,0.029580502694250946,-0.041299508474260734,0.04689217556779962,2
4,art,56,pca8,ridge,7.213711935635571,0.13231865303987728,0.16077836262331432,0.20758919812018642,2
4,art,56,random8,ridge,3.7700423783237627,0.061087543760852826,0.1791081433784153,0.22736876244547763,2
4,art,56,shuffled8,ridge,6.938212781160381,0.021988959968301677,0.01675865669037804,0.050970112851516904,2
4,art,61,pca8,ridge,7.219909250526971,0.27591592672851734,0.3100011281803409,0.3603096135656008,2
4,art,61,random8,ridge,3.7408682506808026,0.12262922081320402,0.34631253682013485,0.3392707814452076,2
4,art,61,shuffled8,ridge,7.0929925594750785,0.21058064997687984,0.364819318295389,0.35722302474386797,2
4,art,72,pca8,ridge,7.229228823227768,0.2996726134395412,0.3234549475905821,0.343418334953658,2
4,art,72,random8,ridge,3.7272723565227346,0.04848590531979875,0.2831850558104295,0.2239929307875334,2
4,art,72,shuffled8,ridge,7.1017202354345645,0.07250780138998311,0.14582884077812686,0.18083615481131093,2
4,art,77,pca8,ridge,7.245056570009822,0.3756445591195946,0.4640791068719334,0.4474065710691186,2
4,art,77,random8,ridge,3.7270296359969928,0.133280308600798,0.3487396892241588,0.29271460827775253,2
4,art,77,shuffled8,ridge,7.22735296492956,0.23559564693084417,0.2805058595646647,0.3374938900406135,2
4,art,78,pca8,ridge,7.240891388206272,0.5081896960148928,0.5936445903070122,0.6181176639665736,2
4,art,78,random8,ridge,3.77881756036982,0.2051899213010171,0.4871334198303516,0.40108430283417595,2
4,art,78,shuffled8,ridge,7.094384781108447,0.26198273500818836,0.24001962190670234,0.32156142483675115,2
4,art,89,pca8,ridge,7.226651954133162,0.2897501929992299,0.3258911773543646,0.3400531618720511,2
4,art,89,random8,ridge,3.7720423252182917,0.01745937078883846,0.08654831391170172,0.10365010324365434,2
4,art,89,shuffled8,ridge,7.150732986332225,0.24202875531633466,0.29007287049102354,0.29794021721741765,2
4,art,90,pca8,ridge,7.211081929931943,0.3595155121691669,0.41984548511886677,0.4704128837655239,2
4,art,90,random8,ridge,3.7993816126428435,0.1136551543342702,0.3261700149048305,0.3100319705740583,2
4,art,90,shuffled8,ridge,7.008580916010737,0.15093481104219936,0.27250592904285337,0.23685588536334612,2
4,art,97,pca8,ridge,7.243223112781173,0.17765292178761274,0.3181411937209099,0.2857908924697105,2
4,art,97,random8,ridge,3.7382017964136414,0.08671333607007775,0.3358520430313258,0.2728033235362725,2
4,art,97,shuffled8,ridge,7.097946388525661,0.20813179698851908,0.2914239750168449,0.30634761164829916,2
4,art,103,pca8,ridge,7.233374495328202,0.5304580306573926,0.5675333572482804,0.6021806671830777,2
4,art,103,random8,ridge,3.7251079393244844,0.08637253448232546,0.22307900415107912,0.24011093830326355,2
4,art,103,shuffled8,ridge,7.102096850724709,0.2710136431791257,0.25693029439602805,0.338720353738868,2
4,art,108,pca8,ridge,7.215674005489116,0.2940563083657375,0.4073776801804814,0.3921333713530007,2
4,art,108,random8,ridge,3.683505317164132,0.03348790637033382,0.11054769183003188,0.1554570176419855,2
4,art,108,shuffled8,ridge,7.013750146418331,0.23609404981424587,0.31450967311751665,0.3235152565174263,2
4,art,114,pca8,ridge,7.233165698220809,0.5292488893204068,0.6412590185076501,0.6288579657015992,2
4,art,114,random8,ridge,3.702761587725524,0.28354626766288926,0.589357224825924,0.5711571947879946,2
4,art,114,shuffled8,ridge,7.053620098210185,0.29471564009471174,0.46775873677159424,0.43987855231483153,2
4,art,115,pca8,ridge,7.2195426027265475,-0.047450630437045616,-0.044695899013523985,-0.05530440507529184,2
4,art,115,random8,ridge,3.758341777024325,-0.019642350703675156,-0.09390893675713816,-0.06129113695460185,2
4,art,115,shuffled8,ridge,7.031576817445606,0.06413800301705698,0.06876749356203092,0.08826052787509525,2
4,art,124,pca8,ridge,7.217943799165408,0.47216088832654235,0.5303789529294912,0.5558296673582971,2
4,art,124,random8,ridge,3.7544652328996198,0.06325742975359303,0.21781363329093043,0.14736255858970893,2
4,art,124,shuffled8,ridge,7.03293706461198,0.20350107629911016,0.3012913220562145,0.3474484588315767,2
4,art,134,pca8,ridge,7.23153922375549,0.47590774789175744,0.5631484035828097,0.5321037046836656,2
4,art,134,random8,ridge,3.7579410434483917,0.059169026740455,0.16111767935969307,0.13786144714721657,2
4,art,134,shuffled8,ridge,7.081703698746599,0.30437571210095443,0.3620837850727923,0.3686446421194722,2
4,art,135,pca8,ridge,7.227069739938193,0.24836333553704762,0.3601680127791533,0.3409086980892725,2
4,art,135,random8,ridge,3.8114277806248453,0.11561563975430271,0.2824491384850791,0.2345388064062289,2
4,art,135,shuffled8,ridge,7.1120460331360915,0.09385676502414193,0.22967893006361623,0.16733324816165127,2
4,art,142,pca8,ridge,7.224442368684373,0.6026233201128431,0.6680100264664601,0.6810258910366607,2
4,art,142,random8,ridge,3.710240075312881,0.133579857793867,0.2751018666167201,0.2962070206828647,2
4,art,142,shuffled8,ridge,6.98306418864218,0.3549849662117053,0.4849649997886315,0.5073999130592088,2
4,art,143,pca8,ridge,7.236003557612015,0.6511651252330577,0.7639329622040089,0.748856704094252,2
4,art,143,random8,ridge,3.770459952989676,0.25533988048994327,0.588541684181701,0.5258433997800083,2
4,art,143,shuffled8,ridge,7.089249620573162,0.24936184795561075,0.3627388340400152,0.34687015885445976,2
4,fashion,1,pca8,ridge,3.9077814025688307,0.23230817608030893,0.5954814380109917,0.5484134022300545,2
4,fashion,1,random8,ridge,7.965780385572833,0.037610697527874146,0.12386191649701628,0.06950915969020062,2
4,fashion,1,shuffled8,ridge,2.682174109614625,0.036693739074040346,0.17946092026989224,0.15715674261453416,2
4,fashion,2,pca8,ridge,3.908698572620735,0.12159389626018596,0.2824334954215517,0.2779480156050586,2
4,fashion,2,random8,ridge,7.969582320573697,-0.00045752356121079565,0.08100186659642668,-0.0011284892504929594,2
4,fashion,2,shuffled8,ridge,2.641102135514061,0.013505996487862312,0.08474502124506007,0.07596603918319227,2
4,fashion,12,pca8,ridge,3.925353284873153,0.17435064310464127,0.3378223690581757,0.3723287488959754,2
4,fashion,12,random8,ridge,7.969144797523546,0.07960989140540423,0.1221652918590534,0.11649889616610734,2
4,fashion,12,shuffled8,ridge,2.6402180107721054,0.06183539586136772,0.16552892231646119,0.23521031254229446,2
4,fashion,13,pca8,ridge,3.8922206474279144,0.16716939870142786,0.377127769127401,0.40623166707739655,2
4,fashion,13,random8,ridge,7.96783614282031,-0.0834895171223958,-0.2673404752667139,-0.13601497534495222,2
4,fashion,13,shuffled8,ridge,2.8036397717214703,0.17171394355581218,0.3261939885220597,0.353589145972646,2
4,fashion,26,pca8,ridge,3.9352039175417746,0.04293230788816158,0.12092293072073902,0.11460581239456,2
4,fashion,26,random8,ridge,7.967629987640606,-0.08055054598116267,-0.20831516170586536,-0.15805216473046887,2
4,fashion,26,shuffled8,ridge,2.6130174775711565,0.028175266392633014,0.10908856610816982,0.0952437380588632,2
4,fashion,29,pca8,ridge,3.8807167209615856,0.16707003785482666,0.33759625180825653,0.34425092719559636,2
4,fashion,29,random8,ridge,7.969134031025291,0.19898205836653401,0.3596373563876856,0.34301841407397815,2
4,fashion,29,shuffled8,ridge,2.7397087761150702,-0.016004755417270197,-0.11010056525629135,-0.06554248014514406,2
4,fashion,34,pca8,ridge,3.915208363180392,0.18347409385805147,0.4186570812181609,0.40959736396260127,2
4,fashion,34,random8,ridge,7.96935038144518,0.07828792231302178,0.051128465493776566,0.1389151920078316,2
4,fashion,34,shuffled8,ridge,2.617028720959072,0.0832891346454674,0.3217769487050966,0.3940643914550177,2
4,fashion,38,pca8,ridge,3.8832447911555117,0.05056995571209513,0.14828369502819808,0.13486735785999346,2
4,fashion,38,random8,ridge,7.968129264901502,-0.1231996850542429,-0.1716917226581064,-0.1849154101544361,2
4,fashion,38,shuffled8,ridge,2.686424210478699,0.031049971541390265,0.09998923802333466,0.12014936308043629,2
4,fashion,43,pca8,ridge,3.9334738975240855,0.23574207727402421,0.3740578201487181,0.4894866960782837,2
4,fashion,43,random8,ridge,7.968416001154091,-0.06356025399051862,-0.11682523319865003,-0.11030234990782713,2
4,fashion,43,shuffled8,ridge,2.5829506181219304,0.019405242703202746,0.10024867983938213,0.08444796113279318,2
4,fashion,48,pca8,ridge,3.9346455779413647,0.082589010377408,0.2080169907179963,0.21218526377770847,2
4,fashion,48,random8,ridge,7.966471703650276,0.2735084072127616,0.31281342922365346,0.35810414408626495,2
4,fashion,48,shuffled8,ridge,2.7735196794471513,-0.010768956832623806,-0.0722445372593041,-0.0627710450218792,2
4,fashion,49,pca8,ridge,3.95588155894532,0.02873102624148808,0.08983338165183916,0.07854465959129722,2
4,fashion,49,random8,ridge,7.969798302886037,-0.015381459978683591,-0.02350640153223125,-0.03162566686236815,2
4,fashion,49,shuffled8,ridge,2.6021966717522407,-0.030818458046656564,-0.08459310105548189,-0.11179354948854071,2
4,fashion,56,pca8,ridge,3.8652423870475587,-0.06920003960651784,-0.16566326695352893,-0.14354514454775524,2
4,fashion,56,random8,ridge,7.966430349535299,-0.07993331006476341,-0.0834426149671094,-0.10715098481847658,2
4,fashion,56,shuffled8,ridge,2.677072626430176,-0.05822831764685857,-0.15641126152830548,-0.163848756966931,2
4,fashion,61,pca8,ridge,3.851846789567415,0.1095464290208858,0.17979834989010599,0.22162903188677852,2
4,fashion,61,random8,ridge,7.967371915088023,0.07284889998956232,0.13631247010872494,0.09096374102650417,2
4,fashion,61,shuffled8,ridge,2.6833232557662874,0.08792336132347728,0.17369331268259333,0.15913834543886318,2
4,fashion,72,pca8,ridge,3.9511532442128336,0.09895841833361001,0.22092674068251839,0.24905453596938326,2
4,fashion,72,random8,ridge,7.967997060328796,0.04884971146753636,0.13840367305892198,0.10271059455521352,2
4,fashion,72,shuffled8,ridge,2.6237758420793766,0.029342832344188215,0.07992738656481269,0.07537128545458968,2
4,fashion,77,pca8,ridge,3.847099149803188,0.08006845902694258,0.309549221476166,0.2755923600602849,2
4,fashion,77,random8,ridge,7.9678302732771416,0.26766600475576635,0.44450873873758995,0.4355458187874046,2
4,fashion,77,shuffled8,ridge,2.806114253822528,0.15447742593458239,0.4002451717175904,0.39682277188270054,2
4,fashion,78,pca8,ridge,3.9173949162753963,0.1584009481578959,0.4064419566878561,0.43165483305588365,2
4,fashion,78,random8,ridge,7.968770884001593,0.027664146976228182,0.06387801211646203,0.06148278539556487,2
4,fashion,78,shuffled8,ridge,2.671705365031699,0.03271436818651151,0.19637868932128905,0.2148304088130688,2
4,fashion,89,pca8,ridge,3.8892390718693757,0.22604393784303956,0.4883523479514349,0.5027479249063652,2
4,fashion,89,random8,ridge,7.96863596425725,0.2565487893488452,0.394641092717838,0.3544420732859064,2
4,fashion,89,shuffled8,ridge,2.7084025088866586,0.04181958449483818,0.21071490338652715,0.2058252317943879,2
4,fashion,90,pca8,ridge,3.924460826135694,0.11475901297300962,0.30160204986640016,0.3202650710742357,2
4,fashion,90,random8,ridge,7.970247554464717,-0.0030898659879055137,0.02294108487412333,-0.005799936668007736,2
4,fashion,90,shuffled8,ridge,2.5884696632538184,0.03600548631263436,0.1953408971622161,0.21326512160892783,2
4,fashion,97,pca8,ridge,3.9011584295860495,0.08160036072609014,0.27415242957582575,0.29370328392080974,2
4,fashion,97,random8,ridge,7.967717677136236,0.13299282255314304,0.17195721587233714,0.16554936642308618,2
4,fashion,97,shuffled8,ridge,2.7463435754996093,0.08759220976350864,0.2040334580976337,0.21379379343507524,2
4,fashion,103,pca8,ridge,3.9023240286324006,0.05131011592662964,0.16877915636050714,0.13991636756427372,2
4,fashion,103,random8,ridge,7.968003234720065,0.09308798271959248,0.23309972111827798,0.23032085990633053,2
4,fashion,103,shuffled8,ridge,2.7843820876312266,0.0728947007200489,0.25488893569125926,0.24417057686699975,2
4,fashion,108,pca8,ridge,3.873714267347759,0.0036662994284998277,-0.02288651127221125,0.012546320229417537,2
4,fashion,108,random8,ridge,7.965865037213573,-0.00905769403975197,-0.011492368321239125,-0.023772257355964988,2
4,fashion,108,shuffled8,ridge,2.623452031498497,0.05777085532290815,0.2213508718966869,0.25055718908364405,2
4,fashion,114,pca8,ridge,3.9106390691045534,0.18888488230448044,0.23834530794409406,0.3508491050195678,2
4,fashion,114,random8,ridge,7.968526801438627,0.03151118125406643,-0.03248074048691747,0.049120099937057904,2
4,fashion,114,shuffled8,ridge,2.6951946472784907,0.1265578270115776,0.5181086670436758,0.547967436219476,2
4,fashion,115,pca8,ridge,3.918317049328327,0.14629708434037317,0.11665149138421389,0.2993166095495182,2
4,fashion,115,random8,ridge,7.968890275433917,0.16828103027166313,0.1751858626357714,0.2619686616289245,2
4,fashion,115,shuffled8,ridge,2.5433553857761653,0.13307567311059257,0.27914099854485114,0.3474389172069918,2
4,fashion,124,pca8,ridge,3.9109995919767173,0.14614764119270587,0.30781919155032933,0.3544957312778435,2
4,fashion,124,random8,ridge,7.96843579688166,0.103634302010177,0.17988216536995913,0.1423204126313623,2
4,fashion,124,shuffled8,ridge,2.7082882390613405,0.07437963739779196,0.24135231505222818,0.2932264484225122,2
4,fashion,134,pca8,ridge,3.8948712251654953,0.16319822033615802,0.2936501505342478,0.2918420735108725,2
4,fashion,134,random8,ridge,7.965677812621958,-0.0016197055292843437,0.02706059687774997,-0.0024590411358670463,2
4,fashion,134,shuffled8,ridge,2.674046178583429,0.18580887473651556,0.4873919749335745,0.5075203071298107,2
4,fashion,135,pca8,ridge,3.9317336192126993,0.15157654684247457,0.22578629410079548,0.3051482900549318,2
4,fashion,135,random8,ridge,7.969098636281551,0.19354756732417047,0.2534090854003609,0.24084361140239324,2
4,fashion,135,shuffled8,ridge,2.6664710294386453,0.05443685390400473,0.32892138987689024,0.2837839885484644,2
4,fashion,142,pca8,ridge,3.849092443253078,0.033009523528941966,0.0946085772300877,0.08460641235095923,2
4,fashion,142,random8,ridge,7.965874529735838,0.09089126762429708,0.08928208896780393,0.13487554421097842,2
4,fashion,142,shuffled8,ridge,2.823258485094706,0.12381369009848363,0.18378920927861006,0.2519463067707648,2
4,fashion,143,pca8,ridge,3.9173032964935683,0.21518790621661862,0.37314432235169376,0.44689871241542,2
4,fashion,143,random8,ridge,7.96948595927574,-0.01013992148074168,0.023961972433957587,-0.015047304447559657,2
4,fashion,143,shuffled8,ridge,2.6528275856044248,0.14218785601872583,0.37014260658242903,0.3812830083853447,2
4,landscape,1,pca8,ridge,7.737469682695345,0.5356414449789327,0.6102989681530312,0.6214314382832915,2
4,landscape,1,random8,ridge,0.0007999046005893937,1.4846389927935575e-05,0.2950341898818485,0.2263777328389389,2
4,landscape,1,shuffled8,ridge,5.419834385590895,0.18235602738014853,0.3426591727473917,0.3604400407691198,2
4,landscape,2,pca8,ridge,7.736200612266578,0.3206706872592858,0.4417515571155941,0.4621665953669588,2
4,landscape,2,random8,ridge,0.0007999070513957407,8.090739169125732e-06,0.07777033655916986,0.11166812341426716,2
4,landscape,2,shuffled8,ridge,5.439808448840027,0.08358523898701037,0.1376399573532697,0.143596873021714,2
4,landscape,12,pca8,ridge,7.730388718833103,0.6788805890891576,0.6660810229729343,0.6911865486248114,2
4,landscape,12,random8,ridge,0.0007999068967810158,8.222247016892125e-06,0.14931837534079712,0.11277295416140282,2
4,landscape,12,shuffled8,ridge,5.522828542589175,0.2395917012608256,0.3417675651803719,0.3393258258784453,2
4,landscape,13,pca8,ridge,7.740443256917768,0.2699535550784167,0.39070336433841124,0.4157004080483946,2
4,landscape,13,random8,ridge,0.0007999028381538914,8.141546891829376e-06,0.21164318325397832,0.2453168412644934,2
4,landscape,13,shuffled8,ridge,5.471303458542264,0.04323358832073168,0.13867286701799042,0.10673253718113598,2
4,landscape,26,pca8,ridge,7.730581167802937,0.14673645809741653,0.17029778797464573,0.22706841186809887,2
4,landscape,26,random8,ridge,0.0007999061016287232,1.1965302619229566e-05,0.25441367978187973,0.2584913546091352,2
4,landscape,26,shuffled8,ridge,5.751415027850213,0.1257159918673171,0.2648420827427766,0.23239023187888563,2
4,landscape,29,pca8,ridge,7.7378611802471395,0.2651312179397213,0.36227050045246545,0.3684782615072001,2
4,landscape,29,random8,ridge,0.0007999032014922662,-2.1000150504163764e-06,-0.041681185684161876,-0.026778153659698677,2
4,landscape,29,shuffled8,ridge,5.516914846369265,-0.018094001189734987,-0.02653363283796646,-0.03547040428034485,2
4,landscape,34,pca8,ridge,7.72829849896601,0.48962094190154853,0.6877022618663232,0.6613146231965006,2
4,landscape,34,random8,ridge,0.0007999068946233265,1.0623806474626955e-05,0.26692963195325475,0.16877703697757346,2
4,landscape,34,shuffled8,ridge,5.313861039721228,0.24526018020081217,0.47252830174506455,0.44682281559205467,2
4,landscape,38,pca8,ridge,7.741092528687547,0.1315832481748394,0.38696703523870635,0.2859528616998197,2
4,landscape,38,random8,ridge,0.00079990441371669,-2.933820213245013e-07,-0.011849609653162355,-0.006448438688816007,2
4,landscape,38,shuffled8,ridge,5.374818893673742,0.04892939588261192,0.18026862685397863,0.14564041323823582,2
4,landscape,43,pca8,ridge,7.728209558384129,0.44441615465445405,0.45065664323013876,0.49820412960591864,2
4,landscape,43,random8,ridge,0.0007999041002215565,5.481684302741115e-05,0.3026134141505869,0.3223999144318586,2
4,landscape,43,shuffled8,ridge,5.563481851562272,0.22915162942839515,0.3264466928467606,0.34596244531549425,2
4,landscape,48,pca8,ridge,7.737149141496563,0.43686789380971364,0.4199671865936536,0.47295349441897705,2
4,landscape,48,random8,ridge,0.0007999043723191305,3.961191835768883e-05,0.35492711339529553,0.3775000503875535,2
4,landscape,48,shuffled8,ridge,5.221600078894677,0.27444381437362175,0.33411839021284206,0.3658247495580787,2
4,landscape,49,pca8,ridge,7.72388183275857,0.37293391954043265,0.5024076839398656,0.5269667623015405,2
4,landscape,49,random8,ridge,0.0007999061623666418,2.566440564231587e-05,0.24268930143933648,0.2781251155972208,2
4,landscape,49,shuffled8,ridge,5.388327540328408,0.19838405223462224,0.44345320447655534,0.48935092583080697,2
4,landscape,56,pca8,ridge,7.742614980170767,0.08934580042717141,0.17869366099405556,0.16497472756076612,2
4,landscape,56,random8,ridge,0.0007999070726368017,1.3648541376266904e-05,0.2698141258433817,0.25440943870829785,2
4,landscape,56,shuffled8,ridge,5.348427534873248,0.11732882912184928,0.30351317853704973,0.20574556332622862,2
4,landscape,61,pca8,ridge,7.74509363588777,0.3507479646726538,0.41377966172506103,0.42239188815647566,2
4,landscape,61,random8,ridge,0.00079990527223708,4.1128975962013384e-05,0.36795206647151196,0.3712285033551845,2
4,landscape,61,shuffled8,ridge,5.533967017423657,0.1687138651759714,0.2832094182652286,0.26371320375995155,2
4,landscape,72,pca8,ridge,7.7449240417484155,0.30450256317872254,0.4544024594846005,0.4505328154379633,2
4,landscape,72,random8,ridge,0.0007999076420146816,1.486456710023052e-05,0.19517070500605013,0.17548968604255294,2
4,landscape,72,shuffled8,ridge,5.4363381616590996,0.1325035617803326,0.27407158474626264,0.30334119302677237,2
4,landscape,77,pca8,ridge,7.737341435904175,0.22118704133468703,0.2484997300428061,0.28229681167892595,2
4,landscape,77,random8,ridge,0.0007999068617556718,4.848396433831773e-06,0.057447809093459125,0.10534314184267417,2
4,landscape,77,shuffled8,ridge,5.452587864155623,0.04855641329578048,0.11092863392726761,0.10951532906008735,2
4,landscape,78,pca8,ridge,7.732949749462959,0.18247969833425676,0.21569554568238025,0.23390064231969346,2
4,landscape,78,random8,ridge,0.0007999070714496639,5.806275270080105e-06,0.02281868061938542,0.06072650763546207,2
4,landscape,78,shuffled8,ridge,5.40140709408176,0.031824674030693674,0.0028523350774231774,0.04470841820772471,2
4,landscape,89,pca8,ridge,7.738011812306367,0.17858726700175484,0.2707340499640458,0.3284019547012559,2
4,landscape,89,random8,ridge,0.0007999028182278147,-3.7337685794658137e-06,0.01253489768335174,-0.032888304901110006,2
4,landscape,89,shuffled8,ridge,5.4038476000271825,0.17570573236441303,0.41809312272974775,0.43445351330446164,2
4,landscape,90,pca8,ridge,7.739992144926687,0.31095269619831994,0.4628468847032644,0.3676494866843433,2
4,landscape,90,random8,ridge,0.0007999053046517658,7.75052142708535e-06,0.03270859143519173,0.09182771202095068,2
4,landscape,90,shuffled8,ridge,5.513148938967111,0.1658874440764215,0.2941233742254586,0.2432071365111714,2
4,landscape,97,pca8,ridge,7.740006728650659,0.45650399487984805,0.5240921932997447,0.5313991698889688,2
4,landscape,97,random8,ridge,0.0007999054172337581,1.0393879362363898e-07,0.00851964612357217,0.0015841450177202232,2
4,landscape,97,shuffled8,ridge,5.473078388811243,0.057668148792294906,0.06188799542594879,0.09235254009095481,2
4,landscape,103,pca8,ridge,7.74315294526593,0.36687967323657045,0.472071395781329,0.4712118812428647,2
4,landscape,103,random8,ridge,0.0007999023624193993,2.5255309547178337e-05,0.3410645120577183,0.27089801641738304,2
4,landscape,103,shuffled8,ridge,5.494960218022287,0.16852465334436567,0.28196254292331663,0.3116321138814921,2
4,landscape,108,pca8,ridge,7.7435352402621165,0.2936280666898522,0.3188984691845562,0.3181736453240616,2
4,landscape,108,random8,ridge,0.0007999025920786141,4.012337780680645e-05,0.39104544675614694,0.3559543722147062,2
4,landscape,108,shuffled8,ridge,5.407552181191611,0.16189685279424312,0.2505770961340969,0.2806988935201569,2
4,landscape,114,pca8,ridge,7.738188777630424,0.1583835152756316,0.23860912885017016,0.22160578828867653,2
4,landscape,114,random8,ridge,0.0007999056780072447,1.5538981787432877e-06,0.038646201642399555,0.015549608816223841,2
4,landscape,114,shuffled8,ridge,5.336209594506227,-0.03822194386490967,-0.03590356797745507,-0.08675419528623633,2
4,landscape,115,pca8,ridge,7.736978868520902,0.15067388476513494,0.15278397569618035,0.19000752796090892,2
4,landscape,115,random8,ridge,0.0007999079413643819,8.76544768169059e-06,0.1147295914563835,0.16041395623192764,2
4,landscape,115,shuffled8,ridge,5.423796210633624,0.08711720367270605,0.007209220289000758,0.13212672116097457,2
4,landscape,124,pca8,ridge,7.742560746298617,0.4187558784813361,0.5135255742574169,0.5190133927357283,2
4,landscape,124,random8,ridge,0.0007999022772537229,-6.818869002444551e-06,-0.07394173164826738,-0.12060683149859505,2
4,landscape,124,shuffled8,ridge,5.483045298091359,0.12789512881711013,0.23799219998660973,0.23446041153668323,2
4,landscape,134,pca8,ridge,7.7300053746693616,0.27836910923230135,0.37639254851147336,0.36346298307987707,2
4,landscape,134,random8,ridge,0.0007999087830588245,9.06449225163843e-06,0.14031025428105917,0.14125253649011454,2
4,landscape,134,shuffled8,ridge,5.58895449695016,0.019409345515030384,0.09730955068909089,0.04285875057509437,2
4,landscape,135,pca8,ridge,7.722886966442183,0.34477803843409827,0.37957785073126876,0.44176568109822256,2
4,landscape,135,random8,ridge,0.000799906465159213,2.325587514043142e-05,0.1852795594857506,0.2326116590699339,2
4,landscape,135,shuffled8,ridge,5.256917561599167,0.12806463231256038,0.20637600804661033,0.21346034738830458,2
4,landscape,142,pca8,ridge,7.739515773823471,0.4044647081196971,0.4305533606911368,0.4648316140618914,2
4,landscape,142,random8,ridge,0.000799906081601911,6.346327012336253e-06,0.05766206618553579,0.07659042377880078,2
4,landscape,142,shuffled8,ridge,5.190929958161411,0.1584105232065066,0.2905949605956674,0.2803788422153381,2
4,landscape,143,pca8,ridge,7.737847550418423,0.6047584725575016,0.7023334725655638,0.7114851828084451,2
4,landscape,143,random8,ridge,0.0007999080447400879,2.6647137424571947e-05,0.3805285035305061,0.3517268942499763,2
4,landscape,143,shuffled8,ridge,5.263176492137914,0.29418502407249336,0.5623965392998141,0.504529264144669,2
