fold,domain,user_id,mediator,head,eff_dof,ccc,srocc,plcc,seed,stage2_variant
0,art,3,population,ridge,,0.06964841706301013,0.10003716909823884,0.09597848538386843,2,C
0,art,3,identity,ridge,25.93579358411934,0.08210184045414554,0.08514427027068518,0.14161574374553385,2,C
0,art,3,random,ridge,3.3071077310231627,0.06500680967099962,0.09136597471509082,0.09326397260036313,2,C
0,art,3,shuffled,ridge,4.732495585377324,0.05141232778114729,0.03105953242325339,0.08637168353054867,2,C
0,art,3,pca,ridge,5.2444573694974785,0.0697484819041045,0.17117035691931756,0.1218903531115525,2,C
0,art,3,emotion,ridge,4.749825000622692,0.030999788072175558,0.04678525782997948,0.10062358195905276,2,C
0,art,3,population,mlp,,0.012873510898555032,0.0082302861941744,0.015744197396967845,2,C
0,art,3,identity,mlp,,0.1847991789376255,0.14579364115394652,0.19291558181043755,2,C
0,art,3,random,mlp,,-0.08484365380525298,-0.10611190414631994,-0.10513323711095901,2,C
0,art,3,shuffled,mlp,,0.0969024865995596,0.08470336208171153,0.11868630510483719,2,C
0,art,3,pca,mlp,,0.09289623255660498,0.184201643393427,0.12014273716004821,2,C
0,art,3,emotion,mlp,,-0.15477622045829859,-0.18645517413707002,-0.20456751851251234,2,C
0,art,3,gt_emotion,ridge,6.724840859253102,0.7842236900183687,0.8127491571512181,0.8343545768710184,2,C
0,art,14,population,ridge,,0.32090657083753593,0.6387189479847772,0.6318512530494379,2,C
0,art,14,identity,ridge,26.146016696019746,0.5198294929005938,0.6272946258729103,0.6176580088716922,2,C
0,art,14,random,ridge,3.2515854912986315,0.48479923301482253,0.6639021275965887,0.6524525076328439,2,C
0,art,14,shuffled,ridge,4.807264364975331,0.42491630385031165,0.5756864925066933,0.5479526110581607,2,C
0,art,14,pca,ridge,5.238415743097986,0.4864034083162538,0.6263508775245386,0.5799504246829228,2,C
0,art,14,emotion,ridge,4.709696635675319,0.49474259794292424,0.6226255550967559,0.6110043511131859,2,C
0,art,14,population,mlp,,0.3076959185690101,0.5435990486620579,0.5211985061553566,2,C
0,art,14,identity,mlp,,0.2947737265796747,0.48737151548539037,0.428636135960795,2,C
0,art,14,random,mlp,,0.37906661302098105,0.4768909417218949,0.44244907020884366,2,C
0,art,14,shuffled,mlp,,0.07907953939379855,0.12745569799587358,0.09026665153138472,2,C
0,art,14,pca,mlp,,0.4589241540006388,0.5269096041855912,0.49489918532101607,2,C
0,art,14,emotion,mlp,,0.2611907963801604,0.2757235306216268,0.298692664653639,2,C
0,art,14,gt_emotion,ridge,4.82953546828118,0.5782243342623432,0.7623983691861446,0.7092215305826629,2,C
0,art,15,population,ridge,,0.16769022027659541,0.22654084980961536,0.2301194066852365,2,C
0,art,15,identity,ridge,26.20570194211716,0.16589203917512813,0.17635775016824487,0.17415048151549437,2,C
0,art,15,random,ridge,3.3029986684391286,0.22638692703901714,0.24523339062841157,0.22756157499818516,2,C
0,art,15,shuffled,ridge,4.965799930966505,0.22403100838451862,0.235462289745859,0.2286957918542985,2,C
0,art,15,pca,ridge,5.2412453125490295,0.17460711207127375,0.18145571584609838,0.19116487243873578,2,C
0,art,15,emotion,ridge,4.690248366749343,0.15052832804733987,0.24358717254493803,0.19961593802272995,2,C
0,art,15,population,mlp,,0.21466197391479777,0.32828774813010836,0.2825141461147289,2,C
0,art,15,identity,mlp,,-0.06642007491205337,-0.1148104353699926,-0.09276557541248934,2,C
0,art,15,random,mlp,,0.14086616817071318,0.024746375061247248,0.14683938933912466,2,C
0,art,15,shuffled,mlp,,0.06747045900268536,0.18910266436287865,0.08143967601978493,2,C
0,art,15,pca,mlp,,0.08342911881728922,0.15585967983854224,0.09057597830351619,2,C
0,art,15,emotion,mlp,,0.15135747516839068,0.24406510682723678,0.1718120725575419,2,C
0,art,15,gt_emotion,ridge,2.908369208691603,0.4228055098203349,0.6381719865599667,0.6436590277410313,2,C
0,art,19,population,ridge,,0.5000572351739344,0.5763815116948287,0.5774940397691585,2,C
0,art,19,identity,ridge,26.51827816995044,0.5102451062242293,0.6094529909032813,0.6079911177427268,2,C
0,art,19,random,ridge,3.269555307565725,0.48651077050139396,0.6050135314016943,0.6044896392975734,2,C
0,art,19,shuffled,ridge,4.685238399414572,0.50119097155808,0.6115978983029245,0.6107741401286103,2,C
0,art,19,pca,ridge,5.262146986766959,0.46488974503056135,0.5664051982081159,0.5759825944297822,2,C
0,art,19,emotion,ridge,4.680131667113778,0.46601897028400163,0.55862367368848,0.5658411715998374,2,C
0,art,19,population,mlp,,0.43579815460636945,0.469784602089303,0.47008350655656633,2,C
0,art,19,identity,mlp,,0.17479895350691413,0.2354409982864207,0.23465257780222618,2,C
0,art,19,random,mlp,,0.16215015961805843,0.14530500593397108,0.202226813862913,2,C
0,art,19,shuffled,mlp,,0.1600917379359016,0.2038160845335413,0.21155318878084775,2,C
0,art,19,pca,mlp,,0.3414471200748525,0.3735630585099586,0.40003587092830895,2,C
0,art,19,emotion,mlp,,0.3672470180026001,0.4382095699038572,0.3999690041562626,2,C
0,art,19,gt_emotion,ridge,6.0059679682880605,0.9065387401893149,0.8853250260531242,0.9188744386813849,2,C
0,art,21,population,ridge,,0.25805700349803296,0.46201014511087224,0.46335751634402733,2,C
0,art,21,identity,ridge,25.82276930731114,0.47106697318684737,0.514819926557249,0.5640449191322942,2,C
0,art,21,random,ridge,3.1957695131650934,0.3349046401384807,0.46201014511087224,0.45728620874151665,2,C
0,art,21,shuffled,ridge,4.60861921134275,0.34552557329234224,0.452856449660167,0.4372904924799479,2,C
0,art,21,pca,ridge,5.259622678622351,0.43573492230818645,0.5583251274630735,0.5439955940958524,2,C
0,art,21,emotion,ridge,4.704220429596973,0.4478883832093293,0.5309143361409066,0.538345616905515,2,C
0,art,21,population,mlp,,0.28393219413874055,0.38405284869003053,0.38614077762889687,2,C
0,art,21,identity,mlp,,0.09890258155061385,0.11789155020029224,0.12755913392762677,2,C
0,art,21,random,mlp,,0.13708509731944407,0.19353527524348318,0.1474527032025077,2,C
0,art,21,shuffled,mlp,,0.2696545782319433,0.31087358011433724,0.3199631380624263,2,C
0,art,21,pca,mlp,,0.4018575003784954,0.3997951930640457,0.42391933132612447,2,C
0,art,21,emotion,mlp,,0.16514160717662207,0.2192863305773354,0.17569905086643453,2,C
0,art,21,gt_emotion,ridge,6.185572750922691,0.7121701846228439,0.7073235522167572,0.7579491679183135,2,C
0,art,22,population,ridge,,0.2893085154397253,0.41978599884486145,0.4241239647530752,2,C
0,art,22,identity,ridge,26.032452510861702,0.44052847604204465,0.4729530494988384,0.49624848765985463,2,C
0,art,22,random,ridge,3.289950541764996,0.3357047097999371,0.39588030116070155,0.4182315197497955,2,C
0,art,22,shuffled,ridge,4.781666161069881,0.32365099315609436,0.38911270039064405,0.4005118087385832,2,C
0,art,22,pca,ridge,5.242942766787503,0.4603898369868153,0.4783087047844954,0.5139006303052761,2,C
0,art,22,emotion,ridge,4.611889082261254,0.3241562081174574,0.3611659173545793,0.35387906946670356,2,C
0,art,22,population,mlp,,0.2690912977186951,0.2871604988618642,0.34883413531693136,2,C
0,art,22,identity,mlp,,0.3731474095355553,0.4302538705395548,0.38904487952188227,2,C
0,art,22,random,mlp,,0.2516452751180749,0.23749896803122644,0.27725138676249494,2,C
0,art,22,shuffled,mlp,,0.1458124158532468,0.15984196638919979,0.15319962323066375,2,C
0,art,22,pca,mlp,,0.438809307095494,0.4716384795650862,0.45849433155809877,2,C
0,art,22,emotion,mlp,,0.08150949361762719,0.044159812219008276,0.08355988975319179,2,C
0,art,22,gt_emotion,ridge,6.036192576516655,0.6117755407545267,0.7000955518853148,0.6827297267581948,2,C
0,art,30,population,ridge,,-0.18719268318792687,-0.21670274638038162,-0.2097888838324148,2,C
0,art,30,identity,ridge,26.225263533047816,0.16815831124441638,0.24469310568008407,0.2385512934653047,2,C
0,art,30,random,ridge,3.2136654548060464,-1.2091972432945379e-05,-0.025764977376581205,-1.5532605575008785e-05,2,C
0,art,30,shuffled,ridge,4.792655873595154,0.14679523314009355,0.21516970550000925,0.18388958130733862,2,C
0,art,30,pca,ridge,5.267381224940958,0.17404394174347942,0.24894605779982681,0.2560434648056636,2,C
0,art,30,emotion,ridge,4.948695340039309,0.1628828005979665,0.29676704268112053,0.2802148513696447,2,C
0,art,30,population,mlp,,-0.23697427588254916,-0.22065898091037492,-0.2427637376577316,2,C
0,art,30,identity,mlp,,0.22922455134089015,0.30057491841623907,0.31118884729760604,2,C
0,art,30,random,mlp,,0.31587341139021813,0.3554676725198958,0.3559783228496174,2,C
0,art,30,shuffled,mlp,,-0.031152639257192596,-0.08669098913847763,-0.042247113040338166,2,C
0,art,30,pca,mlp,,0.30622881275051317,0.3059652879633549,0.34778057576681226,2,C
0,art,30,emotion,mlp,,-0.1093631858247343,-0.13540212678901983,-0.12254890282128397,2,C
0,art,30,gt_emotion,ridge,5.978914542561485,0.8927694411154659,0.8952549953832553,0.8957094550090654,2,C
0,art,50,population,ridge,,0.49479713106871903,0.4833905830178234,0.5183751256013021,2,C
0,art,50,identity,ridge,26.410679642143343,0.5507926786911103,0.519210929811636,0.5887610662213876,2,C
0,art,50,random,ridge,3.2099884459599757,0.5299757789044028,0.49911787184506273,0.545563795413726,2,C
0,art,50,shuffled,ridge,4.697183699970096,0.5247657813696573,0.5254176859374361,0.5608565618449408,2,C
0,art,50,pca,ridge,5.283670233152937,0.5199097640915427,0.5110579874430002,0.5666519972361755,2,C
0,art,50,emotion,ridge,4.85880741774261,0.48306820461021505,0.5561884684255131,0.5686728788873754,2,C
0,art,50,population,mlp,,0.2875199011871545,0.2965567037056026,0.29623516862281163,2,C
0,art,50,identity,mlp,,0.014017261693235281,-0.03340076389731424,0.026350132801416827,2,C
0,art,50,random,mlp,,0.16162851928158217,0.1259235098742839,0.1665678313758568,2,C
0,art,50,shuffled,mlp,,0.3775424899222063,0.4378919046380174,0.4840229869348078,2,C
0,art,50,pca,mlp,,0.2812869673819367,0.3450535608919393,0.3125101529749449,2,C
0,art,50,emotion,mlp,,0.14458755100103832,0.18441429641572238,0.1619432489478073,2,C
0,art,50,gt_emotion,ridge,4.887472729597931,0.6273298628898818,0.6037193766095725,0.7133264191741004,2,C
0,art,57,population,ridge,,0.4651305153214178,0.5106581584154437,0.5381880526007186,2,C
0,art,57,identity,ridge,26.21145693996831,0.5626638925300946,0.5566146604194445,0.5941652635915387,2,C
0,art,57,random,ridge,3.2484579028969613,0.5175058223603309,0.486231813117241,0.5212848488026703,2,C
0,art,57,shuffled,ridge,4.756906107853213,0.4267626106573853,0.45164148521173264,0.4312043277122515,2,C
0,art,57,pca,ridge,5.259695911421723,0.5449071372827924,0.5410954611695798,0.570254696320607,2,C
0,art,57,emotion,ridge,4.755418814377745,0.5059467394208589,0.6155766885553743,0.5864449420452658,2,C
0,art,57,population,mlp,,0.3936885964595111,0.518909563650407,0.4565858218053095,2,C
0,art,57,identity,mlp,,-0.05164169038896948,-0.09737751078612311,-0.069463100695712,2,C
0,art,57,random,mlp,,0.08732798685568216,0.1501100011949945,0.08736770664406947,2,C
0,art,57,shuffled,mlp,,0.3388197733485867,0.35426397442560953,0.34654009918827594,2,C
0,art,57,pca,mlp,,0.27142324438388127,0.31229656236963727,0.2773767788357158,2,C
0,art,57,emotion,mlp,,0.11564251391826406,0.2722417276860075,0.11984438598779004,2,C
0,art,57,gt_emotion,ridge,4.779797565966567,0.28936477667289656,0.2913478341716796,0.38687791997319854,2,C
0,art,62,population,ridge,,0.26604979453345134,0.494897441611381,0.5166442717746041,2,C
0,art,62,identity,ridge,26.159333721795303,0.4810770516948613,0.5873708199713438,0.5774819796754839,2,C
0,art,62,random,ridge,3.270436987875294,0.45995073951123533,0.5720652208920737,0.5770214658855508,2,C
0,art,62,shuffled,ridge,4.740926808897335,0.5329941486372225,0.6162595230566541,0.6057605911578955,2,C
0,art,62,pca,ridge,5.270327062315021,0.48290460119236367,0.5735416452405563,0.5665915678254172,2,C
0,art,62,emotion,ridge,4.743779281063983,0.37681547194692766,0.5028209189482379,0.5035714967534198,2,C
0,art,62,population,mlp,,0.2913265577273732,0.4788044162129203,0.49548963297501364,2,C
0,art,62,identity,mlp,,0.10139562639470814,0.21191610815220835,0.15615808108830098,2,C
0,art,62,random,mlp,,0.3861958812767773,0.4439115874437805,0.3882949080472271,2,C
0,art,62,shuffled,mlp,,0.3287717339196462,0.38982524214436653,0.3695096885712284,2,C
0,art,62,pca,mlp,,0.5053770703262025,0.5473597201274641,0.528569249163128,2,C
0,art,62,emotion,mlp,,0.31365002884489307,0.3121653214141796,0.33358103281996654,2,C
0,art,62,gt_emotion,ridge,4.878394184884291,0.7267637083626175,0.7878692464952862,0.7715580579834878,2,C
0,art,63,population,ridge,,0.11741564424906002,0.15671605517522624,0.16383347428848874,2,C
0,art,63,identity,ridge,25.90955988052925,0.06979273643423359,-0.004354614116973709,0.09425443884931448,2,C
0,art,63,random,ridge,3.2940092400735645,0.13572296295715747,0.1186757479464904,0.1618122929874083,2,C
0,art,63,shuffled,ridge,4.841336253629181,0.08588823221746213,0.10355973112665062,0.09692129216469807,2,C
0,art,63,pca,ridge,5.263446783266735,0.0021094574595991447,-0.041193648485854745,0.0032934411579394604,2,C
0,art,63,emotion,ridge,4.718484169163422,0.020610920403873245,-0.06692090890107873,0.03228259116071833,2,C
0,art,63,population,mlp,,0.04786813899315139,0.06632027247115131,0.05835848595893128,2,C
0,art,63,identity,mlp,,-0.035945381478610275,-0.0741785990960349,-0.04590893559960448,2,C
0,art,63,random,mlp,,0.11063859269729269,0.09725304861241282,0.12578961666375593,2,C
0,art,63,shuffled,mlp,,0.26535315187395503,0.3200891641154813,0.3564421938701489,2,C
0,art,63,pca,mlp,,0.10808995368787169,0.09800384414982209,0.12309644393057599,2,C
0,art,63,emotion,mlp,,-0.0048744893685530345,-0.05230542243951179,-0.0052901042979610485,2,C
0,art,63,gt_emotion,ridge,3.1863445629920126,0.388600826622147,0.4865370991191435,0.557077918387923,2,C
0,art,79,population,ridge,,0.45545127118645123,0.4647452203784049,0.5143666626747687,2,C
0,art,79,identity,ridge,26.180469276072195,0.4633888609840919,0.4411597689668791,0.511633705492514,2,C
0,art,79,random,ridge,3.2792437958770906,0.463883512982385,0.4681000475188374,0.5188290874305372,2,C
0,art,79,shuffled,ridge,4.784349347244747,0.4350220344025799,0.44344715110808314,0.48946522738690845,2,C
0,art,79,pca,ridge,5.27105824067977,0.4710734756121234,0.46871001608982515,0.5289572718238266,2,C
0,art,79,emotion,ridge,4.824059639047722,0.42201835557529727,0.5137968596286685,0.5144302893848847,2,C
0,art,79,population,mlp,,0.4030587785962328,0.386262597577983,0.4422425683443781,2,C
0,art,79,identity,mlp,,0.16488867836493593,0.2884134726487006,0.2570653141967588,2,C
0,art,79,random,mlp,,0.20556070115930494,0.2250784026944741,0.22590154951124086,2,C
0,art,79,shuffled,mlp,,0.30760772866049896,0.30427265549438165,0.31300443377847426,2,C
0,art,79,pca,mlp,,0.39539049857883696,0.3911931768601339,0.41066034248229344,2,C
0,art,79,emotion,mlp,,0.21170708052287585,0.23753192768547368,0.23281168403087824,2,C
0,art,79,gt_emotion,ridge,6.169805766936264,0.7882052628724776,0.8348046364988504,0.8302741343681792,2,C
0,art,80,population,ridge,,0.33983568919481,0.6826756527713498,0.6575850529869699,2,C
0,art,80,identity,ridge,26.26029068410865,0.7945680351102292,0.8145338459232138,0.8377920462640063,2,C
0,art,80,random,ridge,3.2249801721792175,0.5971567194280321,0.7040952400344693,0.7233073265474261,2,C
0,art,80,shuffled,ridge,4.902575222887516,0.730302875773065,0.7827974849783165,0.7837647266769115,2,C
0,art,80,pca,ridge,5.235600747497388,0.7694236817133399,0.8165972006595692,0.8253885811110665,2,C
0,art,80,emotion,ridge,4.784037137649814,0.5952565398091855,0.6714745842025623,0.6519279242995893,2,C
0,art,80,population,mlp,,0.4375396358934633,0.713232953866901,0.7069166843432372,2,C
0,art,80,identity,mlp,,0.7646164707988787,0.7311153615819822,0.7756661914175569,2,C
0,art,80,random,mlp,,0.5120477447704566,0.5587761136025713,0.5794724929513213,2,C
0,art,80,shuffled,mlp,,0.7069838887196536,0.7523384388702109,0.7470591680214768,2,C
0,art,80,pca,mlp,,0.7997904775309388,0.7906578839739568,0.8129187796333067,2,C
0,art,80,emotion,mlp,,0.26510504176010485,0.22529868621253668,0.2651285677769055,2,C
0,art,80,gt_emotion,ridge,5.906294880043451,0.799633737762031,0.8013261783094711,0.8316247040929837,2,C
0,art,85,population,ridge,,0.050434031387443644,0.028051762893131202,0.09350581211003095,2,C
0,art,85,identity,ridge,26.367515909789024,0.4493546726855225,0.45065766908747734,0.48340382625243494,2,C
0,art,85,random,ridge,3.310839392463729,0.24293058362469544,0.22126336166067617,0.2514577718527228,2,C
0,art,85,shuffled,ridge,4.718221103648864,0.26044044450795445,0.2076948459134551,0.271242723376632,2,C
0,art,85,pca,ridge,5.281348682728946,0.44227785729476565,0.4400366211804766,0.5028636160516328,2,C
0,art,85,emotion,ridge,4.870577625009802,-0.012422987000105813,-0.04975122440647725,-0.016459250495535878,2,C
0,art,85,population,mlp,,-0.017091810264001056,-0.08603556988781,-0.027274386824744843,2,C
0,art,85,identity,mlp,,0.20502291806574527,0.2951025128992987,0.31011778489785885,2,C
0,art,85,random,mlp,,0.11049919741233262,0.12440347022171228,0.11324201136625654,2,C
0,art,85,shuffled,mlp,,0.2414426238766453,0.16333037307703566,0.24788881281774136,2,C
0,art,85,pca,mlp,,0.21262822480459,0.1542338775011833,0.21646432399578466,2,C
0,art,85,emotion,mlp,,0.200883940020427,0.18655438692153012,0.2168561745764332,2,C
0,art,85,gt_emotion,ridge,4.824854566628347,0.6399204670246189,0.7111369948974781,0.728308804340065,2,C
0,art,86,population,ridge,,0.39518122632403163,0.6414511814496295,0.6436024575195789,2,C
0,art,86,identity,ridge,26.436628756884154,0.5031589804442791,0.5971348896399844,0.6120511141306664,2,C
0,art,86,random,ridge,3.275130624343754,0.5139856906757913,0.6127788367487345,0.5946618577825832,2,C
0,art,86,shuffled,ridge,4.97004635524304,0.5215043391085615,0.6011815888920901,0.6106626736456078,2,C
0,art,86,pca,ridge,5.288927077878182,0.5444560588462092,0.6557626788046373,0.6547440545640582,2,C
0,art,86,emotion,ridge,4.738561471533844,0.3894557703891734,0.6202306853715145,0.6141502722966787,2,C
0,art,86,population,mlp,,0.3576472974576052,0.5572600970094796,0.5363324376780343,2,C
0,art,86,identity,mlp,,0.036713006358014035,0.109211529815974,0.06783712278229215,2,C
0,art,86,random,mlp,,0.27188364337189047,0.30088689439132105,0.3014056327191197,2,C
0,art,86,shuffled,mlp,,0.2333958291085407,0.24137080539084,0.29208021767786596,2,C
0,art,86,pca,mlp,,0.4377097666856847,0.48609741016147495,0.46557845415876337,2,C
0,art,86,emotion,mlp,,0.26512588811857846,0.2850948973099331,0.29634903711204313,2,C
0,art,86,gt_emotion,ridge,5.157251328453272,0.477694777277752,0.6344398323468949,0.6154488476760548,2,C
0,art,98,population,ridge,,0.21696043499333,0.40329102837237885,0.41653142807768395,2,C
0,art,98,identity,ridge,25.93983672179984,0.4316672612723867,0.42680237285216677,0.47013220990980403,2,C
0,art,98,random,ridge,3.2431549937212085,0.41828469355968684,0.4964984757754794,0.5026644752974622,2,C
0,art,98,shuffled,ridge,5.103766346984971,0.4328010423822308,0.4728885512349796,0.4913106383515244,2,C
0,art,98,pca,ridge,5.256899640864029,0.39234102191270204,0.4055090797383966,0.4309318040852467,2,C
0,art,98,emotion,ridge,4.82235914598722,0.3177054637208508,0.29100833922152586,0.33476370200653416,2,C
0,art,98,population,mlp,,0.18543953079524128,0.3116115719103128,0.3086200413650973,2,C
0,art,98,identity,mlp,,0.13704284811171433,0.277256420752216,0.27107930374487377,2,C
0,art,98,random,mlp,,0.22274639108465416,0.2937685809214591,0.22362133372004395,2,C
0,art,98,shuffled,mlp,,0.33750236434956027,0.380666904438998,0.34971217926508097,2,C
0,art,98,pca,mlp,,0.4186028197425596,0.4157614060524341,0.4284782294088491,2,C
0,art,98,emotion,mlp,,0.2904025337852241,0.3187586263119254,0.2932639730594693,2,C
0,art,98,gt_emotion,ridge,6.242440917950588,0.6691502642528202,0.7310002150062795,0.6850750302248338,2,C
0,art,99,population,ridge,,0.4782348709326764,0.7264778484164266,0.7392398390210287,2,C
0,art,99,identity,ridge,26.04745771902418,0.7016505810777324,0.8012387583938843,0.793722692510563,2,C
0,art,99,random,ridge,3.283761891317646,0.5009351144530259,0.6944652170485613,0.709575421282437,2,C
0,art,99,shuffled,ridge,4.851909193732005,0.5777248327521523,0.7140905631375106,0.7018338445769047,2,C
0,art,99,pca,ridge,5.284795841448606,0.671695406487975,0.7705862995272333,0.7548674094534618,2,C
0,art,99,emotion,ridge,4.751811389213488,0.6786811474471535,0.7510581086169423,0.739297448502944,2,C
0,art,99,population,mlp,,0.5103559252191499,0.631751549224716,0.6403729537490847,2,C
0,art,99,identity,mlp,,0.5075042743891245,0.6231047383241394,0.6227048925404739,2,C
0,art,99,random,mlp,,0.2670766421087945,0.3251783829688773,0.2934998381999647,2,C
0,art,99,shuffled,mlp,,0.5538164716385229,0.6176640483192821,0.5932821479319867,2,C
0,art,99,pca,mlp,,0.707687940066622,0.7352703920849903,0.7404705874487978,2,C
0,art,99,emotion,mlp,,0.5188644389663185,0.5699122780087942,0.5626957907819307,2,C
0,art,99,gt_emotion,ridge,6.6471588684870975,0.8602701455517018,0.9181246919650905,0.8831652247649056,2,C
0,art,105,population,ridge,,0.19227190732108418,0.25833227836455225,0.25005945193738344,2,C
0,art,105,identity,ridge,26.45721499214986,0.24995387937388164,0.34807032312823394,0.32711642159621673,2,C
0,art,105,random,ridge,3.205377439555217,0.22084436798696666,0.26777315793548223,0.24620987710606212,2,C
0,art,105,shuffled,ridge,4.923488670122058,0.20852154296017375,0.2681706686542582,0.24578256591037115,2,C
0,art,105,pca,ridge,5.27377762470411,0.1966370553580686,0.30503978782073204,0.2476369711270276,2,C
0,art,105,emotion,ridge,4.839582301722931,0.10217375417775103,0.19910318126692841,0.2061407660765791,2,C
0,art,105,population,mlp,,0.1293451839813691,0.16978676575719848,0.15622546733801793,2,C
0,art,105,identity,mlp,,0.12391555780020064,0.10379998644038269,0.14876563761721423,2,C
0,art,105,random,mlp,,-0.14506458396567404,-0.18837039185997642,-0.15521306539184684,2,C
0,art,105,shuffled,mlp,,-0.02205037915233201,-0.0991292354947647,-0.024412313014950185,2,C
0,art,105,pca,mlp,,0.2288620563207754,0.340120108752714,0.25270845148879606,2,C
0,art,105,emotion,mlp,,0.09664283823223252,0.1347064448252166,0.0994816505047458,2,C
0,art,105,gt_emotion,ridge,5.0402223238583375,0.6901091729395653,0.8117665765804366,0.8117646041669686,2,C
0,art,109,population,ridge,,0.36911572295954287,0.46805810151923105,0.4838931536354467,2,C
0,art,109,identity,ridge,26.083685088537223,0.4063005637587594,0.46304644760938857,0.4618128610225653,2,C
0,art,109,random,ridge,3.2022685665091104,0.44626584859450236,0.4536812357576626,0.484110659033769,2,C
0,art,109,shuffled,ridge,4.824554334548553,0.45810177595076035,0.4988873664797773,0.5033767743559141,2,C
0,art,109,pca,ridge,5.281325718649005,0.4095743708448095,0.477473936137723,0.47191939297679714,2,C
0,art,109,emotion,ridge,4.6910740996371505,0.29914120735732896,0.3836699493201657,0.3951853133929126,2,C
0,art,109,population,mlp,,0.3377751898065864,0.4037671877263018,0.4332330477569785,2,C
0,art,109,identity,mlp,,0.091749019087743,0.09506955598670949,0.12370649354132157,2,C
0,art,109,random,mlp,,0.06482423687059166,0.06758139363272479,0.06570545704841575,2,C
0,art,109,shuffled,mlp,,0.19428206883198873,0.2573661462387811,0.21357569759380973,2,C
0,art,109,pca,mlp,,0.42206576954122693,0.44365792793797754,0.42792068670403144,2,C
0,art,109,emotion,mlp,,0.17900693082985983,0.1962644667521154,0.18709926728227821,2,C
0,art,109,gt_emotion,ridge,6.171559621530799,0.7097745186276736,0.7409935005753424,0.7368327358892709,2,C
0,art,110,population,ridge,,0.31855847751663974,0.485309465622598,0.5076547537950495,2,C
0,art,110,identity,ridge,26.001646727980845,0.467628416067001,0.5254949804592003,0.5131920379222243,2,C
0,art,110,random,ridge,3.2402449341208004,0.45910700589793313,0.5044258486394984,0.5117050116568773,2,C
0,art,110,shuffled,ridge,4.9241640435279255,0.5489755275380517,0.5684554541208364,0.5886890597715281,2,C
0,art,110,pca,ridge,5.222526097047209,0.4854828290587632,0.5142923689062856,0.5403818127403437,2,C
0,art,110,emotion,ridge,4.683287558348511,0.481671275493888,0.533717080681523,0.5526893482501027,2,C
0,art,110,population,mlp,,0.19253117202721956,0.2986677905758725,0.2828095194308205,2,C
0,art,110,identity,mlp,,0.1115387849551166,0.17112246087709143,0.19144692348196965,2,C
0,art,110,random,mlp,,0.3431558180831784,0.4133660886772743,0.36201627040173906,2,C
0,art,110,shuffled,mlp,,0.2537624251666152,0.28859571780352716,0.2850078735953136,2,C
0,art,110,pca,mlp,,0.4314388126003567,0.42497980524130513,0.43719185636262153,2,C
0,art,110,emotion,mlp,,0.1660501497301038,0.10914838045133402,0.17297103712875858,2,C
0,art,110,gt_emotion,ridge,4.80974976972038,0.5164726151719734,0.5095331651003501,0.5933367333635924,2,C
0,art,116,population,ridge,,0.37874493188358105,0.5973413388710003,0.6114999125151587,2,C
0,art,116,identity,ridge,26.12986195695445,0.6108888842074915,0.6062778625152292,0.6216178057158066,2,C
0,art,116,random,ridge,3.2907590135052387,0.5981741013276306,0.6051231431679412,0.6161190702370387,2,C
0,art,116,shuffled,ridge,4.933390600639634,0.595713858156502,0.6189797753353976,0.6189875475598114,2,C
0,art,116,pca,ridge,5.267449341694939,0.5912720414523486,0.5883546100377585,0.6073722187466308,2,C
0,art,116,emotion,ridge,4.802161907701686,0.6139435473844708,0.6259582966081383,0.6396453359831852,2,C
0,art,116,population,mlp,,0.3284707833243957,0.509231232154022,0.4885464284804856,2,C
0,art,116,identity,mlp,,0.2475937021054885,0.3934580662911437,0.36928949264154604,2,C
0,art,116,random,mlp,,0.33601192760240106,0.3539465825382881,0.35061003468293006,2,C
0,art,116,shuffled,mlp,,0.45279488057453243,0.4740373946562434,0.48902705438774735,2,C
0,art,116,pca,mlp,,0.479854765632687,0.5030559939054817,0.4993343949433849,2,C
0,art,116,emotion,mlp,,0.3320527328872106,0.3384833843224309,0.33741465553262684,2,C
0,art,116,gt_emotion,ridge,5.941577650596218,0.7488717824813065,0.7699150590845207,0.7640738768325526,2,C
0,art,117,population,ridge,,0.42597908700340636,0.7377247531723158,0.739340510270083,2,C
0,art,117,identity,ridge,25.97192601117574,0.6374744547239002,0.7757841206256647,0.7558511463269951,2,C
0,art,117,random,ridge,3.2030825445653006,0.5769309875471446,0.8261380842576376,0.7907779295184281,2,C
0,art,117,shuffled,ridge,4.790650127757442,0.5884889523123608,0.7408596302855904,0.7543914505082169,2,C
0,art,117,pca,ridge,5.231132310654015,0.6266228901989049,0.7120089643524853,0.7103011270337817,2,C
0,art,117,emotion,ridge,4.7935506971400805,0.6540443645538454,0.6990286138053329,0.7238921405715731,2,C
0,art,117,population,mlp,,0.49423548673135304,0.6503890360946822,0.6774268620421493,2,C
0,art,117,identity,mlp,,0.3434473678229562,0.4258044804014967,0.4362013066454638,2,C
0,art,117,random,mlp,,0.38586998133343214,0.43564995383537464,0.3990781072964315,2,C
0,art,117,shuffled,mlp,,0.5307458621617437,0.5546773192300182,0.5922546502474698,2,C
0,art,117,pca,mlp,,0.6084697617706253,0.6145338791116045,0.6245448744106844,2,C
0,art,117,emotion,mlp,,0.583966215746988,0.5898957042994621,0.6240188787036962,2,C
0,art,117,gt_emotion,ridge,5.897269119296268,0.8075308432819723,0.8019110228817709,0.8151914921259953,2,C
0,art,126,population,ridge,,0.39340166182200415,0.4633154734958584,0.4782980275690978,2,C
0,art,126,identity,ridge,26.163115275458765,0.44267572115090165,0.5135367044167697,0.5255576930793929,2,C
0,art,126,random,ridge,3.230135857923759,0.39764972268264837,0.45725938388480736,0.48964762408721707,2,C
0,art,126,shuffled,ridge,4.696610788349856,0.3985235240787294,0.46661431905634965,0.49893411244151503,2,C
0,art,126,pca,ridge,5.271973654713481,0.4116799318138124,0.46041051994259,0.49489509392195663,2,C
0,art,126,emotion,ridge,4.698215176946496,0.38014679756512443,0.4376632565254714,0.45823030734940645,2,C
0,art,126,population,mlp,,0.5002313379665048,0.55666787920767,0.5469900761411134,2,C
0,art,126,identity,mlp,,0.4799134810319622,0.5422415844431338,0.5383674964604351,2,C
0,art,126,random,mlp,,0.18339065382321526,0.2791217236182807,0.21405082504306847,2,C
0,art,126,shuffled,mlp,,0.16575409149610895,0.22033334154027273,0.19142504455121376,2,C
0,art,126,pca,mlp,,0.33365061068664814,0.39399048022463967,0.3659397824126894,2,C
0,art,126,emotion,mlp,,0.16228519852571827,0.17198309765366984,0.18842268827255168,2,C
0,art,126,gt_emotion,ridge,5.9800155496017275,0.8576760420953352,0.912992796916244,0.8743098743274449,2,C
0,art,127,population,ridge,,0.25223173922974507,0.4662216715194727,0.49767682276914654,2,C
0,art,127,identity,ridge,26.123737440185813,0.4962157035473407,0.5340865880242016,0.5721159692049586,2,C
0,art,127,random,ridge,3.2667237107187725,0.39333797510873586,0.4621978659132631,0.4891297639520055,2,C
0,art,127,shuffled,ridge,4.86250334521516,0.49877404041174545,0.5149980467947444,0.5579146925180681,2,C
0,art,127,pca,ridge,5.277980161590253,0.5391948456744269,0.5645104840711518,0.5990330325247729,2,C
0,art,127,emotion,ridge,4.812263973866183,0.581623766911437,0.6358594273812572,0.6516515301789804,2,C
0,art,127,population,mlp,,0.25948692674039014,0.4170527298435952,0.4266932064682595,2,C
0,art,127,identity,mlp,,0.31099629027238906,0.35384953934606017,0.3312283304851698,2,C
0,art,127,random,mlp,,0.20523559804435137,0.3321602457125893,0.2209682515824751,2,C
0,art,127,shuffled,mlp,,0.3664805914191537,0.38142732898861814,0.3994193598825701,2,C
0,art,127,pca,mlp,,0.5539643378177697,0.5942473889170418,0.5812061783834076,2,C
0,art,127,emotion,mlp,,0.34898184614414657,0.3494331673392448,0.3643401890753334,2,C
0,art,127,gt_emotion,ridge,5.02222754282779,0.777200142591563,0.8323497954102579,0.8150440067480735,2,C
0,art,136,population,ridge,,0.37600744380480366,0.3459654974672268,0.39405166280549164,2,C
0,art,136,identity,ridge,25.91647756308209,0.5463348419719083,0.5564792297920912,0.5682775017787389,2,C
0,art,136,random,ridge,3.168089674763097,0.43956527473260815,0.4100764977661628,0.4556937467954958,2,C
0,art,136,shuffled,ridge,4.695403903333192,0.41899115296326617,0.36403990882845255,0.42897844681364394,2,C
0,art,136,pca,ridge,5.277083797800692,0.48562532269738556,0.45441196563458125,0.5016554213836406,2,C
0,art,136,emotion,ridge,4.8814362065971455,0.4170795709145006,0.41836946297896044,0.4321944058140651,2,C
0,art,136,population,mlp,,0.39363945421226754,0.353195262011717,0.40935918788119546,2,C
0,art,136,identity,mlp,,0.24703056828179823,0.3827522405906627,0.3390723636381162,2,C
0,art,136,random,mlp,,0.25926765976126237,0.35436478274685523,0.2609201235901165,2,C
0,art,136,shuffled,mlp,,0.1818097430871286,0.197649004238345,0.20158851237329556,2,C
0,art,136,pca,mlp,,0.2801376067640119,0.31810963995757296,0.3152338447100444,2,C
0,art,136,emotion,mlp,,0.24683908865994814,0.2430476727750708,0.2500146285428192,2,C
0,art,136,gt_emotion,ridge,5.381248128289869,0.6834658155518957,0.7093002511200126,0.7498204813529954,2,C
0,art,144,population,ridge,,0.17433934920126049,0.6680774906151098,0.6706504313774071,2,C
0,art,144,identity,ridge,26.482438535924615,0.6177576240613832,0.6115645601230408,0.6366077958903291,2,C
0,art,144,random,ridge,3.2509468588904715,0.6605823724378033,0.6713068009289423,0.6677773698191338,2,C
0,art,144,shuffled,ridge,4.92816607635846,0.646934652487001,0.6213638465926015,0.6574246144812609,2,C
0,art,144,pca,ridge,5.2661174745280155,0.6337485556157817,0.6311074552981306,0.6474458018735824,2,C
0,art,144,emotion,ridge,4.861011864551616,0.5838559850392956,0.6287689892088036,0.6501237213847993,2,C
0,art,144,population,mlp,,0.18466167892748664,0.5931352202285829,0.6248477329041847,2,C
0,art,144,identity,mlp,,0.018146933314126704,0.047827199303140215,0.031099205990459806,2,C
0,art,144,random,mlp,,0.3715721489772602,0.39731652412946283,0.373519846713487,2,C
0,art,144,shuffled,mlp,,0.335750328560491,0.3197017210694192,0.35146853454258575,2,C
0,art,144,pca,mlp,,0.37309129097581933,0.3952007690962621,0.38235170390324275,2,C
0,art,144,emotion,mlp,,0.20545651508233084,0.14108745405606202,0.20744020057053883,2,C
0,art,144,gt_emotion,ridge,4.998005362614788,0.5372521340396744,0.5056017909707206,0.5425900220958989,2,C
0,fashion,3,population,ridge,,0.221440408138849,0.4345824467732514,0.4744860119755673,2,C
0,fashion,3,identity,ridge,26.496742047762744,0.38754185539839087,0.5087057326440512,0.5163668072559983,2,C
0,fashion,3,random,ridge,0.6239273862230088,0.3012195515707088,0.4518745769663725,0.4903403190013185,2,C
0,fashion,3,shuffled,ridge,1.3729067321261408,0.3185563715542771,0.4430055474403878,0.48249511864098193,2,C
0,fashion,3,pca,ridge,0.06928211926614039,0.28822118840408045,0.4345824467732514,0.4753446975905324,2,C
0,fashion,3,emotion,ridge,3.1264925354601742,0.31626382457929414,0.44102364140106165,0.4748275735523161,2,C
0,fashion,3,population,mlp,,0.26476781772961133,0.39489477833574443,0.39362826862583156,2,C
0,fashion,3,identity,mlp,,0.0901165876636317,0.08150588586728978,0.10542523980588894,2,C
0,fashion,3,random,mlp,,-0.0025415818851629787,0.024823373142560595,-0.0031130707998604707,2,C
0,fashion,3,shuffled,mlp,,0.3027627647662381,0.34727948574093254,0.32963335609202193,2,C
0,fashion,3,pca,mlp,,0.14467392302111978,0.1975464844698385,0.16129775777126895,2,C
0,fashion,3,emotion,mlp,,-0.012061075900609172,-0.056632965073746024,-0.013267929884403727,2,C
0,fashion,3,gt_emotion,ridge,6.742953987254236,0.6426205569647373,0.676048627125094,0.658395744043473,2,C
0,fashion,14,population,ridge,,0.21719781120106577,0.4601396354167493,0.5392255874260521,2,C
0,fashion,14,identity,ridge,26.55651588794046,0.46990160137355774,0.5847260020178479,0.6002477429369724,2,C
0,fashion,14,random,ridge,0.6250149618629325,0.2399582796950172,0.47133620285271716,0.5277750969307408,2,C
0,fashion,14,shuffled,ridge,1.3770772148793475,0.23031853652762194,0.4851845888919406,0.5525806529622637,2,C
0,fashion,14,pca,ridge,0.06927698573532168,0.23263048540333353,0.46387182456207193,0.5416821305710587,2,C
0,fashion,14,emotion,ridge,3.3112210228708814,0.4584314019083763,0.5340959097964318,0.6026375512003223,2,C
0,fashion,14,population,mlp,,0.19263293543087626,0.3080038199929404,0.35300420791270304,2,C
0,fashion,14,identity,mlp,,0.3155001156493281,0.3936968470796242,0.382765830769611,2,C
0,fashion,14,random,mlp,,0.04987603925109235,0.1414794332588746,0.05426152814740623,2,C
0,fashion,14,shuffled,mlp,,-0.009849411396248847,0.018218975959403843,-0.011165561726371433,2,C
0,fashion,14,pca,mlp,,0.5425472081938238,0.6022574694504818,0.6533929729409877,2,C
0,fashion,14,emotion,mlp,,0.12579233364244155,0.14020263170915895,0.14028190801341542,2,C
0,fashion,14,gt_emotion,ridge,6.505372978675591,0.9301752733615878,0.9343901442941922,0.9504701955502006,2,C
0,fashion,15,population,ridge,,0.0024543905766682985,-0.0065014520642293246,0.005682075485472789,2,C
0,fashion,15,identity,ridge,26.33688591499224,-0.09148443392635962,-0.14444059336029483,-0.10433869450644835,2,C
0,fashion,15,random,ridge,0.622236563561021,-0.002579677221577973,-0.01191932878442043,-0.0028869659187552884,2,C
0,fashion,15,shuffled,ridge,1.3397091691740202,-0.05556321002654895,-0.055912487752372196,-0.06023961420373393,2,C
0,fashion,15,pca,ridge,0.06925930428944851,0.004302196783028618,-0.009047854122719143,0.004771380524639464,2,C
0,fashion,15,emotion,ridge,2.9901245276590838,0.029118081124669213,0.04507673431198998,0.058775586699155016,2,C
0,fashion,15,population,mlp,,0.07332411947877769,0.026330880860128768,0.12164969920317538,2,C
0,fashion,15,identity,mlp,,0.07181058957900183,0.06095111310214992,0.11362665158834444,2,C
0,fashion,15,random,mlp,,0.10385448351065127,0.08533155834300989,0.10857567008367322,2,C
0,fashion,15,shuffled,mlp,,0.0022182199230766798,-0.022213294552783532,0.002583672402126296,2,C
0,fashion,15,pca,mlp,,-0.13506716454449405,-0.1339299125231241,-0.14016675805512288,2,C
0,fashion,15,emotion,mlp,,-0.15037901292603853,-0.19238880233398611,-0.15707214256651186,2,C
0,fashion,15,gt_emotion,ridge,4.840006458997819,0.7184390288610727,0.8521789925803213,0.8031448469040748,2,C
0,fashion,19,population,ridge,,0.3096701059057794,0.4268196401683152,0.4763975454577495,2,C
0,fashion,19,identity,ridge,26.5985577824357,0.3619791783602374,0.45467143024709505,0.4928132646842784,2,C
0,fashion,19,random,ridge,0.6215126298544418,0.3353610295541107,0.43622414071439675,0.48757795227320877,2,C
0,fashion,19,shuffled,ridge,1.3844982609360872,0.30059010966782507,0.383879310751866,0.4522952485462086,2,C
0,fashion,19,pca,ridge,0.0692903340597925,0.31856567576762135,0.42413264001229195,0.47633298326565565,2,C
0,fashion,19,emotion,ridge,3.2319515727179766,0.36105500080019587,0.4285248518057915,0.47765151291942193,2,C
0,fashion,19,population,mlp,,0.3822428080987642,0.4949764325874444,0.4419404340143021,2,C
0,fashion,19,identity,mlp,,-0.05663978705186373,-0.02604323228145652,-0.06588828409977594,2,C
0,fashion,19,random,mlp,,0.3230514898505958,0.3838276376719425,0.34139770159757693,2,C
0,fashion,19,shuffled,mlp,,0.03764099515397027,0.0567887148359538,0.044158934876296956,2,C
0,fashion,19,pca,mlp,,0.19324590813158968,0.24741070667383694,0.2055825624795863,2,C
0,fashion,19,emotion,mlp,,0.16155300574535741,0.09704204409637966,0.1667977957324846,2,C
0,fashion,19,gt_emotion,ridge,5.91751429549837,0.8726759590965437,0.8689258178563043,0.9010227438735393,2,C
0,fashion,21,population,ridge,,0.12243256794629492,0.18723364073965285,0.23074763673491827,2,C
0,fashion,21,identity,ridge,26.511167985776005,0.20801949602945033,0.2823661138947436,0.3120414905926192,2,C
0,fashion,21,random,ridge,0.6260127634827937,0.1256867830802098,0.15222206140004696,0.21214573443010248,2,C
0,fashion,21,shuffled,ridge,1.3334229332090348,0.12765463612838243,0.1758662448501704,0.2143938935413801,2,C
0,fashion,21,pca,ridge,0.0692751245558239,0.1367436092462982,0.1855159009163533,0.23069311402994352,2,C
0,fashion,21,emotion,ridge,3.2364147834719352,0.14446165487492466,0.21663730477378074,0.24384674739913978,2,C
0,fashion,21,population,mlp,,0.1666928034812446,0.1752094619765559,0.23524551463642823,2,C
0,fashion,21,identity,mlp,,0.09480537915197673,0.19966199357882033,0.1526877199545412,2,C
0,fashion,21,random,mlp,,0.04897686211574655,-0.09048447128028014,0.05498209349223734,2,C
0,fashion,21,shuffled,mlp,,0.07159201958815509,0.0546645437885333,0.09031500507683983,2,C
0,fashion,21,pca,mlp,,0.15791065664549864,0.1293862261020645,0.19431155503745695,2,C
0,fashion,21,emotion,mlp,,-0.19302426897366737,-0.16070971699752717,-0.20121351176110797,2,C
0,fashion,21,gt_emotion,ridge,5.366903949828371,0.7289197931270082,0.6998554496789777,0.8318447649976188,2,C
0,fashion,22,population,ridge,,0.1507008360186619,0.393805686409602,0.3826560790331559,2,C
0,fashion,22,identity,ridge,26.55567463928103,0.2363214746131606,0.3872747505211259,0.3712052053786342,2,C
0,fashion,22,random,ridge,0.6252939837776247,0.17046175029761826,0.3993618557475592,0.39294225305504055,2,C
0,fashion,22,shuffled,ridge,1.3484851256908787,0.17416359935718861,0.3629543250856814,0.3683377299430806,2,C
0,fashion,22,pca,ridge,0.06925950686994845,0.16621069673528197,0.39565774285558775,0.38475511094352044,2,C
0,fashion,22,emotion,ridge,3.114832387505995,0.2532262533904984,0.39692493937126216,0.38512212864851625,2,C
0,fashion,22,population,mlp,,0.12580484030226036,0.15425680661960278,0.19805930828351895,2,C
0,fashion,22,identity,mlp,,0.2811184392967076,0.35998128710659905,0.31397691717906256,2,C
0,fashion,22,random,mlp,,0.0867516728538214,0.11195193832708612,0.12860899416816834,2,C
0,fashion,22,shuffled,mlp,,0.11228076912156228,0.03835706376291545,0.1284608797427685,2,C
0,fashion,22,pca,mlp,,0.25461694236855664,0.28633767421490247,0.33721691083234895,2,C
0,fashion,22,emotion,mlp,,-0.06722970727735716,-0.04025785853642713,-0.07941465341291941,2,C
0,fashion,22,gt_emotion,ridge,6.215851692763781,0.7159349703868664,0.7275395687570496,0.7497454237770276,2,C
0,fashion,30,population,ridge,,0.17027654958117708,0.3354828278077899,0.32689335183948015,2,C
0,fashion,30,identity,ridge,26.69755397945955,0.46480690430031973,0.535978482296469,0.5784848355156731,2,C
0,fashion,30,random,ridge,0.6219264464288978,0.19148866177880128,0.33270368012180823,0.3415421223063603,2,C
0,fashion,30,shuffled,ridge,1.391190864871681,0.19529208842008286,0.33836123076827096,0.3515359042168733,2,C
0,fashion,30,pca,ridge,0.06926822980551156,0.18200689465448736,0.3436217603167363,0.33058836337110004,2,C
0,fashion,30,emotion,ridge,3.291280748333823,0.4478439853907655,0.5664498515677684,0.5363529791838468,2,C
0,fashion,30,population,mlp,,0.17037578617125096,0.2680884964227339,0.2455976044095731,2,C
0,fashion,30,identity,mlp,,0.17838562446876463,0.21394474418334056,0.2112900390179467,2,C
0,fashion,30,random,mlp,,0.25406183075633104,0.3317111273768148,0.3190569915666948,2,C
0,fashion,30,shuffled,mlp,,0.23608903133326642,0.33826197549377157,0.32360334760972315,2,C
0,fashion,30,pca,mlp,,0.23136858783422562,0.28218274540164107,0.2760186443487053,2,C
0,fashion,30,emotion,mlp,,0.1631476843650001,0.14530972186704275,0.19011942690456196,2,C
0,fashion,30,gt_emotion,ridge,5.948480939125446,0.8649613971503275,0.89643895576178,0.8804725865930619,2,C
0,fashion,50,population,ridge,,0.03526984099566382,-0.010584142537413025,0.06236749019253874,2,C
0,fashion,50,identity,ridge,26.790425859356368,0.13620036798068,0.17407989208519012,0.18905707893686707,2,C
0,fashion,50,random,ridge,0.6250257316859513,0.040834765644047755,0.004839984778415002,0.059439590377896416,2,C
0,fashion,50,shuffled,ridge,1.3650106180074073,0.0406583460045193,-0.0015955993774994512,0.0590056508416729,2,C
0,fashion,50,pca,ridge,0.06927506508105287,0.044198373007100465,-0.011222382288412807,0.06329089651564028,2,C
0,fashion,50,emotion,ridge,3.3089778011925026,0.06126703716270933,0.04659150182298397,0.1162145057711216,2,C
0,fashion,50,population,mlp,,0.0902635715067036,0.10376714618338098,0.1370192355400615,2,C
0,fashion,50,identity,mlp,,0.21145210508472495,0.18232382220227064,0.23260335925779335,2,C
0,fashion,50,random,mlp,,-0.19545789137539962,-0.12637147069795654,-0.23001200159358748,2,C
0,fashion,50,shuffled,mlp,,-0.08237840035864401,-0.061377389387812224,-0.12474472047334018,2,C
0,fashion,50,pca,mlp,,0.008762173409024496,0.07674833005772361,0.010413140063457203,2,C
0,fashion,50,emotion,mlp,,-0.02415073560268733,-0.041219650585402494,-0.02708552428174185,2,C
0,fashion,50,gt_emotion,ridge,5.047391533022796,0.3298452899104558,0.41298160238599196,0.4567365757081377,2,C
0,fashion,57,population,ridge,,0.09539821983002647,0.24167816324854133,0.17626947356148587,2,C
0,fashion,57,identity,ridge,26.43726610897833,0.13161377136960437,0.22593449819283756,0.18303065926563647,2,C
0,fashion,57,random,ridge,0.6216156801029904,0.11883048714562604,0.2526729195005574,0.186641329149713,2,C
0,fashion,57,shuffled,ridge,1.4118471338294545,0.10926305782834604,0.2316641599016347,0.17357139861881507,2,C
0,fashion,57,pca,ridge,0.06928194864030399,0.10929826179240096,0.24167816324854133,0.1759066839589164,2,C
0,fashion,57,emotion,ridge,3.2510399522396733,0.13483327436614237,0.2550473739024013,0.19798921109614326,2,C
0,fashion,57,population,mlp,,-0.12119382069059904,-0.02426072975796976,-0.1672494360014065,2,C
0,fashion,57,identity,mlp,,-0.056251977171543656,-0.03577167174951712,-0.06910504118212793,2,C
0,fashion,57,random,mlp,,0.16718930949339436,0.10070783778255107,0.18963075740572538,2,C
0,fashion,57,shuffled,mlp,,0.048910061628920705,0.07500178795389376,0.05665297215370495,2,C
0,fashion,57,pca,mlp,,0.12928426817436175,0.1590884449235379,0.15333424150580996,2,C
0,fashion,57,emotion,mlp,,-0.12191974839636208,-0.14984872018592812,-0.17200174386182993,2,C
0,fashion,57,gt_emotion,ridge,4.944361850693134,0.30116803873260983,0.5695947497326401,0.54140498219724,2,C
0,fashion,62,population,ridge,,0.13846784300921483,0.2957836076347694,0.28335110971901517,2,C
0,fashion,62,identity,ridge,26.418577612751495,0.16711591778308607,0.31369789004463833,0.2617700470786811,2,C
0,fashion,62,random,ridge,0.624628770056565,0.15060015513085517,0.3048892097436531,0.28900224925856804,2,C
0,fashion,62,shuffled,ridge,1.367180949194794,0.16961073615078281,0.33571959079710145,0.30898811459121606,2,C
0,fashion,62,pca,ridge,0.06929610028535411,0.15156659689276278,0.292369006843938,0.28521471612918775,2,C
0,fashion,62,emotion,ridge,3.2847879064423955,0.12444125501896657,0.27089166273928855,0.21333717447756054,2,C
0,fashion,62,population,mlp,,0.202214835221113,0.27648369012137475,0.3019410983788667,2,C
0,fashion,62,identity,mlp,,-0.015613595142448323,0.01831017815373342,-0.017657756217881865,2,C
0,fashion,62,random,mlp,,0.009058749141617268,0.0379070174750265,0.010436770142342733,2,C
0,fashion,62,shuffled,mlp,,-0.13467496702182757,-0.135990188017458,-0.16985572250430245,2,C
0,fashion,62,pca,mlp,,0.15780052501138794,0.12925996037176135,0.1726412635451456,2,C
0,fashion,62,emotion,mlp,,-0.08542609645548097,-0.11842231438347049,-0.09375710486214174,2,C
0,fashion,62,gt_emotion,ridge,6.19204471367471,0.6077487174442623,0.7768041740223991,0.7230066457027876,2,C
0,fashion,63,population,ridge,,0.15873836031625352,0.24022927152477122,0.26159739340274984,2,C
0,fashion,63,identity,ridge,26.481267476622218,0.17090745405833713,0.26205467519552483,0.2588784464840066,2,C
0,fashion,63,random,ridge,0.6267739242478946,0.18315214187335668,0.23923039721489692,0.26254296104508734,2,C
0,fashion,63,shuffled,ridge,1.4055883958365054,0.18566506692083296,0.25441328672498636,0.267898823832096,2,C
0,fashion,63,pca,ridge,0.06927031452464764,0.18250909841993254,0.24322589445439413,0.2624151307153393,2,C
0,fashion,63,emotion,ridge,3.174616028631151,0.07594056765841899,0.07921073277303266,0.15906537470243923,2,C
0,fashion,63,population,mlp,,0.1899713090513355,0.27668818383518345,0.2514281546592181,2,C
0,fashion,63,identity,mlp,,-0.0801171533437749,-0.074765742094092,-0.11131608465721746,2,C
0,fashion,63,random,mlp,,0.17272271926597427,0.18294382985347962,0.1801983909230599,2,C
0,fashion,63,shuffled,mlp,,0.031426678361567706,0.09059789990559977,0.0351826262160815,2,C
0,fashion,63,pca,mlp,,0.016886541249799526,-0.003645891231041226,0.02087052155979314,2,C
0,fashion,63,emotion,mlp,,-0.18846967930249117,-0.1825442801295299,-0.21844951251360373,2,C
0,fashion,63,gt_emotion,ridge,4.913543041880125,0.5489764389511145,0.6385637549319013,0.6308243286916517,2,C
0,fashion,79,population,ridge,,0.41533055299914484,0.43304040464252475,0.5264666913817061,2,C
0,fashion,79,identity,ridge,26.68454596019902,0.4734781143239086,0.47658522233401246,0.5819043941472009,2,C
0,fashion,79,random,ridge,0.6242541228346772,0.4102877234938078,0.44615507914725505,0.5277903657728065,2,C
0,fashion,79,shuffled,ridge,1.3846884935655124,0.4094189028830032,0.41142168338863316,0.5210567865773654,2,C
0,fashion,79,pca,ridge,0.06928970640862361,0.41277672512833585,0.43836824116007145,0.5274165922445636,2,C
0,fashion,79,emotion,ridge,3.306839368612382,0.413308891801249,0.4439009944667546,0.5641963819358351,2,C
0,fashion,79,population,mlp,,0.426930736620349,0.45030464412726756,0.4498152095710641,2,C
0,fashion,79,identity,mlp,,0.0716840358299927,0.14964048526686555,0.10518436166096122,2,C
0,fashion,79,random,mlp,,-0.0741294703659184,0.01654703072276535,-0.07795564197498171,2,C
0,fashion,79,shuffled,mlp,,0.2056202710370683,0.1943123452986036,0.22286774969512665,2,C
0,fashion,79,pca,mlp,,0.3903507635983622,0.41229257974246286,0.4472060858779267,2,C
0,fashion,79,emotion,mlp,,0.04757404683152539,0.09057322079829452,0.05288464427334517,2,C
0,fashion,79,gt_emotion,ridge,6.233875845831701,0.726028512793805,0.7376786437853516,0.755991229689087,2,C
0,fashion,80,population,ridge,,0.10817334263991478,0.22183636493830286,0.23769321780987318,2,C
0,fashion,80,identity,ridge,26.594084112277006,0.24739935030734667,0.36790105858896927,0.35520802041572336,2,C
0,fashion,80,random,ridge,0.6261324000055968,0.11904512125168278,0.24370204412847296,0.2587674656842034,2,C
0,fashion,80,shuffled,ridge,1.366986573429862,0.12759320370546995,0.2423812984055768,0.2797156611087219,2,C
0,fashion,80,pca,ridge,0.06927312543052483,0.1094024010002697,0.22491810495839398,0.24117537377109777,2,C
0,fashion,80,emotion,ridge,3.110654023137943,0.2717032923112018,0.33194742502124003,0.363494591923667,2,C
0,fashion,80,population,mlp,,0.159669417000996,0.26659496999200677,0.24705105425718066,2,C
0,fashion,80,identity,mlp,,0.25060175787320094,0.33776848950363425,0.33126908563203555,2,C
0,fashion,80,random,mlp,,0.21643873481350773,0.21753171221182646,0.24159385168859004,2,C
0,fashion,80,shuffled,mlp,,0.11175790558490738,0.12732967098884285,0.13602760819347914,2,C
0,fashion,80,pca,mlp,,0.2751231189998876,0.3008365257707966,0.2989075202374032,2,C
0,fashion,80,emotion,mlp,,0.21926565569791026,0.2212493668392379,0.23759084010431408,2,C
0,fashion,80,gt_emotion,ridge,5.997861079906748,0.8452866877519527,0.8513757618746799,0.8473673853278346,2,C
0,fashion,85,population,ridge,,0.22794647180437522,0.42475413524912947,0.4209264137718668,2,C
0,fashion,85,identity,ridge,26.449977915145013,0.3128733133824128,0.46748030072331553,0.4656957221189593,2,C
0,fashion,85,random,ridge,0.6240618607518528,0.25598995271859404,0.4442242866044548,0.42899854937144893,2,C
0,fashion,85,shuffled,ridge,1.3781905410396071,0.24298388014949085,0.3887146884222268,0.39603569819040124,2,C
0,fashion,85,pca,ridge,0.06928451087922238,0.25261474647793664,0.4282449957194025,0.42167356579878623,2,C
0,fashion,85,emotion,ridge,3.2289433756452817,0.28380379460880817,0.41334737990964593,0.42641215603571875,2,C
0,fashion,85,population,mlp,,0.13258613625192195,0.2113691431225845,0.17762183848447222,2,C
0,fashion,85,identity,mlp,,0.2755513873557432,0.3468735298278282,0.3710258775571567,2,C
0,fashion,85,random,mlp,,-0.0320722265520829,-0.007424224380439697,-0.03884580097959295,2,C
0,fashion,85,shuffled,mlp,,-0.03624524045776974,-0.06819469679251564,-0.04463012297877096,2,C
0,fashion,85,pca,mlp,,0.2759477460723677,0.3391543031541261,0.33535540567300975,2,C
0,fashion,85,emotion,mlp,,-0.03576231440094082,-0.01106258599734392,-0.03981094775712249,2,C
0,fashion,85,gt_emotion,ridge,6.030049144035638,0.8301054221822375,0.8708570582772154,0.8740462271568379,2,C
0,fashion,86,population,ridge,,0.052072513341609415,0.08305554639806927,0.11478193530410585,2,C
0,fashion,86,identity,ridge,26.532848439839572,0.16514728875131224,0.27973708428409955,0.2600061129793798,2,C
0,fashion,86,random,ridge,0.6228369533341496,0.07572000353218603,0.06839574212419318,0.11243625317914878,2,C
0,fashion,86,shuffled,ridge,1.3748132143135228,0.117719711954733,0.19978361251053647,0.17118223257157678,2,C
0,fashion,86,pca,ridge,0.06926033008064145,0.07815116356417214,0.08065394023716123,0.11601895468947124,2,C
0,fashion,86,emotion,ridge,3.0717235206459197,0.028876579616093873,0.07970330446513514,0.07534262568296748,2,C
0,fashion,86,population,mlp,,-0.05036946471740669,-0.028118805467298152,-0.08973134660978734,2,C
0,fashion,86,identity,mlp,,0.16734980655948994,0.2706309942573233,0.2983720987453705,2,C
0,fashion,86,random,mlp,,0.026957433753778213,0.0069046177126105765,0.028702170485370264,2,C
0,fashion,86,shuffled,mlp,,0.11765444929197434,0.14744861158741573,0.14782310514600605,2,C
0,fashion,86,pca,mlp,,0.20062970955657128,0.15510373122531007,0.21744937413142987,2,C
0,fashion,86,emotion,mlp,,0.017138699763908728,0.017761878898382284,0.020392128632579835,2,C
0,fashion,86,gt_emotion,ridge,5.15578151479145,0.207862722410128,0.3701196095864356,0.25023076516250653,2,C
0,fashion,98,population,ridge,,0.14785950096777753,0.3042814533768127,0.32734809360738126,2,C
0,fashion,98,identity,ridge,26.537825345690585,0.27105196537096804,0.3649021333123449,0.3994992913740116,2,C
0,fashion,98,random,ridge,0.6225889868770825,0.1505816001156859,0.29377714122604043,0.3239307929522299,2,C
0,fashion,98,shuffled,ridge,1.3672678772387596,0.14378547436590494,0.2647675688844214,0.32115112227022885,2,C
0,fashion,98,pca,ridge,0.06928624048572112,0.15280695483540258,0.30550859264676283,0.3275180484030556,2,C
0,fashion,98,emotion,ridge,3.238210166870108,0.23700530753844234,0.39626781305226805,0.35283500074050783,2,C
0,fashion,98,population,mlp,,0.26468942628375314,0.3763390713082793,0.4110297626298956,2,C
0,fashion,98,identity,mlp,,0.057366719726992664,0.02606443809373893,0.07766997845441159,2,C
0,fashion,98,random,mlp,,0.02042091861685073,-0.00225793625670808,0.025289063945749892,2,C
0,fashion,98,shuffled,mlp,,-0.15293303810069628,-0.2604971242249952,-0.18730825950004454,2,C
0,fashion,98,pca,mlp,,0.2804899307061856,0.37923511998536147,0.3693901408932817,2,C
0,fashion,98,emotion,mlp,,0.13811925964168764,0.22957321462225413,0.18102648645982297,2,C
0,fashion,98,gt_emotion,ridge,6.251287721186834,0.608125465994753,0.6707614997665232,0.6979473507580426,2,C
0,fashion,99,population,ridge,,0.23785847535870716,0.41985306776138864,0.4553437439753313,2,C
0,fashion,99,identity,ridge,26.4052129962856,0.4483539069785598,0.5245468840748178,0.5661344414907182,2,C
0,fashion,99,random,ridge,0.6262944446458097,0.2635079489954204,0.43597111435339525,0.4686352994552816,2,C
0,fashion,99,shuffled,ridge,1.4132879706499,0.24719444491442677,0.44694510352242106,0.46899295257886964,2,C
0,fashion,99,pca,ridge,0.06927545916685818,0.23846258494133477,0.434060464453431,0.45891584178800215,2,C
0,fashion,99,emotion,ridge,3.1357865986414457,0.40220833428323555,0.42710373917663785,0.456687434487921,2,C
0,fashion,99,population,mlp,,0.20758871964829403,0.31902954227096414,0.3497259612946615,2,C
0,fashion,99,identity,mlp,,0.209437403987539,0.1980707062963004,0.2261279252585243,2,C
0,fashion,99,random,mlp,,0.2960458554106164,0.2759174419640771,0.31978390139300367,2,C
0,fashion,99,shuffled,mlp,,0.1317075667083456,0.18665579791959055,0.1354788106205501,2,C
0,fashion,99,pca,mlp,,0.4204399202294673,0.4655616922913041,0.4605043789099017,2,C
0,fashion,99,emotion,mlp,,0.30355422672367566,0.31902954227096414,0.32064485880000376,2,C
0,fashion,99,gt_emotion,ridge,6.728813294460614,0.6909387870764269,0.7553166684020327,0.747121437985023,2,C
0,fashion,105,population,ridge,,0.0695470709990425,0.12531916549944772,0.13741722905122425,2,C
0,fashion,105,identity,ridge,26.632776270562978,0.07438755915503548,0.09194984549665483,0.09086062934750969,2,C
0,fashion,105,random,ridge,0.6256321825399817,0.1020430179750154,0.1347931049324173,0.13996045905199062,2,C
0,fashion,105,shuffled,ridge,1.366806493194718,0.10423119712139944,0.1303719331970315,0.14414290407525757,2,C
0,fashion,105,pca,ridge,0.06928111481932595,0.09796305507652972,0.11831897691842021,0.13689212139850837,2,C
0,fashion,105,emotion,ridge,3.369475618209571,0.091956687598973,0.13089826316552983,0.11844060033880408,2,C
0,fashion,105,population,mlp,,0.039424604612334185,0.02836918530205894,0.0528512276954281,2,C
0,fashion,105,identity,mlp,,0.2139721051015207,0.2017422769254024,0.23385522623696295,2,C
0,fashion,105,random,mlp,,0.2574396334977781,0.2918499675323132,0.2723697392936381,2,C
0,fashion,105,shuffled,mlp,,-0.17949006196267353,-0.21805850594885,-0.1877600409990018,2,C
0,fashion,105,pca,mlp,,0.2564962805953585,0.3459566882939395,0.2865861353416445,2,C
0,fashion,105,emotion,mlp,,0.3056596793637306,0.30148180595583224,0.3109497410478022,2,C
0,fashion,105,gt_emotion,ridge,6.195450646990915,0.6612470533788417,0.6672182044039641,0.6848300749232442,2,C
0,fashion,109,population,ridge,,0.3282953754861839,0.47902298156194956,0.5456339751522641,2,C
0,fashion,109,identity,ridge,26.58477857865474,0.34169967522607997,0.4416761141747543,0.4449685404618985,2,C
0,fashion,109,random,ridge,0.6236370359250866,0.3422281523367173,0.47917500408862734,0.5545095770917928,2,C
0,fashion,109,shuffled,ridge,1.355182569377251,0.32558034465202246,0.5070458006462358,0.5574367165597308,2,C
0,fashion,109,pca,ridge,0.06926939532033921,0.3295824072024444,0.47740140794405234,0.5462939372255825,2,C
0,fashion,109,emotion,ridge,3.261782509665333,0.28278222378875745,0.4221665565844284,0.45329938506792444,2,C
0,fashion,109,population,mlp,,0.39095192387453764,0.4298690312694401,0.4718724412034612,2,C
0,fashion,109,identity,mlp,,0.2183754169766864,0.24019559215102512,0.24847143493162566,2,C
0,fashion,109,random,mlp,,0.24218368748051486,0.2218008664230036,0.2899019112889108,2,C
0,fashion,109,shuffled,mlp,,0.0663806172031287,0.09101081930448125,0.079628213858861,2,C
0,fashion,109,pca,mlp,,0.1726164987508853,0.07266676775201901,0.19312953296744104,2,C
0,fashion,109,emotion,mlp,,0.15798662783726797,0.1871397303404506,0.1803994531735612,2,C
0,fashion,109,gt_emotion,ridge,5.951069286999903,0.6456541196357023,0.6247702439954761,0.6747503307493593,2,C
0,fashion,110,population,ridge,,0.2597813308842886,0.3448727928958437,0.3776607955821896,2,C
0,fashion,110,identity,ridge,26.416865112579686,0.2381102309138894,0.30439945730534346,0.3186540562390168,2,C
0,fashion,110,random,ridge,0.6238776078118383,0.24124337473482815,0.32728438039231766,0.3763547386927174,2,C
0,fashion,110,shuffled,ridge,1.4359760689270928,0.22597366916644868,0.36560913150085317,0.3912298505661166,2,C
0,fashion,110,pca,ridge,0.06921894954114695,0.24065357337012971,0.3504691059651475,0.3777332127980879,2,C
0,fashion,110,emotion,ridge,3.132137744197246,0.22291568233706868,0.2757683199061376,0.3425088979047961,2,C
0,fashion,110,population,mlp,,0.12180517263677211,0.14715305347410315,0.15516554398822405,2,C
0,fashion,110,identity,mlp,,0.05497553518644207,0.052715270429602314,0.06020357012284284,2,C
0,fashion,110,random,mlp,,0.0898601435145928,0.021485844819648336,0.09672110883436034,2,C
0,fashion,110,shuffled,mlp,,0.17080391492117572,0.19911881768906656,0.20730992875532067,2,C
0,fashion,110,pca,mlp,,0.31402713230419893,0.24293994770495397,0.3601369571168789,2,C
0,fashion,110,emotion,mlp,,-0.177525913799978,-0.19682033196417395,-0.1844484582997536,2,C
0,fashion,110,gt_emotion,ridge,4.07491786292969,0.3493885551222429,0.4428630301302344,0.39544837086266793,2,C
0,fashion,116,population,ridge,,0.1932995279802773,0.24281545222358794,0.35995940348969774,2,C
0,fashion,116,identity,ridge,26.57000213699119,0.24210103513958806,0.28362815087926035,0.34714630987597334,2,C
0,fashion,116,random,ridge,0.6261629711961415,0.24546634969258166,0.24155890361965715,0.3509719040534523,2,C
0,fashion,116,shuffled,ridge,1.3423011917951462,0.2489346543719133,0.23964894974168233,0.35935891046351615,2,C
0,fashion,116,pca,ridge,0.06929564047718864,0.2569802454315341,0.24281545222358794,0.3599519018479268,2,C
0,fashion,116,emotion,ridge,3.2003154479475175,0.1860347709417794,0.24346885749763195,0.3531145361065804,2,C
0,fashion,116,population,mlp,,0.20757595597152978,0.16862882264751347,0.29447556713106654,2,C
0,fashion,116,identity,mlp,,0.03190681222936094,0.07740339400213733,0.03471902383650352,2,C
0,fashion,116,random,mlp,,0.010743455841547267,0.11112915853164002,0.011286920857656686,2,C
0,fashion,116,shuffled,mlp,,-0.18748962992645254,-0.1983336316444376,-0.24258310165557326,2,C
0,fashion,116,pca,mlp,,0.19293915005598408,0.15983298241999788,0.20827966139505097,2,C
0,fashion,116,emotion,mlp,,-0.10998928419756081,-0.11479828045511797,-0.11261196797803627,2,C
0,fashion,116,gt_emotion,ridge,6.112580512668088,0.7157768876837557,0.7933065576719496,0.8446999504020769,2,C
0,fashion,117,population,ridge,,0.32849381470608013,0.47667173983840266,0.5335383360386456,2,C
0,fashion,117,identity,ridge,26.550906340562346,0.47203972401879857,0.6075001391213383,0.5841296267551294,2,C
0,fashion,117,random,ridge,0.6282050344698766,0.3615177885326095,0.49843458920048916,0.561242805450401,2,C
0,fashion,117,shuffled,ridge,1.3943743869802228,0.3457878241598353,0.49833406795632246,0.5493081446321715,2,C
0,fashion,117,pca,ridge,0.06926514526605095,0.32981569685502593,0.48184858391298674,0.5354766112139974,2,C
0,fashion,117,emotion,ridge,3.117409690800355,0.47034349842552703,0.5078333255300739,0.5563840431397906,2,C
0,fashion,117,population,mlp,,0.241377141716495,0.3005082594362937,0.3213884765768472,2,C
0,fashion,117,identity,mlp,,0.23152778095930496,0.39047477296547345,0.34505094062874314,2,C
0,fashion,117,random,mlp,,0.29973639997527335,0.26060132550212123,0.30801745694383686,2,C
0,fashion,117,shuffled,mlp,,0.05503058865250609,0.09026807726167979,0.060372809177160085,2,C
0,fashion,117,pca,mlp,,0.4587651103585618,0.44329868677506445,0.4844851643333918,2,C
0,fashion,117,emotion,mlp,,0.10684312183940446,0.10544678513084868,0.14261623728228398,2,C
0,fashion,117,gt_emotion,ridge,6.622788561996385,0.8468875251890051,0.79576438171606,0.8509723944514486,2,C
0,fashion,126,population,ridge,,0.23178763699882565,0.2538242330615408,0.4027775069417617,2,C
0,fashion,126,identity,ridge,26.520256831384614,0.29448310266178035,0.27015675265419614,0.4440557911705321,2,C
0,fashion,126,random,ridge,0.6236078411976037,0.2433626379373593,0.26186638556613095,0.4156168255077474,2,C
0,fashion,126,shuffled,ridge,1.3646211646239477,0.2611153815223551,0.3178139526813972,0.435459199433592,2,C
0,fashion,126,pca,ridge,0.06928516488155186,0.23582908398111557,0.263554244733761,0.40464080333149716,2,C
0,fashion,126,emotion,ridge,3.356666257428598,0.2787965283518054,0.36993901521114836,0.5269914881984571,2,C
0,fashion,126,population,mlp,,0.2713095666896633,0.32635253435293743,0.3748861555813905,2,C
0,fashion,126,identity,mlp,,0.02650651345551074,-0.04790541461067609,0.029678258644874125,2,C
0,fashion,126,random,mlp,,0.05178051225303256,0.20065666928119455,0.05568399197667094,2,C
0,fashion,126,shuffled,mlp,,0.16960556906917731,0.1841255780217592,0.1983511232495371,2,C
0,fashion,126,pca,mlp,,0.1539958043643708,0.05162863336280118,0.17573034510118496,2,C
0,fashion,126,emotion,mlp,,-0.09569268690750468,-0.10261190880856733,-0.11802566913692895,2,C
0,fashion,126,gt_emotion,ridge,6.043297861320038,0.7785357524568502,0.8267381838160006,0.8289565240270077,2,C
0,fashion,127,population,ridge,,0.21290808655025753,0.5300948213393801,0.505102066246124,2,C
0,fashion,127,identity,ridge,26.144565789780632,0.4264506516584236,0.5418354072257773,0.5496092157950284,2,C
0,fashion,127,random,ridge,0.6247862173945218,0.2898416648283195,0.5460600531932674,0.5146177584134404,2,C
0,fashion,127,shuffled,ridge,1.4218566911788064,0.2685563932880913,0.49605203464786035,0.47399510171473636,2,C
0,fashion,127,pca,ridge,0.06925837552645005,0.2803540063299482,0.5327966298069611,0.5053675891556524,2,C
0,fashion,127,emotion,ridge,3.070874054579417,0.3407766508890909,0.45218448989240984,0.42586342947321426,2,C
0,fashion,127,population,mlp,,0.09441913661585995,0.1515960169264505,0.1559528393199487,2,C
0,fashion,127,identity,mlp,,0.25770478689676385,0.2876689161118905,0.2988356034597862,2,C
0,fashion,127,random,mlp,,0.14758739478078922,0.18539318466637206,0.20266378470968185,2,C
0,fashion,127,shuffled,mlp,,0.10482081682709497,0.2129516310356976,0.12549174932526047,2,C
0,fashion,127,pca,mlp,,0.30600528039553754,0.3082026604655056,0.33990939849583535,2,C
0,fashion,127,emotion,mlp,,0.15283067076862458,0.13445181410489143,0.18971987678716354,2,C
0,fashion,127,gt_emotion,ridge,4.874028945800274,0.7253627408117362,0.7005957568722508,0.7436915276884282,2,C
0,fashion,136,population,ridge,,0.2446748020111733,0.5055842447604649,0.461465902396475,2,C
0,fashion,136,identity,ridge,26.514885573936322,0.39086026916376526,0.5805437563065535,0.5489922960294086,2,C
0,fashion,136,random,ridge,0.6257183673112869,0.25568629190009945,0.5116673464827914,0.46581004572140045,2,C
0,fashion,136,shuffled,ridge,1.3503115288932233,0.28761608620376095,0.5385997887856728,0.49466974404408937,2,C
0,fashion,136,pca,ridge,0.06927224856627263,0.2477951377532445,0.5090673110692164,0.46309863595294015,2,C
0,fashion,136,emotion,ridge,3.3854418962738384,0.3235326392352163,0.5341355770378364,0.48771623064306785,2,C
0,fashion,136,population,mlp,,0.3052448430502879,0.4265529796421737,0.3980117166749545,2,C
0,fashion,136,identity,mlp,,0.3222157866708413,0.361748323390614,0.39550751269914947,2,C
0,fashion,136,random,mlp,,0.030271180565081574,0.027128671390698342,0.03329879542524118,2,C
0,fashion,136,shuffled,mlp,,0.19290344554406647,0.2540676114510429,0.2532649240897151,2,C
0,fashion,136,pca,mlp,,0.3738673791834204,0.43322476862795123,0.43571199613493355,2,C
0,fashion,136,emotion,mlp,,0.3046557488844907,0.31970624132582476,0.3691331755092791,2,C
0,fashion,136,gt_emotion,ridge,3.9561870784411335,0.7483052580192263,0.8220365707271192,0.824817437219609,2,C
0,fashion,144,population,ridge,,0.14279652603740817,0.5397303240308864,0.4847362142681455,2,C
0,fashion,144,identity,ridge,26.487745621540558,0.37383413160801776,0.5664912979334414,0.5105142618070607,2,C
0,fashion,144,random,ridge,0.6253073894295431,0.30290606391936,0.5246772762106993,0.47578209031155205,2,C
0,fashion,144,shuffled,ridge,1.4148487044715832,0.31331471139403544,0.5380577631619767,0.4906608100818541,2,C
0,fashion,144,pca,ridge,0.06928421855234132,0.30124689713642894,0.5450521086137808,0.48564565616103283,2,C
0,fashion,144,emotion,ridge,3.246764625515788,0.39187056834024636,0.5789594789562227,0.5297176294530895,2,C
0,fashion,144,population,mlp,,0.18679348149373223,0.49857518992316924,0.43281076062844254,2,C
0,fashion,144,identity,mlp,,-0.03215417413415315,-0.10309056992006976,-0.044026915959119166,2,C
0,fashion,144,random,mlp,,0.04550994833019737,0.07632959601751477,0.049610677876512244,2,C
0,fashion,144,shuffled,mlp,,0.07791827112092363,0.06517919022478354,0.09081970752371722,2,C
0,fashion,144,pca,mlp,,0.17983700047172432,0.22047393271991322,0.20709453800462885,2,C
0,fashion,144,emotion,mlp,,0.16608204969470644,0.16492463840703395,0.16840882204800262,2,C
0,fashion,144,gt_emotion,ridge,6.149482840123209,0.8674720684273027,0.7982925025130331,0.8807877952970563,2,C
0,landscape,3,population,ridge,,0.33133122140887494,0.4202267308483336,0.4782536210763442,2,C
0,landscape,3,identity,ridge,27.49675157001757,0.3719666619086716,0.4967972214118629,0.5128149548385786,2,C
0,landscape,3,random,ridge,1.6326143757728195,0.3375539736633044,0.4163858959518994,0.46808358403246725,2,C
0,landscape,3,shuffled,ridge,2.262257077047654,0.4147698179186174,0.5087136578854153,0.5408757104228551,2,C
0,landscape,3,pca,ridge,1.6594955702291494,0.3693202203775704,0.4950245283827394,0.5120368608186224,2,C
0,landscape,3,emotion,ridge,3.46840965095415,0.2864704590926362,0.44573381387849964,0.47649850317728454,2,C
0,landscape,3,population,mlp,,0.3232901785859491,0.39353785246541856,0.3853581319124264,2,C
0,landscape,3,identity,mlp,,0.0907157237765201,0.06967668433916008,0.09860716277688451,2,C
0,landscape,3,random,mlp,,0.0018964463350668688,-0.035453860582470145,0.001991398387418775,2,C
0,landscape,3,shuffled,mlp,,0.2410183793089714,0.3142098394121416,0.2853382757920727,2,C
0,landscape,3,pca,mlp,,0.3995044675505875,0.4285977812636391,0.42419734700954986,2,C
0,landscape,3,emotion,mlp,,0.25347900136598084,0.2935284207390341,0.2714753023310616,2,C
0,landscape,3,gt_emotion,ridge,6.1632429125330175,0.6571003812356948,0.8023908624057322,0.7896086995303452,2,C
0,landscape,14,population,ridge,,0.19633705444694483,0.3538744936123055,0.3749376269463424,2,C
0,landscape,14,identity,ridge,27.544985457000408,0.30061222804778726,0.3672086074632245,0.40944991145409554,2,C
0,landscape,14,random,ridge,1.64063937444814,0.3155641741538814,0.4008660918675886,0.4248531455561726,2,C
0,landscape,14,shuffled,ridge,2.273379844855182,0.30298298270462354,0.4151915896479439,0.4412812675996543,2,C
0,landscape,14,pca,ridge,1.6606763396538373,0.289713791175204,0.3801957369388407,0.4127087046604453,2,C
0,landscape,14,emotion,ridge,3.6125954204794555,0.3316694924867325,0.4102346700007621,0.44890549466999835,2,C
0,landscape,14,population,mlp,,0.09830826817891633,0.16566025460881428,0.15783567954546876,2,C
0,landscape,14,identity,mlp,,0.1408563980808802,0.253496870756875,0.17874793933494643,2,C
0,landscape,14,random,mlp,,0.1628523555179445,0.23079417877278255,0.18850528384675128,2,C
0,landscape,14,shuffled,mlp,,0.10681076821870383,0.1504920804884381,0.13920488353297258,2,C
0,landscape,14,pca,mlp,,0.32658737512321256,0.31357473688071785,0.34293712250881553,2,C
0,landscape,14,emotion,mlp,,0.424090973396344,0.43149985528717183,0.42595898284865125,2,C
0,landscape,14,gt_emotion,ridge,6.687602793100382,0.7061903026328437,0.7513879208626999,0.7569380607978541,2,C
0,landscape,15,population,ridge,,0.03848188640951359,0.0440088026408803,0.05947023732773629,2,C
0,landscape,15,identity,ridge,26.851644737967483,0.06743441953526416,0.018403681104368127,0.08334553368239057,2,C
0,landscape,15,random,ridge,1.6054441175826297,0.03424391693953051,-0.014402880864288101,0.034696628710552596,2,C
0,landscape,15,shuffled,ridge,2.2457949413799434,-0.036455030081797436,-0.12402480744248086,-0.03714022630698729,2,C
0,landscape,15,pca,ridge,1.6635088194499486,0.04602161931846168,0.008001600480160055,0.0481075023455263,2,C
0,landscape,15,emotion,ridge,3.30682785218531,0.06943985053898437,0.1872374512357453,0.2024871950641474,2,C
0,landscape,15,population,mlp,,0.15496765047600103,0.1800360108036013,0.20533181973196196,2,C
0,landscape,15,identity,mlp,,-0.10157420398513112,-0.12002400720240083,-0.11283553598115202,2,C
0,landscape,15,random,mlp,,-0.18748621515149846,-0.2224444933484495,-0.18798251310380934,2,C
0,landscape,15,shuffled,mlp,,-0.048018653483472104,-0.03840768230476827,-0.05586316082219474,2,C
0,landscape,15,pca,mlp,,-0.159571751429595,-0.1600320096032011,-0.1886950582577714,2,C
0,landscape,15,emotion,mlp,,0.10315600159037497,0.1760352105635212,0.10339146632622417,2,C
0,landscape,15,gt_emotion,ridge,6.084691826944572,0.6818897515815269,0.6896169904617253,0.7165954440551987,2,C
0,landscape,19,population,ridge,,0.42082793511224276,0.49608972073630253,0.5287614156564223,2,C
0,landscape,19,identity,ridge,27.103876063478808,0.5508173275609198,0.6222066638314513,0.637618547758665,2,C
0,landscape,19,random,ridge,1.629471428493547,0.47032760214047753,0.5402603953816554,0.5778324186146422,2,C
0,landscape,19,shuffled,ridge,2.3902439202600263,0.44253643510978075,0.48835613460310945,0.5322878383419574,2,C
0,landscape,19,pca,ridge,1.665583026181807,0.4583344966960035,0.525041094465692,0.567500674891081,2,C
0,landscape,19,emotion,ridge,3.423315637898016,0.5179728722007289,0.5359474338842976,0.5933567777049829,2,C
0,landscape,19,population,mlp,,0.2793451409656574,0.29253776776905377,0.2975684615222304,2,C
0,landscape,19,identity,mlp,,0.309355320181971,0.3251576374847015,0.3940488628514183,2,C
0,landscape,19,random,mlp,,0.12283370502079466,0.10708042338267348,0.12694925642136762,2,C
0,landscape,19,shuffled,mlp,,0.28449694878543397,0.29610711521514294,0.33422114400373476,2,C
0,landscape,19,pca,mlp,,0.41245303900908387,0.4166221657907352,0.42360025353184166,2,C
0,landscape,19,emotion,mlp,,0.0496383926199791,0.09979300568024152,0.05616508243460094,2,C
0,landscape,19,gt_emotion,ridge,6.622787576391161,0.8982699296944158,0.9187016786822791,0.9099313052768241,2,C
0,landscape,21,population,ridge,,0.09457863271111808,0.12965951418415453,0.15518461723945387,2,C
0,landscape,21,identity,ridge,26.86187482704558,0.20402171898389165,0.22822669682992247,0.2480396261219715,2,C
0,landscape,21,random,ridge,1.6248892329202946,0.13413656103508254,0.1396410010343589,0.1728975025190877,2,C
0,landscape,21,shuffled,ridge,2.2957060765953754,0.15535364010965905,0.16065203085403904,0.19524293016408853,2,C
0,landscape,21,pca,ridge,1.6725182317429956,0.16782524333696774,0.20741529674724643,0.21824144714850705,2,C
0,landscape,21,emotion,ridge,3.444138647084661,0.27678711131447153,0.45695246800235517,0.4070697860370293,2,C
0,landscape,21,population,mlp,,0.14693801200324053,0.19893103292457273,0.207754771484498,2,C
0,landscape,21,identity,mlp,,0.04143875988732557,0.09577236632771075,0.055881766793442256,2,C
0,landscape,21,random,mlp,,0.09642730866838317,0.0706689268994468,0.09793732070825352,2,C
0,landscape,21,shuffled,mlp,,0.20299820768937063,0.17103277717825158,0.22486518184396032,2,C
0,landscape,21,pca,mlp,,0.1360335645047754,0.09582227376196176,0.1414882971098788,2,C
0,landscape,21,emotion,mlp,,0.32002350166359733,0.3495516694941564,0.32134281150164984,2,C
0,landscape,21,gt_emotion,ridge,4.408973086259853,0.7214255808976913,0.7381028062406565,0.7743660407285338,2,C
0,landscape,22,population,ridge,,0.2695721852002728,0.42893972209403025,0.4543634846193479,2,C
0,landscape,22,identity,ridge,27.332051268470597,0.3532194533812699,0.48236221475483226,0.4769449951994048,2,C
0,landscape,22,random,ridge,1.615156261792501,0.2750815973339153,0.45102036915182525,0.46366504438261263,2,C
0,landscape,22,shuffled,ridge,2.3418072456979244,0.34782872389829117,0.46305992726060086,0.4667985640025799,2,C
0,landscape,22,pca,ridge,1.667392510841666,0.2865457316341435,0.4392732699444774,0.4536987704373888,2,C
0,landscape,22,emotion,ridge,3.334755986785348,0.32401992349484765,0.4262588488309426,0.42850180933403703,2,C
0,landscape,22,population,mlp,,0.20199795421658318,0.29275136032917565,0.2686862345185639,2,C
0,landscape,22,identity,mlp,,0.21410730676376105,0.25634022710142107,0.23671526996210734,2,C
0,landscape,22,random,mlp,,0.15986416487249536,0.08554422866761627,0.1746304883260082,2,C
0,landscape,22,shuffled,mlp,,0.44706499794107946,0.49537663586836705,0.46972354156255125,2,C
0,landscape,22,pca,mlp,,0.09287092121052389,0.1220528481958468,0.09534490645806813,2,C
0,landscape,22,emotion,mlp,,0.08780379184268661,0.15315097804766403,0.10665438288088974,2,C
0,landscape,22,gt_emotion,ridge,6.20294221899677,0.628779572510443,0.7041227992462578,0.7115329389298745,2,C
0,landscape,30,population,ridge,,0.14093635664852713,0.34063909868879233,0.38967066974353176,2,C
0,landscape,30,identity,ridge,27.47366058295575,0.48140875186397797,0.46047681943022467,0.5378034977021252,2,C
0,landscape,30,random,ridge,1.6395088194850778,0.2939808743868124,0.34989997253021343,0.38520510319712653,2,C
0,landscape,30,shuffled,ridge,2.2928438837999514,0.33195914162253526,0.3742600972000384,0.42095361884927124,2,C
0,landscape,30,pca,ridge,1.669041052848273,0.3437771437953244,0.3918255589970816,0.4355183001858757,2,C
0,landscape,30,emotion,ridge,3.513738422753424,0.4455974937886154,0.4766833486527116,0.4958341070966885,2,C
0,landscape,30,population,mlp,,0.1530404146750967,0.2778765460787267,0.3254506352630648,2,C
0,landscape,30,identity,mlp,,0.3635380956168852,0.38714479124027634,0.3865026012118754,2,C
0,landscape,30,random,mlp,,0.11046111920589569,0.2022292994284231,0.115417679868808,2,C
0,landscape,30,shuffled,mlp,,0.28606558874022614,0.1391647618017894,0.30491163657569126,2,C
0,landscape,30,pca,mlp,,0.196040199321012,0.21617094102664938,0.19935870156875174,2,C
0,landscape,30,emotion,mlp,,0.2855817955249147,0.10936890683373902,0.31881078030751725,2,C
0,landscape,30,gt_emotion,ridge,5.7474058997551944,0.850992990359293,0.8002438074586598,0.8532291457681022,2,C
0,landscape,50,population,ridge,,0.3776838040640318,0.4285102562543662,0.3956111348080358,2,C
0,landscape,50,identity,ridge,26.869761261841344,0.40811660124166954,0.430403116941991,0.4180580397451779,2,C
0,landscape,50,random,ridge,1.6306130338126745,0.39825213884760235,0.44086952309709304,0.4065361914712441,2,C
0,landscape,50,shuffled,ridge,2.35935424826429,0.3860552582443202,0.4328527013612702,0.3955549845592719,2,C
0,landscape,50,pca,ridge,1.6463301854470833,0.39266454379338417,0.42906697998602056,0.4004852189731852,2,C
0,landscape,50,emotion,ridge,3.530921299411639,0.366255790053317,0.389984974023884,0.3844722943132525,2,C
0,landscape,50,population,mlp,,0.2869483920238083,0.2777494697223636,0.28832707251113177,2,C
0,landscape,50,identity,mlp,,0.11277802260056126,0.17831861124889373,0.20151529762195433,2,C
0,landscape,50,random,mlp,,0.0007036602953032411,0.055505356045940375,0.0007433283968981726,2,C
0,landscape,50,shuffled,mlp,,0.3520676913782417,0.36437568236778306,0.3552871799189232,2,C
0,landscape,50,pca,mlp,,0.31228229639108435,0.2970121108376047,0.36400551212660753,2,C
0,landscape,50,emotion,mlp,,0.3586402169959829,0.4132560260070364,0.37326342639958865,2,C
0,landscape,50,gt_emotion,ridge,4.713599710650882,0.654173684776086,0.6623491195322899,0.664233609089272,2,C
0,landscape,57,population,ridge,,0.3998218083629165,0.4576892729123634,0.46869628995213164,2,C
0,landscape,57,identity,ridge,27.170530297529506,0.3616545094648512,0.3793052678694214,0.45046317988589774,2,C
0,landscape,57,random,ridge,1.636252544222436,0.388049870340799,0.45283744316417573,0.454944334588238,2,C
0,landscape,57,shuffled,ridge,2.3132995124210076,0.3960443011591007,0.4312737553944531,0.46594635853659827,2,C
0,landscape,57,pca,ridge,1.6652487372476061,0.38550287168835373,0.4457753354195916,0.4648660930372809,2,C
0,landscape,57,emotion,ridge,3.495721491418107,0.30469441827885174,0.418065996635498,0.47109865263076955,2,C
0,landscape,57,population,mlp,,0.32475421112900515,0.35396793473999744,0.34220800783168753,2,C
0,landscape,57,identity,mlp,,0.2088488257904543,0.19574437572965736,0.26242948653173503,2,C
0,landscape,57,random,mlp,,0.10027033575197686,0.11423363596010576,0.10149659460106866,2,C
0,landscape,57,shuffled,mlp,,0.19802801316585228,0.2010274792332394,0.2583650293632673,2,C
0,landscape,57,pca,mlp,,-0.03463204962691419,-0.16215893202831436,-0.035463086556408965,2,C
0,landscape,57,emotion,mlp,,0.18170238652595716,0.22992282084466778,0.18401698256755342,2,C
0,landscape,57,gt_emotion,ridge,4.981969280795174,0.3426087576365921,0.3475245384467799,0.4536007717550457,2,C
0,landscape,62,population,ridge,,0.2750471845010569,0.3328721989818945,0.42577938401367743,2,C
0,landscape,62,identity,ridge,27.111801739598192,0.33909288640060586,0.30062986939441055,0.38753152941859687,2,C
0,landscape,62,random,ridge,1.6553550516296358,0.29362405366422883,0.329140447872232,0.41302779704589676,2,C
0,landscape,62,shuffled,ridge,2.3545622710947023,0.27874473491334945,0.32610529030303986,0.40089325214888305,2,C
0,landscape,62,pca,ridge,1.6668361004289207,0.2985155643303354,0.3376985970837247,0.41406461208690787,2,C
0,landscape,62,emotion,ridge,3.5277334917767935,0.3232956164606785,0.35332219506284496,0.4100346602225237,2,C
0,landscape,62,population,mlp,,0.23097620949324843,0.2847077313265172,0.3034590839191225,2,C
0,landscape,62,identity,mlp,,0.04150960708927655,0.036123350741532945,0.055165188973798164,2,C
0,landscape,62,random,mlp,,0.03616579756575119,0.012488927047003814,0.03683686560809977,2,C
0,landscape,62,shuffled,mlp,,0.03350622763968638,-0.12265021980424064,0.03731248854772702,2,C
0,landscape,62,pca,mlp,,0.3376152743821693,0.35421781532916397,0.3432705849402743,2,C
0,landscape,62,emotion,mlp,,0.23880899425232183,0.27734374247011656,0.2449744094919855,2,C
0,landscape,62,gt_emotion,ridge,6.107147380317001,0.6715817020506586,0.6558336865081216,0.7057521311817061,2,C
0,landscape,63,population,ridge,,0.1555765559131791,0.15606137940054732,0.2094278512740273,2,C
0,landscape,63,identity,ridge,26.674908207796776,0.031081604501042793,0.004134076275511187,0.0458608451025535,2,C
0,landscape,63,random,ridge,1.6203268216005127,0.1731719741976731,0.16060886330360963,0.20113573223871098,2,C
0,landscape,63,shuffled,ridge,2.1879212489972644,0.19785196148140954,0.17823036342797607,0.24653533739894115,2,C
0,landscape,63,pca,ridge,1.661688987601274,0.1396064722173896,0.13549434992987916,0.17982378410868438,2,C
0,landscape,63,emotion,ridge,3.1544130798413974,-0.02506673911417385,-0.03679327885204957,-0.05134645665404432,2,C
0,landscape,63,population,mlp,,0.07534292624893213,0.045836570704730295,0.0941198247931763,2,C
0,landscape,63,identity,mlp,,0.07544063039196267,0.16035048353639017,0.09059837629562303,2,C
0,landscape,63,random,mlp,,-0.05839909739086407,-0.0630963391549895,-0.059300609917866814,2,C
0,landscape,63,shuffled,mlp,,0.06291524149181425,0.10640078814096918,0.08589570959363917,2,C
0,landscape,63,pca,mlp,,0.09449392292536948,0.16479461553256472,0.0954813402707124,2,C
0,landscape,63,emotion,mlp,,0.2873782056272695,0.25817306340567364,0.2995988895090609,2,C
0,landscape,63,gt_emotion,ridge,3.1171005605983777,0.4592249126569358,0.6479319250494756,0.6497679836563078,2,C
0,landscape,79,population,ridge,,0.3313591180985536,0.39045987935604964,0.3465706395169605,2,C
0,landscape,79,identity,ridge,27.195307687973266,0.2946077992698292,0.34970445681781814,0.3275637590766227,2,C
0,landscape,79,random,ridge,1.640355343740307,0.32216315478997404,0.389313307366483,0.33667218256123527,2,C
0,landscape,79,shuffled,ridge,2.299187265296799,0.3338230446303812,0.40275946978958244,0.35881378881241616,2,C
0,landscape,79,pca,ridge,1.6635537065139296,0.3094654293539529,0.37180202607128376,0.329214401910241,2,C
0,landscape,79,emotion,ridge,3.5978055317788162,0.20050055637085626,0.36189981343411753,0.3076332413805625,2,C
0,landscape,79,population,mlp,,0.3419364032998746,0.36924829754906724,0.34538187897924855,2,C
0,landscape,79,identity,mlp,,0.12779358162157808,0.24984845990828913,0.19287521416073355,2,C
0,landscape,79,random,mlp,,-0.022981358756398403,-0.010788200083649531,-0.023386343467880304,2,C
0,landscape,79,shuffled,mlp,,-0.017613042406002297,0.010840316992266194,-0.019089405947368673,2,C
0,landscape,79,pca,mlp,,0.052701375589079356,0.03215613261648193,0.05565385467302451,2,C
0,landscape,79,emotion,mlp,,0.11410067469078075,0.15030516445046013,0.11552601346681592,2,C
0,landscape,79,gt_emotion,ridge,6.1792721570838784,0.6180518876546954,0.6728902736398393,0.6677701489984341,2,C
0,landscape,80,population,ridge,,0.3942509301219308,0.6390763214391869,0.6394934438656918,2,C
0,landscape,80,identity,ridge,27.045342752420243,0.5997513246419455,0.7151405619893972,0.7011861823750372,2,C
0,landscape,80,random,ridge,1.6275488424139273,0.4033918296307506,0.658849118244601,0.6593435494295885,2,C
0,landscape,80,shuffled,ridge,2.321028630104717,0.44236941653138573,0.6752532163350187,0.6872614723329974,2,C
0,landscape,80,pca,ridge,1.6671271038056457,0.47357191254469116,0.6773037285963209,0.6801515189549148,2,C
0,landscape,80,emotion,ridge,3.279970917865953,0.6384777163421627,0.7307146908311926,0.72703581843699,2,C
0,landscape,80,population,mlp,,0.40102287154929384,0.4784040392500071,0.5017814650681091,2,C
0,landscape,80,identity,mlp,,0.3789792198233813,0.4550184351270605,0.4049092169691266,2,C
0,landscape,80,random,mlp,,-0.03387605820710089,-0.17336592952105065,-0.039101462705897996,2,C
0,landscape,80,shuffled,mlp,,0.47059691704998735,0.5167290898481555,0.5233578005126884,2,C
0,landscape,80,pca,mlp,,0.5863468530003725,0.6115896927936361,0.6012064307253768,2,C
0,landscape,80,emotion,mlp,,0.44994660913181345,0.5197560365196016,0.4903853455426797,2,C
0,landscape,80,gt_emotion,ridge,6.044216931061522,0.7838057688816427,0.8016615738177673,0.8063847038300593,2,C
0,landscape,85,population,ridge,,0.13777196620599785,0.28142864025522574,0.24176620616511077,2,C
0,landscape,85,identity,ridge,27.211944812283228,0.36067084216660683,0.46327095197489493,0.4600879950781267,2,C
0,landscape,85,random,ridge,1.6425811681354712,0.2044107363856851,0.32457766337514726,0.2860904230159094,2,C
0,landscape,85,shuffled,ridge,2.2778459099862696,0.24998571297045402,0.34120064769183833,0.35882153108418957,2,C
0,landscape,85,pca,ridge,1.6629976676817384,0.24081973841268967,0.31821141406237197,0.35399600235566825,2,C
0,landscape,85,emotion,ridge,3.474502199457182,0.3692908448792778,0.4838349477709232,0.5178308711176334,2,C
0,landscape,85,population,mlp,,0.1662118851639811,0.3346322952262765,0.23016615094734388,2,C
0,landscape,85,identity,mlp,,0.1210648989569173,0.047292137752045126,0.14593954496260186,2,C
0,landscape,85,random,mlp,,0.19197586110650733,0.19649479029669173,0.19901417183698972,2,C
0,landscape,85,shuffled,mlp,,0.2908710603798453,0.30174000711027077,0.31224906882916986,2,C
0,landscape,85,pca,mlp,,0.32638590963738673,0.34544481390035525,0.33715573381496655,2,C
0,landscape,85,emotion,mlp,,0.29580364003005144,0.34827425803936646,0.3273727939561577,2,C
0,landscape,85,gt_emotion,ridge,4.588452758558945,0.8170896249362312,0.7821728928804724,0.8477564958252746,2,C
0,landscape,86,population,ridge,,0.46984633868884973,0.5661481155396166,0.5608318701527728,2,C
0,landscape,86,identity,ridge,26.836865427361953,0.4734379065262483,0.6113249691554004,0.5911722135097554,2,C
0,landscape,86,random,ridge,1.6216634631535325,0.4500036461346885,0.5705631262338864,0.5548576948092682,2,C
0,landscape,86,shuffled,ridge,2.321424617008558,0.45950531796244615,0.5737973782541073,0.5715506948477004,2,C
0,landscape,86,pca,ridge,1.6604277877818732,0.4599931103563531,0.5822167009734124,0.5727424425433625,2,C
0,landscape,86,emotion,ridge,3.324256409397885,0.4595044453473538,0.5953077210552589,0.6000038724992783,2,C
0,landscape,86,population,mlp,,0.4789070523715525,0.5121925778689477,0.5095737741232583,2,C
0,landscape,86,identity,mlp,,0.33311417733439685,0.4689152055983731,0.44271906995253646,2,C
0,landscape,86,random,mlp,,0.03524756020709389,-0.031007749527196992,0.03712497524838782,2,C
0,landscape,86,shuffled,mlp,,0.2690575873351284,0.3291236460577151,0.27816421576146433,2,C
0,landscape,86,pca,mlp,,0.2775383490139108,0.2884131404698555,0.3000666468753956,2,C
0,landscape,86,emotion,mlp,,0.39324191285398097,0.46583496557911513,0.39877648179522857,2,C
0,landscape,86,gt_emotion,ridge,5.12195739155207,0.41053517469941025,0.536915774181747,0.5121964016832968,2,C
0,landscape,98,population,ridge,,0.25151072665686625,0.45585912831371556,0.4873062190693613,2,C
0,landscape,98,identity,ridge,27.16141118483154,0.41692176125708774,0.559649142522247,0.557006175199871,2,C
0,landscape,98,random,ridge,1.6227751911973634,0.33508237140653446,0.5322867679845781,0.5359700542699218,2,C
0,landscape,98,shuffled,ridge,2.2214370136532384,0.31261144999668533,0.4353373474104639,0.4690662477027547,2,C
0,landscape,98,pca,ridge,1.664930064384086,0.35189658085613285,0.5199343291195514,0.5465806713331476,2,C
0,landscape,98,emotion,ridge,3.5085196315904708,0.37303107694924753,0.5658499684066827,0.5497375747904746,2,C
0,landscape,98,population,mlp,,0.19359248731285283,0.3676696046239629,0.33416359072150437,2,C
0,landscape,98,identity,mlp,,0.3201094989817962,0.4098450632188948,0.4074701916602612,2,C
0,landscape,98,random,mlp,,0.08200906224858966,0.0514766974215855,0.08580314255808633,2,C
0,landscape,98,shuffled,mlp,,-0.013239293031511935,-0.061368491094375824,-0.016500762748579974,2,C
0,landscape,98,pca,mlp,,0.4800462183122623,0.5501018391763697,0.495014890244829,2,C
0,landscape,98,emotion,mlp,,0.115790582200724,0.1259850338425037,0.12136334711913496,2,C
0,landscape,98,gt_emotion,ridge,6.219920219667618,0.5068905882665334,0.6019231989114913,0.5737296557288835,2,C
0,landscape,99,population,ridge,,0.4011427344118293,0.5972367873353108,0.5716066327974859,2,C
0,landscape,99,identity,ridge,26.7483390398753,0.5374661000359271,0.6153259827604961,0.6178723619466613,2,C
0,landscape,99,random,ridge,1.6263352713011494,0.41324066530512854,0.5807609525831824,0.5680268070311899,2,C
0,landscape,99,shuffled,ridge,2.330401069615,0.4770475317385103,0.5936189482502737,0.5632200760240467,2,C
0,landscape,99,pca,ridge,1.665820098315367,0.4585490301662631,0.6220727637569167,0.6054986821881158,2,C
0,landscape,99,emotion,ridge,3.2697435192141455,0.4973614106893197,0.6227083300826664,0.5995744440802327,2,C
0,landscape,99,population,mlp,,0.4342436320251258,0.5970901181832146,0.5693367376998371,2,C
0,landscape,99,identity,mlp,,0.4396001760985163,0.483323745874008,0.4633423726871019,2,C
0,landscape,99,random,mlp,,0.14929657629133627,0.10169061211996124,0.15696270374230287,2,C
0,landscape,99,shuffled,mlp,,0.38902552004335256,0.3987445348319249,0.4225404318953612,2,C
0,landscape,99,pca,mlp,,0.5678598241950247,0.5768986649113186,0.5901496095087382,2,C
0,landscape,99,emotion,mlp,,0.22526358556957063,0.2007411795021927,0.24059524899185394,2,C
0,landscape,99,gt_emotion,ridge,4.788127150431202,0.7543518316328214,0.8192902876493044,0.7919516790738002,2,C
0,landscape,105,population,ridge,,0.24417730533280396,0.3466486152749521,0.34801120612532177,2,C
0,landscape,105,identity,ridge,27.182528508044893,0.31506479250593383,0.40382260699130035,0.49360365536688317,2,C
0,landscape,105,random,ridge,1.6407810906134792,0.2362126469941721,0.34940217879894436,0.35287969565177535,2,C
0,landscape,105,shuffled,ridge,2.3036647498100455,0.23896307912721337,0.30824892031309653,0.36368573243301056,2,C
0,landscape,105,pca,ridge,1.6642440937830578,0.2604784776007038,0.3838968200358655,0.42728289223340643,2,C
0,landscape,105,emotion,ridge,3.4634936409662567,0.18159853159721362,0.280563090699138,0.3208686023480358,2,C
0,landscape,105,population,mlp,,0.16271794352970667,0.12426081211906861,0.18488862822818203,2,C
0,landscape,105,identity,mlp,,0.19081005548760688,0.2838173021365834,0.27116237725402037,2,C
0,landscape,105,random,mlp,,-0.0379296516704312,-0.008561079320048643,-0.045184225428083126,2,C
0,landscape,105,shuffled,mlp,,0.12248094700453636,0.15209683610706304,0.15253150213910127,2,C
0,landscape,105,pca,mlp,,0.04101510527222225,0.08666215381873803,0.047570770632116524,2,C
0,landscape,105,emotion,mlp,,-0.16695593724426142,-0.2212863777462866,-0.1689201226388117,2,C
0,landscape,105,gt_emotion,ridge,6.194902288081937,0.8336936678029199,0.8187595976612604,0.8535628922550889,2,C
0,landscape,109,population,ridge,,0.31486037586605004,0.39361547465550634,0.42046508442143554,2,C
0,landscape,109,identity,ridge,27.350023281783987,0.35672007513562504,0.3971111715885038,0.4465784648417145,2,C
0,landscape,109,random,ridge,1.628333191419464,0.31493713239604154,0.37748533023610414,0.42100496689455896,2,C
0,landscape,109,shuffled,ridge,2.257974314944147,0.33292893017627956,0.39401498287642034,0.4324029638270869,2,C
0,landscape,109,pca,ridge,1.666982910176929,0.3111517554895063,0.37239160041945074,0.42467429090831765,2,C
0,landscape,109,emotion,ridge,3.444323174991401,0.3080130719622432,0.4106944510995793,0.4316115842149549,2,C
0,landscape,109,population,mlp,,0.27420213173829855,0.30157876826244645,0.32526757072439305,2,C
0,landscape,109,identity,mlp,,0.17515361955523345,0.2073947051819739,0.2284706256707903,2,C
0,landscape,109,random,mlp,,0.12975111049298182,0.13328593020242913,0.13800269903472875,2,C
0,landscape,109,shuffled,mlp,,0.273958095275666,0.29124149304629704,0.3076248691544985,2,C
0,landscape,109,pca,mlp,,0.03741966695280742,0.031111702703676792,0.0413531438530943,2,C
0,landscape,109,emotion,mlp,,0.13298670346692856,0.17034031769220148,0.13748643963762452,2,C
0,landscape,109,gt_emotion,ridge,4.920444477979846,0.6007033762090932,0.7928053464769446,0.7404185119796978,2,C
0,landscape,110,population,ridge,,0.5672962593181681,0.6773190828499889,0.6672552544628207,2,C
0,landscape,110,identity,ridge,26.863804680191034,0.7025482328190052,0.792716798773393,0.7750789224044343,2,C
0,landscape,110,random,ridge,1.6136543567879829,0.5799861132019443,0.7141052543015544,0.6907589362251172,2,C
0,landscape,110,shuffled,ridge,2.2174260638033503,0.6155912194815677,0.722520720921296,0.704137335794594,2,C
0,landscape,110,pca,ridge,1.6700412736041148,0.6043466443369571,0.7447939918549837,0.722072463298605,2,C
0,landscape,110,emotion,ridge,3.4064163157466902,0.6457978074322959,0.7667145186788618,0.7263473536856243,2,C
0,landscape,110,population,mlp,,0.5216162406766645,0.5301743970437268,0.564312969709274,2,C
0,landscape,110,identity,mlp,,0.42794701453964124,0.6596314853438252,0.5434998173755629,2,C
0,landscape,110,random,mlp,,0.16880238709901813,0.18720633827748748,0.17402998855440435,2,C
0,landscape,110,shuffled,mlp,,0.5458186882341697,0.591249520056463,0.5546930871215278,2,C
0,landscape,110,pca,mlp,,0.5775562267010393,0.6409864395396071,0.590733492977747,2,C
0,landscape,110,emotion,mlp,,0.19634712009651512,0.2633990659963464,0.19711617265434508,2,C
0,landscape,110,gt_emotion,ridge,4.735762849502099,0.5754376566666163,0.6691561801184377,0.6072154967908838,2,C
0,landscape,116,population,ridge,,0.22857895805304987,0.4440688781687301,0.4830603821999953,2,C
0,landscape,116,identity,ridge,27.264289582144514,0.28274206273348956,0.3474373812182106,0.40063873618445045,2,C
0,landscape,116,random,ridge,1.619103315434259,0.3249576629865661,0.47479221875215855,0.486718975736975,2,C
0,landscape,116,shuffled,ridge,2.2927609116516794,0.31136711375427834,0.4291127965315825,0.47957125492547104,2,C
0,landscape,116,pca,ridge,1.667870320215537,0.32449917661407895,0.4497471193326641,0.49002668860325543,2,C
0,landscape,116,emotion,ridge,3.45420130866767,0.27841911394013885,0.3546365798367699,0.47968677924475034,2,C
0,landscape,116,population,mlp,,0.3034657020311627,0.5277215381731147,0.5506633344411803,2,C
0,landscape,116,identity,mlp,,0.10840995842795305,0.20061428826506053,0.14642821613963017,2,C
0,landscape,116,random,mlp,,-0.1721115079810709,-0.08699876640455997,-0.18422448412875767,2,C
0,landscape,116,shuffled,mlp,,0.2741601668377413,0.26545777441391377,0.32834161755431,2,C
0,landscape,116,pca,mlp,,0.3885158755729539,0.39945412616639164,0.44336453251653796,2,C
0,landscape,116,emotion,mlp,,0.0740935136231476,0.06306903578512389,0.07488934343458031,2,C
0,landscape,116,gt_emotion,ridge,6.055202301890086,0.908853945099676,0.870918623390436,0.9163363795679087,2,C
0,landscape,117,population,ridge,,0.45193954741386916,0.5510243654029895,0.5464892700923488,2,C
0,landscape,117,identity,ridge,27.165020238053955,0.5523746927847846,0.6291366106084681,0.610944520009577,2,C
0,landscape,117,random,ridge,1.6189627323368558,0.47084294181956043,0.5868005810688063,0.5689497990002642,2,C
0,landscape,117,shuffled,ridge,2.2866430893810605,0.5033295554310914,0.5896768071519538,0.5788563742905986,2,C
0,landscape,117,pca,ridge,1.6460861891431604,0.48567610851406817,0.5895758869385099,0.5746169816853317,2,C
0,landscape,117,emotion,ridge,3.3275913890920976,0.5030620328366254,0.5902823284326164,0.5710743041040554,2,C
0,landscape,117,population,mlp,,0.48813418784421025,0.49773849270467846,0.5350442018118925,2,C
0,landscape,117,identity,mlp,,0.21790934702234177,0.32592182931665836,0.2864444668062148,2,C
0,landscape,117,random,mlp,,0.26233825799727567,0.15985761809493323,0.28899280735898153,2,C
0,landscape,117,shuffled,mlp,,0.4241946938945811,0.5233217668126744,0.5173485815586647,2,C
0,landscape,117,pca,mlp,,0.39417661375623986,0.4734671813714515,0.42367001197913207,2,C
0,landscape,117,emotion,mlp,,0.3544323864257593,0.3368716724753076,0.3632557289033502,2,C
0,landscape,117,gt_emotion,ridge,5.833755611303735,0.7908943146527715,0.8154963602009135,0.8100236275850929,2,C
0,landscape,126,population,ridge,,0.18169639117992614,0.24164174956309015,0.2730594885696155,2,C
0,landscape,126,identity,ridge,26.91461592536055,0.3086346390823951,0.31203626128463596,0.35464630033542177,2,C
0,landscape,126,random,ridge,1.6491208088629832,0.22482223163753468,0.27195186891584544,0.3037137415953698,2,C
0,landscape,126,shuffled,ridge,2.24235607351335,0.23556743554038384,0.2468250761625027,0.2781651985918089,2,C
0,landscape,126,pca,ridge,1.6645769093528988,0.24320766672295843,0.27456821472316806,0.31202175648147346,2,C
0,landscape,126,emotion,ridge,3.4175892691073875,0.17801088336261775,0.18901864332524457,0.2066739444933309,2,C
0,landscape,126,population,mlp,,0.21725480174907968,0.21607067167265487,0.261872903336214,2,C
0,landscape,126,identity,mlp,,0.24834932439614918,0.23690270810077008,0.31102856920089017,2,C
0,landscape,126,random,mlp,,0.25958136876726406,0.26415219650911037,0.2836820662643778,2,C
0,landscape,126,shuffled,mlp,,0.19968598823079695,0.17544326413630693,0.21080123256567024,2,C
0,landscape,126,pca,mlp,,0.20917069097825874,0.23863048363390763,0.21493605863307863,2,C
0,landscape,126,emotion,mlp,,0.2654025971620521,0.30858071021836087,0.3132288236175947,2,C
0,landscape,126,gt_emotion,ridge,5.930283068585224,0.8261720771067703,0.8691829145578001,0.8320774215813591,2,C
0,landscape,127,population,ridge,,0.23871432790531735,0.32341412693264027,0.3679794892681054,2,C
0,landscape,127,identity,ridge,26.839092278565644,0.33849626474891825,0.3187212980049599,0.38342940657777097,2,C
0,landscape,127,random,ridge,1.6133883561508497,0.24884957954602635,0.3130019127493494,0.35108166067540025,2,C
0,landscape,127,shuffled,ridge,2.2618408794019826,0.26267595271736005,0.32424514872191706,0.3462195366831824,2,C
0,landscape,127,pca,ridge,1.6603670342005488,0.2765113715201445,0.33416852655857454,0.36472623217247,2,C
0,landscape,127,emotion,ridge,3.3730930713818976,0.3280751530012551,0.2983368223503482,0.3503994703010123,2,C
0,landscape,127,population,mlp,,0.24752573509044118,0.3105577310161826,0.32444960197326733,2,C
0,landscape,127,identity,mlp,,0.29842485455695944,0.21772770879050482,0.3054784727817205,2,C
0,landscape,127,random,mlp,,0.07837627403032867,0.14327793319824195,0.10954568827394104,2,C
0,landscape,127,shuffled,mlp,,0.3346433880119022,0.4056852840710371,0.3418106719386621,2,C
0,landscape,127,pca,mlp,,0.312054276355637,0.3430164644326386,0.32048921030027994,2,C
0,landscape,127,emotion,mlp,,0.1816740468282411,0.14445114043016202,0.19091631140183327,2,C
0,landscape,127,gt_emotion,ridge,6.073430316527538,0.8269122305620731,0.8235914768079087,0.8363018230568556,2,C
0,landscape,136,population,ridge,,0.35504468555181556,0.46615800938636076,0.5099188893622839,2,C
0,landscape,136,identity,ridge,27.641444189331295,0.30284219346778185,0.3231782405658952,0.39752325357914453,2,C
0,landscape,136,random,ridge,1.6395349762958957,0.4058184994411293,0.47265254815179075,0.5216209192282144,2,C
0,landscape,136,shuffled,ridge,2.3742039260720853,0.4083120000319866,0.43698254293242933,0.5152045023505714,2,C
0,landscape,136,pca,ridge,1.6727274209974181,0.380597824191979,0.44277766983081296,0.48856025470156617,2,C
0,landscape,136,emotion,ridge,3.589895869054243,0.3966429956129842,0.500479148862133,0.5417113580766919,2,C
0,landscape,136,population,mlp,,0.2810309466102203,0.37148761738259345,0.41242936247186845,2,C
0,landscape,136,identity,mlp,,-0.014547612803408282,-0.028376138605878568,-0.02522059545830608,2,C
0,landscape,136,random,mlp,,0.15494894047754848,0.21491927514522816,0.18627371732700262,2,C
0,landscape,136,shuffled,mlp,,0.34539434577511047,0.2649272236390388,0.36424027199070436,2,C
0,landscape,136,pca,mlp,,0.06768950321197073,0.0006994118670463027,0.07188484960768786,2,C
0,landscape,136,emotion,mlp,,0.29281896665895013,0.2743193258536606,0.3063253010487223,2,C
0,landscape,136,gt_emotion,ridge,4.826459642197759,0.7675763874250479,0.7105740641070778,0.7853793123968239,2,C
0,landscape,144,population,ridge,,0.25443661185005095,0.5826065383704071,0.5703891883283897,2,C
0,landscape,144,identity,ridge,27.262461540734957,0.4454616871086657,0.4923225651902338,0.5043487735212757,2,C
0,landscape,144,random,ridge,1.6322020862247946,0.47792337164868126,0.5448383424185418,0.5595782933629367,2,C
0,landscape,144,shuffled,ridge,2.2116335764927055,0.4865975599564105,0.5618468769220349,0.5458748208059172,2,C
0,landscape,144,pca,ridge,1.6548954574851253,0.4753846062521614,0.571044845732081,0.559246112928379,2,C
0,landscape,144,emotion,ridge,3.489874954385208,0.4663858749481098,0.50152053400028,0.5270539281319768,2,C
0,landscape,144,population,mlp,,0.16816256277238642,0.36540087267172033,0.32833109825604234,2,C
0,landscape,144,identity,mlp,,0.11456051632448652,0.1713699775503006,0.1812249686638147,2,C
0,landscape,144,random,mlp,,0.038485719615870294,0.045630146945927104,0.044489161166107884,2,C
0,landscape,144,shuffled,mlp,,0.2745829275003883,0.2704922224362165,0.29596946250209183,2,C
0,landscape,144,pca,mlp,,0.2842277795672539,0.277480623319827,0.2974089931749929,2,C
0,landscape,144,emotion,mlp,,0.2470542803763218,0.1957779953423224,0.25981045630834854,2,C
0,landscape,144,gt_emotion,ridge,5.041379053523664,0.6153209712769934,0.6647497759406971,0.6650099948674751,2,C
1,art,5,population,ridge,,0.10502982836774097,0.18091367037913386,0.20791879200144983,2,C
1,art,5,identity,ridge,26.210782884191065,0.275781381131028,0.4187693168300472,0.38158044765534216,2,C
1,art,5,random,ridge,5.170825321625036,0.22475193478042904,0.27779696060198167,0.2922674033980046,2,C
1,art,5,shuffled,ridge,5.135372444810847,0.2622050501150978,0.3311032529497536,0.3442114703848796,2,C
1,art,5,pca,ridge,5.260910373029434,0.27778651821880085,0.40775985203199633,0.37679695807569485,2,C
1,art,5,emotion,ridge,4.667328747559081,0.1710071297925421,0.28650211881439397,0.31794438749856924,2,C
1,art,5,population,mlp,,0.08700457687242176,0.14460803995207305,0.17415750604432734,2,C
1,art,5,identity,mlp,,0.21920343572033862,0.2814326443259892,0.2923364847384302,2,C
1,art,5,random,mlp,,-0.10367549184836412,-0.09826587417423094,-0.10775416480222014,2,C
1,art,5,shuffled,mlp,,0.24011005455251058,0.3943948738352927,0.3673731256171484,2,C
1,art,5,pca,mlp,,-0.13386755685776314,-0.02729323133656336,-0.15905287028271917,2,C
1,art,5,emotion,mlp,,0.07001872720964224,0.16949455107696945,0.07338063367651873,2,C
1,art,5,gt_emotion,ridge,6.240089657410124,0.6605711200891182,0.7020110548211975,0.6625579357110872,2,C
1,art,6,population,ridge,,0.4689130308194739,0.6955277398264431,0.6610263247487407,2,C
1,art,6,identity,ridge,26.11541958545189,0.6761373356909649,0.7271403706279318,0.7137240742008912,2,C
1,art,6,random,ridge,5.2142541049347555,0.5615422294456184,0.6732892014392762,0.6419510822299325,2,C
1,art,6,shuffled,ridge,4.894774660927944,0.5817066803384392,0.6304077148631244,0.6137677031917693,2,C
1,art,6,pca,ridge,5.271770359726371,0.676898806772054,0.7414508202178801,0.6976397774702867,2,C
1,art,6,emotion,ridge,4.754862414209476,0.6951107964014617,0.7424979262854373,0.7141340477895285,2,C
1,art,6,population,mlp,,0.45043505733728617,0.6431724364485835,0.5753001824348213,2,C
1,art,6,identity,mlp,,0.404901819945091,0.4569870051981757,0.4520664806346191,2,C
1,art,6,random,mlp,,0.19136094807887408,0.1936647603043878,0.2046968830306648,2,C
1,art,6,shuffled,mlp,,0.2916130962067006,0.3152287885284088,0.3064786883509186,2,C
1,art,6,pca,mlp,,0.5201122040985214,0.5821909735618002,0.5216391185972684,2,C
1,art,6,emotion,mlp,,0.45543420392798745,0.4863558372834703,0.45544566932535424,2,C
1,art,6,gt_emotion,ridge,5.016184184911929,0.8940311551542088,0.9000840803369164,0.8971015397072722,2,C
1,art,16,population,ridge,,0.24302441630537472,0.43181423624841264,0.4441537329576964,2,C
1,art,16,identity,ridge,25.976980340959063,0.3583727964373005,0.419381964571395,0.46404204450494624,2,C
1,art,16,random,ridge,5.1527123526219345,0.3401491340873666,0.4472692563331757,0.4636590455871711,2,C
1,art,16,shuffled,ridge,5.1279766022535584,0.236426407926559,0.31339075427399754,0.3471045402980215,2,C
1,art,16,pca,ridge,5.268821590424715,0.4394352997519345,0.49743712910043514,0.5593233144784892,2,C
1,art,16,emotion,ridge,4.720059576981017,0.39714926312924326,0.4566787796024479,0.48222216693005826,2,C
1,art,16,population,mlp,,0.21621022802845188,0.3132932462608445,0.3118059783695172,2,C
1,art,16,identity,mlp,,0.2996735444375064,0.301055990610133,0.31382048147265873,2,C
1,art,16,random,mlp,,0.15183972295632464,0.16976145089951145,0.16789630094554484,2,C
1,art,16,shuffled,mlp,,0.11217937610037733,0.12773549723053415,0.12167868922937843,2,C
1,art,16,pca,mlp,,0.3887868904636889,0.3384015596477625,0.41032416208320144,2,C
1,art,16,emotion,mlp,,0.3708475751733612,0.33381868302956763,0.37238716941725575,2,C
1,art,16,gt_emotion,ridge,6.087697878304015,0.7887269587574557,0.8099015572494785,0.7999636507642557,2,C
1,art,17,population,ridge,,0.09511721457100672,0.1343351987514556,0.11670301510243672,2,C
1,art,17,identity,ridge,26.259654365269263,0.24358621532945623,0.30578933400002395,0.30938999746532386,2,C
1,art,17,random,ridge,5.151752286540562,0.07114205456360344,0.09755995611079761,0.1018647585930803,2,C
1,art,17,shuffled,ridge,4.928243903423115,0.0670440667042413,0.09539959472736778,0.08276182290910065,2,C
1,art,17,pca,ridge,5.282142726756363,0.2872603178385671,0.28246725088345176,0.3382772611229695,2,C
1,art,17,emotion,ridge,4.742941413440099,0.11177567604243153,0.17282891067438733,0.16472342726372063,2,C
1,art,17,population,mlp,,0.05503972613139754,0.04762614868015787,0.06064835647554754,2,C
1,art,17,identity,mlp,,0.35490206569846705,0.3648555781878899,0.4063660974626006,2,C
1,art,17,random,mlp,,0.15847318405936064,0.1722397212061792,0.19136392882786374,2,C
1,art,17,shuffled,mlp,,0.28175022813519,0.37015828340176304,0.32394465212716256,2,C
1,art,17,pca,mlp,,0.29607812373625303,0.22497217861080762,0.3083566293543606,2,C
1,art,17,emotion,mlp,,0.028176450449748498,0.0046644166233144315,0.03130113699059512,2,C
1,art,17,gt_emotion,ridge,4.629262932234293,0.6548385892024347,0.617692042017004,0.6940321619170692,2,C
1,art,23,population,ridge,,0.09174429433265427,0.12579769973799432,0.13766926116167807,2,C
1,art,23,identity,ridge,26.297552680708378,0.2434280641639702,0.3570174154536036,0.3436270717551004,2,C
1,art,23,random,ridge,5.132991042231924,0.15526490694933576,0.23338524732299257,0.23221319918549363,2,C
1,art,23,shuffled,ridge,5.04184577403046,0.19657630306433646,0.28747432088013486,0.3083134653924559,2,C
1,art,23,pca,ridge,5.268550142116582,0.14870867336414295,0.23648589485174595,0.2590665913799155,2,C
1,art,23,emotion,ridge,4.832818870624375,0.11771087645015797,0.15375274412421527,0.2131996918467021,2,C
1,art,23,population,mlp,,0.04100040388307204,0.06791894586793121,0.05677783812931187,2,C
1,art,23,identity,mlp,,-0.038096724906176146,0.04296611575558256,-0.04131392816480115,2,C
1,art,23,random,mlp,,0.13064841079780054,0.14331881910682293,0.17938874453924913,2,C
1,art,23,shuffled,mlp,,0.23063192041187908,0.28619468856668107,0.2722996694859113,2,C
1,art,23,pca,mlp,,0.10845324509225411,0.1854482521959165,0.16295884412052664,2,C
1,art,23,emotion,mlp,,0.09235216886174014,0.14400785189099036,0.10701647897984329,2,C
1,art,23,gt_emotion,ridge,6.086749471753557,0.7521812788425385,0.76723800517042,0.7840887696866119,2,C
1,art,35,population,ridge,,0.07853320082775334,0.12399664671795695,0.09884838376824087,2,C
1,art,35,identity,ridge,25.840408412003093,0.16500223374079592,0.23115810348639723,0.224818303972653,2,C
1,art,35,random,ridge,5.111565991362203,0.02114674917395552,0.044303131446096426,0.025252642084885066,2,C
1,art,35,shuffled,ridge,4.95248730175476,0.1805280162906944,0.3477013998551874,0.26453776789589056,2,C
1,art,35,pca,ridge,5.248289556735105,0.13676825999021794,0.1800791989956037,0.18850949301200642,2,C
1,art,35,emotion,ridge,4.595753717563971,-0.01843440623147673,-0.017408524591760243,-0.03214951809122613,2,C
1,art,35,population,mlp,,0.17402094908548424,0.22318353982609987,0.20353827807387903,2,C
1,art,35,identity,mlp,,0.021746167440805046,-0.015271550016125002,0.029622721939874915,2,C
1,art,35,random,mlp,,0.11773657238863176,0.09908265044591684,0.12337363087767324,2,C
1,art,35,shuffled,mlp,,-0.07034134172510356,-0.08386322176090487,-0.0808409435090265,2,C
1,art,35,pca,mlp,,0.30476371482498965,0.3393098655459855,0.3250920037532955,2,C
1,art,35,emotion,mlp,,0.1757086879663698,0.23021991952636225,0.19650326488980632,2,C
1,art,35,gt_emotion,ridge,6.3313257576013084,0.23743087901981652,0.21828413470147276,0.2622357490619242,2,C
1,art,39,population,ridge,,0.5714494769859253,0.7551615512399882,0.7710498366388219,2,C
1,art,39,identity,ridge,25.861575083965317,0.7213594601172745,0.7588288274436739,0.7643415715704837,2,C
1,art,39,random,ridge,5.221697304910307,0.6516444399247308,0.7462411496634561,0.7325106615327197,2,C
1,art,39,shuffled,ridge,4.959208446187644,0.7168254463882455,0.7613067167704883,0.7560347520340568,2,C
1,art,39,pca,ridge,5.204403859627269,0.7031193663747132,0.756152706970714,0.7556075028645342,2,C
1,art,39,emotion,ridge,4.495335072216407,0.737682590690803,0.7431685668982061,0.7561079155512607,2,C
1,art,39,population,mlp,,0.5183295619962572,0.6366193258451824,0.6076263157183762,2,C
1,art,39,identity,mlp,,0.5278492932924478,0.5733835902248762,0.5869956679063705,2,C
1,art,39,random,mlp,,0.38461798146445764,0.37901795142954653,0.39861378452158197,2,C
1,art,39,shuffled,mlp,,0.6116315948227444,0.6416742200718841,0.6124528809753694,2,C
1,art,39,pca,mlp,,0.6249469511312759,0.6559468625943355,0.6486426420767164,2,C
1,art,39,emotion,mlp,,0.5204541911414899,0.5291780446345055,0.5274974225845303,2,C
1,art,39,gt_emotion,ridge,6.032133412241551,0.768196643353222,0.8266142849894631,0.7712745544816798,2,C
1,art,44,population,ridge,,0.3497142072535492,0.6442808861252638,0.6221326405183629,2,C
1,art,44,identity,ridge,26.184101534210566,0.5703148420970344,0.6590907907841966,0.6133084025328815,2,C
1,art,44,random,ridge,5.164111578184842,0.5304140884407968,0.6352248295601731,0.5954798299908073,2,C
1,art,44,shuffled,ridge,5.016950223804397,0.5984997964554716,0.6417792130409846,0.6331276539536402,2,C
1,art,44,pca,ridge,5.276672249857315,0.5785337904764352,0.6547378796175509,0.6236026566330795,2,C
1,art,44,emotion,ridge,4.742355045255099,0.6511966929044788,0.7356920206248255,0.6912360515243551,2,C
1,art,44,population,mlp,,0.351954748815508,0.5395108173556511,0.5605457263087322,2,C
1,art,44,identity,mlp,,0.25421778696087555,0.45050128901699743,0.44649919086628076,2,C
1,art,44,random,mlp,,0.2406257104751756,0.2723321319546331,0.2540852923356528,2,C
1,art,44,shuffled,mlp,,0.4915412037505372,0.41762930468956877,0.4934708570451875,2,C
1,art,44,pca,mlp,,0.32778752608930206,0.3276191071172033,0.3439284138058006,2,C
1,art,44,emotion,mlp,,0.5666308676672602,0.5403613862043061,0.5774122090065692,2,C
1,art,44,gt_emotion,ridge,6.138191021875934,0.6014231011678883,0.6484492326412618,0.656348452515743,2,C
1,art,51,population,ridge,,0.3306950997438882,0.523413845635951,0.5573699818979332,2,C
1,art,51,identity,ridge,26.107065808285412,0.40955263966635086,0.5954508755130284,0.5916575319605853,2,C
1,art,51,random,ridge,5.1778704871918695,0.338181593908032,0.49392642812875753,0.47921136628678007,2,C
1,art,51,shuffled,ridge,5.023894067462916,0.3721947384180726,0.5007499627585212,0.543554051962123,2,C
1,art,51,pca,ridge,5.25740696734585,0.46603392580591696,0.6042239914655818,0.6302661434592655,2,C
1,art,51,emotion,ridge,4.661403117373306,0.4656930364344554,0.6069534053174874,0.5845399264820296,2,C
1,art,51,population,mlp,,0.3106188656354081,0.43475663498209166,0.44751106668722074,2,C
1,art,51,identity,mlp,,0.13230837224335792,0.12160513500900434,0.14990034001205532,2,C
1,art,51,random,mlp,,0.2357451128591579,0.2455010280722865,0.26219247777642524,2,C
1,art,51,shuffled,mlp,,0.28490482461820105,0.31651452775489947,0.3672702321685866,2,C
1,art,51,pca,mlp,,0.3711216893447826,0.42856671428223453,0.42680816495530016,2,C
1,art,51,emotion,mlp,,0.16166615913924454,0.19588418340728994,0.17741594593537152,2,C
1,art,51,gt_emotion,ridge,5.882035442286414,0.8710188673548104,0.8861238142872337,0.8886845650760764,2,C
1,art,64,population,ridge,,0.21723118795996596,0.3725086901768407,0.34980161727473585,2,C
1,art,64,identity,ridge,25.761790839088267,0.3269134654551927,0.4158928381742765,0.40331964612607113,2,C
1,art,64,random,ridge,5.149228107242449,0.312902195043656,0.45491378043025593,0.406378556410064,2,C
1,art,64,shuffled,ridge,4.874409602270838,0.28467034682709647,0.3827721400459484,0.3840334017824319,2,C
1,art,64,pca,ridge,5.250984441915491,0.33225399044593773,0.4481706442843688,0.43148220148335875,2,C
1,art,64,emotion,ridge,4.777022568907416,0.23157887796206125,0.34429659850765093,0.3219070322781269,2,C
1,art,64,population,mlp,,0.2666188682156884,0.3696329409381535,0.3916600924636714,2,C
1,art,64,identity,mlp,,0.11766697790355374,0.1629756508200819,0.13977825545992925,2,C
1,art,64,random,mlp,,0.020228451847907288,0.07551320845725122,0.02369043415928169,2,C
1,art,64,shuffled,mlp,,0.2379505742067224,0.228423736941928,0.2562043612397294,2,C
1,art,64,pca,mlp,,0.25275013132153723,0.20452526913076902,0.2794310272176552,2,C
1,art,64,emotion,mlp,,0.13410808806173413,0.12172352380994861,0.13496445032332063,2,C
1,art,64,gt_emotion,ridge,4.760605168558379,0.585996010380446,0.6585670812770461,0.6516360346492293,2,C
1,art,69,population,ridge,,0.3000314843336951,0.34852442212493556,0.34516317515340794,2,C
1,art,69,identity,ridge,25.90469401182598,0.2575155047765499,0.2777853108062905,0.27371410504571203,2,C
1,art,69,random,ridge,5.194314102053266,0.3582728259694062,0.41198378103676475,0.4159954343025792,2,C
1,art,69,shuffled,ridge,4.8579785377515945,0.2961734953751886,0.36720075243759415,0.35665844883953873,2,C
1,art,69,pca,ridge,5.233783998386792,0.2737830680535833,0.32969747624523943,0.3108045180635699,2,C
1,art,69,emotion,ridge,4.735518029245832,0.2424205272962058,0.2846132165119936,0.2795476525313245,2,C
1,art,69,population,mlp,,0.2935903175379356,0.31619228040087066,0.31287701287777836,2,C
1,art,69,identity,mlp,,0.008042169226779939,0.02711080206676249,0.009970449138481012,2,C
1,art,69,random,mlp,,0.15603532798544184,0.20282896361059344,0.16489941643400066,2,C
1,art,69,shuffled,mlp,,0.2632931663567251,0.2200995486309014,0.28092023950558265,2,C
1,art,69,pca,mlp,,0.2819474555102645,0.269099813107124,0.2942093026314507,2,C
1,art,69,emotion,mlp,,0.11347139617507404,0.07606086135397254,0.11800733159064912,2,C
1,art,69,gt_emotion,ridge,6.178452046589589,0.7189223059552429,0.6567405117945456,0.7360820706686437,2,C
1,art,81,population,ridge,,0.2995025628927085,0.3498887832383117,0.42237682566584606,2,C
1,art,81,identity,ridge,25.97226524095646,0.3805550696411024,0.40847840717674483,0.44835179739436704,2,C
1,art,81,random,ridge,5.128769371744186,0.37049618862934003,0.3535989441209566,0.41582628342333,2,C
1,art,81,shuffled,ridge,5.05375046369191,0.3512503923787265,0.38384706131696383,0.42272891287584974,2,C
1,art,81,pca,ridge,5.219237954590275,0.40052555136400747,0.4690261715810182,0.4694756652232537,2,C
1,art,81,emotion,ridge,4.789953049926705,0.3117381689007655,0.341386331215584,0.3884909953903713,2,C
1,art,81,population,mlp,,0.24362889053916753,0.27393354516861046,0.2950753525994815,2,C
1,art,81,identity,mlp,,0.22566647646870602,0.4225976305356987,0.32195146005220776,2,C
1,art,81,random,mlp,,0.14124794489352852,0.11207777666322946,0.1556160319754169,2,C
1,art,81,shuffled,mlp,,0.16492592747277535,0.14897326544064202,0.1913236728494219,2,C
1,art,81,pca,mlp,,0.19644109699341636,0.2555888608044221,0.21097022201664808,2,C
1,art,81,emotion,mlp,,0.19247015330682635,0.19875125728279358,0.19948876758319675,2,C
1,art,81,gt_emotion,ridge,6.062352379965628,0.8142108535455562,0.7239512345735859,0.828731942200635,2,C
1,art,92,population,ridge,,0.27182369198541717,0.34898250446868684,0.3778585401405569,2,C
1,art,92,identity,ridge,25.81611483187161,0.45043739853916426,0.50857067662617,0.5286721975671406,2,C
1,art,92,random,ridge,5.185572670595448,0.23665404415743976,0.29364223676976886,0.2934803026622994,2,C
1,art,92,shuffled,ridge,4.98475825817167,0.3624401500417406,0.4462576334052942,0.4363240551293469,2,C
1,art,92,pca,ridge,5.241375069260326,0.4850593805712046,0.5615048457294828,0.5738259250798255,2,C
1,art,92,emotion,ridge,4.5793730961085135,0.3865662625920058,0.4888308473316136,0.4718199133347593,2,C
1,art,92,population,mlp,,0.31790777784974505,0.34986637742217447,0.3820735676513305,2,C
1,art,92,identity,mlp,,0.3928166591099635,0.372110513418279,0.4218027292501888,2,C
1,art,92,random,mlp,,0.06926496767301425,0.03731908025836528,0.07400437284223904,2,C
1,art,92,shuffled,mlp,,0.26072110525117775,0.25887656726592334,0.27288335614840714,2,C
1,art,92,pca,mlp,,0.5792248145847491,0.5947482895912108,0.6038559974131288,2,C
1,art,92,emotion,mlp,,0.23634041627672578,0.2657020306289664,0.26052086615254355,2,C
1,art,92,gt_emotion,ridge,5.991692767392173,0.8125192875240475,0.8256572199849845,0.8236031077870934,2,C
1,art,100,population,ridge,,0.3789169364449202,0.6158341921929029,0.6583502924112724,2,C
1,art,100,identity,ridge,26.304834741352025,0.5912309407588068,0.6364864095472509,0.7127440646661679,2,C
1,art,100,random,ridge,5.139015730481433,0.5439561009057068,0.6370835820972561,0.6310779798884815,2,C
1,art,100,shuffled,ridge,5.160058880229257,0.5433450897043473,0.5594511505965749,0.6290637355185252,2,C
1,art,100,pca,ridge,5.2289167931094545,0.5733161616238442,0.6022982810594508,0.6887207922640741,2,C
1,art,100,emotion,ridge,4.904806222197345,0.6821769447224407,0.6681365546975285,0.726243536111597,2,C
1,art,100,population,mlp,,0.36693741822996717,0.5672641581258101,0.6158224032979245,2,C
1,art,100,identity,mlp,,0.37531903985461673,0.37676611467413884,0.4739807568117169,2,C
1,art,100,random,mlp,,0.2489356823466333,0.20084903431842877,0.25601426162468743,2,C
1,art,100,shuffled,mlp,,0.4533442835204197,0.4459386017164124,0.4819529997359748,2,C
1,art,100,pca,mlp,,0.5340631866400143,0.5008784763168944,0.5620994767102518,2,C
1,art,100,emotion,mlp,,0.35661457789086753,0.3050058799151759,0.3737248601262549,2,C
1,art,100,gt_emotion,ridge,6.035677753746852,0.8079439057552316,0.7900782533505284,0.8375499033665651,2,C
1,art,101,population,ridge,,0.4576896788716991,0.6286828123709176,0.6097006147605794,2,C
1,art,101,identity,ridge,26.083772957567273,0.5538025094750805,0.5907038539517148,0.5786107978769481,2,C
1,art,101,random,ridge,5.188819580853819,0.5430081271204761,0.5743610815872947,0.5541573845232881,2,C
1,art,101,shuffled,ridge,5.100786835364954,0.5845181360099516,0.6156805437916777,0.6141073458676652,2,C
1,art,101,pca,ridge,5.2684228456771605,0.49509591324508506,0.5543180588762133,0.5306553015206339,2,C
1,art,101,emotion,ridge,4.607653290780376,0.5275713381992916,0.6357235665027591,0.6188725997813002,2,C
1,art,101,population,mlp,,0.3951303867405216,0.522300614904409,0.5002918410698588,2,C
1,art,101,identity,mlp,,0.20205658681699037,0.35121542873725586,0.30111731792468416,2,C
1,art,101,random,mlp,,0.19988634235641725,0.22216919789744766,0.2071035349883245,2,C
1,art,101,shuffled,mlp,,0.3014509603239608,0.4178199349771569,0.3224221869186516,2,C
1,art,101,pca,mlp,,0.28504352602208194,0.35100985927355244,0.29231276119334315,2,C
1,art,101,emotion,mlp,,0.4622959667534453,0.5232256774910744,0.46285403401598424,2,C
1,art,101,gt_emotion,ridge,6.1158812939489575,0.7042847527633151,0.7099677396202992,0.7147928480650071,2,C
1,art,106,population,ridge,,0.41340259003785673,0.4795204959576387,0.484194264056141,2,C
1,art,106,identity,ridge,26.321203527250304,0.3053178466142486,0.3670036442031696,0.368017543588707,2,C
1,art,106,random,ridge,5.165713542962156,0.33434779476632137,0.4279271569415823,0.3986433912051316,2,C
1,art,106,shuffled,ridge,4.959379860655181,0.38971771112854886,0.5130082546151767,0.4807991563048915,2,C
1,art,106,pca,ridge,5.259030915943743,0.34946857434335327,0.4378625311216049,0.4080059422580759,2,C
1,art,106,emotion,ridge,4.655430669127812,0.33122354943114635,0.4201604177348641,0.4130409089348249,2,C
1,art,106,population,mlp,,0.4067155175499272,0.4064425406944268,0.43688455233355444,2,C
1,art,106,identity,mlp,,0.24557659848002045,0.30875310015278334,0.3126764643473005,2,C
1,art,106,random,mlp,,0.0889611449910076,0.12699122936698928,0.09029386517506077,2,C
1,art,106,shuffled,mlp,,0.24167378690831456,0.2034482205188383,0.27439754754160395,2,C
1,art,106,pca,mlp,,0.2004745198817929,0.22468066990863275,0.22500681225026226,2,C
1,art,106,emotion,mlp,,0.19859285573569868,0.13833873794823337,0.1992075796728855,2,C
1,art,106,gt_emotion,ridge,4.965375800034792,0.5714963861955522,0.6769726994971224,0.6464640359410104,2,C
1,art,111,population,ridge,,0.4763888444352883,0.6833186886705842,0.6721776819906208,2,C
1,art,111,identity,ridge,26.449378384193185,0.5903899871427885,0.6722958321055396,0.6813698386483397,2,C
1,art,111,random,ridge,5.084215761313573,0.5602698626698481,0.6802185102616655,0.6528908532907461,2,C
1,art,111,shuffled,ridge,5.107734566435366,0.6221234176293586,0.6814979489701081,0.6895956692353736,2,C
1,art,111,pca,ridge,5.250703131501063,0.5967657712688447,0.6895190454884218,0.700437538885277,2,C
1,art,111,emotion,ridge,4.685010453753533,0.6188911134056574,0.7121552687916387,0.7093990218105832,2,C
1,art,111,population,mlp,,0.4551161459074392,0.6080778507779353,0.5831844549925701,2,C
1,art,111,identity,mlp,,0.3534780261043186,0.40410579514351413,0.46301269862890826,2,C
1,art,111,random,mlp,,0.3373920328703864,0.3673465368663338,0.3656992819812593,2,C
1,art,111,shuffled,mlp,,0.5380980805844414,0.5636419602500987,0.5666563211172787,2,C
1,art,111,pca,mlp,,0.600171339759387,0.666046266106608,0.6620568127657482,2,C
1,art,111,emotion,mlp,,0.4073000500361386,0.4670443377626757,0.4763104254346916,2,C
1,art,111,gt_emotion,ridge,6.077251146363582,0.7291016021454941,0.7429110069753572,0.7675484575232989,2,C
1,art,118,population,ridge,,0.4542099915920327,0.6419592649092528,0.6184039918760078,2,C
1,art,118,identity,ridge,26.117675607049417,0.5949757351398876,0.7182050089948884,0.6587028638798962,2,C
1,art,118,random,ridge,5.131972506208694,0.535730523642917,0.6670256762001513,0.6518944845355312,2,C
1,art,118,shuffled,ridge,5.137240185658587,0.5648400799747516,0.6509791862684032,0.6070724324319379,2,C
1,art,118,pca,ridge,5.22137835322385,0.5473349157089696,0.6723080610845156,0.6235906262082711,2,C
1,art,118,emotion,ridge,4.589106170948131,0.5342067652296263,0.6324410053534644,0.5884045510537493,2,C
1,art,118,population,mlp,,0.48269151347484684,0.6019427077192101,0.5717679971059607,2,C
1,art,118,identity,mlp,,0.543290566384735,0.573288261412517,0.5637782750322231,2,C
1,art,118,random,mlp,,0.48203229536630415,0.46111233334927154,0.49459577261565724,2,C
1,art,118,shuffled,mlp,,0.4712700918297276,0.5526072262520342,0.47134355385124316,2,C
1,art,118,pca,mlp,,0.3976989118538343,0.44705919620407597,0.4253440585946165,2,C
1,art,118,emotion,mlp,,0.23699889345043884,0.3215278044709284,0.25689753742772836,2,C
1,art,118,gt_emotion,ridge,4.819012799684479,0.4554274667499561,0.5183713221335726,0.534021216412852,2,C
1,art,119,population,ridge,,0.2796760986148887,0.5684837286940606,0.5850196426533146,2,C
1,art,119,identity,ridge,26.004318311168063,0.5696691864694255,0.6500047477370249,0.6362699334053887,2,C
1,art,119,random,ridge,5.147046890565674,0.4662561140525077,0.6037373901257889,0.5959158416176691,2,C
1,art,119,shuffled,ridge,5.01796715055136,0.5195816810836023,0.5811691466151009,0.5664552915250192,2,C
1,art,119,pca,ridge,5.276409603909979,0.5340970079115218,0.6034915486932105,0.591271171870636,2,C
1,art,119,emotion,ridge,4.568529867531789,0.4779213894684968,0.5595351005482104,0.5627757837480413,2,C
1,art,119,population,mlp,,0.2758374284476083,0.457658410887763,0.4690175554300817,2,C
1,art,119,identity,mlp,,0.45215318572601615,0.4376960865624051,0.4613909163590763,2,C
1,art,119,random,mlp,,0.4273706979491345,0.4616902103820472,0.459001615203016,2,C
1,art,119,shuffled,mlp,,0.4007621437879904,0.4330250993434173,0.4208421644113834,2,C
1,art,119,pca,mlp,,0.5154441553754395,0.5618460100144466,0.5385947118445217,2,C
1,art,119,emotion,mlp,,0.1861773879427813,0.2692947052462697,0.1903101503559527,2,C
1,art,119,gt_emotion,ridge,5.891129779323208,0.8884978106122897,0.896043570434005,0.9126452105634217,2,C
1,art,128,population,ridge,,0.4167200002743233,0.5219743397240193,0.48975242230982013,2,C
1,art,128,identity,ridge,26.257204360812555,0.49672360581592095,0.6105660848294217,0.5916330133802002,2,C
1,art,128,random,ridge,5.136474955898515,0.44689554501628653,0.5202195513376645,0.4965890338073765,2,C
1,art,128,shuffled,ridge,5.160670606307616,0.5245723137377527,0.6502243023610418,0.5979192303995567,2,C
1,art,128,pca,ridge,5.227992301523608,0.5735479485969499,0.6829135031582815,0.6335740342542625,2,C
1,art,128,emotion,ridge,4.908880375861564,0.33841747316145,0.626459453928693,0.5771909764368407,2,C
1,art,128,population,mlp,,0.48052129230091534,0.5725623820620787,0.5226968872484895,2,C
1,art,128,identity,mlp,,0.25290760599684653,0.2618645640551871,0.35325574604933185,2,C
1,art,128,random,mlp,,0.14458916663290391,0.17377418706017203,0.15891721916248205,2,C
1,art,128,shuffled,mlp,,0.2897577665224849,0.3687562451897187,0.35980003841345065,2,C
1,art,128,pca,mlp,,0.5416850725343494,0.5666462383595109,0.5981062891563237,2,C
1,art,128,emotion,mlp,,0.12074284290530274,0.11431192916826088,0.13490950297965504,2,C
1,art,128,gt_emotion,ridge,6.125058144439956,0.8155029123746818,0.8667009234107181,0.8502416669487309,2,C
1,art,129,population,ridge,,0.23973793634636173,0.3418183718210722,0.35491553881964427,2,C
1,art,129,identity,ridge,26.02460525111391,0.34361326292231686,0.40900786093857305,0.42172014367393734,2,C
1,art,129,random,ridge,5.119298455277717,0.38442529625232824,0.43153816759559915,0.45730709761115734,2,C
1,art,129,shuffled,ridge,4.993560383665052,0.261545593936304,0.3352449415937439,0.3379999512457503,2,C
1,art,129,pca,ridge,5.246729428419796,0.2807576219860955,0.33584708787410983,0.3612213321205444,2,C
1,art,129,emotion,ridge,4.661329846121554,0.22857872232178933,0.3305281290642106,0.34068501455938643,2,C
1,art,129,population,mlp,,0.19984792747489147,0.25270072232691126,0.26296445669012375,2,C
1,art,129,identity,mlp,,0.14205028377712234,0.19113126515949266,0.2070236864309456,2,C
1,art,129,random,mlp,,0.16970856700464146,0.19559718340554014,0.1778912468849694,2,C
1,art,129,shuffled,mlp,,0.24913762706134682,0.3224995119926646,0.28186411290106395,2,C
1,art,129,pca,mlp,,0.18129003296780674,0.19213484229343591,0.21467776723887452,2,C
1,art,129,emotion,mlp,,0.0037774228339068827,0.006824324510814126,0.004104084505831391,2,C
1,art,129,gt_emotion,ridge,4.523044504119214,0.8387713650377769,0.8593598358608985,0.862269782197974,2,C
1,art,137,population,ridge,,0.4669559010812307,0.49993194927383183,0.5422346053027901,2,C
1,art,137,identity,ridge,25.766765102121944,0.5412433606362483,0.5960244598488984,0.6174150097410125,2,C
1,art,137,random,ridge,5.142532170417611,0.4885516746392107,0.5155375737066494,0.5481686219605336,2,C
1,art,137,shuffled,ridge,4.965150060794186,0.3857958714270318,0.4881399179499986,0.4957993058510214,2,C
1,art,137,pca,ridge,5.256780694339738,0.584625343152137,0.6693357694834532,0.6735804997964165,2,C
1,art,137,emotion,ridge,4.740141988430088,0.5002591623543552,0.5302901575756153,0.5394199500639322,2,C
1,art,137,population,mlp,,0.4893945666099257,0.5363116203792747,0.5381661160952618,2,C
1,art,137,identity,mlp,,0.1891940474254274,0.2617830953890977,0.24962571420754884,2,C
1,art,137,random,mlp,,0.4289773377400126,0.3805564491912818,0.45065946052751127,2,C
1,art,137,shuffled,mlp,,0.4989057759165861,0.4260686722156084,0.5101645617884063,2,C
1,art,137,pca,mlp,,0.5502596665221597,0.5138314925789459,0.5620513893669227,2,C
1,art,137,emotion,mlp,,0.3224360769314416,0.3372520958616304,0.3294652351833133,2,C
1,art,137,gt_emotion,ridge,5.457187363217688,0.8591833590678487,0.8599297190902409,0.8599076265246888,2,C
1,fashion,5,population,ridge,,0.09337423263317328,0.1600355772580081,0.18647793007983185,2,C
1,fashion,5,identity,ridge,12.074092929056588,0.1866913652529381,0.22471150911419546,0.26097988224202695,2,C
1,fashion,5,random,ridge,0.6284252179747029,0.15092779330621842,0.1636108969233254,0.18873090215131993,2,C
1,fashion,5,shuffled,ridge,0.0022120449825302137,0.15338445777564602,0.1600355772580081,0.18645433085277055,2,C
1,fashion,5,pca,ridge,5.268536524169833,0.2018226069657939,0.20080489403864102,0.27911546199006454,2,C
1,fashion,5,emotion,ridge,3.801156206547302,0.16725398964574248,0.28970761885085894,0.23979123219523826,2,C
1,fashion,5,population,mlp,,0.05422964667480682,0.07358754952944088,0.08858072276546708,2,C
1,fashion,5,identity,mlp,,-0.0960054795512186,-0.14744191395927855,-0.1369690266844949,2,C
1,fashion,5,random,mlp,,0.08672394842385357,0.13319399827808875,0.09828613107544043,2,C
1,fashion,5,shuffled,mlp,,-0.15449920429157565,-0.1310061160948349,-0.16123220807912247,2,C
1,fashion,5,pca,mlp,,0.13037650838430329,0.20037799019800615,0.13046469249338843,2,C
1,fashion,5,emotion,mlp,,0.17175275429384154,0.0641423020553937,0.1770941138270444,2,C
1,fashion,5,gt_emotion,ridge,6.166928679896143,0.800618740528519,0.7223386416270807,0.8193871162719636,2,C
1,fashion,6,population,ridge,,0.23995168374324113,0.3420373230107772,0.3807332526712048,2,C
1,fashion,6,identity,ridge,12.135879704499777,0.35000916668783727,0.5312601439041275,0.548837852794459,2,C
1,fashion,6,random,ridge,0.6270642109567738,0.24586276534518225,0.3626770733789213,0.39521928474533946,2,C
1,fashion,6,shuffled,ridge,0.0022121832738697684,0.2384198492910412,0.342740380200933,0.3807797242024557,2,C
1,fashion,6,pca,ridge,5.296838441843272,0.3364488319640124,0.5023343623662905,0.5061407857153581,2,C
1,fashion,6,emotion,ridge,4.320083181258989,0.3443151714545933,0.4514129344507233,0.4874861678706433,2,C
1,fashion,6,population,mlp,,0.21330646719545687,0.2691202487174798,0.27711605668849365,2,C
1,fashion,6,identity,mlp,,0.3089522606371011,0.41836924651340257,0.3642138937963447,2,C
1,fashion,6,random,mlp,,0.08609251183305694,0.12157867552622106,0.11826491202165662,2,C
1,fashion,6,shuffled,mlp,,0.17537999962034487,0.18761583303013707,0.17793849912110718,2,C
1,fashion,6,pca,mlp,,0.1801604907782805,0.24797831464208162,0.2158895487766361,2,C
1,fashion,6,emotion,mlp,,0.08270777546459691,0.03379696349820189,0.08310170826802728,2,C
1,fashion,6,gt_emotion,ridge,3.560317290876624,0.7350749051498371,0.823525375098952,0.7975588035604912,2,C
1,fashion,16,population,ridge,,0.13867514485084131,0.3298638058875581,0.2913650842401485,2,C
1,fashion,16,identity,ridge,12.053910209723128,0.19868961147018768,0.3313771665479864,0.340525497316326,2,C
1,fashion,16,random,ridge,0.6260550132143049,0.1373171555486424,0.309164937499764,0.2857867309287415,2,C
1,fashion,16,shuffled,ridge,0.002212187376881345,0.1368434193588458,0.3298638058875581,0.29130457195739295,2,C
1,fashion,16,pca,ridge,5.2470091741844636,0.13974766263795088,0.23525435556787663,0.22761190981381862,2,C
1,fashion,16,emotion,ridge,3.8200512016897976,0.21071612977987672,0.3168293769735462,0.29314912427536544,2,C
1,fashion,16,population,mlp,,0.19954348516165846,0.2793859051493998,0.27261538901201987,2,C
1,fashion,16,identity,mlp,,0.3078231866198839,0.3262512675368582,0.35729125751800167,2,C
1,fashion,16,random,mlp,,0.08977524501685034,0.06951695420806314,0.13403743102477095,2,C
1,fashion,16,shuffled,mlp,,0.17793830075260297,0.1857528165461238,0.18894799665293502,2,C
1,fashion,16,pca,mlp,,0.15179486765332328,0.19419834539303032,0.20122356968925786,2,C
1,fashion,16,emotion,mlp,,-0.14494584246446088,-0.14425744359889509,-0.14667529863885442,2,C
1,fashion,16,gt_emotion,ridge,6.000607455804144,0.8845227177651649,0.8887820704438186,0.8923585033776034,2,C
1,fashion,17,population,ridge,,0.06709539536175105,0.02437302761249376,0.10089992349563334,2,C
1,fashion,17,identity,ridge,11.96569038913143,0.09655420455976728,0.07010549807845276,0.11532069565654181,2,C
1,fashion,17,random,ridge,0.6266436270303954,0.10651099045011833,0.04710708807534043,0.12921315897893768,2,C
1,fashion,17,shuffled,ridge,0.0022122420308601045,0.08255247540039588,0.02437302761249376,0.10086165815138891,2,C
1,fashion,17,pca,ridge,5.279409651831815,0.16159128835008627,0.11070958746325799,0.1703723280027209,2,C
1,fashion,17,emotion,ridge,4.017964244756115,0.20732049218046206,0.14507502769779365,0.22438807988877918,2,C
1,fashion,17,population,mlp,,0.06410900451285938,-0.055619143271894655,0.07582847475529761,2,C
1,fashion,17,identity,mlp,,-0.07801483063715914,-0.07528674906765967,-0.1160154845942239,2,C
1,fashion,17,random,mlp,,0.05867624035575591,0.07528674906765967,0.0621214392415749,2,C
1,fashion,17,shuffled,mlp,,0.06695448852690465,-0.021147963221252723,0.0816306919393339,2,C
1,fashion,17,pca,mlp,,0.05040825528770649,0.037590504625776705,0.05147114000988166,2,C
1,fashion,17,emotion,mlp,,0.03623194835772875,-0.08559638113802039,0.051628559083197176,2,C
1,fashion,17,gt_emotion,ridge,5.77486951045576,0.6050170001254308,0.5613981090488575,0.6138567467391609,2,C
1,fashion,23,population,ridge,,0.1757166042887839,0.44426486451699987,0.45841574238055166,2,C
1,fashion,23,identity,ridge,12.039727504292202,0.28897748157674014,0.5480959381684039,0.5491189871794622,2,C
1,fashion,23,random,ridge,0.6265209219150241,0.1745520852117704,0.4373132114377748,0.44718392755484443,2,C
1,fashion,23,shuffled,ridge,0.002212386933477098,0.1768153363211255,0.44426486451699987,0.45841023105979134,2,C
1,fashion,23,pca,ridge,5.261707983342321,0.3117953304312996,0.47059240171066075,0.4911756113604386,2,C
1,fashion,23,emotion,ridge,4.120993279853723,0.3329188138013444,0.5283749365252123,0.5190772871771607,2,C
1,fashion,23,population,mlp,,0.18010192789432894,0.23310223942252528,0.3083680813029514,2,C
1,fashion,23,identity,mlp,,0.3893240813635024,0.432087146002329,0.425667532618911,2,C
1,fashion,23,random,mlp,,-0.17154888736194748,-0.18946952328696376,-0.2345711138909846,2,C
1,fashion,23,shuffled,mlp,,0.22247394005964288,0.1636350111343827,0.22836998434535571,2,C
1,fashion,23,pca,mlp,,0.3186899972292722,0.3871725647599601,0.376286153045662,2,C
1,fashion,23,emotion,mlp,,0.16552877954163292,0.11344506195245994,0.1668558678433998,2,C
1,fashion,23,gt_emotion,ridge,6.675320963908003,0.8549079806157885,0.8402155422666423,0.8638325174344949,2,C
1,fashion,35,population,ridge,,0.17257737456676164,0.256655507876222,0.23977857319597745,2,C
1,fashion,35,identity,ridge,11.97727081120626,0.1425442769499929,0.20289238838360207,0.18746546804309447,2,C
1,fashion,35,random,ridge,0.6314031784302938,0.17591954840921878,0.25903578073152567,0.2346848394503672,2,C
1,fashion,35,shuffled,ridge,0.0022122639925029144,0.18061679153313628,0.256655507876222,0.23978572570526127,2,C
1,fashion,35,pca,ridge,5.26086731340187,0.15561024037985974,0.15228571767736315,0.2021015244882469,2,C
1,fashion,35,emotion,ridge,4.121006390039295,0.22340047831166035,0.2882717408021033,0.2904647995544704,2,C
1,fashion,35,population,mlp,,0.24028772739601323,0.2641585418766357,0.26439327453773054,2,C
1,fashion,35,identity,mlp,,-0.14788123446077456,-0.18178040305829996,-0.2173349042805624,2,C
1,fashion,35,random,mlp,,-0.06730018744020141,-0.0893637221980313,-0.07039950948257852,2,C
1,fashion,35,shuffled,mlp,,0.13404687859304584,0.14633503553910396,0.14286053512881772,2,C
1,fashion,35,pca,mlp,,-0.06979278800335534,-0.06214581954825456,-0.072490765547819,2,C
1,fashion,35,emotion,mlp,,0.2634235864340014,0.23595748304749437,0.27240256959506975,2,C
1,fashion,35,gt_emotion,ridge,5.075623931558714,0.3964900175249915,0.3190083076727638,0.4717292958864646,2,C
1,fashion,39,population,ridge,,0.25712638875522315,0.32686449204769297,0.38781166247613663,2,C
1,fashion,39,identity,ridge,12.077639304088756,0.31725644601774494,0.3661142641054953,0.3947923310066913,2,C
1,fashion,39,random,ridge,0.6271495644199979,0.285714703720859,0.32641392068478453,0.3923357340879483,2,C
1,fashion,39,shuffled,ridge,0.0022121868747050784,0.2826373232225424,0.32686449204769297,0.3878225070078977,2,C
1,fashion,39,pca,ridge,5.262007113796489,0.30940645323902066,0.3984052117806005,0.38540139487656316,2,C
1,fashion,39,emotion,ridge,4.118994594411745,0.37746533433616647,0.37657753242192477,0.41165975672633276,2,C
1,fashion,39,population,mlp,,0.20799430400867158,0.2637344377557431,0.24646761260739522,2,C
1,fashion,39,identity,mlp,,0.10176650361439445,0.07244186245872442,0.11707860030872744,2,C
1,fashion,39,random,mlp,,-0.060868592412823504,-0.1285630288832096,-0.06384733084701014,2,C
1,fashion,39,shuffled,mlp,,0.2019680361671068,0.21231923889941273,0.23297338998684125,2,C
1,fashion,39,pca,mlp,,0.28329437164026433,0.2903181481673413,0.2920318568288786,2,C
1,fashion,39,emotion,mlp,,0.0549699256386252,0.09226700242669598,0.055857547866503564,2,C
1,fashion,39,gt_emotion,ridge,6.131111074312914,0.6141706638153281,0.6536170006637688,0.6582745310390005,2,C
1,fashion,44,population,ridge,,0.1496179204173264,0.4435585608967581,0.3449897575519169,2,C
1,fashion,44,identity,ridge,12.068659706954056,0.25875413117196366,0.43517892675471587,0.3372231840663125,2,C
1,fashion,44,random,ridge,0.6289078441437956,0.24208513448154131,0.4076385438122723,0.337560368087662,2,C
1,fashion,44,shuffled,ridge,0.002212176598960034,0.2446270367900134,0.4417191290119195,0.3449204500799962,2,C
1,fashion,44,pca,ridge,5.272313382364472,0.26245550989200256,0.35352858919993885,0.29455389158235945,2,C
1,fashion,44,emotion,ridge,4.3160489130570845,0.2292659235020513,0.35352858919993885,0.3068832866246911,2,C
1,fashion,44,population,mlp,,0.2154689123602936,0.4495367145224833,0.36271120631639675,2,C
1,fashion,44,identity,mlp,,-0.010564281842692987,0.11189877299434399,-0.011941612682201333,2,C
1,fashion,44,random,mlp,,-0.12000054031992946,-0.09600812532254445,-0.12386525709778647,2,C
1,fashion,44,shuffled,mlp,,-0.17489432470135838,-0.2000382174761903,-0.20405761899266608,2,C
1,fashion,44,pca,mlp,,0.2750789567632809,0.3775433943631085,0.2877326846303708,2,C
1,fashion,44,emotion,mlp,,0.10488367055429558,0.038730260241877965,0.13729123400377222,2,C
1,fashion,44,gt_emotion,ridge,6.230425631342909,0.610584547030017,0.5625622768526974,0.6829430491318272,2,C
1,fashion,51,population,ridge,,0.21537136710091265,0.5047971090683091,0.5002745787780875,2,C
1,fashion,51,identity,ridge,12.028767319757636,0.29225636046147535,0.4687331440637213,0.45876294821537456,2,C
1,fashion,51,random,ridge,0.6301016840693017,0.24796653693320492,0.5122755847582099,0.5007366341809107,2,C
1,fashion,51,shuffled,ridge,0.0022122091527175558,0.23663753801547163,0.5047971090683091,0.5001917001381381,2,C
1,fashion,51,pca,ridge,5.228599187785314,0.2881765702963668,0.3960148080790272,0.39649952340382927,2,C
1,fashion,51,emotion,ridge,4.119625280421673,0.38880777607472145,0.48929895221094866,0.45759462259298306,2,C
1,fashion,51,population,mlp,,0.2649000587009006,0.41702342070789344,0.3956827477511808,2,C
1,fashion,51,identity,mlp,,0.13537239014890814,0.1232472473894848,0.14507009924153572,2,C
1,fashion,51,random,mlp,,0.34207967223321556,0.34686351061711296,0.37403099646575433,2,C
1,fashion,51,shuffled,mlp,,-0.17634914545487007,-0.22125463932555417,-0.18576128069746897,2,C
1,fashion,51,pca,mlp,,0.17726076105406566,0.21426816861525205,0.21228060086208056,2,C
1,fashion,51,emotion,mlp,,0.15974902883645303,0.18031982502293883,0.1625457845851413,2,C
1,fashion,51,gt_emotion,ridge,6.572542588598202,0.9278196685232959,0.9205110644148752,0.9344431348722542,2,C
1,fashion,64,population,ridge,,0.025267287529166627,0.16441400763501315,0.1032464785303224,2,C
1,fashion,64,identity,ridge,12.016362012782634,0.05996008409228873,0.21204520468328328,0.1414832377507019,2,C
1,fashion,64,random,ridge,0.628573376636648,0.0377692328043567,0.16579605273071427,0.08795592765792355,2,C
1,fashion,64,shuffled,ridge,0.002212253300472463,0.04530146705082188,0.16441400763501315,0.10311251692160231,2,C
1,fashion,64,pca,ridge,5.275498103152997,0.10292191416431216,0.2629834382105524,0.26443084041083104,2,C
1,fashion,64,emotion,ridge,3.9955779265332794,0.04184885956660719,0.11130398895735656,0.1473058465880297,2,C
1,fashion,64,population,mlp,,0.01974053749827576,0.0855387196732146,0.050762132171036,2,C
1,fashion,64,identity,mlp,,0.05829092937595134,0.10681234239632799,0.06325006445432561,2,C
1,fashion,64,random,mlp,,0.09412463728045699,0.07591376275672479,0.1510250966249794,2,C
1,fashion,64,shuffled,mlp,,-0.12267728772330913,-0.14980381662331582,-0.12385007610310224,2,C
1,fashion,64,pca,mlp,,0.30041706357854825,0.4419089193504272,0.43393888955262006,2,C
1,fashion,64,emotion,mlp,,0.016257806108172238,0.03835175140570556,0.01743536308438104,2,C
1,fashion,64,gt_emotion,ridge,5.9261894700691,0.5744586124993302,0.6890381274693255,0.6993763742936482,2,C
1,fashion,69,population,ridge,,0.2956102148111528,0.3903262797087034,0.3868572913874657,2,C
1,fashion,69,identity,ridge,11.964624831140872,0.26621967783962275,0.3822031607606568,0.34804877404502527,2,C
1,fashion,69,random,ridge,0.6299958475490114,0.2972704566610598,0.4000636081912978,0.39735854795943076,2,C
1,fashion,69,shuffled,ridge,0.0022122926923778216,0.2906245684250789,0.3903262797087034,0.3868522037065943,2,C
1,fashion,69,pca,ridge,5.289516961586324,0.22323162104628666,0.3241957600675544,0.2699866550491233,2,C
1,fashion,69,emotion,ridge,4.0097080960840135,0.22759550044691543,0.31367736245534006,0.2791875086423639,2,C
1,fashion,69,population,mlp,,0.14521284614354885,0.17438670100646314,0.15446425641555822,2,C
1,fashion,69,identity,mlp,,0.11477459742791012,0.12996990316874651,0.18638461207230525,2,C
1,fashion,69,random,mlp,,0.056979944531968536,0.11205738446279748,0.05742412453961562,2,C
1,fashion,69,shuffled,mlp,,-0.08202301504542911,-0.08279332773970631,-0.08623601169933708,2,C
1,fashion,69,pca,mlp,,0.2802762495169306,0.2830073812989332,0.2885343864771063,2,C
1,fashion,69,emotion,mlp,,0.06451652708361097,0.008643831701126571,0.06992933445113066,2,C
1,fashion,69,gt_emotion,ridge,6.239974145714333,0.7533703229972721,0.7984855532673809,0.8023034160003747,2,C
1,fashion,81,population,ridge,,0.19315157761216445,0.369605741440563,0.36929035448448205,2,C
1,fashion,81,identity,ridge,12.055387302607782,0.3176116145164213,0.39181591961364876,0.37537949128324843,2,C
1,fashion,81,random,ridge,0.6267039934157466,0.3280371090302741,0.37091543253676473,0.362414733123272,2,C
1,fashion,81,shuffled,ridge,0.0022122217134253456,0.33688107593685973,0.369605741440563,0.3692767420982452,2,C
1,fashion,81,pca,ridge,5.257361853041589,0.2977464803047021,0.32895074699597143,0.34822595790882366,2,C
1,fashion,81,emotion,ridge,3.8982932128573355,0.306692313818354,0.39383502672029297,0.38959660049213546,2,C
1,fashion,81,population,mlp,,0.24989256929223713,0.36425783613107315,0.3543977068280519,2,C
1,fashion,81,identity,mlp,,0.06435158970184639,0.14739481878502303,0.0879464501173599,2,C
1,fashion,81,random,mlp,,-0.037788915307298866,0.00916783767341128,-0.038726174546215755,2,C
1,fashion,81,shuffled,mlp,,-0.1906723696921141,-0.23443470622008844,-0.1948889979632229,2,C
1,fashion,81,pca,mlp,,0.12499199165245056,0.17566231827804113,0.12842114934232524,2,C
1,fashion,81,emotion,mlp,,0.0883399057191331,0.1100686225432771,0.09242591035525154,2,C
1,fashion,81,gt_emotion,ridge,6.110965589103064,0.726804119945551,0.7603161089460417,0.8167393060922714,2,C
1,fashion,92,population,ridge,,0.030651837428620238,0.016262386244718333,0.06918054993471488,2,C
1,fashion,92,identity,ridge,12.051156429237952,0.14331751217776076,0.15567734646847914,0.20545841105270643,2,C
1,fashion,92,random,ridge,0.6296981273464218,0.0501229811193616,0.021485735469015284,0.07479223047253415,2,C
1,fashion,92,shuffled,ridge,0.002212281345974406,0.045926023495640796,0.016262386244718333,0.0692017571151134,2,C
1,fashion,92,pca,ridge,5.264420201959769,0.2151680337597498,0.12756818878721105,0.2709029742730725,2,C
1,fashion,92,emotion,ridge,4.0739013819431085,0.10159663660141935,0.10527471890206735,0.1394448427443268,2,C
1,fashion,92,population,mlp,,0.10010363300592708,0.1646162740069667,0.13793882834193674,2,C
1,fashion,92,identity,mlp,,0.14006003415303134,0.17253207128502496,0.2200344849929592,2,C
1,fashion,92,random,mlp,,-0.06635987565267266,-0.033547902749865965,-0.0714573119079045,2,C
1,fashion,92,shuffled,mlp,,0.18096784560269033,0.22503480833337058,0.18317226543177667,2,C
1,fashion,92,pca,mlp,,0.2422132108378959,0.22368858430648994,0.24379867442761613,2,C
1,fashion,92,emotion,mlp,,0.2741343036798609,0.20844932832220092,0.2766595851476416,2,C
1,fashion,92,gt_emotion,ridge,6.029560257914925,0.7190831331281404,0.700254978578628,0.7444938228168356,2,C
1,fashion,100,population,ridge,,0.24229099527365333,0.5190663772736228,0.58620743613353,2,C
1,fashion,100,identity,ridge,12.047767814201311,0.44935070410992733,0.5598895491340471,0.5862471079008221,2,C
1,fashion,100,random,ridge,0.6254339359307874,0.4028833846133246,0.5377833210014505,0.582545171883191,2,C
1,fashion,100,shuffled,ridge,0.0022122839115211565,0.39110492826674315,0.5190663772736228,0.5862167527965084,2,C
1,fashion,100,pca,ridge,5.2297787767542285,0.4427577743106171,0.5361645583006655,0.541042173611307,2,C
1,fashion,100,emotion,ridge,3.8012059745388367,0.5226737869345168,0.5846262666554194,0.6256846510727624,2,C
1,fashion,100,population,mlp,,0.27081660822285863,0.48674170959232027,0.4696915993124256,2,C
1,fashion,100,identity,mlp,,0.17957708596077956,0.169717151910438,0.1969518511150668,2,C
1,fashion,100,random,mlp,,0.14992074310688797,0.17346054065600355,0.1541881464315857,2,C
1,fashion,100,shuffled,mlp,,0.016669857690455207,-0.025495512537365355,0.01688287300772435,2,C
1,fashion,100,pca,mlp,,0.21333934147368547,0.2548033663704549,0.21404202674016543,2,C
1,fashion,100,emotion,mlp,,0.31704446863765806,0.2982064412852555,0.32351635712617627,2,C
1,fashion,100,gt_emotion,ridge,6.152740666832814,0.742886408588958,0.709440304079304,0.751687587554184,2,C
1,fashion,101,population,ridge,,0.17506021440869557,0.304191540881183,0.2848757693832057,2,C
1,fashion,101,identity,ridge,12.084141513927669,0.19486930209330672,0.35398642762232185,0.32096262657077135,2,C
1,fashion,101,random,ridge,0.630154269219151,0.17043163675421916,0.32896462139775356,0.28078754900575514,2,C
1,fashion,101,shuffled,ridge,0.0022122313168349643,0.1709321085212388,0.304191540881183,0.28491114192403305,2,C
1,fashion,101,pca,ridge,5.270712697330818,0.1771230024421538,0.2901136658085134,0.26356879268464656,2,C
1,fashion,101,emotion,ridge,4.1090541119863415,0.23390517753771756,0.36935767637657957,0.3396445052902515,2,C
1,fashion,101,population,mlp,,0.03390384898022735,0.055515578025085895,0.038341415184120195,2,C
1,fashion,101,identity,mlp,,0.028320937435549382,0.0450193531475831,0.04097118036564438,2,C
1,fashion,101,random,mlp,,0.09480294653709277,0.07954248141766339,0.10017856947078962,2,C
1,fashion,101,shuffled,mlp,,0.267651117663284,0.3228957141226098,0.29104667031569886,2,C
1,fashion,101,pca,mlp,,0.16367303971254255,0.18266415995350843,0.16774016136046127,2,C
1,fashion,101,emotion,mlp,,0.14576308474528818,0.059843405344245815,0.14795682100982,2,C
1,fashion,101,gt_emotion,ridge,4.919289247589228,0.5878252739672606,0.7542179628548863,0.7281303916761042,2,C
1,fashion,106,population,ridge,,0.10208772925388691,0.26624185516661425,0.33996553679573494,2,C
1,fashion,106,identity,ridge,11.995102901752672,0.16858770309194374,0.2865773694712934,0.3109176250922013,2,C
1,fashion,106,random,ridge,0.6249886751465947,0.1691811797051987,0.27074436563310034,0.3448295926981764,2,C
1,fashion,106,shuffled,ridge,0.002212275842743789,0.1658143469969359,0.26624185516661425,0.33994470221038287,2,C
1,fashion,106,pca,ridge,5.27275905654954,0.15000315246607268,0.26940845593425283,0.2725160413406187,2,C
1,fashion,106,emotion,ridge,4.082181652253902,0.1183775105385917,0.1437834661055902,0.2000293193815875,2,C
1,fashion,106,population,mlp,,0.06870309509985717,0.10276609053727147,0.1433780162610018,2,C
1,fashion,106,identity,mlp,,-0.041761471178545284,-0.0024244287127233037,-0.044121414764998444,2,C
1,fashion,106,random,mlp,,0.02808268181624382,0.06367836231173249,0.036415331095272424,2,C
1,fashion,106,shuffled,mlp,,0.03462951359070772,0.06847774160018474,0.03673315489796076,2,C
1,fashion,106,pca,mlp,,0.23856860666932106,0.2522395423972123,0.29232488736961554,2,C
1,fashion,106,emotion,mlp,,-0.10719075897616889,-0.13235401645989464,-0.11287168432487665,2,C
1,fashion,106,gt_emotion,ridge,5.074294628390799,0.5042368387819013,0.5934455543041498,0.5367487479660391,2,C
1,fashion,111,population,ridge,,0.19622392966875815,0.36150939588111297,0.3658582952970751,2,C
1,fashion,111,identity,ridge,12.068229125626289,0.3000434653066724,0.5508340421413618,0.5393122640839041,2,C
1,fashion,111,random,ridge,0.6274518351070125,0.1947099613265893,0.3831675460758652,0.3734490737173395,2,C
1,fashion,111,shuffled,ridge,0.002212346008246625,0.1951660043916278,0.36150939588111297,0.36589965515201844,2,C
1,fashion,111,pca,ridge,5.25999592906681,0.36949142906444676,0.50982597998123,0.5328472669364895,2,C
1,fashion,111,emotion,ridge,4.170197455675336,0.20211385362201667,0.4206886951660935,0.4064390476460958,2,C
1,fashion,111,population,mlp,,0.2240095850215154,0.3491333100555403,0.3071661436115329,2,C
1,fashion,111,identity,mlp,,0.5369861666728053,0.6007803885088514,0.5698925352823156,2,C
1,fashion,111,random,mlp,,0.12214925959308247,0.09640577966507606,0.14331210283461285,2,C
1,fashion,111,shuffled,mlp,,0.15189386244460906,0.18966842642207019,0.15681581746342413,2,C
1,fashion,111,pca,mlp,,0.462516830859373,0.4733852828281549,0.501156864781634,2,C
1,fashion,111,emotion,mlp,,-0.18182478976926553,-0.25017373490264766,-0.1849885736132055,2,C
1,fashion,111,gt_emotion,ridge,6.659573896112008,0.8915931088571554,0.9062536180130659,0.9040306001238443,2,C
1,fashion,118,population,ridge,,0.20426595933918043,0.29316429706067026,0.3071008763948325,2,C
1,fashion,118,identity,ridge,12.061758146431327,0.21803136576475868,0.29043833994514423,0.29964009734299096,2,C
1,fashion,118,random,ridge,0.6300291274566725,0.20939125763392388,0.2951468113265075,0.3057046853718925,2,C
1,fashion,118,shuffled,ridge,0.002212167768283443,0.2082978118410044,0.29316429706067026,0.30717995948418125,2,C
1,fashion,118,pca,ridge,5.250676047541661,0.25523324249146406,0.3128407511491041,0.33763380621196315,2,C
1,fashion,118,emotion,ridge,3.792784920295145,0.23124293904073856,0.33301283380399727,0.31241280400697247,2,C
1,fashion,118,population,mlp,,0.19004849655659503,0.2176305035322744,0.22153683999662097,2,C
1,fashion,118,identity,mlp,,0.27528118274145746,0.31140342830637213,0.3333352836408712,2,C
1,fashion,118,random,mlp,,0.29023200689056133,0.3276600452862369,0.2922299135165946,2,C
1,fashion,118,shuffled,mlp,,0.14193265501011787,0.07350171640591277,0.14435443298263065,2,C
1,fashion,118,pca,mlp,,0.16238349154279064,0.17916972677503348,0.19539842898170898,2,C
1,fashion,118,emotion,mlp,,0.12618830615237026,0.13282845581108985,0.13128794592381662,2,C
1,fashion,118,gt_emotion,ridge,6.1113150299734516,0.8700727485005052,0.89022419116205,0.8997594720908818,2,C
1,fashion,119,population,ridge,,0.21116996304752234,0.43228336267556117,0.5060839731774247,2,C
1,fashion,119,identity,ridge,12.05453454761615,0.37476577649324705,0.5807507433793294,0.6142400539617711,2,C
1,fashion,119,random,ridge,0.6279183121190555,0.2737375643812798,0.43551410686496067,0.5167304287856584,2,C
1,fashion,119,shuffled,ridge,0.002212276094613818,0.27001220941039994,0.43228336267556117,0.5060952690905558,2,C
1,fashion,119,pca,ridge,5.26461429283785,0.38844134012341164,0.5469258307297074,0.5522609573993131,2,C
1,fashion,119,emotion,ridge,4.3172801375858665,0.3978178112189369,0.5574012740104874,0.5837116227395358,2,C
1,fashion,119,population,mlp,,0.1254837606951212,0.1883621763758985,0.23741357680591874,2,C
1,fashion,119,identity,mlp,,0.3725061773910876,0.4049199384047381,0.4093921371216537,2,C
1,fashion,119,random,mlp,,0.18018839864192138,0.21812418345400306,0.24328463044359536,2,C
1,fashion,119,shuffled,mlp,,0.11776198134902946,0.1654532630328838,0.12057025775742261,2,C
1,fashion,119,pca,mlp,,0.23887656607829955,0.2994801962234269,0.31682915416484453,2,C
1,fashion,119,emotion,mlp,,0.042072758502624,0.041167513080075525,0.04397981404377756,2,C
1,fashion,119,gt_emotion,ridge,5.231094553811863,0.7054465346431754,0.7638008430575379,0.7547264673593723,2,C
1,fashion,128,population,ridge,,0.372638881468432,0.5643631962103511,0.555633688023867,2,C
1,fashion,128,identity,ridge,12.084135065655959,0.4278958924023051,0.5695553573951481,0.5630197380359063,2,C
1,fashion,128,random,ridge,0.6237101517479274,0.39142063302574004,0.5611490011911912,0.5528000727313755,2,C
1,fashion,128,shuffled,ridge,0.0022122925384779023,0.3884916728401746,0.5643631962103511,0.5556382469473091,2,C
1,fashion,128,pca,ridge,5.270617261666893,0.4242442616942927,0.49869471951120575,0.49909130178662053,2,C
1,fashion,128,emotion,ridge,3.826162712189174,0.45537529669565163,0.545176924403673,0.5580563882434175,2,C
1,fashion,128,population,mlp,,0.2298886097871826,0.24244920275294415,0.26971098403767324,2,C
1,fashion,128,identity,mlp,,0.45624250392101573,0.4877664564460618,0.4841696376172982,2,C
1,fashion,128,random,mlp,,0.08758898047526094,0.10735411363994324,0.08957532005804501,2,C
1,fashion,128,shuffled,mlp,,0.052373493255612434,0.05513580686712884,0.055254956978705826,2,C
1,fashion,128,pca,mlp,,0.22024770410282793,0.19779661656369096,0.23815817080281004,2,C
1,fashion,128,emotion,mlp,,-0.057815164363380515,-0.03135076372534502,-0.05876917765230849,2,C
1,fashion,128,gt_emotion,ridge,6.204812441515092,0.7607251989978452,0.7864841264581693,0.7884909038453989,2,C
1,fashion,129,population,ridge,,0.13932286206991554,0.21472123093809262,0.30261095241140695,2,C
1,fashion,129,identity,ridge,12.015163614391703,0.16933428589741237,0.20961834986733643,0.2932876617312242,2,C
1,fashion,129,random,ridge,0.6272065592552917,0.1960925475105167,0.21277012935221523,0.29358852272482966,2,C
1,fashion,129,shuffled,ridge,0.0022121895167208187,0.20400931269014852,0.21472123093809262,0.3026075485893974,2,C
1,fashion,129,pca,ridge,5.244513167527315,0.04749041573751225,0.06538691724978729,0.08615926393245224,2,C
1,fashion,129,emotion,ridge,4.24591430542112,0.023640590610751543,0.005753248266048613,0.05023019954943195,2,C
1,fashion,129,population,mlp,,0.12241264259672142,0.08930041873823281,0.19648980401943844,2,C
1,fashion,129,identity,mlp,,0.06679242589272197,0.026865167990157438,0.13100443866213723,2,C
1,fashion,129,random,mlp,,-0.0473057268803958,0.014308078296433943,-0.04908852537407915,2,C
1,fashion,129,shuffled,mlp,,-0.06816211295351557,-0.07529250991654925,-0.07097788030206471,2,C
1,fashion,129,pca,mlp,,0.11776332502301777,0.16219157285677915,0.15067593151794154,2,C
1,fashion,129,emotion,mlp,,0.06670392298316576,0.10916163231754847,0.06870339786298402,2,C
1,fashion,129,gt_emotion,ridge,5.59248823860745,0.8033735034430369,0.8476622537798962,0.8246165486620982,2,C
1,fashion,137,population,ridge,,0.09860261885669053,0.17373102506938376,0.19715536564199018,2,C
1,fashion,137,identity,ridge,12.000508802511849,0.1443920705534033,0.23934405248094823,0.2639297594571213,2,C
1,fashion,137,random,ridge,0.6279379720102893,0.10799596835763585,0.14948488371820232,0.1916074916414671,2,C
1,fashion,137,shuffled,ridge,0.0022122341674614245,0.11292161046701331,0.17373102506938376,0.19719132576238116,2,C
1,fashion,137,pca,ridge,5.244871497298831,0.19671728377373668,0.33548742522655145,0.3474266488099673,2,C
1,fashion,137,emotion,ridge,4.099768635360574,0.1434269545739787,0.23315881234034072,0.25688396124847424,2,C
1,fashion,137,population,mlp,,0.17172245833625857,0.21203003202002546,0.2578486090879246,2,C
1,fashion,137,identity,mlp,,0.0565246180748311,0.10569338352270113,0.06453041114267227,2,C
1,fashion,137,random,mlp,,0.010074000918585685,-0.052945655603600296,0.012078945552893126,2,C
1,fashion,137,shuffled,mlp,,0.21255296510655236,0.14666441421408527,0.24445474726855718,2,C
1,fashion,137,pca,mlp,,0.06345792084704968,0.03379615212827944,0.07046685703052366,2,C
1,fashion,137,emotion,mlp,,-0.05894506751723369,-0.09065087950074367,-0.06125238113591352,2,C
1,fashion,137,gt_emotion,ridge,5.441574825915788,0.9280875751159354,0.9353672608455084,0.9294927062464875,2,C
1,landscape,5,population,ridge,,0.25811372091432133,0.39468476618380177,0.42243794097530235,2,C
1,landscape,5,identity,ridge,27.5644784088065,0.49775973266238194,0.5337979181850689,0.5483635368707339,2,C
1,landscape,5,random,ridge,3.358655859663822,0.37331601457797026,0.39483887971999226,0.41889788807945366,2,C
1,landscape,5,shuffled,ridge,0.20545114860227942,0.398847431407189,0.4045994036787222,0.42760304921670617,2,C
1,landscape,5,pca,ridge,5.2802115302084465,0.44655969977030874,0.4699435430234829,0.5001013416904142,2,C
1,landscape,5,emotion,ridge,2.244938263003095,0.4361752670384751,0.5302019356739578,0.5288483310240634,2,C
1,landscape,5,population,mlp,,0.22916897448648368,0.3441868974920567,0.3471485772941854,2,C
1,landscape,5,identity,mlp,,0.09042074938626173,0.20759093324856737,0.18778650127325167,2,C
1,landscape,5,random,mlp,,0.0845556367791703,0.06298106512317338,0.08971107988182755,2,C
1,landscape,5,shuffled,mlp,,0.232102443025825,0.16834335269872688,0.23751624791963555,2,C
1,landscape,5,pca,mlp,,0.4856228977349978,0.5796210096123696,0.5063774921831807,2,C
1,landscape,5,emotion,mlp,,0.23299477184446302,0.23512588504793192,0.25361955482510207,2,C
1,landscape,5,gt_emotion,ridge,6.14626028842113,0.7603601218013981,0.8629537797363102,0.788487097087407,2,C
1,landscape,6,population,ridge,,0.372316191318614,0.6580622951220773,0.6370070582986233,2,C
1,landscape,6,identity,ridge,26.594470551744557,0.5193483992033552,0.6238230132692789,0.6346628960961872,2,C
1,landscape,6,random,ridge,3.2566170050650545,0.4552650183546312,0.6587500281865525,0.6531170378828074,2,C
1,landscape,6,shuffled,ridge,0.2054628038711277,0.3890672084025561,0.6580622951220773,0.6326054008124284,2,C
1,landscape,6,pca,ridge,5.257931019216928,0.5380464058401468,0.6521183164933992,0.6403238333892723,2,C
1,landscape,6,emotion,ridge,2.221690747438154,0.4830332394347351,0.6287353923012442,0.6218979382727092,2,C
1,landscape,6,population,mlp,,0.27770368822278485,0.3834603072352147,0.3570027343644843,2,C
1,landscape,6,identity,mlp,,0.36793773417728964,0.41052751570134366,0.37858214853089167,2,C
1,landscape,6,random,mlp,,0.42511351385058777,0.4513985092472954,0.4449953234963307,2,C
1,landscape,6,shuffled,mlp,,0.24545440603073027,0.2736195120804696,0.2595237394253299,2,C
1,landscape,6,pca,mlp,,0.48576940937677376,0.5075961253729788,0.5158728179034322,2,C
1,landscape,6,emotion,mlp,,0.17827590102607993,0.2094147181326826,0.216660669029441,2,C
1,landscape,6,gt_emotion,ridge,5.688531467923441,0.7461869961601735,0.7827261907406882,0.7567509555676846,2,C
1,landscape,16,population,ridge,,0.2772186041611989,0.5109677405522783,0.5142293947977141,2,C
1,landscape,16,identity,ridge,27.22966290757452,0.42328661195596395,0.5576200371407208,0.5345270068525618,2,C
1,landscape,16,random,ridge,3.3850245249665085,0.3177688671270671,0.47383231624370736,0.45847658868877395,2,C
1,landscape,16,shuffled,ridge,0.20654218620653184,0.2839108309819457,0.5179336986128028,0.5082825067812882,2,C
1,landscape,16,pca,ridge,5.266133909514578,0.3496804210873964,0.4632362110248814,0.4247991164542523,2,C
1,landscape,16,emotion,ridge,2.2033019716401085,0.4079459897730547,0.5154318404361357,0.49275089538180417,2,C
1,landscape,16,population,mlp,,0.3581173979986651,0.47927753698115977,0.49328362682215665,2,C
1,landscape,16,identity,mlp,,0.39091243077581983,0.4376780127887315,0.4598929646576699,2,C
1,landscape,16,random,mlp,,0.1386959216148192,0.2349784444360036,0.1447076191219975,2,C
1,landscape,16,shuffled,mlp,,-0.05890824937473234,-0.18700163469520784,-0.0721438996388913,2,C
1,landscape,16,pca,mlp,,0.24084577504137794,0.28143451685372706,0.26042341344446984,2,C
1,landscape,16,emotion,mlp,,0.3624925947390058,0.32690946841785556,0.3943348077540062,2,C
1,landscape,16,gt_emotion,ridge,5.95843030411983,0.7828943478365735,0.8342670924746878,0.7989654932605879,2,C
1,landscape,17,population,ridge,,-0.06230240858123491,-0.07629966323250356,-0.08044148963463651,2,C
1,landscape,17,identity,ridge,26.33298678014222,-0.00858823990267175,0.014855272883369502,-0.011217930639063647,2,C
1,landscape,17,random,ridge,3.2953303011051753,-0.011127370094492968,0.047228053933866476,-0.01492403040769452,2,C
1,landscape,17,shuffled,ridge,0.20631869967794006,-0.06183374987110855,-0.06091194329238247,-0.07625189908229162,2,C
1,landscape,17,pca,ridge,5.251507881273224,0.022795561793492656,0.05931460212212769,0.032950609850713394,2,C
1,landscape,17,emotion,ridge,2.190839858977646,0.014296916332619525,-0.011341122308808972,0.02152714919304938,2,C
1,landscape,17,population,mlp,,-0.2037684396438665,-0.1928523239554277,-0.21791984822944968,2,C
1,landscape,17,identity,mlp,,0.0575268520320995,0.047228053933866476,0.07961000238563104,2,C
1,landscape,17,random,mlp,,0.21843968117723228,0.2805463542024154,0.2331885433110512,2,C
1,landscape,17,shuffled,mlp,,0.03447365190086132,0.015707188174172052,0.04163224099189768,2,C
1,landscape,17,pca,mlp,,0.019299877060185117,0.022256286972216675,0.021140238922585146,2,C
1,landscape,17,emotion,mlp,,-0.006604925497379646,0.030615705763216716,-0.007404545670252768,2,C
1,landscape,17,gt_emotion,ridge,4.451719200014602,0.6253115132402408,0.4657514595892154,0.6616729104741111,2,C
1,landscape,23,population,ridge,,0.3290095279652139,0.7581172680979462,0.715536226641851,2,C
1,landscape,23,identity,ridge,26.61334027228217,0.5621978249594802,0.771377373359514,0.7312153581086137,2,C
1,landscape,23,random,ridge,3.2849671396334394,0.45418522623128293,0.7447109116754053,0.7112656097379185,2,C
1,landscape,23,shuffled,ridge,0.20749389779658134,0.37071949367347273,0.7557284991353843,0.7183465656243587,2,C
1,landscape,23,pca,ridge,5.2604064459174005,0.5484821925814463,0.6912317371462142,0.6766526243818164,2,C
1,landscape,23,emotion,ridge,2.2272200138621354,0.5216205035879261,0.7131206609051994,0.6840486009894602,2,C
1,landscape,23,population,mlp,,0.40473757203242966,0.6439438617648878,0.6648810397902584,2,C
1,landscape,23,identity,mlp,,0.6465069127452592,0.6517926740704482,0.6625822296589837,2,C
1,landscape,23,random,mlp,,0.371656253986238,0.3404239523585595,0.3822534310881097,2,C
1,landscape,23,shuffled,mlp,,0.15152084062298124,0.16019377165261728,0.18677388461993133,2,C
1,landscape,23,pca,mlp,,0.5072843319066928,0.5928534561982589,0.5693350004407643,2,C
1,landscape,23,emotion,mlp,,0.2709658350489033,0.2591570572444654,0.3181748970498944,2,C
1,landscape,23,gt_emotion,ridge,4.632511214990941,0.852523905823875,0.8749164587454274,0.8761115030576802,2,C
1,landscape,35,population,ridge,,0.3598327940122339,0.4801020092953743,0.48968850586420554,2,C
1,landscape,35,identity,ridge,26.664939868515845,0.2597356590707905,0.37743202307048074,0.39701000352692656,2,C
1,landscape,35,random,ridge,3.310984076075707,0.3530556437276319,0.5122399853274416,0.508740894810031,2,C
1,landscape,35,shuffled,ridge,0.20591530846533704,0.37428175009520287,0.48787162987455535,0.49384936808872243,2,C
1,landscape,35,pca,ridge,5.289311335039451,0.24140081147562797,0.330511587105296,0.3802854534023746,2,C
1,landscape,35,emotion,ridge,2.1758646281889855,0.32203180516941077,0.5039658439314306,0.5202905394559053,2,C
1,landscape,35,population,mlp,,0.3051367437753538,0.4219812111965648,0.3496467277176431,2,C
1,landscape,35,identity,mlp,,0.08044994771737997,0.08445678473733255,0.08873784089156328,2,C
1,landscape,35,random,mlp,,-0.03091740727463964,-0.0929327344600756,-0.030938151146018146,2,C
1,landscape,35,shuffled,mlp,,-0.029071748126943974,-0.14101356830396922,-0.030334983560560053,2,C
1,landscape,35,pca,mlp,,-0.07250345081114562,-0.0616019917349361,-0.08003882534407773,2,C
1,landscape,35,emotion,mlp,,0.0635455546441333,0.021290778470223617,0.06825028183878219,2,C
1,landscape,35,gt_emotion,ridge,5.1179839729984575,0.5821670895498603,0.6392081178462118,0.7332686671514258,2,C
1,landscape,39,population,ridge,,0.4256873775364213,0.7882346292959229,0.7545268324228148,2,C
1,landscape,39,identity,ridge,26.35576737898242,0.6778109225625943,0.7970973176529562,0.7599395638292684,2,C
1,landscape,39,random,ridge,3.356191293201084,0.551754193105258,0.7003009168820058,0.6978711020197835,2,C
1,landscape,39,shuffled,ridge,0.2058693199930416,0.512663778347181,0.7917004850780031,0.754898459716127,2,C
1,landscape,39,pca,ridge,5.242078379875934,0.6827479162934363,0.7904626794415458,0.7706729715973502,2,C
1,landscape,39,emotion,ridge,2.1659212668089776,0.6760301028589595,0.7821446255645537,0.7644262734904443,2,C
1,landscape,39,population,mlp,,0.3928597699713582,0.47036614185372283,0.47779624537684334,2,C
1,landscape,39,identity,mlp,,0.610590401056038,0.6101391543224659,0.6418199719071435,2,C
1,landscape,39,random,mlp,,0.21675618843362573,0.29905384176805117,0.2364637418156868,2,C
1,landscape,39,shuffled,mlp,,0.3582409762642852,0.32069068429332237,0.3811024588569903,2,C
1,landscape,39,pca,mlp,,0.6253810628918802,0.6423716130958106,0.6701781734350181,2,C
1,landscape,39,emotion,mlp,,0.4162788128909531,0.5085895799075201,0.47057601303994206,2,C
1,landscape,39,gt_emotion,ridge,6.073112052680698,0.7967398054386026,0.8301796308410849,0.8160120317417685,2,C
1,landscape,44,population,ridge,,0.35691259740311226,0.6320640777107418,0.5859480659862912,2,C
1,landscape,44,identity,ridge,26.458339956238945,0.37958183877722435,0.5527155705887149,0.5082764471245296,2,C
1,landscape,44,random,ridge,3.256457385426117,0.43456798089574483,0.5810651325738256,0.5487006745747992,2,C
1,landscape,44,shuffled,ridge,0.20473697823179207,0.4349433792758073,0.6309543083803638,0.5847697518042917,2,C
1,landscape,44,pca,ridge,5.27118168459616,0.3875266901290503,0.5610892846270216,0.5271280213902286,2,C
1,landscape,44,emotion,ridge,2.1992982625211606,0.38905449454706936,0.5913052768495862,0.5335927713968651,2,C
1,landscape,44,population,mlp,,0.3172545658828577,0.5004555239400055,0.4349096265388371,2,C
1,landscape,44,identity,mlp,,0.2292304459481568,0.16263165096084847,0.24984564345227284,2,C
1,landscape,44,random,mlp,,0.1823728150347995,0.2715908215797792,0.19482797818480047,2,C
1,landscape,44,shuffled,mlp,,-0.14592104528605737,-0.15466148940631558,-0.16569243192916214,2,C
1,landscape,44,pca,mlp,,0.1993410453789188,0.17014781597113585,0.2100613945603858,2,C
1,landscape,44,emotion,mlp,,0.003381843119231963,-0.060280652263714,0.003832073765193758,2,C
1,landscape,44,gt_emotion,ridge,6.713040792757066,0.6753149114775288,0.684948090726801,0.696111146056119,2,C
1,landscape,51,population,ridge,,0.34267147634219364,0.7350116948397329,0.6963853329990741,2,C
1,landscape,51,identity,ridge,26.517204724017652,0.5461569781188865,0.7020687675039832,0.7002014277076816,2,C
1,landscape,51,random,ridge,3.2681993953147,0.39914032434401864,0.7120441000059458,0.7126803185627404,2,C
1,landscape,51,shuffled,ridge,0.2064251534475708,0.34399106833382254,0.7357902573764714,0.6956044485240005,2,C
1,landscape,51,pca,ridge,5.269510252017011,0.5067771536764774,0.7295130969240169,0.7192541779606461,2,C
1,landscape,51,emotion,ridge,2.139334927536981,0.49923894018808684,0.7187105417267696,0.6901914477334158,2,C
1,landscape,51,population,mlp,,0.45574570958818195,0.7067888028829605,0.6823536332631704,2,C
1,landscape,51,identity,mlp,,0.5992048337584632,0.5935079537875023,0.6449345536061709,2,C
1,landscape,51,random,mlp,,0.21778561106522362,0.26271619599071283,0.2259473980661139,2,C
1,landscape,51,shuffled,mlp,,0.21471593359308191,0.2956104631679164,0.29015749970584237,2,C
1,landscape,51,pca,mlp,,0.5346900170009706,0.6042131886676573,0.6146028501936021,2,C
1,landscape,51,emotion,mlp,,0.1039245590415363,0.20179367749092172,0.11454640617374497,2,C
1,landscape,51,gt_emotion,ridge,6.848216582814946,0.9735777844071694,0.9741997645253144,0.9778724780111939,2,C
1,landscape,64,population,ridge,,0.15907098346234705,0.3067929980967406,0.3246808820262099,2,C
1,landscape,64,identity,ridge,26.764838450195516,0.21510083160723958,0.26209042793452036,0.248931890600459,2,C
1,landscape,64,random,ridge,3.2788795158854516,0.18804763934843596,0.26688175313422796,0.275142210060557,2,C
1,landscape,64,shuffled,ridge,0.2055353240120333,0.22188316827767496,0.30802787572553125,0.32395487831317277,2,C
1,landscape,64,pca,ridge,5.273202938242114,0.2587454920607005,0.29360450502125685,0.318010743313852,2,C
1,landscape,64,emotion,ridge,2.2457263573474395,0.2452194093547614,0.27014183007423515,0.3133058141351026,2,C
1,landscape,64,population,mlp,,0.18815410934485852,0.31306617645099694,0.2979596380481895,2,C
1,landscape,64,identity,mlp,,0.060448376899541106,0.04598684289616255,0.06448972863174401,2,C
1,landscape,64,random,mlp,,0.12698349091043637,0.028451580567335794,0.128234082727663,2,C
1,landscape,64,shuffled,mlp,,-0.026606581257120683,-0.05408764014102898,-0.031186822085018738,2,C
1,landscape,64,pca,mlp,,0.17003226146042394,0.21205318641592455,0.18286286697597529,2,C
1,landscape,64,emotion,mlp,,0.09226056481017199,0.03837999670281234,0.09702393254276541,2,C
1,landscape,64,gt_emotion,ridge,4.586109421003226,0.6796194705094295,0.7602986160488979,0.71962395628926,2,C
1,landscape,69,population,ridge,,0.19010809784477056,0.25800602848753257,0.222733680682237,2,C
1,landscape,69,identity,ridge,26.848108660189364,0.20457651831569568,0.2857905144898188,0.26837495549415735,2,C
1,landscape,69,random,ridge,3.3678953444839594,0.18256904016183959,0.26691325897278284,0.21874772883482047,2,C
1,landscape,69,shuffled,ridge,0.20616790687036854,0.19071277457272653,0.2501615925488178,0.2242335697791768,2,C
1,landscape,69,pca,ridge,5.251748201383949,0.26030845776723033,0.3103360075883777,0.33224321512924604,2,C
1,landscape,69,emotion,ridge,2.284221271135435,0.20230076799839006,0.37455916375759685,0.37559991217648814,2,C
1,landscape,69,population,mlp,,0.17117806235654032,0.22723559590212264,0.17333941487012292,2,C
1,landscape,69,identity,mlp,,-0.007122917003937547,-0.03674232575165724,-0.011516629783512543,2,C
1,landscape,69,random,mlp,,0.06541074562576962,0.0743956182574878,0.06908588928947354,2,C
1,landscape,69,shuffled,mlp,,-0.07816716017833217,-0.07950715393368256,-0.0895991810113412,2,C
1,landscape,69,pca,mlp,,0.242156448012903,0.2960135858422083,0.2548466486410352,2,C
1,landscape,69,emotion,mlp,,0.24014034241858143,0.23371358170957734,0.2438028690104954,2,C
1,landscape,69,gt_emotion,ridge,6.212009841429267,0.7775936095815187,0.820511187867702,0.8063576257377121,2,C
1,landscape,81,population,ridge,,0.29377495464855213,0.43166228820253677,0.38195974108506886,2,C
1,landscape,81,identity,ridge,27.328034521515317,0.38711366262472696,0.41922261073370654,0.4362251381749922,2,C
1,landscape,81,random,ridge,3.316353294817504,0.28802599238528587,0.34337893841273265,0.311483847271639,2,C
1,landscape,81,shuffled,ridge,0.2057534964417852,0.35263137075720186,0.43166228820253677,0.37742290290909136,2,C
1,landscape,81,pca,ridge,5.281477037061909,0.28664467590276294,0.37357392645381404,0.34265250947873793,2,C
1,landscape,81,emotion,ridge,2.1601040608739903,0.2644076367541002,0.36332626263587897,0.3470698117078946,2,C
1,landscape,81,population,mlp,,0.24250908201363527,0.36392906638987516,0.327778376664312,2,C
1,landscape,81,identity,mlp,,0.14861668116737684,0.21618734631953884,0.23935496835699155,2,C
1,landscape,81,random,mlp,,-0.00736812977629656,0.0009864061429028389,-0.00798749191123088,2,C
1,landscape,81,shuffled,mlp,,-0.015208447844419791,-0.06745922010629969,-0.017512978750117317,2,C
1,landscape,81,pca,mlp,,0.20781822635701605,0.17415548456362342,0.21079230540745175,2,C
1,landscape,81,emotion,mlp,,-0.12115532420268231,-0.0887765528612555,-0.12305420745656896,2,C
1,landscape,81,gt_emotion,ridge,4.932991367890094,0.5813554853368248,0.6858989946146786,0.6662189279555153,2,C
1,landscape,92,population,ridge,,0.2611555432026295,0.4256035632053209,0.4429326772612647,2,C
1,landscape,92,identity,ridge,26.464239377955895,0.3416844809101059,0.4206088024588671,0.4514874275059759,2,C
1,landscape,92,random,ridge,3.2900919383628437,0.3318771610485422,0.4217575974305515,0.4503610255097828,2,C
1,landscape,92,shuffled,ridge,0.20615526263258843,0.2811201026079507,0.4262029344948954,0.4439992433265349,2,C
1,landscape,92,pca,ridge,5.240972846425146,0.3066526771449158,0.41581383214227163,0.4364875618456216,2,C
1,landscape,92,emotion,ridge,2.230060840347871,0.2988245832090361,0.4239053445515266,0.4415143794080958,2,C
1,landscape,92,population,mlp,,0.2516355090210228,0.3495833046442954,0.35598110381871206,2,C
1,landscape,92,identity,mlp,,0.27935733136747076,0.1645274189881853,0.3266646825663039,2,C
1,landscape,92,random,mlp,,0.05209082105691797,0.062034928470955125,0.054903175021855384,2,C
1,landscape,92,shuffled,mlp,,0.0028515214821012145,0.07646978702820634,0.002978609868784457,2,C
1,landscape,92,pca,mlp,,0.31451325785626627,0.2881477474629147,0.3618653248578694,2,C
1,landscape,92,emotion,mlp,,0.08554609199128245,0.1751662593781317,0.08949659216379491,2,C
1,landscape,92,gt_emotion,ridge,6.6563373406077515,0.8343284498494871,0.7933250460700927,0.8604387001259487,2,C
1,landscape,100,population,ridge,,0.23510131970148493,0.4784483680063645,0.44997701747945507,2,C
1,landscape,100,identity,ridge,27.28429985038181,0.4157185829318757,0.5177031088469701,0.49878098052146347,2,C
1,landscape,100,random,ridge,3.316253803326292,0.34221615730725413,0.41392276346938917,0.42437136189723784,2,C
1,landscape,100,shuffled,ridge,0.2053548651848066,0.2949359544614428,0.4760511319244954,0.4536751235443623,2,C
1,landscape,100,pca,ridge,5.269120855443496,0.4341338633238324,0.5187019572144156,0.5216287529365916,2,C
1,landscape,100,emotion,ridge,2.151369998211716,0.3890499920980665,0.477998886241014,0.4658230472827698,2,C
1,landscape,100,population,mlp,,0.016673902483606434,0.029815623768246303,0.028769704669380853,2,C
1,landscape,100,identity,mlp,,0.10216258971952523,0.10018449125477737,0.12073713019277375,2,C
1,landscape,100,random,mlp,,0.21007581128923597,0.12395708239997875,0.21043512105060977,2,C
1,landscape,100,shuffled,mlp,,0.24422608018427205,0.26709205345490994,0.29628811500106583,2,C
1,landscape,100,pca,mlp,,0.4540149757388201,0.49138345436478287,0.4702614822491306,2,C
1,landscape,100,emotion,mlp,,0.24708048547880637,0.2765811129456416,0.27509443601218314,2,C
1,landscape,100,gt_emotion,ridge,5.915522711195197,0.7568107546918614,0.735120106175884,0.8053082334803774,2,C
1,landscape,101,population,ridge,,0.13445917245151806,0.19572275428924746,0.21634147556181,2,C
1,landscape,101,identity,ridge,26.462566919859643,0.337425721697361,0.34712708693730465,0.40021760773732584,2,C
1,landscape,101,random,ridge,3.281853816041387,0.24174635671280184,0.2507650141945331,0.2722425414140217,2,C
1,landscape,101,shuffled,ridge,0.20636288881807768,0.19430203673156504,0.1997886645315585,0.21698542115674352,2,C
1,landscape,101,pca,ridge,5.256598477877722,0.4126574738026199,0.37508021985319295,0.47539507575131773,2,C
1,landscape,101,emotion,ridge,2.1610973136664993,0.24992988490483853,0.26270862553132174,0.3423071056382837,2,C
1,landscape,101,population,mlp,,0.1928385269437937,0.26540229106685287,0.2903719702423729,2,C
1,landscape,101,identity,mlp,,0.21475355726697148,0.3398084485011447,0.363302046308544,2,C
1,landscape,101,random,mlp,,0.25319863599710296,0.26845172374858606,0.2595374243786945,2,C
1,landscape,101,shuffled,mlp,,0.18724966310936947,0.2292156899102846,0.1895652309823644,2,C
1,landscape,101,pca,mlp,,0.31691825087578984,0.31327838417006526,0.3249349309762607,2,C
1,landscape,101,emotion,mlp,,0.021738240742949954,0.06708751899813208,0.022201436404233277,2,C
1,landscape,101,gt_emotion,ridge,4.821677255587522,0.7722152201496012,0.8309830188270054,0.8440324657399074,2,C
1,landscape,106,population,ridge,,0.2473066687240113,0.4378238902472069,0.44105140010589855,2,C
1,landscape,106,identity,ridge,26.337433855435464,0.23400396929714026,0.352189596281388,0.35483271036337805,2,C
1,landscape,106,random,ridge,3.346072657453693,0.27222536022511096,0.4861354919296573,0.4960659096300023,2,C
1,landscape,106,shuffled,ridge,0.2056744955904926,0.24539278434268383,0.4338144233042986,0.4410933779649476,2,C
1,landscape,106,pca,ridge,5.252773904141354,0.2655734494425045,0.4492087963813909,0.3749761064302793,2,C
1,landscape,106,emotion,ridge,2.189014374614392,0.27692720661632325,0.4812350323327694,0.46688135775622824,2,C
1,landscape,106,population,mlp,,0.16449808115723039,0.19200891693260771,0.22015167472972855,2,C
1,landscape,106,identity,mlp,,0.16866253618077354,0.20101784265617947,0.22442390035180823,2,C
1,landscape,106,random,mlp,,-0.08875922312961369,-0.14161833239087154,-0.0889160029097781,2,C
1,landscape,106,shuffled,mlp,,-0.0692179002927645,-0.004256964902347065,-0.07412932990850403,2,C
1,landscape,106,pca,mlp,,0.14594430726715066,0.2107692622580675,0.16003691556193805,2,C
1,landscape,106,emotion,mlp,,0.22661670808684917,0.27596022477424287,0.23581677237477028,2,C
1,landscape,106,gt_emotion,ridge,6.090069925157223,0.8531076601524354,0.8646565462661047,0.8598327358777589,2,C
1,landscape,111,population,ridge,,0.27776238642148904,0.4735146197880375,0.4546944843716089,2,C
1,landscape,111,identity,ridge,26.427892106252926,0.428365458833236,0.5680994357548437,0.6033674753985969,2,C
1,landscape,111,random,ridge,3.2995385790728347,0.33732213949348017,0.5273521789283527,0.5296184373150827,2,C
1,landscape,111,shuffled,ridge,0.2055677680806694,0.2868032121139101,0.47479412302171964,0.4563411974639758,2,C
1,landscape,111,pca,ridge,5.2637612789096195,0.38346901886842644,0.5408361745448486,0.5492554926937184,2,C
1,landscape,111,emotion,ridge,2.1775090118453706,0.3089890548212895,0.4937898248756152,0.4974980444155689,2,C
1,landscape,111,population,mlp,,0.06789772984938836,0.12465314195833498,0.08866438562514486,2,C
1,landscape,111,identity,mlp,,0.38946003587314515,0.5040258507450718,0.5339408954397317,2,C
1,landscape,111,random,mlp,,0.15243517661431588,0.17657144624812704,0.15573923395398998,2,C
1,landscape,111,shuffled,mlp,,0.013518101256529006,-0.036810323799776765,0.015999271762296985,2,C
1,landscape,111,pca,mlp,,0.4171219427733542,0.46726473860812895,0.4589052223004774,2,C
1,landscape,111,emotion,mlp,,0.09309311731811247,0.14793025847878202,0.09623977799992042,2,C
1,landscape,111,gt_emotion,ridge,6.6917084278793535,0.8277150877767311,0.8220513533421797,0.832101805163145,2,C
1,landscape,118,population,ridge,,0.2997937831983568,0.5447888178799966,0.5104280917768306,2,C
1,landscape,118,identity,ridge,27.36771032402287,0.4789320044957969,0.6122526131850043,0.582588257728468,2,C
1,landscape,118,random,ridge,3.3659025357791714,0.46353115646740717,0.5910923821852786,0.5909622895006044,2,C
1,landscape,118,shuffled,ridge,0.20537132736173813,0.30999695692529694,0.5455854383411627,0.5102950480908076,2,C
1,landscape,118,pca,ridge,5.277853087553782,0.4576492218932926,0.5099864614828007,0.5373735536041726,2,C
1,landscape,118,emotion,ridge,2.193708677540607,0.5411302019261299,0.6017969696321986,0.5999533710603155,2,C
1,landscape,118,population,mlp,,0.31758659051463434,0.44227372228367845,0.4226411866868504,2,C
1,landscape,118,identity,mlp,,0.36372028734360945,0.45910232952581315,0.46828900136918866,2,C
1,landscape,118,random,mlp,,0.17684274837360317,0.1299985015065501,0.17972878280532095,2,C
1,landscape,118,shuffled,mlp,,0.11664662474328906,0.09405100319642783,0.14852411592955675,2,C
1,landscape,118,pca,mlp,,0.4461999387020616,0.4533268311823586,0.47996907721928184,2,C
1,landscape,118,emotion,mlp,,0.30494980340254785,0.31436634948768943,0.31442814596484203,2,C
1,landscape,118,gt_emotion,ridge,5.847907950511476,0.8312081312271826,0.8147489758649875,0.8397396330069115,2,C
1,landscape,119,population,ridge,,0.36763615418666196,0.7265266218385579,0.7264707061975326,2,C
1,landscape,119,identity,ridge,26.424794699388773,0.6306204856497063,0.6937893743063535,0.694324616929705,2,C
1,landscape,119,random,ridge,3.3471818371465507,0.5809385852734197,0.7423446191171156,0.6979854725183112,2,C
1,landscape,119,shuffled,ridge,0.20629431215342528,0.470946154928638,0.7234230907269422,0.723119521880133,2,C
1,landscape,119,pca,ridge,5.254891458152374,0.6874233072060634,0.7166153450627529,0.734555726910402,2,C
1,landscape,119,emotion,ridge,2.2080264636971716,0.6552203603593312,0.7003968921568902,0.7121717204936915,2,C
1,landscape,119,population,mlp,,0.40624201257721393,0.5476230703399355,0.5854806519640317,2,C
1,landscape,119,identity,mlp,,0.44265498193442787,0.3972019253333993,0.45045444382111516,2,C
1,landscape,119,random,mlp,,0.3617067875123747,0.3556546540004792,0.36629064057621613,2,C
1,landscape,119,shuffled,mlp,,0.11461117376726625,0.09911276775805052,0.13769599959201229,2,C
1,landscape,119,pca,mlp,,0.47760578251963254,0.4831997712972027,0.5011947292764107,2,C
1,landscape,119,emotion,mlp,,0.36724604680215467,0.4088651954786649,0.3966597211821413,2,C
1,landscape,119,gt_emotion,ridge,6.679914175606998,0.8741114185956934,0.8540572163226369,0.8765952436916757,2,C
1,landscape,128,population,ridge,,0.266955923948525,0.41714035340172806,0.3764417776488674,2,C
1,landscape,128,identity,ridge,27.204039381710984,0.2527168407163447,0.3749678113317624,0.3501798104399422,2,C
1,landscape,128,random,ridge,3.369342127164356,0.25740248078775396,0.3626737847307209,0.3478457592310957,2,C
1,landscape,128,shuffled,ridge,0.20556379199205424,0.28134913517563737,0.4100360183576836,0.3732382100303138,2,C
1,landscape,128,pca,ridge,5.2703479321380415,0.20404147375462758,0.3149084682643798,0.2985420170020277,2,C
1,landscape,128,emotion,ridge,2.237082791652641,0.22392611641509713,0.3978931478214092,0.3622359030916058,2,C
1,landscape,128,population,mlp,,0.23823975298655034,0.25822494397679147,0.27593877985401805,2,C
1,landscape,128,identity,mlp,,0.004746342346049991,0.02922350585493445,0.006447704785288339,2,C
1,landscape,128,random,mlp,,-0.005427893567258148,-0.02171608797151163,-0.005830325456947474,2,C
1,landscape,128,shuffled,mlp,,0.09787792399582296,0.08575587407775591,0.11159034742441605,2,C
1,landscape,128,pca,mlp,,0.22728596851546182,0.23645847065035752,0.24492333604089075,2,C
1,landscape,128,emotion,mlp,,0.07935736922274152,0.09613525719174988,0.08693079317539015,2,C
1,landscape,128,gt_emotion,ridge,6.165848808532961,0.6901907208759958,0.7427358299112689,0.7602100191166958,2,C
1,landscape,129,population,ridge,,0.38416921051324887,0.565875407160558,0.5749299863589993,2,C
1,landscape,129,identity,ridge,26.903174925180153,0.551978831308885,0.641926432220774,0.6572500278051562,2,C
1,landscape,129,random,ridge,3.316329463316405,0.47281879647113795,0.5685150301652675,0.5729327745182726,2,C
1,landscape,129,shuffled,ridge,0.20632972489753085,0.46524550918035446,0.565875407160558,0.5774424313671827,2,C
1,landscape,129,pca,ridge,5.264674506649371,0.5206904435128024,0.5825598167186277,0.6024451819249852,2,C
1,landscape,129,emotion,ridge,2.2459013209243563,0.4758861805208451,0.5698597437714402,0.5995536253763344,2,C
1,landscape,129,population,mlp,,0.4671848899612705,0.6088066341428147,0.6088595260328536,2,C
1,landscape,129,identity,mlp,,0.2007093371344788,0.27422196724397396,0.3004865921762237,2,C
1,landscape,129,random,mlp,,0.40950685809504345,0.38722771437012304,0.42440222898540714,2,C
1,landscape,129,shuffled,mlp,,0.19405360492114349,0.18621793235111128,0.19821113368633528,2,C
1,landscape,129,pca,mlp,,0.42419268779231717,0.4754309660935299,0.4532635549780188,2,C
1,landscape,129,emotion,mlp,,0.43364908989834106,0.433844452717446,0.46149115698742343,2,C
1,landscape,129,gt_emotion,ridge,5.859370685970531,0.8242739522942538,0.8521171758726924,0.8473164862504041,2,C
1,landscape,137,population,ridge,,0.2785967038218986,0.472363319344663,0.468263464270726,2,C
1,landscape,137,identity,ridge,26.809059577722344,0.38443675810888234,0.3800156449720465,0.4306639564256065,2,C
1,landscape,137,random,ridge,3.2635660354414266,0.36379711566040107,0.4341333681258917,0.45717296423102344,2,C
1,landscape,137,shuffled,ridge,0.2055894748776725,0.3545614128094608,0.4603481918187634,0.46947293367971404,2,C
1,landscape,137,pca,ridge,5.235987621733416,0.4245703184786427,0.44078637262370385,0.46980063758566615,2,C
1,landscape,137,emotion,ridge,2.2426911025520715,0.4317264397553626,0.4261894821583548,0.47450203480623776,2,C
1,landscape,137,population,mlp,,0.1920501110841735,0.33523198783005725,0.26525596651724564,2,C
1,landscape,137,identity,mlp,,0.2087458370816943,0.2516225880217313,0.23910393788054138,2,C
1,landscape,137,random,mlp,,0.07343997759767769,0.20624313943217681,0.07893593977480459,2,C
1,landscape,137,shuffled,mlp,,0.039399876659608084,0.08162342831644165,0.04118833680350968,2,C
1,landscape,137,pca,mlp,,0.3784123706261713,0.3971942983768451,0.390979912435952,2,C
1,landscape,137,emotion,mlp,,0.14217534939604068,0.13355658282921415,0.14652627008067054,2,C
1,landscape,137,gt_emotion,ridge,5.358599357346799,0.8676711419611393,0.865193052812116,0.8752139775232932,2,C
2,art,7,population,ridge,,0.22055867246794492,0.2221934832161778,0.26109864144302,2,C
2,art,7,identity,ridge,26.494929954934758,0.41065660427546596,0.40680101234222776,0.4641633565977994,2,C
2,art,7,random,ridge,1.6151272609784306,0.22607970250806803,0.21326805876205773,0.2788166439633494,2,C
2,art,7,shuffled,ridge,5.220476702230205,0.272811793347316,0.24539958679688995,0.3082943871429881,2,C
2,art,7,pca,ridge,1.6630914905903547,0.2939862908793093,0.2902746375245492,0.35638601190297625,2,C
2,art,7,emotion,ridge,2.2821458456283037,0.2932479640270571,0.29875379075596326,0.35517158451260583,2,C
2,art,7,population,mlp,,0.188560195107024,0.20667316180429127,0.2037269159547538,2,C
2,art,7,identity,mlp,,0.317831258936951,0.34670315435115273,0.35023361358818983,2,C
2,art,7,random,mlp,,0.08631227169221907,0.07894042072755078,0.09417116561130563,2,C
2,art,7,shuffled,mlp,,-0.03261070206223419,-0.060147443682486874,-0.03509547428692578,2,C
2,art,7,pca,mlp,,0.43741963010046775,0.46308077209459597,0.4439513358946593,2,C
2,art,7,emotion,mlp,,0.22477525443070848,0.16581455208098608,0.22787634257834186,2,C
2,art,7,gt_emotion,ridge,5.012095201896576,0.6989957238413413,0.7605074761800267,0.7678513202829546,2,C
2,art,8,population,ridge,,0.31964512022412916,0.5917014358227132,0.6204482402466388,2,C
2,art,8,identity,ridge,26.450990326212263,0.5873918114872659,0.636803711560031,0.6581749108637271,2,C
2,art,8,random,ridge,1.5961119077466637,0.516794858164469,0.612444227730206,0.6298602686974676,2,C
2,art,8,shuffled,ridge,4.981903063947844,0.5500424061795135,0.6354740454121148,0.6271833532859463,2,C
2,art,8,pca,ridge,1.666672088344223,0.5288724199930328,0.6257408892093681,0.628305278463706,2,C
2,art,8,emotion,ridge,2.2083628719026893,0.5376117144084206,0.5870741976279648,0.6031804234417361,2,C
2,art,8,population,mlp,,0.3068600596221167,0.5739370960865526,0.554269792617221,2,C
2,art,8,identity,mlp,,0.299295951575703,0.4328861111156011,0.4797722522972188,2,C
2,art,8,random,mlp,,0.1669615436408149,0.2527429413959131,0.2534084263543396,2,C
2,art,8,shuffled,mlp,,0.4559854168221104,0.5402699492213142,0.503559600305067,2,C
2,art,8,pca,mlp,,0.4156824749543228,0.49096592845658116,0.5028796180980718,2,C
2,art,8,emotion,mlp,,0.2728959046936094,0.3945917260556143,0.3183186705375485,2,C
2,art,8,gt_emotion,ridge,6.105582818484556,0.7140392535429785,0.7936741705925008,0.7600703999268149,2,C
2,art,40,population,ridge,,0.15177161951057308,0.31512815389386045,0.29522664184479364,2,C
2,art,40,identity,ridge,26.18644830717441,0.2427794469106799,0.2710431265094369,0.28838674309752643,2,C
2,art,40,random,ridge,1.6034215820625768,0.2299990722874034,0.30490481609543646,0.2891110254649982,2,C
2,art,40,shuffled,ridge,5.081839177153402,0.2492773973587431,0.2738358431763234,0.2971552581611356,2,C
2,art,40,pca,ridge,1.6676781607687792,0.22732335929411607,0.29991782204742473,0.2849546797204855,2,C
2,art,40,emotion,ridge,2.216811215850129,0.23673798271081362,0.2848072300819492,0.28275636062966264,2,C
2,art,40,population,mlp,,0.17635125287234046,0.20925427025457172,0.25563038715838043,2,C
2,art,40,identity,mlp,,0.09245925588669765,0.04308762857482125,0.12284162673638784,2,C
2,art,40,random,mlp,,0.12160022812561215,0.22436486222004723,0.16894553374448684,2,C
2,art,40,shuffled,mlp,,0.23938137245521177,0.2648093839494222,0.2522013721235159,2,C
2,art,40,pca,mlp,,0.22272997038129977,0.20077638037295176,0.235892376539673,2,C
2,art,40,emotion,mlp,,0.14242634720907751,0.09450353720982206,0.15294376209329297,2,C
2,art,40,gt_emotion,ridge,6.529140092618502,0.7702470611456609,0.7925436825989788,0.7886981753343123,2,C
2,art,41,population,ridge,,0.4107438513586696,0.6834824017225695,0.6753597991395115,2,C
2,art,41,identity,ridge,26.296425951660407,0.6903522236458435,0.7549723071254566,0.751386911329126,2,C
2,art,41,random,ridge,1.6294973619773292,0.49747600249047713,0.7590088119883407,0.7597545566926825,2,C
2,art,41,shuffled,ridge,4.984065585730484,0.7092409765423218,0.7506440067303158,0.7616393310357142,2,C
2,art,41,pca,ridge,1.6644904248423473,0.4950333051834431,0.6942302038273572,0.6914797102968246,2,C
2,art,41,emotion,ridge,2.1983160452978425,0.5736784049225674,0.6351416085453789,0.6519304568948935,2,C
2,art,41,population,mlp,,0.3940269108659641,0.5644298245618429,0.5635172744922035,2,C
2,art,41,identity,mlp,,0.6569654627994925,0.724674204359471,0.6957280522618897,2,C
2,art,41,random,mlp,,0.28563301047055895,0.3379478589419478,0.30465856301608124,2,C
2,art,41,shuffled,mlp,,0.6495470475383772,0.6869839481096496,0.655250582020132,2,C
2,art,41,pca,mlp,,0.5602515908235693,0.6017310201019888,0.5950676518199314,2,C
2,art,41,emotion,mlp,,0.42682509770680327,0.3984954318852094,0.44224434089423476,2,C
2,art,41,gt_emotion,ridge,5.755423336178087,0.8814572126586496,0.883574984968329,0.887697632784429,2,C
2,art,45,population,ridge,,-0.015427106447570354,0.034619300254398265,-0.02103550781939147,2,C
2,art,45,identity,ridge,26.157260498291816,0.030790641465279888,0.06687461187230499,0.043108808006170195,2,C
2,art,45,random,ridge,1.6270866535661659,-0.01760402986344096,0.030206521466280733,-0.02328182856072285,2,C
2,art,45,shuffled,ridge,5.0279706949186815,0.03436427794318306,0.10285977222778724,0.05182530575420391,2,C
2,art,45,pca,ridge,1.6581498297257256,0.002430527331022524,0.0810585436912542,0.0034664427523367464,2,C
2,art,45,emotion,ridge,2.192754791460802,0.0066915062250294186,0.07412417702421235,0.010112634901791047,2,C
2,art,45,population,mlp,,0.023259538810821503,-0.03430410176953272,0.0283559569632365,2,C
2,art,45,identity,mlp,,-0.03131105380436292,-0.03703582197170072,-0.040877995536752275,2,C
2,art,45,random,mlp,,0.05507553330656998,0.023429754041671663,0.05803546699693379,2,C
2,art,45,shuffled,mlp,,-0.019274259685133074,0.07948255126692651,-0.021074032336223035,2,C
2,art,45,pca,mlp,,-0.03718412740104641,-0.03908461212332672,-0.04017894516513915,2,C
2,art,45,emotion,mlp,,-0.049397215449136764,-0.10427816540968217,-0.053487096251561464,2,C
2,art,45,gt_emotion,ridge,4.867423872022518,0.48162065428329154,0.5535125102841293,0.6059002617101983,2,C
2,art,46,population,ridge,,0.07602702860705167,0.07638473194772853,0.10437411279646949,2,C
2,art,46,identity,ridge,26.464365703325374,0.13974873019279677,0.1889276159692487,0.2056345996318679,2,C
2,art,46,random,ridge,1.6270019093268233,0.0992512518732385,0.07552019104019764,0.13123123907197023,2,C
2,art,46,shuffled,ridge,5.082010173454556,0.036199780861699386,0.013374956392977767,0.047112242719371214,2,C
2,art,46,pca,ridge,1.6748735482171753,0.13704875247557438,0.1682294895360093,0.20966752895205712,2,C
2,art,46,emotion,ridge,2.2372689530889813,-0.03267092431337981,-0.12149342518183986,-0.1162080756824114,2,C
2,art,46,population,mlp,,0.1118930243464626,0.0943366696158698,0.1398746299707173,2,C
2,art,46,identity,mlp,,-0.034224489933837844,-0.0269533341759628,-0.03845863642746926,2,C
2,art,46,random,mlp,,0.15655648932069066,0.09804910998350241,0.16583255299534416,2,C
2,art,46,shuffled,mlp,,0.016779116587835003,0.028478994601017292,0.018553963890256535,2,C
2,art,46,pca,mlp,,0.059931388069836555,0.10410089633621857,0.06836149847544812,2,C
2,art,46,emotion,mlp,,0.04402243912368277,0.0662136624473652,0.05141774017021513,2,C
2,art,46,gt_emotion,ridge,6.722619742565776,0.8146165182088021,0.7994564814740175,0.825463440163265,2,C
2,art,52,population,ridge,,0.4064509884122813,0.5721289072677246,0.5613883626094425,2,C
2,art,52,identity,ridge,26.103327216741175,0.5467010107596919,0.6608019757396638,0.660857552813973,2,C
2,art,52,random,ridge,1.6136439827778244,0.4594649192690491,0.6129599916921643,0.6151726354266723,2,C
2,art,52,shuffled,ridge,5.187958118518219,0.5010363126403351,0.7057309803663147,0.6927414254059509,2,C
2,art,52,pca,ridge,1.6698993431498186,0.4559514725008209,0.6087139538922831,0.6013622133213639,2,C
2,art,52,emotion,ridge,2.2131271021394436,0.46768427532255885,0.5757331021443679,0.5737482974474605,2,C
2,art,52,population,mlp,,0.4557865443362851,0.54477652423128,0.5376704653076083,2,C
2,art,52,identity,mlp,,0.4423300799918625,0.5121412802112623,0.48103416650691466,2,C
2,art,52,random,mlp,,0.3142010040131103,0.3575558807760495,0.3726317338874609,2,C
2,art,52,shuffled,mlp,,0.569983867778896,0.652161782542231,0.6237770511505957,2,C
2,art,52,pca,mlp,,0.44169206182475806,0.4383293440389074,0.5077896221842719,2,C
2,art,52,emotion,mlp,,0.31528231283846325,0.2981607241102683,0.34078970441008444,2,C
2,art,52,gt_emotion,ridge,4.59544777903331,0.8648823545367755,0.8761046384695802,0.8866545824063616,2,C
2,art,58,population,ridge,,0.4768123880891087,0.6672749758301654,0.6850662343243011,2,C
2,art,58,identity,ridge,26.356507549718376,0.6005680443561128,0.6656054380291332,0.7074541595246041,2,C
2,art,58,random,ridge,1.6252517462264142,0.5050011541787967,0.6358974859813558,0.6754851763634493,2,C
2,art,58,shuffled,ridge,4.939695645830454,0.57734000348496,0.6418881804438827,0.6746698589777249,2,C
2,art,58,pca,ridge,1.6620678970225333,0.5180095921613971,0.6417899723379397,0.676207912721159,2,C
2,art,58,emotion,ridge,2.2173744720320947,0.569637768597257,0.6429684696092565,0.6869290631458975,2,C
2,art,58,population,mlp,,0.5015176060817425,0.6520527194089901,0.651766834283665,2,C
2,art,58,identity,mlp,,0.42148787271109045,0.5032183348522729,0.5404264245856094,2,C
2,art,58,random,mlp,,0.09316825273427082,0.00407563639663726,0.10922750990391217,2,C
2,art,58,shuffled,mlp,,0.47213009384775545,0.49148246619207636,0.5057652028941755,2,C
2,art,58,pca,mlp,,0.3829670124418139,0.42430812172701887,0.41116678862334943,2,C
2,art,58,emotion,mlp,,0.37794011313669795,0.3896406603291164,0.38323754097166324,2,C
2,art,58,gt_emotion,ridge,6.596101239399295,0.8402401740266195,0.8587277443001536,0.857944866632054,2,C
2,art,65,population,ridge,,0.5342782836020531,0.678734540994001,0.6735311136541641,2,C
2,art,65,identity,ridge,26.230375901523345,0.5533036106837835,0.660160613788055,0.6494431544765366,2,C
2,art,65,random,ridge,1.5868955446413127,0.5277795840690246,0.6662536481095822,0.6677678835125964,2,C
2,art,65,shuffled,ridge,5.214027832408382,0.5439017689795682,0.6357884765019459,0.6379986475828378,2,C
2,art,65,pca,ridge,1.6667877201971626,0.5440025880698499,0.6823707066374931,0.6744876782626001,2,C
2,art,65,emotion,ridge,2.239363565908848,0.5912166084568841,0.6715113470805776,0.666795103579929,2,C
2,art,65,population,mlp,,0.630773765904635,0.7037454641363993,0.6970529749171986,2,C
2,art,65,identity,mlp,,0.3042992594599593,0.44105706508087694,0.38423786435729645,2,C
2,art,65,random,mlp,,0.13769926658924328,0.09370497138026207,0.16806753068945254,2,C
2,art,65,shuffled,mlp,,0.251543439933451,0.29541388984695094,0.26488653565009807,2,C
2,art,65,pca,mlp,,0.21294133496968692,0.27762616061797624,0.256466724388554,2,C
2,art,65,emotion,mlp,,0.21200772095202147,0.3973739399854113,0.21391519932523514,2,C
2,art,65,gt_emotion,ridge,5.9445399181941045,0.6577065636432119,0.6909046497539582,0.7001124890569786,2,C
2,art,66,population,ridge,,0.2941942099055624,0.4415636864407827,0.41874921299098317,2,C
2,art,66,identity,ridge,26.675299560872677,0.45876387442491146,0.57173140367861,0.5918857639911748,2,C
2,art,66,random,ridge,1.618789446820708,0.31818805623933955,0.46110838872874477,0.44003990126073206,2,C
2,art,66,shuffled,ridge,5.044949475594995,0.3845838426580606,0.46951261071256845,0.4619619283742927,2,C
2,art,66,pca,ridge,1.6685627926367033,0.33272634487203406,0.48167918788682484,0.4571162633609746,2,C
2,art,66,emotion,ridge,2.2603195388682527,0.4385935523711381,0.5421211797123475,0.5566839919633766,2,C
2,art,66,population,mlp,,0.34827875361405775,0.44972359964600683,0.4297016018747401,2,C
2,art,66,identity,mlp,,0.4881614865895344,0.5338635429956835,0.5254342358297523,2,C
2,art,66,random,mlp,,0.04890762367081593,0.06747808464918899,0.054850999171990156,2,C
2,art,66,shuffled,mlp,,0.3586722665966354,0.42861532117500784,0.4016359963281766,2,C
2,art,66,pca,mlp,,0.38941269297609327,0.3869851053016487,0.4230306184372544,2,C
2,art,66,emotion,mlp,,0.35401086472285925,0.40281631415489794,0.3933506468860729,2,C
2,art,66,gt_emotion,ridge,6.13637102030502,0.712687551163352,0.7995236989905546,0.8144278382397804,2,C
2,art,74,population,ridge,,0.4320189790014915,0.5227868289009886,0.5074685889636654,2,C
2,art,74,identity,ridge,26.49039139768312,0.3989498496513285,0.5013914604969321,0.48263093226749854,2,C
2,art,74,random,ridge,1.615860465915696,0.41792738884387876,0.5342843399592432,0.5307263770638565,2,C
2,art,74,shuffled,ridge,5.055939680126612,0.4620979143089335,0.520587305046366,0.5325255318952675,2,C
2,art,74,pca,ridge,1.6592148830821283,0.4196211431577104,0.538883344382545,0.526511170774005,2,C
2,art,74,emotion,ridge,2.3045809673500246,0.3853394160140586,0.5190876296909414,0.5007566665859948,2,C
2,art,74,population,mlp,,0.3885806081765907,0.4613501285070973,0.418185172757999,2,C
2,art,74,identity,mlp,,0.2630167743608399,0.343525634749244,0.3476685270815998,2,C
2,art,74,random,mlp,,0.006463171206173704,-0.007148452527523557,0.007505848598056368,2,C
2,art,74,shuffled,mlp,,0.3096996965529607,0.32203028798815914,0.3602631340642489,2,C
2,art,74,pca,mlp,,0.28142133258723623,0.36052195544405524,0.36486140026986513,2,C
2,art,74,emotion,mlp,,0.16651115676209852,0.19840704952266436,0.1767107761254302,2,C
2,art,74,gt_emotion,ridge,6.13722169013545,0.7643536135531238,0.7907514179125397,0.8172498776846042,2,C
2,art,83,population,ridge,,0.6515311387193589,0.6896676375079817,0.6724145793951651,2,C
2,art,83,identity,ridge,26.217007118138305,0.48704839623853263,0.623912969136964,0.6286455931145947,2,C
2,art,83,random,ridge,1.6400775492773607,0.6435616691908315,0.6850285044634008,0.6672355242145214,2,C
2,art,83,shuffled,ridge,4.991072369919769,0.5825422386163543,0.6811961771657032,0.6651984907592065,2,C
2,art,83,pca,ridge,1.6614093428630585,0.6178760671920409,0.6871463695489703,0.6695183190461373,2,C
2,art,83,emotion,ridge,2.2290586307811995,0.3987878056637469,0.6838182958430753,0.6761212609394956,2,C
2,art,83,population,mlp,,0.5942207600671657,0.6417635462867649,0.6049945555945099,2,C
2,art,83,identity,mlp,,0.09194960377717604,0.10917090262519415,0.1209337363732865,2,C
2,art,83,random,mlp,,0.17277461805313876,0.1333750750317037,0.17320386269319327,2,C
2,art,83,shuffled,mlp,,0.003537997443752663,0.0012606339795057063,0.004183978025909561,2,C
2,art,83,pca,mlp,,-0.04604050296391231,-0.06893146599937201,-0.06304670183483939,2,C
2,art,83,emotion,mlp,,0.3325544561747682,0.3330594973854075,0.3511768096364822,2,C
2,art,83,gt_emotion,ridge,5.961307792658984,0.8267611030082408,0.868762827245,0.8642473932733091,2,C
2,art,87,population,ridge,,0.33960084709298516,0.6477046508724618,0.6330846116464566,2,C
2,art,87,identity,ridge,26.785849059687695,0.7121421448606353,0.7712427757719643,0.760627757973207,2,C
2,art,87,random,ridge,1.6265208768618782,0.42402562036967095,0.6907639893646265,0.6658354933985826,2,C
2,art,87,shuffled,ridge,5.136155065422799,0.7046791795209796,0.7380409851578463,0.7550236379390844,2,C
2,art,87,pca,ridge,1.6616089212808645,0.511910576074025,0.7248975879871172,0.7091714242231398,2,C
2,art,87,emotion,ridge,2.2585137690024357,0.5730691590743572,0.6513337978524393,0.6409364074855582,2,C
2,art,87,population,mlp,,0.2692248501349215,0.4058269089096404,0.4356167523992071,2,C
2,art,87,identity,mlp,,0.6605254636963246,0.7201404628917413,0.707031748414225,2,C
2,art,87,random,mlp,,0.33382094474672824,0.3723799056617401,0.3940158851698051,2,C
2,art,87,shuffled,mlp,,0.6868143415207594,0.680612186326041,0.6991955965145427,2,C
2,art,87,pca,mlp,,0.7394839973023344,0.7340194979638173,0.7563354052847255,2,C
2,art,87,emotion,mlp,,0.3238655324981202,0.31132195984995736,0.364779233073806,2,C
2,art,87,gt_emotion,ridge,3.9093362802292444,0.6556776044168472,0.7234743509417386,0.7116470739405314,2,C
2,art,93,population,ridge,,0.4252729473349336,0.6185575328542386,0.599721868786203,2,C
2,art,93,identity,ridge,26.367508296014584,0.5422014883952336,0.6547900000068038,0.6346018492818734,2,C
2,art,93,random,ridge,1.6065509855225208,0.4313345473381189,0.6226379870925872,0.5962478826283318,2,C
2,art,93,shuffled,ridge,5.258988144819752,0.47388785913160103,0.5973195059751232,0.5868110133258647,2,C
2,art,93,pca,ridge,1.671418821042492,0.47748600802585556,0.6602469930243542,0.6332998554079784,2,C
2,art,93,emotion,ridge,2.2789376591436294,0.5673069398858549,0.6484972513018805,0.6268891326244825,2,C
2,art,93,population,mlp,,0.3863463257325833,0.5016992229198463,0.4842983862333064,2,C
2,art,93,identity,mlp,,0.4300598505424925,0.4948165290238366,0.4930772941812252,2,C
2,art,93,random,mlp,,0.05973909681264168,0.12924715894720976,0.07464016321131296,2,C
2,art,93,shuffled,mlp,,0.3413188570128833,0.3991470838693024,0.37446008779981355,2,C
2,art,93,pca,mlp,,0.4591585411628934,0.4766757143979254,0.4959060813809141,2,C
2,art,93,emotion,mlp,,0.41364866081286294,0.36168556423530707,0.4304180752973356,2,C
2,art,93,gt_emotion,ridge,6.0234351853504835,0.7731038026242035,0.7733689834151986,0.7969761232689063,2,C
2,art,94,population,ridge,,0.39473916883862686,0.753742577574491,0.7457344856067825,2,C
2,art,94,identity,ridge,25.894802241419026,0.6376849693763398,0.7234078472237864,0.7326577521063704,2,C
2,art,94,random,ridge,1.6156305687953825,0.4681473786172716,0.7461954135225503,0.7493560541196506,2,C
2,art,94,shuffled,ridge,4.911803073329343,0.6421392074230862,0.7175648815061548,0.7149795390009026,2,C
2,art,94,pca,ridge,1.663223417656,0.5253167176516758,0.7541808000033136,0.754899165083391,2,C
2,art,94,emotion,ridge,2.242826844469324,0.6389581030555783,0.7120627554553849,0.724236528286764,2,C
2,art,94,population,mlp,,0.41550113488878754,0.659378681234739,0.679542158187456,2,C
2,art,94,identity,mlp,,0.5235278218441065,0.5706629850886975,0.5543204895477812,2,C
2,art,94,random,mlp,,0.3114872802780677,0.3519413017253503,0.33939142651292364,2,C
2,art,94,shuffled,mlp,,0.6571235141121036,0.6835782975819303,0.6810511911539319,2,C
2,art,94,pca,mlp,,0.6239390366964114,0.6452581807504623,0.6629331877953333,2,C
2,art,94,emotion,mlp,,0.346106858256114,0.43310983381945084,0.42065411002601144,2,C
2,art,94,gt_emotion,ridge,6.617707661190663,0.9040910045878173,0.9206918910530136,0.9090778644316926,2,C
2,art,102,population,ridge,,0.21283699885627977,0.32138824268343735,0.30280971180051675,2,C
2,art,102,identity,ridge,26.265236562568806,0.2188267920868693,0.3207428847664022,0.3104487542183528,2,C
2,art,102,random,ridge,1.6238892481333749,0.24997303240531754,0.37197437479564344,0.3595151194306443,2,C
2,art,102,shuffled,ridge,5.0985000234528375,0.06629959909710981,0.09243511088609212,0.08712885425968388,2,C
2,art,102,pca,ridge,1.6705149393024576,0.2230536727061951,0.32198395768377736,0.32367087926439836,2,C
2,art,102,emotion,ridge,2.265748877240763,0.22455417849858186,0.3270971781033624,0.2937004354573228,2,C
2,art,102,population,mlp,,0.22653390524076533,0.31905502559877225,0.2897189438351146,2,C
2,art,102,identity,mlp,,0.06593344575700855,0.08369795754777191,0.07496458341269437,2,C
2,art,102,random,mlp,,0.031056639578768443,0.11154763381366754,0.03448481521092317,2,C
2,art,102,shuffled,mlp,,0.07570478526293647,0.13006444174090295,0.07887908693701541,2,C
2,art,102,pca,mlp,,0.030892614589521708,0.09243511088609212,0.03302637917900935,2,C
2,art,102,emotion,mlp,,0.09464242974116517,0.12902194049030793,0.09902113394605287,2,C
2,art,102,gt_emotion,ridge,4.847862925635432,0.7808630564422628,0.8165266937993785,0.8424165840414134,2,C
2,art,112,population,ridge,,0.4286045349852071,0.47736565719845164,0.4626205937386386,2,C
2,art,112,identity,ridge,26.56517986398415,0.5760610851675432,0.6046806517062145,0.6105329638325373,2,C
2,art,112,random,ridge,1.5962518850063152,0.48192397022019984,0.47988362989576216,0.4895482556302372,2,C
2,art,112,shuffled,ridge,5.045517002946883,0.533218725075948,0.5956579162075185,0.5635705276414962,2,C
2,art,112,pca,ridge,1.6635479628420815,0.48874438503574674,0.5279873999672985,0.5127793718044101,2,C
2,art,112,emotion,ridge,2.246579025185358,0.4636587616384623,0.5601964673870621,0.5553361754559867,2,C
2,art,112,population,mlp,,0.4302631470678742,0.4996602071225552,0.46793803920777727,2,C
2,art,112,identity,mlp,,0.13183052153290636,0.2206898153663611,0.2056071975912944,2,C
2,art,112,random,mlp,,0.3886931903991491,0.3219333009040547,0.3934343249376849,2,C
2,art,112,shuffled,mlp,,0.4879190149305455,0.5171286427101469,0.4926555052059858,2,C
2,art,112,pca,mlp,,0.1719576576330728,0.16938612165865938,0.1760557651251488,2,C
2,art,112,emotion,mlp,,0.23072746183610923,0.25221693184726984,0.23360772988846365,2,C
2,art,112,gt_emotion,ridge,6.233716638412581,0.6890528615800057,0.716144366993433,0.7206876039893628,2,C
2,art,113,population,ridge,,0.3603109718726536,0.5034915904606199,0.4767124300712907,2,C
2,art,113,identity,ridge,26.671606242874066,0.3615661658840009,0.4801685542949286,0.47303732442221985,2,C
2,art,113,random,ridge,1.6174622076049248,0.36948120338057777,0.4922491967063332,0.4817794734964198,2,C
2,art,113,shuffled,ridge,4.874175536964175,0.33180998937550343,0.46187501007194465,0.45314918038633695,2,C
2,art,113,pca,ridge,1.6556398343374656,0.36310068811136303,0.49885656847420345,0.4838518343521498,2,C
2,art,113,emotion,ridge,2.2566813561021557,0.33518876323450414,0.4701588791540506,0.46108704700617725,2,C
2,art,113,population,mlp,,0.33380677081759624,0.45763445804181896,0.40809343679954124,2,C
2,art,113,identity,mlp,,0.1264149793802785,0.12677278220294327,0.14889135415346533,2,C
2,art,113,random,mlp,,0.21994855024287274,0.2719870348624796,0.2854340587657779,2,C
2,art,113,shuffled,mlp,,0.3047337924893844,0.3709496851469243,0.3753938469040149,2,C
2,art,113,pca,mlp,,0.28497161960862416,0.3594114389254195,0.34330499645232243,2,C
2,art,113,emotion,mlp,,0.249750644762627,0.2912174452316542,0.3019960209340784,2,C
2,art,113,gt_emotion,ridge,6.050740679979384,0.8055617942136768,0.8780440401468731,0.8445757330574074,2,C
2,art,120,population,ridge,,0.4755774692917038,0.615321494599863,0.6439327727744142,2,C
2,art,120,identity,ridge,26.602791197815627,0.6234013357611471,0.7240658014623084,0.6927768030849278,2,C
2,art,120,random,ridge,1.6118804973382646,0.6095662595198554,0.6656605487381103,0.677419137158138,2,C
2,art,120,shuffled,ridge,5.17804355371353,0.5074035100635711,0.6242341461238454,0.6490820016831746,2,C
2,art,120,pca,ridge,1.6658705209469296,0.5781280423759195,0.6602830830141432,0.6688000690951873,2,C
2,art,120,emotion,ridge,2.2622754651384045,0.6162867841691234,0.6941909918847134,0.6659597614527777,2,C
2,art,120,population,mlp,,0.5580850957355274,0.625678095253429,0.6390538362666643,2,C
2,art,120,identity,mlp,,0.24926519513225465,0.35033193364659615,0.3031166206165939,2,C
2,art,120,random,mlp,,0.30197209820373844,0.18806192629095989,0.3182431416771377,2,C
2,art,120,shuffled,mlp,,0.25495358075938845,0.2857525536096952,0.28777323406186517,2,C
2,art,120,pca,mlp,,0.3383174257791303,0.43532576689485364,0.34920181896578645,2,C
2,art,120,emotion,mlp,,0.5001109479235648,0.5308255748445653,0.5198412019420114,2,C
2,art,120,gt_emotion,ridge,6.003747118344303,0.86164790498905,0.8769535445879338,0.870198576581692,2,C
2,art,121,population,ridge,,0.28212174869128687,0.44966724479325304,0.437589095840525,2,C
2,art,121,identity,ridge,26.422928059138503,0.46354202699642516,0.4796768172741587,0.4799315739300938,2,C
2,art,121,random,ridge,1.5962687058654053,0.4194205623093189,0.4411460081628724,0.435154369776318,2,C
2,art,121,shuffled,ridge,5.025945208413074,0.44823018060916037,0.4836463374435906,0.46410404498842234,2,C
2,art,121,pca,ridge,1.668279529923976,0.42757602017399277,0.4468621172068544,0.4430513096137626,2,C
2,art,121,emotion,ridge,2.2332285169817534,0.4164482382256201,0.4555950615796048,0.44587771749756844,2,C
2,art,121,population,mlp,,0.2816085314764007,0.38176198642817016,0.4007345673190162,2,C
2,art,121,identity,mlp,,0.08529019176164944,0.14094442948263097,0.1481404576671509,2,C
2,art,121,random,mlp,,0.176018633873533,0.15931007613320286,0.21478192504520288,2,C
2,art,121,shuffled,mlp,,0.4742086012456955,0.45024944108476966,0.4747359247325461,2,C
2,art,121,pca,mlp,,0.435753004761674,0.39573469742457074,0.4384329272426731,2,C
2,art,121,emotion,mlp,,0.08570850206407257,-0.014660761159102058,0.08633596619340494,2,C
2,art,121,gt_emotion,ridge,6.24506348561146,0.636022426320594,0.6279564865348889,0.6644875723602599,2,C
2,art,131,population,ridge,,0.2425096369969067,0.37987639293136616,0.37517372384497066,2,C
2,art,131,identity,ridge,26.68093572608493,0.38219506409074094,0.5034807441521343,0.5261593599885582,2,C
2,art,131,random,ridge,1.64329446150124,0.23338121149179375,0.3932509422311163,0.38711301024376665,2,C
2,art,131,shuffled,ridge,5.046331664371619,0.31161331143303667,0.4241642777920774,0.437730859727973,2,C
2,art,131,pca,ridge,1.665607314384644,0.26482246130530557,0.39717022407719693,0.4136668804128653,2,C
2,art,131,emotion,ridge,2.174985477492738,0.29814156163986755,0.3808562133928863,0.38921267283870853,2,C
2,art,131,population,mlp,,0.27849373753981155,0.4061355813001064,0.37204633639586776,2,C
2,art,131,identity,mlp,,0.24383645258828446,0.35170655466266154,0.35587796224677354,2,C
2,art,131,random,mlp,,0.026761477572902717,0.0268960716687284,0.04588493349676447,2,C
2,art,131,shuffled,mlp,,0.1923148884989238,0.22006767565742796,0.23006466656775582,2,C
2,art,131,pca,mlp,,0.256220403214101,0.29889423178672486,0.32738869213806093,2,C
2,art,131,emotion,mlp,,0.061437299597258195,0.09915783070584021,0.06607854899616107,2,C
2,art,131,gt_emotion,ridge,4.957098265230539,0.41147319098675755,0.5057343312136308,0.47394715679031957,2,C
2,art,138,population,ridge,,0.41214669651778213,0.512706900942195,0.4859109323524147,2,C
2,art,138,identity,ridge,26.481640168333257,0.5063987392250161,0.6036669213139801,0.5765671831281532,2,C
2,art,138,random,ridge,1.5977545664618897,0.419103985174907,0.5094474153297682,0.48820100270980715,2,C
2,art,138,shuffled,ridge,5.178199717086064,0.4562718817882217,0.5517697988286223,0.5088353643082277,2,C
2,art,138,pca,ridge,1.671241530381083,0.45451024964308123,0.5508021390374331,0.5226163027622427,2,C
2,art,138,emotion,ridge,2.204842355197897,0.4993392099913728,0.5800356506238858,0.56263875572464,2,C
2,art,138,population,mlp,,0.3229275596046315,0.3586962057550292,0.34832569754768894,2,C
2,art,138,identity,mlp,,0.2899208741572633,0.4294881588999236,0.43132517838541573,2,C
2,art,138,random,mlp,,0.27233214151320373,0.21604278074866312,0.29016547472431276,2,C
2,art,138,shuffled,mlp,,0.4458974343573038,0.48576521517697985,0.4466517946099137,2,C
2,art,138,pca,mlp,,0.2972943412801194,0.2963585434173669,0.30036572729906413,2,C
2,art,138,emotion,mlp,,0.20510258613359197,0.1660809778456837,0.20645451144636462,2,C
2,art,138,gt_emotion,ridge,5.832907090545673,0.6172502298704732,0.7036295327117285,0.6873141177677133,2,C
2,art,139,population,ridge,,0.033790711936180585,0.07282598523637435,0.046365292678208415,2,C
2,art,139,identity,ridge,26.462381984001926,0.34961939889320265,0.5107761080571647,0.47864872390139684,2,C
2,art,139,random,ridge,1.6272950026838158,0.05974111696489869,0.10787193717606303,0.08090804071886461,2,C
2,art,139,shuffled,ridge,5.032865985555037,0.2633603490853727,0.30537203229150006,0.3083577592865385,2,C
2,art,139,pca,ridge,1.658962033527249,0.13476252614318504,0.2980148679126718,0.22832657648674254,2,C
2,art,139,emotion,ridge,2.1967796779458557,0.13702923939232797,0.21102137019004033,0.20983341414321538,2,C
2,art,139,population,mlp,,0.08094211244007415,0.11945450001570479,0.09631735359254649,2,C
2,art,139,identity,mlp,,0.26054003452532976,0.28106356349929046,0.3003052162581757,2,C
2,art,139,random,mlp,,0.0835675593541412,0.06710926967174427,0.09287308164839363,2,C
2,art,139,shuffled,mlp,,0.25563476123391293,0.2531262230877939,0.25886527352621347,2,C
2,art,139,pca,mlp,,0.29675799410533515,0.3476260168996353,0.31360691709975885,2,C
2,art,139,emotion,mlp,,0.29182560835711796,0.3064159542641716,0.31452841979651125,2,C
2,art,139,gt_emotion,ridge,6.478190908245318,0.9169568531095064,0.9215345490183668,0.9189267402793185,2,C
2,fashion,7,population,ridge,,0.2814880712644956,0.4093817052117759,0.4675006591665393,2,C
2,fashion,7,identity,ridge,12.0638283018501,0.38859618644087257,0.5055518641998524,0.5312403572781537,2,C
2,fashion,7,random,ridge,0.0022127459461278418,0.36667461197571977,0.4093817052117759,0.4675215103816082,2,C
2,fashion,7,shuffled,ridge,0.06864688691480181,0.36803361878940993,0.41072361440695837,0.4693447218028728,2,C
2,fashion,7,pca,ridge,5.285119112326697,0.4070750603642437,0.5110189016617069,0.5474284232958031,2,C
2,fashion,7,emotion,ridge,0.06785548085957219,0.3660796952456722,0.41072361440695837,0.4683317363358965,2,C
2,fashion,7,population,mlp,,0.2815077004271872,0.3386581205916039,0.38443427908662375,2,C
2,fashion,7,identity,mlp,,-0.05172393513415974,-0.05347756644504927,-0.061446119348727644,2,C
2,fashion,7,random,mlp,,0.17373184300677086,0.21893000017699077,0.180472094019256,2,C
2,fashion,7,shuffled,mlp,,0.22575588192427357,0.3165414690413743,0.25057522977222335,2,C
2,fashion,7,pca,mlp,,0.3131786990751422,0.31306244520201243,0.33144416076540856,2,C
2,fashion,7,emotion,mlp,,0.19594301720298246,0.22931737135451427,0.200084972669961,2,C
2,fashion,7,gt_emotion,ridge,4.939622300221909,0.6899842023986577,0.7145145676186446,0.7379369258512611,2,C
2,fashion,8,population,ridge,,0.28512432148032324,0.4376531715224509,0.41267482231764285,2,C
2,fashion,8,identity,ridge,12.029948072208207,0.22834193288916727,0.4374561857357862,0.4166622581083882,2,C
2,fashion,8,random,ridge,0.00221275383226674,0.22941761118311021,0.4376531715224509,0.41268963861233043,2,C
2,fashion,8,shuffled,ridge,0.0685476213105562,0.22967280404170112,0.4406079583224225,0.4127841677205641,2,C
2,fashion,8,pca,ridge,5.23569286326655,0.18658197201626633,0.36146891852985147,0.3794075951754465,2,C
2,fashion,8,emotion,ridge,0.06787153459584713,0.2278347863993059,0.4376531715224509,0.41344140602620294,2,C
2,fashion,8,population,mlp,,0.2927603417813288,0.3107943249103396,0.36806044112241687,2,C
2,fashion,8,identity,mlp,,-0.006685258538139387,-0.019797071559809306,-0.007055173317837651,2,C
2,fashion,8,random,mlp,,-0.06641724103056992,-0.05673190655945353,-0.0750634351199037,2,C
2,fashion,8,shuffled,mlp,,-0.006769444301796268,-0.01846741749982211,-0.009581463414695414,2,C
2,fashion,8,pca,mlp,,-0.07489793998590855,-0.06869879309933825,-0.10817060394525622,2,C
2,fashion,8,emotion,mlp,,-0.06144207679253901,-0.05702738523945068,-0.08144982788119898,2,C
2,fashion,8,gt_emotion,ridge,5.983990450736762,0.9270092335163231,0.9289548631694025,0.9296833581243512,2,C
2,fashion,40,population,ridge,,0.2435655795937181,0.14691346164897584,0.3388862998219668,2,C
2,fashion,40,identity,ridge,12.016748399331268,0.24529361695783886,0.2178526730254579,0.3289830782275233,2,C
2,fashion,40,random,ridge,0.002212761552719898,0.25467459426663236,0.14691346164897584,0.3388997842626808,2,C
2,fashion,40,shuffled,ridge,0.06872192486397626,0.2563025018073522,0.1519983524152451,0.34104545565434735,2,C
2,fashion,40,pca,ridge,5.264005290163393,0.2781068613016699,0.2532973527785702,0.3562130304255069,2,C
2,fashion,40,emotion,ridge,0.06793480995134611,0.2550454941447041,0.14691346164897584,0.3394791725482857,2,C
2,fashion,40,population,mlp,,0.3798801158986816,0.3278258988135952,0.44615998875863794,2,C
2,fashion,40,identity,mlp,,0.055136032068187395,0.0846983275675636,0.05710419405655804,2,C
2,fashion,40,random,mlp,,-0.061268950804735954,0.04232423784865304,-0.0614392385816259,2,C
2,fashion,40,shuffled,mlp,,0.10672986469499669,0.20155111145124172,0.1300434940548532,2,C
2,fashion,40,pca,mlp,,0.07531703595385227,0.06834691412308988,0.08613246810967477,2,C
2,fashion,40,emotion,mlp,,0.17732405496349926,0.16695391349250766,0.19034529287013427,2,C
2,fashion,40,gt_emotion,ridge,5.097460074972978,0.7417071297226664,0.7782379208812242,0.7689376937195759,2,C
2,fashion,41,population,ridge,,0.2340881114524819,0.4325479049939111,0.44541822502695677,2,C
2,fashion,41,identity,ridge,12.141897268321136,0.28271691207054545,0.4330839603065443,0.444759137691295,2,C
2,fashion,41,random,ridge,0.0022128015068306104,0.23441673984063183,0.4325479049939111,0.4453920387715518,2,C
2,fashion,41,shuffled,ridge,0.06861193344855802,0.23641681026284922,0.4298188961295962,0.44852108204029745,2,C
2,fashion,41,pca,ridge,5.2642066261588045,0.28795239860495514,0.39346459947282986,0.4184825987813563,2,C
2,fashion,41,emotion,ridge,0.06797636451163129,0.23637658792122584,0.4343997324375533,0.44496726676934584,2,C
2,fashion,41,population,mlp,,0.2619217632931241,0.35252946650810646,0.3873912108971025,2,C
2,fashion,41,identity,mlp,,0.2611984676404734,0.35545340457701524,0.3132632707170909,2,C
2,fashion,41,random,mlp,,-0.026333857865460317,-0.02217319702255853,-0.026485295557662783,2,C
2,fashion,41,shuffled,mlp,,-0.1331372872191214,-0.1664695407232087,-0.15074018161327205,2,C
2,fashion,41,pca,mlp,,0.2182492700142134,0.22909054769900583,0.24003030053786378,2,C
2,fashion,41,emotion,mlp,,0.2205503679432661,0.2358643375586446,0.22057969713731082,2,C
2,fashion,41,gt_emotion,ridge,6.414341921767519,0.8887436488830549,0.9046637932498577,0.9007192639145187,2,C
2,fashion,45,population,ridge,,0.18612659973375345,0.35286046389492776,0.34651688962158395,2,C
2,fashion,45,identity,ridge,12.083630029094286,0.17595844736603036,0.37303099883948326,0.3451061483957147,2,C
2,fashion,45,random,ridge,0.0022127395202659237,0.18370945319006696,0.35286046389492776,0.3465503629558501,2,C
2,fashion,45,shuffled,ridge,0.06865446474087329,0.18438118236179046,0.3553879756447369,0.3476040758183456,2,C
2,fashion,45,pca,ridge,5.270564435280676,0.2001597869528083,0.37129643195235934,0.36079034137153737,2,C
2,fashion,45,emotion,ridge,0.06792448569492102,0.1815006263209825,0.35623047956134,0.34600416171892984,2,C
2,fashion,45,population,mlp,,0.19892079344474012,0.2780758515329269,0.27429655802717084,2,C
2,fashion,45,identity,mlp,,0.18620694976607788,0.21122068779777836,0.24150457219035706,2,C
2,fashion,45,random,mlp,,0.16729177834709696,0.2020522628229804,0.17828413166267,2,C
2,fashion,45,shuffled,mlp,,-0.025683078494848587,0.07081988804857468,-0.033421460296805976,2,C
2,fashion,45,pca,mlp,,-0.04031543528015859,-0.03528604638949277,-0.050064051255705073,2,C
2,fashion,45,emotion,mlp,,-0.19248161329109054,-0.12766412289232218,-0.19565490804946015,2,C
2,fashion,45,gt_emotion,ridge,4.820307116174929,0.5331590494645817,0.6580790534979208,0.7008394729126192,2,C
2,fashion,46,population,ridge,,0.07428644115462735,0.1934626128504326,0.163547600925353,2,C
2,fashion,46,identity,ridge,12.111396260818816,0.09559876272367221,0.19518498227617612,0.13994484844620086,2,C
2,fashion,46,random,ridge,0.0022127969858446307,0.11547324342740829,0.1934626128504326,0.16359683554069687,2,C
2,fashion,46,shuffled,ridge,0.06855597897154748,0.11615170093909856,0.19655274623191366,0.1642089075294608,2,C
2,fashion,46,pca,ridge,5.256575500287532,0.14853498733334777,0.24533632731988606,0.22706442272215735,2,C
2,fashion,46,emotion,ridge,0.06787658385403494,0.11401945680134816,0.1934626128504326,0.1638624454968143,2,C
2,fashion,46,population,mlp,,0.05673078925082878,0.1839389230845563,0.09827195695546924,2,C
2,fashion,46,identity,mlp,,-0.046679988713027434,-0.06387964252537194,-0.06383388801254541,2,C
2,fashion,46,random,mlp,,-0.026141569745091676,-0.04148883999070548,-0.027410568234008004,2,C
2,fashion,46,shuffled,mlp,,-0.037233361780615336,-0.0550145057752212,-0.041325242054629,2,C
2,fashion,46,pca,mlp,,0.17926808368265607,0.23849750754119833,0.2449122924833704,2,C
2,fashion,46,emotion,mlp,,-0.04088516583986991,-0.07532833341413805,-0.04219051895964546,2,C
2,fashion,46,gt_emotion,ridge,6.227735845045951,0.8080578890051742,0.8034387698784765,0.8311639783674563,2,C
2,fashion,52,population,ridge,,0.25526763855547824,0.45299432961235203,0.5068352422620839,2,C
2,fashion,52,identity,ridge,12.02125996738203,0.3383114625890914,0.4204091912805728,0.48004549127378576,2,C
2,fashion,52,random,ridge,0.002212691709075726,0.35814783415930734,0.45299432961235203,0.5068417541978091,2,C
2,fashion,52,shuffled,ridge,0.06859673261842292,0.35688554580183435,0.45025352358444537,0.5054044272300618,2,C
2,fashion,52,pca,ridge,5.269891494960971,0.3137368866861673,0.43533135743250906,0.4453230037974654,2,C
2,fashion,52,emotion,ridge,0.06784115664006701,0.3560947337666455,0.45299432961235203,0.506343069712993,2,C
2,fashion,52,population,mlp,,0.2987195386567997,0.3756934484919473,0.40420184413670013,2,C
2,fashion,52,identity,mlp,,0.08325832405273674,0.07801146046097313,0.12252754867321154,2,C
2,fashion,52,random,mlp,,0.0622404167181841,0.018779596857879017,0.06366269212382382,2,C
2,fashion,52,shuffled,mlp,,0.28445444483273874,0.35229508592037373,0.35985736295960125,2,C
2,fashion,52,pca,mlp,,0.325239686033521,0.3167153632247705,0.46386482593380535,2,C
2,fashion,52,emotion,mlp,,0.3652645317838936,0.404319644783417,0.3762126669210716,2,C
2,fashion,52,gt_emotion,ridge,6.130821117462188,0.8947645885075707,0.8808476919136218,0.9038459053569211,2,C
2,fashion,58,population,ridge,,0.2234360939136671,0.3396397559457988,0.3665366842587525,2,C
2,fashion,58,identity,ridge,12.064252762041573,0.27190139890628406,0.46045088235411746,0.45133324769516014,2,C
2,fashion,58,random,ridge,0.0022127993866577554,0.22887270213405664,0.3396397559457988,0.3665612987262889,2,C
2,fashion,58,shuffled,ridge,0.06864481330910356,0.23086411740634924,0.33973821652151875,0.3697791544311888,2,C
2,fashion,58,pca,ridge,5.235096844511763,0.19908280229705644,0.35263655194082577,0.35661087114661005,2,C
2,fashion,58,emotion,ridge,0.06784570534596233,0.22814000284692326,0.34180588861163663,0.368027339954532,2,C
2,fashion,58,population,mlp,,0.21881468923515965,0.23920996871149974,0.30162569892170754,2,C
2,fashion,58,identity,mlp,,0.13493368559424213,0.18810892991287104,0.16486215454903794,2,C
2,fashion,58,random,mlp,,-0.157150110185225,-0.18013362327955904,-0.16370410302996571,2,C
2,fashion,58,shuffled,mlp,,0.06603016076167645,0.20937641426836967,0.0733185867026171,2,C
2,fashion,58,pca,mlp,,-0.08929184530898909,-0.12489724030069453,-0.11739876739292632,2,C
2,fashion,58,emotion,mlp,,0.029019466246929485,-0.005759943679614215,0.030863239165380193,2,C
2,fashion,58,gt_emotion,ridge,6.13766253153094,0.9145483773083778,0.9216203367922943,0.9280902493233691,2,C
2,fashion,65,population,ridge,,0.18670484042863686,0.1874836560823604,0.3329533296577216,2,C
2,fashion,65,identity,ridge,11.991997585622686,0.23613371326835048,0.2497141698651771,0.3480904574879052,2,C
2,fashion,65,random,ridge,0.002212722632783429,0.22558364245562643,0.1874836560823604,0.33293135995064266,2,C
2,fashion,65,shuffled,ridge,0.0686692145443534,0.22680133021047288,0.18649351266497272,0.3350066906111497,2,C
2,fashion,65,pca,ridge,5.219701434474705,0.2986630041550501,0.35867945294869313,0.4076415241687549,2,C
2,fashion,65,emotion,ridge,0.06779288882873583,0.22271279333843022,0.1858004122728013,0.3328695151178035,2,C
2,fashion,65,population,mlp,,0.1915259119852156,0.22614875653134997,0.24837462080565273,2,C
2,fashion,65,identity,mlp,,-0.01886855254563069,-0.04044735860028741,-0.02221772600452746,2,C
2,fashion,65,random,mlp,,0.21568523328708286,0.26778428723250264,0.21926844118866406,2,C
2,fashion,65,shuffled,mlp,,0.04691189501938971,-0.04549709002896467,0.056550930030698714,2,C
2,fashion,65,pca,mlp,,0.038866354474266916,0.011386649299958512,0.048591284498663234,2,C
2,fashion,65,emotion,mlp,,0.19401979598888716,0.22035641753963192,0.19603892535294878,2,C
2,fashion,65,gt_emotion,ridge,4.883960367531758,0.6729039283792352,0.666412832044142,0.7247176756300926,2,C
2,fashion,66,population,ridge,,0.18889311584939505,0.29807691107810075,0.2688620451804649,2,C
2,fashion,66,identity,ridge,12.054655775611987,0.23521804363781523,0.3306161031737572,0.31664032188086827,2,C
2,fashion,66,random,ridge,0.002212761886933657,0.19174105721564172,0.29807691107810075,0.2689386973622979,2,C
2,fashion,66,shuffled,ridge,0.06862329186823633,0.1923239796534567,0.30235576508456324,0.2696123822568938,2,C
2,fashion,66,pca,ridge,5.265760160159363,0.21613215436522695,0.29335027002445035,0.2679187608624728,2,C
2,fashion,66,emotion,ridge,0.06770803222756452,0.19016114967723594,0.29658428758747435,0.2675155633058685,2,C
2,fashion,66,population,mlp,,0.34731626883667077,0.41927793851696793,0.3965591261421723,2,C
2,fashion,66,identity,mlp,,0.12065335688155464,0.1882695762843487,0.16229628368606075,2,C
2,fashion,66,random,mlp,,0.2727156817291102,0.20225048297988307,0.2751297068978112,2,C
2,fashion,66,shuffled,mlp,,0.05188240219822969,0.08861208122685652,0.059493452720606146,2,C
2,fashion,66,pca,mlp,,0.1674845382611211,0.18871736333153666,0.19451184324022214,2,C
2,fashion,66,emotion,mlp,,0.22290615336330102,0.13747062348669545,0.22294178274330603,2,C
2,fashion,66,gt_emotion,ridge,6.157629327880648,0.38605367051469464,0.30347777996323444,0.4212295843821544,2,C
2,fashion,74,population,ridge,,-0.0709256148488665,-0.10320949280990688,-0.08703635912935209,2,C
2,fashion,74,identity,ridge,11.952339404138199,0.019620060287250843,0.037101123085100475,0.02561830540016567,2,C
2,fashion,74,random,ridge,0.002212743309516585,-0.0710874031623318,-0.10320949280990688,-0.08702645322098052,2,C
2,fashion,74,shuffled,ridge,0.06852634701486143,-0.07006359532239005,-0.09556806908506235,-0.08582142682677647,2,C
2,fashion,74,pca,ridge,5.279077531187288,0.12304624351789334,0.15227547672732974,0.1579351127999427,2,C
2,fashion,74,emotion,ridge,0.06775269253247675,-0.07132843698024509,-0.10436576087353468,-0.08855766882837958,2,C
2,fashion,74,population,mlp,,-0.020275678292665356,-0.034084771614767105,-0.023169693397229477,2,C
2,fashion,74,identity,mlp,,-0.03784035778562538,-0.08259775776262886,-0.04712070833745127,2,C
2,fashion,74,random,mlp,,-0.040351157049279864,-0.04313382602576722,-0.04199447960434535,2,C
2,fashion,74,shuffled,mlp,,0.08940634617668515,0.11085091653475143,0.08961129277688086,2,C
2,fashion,74,pca,mlp,,0.2233817542461462,0.26810337318813127,0.2295843944959666,2,C
2,fashion,74,emotion,mlp,,-0.12208536764272397,-0.21285386875652498,-0.13165386032591564,2,C
2,fashion,74,gt_emotion,ridge,5.40404670422319,0.6702229767250106,0.691345263900428,0.6896723352389978,2,C
2,fashion,83,population,ridge,,0.41422638514332616,0.48360854695767336,0.4904025801473388,2,C
2,fashion,83,identity,ridge,12.14839315397535,0.4542177273431034,0.5144586418255889,0.5113116780342845,2,C
2,fashion,83,random,ridge,0.0022127640880676676,0.43198948533515025,0.48360854695767336,0.4904227909761197,2,C
2,fashion,83,shuffled,ridge,0.06854942165844229,0.4319520747708495,0.48360854695767336,0.4906214628306298,2,C
2,fashion,83,pca,ridge,5.207401162461679,0.41147711290978717,0.4624951929949138,0.46061285830671145,2,C
2,fashion,83,emotion,ridge,0.06766899607868526,0.4317430029929252,0.4818661827956981,0.4911390740659177,2,C
2,fashion,83,population,mlp,,0.4143536038339859,0.3984889330447036,0.4224878510753251,2,C
2,fashion,83,identity,mlp,,0.2942844679749259,0.49329404185806547,0.4848759284859631,2,C
2,fashion,83,random,mlp,,0.42401805612118015,0.44732637558477595,0.43650898927831744,2,C
2,fashion,83,shuffled,mlp,,0.27604420225864557,0.34990772052845115,0.3402306422243205,2,C
2,fashion,83,pca,mlp,,0.3790410760955328,0.43518107245571286,0.383918179180492,2,C
2,fashion,83,emotion,mlp,,0.08116822866509686,0.017372395614989006,0.08519288543058813,2,C
2,fashion,83,gt_emotion,ridge,6.0541608473611825,0.7596076302312241,0.7074898947651095,0.7980664612488728,2,C
2,fashion,87,population,ridge,,0.17486299639591316,0.3214143598826549,0.3436562568289427,2,C
2,fashion,87,identity,ridge,12.015851537019458,0.23694467328844576,0.38206780779842,0.41605329420673026,2,C
2,fashion,87,random,ridge,0.0022127227789211223,0.17453763662422384,0.3214143598826549,0.34368023683510646,2,C
2,fashion,87,shuffled,ridge,0.06859090993868368,0.17373686170013647,0.31363702260958504,0.34247173204689646,2,C
2,fashion,87,pca,ridge,5.2682690794787845,0.2953293954788348,0.4608683760180147,0.47296177818892005,2,C
2,fashion,87,emotion,ridge,0.06790654370722148,0.17554089041576354,0.3214143598826549,0.3431500227308146,2,C
2,fashion,87,population,mlp,,0.19876838296410296,0.26633711604946825,0.285277932598631,2,C
2,fashion,87,identity,mlp,,0.1574962488500338,0.1803950934785012,0.17424777314220766,2,C
2,fashion,87,random,mlp,,0.11112914716907456,0.11093711280077027,0.11195101184829079,2,C
2,fashion,87,shuffled,mlp,,0.04490045182528214,0.04578357036222265,0.05005418174214086,2,C
2,fashion,87,pca,mlp,,0.15975147960371075,0.2237818743666331,0.22342604810142397,2,C
2,fashion,87,emotion,mlp,,0.19987907850084682,0.18719414933357484,0.20136733274184143,2,C
2,fashion,87,gt_emotion,ridge,4.654370938765854,0.6711093492171348,0.7340995100974409,0.7280133728851906,2,C
2,fashion,93,population,ridge,,0.3441624405335929,0.5430718770364577,0.5545880312803608,2,C
2,fashion,93,identity,ridge,12.04355308423818,0.40443344688404825,0.5650541829352804,0.5780062782109276,2,C
2,fashion,93,random,ridge,0.0022127592827380286,0.38143265603382154,0.5430718770364577,0.5546001477447862,2,C
2,fashion,93,shuffled,ridge,0.06861785080056809,0.3806503863956135,0.5410914891176448,0.5535214829670906,2,C
2,fashion,93,pca,ridge,5.250474114870064,0.3930083480208634,0.5204459450640206,0.5310144743729365,2,C
2,fashion,93,emotion,ridge,0.0679621817480066,0.38230402551538045,0.5460919686126472,0.5551784733985461,2,C
2,fashion,93,population,mlp,,0.3620708728588839,0.495394037891038,0.4949948319076874,2,C
2,fashion,93,identity,mlp,,0.2666065300276124,0.31438658211154213,0.29966849485056857,2,C
2,fashion,93,random,mlp,,0.15986506302173914,0.17110551618543146,0.163768840827479,2,C
2,fashion,93,shuffled,mlp,,0.20256609929279878,0.21601081224451313,0.2277685898804139,2,C
2,fashion,93,pca,mlp,,0.2221538514875552,0.24512251465106227,0.2622063282800892,2,C
2,fashion,93,emotion,mlp,,0.14910402126309327,0.14932124907848995,0.165884256249322,2,C
2,fashion,93,gt_emotion,ridge,6.108112776510817,0.8384302167233968,0.8559147917604853,0.8549628836997504,2,C
2,fashion,94,population,ridge,,0.255359862429876,0.43097616625832985,0.47235838673221553,2,C
2,fashion,94,identity,ridge,12.13402703084369,0.30391414855831783,0.4276952432792016,0.494094752037723,2,C
2,fashion,94,random,ridge,0.0022127685506761487,0.2611493203200363,0.43097616625832985,0.47234133097935926,2,C
2,fashion,94,shuffled,ridge,0.06861134177014838,0.2639882490019715,0.43910502020661785,0.47784815694195604,2,C
2,fashion,94,pca,ridge,5.262920517101772,0.27497029323840017,0.4091849613969554,0.4336338491724486,2,C
2,fashion,94,emotion,ridge,0.06793406296623922,0.26262609127332104,0.4350405932324739,0.47468144027960046,2,C
2,fashion,94,population,mlp,,0.22369736800108178,0.353262363752709,0.3660796285311451,2,C
2,fashion,94,identity,mlp,,0.20101862825578437,0.21570844362776312,0.2782100447707503,2,C
2,fashion,94,random,mlp,,0.1667573377170604,0.13936577311341972,0.1746367694774002,2,C
2,fashion,94,shuffled,mlp,,-0.09830487069645646,-0.05817517162991659,-0.11961554421542726,2,C
2,fashion,94,pca,mlp,,0.24690869308412755,0.29258977313867984,0.29506575073458213,2,C
2,fashion,94,emotion,mlp,,0.3194619731707135,0.3638886366851096,0.3426097469014548,2,C
2,fashion,94,gt_emotion,ridge,6.706477011972605,0.814740272862118,0.8469678186119842,0.8698027627327128,2,C
2,fashion,102,population,ridge,,0.17733072079609596,0.2591348023575039,0.34139775414787643,2,C
2,fashion,102,identity,ridge,12.061826269744254,0.2559290503785867,0.46700405373550163,0.4787691320109569,2,C
2,fashion,102,random,ridge,0.0022127161839123046,0.1713295038904619,0.2591348023575039,0.34137452903042775,2,C
2,fashion,102,shuffled,ridge,0.06860334757943504,0.17168506445687765,0.2621880820508078,0.3424582487845351,2,C
2,fashion,102,pca,ridge,5.251090276761429,0.2713919494008127,0.42760689640254773,0.4467605623407518,2,C
2,fashion,102,emotion,ridge,0.06792030018756838,0.1708954377286827,0.2647488972774498,0.34126073962345227,2,C
2,fashion,102,population,mlp,,0.2886101691590593,0.4151967918426673,0.43566234560584094,2,C
2,fashion,102,identity,mlp,,0.35176473993138646,0.3871755636896039,0.3914032167973419,2,C
2,fashion,102,random,mlp,,-0.1054563845829966,-0.13468903163203594,-0.1063074233613758,2,C
2,fashion,102,shuffled,mlp,,0.08409194323359957,0.1209000265655021,0.1066358908009748,2,C
2,fashion,102,pca,mlp,,0.1319703885358411,0.11809297910552913,0.1770465470818277,2,C
2,fashion,102,emotion,mlp,,-0.00963878090312257,-0.002659308119974384,-0.010374413377200385,2,C
2,fashion,102,gt_emotion,ridge,6.090905567502986,0.7024069751819761,0.7829096852156499,0.762925931518884,2,C
2,fashion,112,population,ridge,,0.21533172253066105,0.3414583979564919,0.3391058458894017,2,C
2,fashion,112,identity,ridge,12.104009059244742,0.36253691360862167,0.42653939412505304,0.424492777658351,2,C
2,fashion,112,random,ridge,0.002212784640500386,0.29355913048098947,0.3414583979564919,0.33914858111352525,2,C
2,fashion,112,shuffled,ridge,0.0686069087451912,0.29588877145271325,0.3403239846742444,0.3422058025911815,2,C
2,fashion,112,pca,ridge,5.231330060029024,0.3143125274092368,0.3794612429117825,0.3665314317714606,2,C
2,fashion,112,emotion,ridge,0.06795192037164724,0.29158005774223683,0.3432631463600674,0.33957934528429623,2,C
2,fashion,112,population,mlp,,0.15055293104591277,0.23080153869726033,0.2205783675884702,2,C
2,fashion,112,identity,mlp,,0.24159815112056535,0.2587493568326301,0.3033632375564256,2,C
2,fashion,112,random,mlp,,0.1632283986826874,0.1687181936142618,0.16619891864647132,2,C
2,fashion,112,shuffled,mlp,,-0.16110614009463162,-0.20491629016597684,-0.16207807347597059,2,C
2,fashion,112,pca,mlp,,0.30883176451138405,0.28989415785433365,0.31248511339545754,2,C
2,fashion,112,emotion,mlp,,0.10746061238494928,0.1462361849297208,0.11418119380177018,2,C
2,fashion,112,gt_emotion,ridge,5.023949959879918,0.5619767384799981,0.7256823961561446,0.7205602259520588,2,C
2,fashion,113,population,ridge,,0.24106328537648858,0.38688130614471444,0.40224366299489805,2,C
2,fashion,113,identity,ridge,12.068568431440239,0.2600825699456844,0.40489868215298075,0.4017838520932749,2,C
2,fashion,113,random,ridge,0.002212780701446952,0.23981775810394876,0.38688130614471444,0.40226221868658285,2,C
2,fashion,113,shuffled,ridge,0.06854957417342954,0.24130384724501444,0.39121335283522657,0.4035482924872595,2,C
2,fashion,113,pca,ridge,5.273930588542254,0.28269349395757887,0.35739385196725115,0.3962465376834269,2,C
2,fashion,113,emotion,ridge,0.06776994131105131,0.24313404697228697,0.39234559231115584,0.4035293630651708,2,C
2,fashion,113,population,mlp,,0.34754250530231595,0.4162703047155752,0.4708621084214728,2,C
2,fashion,113,identity,mlp,,0.20093917455859436,0.24510523263704453,0.255165924704324,2,C
2,fashion,113,random,mlp,,0.2649753428128859,0.30097878938399086,0.275807880567147,2,C
2,fashion,113,shuffled,mlp,,0.29078854272563437,0.3507973263248804,0.3593519978223898,2,C
2,fashion,113,pca,mlp,,0.09923101407799974,0.12346333067959585,0.11566941910981883,2,C
2,fashion,113,emotion,mlp,,0.1616873263120253,0.06478378914447692,0.16281269518358776,2,C
2,fashion,113,gt_emotion,ridge,6.054900278297953,0.7273769888766622,0.7679843597432076,0.7771325650575454,2,C
2,fashion,120,population,ridge,,0.2123435089077931,0.20982379718618338,0.2855883757351492,2,C
2,fashion,120,identity,ridge,12.123954840748693,0.2479367262029437,0.2093143924831336,0.2963623613254025,2,C
2,fashion,120,random,ridge,0.0022127505254965407,0.23148745583903566,0.20982379718618338,0.28559826485021345,2,C
2,fashion,120,shuffled,ridge,0.0686446777195027,0.23246292853168116,0.20798994025520434,0.2866609766930705,2,C
2,fashion,120,pca,ridge,5.252942164242506,0.2769695498203981,0.20962003530496345,0.3265465419443952,2,C
2,fashion,120,emotion,ridge,0.06796214512285481,0.23205775073793253,0.20982379718618338,0.28582895753147924,2,C
2,fashion,120,population,mlp,,0.24012165548939796,0.21991001030656795,0.275980067560428,2,C
2,fashion,120,identity,mlp,,0.006466744317451117,0.021955342701443316,0.007927954180117497,2,C
2,fashion,120,random,mlp,,0.1362010533600786,0.04885191102246901,0.15035702661804698,2,C
2,fashion,120,shuffled,mlp,,0.17090448172614914,0.15603066054413198,0.18325935772540755,2,C
2,fashion,120,pca,mlp,,0.2078646505251502,0.21471408233546074,0.22162260749162732,2,C
2,fashion,120,emotion,mlp,,-0.07341562293239558,-0.10549771400159887,-0.0763730985563165,2,C
2,fashion,120,gt_emotion,ridge,5.965439252610666,0.7805981675057647,0.8615960980065509,0.7873878115148752,2,C
2,fashion,121,population,ridge,,0.2681133168367093,0.4000681908472818,0.42838112505523895,2,C
2,fashion,121,identity,ridge,12.063508759658978,0.4336749544162437,0.39233560118147864,0.4736097118258579,2,C
2,fashion,121,random,ridge,0.002212795493656967,0.3873768097828561,0.4000681908472818,0.428362440232414,2,C
2,fashion,121,shuffled,ridge,0.06858311060831054,0.38712591997937446,0.4000681908472818,0.4283122814978622,2,C
2,fashion,121,pca,ridge,5.258516214105976,0.44430169885989435,0.4089740010141035,0.48784253391154325,2,C
2,fashion,121,emotion,ridge,0.06782104395764037,0.3879002730585833,0.3980950472773872,0.4297657713900886,2,C
2,fashion,121,population,mlp,,0.24740783124769902,0.2936250944821559,0.3456923805965891,2,C
2,fashion,121,identity,mlp,,0.1741203770267276,0.32594198646475425,0.3754476313424116,2,C
2,fashion,121,random,mlp,,-0.12049421898388994,-0.1336404807069166,-0.12402152997403476,2,C
2,fashion,121,shuffled,mlp,,0.14318356007151264,0.22029881316850455,0.14700081007612203,2,C
2,fashion,121,pca,mlp,,0.36288372925123014,0.38625618585801946,0.37291582101992526,2,C
2,fashion,121,emotion,mlp,,0.06757228287181091,0.1152955783273558,0.06905094608713554,2,C
2,fashion,121,gt_emotion,ridge,6.23106620538834,0.4872304277449718,0.4983089622654197,0.5293183438908927,2,C
2,fashion,131,population,ridge,,0.11602213080988813,0.22505304874392293,0.19354703821689298,2,C
2,fashion,131,identity,ridge,12.07889508342492,0.12527590395498286,0.22426700884435893,0.195406891282221,2,C
2,fashion,131,random,ridge,0.0022127896278051097,0.11772163169019825,0.22505304874392293,0.19358239722415627,2,C
2,fashion,131,shuffled,ridge,0.06864602638941808,0.1190688848458871,0.22574083365604145,0.19569963550416616,2,C
2,fashion,131,pca,ridge,5.252981750222461,0.1279283721319605,0.21655399232988698,0.18967243193260772,2,C
2,fashion,131,emotion,ridge,0.0677452147766013,0.11909979271815456,0.2262812360869917,0.1943689917671337,2,C
2,fashion,131,population,mlp,,0.1095160619115627,0.19336581529274846,0.15146171942054465,2,C
2,fashion,131,identity,mlp,,0.06807289545795613,0.10852263363355726,0.08167879573922658,2,C
2,fashion,131,random,mlp,,0.012500168693178836,0.016752475359458136,0.012877277545536902,2,C
2,fashion,131,shuffled,mlp,,-0.09340317153634302,-0.11422142290539639,-0.10211631511177123,2,C
2,fashion,131,pca,mlp,,0.07235851501973321,0.076196742763987,0.0786740318515368,2,C
2,fashion,131,emotion,mlp,,-0.008186920557056795,0.10842437864611175,-0.009131076132851846,2,C
2,fashion,131,gt_emotion,ridge,5.019824944774846,0.48833162977001027,0.5787218760540084,0.5714143930014496,2,C
2,fashion,138,population,ridge,,0.3402642264048358,0.4708558856036074,0.46322132638282887,2,C
2,fashion,138,identity,ridge,12.072762249233353,0.4493120247771253,0.5009939204481675,0.5106615619083694,2,C
2,fashion,138,random,ridge,0.002212740957025058,0.3876493944886012,0.4708558856036074,0.4632449861913612,2,C
2,fashion,138,shuffled,ridge,0.06862404378543079,0.3896016201870929,0.4708558856036074,0.46506998633588936,2,C
2,fashion,138,pca,ridge,5.21004185184302,0.4636222630296807,0.5109720536061636,0.506717168528635,2,C
2,fashion,138,emotion,ridge,0.06784875718166053,0.390765317630563,0.4708558856036074,0.4650326696392346,2,C
2,fashion,138,population,mlp,,0.2901194559469009,0.25281331256433287,0.3444613967719855,2,C
2,fashion,138,identity,mlp,,0.1180370985419008,0.10680675186467385,0.1772466142325788,2,C
2,fashion,138,random,mlp,,0.33346275133002296,0.3941362597408508,0.3885182948832725,2,C
2,fashion,138,shuffled,mlp,,0.3737670715570989,0.36542367249029023,0.3808485484254882,2,C
2,fashion,138,pca,mlp,,0.2543703506793934,0.2734313938346822,0.27889908048212053,2,C
2,fashion,138,emotion,mlp,,0.16039735018666887,0.20159901686563797,0.160963091096548,2,C
2,fashion,138,gt_emotion,ridge,3.43072708671178,0.49283785554227444,0.5689121136532699,0.5691584215287662,2,C
2,fashion,139,population,ridge,,0.3063928479881847,0.4526017962105372,0.48570864416490755,2,C
2,fashion,139,identity,ridge,12.116361052416936,0.37068278909873503,0.5470429073418535,0.5421961952119443,2,C
2,fashion,139,random,ridge,0.002212788004014858,0.31022190923818815,0.4526017962105372,0.48570003673584133,2,C
2,fashion,139,shuffled,ridge,0.06860244702179122,0.31097540600054663,0.45436613456068115,0.4865461444335135,2,C
2,fashion,139,pca,ridge,5.280465536620064,0.32115771319074754,0.44299595408197573,0.438455068414853,2,C
2,fashion,139,emotion,ridge,0.06778662666961549,0.31108089098311104,0.45147458004238966,0.48469229616700954,2,C
2,fashion,139,population,mlp,,0.3241597431939431,0.451180523650699,0.41491338263840527,2,C
2,fashion,139,identity,mlp,,0.4011923357084227,0.4240293168179283,0.42851562523837167,2,C
2,fashion,139,random,mlp,,-0.19461900752163522,-0.16148596843678617,-0.195372001460784,2,C
2,fashion,139,shuffled,mlp,,0.03849476205787837,0.05851722194644087,0.040861574155790406,2,C
2,fashion,139,pca,mlp,,0.13727150922496129,0.19696877303412552,0.1553369085363954,2,C
2,fashion,139,emotion,mlp,,0.3138899731966884,0.3139542075283922,0.31431478478785835,2,C
2,fashion,139,gt_emotion,ridge,5.541238586317875,0.9319125441000516,0.9463046621485326,0.9415863690408991,2,C
2,landscape,7,population,ridge,,0.10369754838680091,0.11193697981882009,0.13111286886781454,2,C
2,landscape,7,identity,ridge,12.133137879717445,0.14137669671249314,0.17536455224562206,0.1754820810532183,2,C
2,landscape,7,random,ridge,1.6518939326578752,0.1107768854202408,0.11477853506354081,0.14007461663754694,2,C
2,landscape,7,shuffled,ridge,0.5708972157015874,0.1086090918445402,0.12908779540302734,0.13898969540713255,2,C
2,landscape,7,pca,ridge,1.6570326905045791,0.16208958347290203,0.1955598913063158,0.20213362500749119,2,C
2,landscape,7,emotion,ridge,2.1495213524634424,0.18329622455596803,0.2430544575395051,0.25362018882770976,2,C
2,landscape,7,population,mlp,,0.19419099617695185,0.1396421434548472,0.21159866577878123,2,C
2,landscape,7,identity,mlp,,-0.022644540230434364,-0.0571355572420632,-0.03381192627065394,2,C
2,landscape,7,random,mlp,,-0.2083380674965996,-0.22138759879850953,-0.2118199660960414,2,C
2,landscape,7,shuffled,mlp,,-0.00389661537728492,0.03191675444516675,-0.00448767358396836,2,C
2,landscape,7,pca,mlp,,0.26033494145169794,0.2654317050916808,0.2706458656805209,2,C
2,landscape,7,emotion,mlp,,-0.002349331150763057,-0.05946969190736951,-0.0025312031494548687,2,C
2,landscape,7,gt_emotion,ridge,6.700049076009299,0.7259480940544065,0.611055736264236,0.7439532486866325,2,C
2,landscape,8,population,ridge,,0.3939979486790203,0.5092447399475697,0.5180709712301486,2,C
2,landscape,8,identity,ridge,11.942038009246176,0.43362847968603124,0.5181875262025916,0.5229072509625591,2,C
2,landscape,8,random,ridge,1.6318669205746863,0.4008272901207427,0.4950647418525903,0.5079776001107614,2,C
2,landscape,8,shuffled,ridge,0.5677548286014096,0.4064751348029797,0.5072684335928688,0.5107374093698454,2,C
2,landscape,8,pca,ridge,1.6588603525421477,0.42666315209530387,0.52001560958069,0.523359139738602,2,C
2,landscape,8,emotion,ridge,2.1009959909091434,0.44027230809089296,0.4975845324548341,0.5076166147688779,2,C
2,landscape,8,population,mlp,,0.34606656032767774,0.3665060134792929,0.3847776472360675,2,C
2,landscape,8,identity,mlp,,0.2933139759301326,0.32292845835813677,0.3103656759758162,2,C
2,landscape,8,random,mlp,,0.2290914858845452,0.2201605279136869,0.24204290916555715,2,C
2,landscape,8,shuffled,mlp,,0.2608925125138136,0.31843236140119213,0.307743766517902,2,C
2,landscape,8,pca,mlp,,0.3196169107011098,0.37129855638944276,0.33476386155365206,2,C
2,landscape,8,emotion,mlp,,0.09962526713126568,0.07238222024092265,0.10830902442063829,2,C
2,landscape,8,gt_emotion,ridge,6.68728237144404,0.8730750584317155,0.8903008535010742,0.8758062852690943,2,C
2,landscape,40,population,ridge,,0.15659667162732,0.17089143147841232,0.22794965111422055,2,C
2,landscape,40,identity,ridge,12.216297072788143,0.26919052394921983,0.40489360624905807,0.4283313487409924,2,C
2,landscape,40,random,ridge,1.6508457861787331,0.19931364058585077,0.22013389041661993,0.28151241985908054,2,C
2,landscape,40,shuffled,ridge,0.5692305121248219,0.18944759818682647,0.19596488761123437,0.2699328899280266,2,C
2,landscape,40,pca,ridge,1.6578198568758498,0.19090967592168465,0.26490433012472503,0.2998295337883248,2,C
2,landscape,40,emotion,ridge,2.0890501428980452,0.18267585872124045,0.3595704450630752,0.3764846224476555,2,C
2,landscape,40,population,mlp,,0.07629132973420624,0.05275977743379387,0.08859324656653275,2,C
2,landscape,40,identity,mlp,,0.15063425324128057,0.16300258856688316,0.19858883455462206,2,C
2,landscape,40,random,mlp,,0.09253482988204685,0.046931078212536635,0.09655774291521292,2,C
2,landscape,40,shuffled,mlp,,0.07763848459461815,0.12370911623047666,0.08276622746302156,2,C
2,landscape,40,pca,mlp,,0.09051584933700126,0.02813854796469006,0.09967381643548369,2,C
2,landscape,40,emotion,mlp,,0.2448206019689754,0.2829933966734543,0.3110434788445792,2,C
2,landscape,40,gt_emotion,ridge,5.890855538942206,0.8824445975127949,0.870014915442902,0.8867063395554184,2,C
2,landscape,41,population,ridge,,0.3241567430951769,0.5203318189569026,0.5335925522217725,2,C
2,landscape,41,identity,ridge,11.934832423404751,0.28006680935993966,0.43859817300270776,0.4784808987258335,2,C
2,landscape,41,random,ridge,1.6228135736579643,0.31604801769055063,0.5181346779366286,0.5147945788479045,2,C
2,landscape,41,shuffled,ridge,0.568671563460382,0.3207414579494754,0.5374695189150404,0.5355178672372425,2,C
2,landscape,41,pca,ridge,1.661261008860952,0.2991568552950461,0.5225777853331829,0.5183555826978711,2,C
2,landscape,41,emotion,ridge,2.148711382577439,0.26455340209567774,0.51237328592791,0.5133144417549821,2,C
2,landscape,41,population,mlp,,0.3739104417221648,0.4743871589551718,0.5036248756148771,2,C
2,landscape,41,identity,mlp,,0.2763155810705492,0.3075020921263557,0.3133377251704018,2,C
2,landscape,41,random,mlp,,-0.06535825668217232,-0.06679308701633131,-0.08284581120809854,2,C
2,landscape,41,shuffled,mlp,,0.11921832750995717,0.08505377016260902,0.16828671643086754,2,C
2,landscape,41,pca,mlp,,0.07973612896882315,0.10736695785739224,0.10865173629303228,2,C
2,landscape,41,emotion,mlp,,-0.018400947551210946,0.05912750612337516,-0.022673201764232057,2,C
2,landscape,41,gt_emotion,ridge,4.435274672356951,0.8703707845643855,0.9234561302252093,0.9147203218422644,2,C
2,landscape,45,population,ridge,,0.4233665154408281,0.5172413377279197,0.5602369420665979,2,C
2,landscape,45,identity,ridge,12.21220464065661,0.4040883588293888,0.4960948400713158,0.5195616293243768,2,C
2,landscape,45,random,ridge,1.6355784607447323,0.4176351427377007,0.5339989396444735,0.5395838114778313,2,C
2,landscape,45,shuffled,ridge,0.5682999806512075,0.43103425620943825,0.517440832988831,0.5574835900001367,2,C
2,landscape,45,pca,ridge,1.6651930173413279,0.40257496693463246,0.5062690983777951,0.5316217647188629,2,C
2,landscape,45,emotion,ridge,2.2007873758394516,0.3855338546651566,0.5359938922535872,0.5565262289562551,2,C
2,landscape,45,population,mlp,,0.4325895338938067,0.5037754076164032,0.5043612197881283,2,C
2,landscape,45,identity,mlp,,0.11065431362077913,0.1424894901059364,0.1277122364568847,2,C
2,landscape,45,random,mlp,,0.2047167524892214,0.19984437761795143,0.21675004110578575,2,C
2,landscape,45,shuffled,mlp,,0.10551685340506745,0.101692709249564,0.11116960766779985,2,C
2,landscape,45,pca,mlp,,0.019975847371081996,0.07136942959103779,0.02075173611427921,2,C
2,landscape,45,emotion,mlp,,0.13839855882555663,0.15435945813016214,0.14496460644097298,2,C
2,landscape,45,gt_emotion,ridge,6.132394465899409,0.5755282219724586,0.6269117498770956,0.6254063215563708,2,C
2,landscape,46,population,ridge,,0.1468432982950852,0.500137081870928,0.4518370816478164,2,C
2,landscape,46,identity,ridge,12.08193880823075,0.28828422675271737,0.46742211303644104,0.4191823573866217,2,C
2,landscape,46,random,ridge,1.612685913684454,0.33510408439765654,0.4831436143892505,0.4552507153865319,2,C
2,landscape,46,shuffled,ridge,0.5692833477606782,0.3253170716464305,0.49942478083876196,0.4490257765837056,2,C
2,landscape,46,pca,ridge,1.6660311675897035,0.30669864727952595,0.48782444974348504,0.4465695334678503,2,C
2,landscape,46,emotion,ridge,2.1783078097665536,0.22025531118436228,0.4548550876832245,0.39563808953721596,2,C
2,landscape,46,population,mlp,,0.16607993655489675,0.4134398705272799,0.37869735522458936,2,C
2,landscape,46,identity,mlp,,0.05535721188975035,0.11228916985647387,0.056635528782754484,2,C
2,landscape,46,random,mlp,,0.1786543855791774,0.17196982062296406,0.19254504972004335,2,C
2,landscape,46,shuffled,mlp,,-0.018134937174312277,-0.015975894578583054,-0.02179451359335552,2,C
2,landscape,46,pca,mlp,,0.05379834759944672,0.09672030443912862,0.07470847465543884,2,C
2,landscape,46,emotion,mlp,,-0.10685171060791755,-0.051590946186889225,-0.1350419997552403,2,C
2,landscape,46,gt_emotion,ridge,6.271350522142919,0.6909097781785261,0.6950879237929767,0.7312406211676035,2,C
2,landscape,52,population,ridge,,0.2962887323120029,0.509300208534364,0.5392967704996506,2,C
2,landscape,52,identity,ridge,12.215278880405116,0.4507462376284391,0.5278859489977756,0.575553271341813,2,C
2,landscape,52,random,ridge,1.6524183682775055,0.4231706374124744,0.5075689340802381,0.5369706697452815,2,C
2,landscape,52,shuffled,ridge,0.5709522910944436,0.43249581004702226,0.5086382506548452,0.5449216764614145,2,C
2,landscape,52,pca,ridge,1.6502090991992755,0.4481625060020614,0.5517673524973374,0.5773165975329191,2,C
2,landscape,52,emotion,ridge,2.1672875001307443,0.43597868659009914,0.5251362778059284,0.5683386174168613,2,C
2,landscape,52,population,mlp,,0.3552605848916559,0.5846615671257316,0.5247881033379878,2,C
2,landscape,52,identity,mlp,,0.10622689720455104,0.09165570639490654,0.1452089030016212,2,C
2,landscape,52,random,mlp,,0.0004697000408665099,0.028667868166851324,0.0004840962458075369,2,C
2,landscape,52,shuffled,mlp,,0.3708057590687855,0.2633064765378121,0.3765714021530206,2,C
2,landscape,52,pca,mlp,,0.35722439769299014,0.4151494301320406,0.390941903242273,2,C
2,landscape,52,emotion,mlp,,0.15507733882649397,0.2127430785099553,0.19787058458814463,2,C
2,landscape,52,gt_emotion,ridge,6.606447311071676,0.8168468320427971,0.8070790892214826,0.8190608408992629,2,C
2,landscape,58,population,ridge,,0.39984760522223833,0.4992463199704362,0.5590153727216614,2,C
2,landscape,58,identity,ridge,12.024602572390105,0.39582157818961433,0.4613145915119,0.5351282337624238,2,C
2,landscape,58,random,ridge,1.6218742579662355,0.40454711805014254,0.518089507199515,0.5622196418780078,2,C
2,landscape,58,shuffled,ridge,0.5699777893150383,0.4084182335899388,0.512348223590655,0.5596818275586806,2,C
2,landscape,58,pca,ridge,1.6614988621736795,0.4227853911115284,0.5057236655804321,0.566641432258164,2,C
2,landscape,58,emotion,ridge,2.15079229820405,0.4247379194187293,0.5110233119886105,0.56060107237844,2,C
2,landscape,58,population,mlp,,0.48062403576554064,0.48835260235362504,0.5236435812095876,2,C
2,landscape,58,identity,mlp,,0.11164363965377576,0.1359751870098367,0.1272746658899636,2,C
2,landscape,58,random,mlp,,0.1533270021945512,0.20153377591100666,0.16477741454826497,2,C
2,landscape,58,shuffled,mlp,,0.17561308812451182,0.14152018741839378,0.1962660881612686,2,C
2,landscape,58,pca,mlp,,0.32306886072316365,0.36008153095567735,0.35792086132772705,2,C
2,landscape,58,emotion,mlp,,0.41991663846036004,0.42367728785381814,0.4709071137689942,2,C
2,landscape,58,gt_emotion,ridge,5.9883997719674475,0.8926637401140426,0.9184041255145514,0.9193019274660652,2,C
2,landscape,65,population,ridge,,0.22757331738164974,0.3322911714296012,0.33194409263092245,2,C
2,landscape,65,identity,ridge,12.136155332559346,0.23785092096758056,0.3258619628738863,0.33690471428243,2,C
2,landscape,65,random,ridge,1.6484792390201357,0.25024124304761325,0.3653274123158899,0.3538023122874639,2,C
2,landscape,65,shuffled,ridge,0.5721708809445709,0.2263874914038892,0.33130206242102966,0.3337386486943509,2,C
2,landscape,65,pca,ridge,1.6519714780213968,0.22747168921975347,0.32635651737817206,0.33125265330447834,2,C
2,landscape,65,emotion,ridge,2.187733481513452,0.24118491656990837,0.32329027945160044,0.3227028349612905,2,C
2,landscape,65,population,mlp,,0.33602888654627117,0.46151826339946994,0.4622586544810726,2,C
2,landscape,65,identity,mlp,,0.07964378571418487,0.08531065198929336,0.11400690687435241,2,C
2,landscape,65,random,mlp,,0.22125484662446554,0.2736864626717388,0.22493043492374423,2,C
2,landscape,65,shuffled,mlp,,0.05970664147420792,0.08219495861229308,0.07938777990928565,2,C
2,landscape,65,pca,mlp,,0.23341171441939224,0.2187909126960196,0.26595924086426803,2,C
2,landscape,65,emotion,mlp,,-0.0027888148064797937,-0.002472772521428793,-0.0027952379807226636,2,C
2,landscape,65,gt_emotion,ridge,4.908954564173132,0.7030208371258556,0.7280046946331131,0.735837948133991,2,C
2,landscape,66,population,ridge,,0.43583014417692884,0.4732949601497368,0.5390145457467498,2,C
2,landscape,66,identity,ridge,12.093635240035217,0.426982513406585,0.48412363827964666,0.5172939191071431,2,C
2,landscape,66,random,ridge,1.6151404622438248,0.484006402396968,0.48892503329951226,0.5470169849256798,2,C
2,landscape,66,shuffled,ridge,0.5738384533295331,0.46941466082082556,0.47385682552440195,0.5349744106502196,2,C
2,landscape,66,pca,ridge,1.6590650326456642,0.4626699074552366,0.5026651956435959,0.5565024595441778,2,C
2,landscape,66,emotion,ridge,2.203155317451105,0.3051377212659917,0.44040029639661454,0.4926220295315109,2,C
2,landscape,66,population,mlp,,0.427870642162957,0.41286889303802315,0.5038425260182886,2,C
2,landscape,66,identity,mlp,,0.12970929207701679,0.15435974202163874,0.23700208412526125,2,C
2,landscape,66,random,mlp,,0.37874187140913074,0.3827835561582266,0.37880191108071565,2,C
2,landscape,66,shuffled,mlp,,0.1785726029034318,0.16258340795991932,0.1942809808252523,2,C
2,landscape,66,pca,mlp,,0.35284996823437703,0.24982577704428696,0.37683492060255397,2,C
2,landscape,66,emotion,mlp,,0.09659385943297029,0.050925434412830525,0.10937128823382672,2,C
2,landscape,66,gt_emotion,ridge,4.937788610978511,0.6877320341823082,0.6530441317783173,0.7253310756629239,2,C
2,landscape,74,population,ridge,,0.25536582730374474,0.344455584513432,0.34105205546297485,2,C
2,landscape,74,identity,ridge,12.235229929146863,0.25935598067606747,0.33288709543449296,0.319305052224734,2,C
2,landscape,74,random,ridge,1.64716116145206,0.27866290627622275,0.36117128679489463,0.3674788844032869,2,C
2,landscape,74,shuffled,ridge,0.5702349697382963,0.27465845975344444,0.34557675966645696,0.35869242285436553,2,C
2,landscape,74,pca,ridge,1.6564464493722704,0.2564221164117002,0.3210128313138198,0.3312084629371025,2,C
2,landscape,74,emotion,ridge,2.186414591226454,0.26976161542755306,0.34899124763248746,0.3320181082503055,2,C
2,landscape,74,population,mlp,,0.2192909420830048,0.26887818669816055,0.2604776984698491,2,C
2,landscape,74,identity,mlp,,0.19079311100186452,0.2648011861417063,0.20819972877283982,2,C
2,landscape,74,random,mlp,,0.20515112726179666,0.21669257957554564,0.20673024205116194,2,C
2,landscape,74,shuffled,mlp,,0.11952072875662702,0.16394638487641824,0.1398449413812866,2,C
2,landscape,74,pca,mlp,,0.24145835158035178,0.2830967261387949,0.25255642622001595,2,C
2,landscape,74,emotion,mlp,,0.07849790370427308,0.04387871848883931,0.07979631193925095,2,C
2,landscape,74,gt_emotion,ridge,6.291484174780261,0.7173357585544817,0.7585517687097579,0.7549981737038586,2,C
2,landscape,83,population,ridge,,0.35397241086356485,0.5308725713003103,0.5793397506375485,2,C
2,landscape,83,identity,ridge,11.912273999343572,0.5166359420937909,0.5519385293403187,0.5762955366641219,2,C
2,landscape,83,random,ridge,1.6340227612067695,0.5495572911774836,0.5483927740266539,0.58979059888679,2,C
2,landscape,83,shuffled,ridge,0.5743763744049928,0.5408116249609102,0.5345747569954602,0.5767827753121125,2,C
2,landscape,83,pca,ridge,1.659757983166782,0.523121922319355,0.5344183266139751,0.582098149512592,2,C
2,landscape,83,emotion,ridge,2.12044701784042,0.4497479543150171,0.5620543606763623,0.5782003928550676,2,C
2,landscape,83,population,mlp,,0.3312764915568631,0.4146447978567987,0.41891811131052004,2,C
2,landscape,83,identity,mlp,,0.00806446457762032,-0.011732278611390808,0.012510264095860675,2,C
2,landscape,83,random,mlp,,0.1991724231686484,0.2477335808120788,0.20003710418541115,2,C
2,landscape,83,shuffled,mlp,,0.3305862814629229,0.3416960966241954,0.3837715250918602,2,C
2,landscape,83,pca,mlp,,0.24392216036893552,0.3155200794556701,0.27796354902106396,2,C
2,landscape,83,emotion,mlp,,0.12990793624983846,0.20023088830106978,0.1356776904606822,2,C
2,landscape,83,gt_emotion,ridge,6.101069579680015,0.816910821019079,0.798916680012843,0.8418214114053104,2,C
2,landscape,87,population,ridge,,0.32329937945754,0.5009071908215613,0.46880894194894296,2,C
2,landscape,87,identity,ridge,12.125443159799323,0.3853940417703456,0.5497407585698887,0.5084129909145136,2,C
2,landscape,87,random,ridge,1.640443209014209,0.3340838081475623,0.5287047601552246,0.4850777373894668,2,C
2,landscape,87,shuffled,ridge,0.567759872307273,0.3473723558117341,0.5356666739162682,0.49648747229817586,2,C
2,landscape,87,pca,ridge,1.6549803142721138,0.35681389027557847,0.5444316732557116,0.5045116131813345,2,C
2,landscape,87,emotion,ridge,2.15366114136047,0.38550217402719433,0.536017273889846,0.5309355271816733,2,C
2,landscape,87,population,mlp,,0.27505059564243134,0.32515643263809385,0.3471559987202292,2,C
2,landscape,87,identity,mlp,,0.2938817942888539,0.28518803565023204,0.3226382248686912,2,C
2,landscape,87,random,mlp,,0.2733117707262598,0.27381857936421117,0.3128767953435869,2,C
2,landscape,87,shuffled,mlp,,0.36890981013630986,0.47300945006687584,0.40271027754633093,2,C
2,landscape,87,pca,mlp,,0.3737659642292215,0.45968665107092194,0.4041966804793514,2,C
2,landscape,87,emotion,mlp,,0.2436193252269097,0.26570469426141213,0.26739546663012026,2,C
2,landscape,87,gt_emotion,ridge,4.825198277736972,0.6250725690207563,0.7405172299066878,0.7242368578155541,2,C
2,landscape,93,population,ridge,,0.40395916020218825,0.6713156278178252,0.6848776437006662,2,C
2,landscape,93,identity,ridge,12.188645326533816,0.4938845877657212,0.684699310865216,0.6716942420103749,2,C
2,landscape,93,random,ridge,1.6443471802343144,0.4042683807783283,0.6683910452259879,0.6845875869357932,2,C
2,landscape,93,shuffled,ridge,0.5745425875137667,0.4151741743789597,0.6903501992630031,0.693011847744886,2,C
2,landscape,93,pca,ridge,1.6554624000017466,0.44874965429332053,0.6883674314041304,0.6826274356479672,2,C
2,landscape,93,emotion,ridge,2.1781427811496363,0.5765645795665648,0.7122597841035465,0.7087591319060631,2,C
2,landscape,93,population,mlp,,0.39609291202258673,0.5428322705628741,0.5389980894843402,2,C
2,landscape,93,identity,mlp,,0.30764709616376196,0.43794385082850806,0.3922425534255639,2,C
2,landscape,93,random,mlp,,0.08047188100785932,0.15178087959670536,0.08349768550290945,2,C
2,landscape,93,shuffled,mlp,,0.38955380642289955,0.4276830271588418,0.41661245303162725,2,C
2,landscape,93,pca,mlp,,0.5275028497613865,0.5983993398077816,0.565549890504781,2,C
2,landscape,93,emotion,mlp,,0.39956745440816704,0.5584961366479684,0.4814467008387776,2,C
2,landscape,93,gt_emotion,ridge,5.9230226139066176,0.8210888591582626,0.7924587444155304,0.8260533987555547,2,C
2,landscape,94,population,ridge,,0.37821478431414196,0.555863956250288,0.5876298411546773,2,C
2,landscape,94,identity,ridge,11.808639140277817,0.44527297074743094,0.5490297634097645,0.5678621383023631,2,C
2,landscape,94,random,ridge,1.6184266646064411,0.39115528497568036,0.5717290467729316,0.5950635518883611,2,C
2,landscape,94,shuffled,ridge,0.5736600041436145,0.3947616639879206,0.5886680818848004,0.5926437577015515,2,C
2,landscape,94,pca,ridge,1.6591511654423348,0.4190186172638094,0.5700204985628008,0.5859023319191241,2,C
2,landscape,94,emotion,ridge,2.160739667267963,0.5231369725362754,0.5493226573886442,0.5737108049753912,2,C
2,landscape,94,population,mlp,,0.34291149887077893,0.4598923625040804,0.45381511971022914,2,C
2,landscape,94,identity,mlp,,0.2374729027558476,0.29758028254164887,0.31064898908856586,2,C
2,landscape,94,random,mlp,,0.26720769257444654,0.2827891366082303,0.2908444186288176,2,C
2,landscape,94,shuffled,mlp,,0.17648241276732407,0.1961901501861691,0.21098110031080922,2,C
2,landscape,94,pca,mlp,,0.4873306318127163,0.5238896968892677,0.529603747474552,2,C
2,landscape,94,emotion,mlp,,0.26949030903565535,0.20727130572044636,0.2728813314006063,2,C
2,landscape,94,gt_emotion,ridge,5.992455401867709,0.851725112461315,0.8542673509712763,0.8532237362678933,2,C
2,landscape,102,population,ridge,,0.35639347219771395,0.6612398205012835,0.6392707611661637,2,C
2,landscape,102,identity,ridge,12.228537108558848,0.4037964076331347,0.6541927721832269,0.6405472380276716,2,C
2,landscape,102,random,ridge,1.6452883157794784,0.36502655740268847,0.6479834848540302,0.6503430520139682,2,C
2,landscape,102,shuffled,ridge,0.572744832794615,0.36673918410575657,0.666512786725284,0.6447456608430093,2,C
2,landscape,102,pca,ridge,1.6543861121337176,0.3990140795070493,0.6805576033032289,0.6642323553572531,2,C
2,landscape,102,emotion,ridge,2.195309255789485,0.5096321798880978,0.6701102309715646,0.6626787969858574,2,C
2,landscape,102,population,mlp,,0.2834493686931864,0.3867498965042535,0.4316727447956055,2,C
2,landscape,102,identity,mlp,,0.31763131250020266,0.4759960818469144,0.43399411297207147,2,C
2,landscape,102,random,mlp,,0.27378668517713056,0.27478560434603944,0.2995132267464763,2,C
2,landscape,102,shuffled,mlp,,0.07011904695562296,0.08219913702460434,0.08595770263602812,2,C
2,landscape,102,pca,mlp,,0.42771450723940707,0.5066482780275522,0.5327401707094087,2,C
2,landscape,102,emotion,mlp,,0.3116962781424645,0.37324716056615903,0.33812586874765793,2,C
2,landscape,102,gt_emotion,ridge,6.667705718561632,0.9150429135656261,0.8603113402277448,0.9158462623664546,2,C
2,landscape,112,population,ridge,,0.4384039088655675,0.45427348988996513,0.5292612203558764,2,C
2,landscape,112,identity,ridge,12.267895174465812,0.5588624616786225,0.5544184428563622,0.6295637272928013,2,C
2,landscape,112,random,ridge,1.650237712617977,0.49486853641788736,0.4706063575308688,0.5634107195687382,2,C
2,landscape,112,shuffled,ridge,0.5714182660354213,0.47552763409253124,0.47100593839058513,0.5466580311706175,2,C
2,landscape,112,pca,ridge,1.655230803357066,0.4818811743150325,0.48264373092982227,0.555658473609463,2,C
2,landscape,112,emotion,ridge,2.213564251020263,0.5045377876730139,0.48878728664796034,0.5601505350672652,2,C
2,landscape,112,population,mlp,,0.2639530819281217,0.27621026927889036,0.3269647962444789,2,C
2,landscape,112,identity,mlp,,0.2917142538955608,0.4382902555013133,0.4446705709219231,2,C
2,landscape,112,random,mlp,,0.4537962094586182,0.40667341997626133,0.4626689756466295,2,C
2,landscape,112,shuffled,mlp,,0.29611572970236916,0.3695124000226457,0.3318753778941704,2,C
2,landscape,112,pca,mlp,,0.39822281137972315,0.34498812475755797,0.4106278370398195,2,C
2,landscape,112,emotion,mlp,,0.2526407073363519,0.21437513123779336,0.25530932496406816,2,C
2,landscape,112,gt_emotion,ridge,6.044098110827852,0.8229840200846469,0.8752870607793731,0.887887121373764,2,C
2,landscape,113,population,ridge,,0.32448528241908525,0.4032861915835718,0.4256645166602589,2,C
2,landscape,113,identity,ridge,12.01051034038362,0.37658041197222025,0.4390802290315279,0.45709724776697236,2,C
2,landscape,113,random,ridge,1.6191134715829365,0.3681128061953209,0.4448112968251613,0.4515666977319848,2,C
2,landscape,113,shuffled,ridge,0.5699278924115376,0.3475749580920746,0.40670472324994966,0.4235672471764559,2,C
2,landscape,113,pca,ridge,1.6677567547392518,0.3672993441750337,0.4278191835422833,0.4540289091007989,2,C
2,landscape,113,emotion,ridge,2.2224652435811487,0.3649775662148425,0.44531402207021686,0.46239042173551276,2,C
2,landscape,113,population,mlp,,0.21685299465091948,0.25337352350800324,0.26919710554788934,2,C
2,landscape,113,identity,mlp,,0.09530997024276086,0.11381699548057925,0.13468953056308502,2,C
2,landscape,113,random,mlp,,0.05786099333689508,0.06002539425963411,0.05982266001457186,2,C
2,landscape,113,shuffled,mlp,,0.3058377132975058,0.27086836203593684,0.3395046960422623,2,C
2,landscape,113,pca,mlp,,0.5171363001867271,0.5208233538775623,0.5434643285993458,2,C
2,landscape,113,emotion,mlp,,0.19345992058833017,0.23386778399984745,0.20491406965815373,2,C
2,landscape,113,gt_emotion,ridge,4.708204898123229,0.6861694254547972,0.7683792705402624,0.749607013176945,2,C
2,landscape,120,population,ridge,,0.3505896172914737,0.5843347215749023,0.5647205867232105,2,C
2,landscape,120,identity,ridge,12.149493802230843,0.4941371731045677,0.6104787795728537,0.5859350407370718,2,C
2,landscape,120,random,ridge,1.6468691924109873,0.4702335442586601,0.5855367472299806,0.5791136034225257,2,C
2,landscape,120,shuffled,ridge,0.5679993399911224,0.4616037325369166,0.5861377600575197,0.5695928799083495,2,C
2,landscape,120,pca,ridge,1.6548859619128398,0.4718203792972064,0.5906453562640631,0.5742190745787292,2,C
2,landscape,120,emotion,ridge,2.130182817740826,0.5189538045107241,0.6149863757793972,0.6024828119383601,2,C
2,landscape,120,population,mlp,,0.4503457013167541,0.49808938082303966,0.5589488569966999,2,C
2,landscape,120,identity,mlp,,0.3560843237329411,0.46187835796380816,0.4308810401975118,2,C
2,landscape,120,random,mlp,,0.01573341144285933,-0.024791779135988404,0.016753705747830333,2,C
2,landscape,120,shuffled,mlp,,0.2786437818247015,0.30155818621774977,0.3338041196634738,2,C
2,landscape,120,pca,mlp,,0.5234621426480304,0.5099593841669372,0.5521764563400734,2,C
2,landscape,120,emotion,mlp,,0.17172751127837016,0.22132297374127827,0.18395747399494453,2,C
2,landscape,120,gt_emotion,ridge,5.948485884872915,0.8646046137812816,0.8915643063275001,0.8887701806718503,2,C
2,landscape,121,population,ridge,,0.4941985323783611,0.7094280925460339,0.6728639091390669,2,C
2,landscape,121,identity,ridge,11.946410559018943,0.5816099544862182,0.7595542221426947,0.7165487816315049,2,C
2,landscape,121,random,ridge,1.619245795147827,0.5145769367372749,0.7108616800788773,0.6782181409544673,2,C
2,landscape,121,shuffled,ridge,0.5656890874218116,0.5200597431312785,0.7248020829844575,0.6962412620324143,2,C
2,landscape,121,pca,ridge,1.6578339597659209,0.531423212352836,0.7241594402973208,0.6972137656782601,2,C
2,landscape,121,emotion,ridge,2.1830350412498807,0.5572787313269828,0.7486292964613712,0.70439964199907,2,C
2,landscape,121,population,mlp,,0.6376820710615835,0.7307341693272577,0.6867236098346127,2,C
2,landscape,121,identity,mlp,,0.3652687588044786,0.4828223942510706,0.4264109867595838,2,C
2,landscape,121,random,mlp,,0.25413587722714215,0.26254425472176063,0.29504886390391466,2,C
2,landscape,121,shuffled,mlp,,0.42366612248741436,0.5438240154761981,0.4801263997068838,2,C
2,landscape,121,pca,mlp,,0.5224173128540366,0.5861395647215054,0.5637585378169216,2,C
2,landscape,121,emotion,mlp,,0.17930765653537883,0.22186002922072334,0.2224655397122258,2,C
2,landscape,121,gt_emotion,ridge,6.123429215646797,0.6528976228141584,0.6889680217722839,0.7157568490275329,2,C
2,landscape,131,population,ridge,,0.24631680325726787,0.428700120381077,0.4034177789420248,2,C
2,landscape,131,identity,ridge,12.025676413371443,0.23541933067779244,0.4500888410137958,0.42432998873451927,2,C
2,landscape,131,random,ridge,1.6250047751042884,0.22436610518738193,0.3954233636791478,0.37134089059628406,2,C
2,landscape,131,shuffled,ridge,0.5684065391092884,0.2492337842351889,0.4385905766189857,0.4108614353473693,2,C
2,landscape,131,pca,ridge,1.6676059192259138,0.2279103095862188,0.4185173353873681,0.4116046826782588,2,C
2,landscape,131,emotion,ridge,2.165278244129309,0.15325309571785525,0.378614460220633,0.33365957506028665,2,C
2,landscape,131,population,mlp,,0.1786149379042904,0.2743992587778413,0.25160297177748797,2,C
2,landscape,131,identity,mlp,,0.08356955156917727,0.0971018683849854,0.10114043640811322,2,C
2,landscape,131,random,mlp,,-0.1790644908288504,-0.19342419342117012,-0.18737155743722053,2,C
2,landscape,131,shuffled,mlp,,0.08433930668744254,0.1304273465462147,0.0937057854225001,2,C
2,landscape,131,pca,mlp,,0.1741852996027024,0.27152469267913876,0.23982978252698192,2,C
2,landscape,131,emotion,mlp,,-0.15373649265490216,-0.23776072138420912,-0.20032503239081353,2,C
2,landscape,131,gt_emotion,ridge,4.94039059819766,0.6860804180311904,0.6821168077515393,0.7099712368078848,2,C
2,landscape,138,population,ridge,,0.5770136817415094,0.7273741461703817,0.7742844220133028,2,C
2,landscape,138,identity,ridge,12.094795740309582,0.6401637577659111,0.7621488069757015,0.7942432666571964,2,C
2,landscape,138,random,ridge,1.6383391809352803,0.6061882878152954,0.7266257675303819,0.7748918884276784,2,C
2,landscape,138,shuffled,ridge,0.5610076236167779,0.6119929758542615,0.7408449616903765,0.7816461616669538,2,C
2,landscape,138,pca,ridge,1.6608060083473548,0.6351899082009625,0.7454849092583746,0.7861124566800343,2,C
2,landscape,138,emotion,ridge,2.124859635981873,0.6425243225444487,0.7326127966503796,0.7761442268897238,2,C
2,landscape,138,population,mlp,,0.5257945749321056,0.6732913164530695,0.6470099611369985,2,C
2,landscape,138,identity,mlp,,0.1731129527088604,0.20705142373325225,0.23935824752080084,2,C
2,landscape,138,random,mlp,,0.3652261551921611,0.3229004372052068,0.38001413380293847,2,C
2,landscape,138,shuffled,mlp,,0.48244821036668567,0.4701314616478158,0.48268919947613065,2,C
2,landscape,138,pca,mlp,,0.6207402852142913,0.5322468887677915,0.6323149044035583,2,C
2,landscape,138,emotion,mlp,,0.3313671339522506,0.3145185964372101,0.33394462255067536,2,C
2,landscape,138,gt_emotion,ridge,4.999165137826341,0.4573288186371054,0.6794458172106453,0.4776873143412944,2,C
2,landscape,139,population,ridge,,0.2992510747645312,0.5294924884761475,0.43979856989742966,2,C
2,landscape,139,identity,ridge,12.045349439234801,0.3932455875099559,0.5425681908830223,0.5088925335090143,2,C
2,landscape,139,random,ridge,1.6030574734715002,0.3328271368970212,0.5038308103443031,0.45321521454573527,2,C
2,landscape,139,shuffled,ridge,0.5753602706323129,0.3231140547298881,0.5348794819771071,0.43896451077157617,2,C
2,landscape,139,pca,ridge,1.671165404813253,0.3394647475002257,0.5254277570163324,0.4559119646991457,2,C
2,landscape,139,emotion,ridge,2.2228630943903163,0.35722855406619203,0.4976602541522947,0.4554448897780825,2,C
2,landscape,139,population,mlp,,0.3349523723499462,0.4473653239206073,0.44452452989822044,2,C
2,landscape,139,identity,mlp,,0.4937258951846088,0.4990804615298204,0.5285390028776887,2,C
2,landscape,139,random,mlp,,0.3344019285973785,0.32659872416272906,0.3450970577932008,2,C
2,landscape,139,shuffled,mlp,,0.17224461032224492,0.14682005923524694,0.20016469540831552,2,C
2,landscape,139,pca,mlp,,0.39867239594282466,0.4430557291198396,0.424418030209424,2,C
2,landscape,139,emotion,mlp,,0.1488505629778137,0.11219638282453329,0.16300933105898102,2,C
2,landscape,139,gt_emotion,ridge,6.532441162538884,0.8937374791285979,0.9303561153656641,0.9290845749687108,2,C
3,art,0,population,ridge,,0.2903495461887182,0.281839645833983,0.4047138449229511,2,C
3,art,0,identity,ridge,25.96334127237738,0.37629073717313366,0.29883424560945804,0.40596360228587336,2,C
3,art,0,random,ridge,3.3049013465152335,0.36680478425154756,0.2947735890259374,0.4095760935175526,2,C
3,art,0,shuffled,ridge,0.5924771068836022,0.36795425790169267,0.29357043151970913,0.40739229005397315,2,C
3,art,0,pca,ridge,3.456779015559934,0.3845641934684595,0.33367568172731965,0.42466467738088515,2,C
3,art,0,emotion,ridge,5.548255222542196,0.44019601316541784,0.4576510364315957,0.48498097497432846,2,C
3,art,0,population,mlp,,0.32406136636463,0.31933805477809896,0.41905921458247203,2,C
3,art,0,identity,mlp,,0.20866755493191383,0.2428874215698413,0.26809622773333114,2,C
3,art,0,random,mlp,,-0.09248131260270673,-0.037448277381356344,-0.09428373319820336,2,C
3,art,0,shuffled,mlp,,0.10023782536793183,0.04506827492080234,0.1012249944656213,2,C
3,art,0,pca,mlp,,0.23457626286670927,0.13355048319134308,0.2396459235281853,2,C
3,art,0,emotion,mlp,,0.04156985065272074,-0.0019049993848615004,0.04514610129049993,2,C
3,art,0,gt_emotion,ridge,6.167235950460747,0.4684426687017536,0.6064004935236182,0.5597170415719173,2,C
3,art,9,population,ridge,,0.45392736721830046,0.5587232544837458,0.5290084424980344,2,C
3,art,9,identity,ridge,26.337888967671923,0.4759111922156445,0.5686660325733421,0.5252276037831699,2,C
3,art,9,random,ridge,3.2826167793775594,0.44363271811154226,0.5585203406451825,0.5059750948161603,2,C
3,art,9,shuffled,ridge,0.5856717768656645,0.454732280749662,0.5555780899860163,0.525977514161279,2,C
3,art,9,pca,ridge,3.448257497422785,0.4732838007584634,0.5906821840574482,0.537469746704701,2,C
3,art,9,emotion,ridge,5.5569724392118935,0.48993678488844006,0.5742461631338299,0.530564179838138,2,C
3,art,9,population,mlp,,0.2623522560646467,0.29950082571926956,0.27599375086873973,2,C
3,art,9,identity,mlp,,0.212502356067191,0.26272269247969127,0.24885948247763467,2,C
3,art,9,random,mlp,,0.132510416494066,0.18749238683238825,0.13349041701173017,2,C
3,art,9,shuffled,mlp,,0.2335269843948138,0.2968629458179481,0.23863369057955625,2,C
3,art,9,pca,mlp,,0.2923936764406574,0.38269549953017773,0.3531597479310771,2,C
3,art,9,emotion,mlp,,0.3178643899743467,0.3340469067346528,0.336334918313263,2,C
3,art,9,gt_emotion,ridge,6.046504825610307,0.8244127502372368,0.8452375945349712,0.8304371998625891,2,C
3,art,10,population,ridge,,0.2209931580071558,0.5971562628104327,0.5660033449403327,2,C
3,art,10,identity,ridge,26.277958040730276,0.3974970530578053,0.5062033120958017,0.47775846182666565,2,C
3,art,10,random,ridge,3.294445532487068,0.4316357821595095,0.6398637371997493,0.5851838754069266,2,C
3,art,10,shuffled,ridge,0.5813398366786691,0.34012999166549646,0.61262275470376,0.5750863211473393,2,C
3,art,10,pca,ridge,3.4712089905655836,0.3804083098514991,0.551405381951784,0.5091676345225391,2,C
3,art,10,emotion,ridge,5.673557549231493,0.5341389271875362,0.566522630479778,0.5576299870622401,2,C
3,art,10,population,mlp,,0.1871296169517135,0.5031100137171363,0.4056863924950114,2,C
3,art,10,identity,mlp,,0.28238831448529916,0.2623815511838972,0.312922990804463,2,C
3,art,10,random,mlp,,0.542665512247412,0.5783470129917734,0.5481731322953944,2,C
3,art,10,shuffled,mlp,,0.4417700721769721,0.4590055658664869,0.49545533783280954,2,C
3,art,10,pca,mlp,,0.44414349090251815,0.37887915947718487,0.4567731648215295,2,C
3,art,10,emotion,mlp,,0.043851175949710226,0.11929155521595326,0.04519651649644591,2,C
3,art,10,gt_emotion,ridge,5.220822111303794,0.941746951264524,0.8289984239712355,0.9442770141284735,2,C
3,art,11,population,ridge,,0.3822903352333576,0.5637936298159851,0.6039240106792877,2,C
3,art,11,identity,ridge,25.741252095159094,0.5004436969461354,0.5863197435444258,0.620151195941429,2,C
3,art,11,random,ridge,3.257824222017729,0.3974920339639676,0.4462339334432692,0.5399818815350909,2,C
3,art,11,shuffled,ridge,0.5897052593435337,0.3998317517305561,0.5582237154805063,0.6027383133713164,2,C
3,art,11,pca,ridge,3.451110795222318,0.4454008518845121,0.5804047902678112,0.619840599809544,2,C
3,art,11,emotion,ridge,5.497332895340959,0.4806102584560217,0.5780881002344705,0.5761886014753085,2,C
3,art,11,population,mlp,,0.46915941766700775,0.5288954054839587,0.5948140690475591,2,C
3,art,11,identity,mlp,,0.4264223598872598,0.41173003932968383,0.42851056378115476,2,C
3,art,11,random,mlp,,0.06496836747042412,0.08345013247757149,0.0678489683299889,2,C
3,art,11,shuffled,mlp,,0.1320664906460034,0.1545774456288625,0.14957230525149878,2,C
3,art,11,pca,mlp,,0.2530347567749893,0.3063452884513331,0.29858465876068685,2,C
3,art,11,emotion,mlp,,0.4055873414079073,0.42232766395028504,0.43062000785034765,2,C
3,art,11,gt_emotion,ridge,6.053273043032037,0.6987533991662824,0.7388697736121643,0.7479625798792588,2,C
3,art,24,population,ridge,,0.4506623039051444,0.6613718165812502,0.6569448426485602,2,C
3,art,24,identity,ridge,26.182839177896415,0.4682362297613747,0.6666822461455753,0.6551304424517397,2,C
3,art,24,random,ridge,3.307745109148911,0.5525537816579037,0.694574408903992,0.7044990315422281,2,C
3,art,24,shuffled,ridge,0.5848801400863545,0.4913131043090171,0.6662355744999778,0.6589106435656734,2,C
3,art,24,pca,ridge,3.451979664311571,0.5025447440330978,0.6804298067934071,0.6658269056967068,2,C
3,art,24,emotion,ridge,5.665493089797154,0.4743915852112854,0.6729852793667834,0.6566660117613979,2,C
3,art,24,population,mlp,,0.37185561080896135,0.5064263857417889,0.4840100855260848,2,C
3,art,24,identity,mlp,,0.11103970103880537,0.14293492659117524,0.14563776019388752,2,C
3,art,24,random,mlp,,0.3448477657499036,0.41649649442817455,0.357995654796187,2,C
3,art,24,shuffled,mlp,,0.4810321402442382,0.5238962101029325,0.5259277953514591,2,C
3,art,24,pca,mlp,,0.42333586125187433,0.5964059072382474,0.5364763343720617,2,C
3,art,24,emotion,mlp,,0.2056945231544556,0.266265930958908,0.2699864330889876,2,C
3,art,24,gt_emotion,ridge,4.8711218950226405,0.6936850390825572,0.7869313940375109,0.786377213266314,2,C
3,art,28,population,ridge,,0.4527267316823971,0.6014022437347304,0.6143025122751671,2,C
3,art,28,identity,ridge,26.176951783293607,0.49826618552429797,0.6051647702846223,0.6015112309338849,2,C
3,art,28,random,ridge,3.3207140869571923,0.4601295525419643,0.6399806826262893,0.6189665290231059,2,C
3,art,28,shuffled,ridge,0.585878981181294,0.43821107856936775,0.6016530788380564,0.6132647930555837,2,C
3,art,28,pca,ridge,3.4675446966189294,0.4744173263604919,0.6434923740728551,0.6321189628718582,2,C
3,art,28,emotion,ridge,5.512106564208163,0.43198524484199124,0.5348306073119753,0.5295980066579983,2,C
3,art,28,population,mlp,,0.5427537041922899,0.6404321858122763,0.6307611343094542,2,C
3,art,28,identity,mlp,,0.22385397616637498,0.2820891572005663,0.3107314504222241,2,C
3,art,28,random,mlp,,0.318444340433791,0.29157072410629403,0.3337219190462806,2,C
3,art,28,shuffled,mlp,,0.39616110351720146,0.40444652060305275,0.4698516627044922,2,C
3,art,28,pca,mlp,,0.33389510097247543,0.3166040674182418,0.38181872281751456,2,C
3,art,28,emotion,mlp,,0.28524429757388636,0.3530754914418613,0.28792834385418586,2,C
3,art,28,gt_emotion,ridge,5.709539048004006,0.7766505337662953,0.8008270136660619,0.795970343808677,2,C
3,art,31,population,ridge,,0.27831892742040437,0.5493679392404611,0.5730626459853837,2,C
3,art,31,identity,ridge,26.09021489526305,0.512058102744437,0.4794780815769301,0.5882563085223687,2,C
3,art,31,random,ridge,3.230611541059386,0.39911584467640887,0.469628165376475,0.46785882914655236,2,C
3,art,31,shuffled,ridge,0.5769026459278632,0.38853087187664553,0.5511498336284832,0.5780892891391369,2,C
3,art,31,pca,ridge,3.429709173854231,0.4782428726065648,0.5269457681911839,0.5967122231048417,2,C
3,art,31,emotion,ridge,5.617277222474137,0.6246598748135798,0.6118332369539004,0.662784184996796,2,C
3,art,31,population,mlp,,0.27474290564927356,0.5003658435698551,0.4481290788915471,2,C
3,art,31,identity,mlp,,0.3068621154736063,0.23733843307126867,0.33588408204368325,2,C
3,art,31,random,mlp,,0.27570036993027436,0.3047039403517685,0.27727287330710393,2,C
3,art,31,shuffled,mlp,,0.3686066295681651,0.4164188190674835,0.38816643133465445,2,C
3,art,31,pca,mlp,,0.49248950003007613,0.42691219713028,0.5128275888775283,2,C
3,art,31,emotion,mlp,,0.3354528142150641,0.32519572581402195,0.34581626052830133,2,C
3,art,31,gt_emotion,ridge,6.502977811131564,0.9384352273560065,0.9099192844810933,0.9390878417005887,2,C
3,art,32,population,ridge,,0.1936410908635639,0.40510256632422686,0.4005521317925858,2,C
3,art,32,identity,ridge,25.975904586540338,0.36385525409311636,0.49267765882521847,0.4615161473981422,2,C
3,art,32,random,ridge,3.2942170456945212,0.27199367244780703,0.4008642669685233,0.3923710890798188,2,C
3,art,32,shuffled,ridge,0.5810397801744724,0.26192079149611486,0.3908106266363891,0.39602855459595404,2,C
3,art,32,pca,ridge,3.441289695140157,0.3050177953267432,0.41944378856271225,0.42496374599253145,2,C
3,art,32,emotion,ridge,5.440900781620003,0.3335106759464848,0.3991393776958532,0.42359962233330983,2,C
3,art,32,population,mlp,,0.18024399833188967,0.32038586176080275,0.36860883623345964,2,C
3,art,32,identity,mlp,,0.22058175475782024,0.2299030987715959,0.2452288120761119,2,C
3,art,32,random,mlp,,0.21875192205485366,0.1928919032351611,0.21901163560167367,2,C
3,art,32,shuffled,mlp,,0.2664905956561007,0.31846384228554186,0.307878407655319,2,C
3,art,32,pca,mlp,,0.28587320436477426,0.36198033450747524,0.3604500018289602,2,C
3,art,32,emotion,mlp,,0.04910250143404283,0.02902742233150482,0.060625662870867715,2,C
3,art,32,gt_emotion,ridge,5.965964661947844,0.7455080173302989,0.7599155580721113,0.7935861089030598,2,C
3,art,36,population,ridge,,0.3211460599276437,0.43630976274191496,0.4830400579376897,2,C
3,art,36,identity,ridge,26.51312014705131,0.4367659533603905,0.5249227655574404,0.5310629385781337,2,C
3,art,36,random,ridge,3.3020650326508223,0.41745341997868407,0.471923845151518,0.5119929836899908,2,C
3,art,36,shuffled,ridge,0.5853655383560095,0.32585835002854846,0.44539954946570476,0.48404973453102224,2,C
3,art,36,pca,ridge,3.467605631313113,0.39107352747396906,0.5339132103498228,0.5350377819826496,2,C
3,art,36,emotion,ridge,5.5790533242645335,0.4712344677428874,0.5145415337253525,0.5423138490019367,2,C
3,art,36,population,mlp,,0.2755262708475102,0.34849149537764973,0.35283239381583653,2,C
3,art,36,identity,mlp,,0.31541255394459783,0.39940423522401386,0.37186783956415387,2,C
3,art,36,random,mlp,,0.3229839712375202,0.3321497476611094,0.32550563616342776,2,C
3,art,36,shuffled,mlp,,0.47255665683181103,0.5440460873533919,0.5547151002789172,2,C
3,art,36,pca,mlp,,0.3228565070955709,0.3480444566863158,0.34852271631593496,2,C
3,art,36,emotion,mlp,,0.26195590830066734,0.2294301905857132,0.30172462855531995,2,C
3,art,36,gt_emotion,ridge,6.247069526326965,0.6087814443780072,0.6496849156507027,0.6895009412323629,2,C
3,art,42,population,ridge,,0.24947486523927348,0.37356853348897906,0.4104961746756677,2,C
3,art,42,identity,ridge,26.3266794894897,0.3097562637588825,0.4409869624284042,0.45866970674334506,2,C
3,art,42,random,ridge,3.291408008451569,0.2359880316976916,0.35082739178702366,0.38788571957136453,2,C
3,art,42,shuffled,ridge,0.5819026304950355,0.22637282992048213,0.3781469491856116,0.4219266768699267,2,C
3,art,42,pca,ridge,3.471807040460393,0.23011095416855487,0.3737697825305892,0.439425671735075,2,C
3,art,42,emotion,ridge,5.586050903986335,0.33286726678333245,0.42488703909958625,0.44772754557630157,2,C
3,art,42,population,mlp,,0.29830858653385767,0.3612420296903528,0.4231459729568082,2,C
3,art,42,identity,mlp,,0.40086982088561496,0.44863442600959275,0.41313232442930586,2,C
3,art,42,random,mlp,,0.09704743881673937,0.1162213215299046,0.10785335473020495,2,C
3,art,42,shuffled,mlp,,0.23323901636058372,0.256491903532231,0.26232925541026164,2,C
3,art,42,pca,mlp,,0.2605706664486905,0.3054457329039181,0.2784642917599714,2,C
3,art,42,emotion,mlp,,-0.17123679113739043,-0.10464950163731668,-0.1979731463639245,2,C
3,art,42,gt_emotion,ridge,4.919925753978652,0.6635678369732777,0.7869099828372262,0.7972680602958748,2,C
3,art,47,population,ridge,,0.3659088430949739,0.4964061082301791,0.5202853138084869,2,C
3,art,47,identity,ridge,25.814239257107598,0.41625616310513164,0.5049988920375857,0.5209548289814595,2,C
3,art,47,random,ridge,3.2781981855347118,0.40884890910615046,0.46959069669327225,0.49697975537035244,2,C
3,art,47,shuffled,ridge,0.5918613567837929,0.4001471918710732,0.4958628862653431,0.5222708058806511,2,C
3,art,47,pca,ridge,3.456327686343718,0.4265044154859426,0.4985789960895233,0.5336937879366159,2,C
3,art,47,emotion,ridge,5.514111109395948,0.3919288748723868,0.46065222618096996,0.47186826616109845,2,C
3,art,47,population,mlp,,0.32931418453853023,0.35704498234223986,0.38400255643806075,2,C
3,art,47,identity,mlp,,0.17090171567416518,0.19333763566664855,0.24590897695242986,2,C
3,art,47,random,mlp,,0.06218784430319336,0.0775325895265998,0.06267517496438864,2,C
3,art,47,shuffled,mlp,,0.40646098098975686,0.40440406091294634,0.447542964878169,2,C
3,art,47,pca,mlp,,0.3124379383492436,0.3490941881296395,0.39460200792502476,2,C
3,art,47,emotion,mlp,,0.17631921726439717,0.24069671423735503,0.22865916182477458,2,C
3,art,47,gt_emotion,ridge,4.56975034348657,0.7938500634915515,0.8482657899989839,0.8535176751893346,2,C
3,art,54,population,ridge,,0.13284967546084414,0.19169743295419994,0.23415793914263902,2,C
3,art,54,identity,ridge,26.203327153683063,0.13171348915912884,0.20718813460706453,0.15574701324990686,2,C
3,art,54,random,ridge,3.2768003515154946,0.17554871369163558,0.19834378129850333,0.21044001327943754,2,C
3,art,54,shuffled,ridge,0.5828482960917861,0.18551041597379192,0.18588841983437565,0.23024747413863608,2,C
3,art,54,pca,ridge,3.44761910830129,0.20516090537062406,0.21116547692334062,0.26496777717270537,2,C
3,art,54,emotion,ridge,5.5021801009305165,0.18763898961387934,0.19086009772972073,0.27265393359759993,2,C
3,art,54,population,mlp,,0.21541381519805453,0.23157552302002035,0.2803072102824714,2,C
3,art,54,identity,mlp,,0.09100328802966766,0.19860544855615306,0.12526456954563975,2,C
3,art,54,random,mlp,,0.14679468605645168,0.1392593145211919,0.1469433369390625,2,C
3,art,54,shuffled,mlp,,0.0527030721339433,0.10801624395781288,0.06366970204397118,2,C
3,art,54,pca,mlp,,0.2823200211019693,0.2919683260855805,0.3433910375087965,2,C
3,art,54,emotion,mlp,,0.12934716087532475,0.15815169052350317,0.15361816964268324,2,C
3,art,54,gt_emotion,ridge,4.68207014709531,0.6808124326888249,0.7115256070011744,0.7127984626529856,2,C
3,art,55,population,ridge,,0.1725499670325127,0.2756728358932233,0.26718954275509343,2,C
3,art,55,identity,ridge,26.178739434688822,0.22910411374193318,0.3335367402334794,0.3117822230486604,2,C
3,art,55,random,ridge,3.310949664258686,0.19846593891107045,0.29034669160081145,0.2793167955811721,2,C
3,art,55,shuffled,ridge,0.5879914048298052,0.18632189055551004,0.2811021625050309,0.27933956100932694,2,C
3,art,55,pca,ridge,3.4564907052163587,0.20266226590434033,0.28843909035882503,0.2781072501185319,2,C
3,art,55,emotion,ridge,5.473505579478693,0.24667607886273651,0.29763470660224695,0.31504266360340005,2,C
3,art,55,population,mlp,,0.16342534566628614,0.24637403733040553,0.2231315649894323,2,C
3,art,55,identity,mlp,,0.13830642890620395,0.11024956921634586,0.15864328517432633,2,C
3,art,55,random,mlp,,-0.06869356072420407,-0.05869542283035272,-0.07255830139925452,2,C
3,art,55,shuffled,mlp,,0.09210191762020073,0.11357564317673252,0.09998267096054503,2,C
3,art,55,pca,mlp,,0.1593685708287704,0.06109215259592546,0.1703003334993211,2,C
3,art,55,emotion,mlp,,-0.005333442017810273,0.012521690203808581,-0.0064914415113204995,2,C
3,art,55,gt_emotion,ridge,6.19895806813793,0.5954038303703422,0.6780704988536922,0.6702628717190414,2,C
3,art,59,population,ridge,,0.3243516709601912,0.5366573168876587,0.5887167499258993,2,C
3,art,59,identity,ridge,26.31985007393282,0.5702484417830445,0.6132384927333182,0.6733214856045601,2,C
3,art,59,random,ridge,3.311875153550071,0.4378481788007653,0.5933077508145119,0.6204992058254383,2,C
3,art,59,shuffled,ridge,0.5791769394382631,0.33594059711711405,0.5407318281666266,0.580651198866978,2,C
3,art,59,pca,ridge,3.4504555295700436,0.44276864007796113,0.5581098642239108,0.618871407892614,2,C
3,art,59,emotion,ridge,5.579691898792495,0.43641447178135795,0.5365591358929849,0.5739473516913972,2,C
3,art,59,population,mlp,,0.2581652468028262,0.3595388024959031,0.3497509811759461,2,C
3,art,59,identity,mlp,,0.43195100969769773,0.4611070414860756,0.49129724253741835,2,C
3,art,59,random,mlp,,0.2103311018201354,0.252472427803991,0.2173011180874552,2,C
3,art,59,shuffled,mlp,,0.39203529227565714,0.4357763448602037,0.4470586309186076,2,C
3,art,59,pca,mlp,,0.4626912146768952,0.5037175931745579,0.5079980023885611,2,C
3,art,59,emotion,mlp,,0.25594586513083084,0.3064719748746482,0.3137378330961457,2,C
3,art,59,gt_emotion,ridge,5.74461555883192,0.8207482375806886,0.8470972094627769,0.8686485807435426,2,C
3,art,60,population,ridge,,0.4276735409711181,0.6500762123245746,0.6461800045438664,2,C
3,art,60,identity,ridge,25.957748580943086,0.6282810305709847,0.6816871018820972,0.6951381415735344,2,C
3,art,60,random,ridge,3.284287513817449,0.5203563547305142,0.6512634757821341,0.647424095102875,2,C
3,art,60,shuffled,ridge,0.5812265918458758,0.4645516958761708,0.6518571075109139,0.6483808894617806,2,C
3,art,60,pca,ridge,3.432228554501589,0.5621436592262294,0.6605142368889523,0.6691338442745824,2,C
3,art,60,emotion,ridge,5.418431700356605,0.641514079069143,0.6995455230562218,0.6983719232663809,2,C
3,art,60,population,mlp,,0.4650210023642997,0.6311294663143537,0.5632661420639292,2,C
3,art,60,identity,mlp,,0.24657008941376057,0.23245629112800975,0.31684189295397025,2,C
3,art,60,random,mlp,,0.032703167917360144,-0.004353299344384946,0.03292323374550643,2,C
3,art,60,shuffled,mlp,,0.5616907792173169,0.5842820290514841,0.5975510092049969,2,C
3,art,60,pca,mlp,,0.4567983913029218,0.4505664821438418,0.46473796843205156,2,C
3,art,60,emotion,mlp,,0.3589445166839916,0.41836196085753957,0.3664433450640426,2,C
3,art,60,gt_emotion,ridge,5.809575974113641,0.8493704646273628,0.7913928342571738,0.88083426581423,2,C
3,art,67,population,ridge,,0.3419595491732016,0.40716559563005117,0.38199407968001087,2,C
3,art,67,identity,ridge,26.685974572917615,0.41627699584757794,0.519272275188171,0.45925417835542653,2,C
3,art,67,random,ridge,3.2689023739376126,0.36927544501524606,0.4624073270330481,0.41957334161120596,2,C
3,art,67,shuffled,ridge,0.5830020186803683,0.3226259964331595,0.41282067334713524,0.38450007408180126,2,C
3,art,67,pca,ridge,3.465853819652282,0.39049334347153,0.5012074435919303,0.4441361750918071,2,C
3,art,67,emotion,ridge,5.741598717375956,0.36893504519972903,0.46413526744660155,0.4667401408824988,2,C
3,art,67,population,mlp,,0.32455443301517356,0.36747532794903537,0.3309146162955048,2,C
3,art,67,identity,mlp,,0.18314176653301287,0.1960950560229606,0.21636397610645647,2,C
3,art,67,random,mlp,,0.23562216329547994,0.2829633331770572,0.23771371822944587,2,C
3,art,67,shuffled,mlp,,0.3329932787365264,0.3657473875354819,0.35457723735976543,2,C
3,art,67,pca,mlp,,0.35634059442825533,0.38098468027318066,0.3660810222232037,2,C
3,art,67,emotion,mlp,,0.1946004625628293,0.1721656993867809,0.23590408069187538,2,C
3,art,67,gt_emotion,ridge,4.390247111218456,0.7786318457133987,0.7481653314707232,0.7789340219966383,2,C
3,art,68,population,ridge,,0.41223601468781235,0.6346324972941674,0.647470666349739,2,C
3,art,68,identity,ridge,25.957283480771387,0.6143308936784989,0.6933458470006411,0.6855333261419664,2,C
3,art,68,random,ridge,3.315812602699527,0.5463977123241002,0.627305788969166,0.6296417054105526,2,C
3,art,68,shuffled,ridge,0.5844425564571732,0.5512328264305363,0.6400153850431479,0.6544501303267274,2,C
3,art,68,pca,ridge,3.4251341781264286,0.5735201837844378,0.6774463915198556,0.6697565244105288,2,C
3,art,68,emotion,ridge,5.4429820860024964,0.5683549232100422,0.6957880831089748,0.7040315598733986,2,C
3,art,68,population,mlp,,0.41692329396116107,0.5932141665589554,0.6150520510394683,2,C
3,art,68,identity,mlp,,0.5054972672206153,0.5967030752851467,0.5619076826701311,2,C
3,art,68,random,mlp,,0.2997877403110201,0.3610522116075511,0.31835626009337736,2,C
3,art,68,shuffled,mlp,,0.2970635049952855,0.3784967552385068,0.32934706533956565,2,C
3,art,68,pca,mlp,,0.4280115768092327,0.5047952511266259,0.4695733702036542,2,C
3,art,68,emotion,mlp,,0.20542988377577137,0.22902193709783233,0.22841083546925836,2,C
3,art,68,gt_emotion,ridge,5.1548696482126095,0.5302422876337264,0.6404316208424433,0.6319679974485072,2,C
3,art,75,population,ridge,,0.34106360297891786,0.46653105748894,0.47999640663514853,2,C
3,art,75,identity,ridge,26.033701843675985,0.4745134864387183,0.450879154419528,0.5169354835523926,2,C
3,art,75,random,ridge,3.3009958102454364,0.4488217276256308,0.4605833343225635,0.4791205128374996,2,C
3,art,75,shuffled,ridge,0.5758483129968853,0.4375781493640633,0.4646528291206106,0.4796446418434872,2,C
3,art,75,pca,ridge,3.4592125407815253,0.4810304994260494,0.479104752954701,0.5232447281395167,2,C
3,art,75,emotion,ridge,5.768269729940848,0.38076265127690634,0.3738717913180211,0.4162098827163601,2,C
3,art,75,population,mlp,,0.33652722878408764,0.36114157682156595,0.38609195422134507,2,C
3,art,75,identity,mlp,,0.08717331820513986,0.11551104465226048,0.14722938833389726,2,C
3,art,75,random,mlp,,0.21497244743421154,0.199300899083846,0.22510010184537774,2,C
3,art,75,shuffled,mlp,,0.20625807933114904,0.17655346662296725,0.2169547984500532,2,C
3,art,75,pca,mlp,,0.2567984662884121,0.2778212794820628,0.27595745126141674,2,C
3,art,75,emotion,mlp,,0.12598907967548728,0.14530183349437462,0.14326775525138313,2,C
3,art,75,gt_emotion,ridge,5.08901756136197,0.6176455635589029,0.5916181727315698,0.6822197270814804,2,C
3,art,76,population,ridge,,0.3180933610160125,0.5378162816000815,0.5146513982271019,2,C
3,art,76,identity,ridge,26.38046803918206,0.43956925053143836,0.4761268833927523,0.5552975037636545,2,C
3,art,76,random,ridge,3.2722692254133925,0.3390561358871845,0.44555082379038635,0.46647201185115056,2,C
3,art,76,shuffled,ridge,0.5961153823404054,0.34538182280472035,0.5404049895216876,0.5225619658682349,2,C
3,art,76,pca,ridge,3.4107911388530257,0.4713032040439142,0.5891020045752959,0.6309393669959421,2,C
3,art,76,emotion,ridge,5.537157574705488,0.49855760076079264,0.5153482505823685,0.5643800599624351,2,C
3,art,76,population,mlp,,0.32800572881860174,0.45644293447940804,0.4136689203112665,2,C
3,art,76,identity,mlp,,0.28361081407420846,0.3327222332449147,0.3389761254771814,2,C
3,art,76,random,mlp,,-0.06553069016026793,-0.0985174316581023,-0.07535836336940063,2,C
3,art,76,shuffled,mlp,,0.5351057036763979,0.5766957439698631,0.5700491500443141,2,C
3,art,76,pca,mlp,,0.36784973863206527,0.42044524130537664,0.41661154253514393,2,C
3,art,76,emotion,mlp,,0.32722667591576754,0.31279406660311704,0.35502182915043645,2,C
3,art,76,gt_emotion,ridge,6.094049116181985,0.7588140162426258,0.7552858813474905,0.7828994857261509,2,C
3,art,82,population,ridge,,0.3804994694577968,0.6740173090642664,0.6907041402443012,2,C
3,art,82,identity,ridge,26.44080917053448,0.6869319960836104,0.7376351688042692,0.7525813652259282,2,C
3,art,82,random,ridge,3.2899620310376365,0.49675875909437095,0.5634306227165254,0.6196569377437035,2,C
3,art,82,shuffled,ridge,0.5910013776021086,0.47729084008641026,0.7148342935175607,0.7190701215257658,2,C
3,art,82,pca,ridge,3.4670184508909974,0.6163005918186711,0.7251850120631328,0.7445028947119766,2,C
3,art,82,emotion,ridge,5.520769310947381,0.6396853490511835,0.6616648006112957,0.6779091609236187,2,C
3,art,82,population,mlp,,0.3965406340020764,0.5105052505306751,0.5114781739876935,2,C
3,art,82,identity,mlp,,0.6017011920195015,0.6251443408372956,0.6411024321514925,2,C
3,art,82,random,mlp,,0.14670646433883514,0.2068678984791957,0.14927279226235293,2,C
3,art,82,shuffled,mlp,,0.5297968597891868,0.5049881222493088,0.5627943190482092,2,C
3,art,82,pca,mlp,,0.6689019311626736,0.6765073404124936,0.6853322236566531,2,C
3,art,82,emotion,mlp,,0.25115432051197784,0.25315318706977336,0.25687258963293363,2,C
3,art,82,gt_emotion,ridge,6.517948177046582,0.9175451373799954,0.9336725768888219,0.9311065129822912,2,C
3,art,84,population,ridge,,0.20115249524818998,0.26442395314190814,0.2915650782623529,2,C
3,art,84,identity,ridge,26.20037569841944,0.33826756166130334,0.41442149785261245,0.3820864792166019,2,C
3,art,84,random,ridge,3.221961860743102,0.2540006074159736,0.29218060299196064,0.30912791339771933,2,C
3,art,84,shuffled,ridge,0.5819087990376081,0.20751316197732192,0.24651152645622523,0.26995844695024374,2,C
3,art,84,pca,ridge,3.4424619179755807,0.2528127051915747,0.3070484245752612,0.3086323791467478,2,C
3,art,84,emotion,ridge,5.465954428229692,0.3149553670610882,0.3636273360612001,0.3339497026030416,2,C
3,art,84,population,mlp,,0.2682311040981392,0.2941595963085092,0.33900469888604634,2,C
3,art,84,identity,mlp,,0.24549643434427085,0.26061819676393017,0.2761749036163586,2,C
3,art,84,random,mlp,,0.26894074886819447,0.2675193016626635,0.2750067039231213,2,C
3,art,84,shuffled,mlp,,0.17562272188980482,0.1558837812419769,0.18397630616193447,2,C
3,art,84,pca,mlp,,0.05871319388694975,0.09022179786726399,0.06085018259853492,2,C
3,art,84,emotion,mlp,,0.20437865557412876,0.14776483430229062,0.2130361031391652,2,C
3,art,84,gt_emotion,ridge,6.096604535884708,0.5577392328125617,0.5683262857780409,0.5681850119970568,2,C
3,art,88,population,ridge,,0.33908465972301094,0.5507847286927745,0.5702321733761025,2,C
3,art,88,identity,ridge,26.24598983457401,0.4872450396300154,0.5745767256125487,0.5962517494930895,2,C
3,art,88,random,ridge,3.264400257012057,0.42164910081179924,0.5402765967198742,0.5895596407134811,2,C
3,art,88,shuffled,ridge,0.5783785523960369,0.38392005549497876,0.5523708618207593,0.5734294695305255,2,C
3,art,88,pca,ridge,3.4478810529633694,0.419324848738402,0.5155923999156083,0.5392003380953687,2,C
3,art,88,emotion,ridge,5.497800969468614,0.5404402517371266,0.606695921454244,0.5871022048988841,2,C
3,art,88,population,mlp,,0.3695211108491339,0.36208445312281473,0.48688761982971585,2,C
3,art,88,identity,mlp,,0.32038525617747915,0.3787388509666567,0.3755914961507178,2,C
3,art,88,random,mlp,,0.13658138838596598,0.1943508748384061,0.13980780398265671,2,C
3,art,88,shuffled,mlp,,0.3228089204731145,0.3553929539891282,0.39924102524886984,2,C
3,art,88,pca,mlp,,0.3943565946123534,0.41958177901226923,0.4329192786551659,2,C
3,art,88,emotion,mlp,,0.3893696777051286,0.34780925497095017,0.42941764448407116,2,C
3,art,88,gt_emotion,ridge,5.956442174358977,0.7075861722882301,0.744986903550432,0.7677014040572958,2,C
3,art,95,population,ridge,,0.2952723073056624,0.45041777771373426,0.526396013791122,2,C
3,art,95,identity,ridge,26.129058036939604,0.48146103220973535,0.5469287440441533,0.6023758268678279,2,C
3,art,95,random,ridge,3.3155415988832506,0.3772723339748289,0.48385229035146987,0.5307379565627148,2,C
3,art,95,shuffled,ridge,0.5786814650447055,0.301098399260701,0.4592005750633484,0.534641557774248,2,C
3,art,95,pca,ridge,3.4546136123986306,0.39329696642145484,0.47831313975029277,0.5777865245739603,2,C
3,art,95,emotion,ridge,5.756935455068625,0.41050153775447756,0.43629543879361604,0.5266939880876822,2,C
3,art,95,population,mlp,,0.31229197274601844,0.4478727625726529,0.4869900415798195,2,C
3,art,95,identity,mlp,,0.3845530281208724,0.4549588831615461,0.4868723640066734,2,C
3,art,95,random,mlp,,0.45809027344119024,0.4150869792846047,0.4955820233656144,2,C
3,art,95,shuffled,mlp,,0.39521714173807315,0.42182378406982,0.46288232792722234,2,C
3,art,95,pca,mlp,,0.5279463803254678,0.516039246547499,0.6274582059032164,2,C
3,art,95,emotion,mlp,,-0.054203270322173654,-0.05773691212217932,-0.06217469829916882,2,C
3,art,95,gt_emotion,ridge,5.531404324829648,0.5539577223837686,0.525037165787273,0.648608625100374,2,C
3,art,96,population,ridge,,0.4266062763121918,0.6240917164695409,0.6732880769762307,2,C
3,art,96,identity,ridge,25.97589103868836,0.5851795121467497,0.6407996836821114,0.7115458189961498,2,C
3,art,96,random,ridge,3.3154208174609554,0.5268154633089163,0.5917568858052135,0.6671630777984033,2,C
3,art,96,shuffled,ridge,0.5858640239999059,0.4689550337055299,0.6125435626608526,0.6675074024722405,2,C
3,art,96,pca,ridge,3.4594644931396625,0.5188073698816917,0.6309223265946801,0.678308934620389,2,C
3,art,96,emotion,ridge,5.493790019701956,0.5979358008569103,0.5923465787656572,0.6427677031928044,2,C
3,art,96,population,mlp,,0.4815087313370732,0.5097404232235078,0.6042946067854645,2,C
3,art,96,identity,mlp,,0.40582816531861676,0.45966566266583353,0.49166965363326737,2,C
3,art,96,random,mlp,,0.4427336431454533,0.4190751305552949,0.4433454565236594,2,C
3,art,96,shuffled,mlp,,0.48728039231159004,0.5147036723072419,0.5706601150867845,2,C
3,art,96,pca,mlp,,0.4600038525353378,0.42875592332257834,0.5576896197747783,2,C
3,art,96,emotion,mlp,,0.4105504102686268,0.379025150325163,0.44025306109677165,2,C
3,art,96,gt_emotion,ridge,6.214171801383076,0.8185460881616744,0.84419216823772,0.826230478136559,2,C
3,art,107,population,ridge,,0.3628439764811785,0.4928234522602913,0.5083025956266142,2,C
3,art,107,identity,ridge,26.147295372453776,0.5137904681731905,0.5599615765790328,0.59266544795966,2,C
3,art,107,random,ridge,3.234166861899116,0.4168342168379839,0.5028941709081025,0.5254138119351234,2,C
3,art,107,shuffled,ridge,0.590906817938001,0.39282670992411023,0.5093611520005695,0.5240193612402365,2,C
3,art,107,pca,ridge,3.467781846207444,0.5102263551384759,0.5824725947329638,0.6109778934281812,2,C
3,art,107,emotion,ridge,5.63391157780331,0.4884502021292436,0.5034371998547982,0.5521685811119961,2,C
3,art,107,population,mlp,,0.4497776251641277,0.5172597548615979,0.5051684432680735,2,C
3,art,107,identity,mlp,,0.35196398796126854,0.45535445493828774,0.4612567941640871,2,C
3,art,107,random,mlp,,0.3952110883006713,0.40850586671881306,0.3963849633022936,2,C
3,art,107,shuffled,mlp,,0.5760587442360108,0.5919015518983164,0.5963426522385733,2,C
3,art,107,pca,mlp,,0.5505432563672092,0.5143965113244752,0.5773283370381821,2,C
3,art,107,emotion,mlp,,0.28128746421302264,0.34773599095677576,0.3155303566838739,2,C
3,art,107,gt_emotion,ridge,6.01105560367324,0.7744749751360775,0.7923172805906026,0.7900742720253452,2,C
3,art,122,population,ridge,,0.28573541228901755,0.5248936326490204,0.587222693111067,2,C
3,art,122,identity,ridge,26.631049361105767,0.5223486055990935,0.6050495612055099,0.6703314069148906,2,C
3,art,122,random,ridge,3.3030686158240106,0.47804979197381253,0.6344695374342703,0.6815333251786098,2,C
3,art,122,shuffled,ridge,0.5843291483988023,0.39862545483106454,0.5132533415535009,0.5849488548650195,2,C
3,art,122,pca,ridge,3.457422820830549,0.4735348805891632,0.567574699999259,0.6280445469602998,2,C
3,art,122,emotion,ridge,5.547972343461035,0.564743109613627,0.6504319619323456,0.6762582095164044,2,C
3,art,122,population,mlp,,0.37950886375553744,0.5921322761501442,0.5959540780130967,2,C
3,art,122,identity,mlp,,0.46473135831772644,0.47646609247947486,0.5083185896271818,2,C
3,art,122,random,mlp,,0.3506825062167761,0.28516257426407904,0.3647767605788789,2,C
3,art,122,shuffled,mlp,,0.3247644380762363,0.34469013885382477,0.40629159500137924,2,C
3,art,122,pca,mlp,,0.4683487717126079,0.3501419207593213,0.5043100929499528,2,C
3,art,122,emotion,mlp,,0.35444763696065035,0.30534890186010666,0.3613124312557945,2,C
3,art,122,gt_emotion,ridge,5.727733883848763,0.9058504196411252,0.912284792053807,0.9130178205500888,2,C
3,art,123,population,ridge,,0.348430088230466,0.4745778560746298,0.516967426502852,2,C
3,art,123,identity,ridge,25.73457838215416,0.48547621606137636,0.514278451806261,0.5524747699520423,2,C
3,art,123,random,ridge,3.3054349825272635,0.4005804617364055,0.4880750698165168,0.5320601818164723,2,C
3,art,123,shuffled,ridge,0.5955972727711033,0.3549581076018491,0.4909426097323757,0.5204333452562224,2,C
3,art,123,pca,ridge,3.4141705513724903,0.46548195719426627,0.5401851917357439,0.5702351080986608,2,C
3,art,123,emotion,ridge,5.507366838786321,0.49886367221641637,0.4889649959973006,0.5569632386668582,2,C
3,art,123,population,mlp,,0.42468799879833535,0.4376953599154806,0.5205865071808081,2,C
3,art,123,identity,mlp,,0.22860476108083722,0.2901159349355066,0.2805733455236877,2,C
3,art,123,random,mlp,,0.1805903409320471,0.10852155371224216,0.18800725664321485,2,C
3,art,123,shuffled,mlp,,0.2682131769619736,0.29688926197813853,0.2930223525628921,2,C
3,art,123,pca,mlp,,0.3772914612458215,0.44891831786203135,0.40675477952621225,2,C
3,art,123,emotion,mlp,,0.1868887807711651,0.15726973228184157,0.19854044568480805,2,C
3,art,123,gt_emotion,ridge,5.454962106140139,0.9405381740338674,0.9260224017571284,0.9428159373175508,2,C
3,art,132,population,ridge,,0.32073799794231894,0.539735362426344,0.6136816850564258,2,C
3,art,132,identity,ridge,26.17582697191225,0.5233041070413789,0.5964167336065846,0.6322486545109541,2,C
3,art,132,random,ridge,3.2801006126686794,0.467560585418997,0.5533982955667339,0.628927286664514,2,C
3,art,132,shuffled,ridge,0.5833985019366652,0.46585843475518074,0.535478071665208,0.6104102780500981,2,C
3,art,132,pca,ridge,3.4811721194395107,0.4698958894901326,0.5365671460459638,0.6137115990396642,2,C
3,art,132,emotion,ridge,5.64664308396238,0.5510234252329961,0.6184457381264162,0.6666486115663792,2,C
3,art,132,population,mlp,,0.28939473600788623,0.4338476305883224,0.46479371810180076,2,C
3,art,132,identity,mlp,,0.25185419188181146,0.29489164028008175,0.25670845927517566,2,C
3,art,132,random,mlp,,0.26238907825518004,0.229794694339456,0.26314837263581753,2,C
3,art,132,shuffled,mlp,,0.3116122930567001,0.3654339581244861,0.3600631202478966,2,C
3,art,132,pca,mlp,,0.33605434515479804,0.3068219550874512,0.357707793009457,2,C
3,art,132,emotion,mlp,,0.28974905092584474,0.32667281084577127,0.2965576645579398,2,C
3,art,132,gt_emotion,ridge,6.033328578408727,0.6497904753885662,0.6850335535274265,0.7005822082042079,2,C
3,art,140,population,ridge,,0.35592275202690193,0.4884747663377963,0.5150216573029107,2,C
3,art,140,identity,ridge,26.31678508889506,0.5326792371503901,0.560277512002974,0.6028188245689083,2,C
3,art,140,random,ridge,3.228677988158352,0.3913771605852634,0.47776820097869316,0.507048784619337,2,C
3,art,140,shuffled,ridge,0.5849351771171319,0.3734897645372108,0.463623747660245,0.5067266277275925,2,C
3,art,140,pca,ridge,3.460664495839572,0.44463767893129513,0.5108701507586726,0.5436605698994843,2,C
3,art,140,emotion,ridge,5.63608244228617,0.5507556527326231,0.5927901095613514,0.5972237985080915,2,C
3,art,140,population,mlp,,0.28265969799740637,0.3353414140915416,0.362362120562032,2,C
3,art,140,identity,mlp,,0.5365692248580199,0.5428916214657149,0.5649208351940289,2,C
3,art,140,random,mlp,,0.18894758955739077,0.09630997554679453,0.19083791873261766,2,C
3,art,140,shuffled,mlp,,0.48325720008285034,0.4367099962070867,0.5337302373600622,2,C
3,art,140,pca,mlp,,0.46181287264394927,0.46106988803330295,0.48593824609413416,2,C
3,art,140,emotion,mlp,,0.18411202884996422,0.20715730589310524,0.19506275883613763,2,C
3,art,140,gt_emotion,ridge,6.003504492497974,0.8365762828891063,0.8781679547382402,0.8573321118511533,2,C
3,art,141,population,ridge,,0.3528154813499034,0.5153465049484464,0.4987536073542319,2,C
3,art,141,identity,ridge,26.320178659233882,0.40387066641000846,0.5444981279038593,0.49247303892888317,2,C
3,art,141,random,ridge,3.3153977912940835,0.382143435139383,0.5398318612345764,0.5004643008373391,2,C
3,art,141,shuffled,ridge,0.5902984740520979,0.3896478258172947,0.5212671443782892,0.5085866475669046,2,C
3,art,141,pca,ridge,3.45276565986946,0.3937503450234255,0.5270372590768649,0.5032684355604353,2,C
3,art,141,emotion,ridge,5.5845736597403475,0.41266614840498006,0.5335599974317767,0.4788214715480618,2,C
3,art,141,population,mlp,,0.3867812184989065,0.4908611486623163,0.4675394665868314,2,C
3,art,141,identity,mlp,,0.30324554898666317,0.39427444609920076,0.38762058786106096,2,C
3,art,141,random,mlp,,0.18399516944558372,0.2071722051340799,0.18643362238334243,2,C
3,art,141,shuffled,mlp,,0.3344511072956497,0.36793261812744205,0.3667798285390806,2,C
3,art,141,pca,mlp,,0.3217006747815229,0.38689873426710825,0.3476177434065518,2,C
3,art,141,emotion,mlp,,0.422575728327252,0.45583906118748274,0.4277030610230985,2,C
3,art,141,gt_emotion,ridge,4.547839808767597,0.6204762992718698,0.6608234841074366,0.6926226545241126,2,C
3,fashion,0,population,ridge,,0.20120777000608175,0.2438304121821438,0.3020928365101391,2,C
3,fashion,0,identity,ridge,12.048465651079015,0.31596945515908187,0.3396245193167437,0.44149584194139097,2,C
3,fashion,0,random,ridge,0.21265483434414023,0.23329928935584351,0.25272163240386597,0.30869827187332055,2,C
3,fashion,0,shuffled,ridge,0.20840108846640207,0.22767180304833712,0.24061550769519344,0.30569416956363404,2,C
3,fashion,0,pca,ridge,3.4419278298994924,0.3131119436025978,0.38131781188188163,0.44584456925815186,2,C
3,fashion,0,emotion,ridge,1.1912305608414324,0.20115444227892645,0.33153702521675915,0.3681570881390404,2,C
3,fashion,0,population,mlp,,0.2073658826480111,0.27075523726035333,0.23632528220254795,2,C
3,fashion,0,identity,mlp,,0.19143039447441562,0.2626175102777602,0.24625950857575196,2,C
3,fashion,0,random,mlp,,0.18621056907463665,0.18380211746486694,0.19898805150531404,2,C
3,fashion,0,shuffled,mlp,,0.01460594588229767,0.05013241684338268,0.014667418240605799,2,C
3,fashion,0,pca,mlp,,0.16583235412195363,0.24131876805171382,0.16955363045639965,2,C
3,fashion,0,emotion,mlp,,-0.24942489378298127,-0.1615489504692572,-0.25555931758872136,2,C
3,fashion,0,gt_emotion,ridge,5.009527732481571,0.3846204177787296,0.4800930090898273,0.5213754951069045,2,C
3,fashion,9,population,ridge,,0.22333139558679985,0.30992910053404954,0.31717508026691943,2,C
3,fashion,9,identity,ridge,12.036866430125144,0.2557178883437242,0.3303050621608556,0.3594022636775454,2,C
3,fashion,9,random,ridge,0.21246932672453778,0.22681952918025328,0.3112568574320369,0.318846679393009,2,C
3,fashion,9,shuffled,ridge,0.20642664865445193,0.22810228069101032,0.30426059993110355,0.3213444607524193,2,C
3,fashion,9,pca,ridge,3.4517940769562356,0.23130699932168894,0.224901591489859,0.31582836205634784,2,C
3,fashion,9,emotion,ridge,1.2093235887804585,0.23238394652750946,0.29920491020415163,0.3185502801716372,2,C
3,fashion,9,population,mlp,,0.0773948723839581,0.023950691736771994,0.09443519908814083,2,C
3,fashion,9,identity,mlp,,0.059629246540528875,0.08655953623417598,0.10646483561491678,2,C
3,fashion,9,random,mlp,,0.0942460377654376,0.13921020399667478,0.11484824288616348,2,C
3,fashion,9,shuffled,mlp,,0.06590545299066576,0.04973981610152649,0.07116932647370294,2,C
3,fashion,9,pca,mlp,,-0.05433215871885226,-0.06873695325734563,-0.0571992445028057,2,C
3,fashion,9,emotion,mlp,,-0.022426384385258635,-0.08461896846019444,-0.023457054066304675,2,C
3,fashion,9,gt_emotion,ridge,6.049720261641723,0.7923788876049683,0.7915533306186244,0.798014267373014,2,C
3,fashion,10,population,ridge,,0.18686378206348866,0.5236282755365621,0.5351527659499614,2,C
3,fashion,10,identity,ridge,12.148140674981834,0.30452972197339157,0.4882420175309514,0.4891696668672515,2,C
3,fashion,10,random,ridge,0.21253448845810197,0.21127741560527888,0.531088346572419,0.5369600199350429,2,C
3,fashion,10,shuffled,ridge,0.20667247731657482,0.21189709936226617,0.5169534751360586,0.5317971063574581,2,C
3,fashion,10,pca,ridge,3.439722741403165,0.2787001836926337,0.4664998368146052,0.4796235468383227,2,C
3,fashion,10,emotion,ridge,1.225274369387426,0.32440008802701226,0.5175424281125736,0.5199569855208526,2,C
3,fashion,10,population,mlp,,0.18945815126124485,0.3610772540184167,0.37173136494926456,2,C
3,fashion,10,identity,mlp,,0.2068249540058059,0.23901674963567884,0.2194343438593057,2,C
3,fashion,10,random,mlp,,0.13314722397614898,0.13678432879561334,0.1363471235237092,2,C
3,fashion,10,shuffled,mlp,,-0.028079011228527573,0.03965616708534466,-0.02825023123943354,2,C
3,fashion,10,pca,mlp,,0.1554018752024404,0.15366764745571057,0.15678510840190085,2,C
3,fashion,10,emotion,mlp,,0.14747994209296056,0.1885140318995159,0.18027791073933722,2,C
3,fashion,10,gt_emotion,ridge,5.184294066893205,0.9740141355939906,0.9666833953284423,0.9754027057416682,2,C
3,fashion,11,population,ridge,,0.379709431950796,0.6017404603154848,0.5945276856746532,2,C
3,fashion,11,identity,ridge,12.019208750126948,0.42757616068698345,0.5545138723215218,0.5704800703275511,2,C
3,fashion,11,random,ridge,0.2126836277044442,0.3893086701831714,0.6083661314159037,0.5917254881905132,2,C
3,fashion,11,shuffled,ridge,0.20832159553923757,0.38401843197020247,0.6048291190239509,0.5903504018830421,2,C
3,fashion,11,pca,ridge,3.449588556301778,0.44551178361778054,0.5864964350769271,0.5907772241335121,2,C
3,fashion,11,emotion,ridge,1.1865394948854673,0.45219564657915273,0.5784260687741613,0.5681244423006381,2,C
3,fashion,11,population,mlp,,0.3421868707062087,0.4566731351694717,0.38621917545612927,2,C
3,fashion,11,identity,mlp,,0.28834123116803295,0.34473416552555297,0.34903385136159926,2,C
3,fashion,11,random,mlp,,0.2431816303332748,0.24360550136126505,0.2567372283584074,2,C
3,fashion,11,shuffled,mlp,,0.16428211957992958,0.22288159776897748,0.1973089976709768,2,C
3,fashion,11,pca,mlp,,0.4522821850515278,0.42060557218674044,0.4748315300774883,2,C
3,fashion,11,emotion,mlp,,0.36094001450371266,0.3812002651158283,0.38181909882050885,2,C
3,fashion,11,gt_emotion,ridge,5.703306617843881,0.6554767231497184,0.7383297309527268,0.7510171043202909,2,C
3,fashion,24,population,ridge,,0.2597456757077189,0.40583383191533123,0.46520402554167384,2,C
3,fashion,24,identity,ridge,11.938126110076736,0.28665987383846525,0.4917240431267511,0.49935409680693943,2,C
3,fashion,24,random,ridge,0.2125220231315657,0.26605440076134734,0.40779762735819164,0.4659449425218619,2,C
3,fashion,24,shuffled,ridge,0.20742746814468546,0.2628808607863302,0.4141024443063223,0.4698430245716641,2,C
3,fashion,24,pca,ridge,3.4758668045565577,0.28420987881244,0.5091914868027198,0.5215969199882602,2,C
3,fashion,24,emotion,ridge,1.153138657851161,0.22325668882699443,0.38800463644725663,0.46460683058349395,2,C
3,fashion,24,population,mlp,,0.32088592202335414,0.35586040577727884,0.3684940623676533,2,C
3,fashion,24,identity,mlp,,0.07304333407259846,0.17953224653939395,0.1007091461151534,2,C
3,fashion,24,random,mlp,,-0.16705930655021511,-0.18061750191571152,-0.18148356708977004,2,C
3,fashion,24,shuffled,mlp,,0.18517015222818825,0.177155020476984,0.19359105700975057,2,C
3,fashion,24,pca,mlp,,0.005683811753499653,0.07710481054599187,0.005750310471010431,2,C
3,fashion,24,emotion,mlp,,-0.034973478173172555,-0.019844669738378604,-0.036911875607432566,2,C
3,fashion,24,gt_emotion,ridge,6.185134283061203,0.8246848180866592,0.7305586884996826,0.8561668590731519,2,C
3,fashion,28,population,ridge,,0.2835680990309747,0.44701075745400315,0.42243305399467995,2,C
3,fashion,28,identity,ridge,11.99925542813733,0.34596898252502634,0.4924273345820918,0.4496236074651004,2,C
3,fashion,28,random,ridge,0.21257461918573511,0.2858462297531739,0.450765871093644,0.42541447943217675,2,C
3,fashion,28,shuffled,ridge,0.20892310895535277,0.2870102623335093,0.4468077783383469,0.42594796637452503,2,C
3,fashion,28,pca,ridge,3.4725069135561766,0.38037593484189003,0.5614909786841349,0.49978435931277343,2,C
3,fashion,28,emotion,ridge,1.1931475225735135,0.34280321353599447,0.4529986413658629,0.43415485585923774,2,C
3,fashion,28,population,mlp,,0.339352578285184,0.4179339991362436,0.3811773502341341,2,C
3,fashion,28,identity,mlp,,0.18856317067584205,0.2954361028376894,0.31084907187688177,2,C
3,fashion,28,random,mlp,,0.23064731025626892,0.28523640227596225,0.2399306235759434,2,C
3,fashion,28,shuffled,mlp,,0.3999187236120861,0.412758031687009,0.4032126271256203,2,C
3,fashion,28,pca,mlp,,0.460136042102368,0.460864082097543,0.48632496463532016,2,C
3,fashion,28,emotion,mlp,,-0.034039559039169394,0.0339990018724239,-0.036197961755685515,2,C
3,fashion,28,gt_emotion,ridge,5.605297646901056,0.8730965091763354,0.877806749951815,0.8748649689300901,2,C
3,fashion,31,population,ridge,,0.04299328750628727,0.23412078751063237,0.12707276842447043,2,C
3,fashion,31,identity,ridge,12.149967967686715,0.08265854381029178,0.2815227792090829,0.2752318607150217,2,C
3,fashion,31,random,ridge,0.2124514305429987,0.04826591526728088,0.22809760054894906,0.1291749230510198,2,C
3,fashion,31,shuffled,ridge,0.2070603895109207,0.04710065217434599,0.24146613746390466,0.12466284060882273,2,C
3,fashion,31,pca,ridge,3.4559339672052776,0.07085999099318159,0.27060269227855144,0.2812604002859212,2,C
3,fashion,31,emotion,ridge,1.216407411717981,0.0032908989207456585,0.0331520127891023,0.018042748997600947,2,C
3,fashion,31,population,mlp,,0.10241138320405628,0.18569044681872365,0.200281844975154,2,C
3,fashion,31,identity,mlp,,0.16018301114292574,0.19132188178289908,0.2271525646470593,2,C
3,fashion,31,random,mlp,,0.06714606286221653,0.021938111860439927,0.07952097585394784,2,C
3,fashion,31,shuffled,mlp,,0.022569376410325526,0.06282722660032238,0.024804779082964544,2,C
3,fashion,31,pca,mlp,,0.12332922640839226,0.1496492630480009,0.12579555232463732,2,C
3,fashion,31,emotion,mlp,,0.18086392087370934,0.28024958521718235,0.2472600859361056,2,C
3,fashion,31,gt_emotion,ridge,5.893248149386764,0.8906443516995161,0.8538286488193529,0.8954773011511866,2,C
3,fashion,32,population,ridge,,0.1000336358603142,0.24446469028855589,0.2407920569190959,2,C
3,fashion,32,identity,ridge,12.095627555907146,0.129446744396898,0.25572742332737847,0.2896252550282673,2,C
3,fashion,32,random,ridge,0.2127814398785464,0.10653655710694122,0.26630756648506027,0.25351824301532566,2,C
3,fashion,32,shuffled,ridge,0.2081954302462019,0.10154328124621603,0.26265083497894903,0.2449842747296319,2,C
3,fashion,32,pca,ridge,3.4683787646071798,0.10656078401811572,0.2472438062332004,0.24597987458035195,2,C
3,fashion,32,emotion,ridge,1.1586652343335264,0.10141415882855113,0.2177461720839032,0.24160941738804606,2,C
3,fashion,32,population,mlp,,0.03882919547572283,0.012676669221185587,0.055579718121022005,2,C
3,fashion,32,identity,mlp,,0.17578863776095907,0.2051670157028806,0.19389714512533954,2,C
3,fashion,32,random,mlp,,0.09819364543698761,0.08917549232903246,0.10148701114211477,2,C
3,fashion,32,shuffled,mlp,,-0.00025075235001856944,0.06469976944812798,-0.0002783634684418267,2,C
3,fashion,32,pca,mlp,,-0.03206607614139887,-0.10029195610761059,-0.03254187362822812,2,C
3,fashion,32,emotion,mlp,,0.06581351685672114,0.13895579723222665,0.09478124762790467,2,C
3,fashion,32,gt_emotion,ridge,5.953176149558456,0.7934056504423033,0.8220706281940994,0.8217690651510657,2,C
3,fashion,36,population,ridge,,0.27013647666076296,0.3586695563305804,0.42480027485788907,2,C
3,fashion,36,identity,ridge,12.011332525224606,0.26681298521457913,0.4517187437812897,0.4936543294476616,2,C
3,fashion,36,random,ridge,0.21270444366228877,0.2632209165319002,0.3688646837637153,0.42099620316145153,2,C
3,fashion,36,shuffled,ridge,0.2069286297055625,0.2680090061292384,0.3630957336064292,0.4343898889653389,2,C
3,fashion,36,pca,ridge,3.463336030630593,0.2344261106962798,0.3516572979497412,0.4201361452266313,2,C
3,fashion,36,emotion,ridge,1.160182147232399,0.2030998087758583,0.3891554739721009,0.44212732659100706,2,C
3,fashion,36,population,mlp,,0.22880023443596395,0.2008191442682867,0.28271338173598176,2,C
3,fashion,36,identity,mlp,,0.3936807211701869,0.4322734031649203,0.4268683971868736,2,C
3,fashion,36,random,mlp,,0.023853209679385163,0.06325952241437857,0.03225143187427435,2,C
3,fashion,36,shuffled,mlp,,-0.13195403331869549,-0.10055876912096971,-0.15041734605624668,2,C
3,fashion,36,pca,mlp,,0.12530101546627184,0.25348568061799337,0.1444775103752759,2,C
3,fashion,36,emotion,mlp,,0.01632797309574175,-0.021484366102996498,0.020711177162023517,2,C
3,fashion,36,gt_emotion,ridge,3.6697100912472718,0.3137571333485231,0.5034387432451517,0.48934945017855214,2,C
3,fashion,42,population,ridge,,0.04923914633840026,0.19023456858270701,0.13050293264455942,2,C
3,fashion,42,identity,ridge,12.05226078380239,0.13564817256715014,0.31116119216299354,0.27194218919953295,2,C
3,fashion,42,random,ridge,0.21234637772262605,0.06571408811148878,0.19353256740762387,0.1325384195640729,2,C
3,fashion,42,shuffled,ridge,0.20631689096188674,0.06600606792526992,0.1949816881034207,0.13181378641865557,2,C
3,fashion,42,pca,ridge,3.4415352432281305,0.07798436515318596,0.2171182559736963,0.16765405764481414,2,C
3,fashion,42,emotion,ridge,1.2069540535480614,0.07273830160777624,0.24180327748140773,0.1613067162648796,2,C
3,fashion,42,population,mlp,,0.07008573130294207,0.09229399741850797,0.11687419947124733,2,C
3,fashion,42,identity,mlp,,0.12887252494750145,0.13167010460084919,0.15158170969917842,2,C
3,fashion,42,random,mlp,,0.047300763927198564,-0.00599636149984892,0.05377759568435346,2,C
3,fashion,42,shuffled,mlp,,0.0843828753697163,0.10238787260992033,0.08648475787964643,2,C
3,fashion,42,pca,mlp,,0.20514578094792085,0.12942146903840587,0.20634576865350057,2,C
3,fashion,42,emotion,mlp,,0.15449577294927191,0.15315706664197448,0.16249832402268674,2,C
3,fashion,42,gt_emotion,ridge,4.800504352690128,0.6723542226533424,0.7157849171300551,0.7599220682919966,2,C
3,fashion,47,population,ridge,,0.16903371658755528,0.3541997462802092,0.42953694787456076,2,C
3,fashion,47,identity,ridge,11.996905651349365,0.25955966624469545,0.4486237029151072,0.49861575278184445,2,C
3,fashion,47,random,ridge,0.21242698570330143,0.1864827881881677,0.3677307529992299,0.4391458782028756,2,C
3,fashion,47,shuffled,ridge,0.20807310496188824,0.18345198105696814,0.35468823027728585,0.43264573205541096,2,C
3,fashion,47,pca,ridge,3.474881427834333,0.22088046184575857,0.4049532335764633,0.45551004324761807,2,C
3,fashion,47,emotion,ridge,1.1864926997399077,0.25378342881211124,0.4038785687828948,0.4682775868285574,2,C
3,fashion,47,population,mlp,,0.21717928582399867,0.30364165258278597,0.3239515323114705,2,C
3,fashion,47,identity,mlp,,0.2944858033664642,0.19729868641922016,0.3055086630926195,2,C
3,fashion,47,random,mlp,,0.20761004653122542,0.2534743460830239,0.22759358005987962,2,C
3,fashion,47,shuffled,mlp,,0.05715304124163766,0.15763378585660395,0.057153717227873164,2,C
3,fashion,47,pca,mlp,,0.1974508337942284,0.20750800195812016,0.20207358299386996,2,C
3,fashion,47,emotion,mlp,,0.16473465773700227,0.15655912106303554,0.19111537582828045,2,C
3,fashion,47,gt_emotion,ridge,5.382821475373324,0.8884668958078666,0.9196594513745897,0.9026941014651876,2,C
3,fashion,54,population,ridge,,0.06306485728815449,0.040894721476411204,0.136699665614147,2,C
3,fashion,54,identity,ridge,12.070323436822596,0.0529156854885172,-0.0020895113163129815,0.1151242573771354,2,C
3,fashion,54,random,ridge,0.21256724377160544,0.06217534994047922,0.04288473225385214,0.1345214036871193,2,C
3,fashion,54,shuffled,ridge,0.20570479085977306,0.06227749629470426,0.04741200677253027,0.13575868824920062,2,C
3,fashion,54,pca,ridge,3.433218502702015,0.054066241464259264,0.012686318706185959,0.1290514342394613,2,C
3,fashion,54,emotion,ridge,1.1276494813462166,0.05398096902753389,0.034228185371984084,0.12883085950551443,2,C
3,fashion,54,population,mlp,,0.1474935511819032,0.21944843848229909,0.2172536769763057,2,C
3,fashion,54,identity,mlp,,-0.1994988908526845,-0.20641386789006094,-0.21226024576706476,2,C
3,fashion,54,random,mlp,,0.10630536114989665,0.1059680738987298,0.11740560587246274,2,C
3,fashion,54,shuffled,mlp,,0.049918321930853105,0.0327854275583394,0.0506048777360038,2,C
3,fashion,54,pca,mlp,,0.08123590849927816,0.026367642801092387,0.08221107248014448,2,C
3,fashion,54,emotion,mlp,,-0.011665344050127228,0.010348056042692861,-0.013573435770396877,2,C
3,fashion,54,gt_emotion,ridge,6.020119149848745,0.6966855129205082,0.7780011052450072,0.7712547077007624,2,C
3,fashion,55,population,ridge,,0.2530771029252949,0.24016714484150978,0.38741351643102007,2,C
3,fashion,55,identity,ridge,12.079250066147067,0.25870855358348716,0.2518850791429252,0.3785129194144522,2,C
3,fashion,55,random,ridge,0.21303144573534416,0.26508987714839943,0.253299312593096,0.3903149973706691,2,C
3,fashion,55,shuffled,ridge,0.20824266751784237,0.26110219029006604,0.23713664459114375,0.38423136137018804,2,C
3,fashion,55,pca,ridge,3.4584752895319357,0.2880534678106814,0.23910646975388164,0.39545552165397774,2,C
3,fashion,55,emotion,ridge,1.1847085061537628,0.25085854049416056,0.25132948743035805,0.39692454998689186,2,C
3,fashion,55,population,mlp,,0.19858903842249823,0.11414884276378802,0.21784184856208055,2,C
3,fashion,55,identity,mlp,,0.0906868528405275,0.0843994319726946,0.09983167979665121,2,C
3,fashion,55,random,mlp,,0.1635515980377941,0.16662700543262687,0.17879100465041126,2,C
3,fashion,55,shuffled,mlp,,0.002180361667527353,-0.013889792814177746,0.002223836433951231,2,C
3,fashion,55,pca,mlp,,0.06100672829064317,0.08227808179743835,0.0624070596784834,2,C
3,fashion,55,emotion,mlp,,-0.02281653561034477,-0.002727450225329449,-0.02392401580349679,2,C
3,fashion,55,gt_emotion,ridge,6.2526330572446955,0.4944771011918843,0.6830153930521249,0.6141761183089066,2,C
3,fashion,59,population,ridge,,0.15543716544569056,0.259449900527496,0.43226868835523186,2,C
3,fashion,59,identity,ridge,12.11683588758088,0.38469880702514336,0.3624187706949087,0.5052119737444983,2,C
3,fashion,59,random,ridge,0.21309841084955136,0.22886702135579526,0.2711216840815351,0.4343116958214606,2,C
3,fashion,59,shuffled,ridge,0.20725937464976285,0.23027521431498582,0.2631096970656269,0.43600879123547814,2,C
3,fashion,59,pca,ridge,3.4653193487340443,0.3951752444970048,0.41464505642823607,0.5528154855797969,2,C
3,fashion,59,emotion,ridge,1.1744829280613993,0.3502732222716868,0.2799249784570392,0.4537180294760993,2,C
3,fashion,59,population,mlp,,0.24605126963450963,0.34125129882571914,0.45558598375920295,2,C
3,fashion,59,identity,mlp,,0.44988771440933834,0.5174160997557498,0.5842522212314428,2,C
3,fashion,59,random,mlp,,0.42485934997978175,0.302180497945673,0.43643435069755343,2,C
3,fashion,59,shuffled,mlp,,0.1792949447087785,0.11384934636185585,0.18979035178575568,2,C
3,fashion,59,pca,mlp,,0.3760037560766371,0.3824981949446538,0.38474456452122074,2,C
3,fashion,59,emotion,mlp,,0.19769793320922896,0.2168182165292685,0.2260257938366226,2,C
3,fashion,59,gt_emotion,ridge,5.771798881903983,0.8656139374697674,0.8746046466791153,0.8797789644918771,2,C
3,fashion,60,population,ridge,,0.2727854431697235,0.43655381540383686,0.46376846993696236,2,C
3,fashion,60,identity,ridge,12.018760980582147,0.371489342565042,0.4587608342102008,0.48874699138129857,2,C
3,fashion,60,random,ridge,0.21293532798650175,0.3037635899071612,0.4425828702833927,0.4703500047903579,2,C
3,fashion,60,shuffled,ridge,0.2087876797709535,0.29715525850829977,0.4452457028551965,0.46381906970238196,2,C
3,fashion,60,pca,ridge,3.465899469849435,0.3518130859830483,0.387417018135457,0.4426798120441099,2,C
3,fashion,60,emotion,ridge,1.1746907904902972,0.35815396305276564,0.4868964236481279,0.48366881745543083,2,C
3,fashion,60,population,mlp,,0.2587122526380118,0.2404085633222879,0.2927133951312118,2,C
3,fashion,60,identity,mlp,,0.16717917451193823,0.1267106367186646,0.1911600809889563,2,C
3,fashion,60,random,mlp,,0.2315484174040253,0.188910386226082,0.25893635875719057,2,C
3,fashion,60,shuffled,mlp,,-0.005840543232907947,0.09028509682134825,-0.005869678066915803,2,C
3,fashion,60,pca,mlp,,0.32083586217368365,0.2558328953891515,0.3273421242732244,2,C
3,fashion,60,emotion,mlp,,-0.03272130696166778,0.014067794718963553,-0.033916801614457585,2,C
3,fashion,60,gt_emotion,ridge,5.855804051738249,0.832903988876536,0.8367825389594049,0.8374324200888394,2,C
3,fashion,67,population,ridge,,0.020837389884294826,-0.002228706734101529,0.0299595888087385,2,C
3,fashion,67,identity,ridge,12.018132624285375,0.035947015370569865,0.038043505647221455,0.048545685870080436,2,C
3,fashion,67,random,ridge,0.2124337230795777,0.02253250046559562,0.00533853008401064,0.02876267947630438,2,C
3,fashion,67,shuffled,ridge,0.20734444883323586,0.024769656027995617,0.012905766902122808,0.03179367438232688,2,C
3,fashion,67,pca,ridge,3.4323872187995716,0.0002501212289512854,0.006893441758965194,0.0003623944758035253,2,C
3,fashion,67,emotion,ridge,1.1796596282424958,0.016855374458939424,-0.020991307611886497,0.025983888259114813,2,C
3,fashion,67,population,mlp,,0.003519759898847364,-0.04498877779535179,0.0038719088077200396,2,C
3,fashion,67,identity,mlp,,0.000589130546533446,0.019747378271922852,0.0006472909010223278,2,C
3,fashion,67,random,mlp,,-0.07010444614103425,-0.07261437522037772,-0.07238348424080802,2,C
3,fashion,67,shuffled,mlp,,0.15091236434630356,0.1809398885755451,0.15543141774596753,2,C
3,fashion,67,pca,mlp,,0.1194240090306036,0.08453536472836265,0.1266077429984579,2,C
3,fashion,67,emotion,mlp,,-0.04144807277379104,-0.0422935975587639,-0.04163983222941243,2,C
3,fashion,67,gt_emotion,ridge,5.937266863016108,0.8191643640841464,0.8420655465123302,0.8552734932990249,2,C
3,fashion,68,population,ridge,,0.19836265286915308,0.44552058290527397,0.41099586935465343,2,C
3,fashion,68,identity,ridge,12.090702327512325,0.295234209572108,0.4151325330245715,0.3959947893427114,2,C
3,fashion,68,random,ridge,0.21274793457371224,0.30662336775940896,0.45428341010527423,0.41197643465173356,2,C
3,fashion,68,shuffled,ridge,0.20739992070102614,0.3052056892213096,0.45069628785966,0.41134658135513685,2,C
3,fashion,68,pca,ridge,3.442821930559862,0.308928187079071,0.42574016595088754,0.42003010096074933,2,C
3,fashion,68,emotion,ridge,1.1300170623898604,0.28568651565367686,0.4457768059228179,0.41592840660773134,2,C
3,fashion,68,population,mlp,,0.4027945870050599,0.6438884430877349,0.5974964662437294,2,C
3,fashion,68,identity,mlp,,0.22665825917919102,0.2506373557614096,0.24130651463386002,2,C
3,fashion,68,random,mlp,,-0.1575454077102631,-0.15803835722105647,-0.15770915854309364,2,C
3,fashion,68,shuffled,mlp,,0.13608472892397844,0.14927553002105626,0.14146725435033758,2,C
3,fashion,68,pca,mlp,,0.1047468286876637,0.12595923542456444,0.11267028860755647,2,C
3,fashion,68,emotion,mlp,,0.16022983173172115,0.1871965366175484,0.1645575195618969,2,C
3,fashion,68,gt_emotion,ridge,5.069479206918256,0.4145933017768976,0.524294354432132,0.5274009291952879,2,C
3,fashion,75,population,ridge,,0.30926961856775487,0.4638685716560307,0.490079631573696,2,C
3,fashion,75,identity,ridge,12.126968602857675,0.40750724447445985,0.6058475083856804,0.5928303194467246,2,C
3,fashion,75,random,ridge,0.21201685520396732,0.3075995174410297,0.4652322967686954,0.4919681447877751,2,C
3,fashion,75,shuffled,ridge,0.20660363006780072,0.30883925377593074,0.4656868718062503,0.49341576448858065,2,C
3,fashion,75,pca,ridge,3.4382822684651875,0.40234216313549825,0.5799872395825566,0.5752408996739156,2,C
3,fashion,75,emotion,ridge,1.1832201089359289,0.32485780080642274,0.5252362017259432,0.534784509308321,2,C
3,fashion,75,population,mlp,,0.29526389624663985,0.29966596642369664,0.3540865433053501,2,C
3,fashion,75,identity,mlp,,0.2458056838842677,0.2966354661733306,0.2709943021186497,2,C
3,fashion,75,random,mlp,,0.046151124696078696,0.06353948858267494,0.04840217083565461,2,C
3,fashion,75,shuffled,mlp,,0.15309200128456216,0.16086905495693138,0.15887079432967674,2,C
3,fashion,75,pca,mlp,,0.3435669951945529,0.2612291215815538,0.3582988259123323,2,C
3,fashion,75,emotion,mlp,,0.032369325702954255,0.06975201409592534,0.033137899348919087,2,C
3,fashion,75,gt_emotion,ridge,6.089504038081237,0.8404308480864496,0.8425700384563977,0.8562667332320434,2,C
3,fashion,76,population,ridge,,0.21527849232648205,0.3211746435689274,0.3232109291091324,2,C
3,fashion,76,identity,ridge,12.005716896105152,0.23810706875094298,0.32026221560424295,0.34097013651042085,2,C
3,fashion,76,random,ridge,0.21258853648577816,0.20802956128778927,0.3072347718862482,0.32027415591348635,2,C
3,fashion,76,shuffled,ridge,0.20829925025296814,0.21119903251562466,0.3236077848080859,0.32691828127311134,2,C
3,fashion,76,pca,ridge,3.4367307864031624,0.23086308732742167,0.3463171030402323,0.32242148551019134,2,C
3,fashion,76,emotion,ridge,1.1560277023761745,0.2214586996579948,0.3211746435689274,0.3202100165661321,2,C
3,fashion,76,population,mlp,,0.33637362228315465,0.3937633572038238,0.3607551281653621,2,C
3,fashion,76,identity,mlp,,0.1704332950374928,0.146698140544267,0.21800350930194667,2,C
3,fashion,76,random,mlp,,0.022054035139907613,-0.06397133841287664,0.02782459317710347,2,C
3,fashion,76,shuffled,mlp,,0.2425674178138271,0.13929733594182644,0.24782206568076426,2,C
3,fashion,76,pca,mlp,,0.14684151995880426,0.18101557010489897,0.14961582466533851,2,C
3,fashion,76,emotion,mlp,,0.03980344853363147,0.08921517876914649,0.04579317297549091,2,C
3,fashion,76,gt_emotion,ridge,5.132289595995484,0.5149461976427312,0.5704332452958882,0.5979877522561841,2,C
3,fashion,82,population,ridge,,0.1896691694863483,0.38577404344467703,0.39011386993298725,2,C
3,fashion,82,identity,ridge,12.050092804567937,0.24628364708757228,0.4726502387476009,0.4551894488166737,2,C
3,fashion,82,random,ridge,0.21227807865199935,0.2172542850961803,0.3843824339089322,0.39240823049512047,2,C
3,fashion,82,shuffled,ridge,0.20643632611250531,0.21898462384040876,0.38716565298042177,0.3945803133772762,2,C
3,fashion,82,pca,ridge,3.4351996530840467,0.24352062977670944,0.48428011843918223,0.4318735304073032,2,C
3,fashion,82,emotion,ridge,1.1826982981042495,0.2138160913881016,0.39521710815151656,0.39491136020212225,2,C
3,fashion,82,population,mlp,,0.20059792704702467,0.2989972488228777,0.3084469258191754,2,C
3,fashion,82,identity,mlp,,0.32612605252240656,0.3605262704390218,0.35847216696379913,2,C
3,fashion,82,random,mlp,,0.051893869615246314,0.12186523505879258,0.057460985480349995,2,C
3,fashion,82,shuffled,mlp,,0.0158232099782895,0.06977927814948807,0.01618784493617921,2,C
3,fashion,82,pca,mlp,,0.06946140838535535,0.07663792514708734,0.06963955937190483,2,C
3,fashion,82,emotion,mlp,,0.09212750331023309,0.08598158917280227,0.10434345676444265,2,C
3,fashion,82,gt_emotion,ridge,6.076275334897735,0.7369090872839643,0.7993172564732447,0.7625260142932081,2,C
3,fashion,84,population,ridge,,0.17867496127822985,0.4412442125424235,0.4054092587113964,2,C
3,fashion,84,identity,ridge,12.090142209880794,0.1933681097743237,0.431263385576663,0.395172284692131,2,C
3,fashion,84,random,ridge,0.21277036511965552,0.1953799154618564,0.449595516738264,0.41203330302462376,2,C
3,fashion,84,shuffled,ridge,0.207778678703433,0.19553979172917302,0.4450634065344237,0.41185048765086607,2,C
3,fashion,84,pca,ridge,3.4612782917644993,0.2000144891587762,0.48401918525282583,0.4602857730894522,2,C
3,fashion,84,emotion,ridge,1.159359864915171,0.17504688601638507,0.43630472164610323,0.39295009570866796,2,C
3,fashion,84,population,mlp,,0.33192517495845514,0.49863396759554657,0.4558676498046193,2,C
3,fashion,84,identity,mlp,,-0.014875260498873024,-0.005397794175360287,-0.01772719670881772,2,C
3,fashion,84,random,mlp,,0.03201586077280761,0.04980228965568266,0.04092405161777602,2,C
3,fashion,84,shuffled,mlp,,0.30123635723980224,0.17741429157504945,0.30458063730190477,2,C
3,fashion,84,pca,mlp,,-0.05304865381118834,0.012730646640000681,-0.05325412299601186,2,C
3,fashion,84,emotion,mlp,,0.0705685024140466,0.10627543815072567,0.08309412958471751,2,C
3,fashion,84,gt_emotion,ridge,6.08319401053861,0.811782228959379,0.8642788903392493,0.8513223098236948,2,C
3,fashion,88,population,ridge,,0.09766236531385299,0.2735993634642635,0.263411841202029,2,C
3,fashion,88,identity,ridge,12.020400234088152,0.19330387148221526,0.37199956226499126,0.36952494598573565,2,C
3,fashion,88,random,ridge,0.21280463245547296,0.10241887093074406,0.2722340485155913,0.2665168309823113,2,C
3,fashion,88,shuffled,ridge,0.20732588380195505,0.10070516816014217,0.2704298823334174,0.26100228896603905,2,C
3,fashion,88,pca,ridge,3.431121759209234,0.11967535167659833,0.2448302270458148,0.24215926838123591,2,C
3,fashion,88,emotion,ridge,1.1510150311334655,0.11969257962497014,0.2704786435815843,0.2624076032656401,2,C
3,fashion,88,population,mlp,,0.2504000754086616,0.38511633802187717,0.3926941563927616,2,C
3,fashion,88,identity,mlp,,0.33715046472725774,0.3573711878149326,0.3506820942871875,2,C
3,fashion,88,random,mlp,,0.029606238426800362,0.026428596506439278,0.03230639736526891,2,C
3,fashion,88,shuffled,mlp,,0.20519233909575085,0.24029543096629663,0.2079929846948987,2,C
3,fashion,88,pca,mlp,,0.3656918409158963,0.3493743431155672,0.37390689534984967,2,C
3,fashion,88,emotion,mlp,,0.17140176183254816,0.17363880472219606,0.23226185730921503,2,C
3,fashion,88,gt_emotion,ridge,4.769059703521057,0.817214727063875,0.8713078227613882,0.8625491569333037,2,C
3,fashion,95,population,ridge,,0.060105508954901486,0.13560748649783175,0.16074207060640025,2,C
3,fashion,95,identity,ridge,12.097657754910596,0.10311378473735455,0.25425178054148784,0.2417716337446427,2,C
3,fashion,95,random,ridge,0.21190001922054258,0.06096894152884541,0.1451676672162255,0.1714358956536135,2,C
3,fashion,95,shuffled,ridge,0.20758483358075602,0.06075066706352487,0.14654041111425128,0.17125605891564416,2,C
3,fashion,95,pca,ridge,3.413943949763756,0.10649921799312086,0.3143583526479021,0.2663069995271035,2,C
3,fashion,95,emotion,ridge,1.1988239797951619,0.0599938208717542,0.13560748649783175,0.15210475204553872,2,C
3,fashion,95,population,mlp,,0.019680948460717308,0.1145260623495788,0.03460684006491471,2,C
3,fashion,95,identity,mlp,,0.026104936075904445,-0.019267441140147456,0.02768910185018341,2,C
3,fashion,95,random,mlp,,0.06521053444349123,0.021179477283826218,0.07219321624581555,2,C
3,fashion,95,shuffled,mlp,,-0.04836940753488779,-0.029219834400834314,-0.05319787264791824,2,C
3,fashion,95,pca,mlp,,0.18566048246126582,0.2333174360965948,0.19222074713988593,2,C
3,fashion,95,emotion,mlp,,0.053376819903417964,0.07903082727205522,0.06636607166880891,2,C
3,fashion,95,gt_emotion,ridge,5.464208325074358,0.8619817919551455,0.7809962102481985,0.867212281732967,2,C
3,fashion,96,population,ridge,,0.21553310826298597,0.37032223408967463,0.3787988709766317,2,C
3,fashion,96,identity,ridge,12.057946401462994,0.23820163815253556,0.43799056543894915,0.44120427667882905,2,C
3,fashion,96,random,ridge,0.21287974168525894,0.22080970893539317,0.36261130663132046,0.3775566561089973,2,C
3,fashion,96,shuffled,ridge,0.20881738377578526,0.22181528449990465,0.3734856915084866,0.3852832833535536,2,C
3,fashion,96,pca,ridge,3.4547233595951425,0.186125300270509,0.3687899344024376,0.3858492277206302,2,C
3,fashion,96,emotion,ridge,1.1435378303170547,0.19976685115751,0.3662690542718218,0.37907491454534,2,C
3,fashion,96,population,mlp,,0.1949260861001673,0.25352145470447696,0.2336164333873742,2,C
3,fashion,96,identity,mlp,,0.026731654170659314,-0.01428498740682274,0.03159449152997836,2,C
3,fashion,96,random,mlp,,-0.03671342176239111,-0.053630489053296454,-0.04312364392979269,2,C
3,fashion,96,shuffled,mlp,,0.214690312110341,0.2153622495900577,0.2249178702319798,2,C
3,fashion,96,pca,mlp,,0.0922224949511082,0.140823284159301,0.09569413886016097,2,C
3,fashion,96,emotion,mlp,,-0.07895992044014064,-0.13434808225517028,-0.08753769920264319,2,C
3,fashion,96,gt_emotion,ridge,6.225610198484255,0.5977203122932373,0.6474952101476475,0.6967084569367855,2,C
3,fashion,107,population,ridge,,0.0939714267944501,0.14463631810528388,0.18320757970746887,2,C
3,fashion,107,identity,ridge,11.984766155683444,0.15959423799028358,0.23089233908782456,0.2783600220062132,2,C
3,fashion,107,random,ridge,0.21277432223363038,0.09537565999644594,0.14131305565224753,0.18384034338508054,2,C
3,fashion,107,shuffled,ridge,0.20855309103683478,0.0938584962569444,0.1371961782850532,0.18122481143044347,2,C
3,fashion,107,pca,ridge,3.452328605936165,0.0841261259314987,0.1214726827982991,0.15177588304523326,2,C
3,fashion,107,emotion,ridge,1.1522682283428711,0.11021816232129711,0.13898181184190855,0.18775391180989745,2,C
3,fashion,107,population,mlp,,0.1702622544558552,0.21159757648735972,0.19951388819520052,2,C
3,fashion,107,identity,mlp,,0.1255741744831137,0.22677546172063026,0.1452470424451578,2,C
3,fashion,107,random,mlp,,0.1917274164122364,0.2973079872164169,0.2129487059969419,2,C
3,fashion,107,shuffled,mlp,,0.1245124337496797,0.10307073697626197,0.1326145101249764,2,C
3,fashion,107,pca,mlp,,0.24775579515484875,0.29457993594899895,0.2547830807816613,2,C
3,fashion,107,emotion,mlp,,0.030305114965284017,0.01904675793979047,0.0308452081976885,2,C
3,fashion,107,gt_emotion,ridge,6.661570054888713,0.813137096853283,0.8160385088936444,0.8275063870367734,2,C
3,fashion,122,population,ridge,,0.10234340429556353,0.20403996724434686,0.2389015187960425,2,C
3,fashion,122,identity,ridge,12.091348017400273,0.1343853701873451,0.3070884286950201,0.32650155691328264,2,C
3,fashion,122,random,ridge,0.21260307018303698,0.11329562903955738,0.2232549432597353,0.24381195154175284,2,C
3,fashion,122,shuffled,ridge,0.2072204719162748,0.11068551553897367,0.20479251199690773,0.2398555264820728,2,C
3,fashion,122,pca,ridge,3.436050067604143,0.12182604134091182,0.3001148473212891,0.2933957505409064,2,C
3,fashion,122,emotion,ridge,1.2028785546914167,0.09798847370553854,0.17775107055488584,0.2700537266205303,2,C
3,fashion,122,population,mlp,,0.15184123777416067,0.2626882882939267,0.23903422926800644,2,C
3,fashion,122,identity,mlp,,-0.02607221767055923,-0.09517182637386917,-0.031430951848480757,2,C
3,fashion,122,random,mlp,,0.06985994387470612,0.07083954604106657,0.07532996977958922,2,C
3,fashion,122,shuffled,mlp,,0.10065589504314987,0.14579300339613274,0.10359138236695882,2,C
3,fashion,122,pca,mlp,,-0.3144550668273602,-0.26695270855843856,-0.3156211533080624,2,C
3,fashion,122,emotion,mlp,,0.054083056719605,-0.015402082602413197,0.06473019225617709,2,C
3,fashion,122,gt_emotion,ridge,5.761612474202788,0.8165077990115092,0.8484345161318457,0.8431517904419352,2,C
3,fashion,123,population,ridge,,0.3424687137061723,0.5207961689335803,0.49036344849095775,2,C
3,fashion,123,identity,ridge,12.060404513103077,0.37337224682492137,0.4851754392621633,0.4799409269690564,2,C
3,fashion,123,random,ridge,0.21190421104190857,0.3693084417361088,0.519942075274322,0.4899795258369402,2,C
3,fashion,123,shuffled,ridge,0.2086516039001958,0.36714609302516465,0.522454115448611,0.4875029892708958,2,C
3,fashion,123,pca,ridge,3.4319813619467783,0.3818232812541152,0.5049200750320743,0.4794771591827766,2,C
3,fashion,123,emotion,ridge,1.1897713081778047,0.37503676694553273,0.5263226573170159,0.4918916008171568,2,C
3,fashion,123,population,mlp,,0.20893062851980806,0.21548280615050414,0.23104036396267816,2,C
3,fashion,123,identity,mlp,,0.17864021911776318,0.18880493949955574,0.25120838488251956,2,C
3,fashion,123,random,mlp,,0.045444055888581206,0.028034368345064422,0.04787648443239552,2,C
3,fashion,123,shuffled,mlp,,0.2849391964918981,0.3079761253678224,0.2908215537227898,2,C
3,fashion,123,pca,mlp,,0.2356145562421109,0.22010496007119576,0.24837545950184892,2,C
3,fashion,123,emotion,mlp,,-0.07464552775667627,-0.08636394119205329,-0.07911539327598337,2,C
3,fashion,123,gt_emotion,ridge,6.479693348512961,0.8558984275344623,0.8903316895792818,0.861506269095882,2,C
3,fashion,132,population,ridge,,0.10872751103069976,0.320983326228333,0.3446416522716107,2,C
3,fashion,132,identity,ridge,12.094012771057935,0.2546739117969271,0.4007825205040224,0.43250656478453203,2,C
3,fashion,132,random,ridge,0.21280025457250992,0.18367265885980663,0.3265414790634556,0.35016744427891183,2,C
3,fashion,132,shuffled,ridge,0.2073173292819438,0.1822964620714423,0.3146807779242207,0.35185910748684085,2,C
3,fashion,132,pca,ridge,3.41429581204493,0.23362536936839373,0.38708564387461303,0.4145842782107172,2,C
3,fashion,132,emotion,ridge,1.1760888881017375,0.19899200518210797,0.3514042877277096,0.3663559982865806,2,C
3,fashion,132,population,mlp,,0.10508968559989483,0.26083617233397,0.2260517536376123,2,C
3,fashion,132,identity,mlp,,0.34134484531393205,0.3519005513737027,0.3758632646575266,2,C
3,fashion,132,random,mlp,,0.29137373524986776,0.3307597200543969,0.29636769333976526,2,C
3,fashion,132,shuffled,mlp,,0.3398786092148255,0.35810384694861636,0.3643091420112218,2,C
3,fashion,132,pca,mlp,,0.10792810566126843,0.11170894671304539,0.12279929147290371,2,C
3,fashion,132,emotion,mlp,,0.05135621088045273,0.021885226788295433,0.05663823442045468,2,C
3,fashion,132,gt_emotion,ridge,6.116074733450869,0.7574389332812157,0.7695052819027293,0.7981178414457228,2,C
3,fashion,140,population,ridge,,0.2190011039557739,0.4337019494954459,0.5018786243871788,2,C
3,fashion,140,identity,ridge,12.087951339016307,0.2613448576361776,0.42493584188933875,0.4863597826971211,2,C
3,fashion,140,random,ridge,0.21256553619004903,0.2243279047193252,0.4439372371472693,0.5089984843942977,2,C
3,fashion,140,shuffled,ridge,0.2061422659456598,0.2223271935881597,0.42919646402191597,0.5026446550682933,2,C
3,fashion,140,pca,ridge,3.4305927855299427,0.28392715617501196,0.4620081517095796,0.5320555273964269,2,C
3,fashion,140,emotion,ridge,1.17978558004007,0.2823910637644934,0.4115663034733207,0.47847783799155247,2,C
3,fashion,140,population,mlp,,0.2981735868720735,0.5220486429111849,0.4431262228085389,2,C
3,fashion,140,identity,mlp,,0.13437347533213492,0.17037591263489799,0.1568766843518109,2,C
3,fashion,140,random,mlp,,0.3171948221893418,0.2997617019943117,0.34086705690607655,2,C
3,fashion,140,shuffled,mlp,,0.16993480925688093,0.04050039659357879,0.17849597961532124,2,C
3,fashion,140,pca,mlp,,0.26684025087936186,0.21841810012982033,0.27462705436570006,2,C
3,fashion,140,emotion,mlp,,0.01738138123839736,0.07130420488543013,0.02509402319866116,2,C
3,fashion,140,gt_emotion,ridge,5.063995445537692,0.731159723702454,0.8021076705084612,0.7923048473739183,2,C
3,fashion,141,population,ridge,,0.1551805305219791,0.2781054286756945,0.27661905778114687,2,C
3,fashion,141,identity,ridge,12.009956693305048,0.14688019552034717,0.19765876783002825,0.21132874859494488,2,C
3,fashion,141,random,ridge,0.21249539096223521,0.1909584399411365,0.27500350306786536,0.27498527938704953,2,C
3,fashion,141,shuffled,ridge,0.20732248462458894,0.1879268479557839,0.2702234865574403,0.27120159703057173,2,C
3,fashion,141,pca,ridge,3.4697005221408403,0.10554189228902092,0.13826452012602183,0.1643261595803453,2,C
3,fashion,141,emotion,ridge,1.1808515004881857,0.17496510886682656,0.26234154443918595,0.26568385311083764,2,C
3,fashion,141,population,mlp,,0.12505526751426482,0.17553847865944366,0.14949620472520622,2,C
3,fashion,141,identity,mlp,,0.3063386668987931,0.29671698232266913,0.33510965779711105,2,C
3,fashion,141,random,mlp,,-0.006846594043887261,-0.0209507106627146,-0.0076915307948493186,2,C
3,fashion,141,shuffled,mlp,,-0.12376143237031273,-0.14395985894695393,-0.13731791114536368,2,C
3,fashion,141,pca,mlp,,0.12728224338596672,0.15240116469940693,0.1431722499459505,2,C
3,fashion,141,emotion,mlp,,-0.03210655088384218,-0.017543677618049845,-0.032604550597889616,2,C
3,fashion,141,gt_emotion,ridge,5.958896454065257,0.5475190026145521,0.6687673569105737,0.6036071164594401,2,C
3,landscape,0,population,ridge,,0.13620799498791317,0.4186627111782382,0.38350782800608274,2,C
3,landscape,0,identity,ridge,27.15424725704661,0.40140616267856505,0.5192746549163225,0.4956024135864914,2,C
3,landscape,0,random,ridge,1.6086460588413554,0.2650804752119417,0.4349272343650749,0.3939537107294015,2,C
3,landscape,0,shuffled,ridge,2.2887101394748908,0.27468819053045745,0.4299189513105917,0.40131290001960707,2,C
3,landscape,0,pca,ridge,5.275814490281167,0.4351647687191451,0.5489276575557381,0.5213481186572985,2,C
3,landscape,0,emotion,ridge,3.105000984564794,0.27669817050425655,0.4076048188896268,0.38392951523041347,2,C
3,landscape,0,population,mlp,,0.18882998577488866,0.40621638398343335,0.39134372983460913,2,C
3,landscape,0,identity,mlp,,0.5417366690484167,0.5787294210779602,0.5445598223132665,2,C
3,landscape,0,random,mlp,,0.019320083916732025,-0.03168606803777025,0.021948610747926887,2,C
3,landscape,0,shuffled,mlp,,0.24945966592250654,0.2726291112232564,0.2797976217715537,2,C
3,landscape,0,pca,mlp,,0.2407909912119938,0.2868605690117385,0.25749653400922495,2,C
3,landscape,0,emotion,mlp,,-0.04354087037450967,0.058810135669476564,-0.05198546026267748,2,C
3,landscape,0,gt_emotion,ridge,6.031155925358453,0.5073595941915876,0.514274141586511,0.5942445878841596,2,C
3,landscape,9,population,ridge,,0.47472621371013196,0.4760969923426796,0.577961272609901,2,C
3,landscape,9,identity,ridge,27.022274157507553,0.5617221954853433,0.5513652773884236,0.6600626063351572,2,C
3,landscape,9,random,ridge,1.6048176104133278,0.4954949587762898,0.49827604700282546,0.597485171255739,2,C
3,landscape,9,shuffled,ridge,2.2789422412998785,0.5601934595927442,0.5729421857682035,0.6466194167924254,2,C
3,landscape,9,pca,ridge,5.260774264700646,0.5932065458717698,0.5937162324408288,0.6778652928431724,2,C
3,landscape,9,emotion,ridge,3.0917519189830767,0.560949236895513,0.5278815724541515,0.6450381894783751,2,C
3,landscape,9,population,mlp,,0.570013525968272,0.5039462578096049,0.6091891448885282,2,C
3,landscape,9,identity,mlp,,0.4118660920114874,0.4032372924183994,0.47234494546296185,2,C
3,landscape,9,random,mlp,,0.2886693201727315,0.2579695022801134,0.3133198906982061,2,C
3,landscape,9,shuffled,mlp,,0.4099408027384774,0.31803359374661705,0.4178051126063003,2,C
3,landscape,9,pca,mlp,,0.4620872690167616,0.4215023962561666,0.5020840425461125,2,C
3,landscape,9,emotion,mlp,,0.32310707094606655,0.20262222334314292,0.3344481306362614,2,C
3,landscape,9,gt_emotion,ridge,6.0441598120509,0.8514400302629466,0.8656684194418688,0.8666498828756146,2,C
3,landscape,10,population,ridge,,0.22886252062787352,0.6577501465600177,0.6586142286115861,2,C
3,landscape,10,identity,ridge,26.871858104545076,0.5680340634441505,0.7424837555274502,0.7139587641185393,2,C
3,landscape,10,random,ridge,1.6070437908885595,0.3065009707379949,0.6622046574878261,0.6503598278908834,2,C
3,landscape,10,shuffled,ridge,2.337688656722093,0.5260167066258111,0.7304418908215066,0.7053065346942975,2,C
3,landscape,10,pca,ridge,5.278220331449906,0.5655163766460437,0.7010714890996929,0.6607243986739162,2,C
3,landscape,10,emotion,ridge,3.067847469011478,0.6104823266762868,0.7379802939301053,0.6998041147026679,2,C
3,landscape,10,population,mlp,,0.25190648270680344,0.5180938863727935,0.5075199701093764,2,C
3,landscape,10,identity,mlp,,0.5347236875909183,0.5788416672674115,0.553123726314948,2,C
3,landscape,10,random,mlp,,-0.07890096442865498,-0.06417432776216292,-0.0808880676440573,2,C
3,landscape,10,shuffled,mlp,,0.4917056426176437,0.5834919808733653,0.5617594885895679,2,C
3,landscape,10,pca,mlp,,0.5381339569401931,0.5276882176019193,0.5382097095070032,2,C
3,landscape,10,emotion,mlp,,0.30577658185523293,0.3009487163095177,0.3525939066966369,2,C
3,landscape,10,gt_emotion,ridge,6.191375973611623,0.959689736354281,0.9509107758489119,0.9670424841636351,2,C
3,landscape,11,population,ridge,,0.2805765857985252,0.39530747793777665,0.4676452302845191,2,C
3,landscape,11,identity,ridge,26.677273304355943,0.46032668376633096,0.4287345757229864,0.5962175637232294,2,C
3,landscape,11,random,ridge,1.6085930654774998,0.35140980050691506,0.40935869160855065,0.4944788012964377,2,C
3,landscape,11,shuffled,ridge,2.4684984889486703,0.35967378150610957,0.40521728126348033,0.5071974553317399,2,C
3,landscape,11,pca,ridge,5.259877668398927,0.44763050069714894,0.5062381121807297,0.5693410460394136,2,C
3,landscape,11,emotion,ridge,3.193761113489764,0.3716693876634597,0.39190560515432604,0.4742151544683124,2,C
3,landscape,11,population,mlp,,0.36911372603435216,0.4272061980956391,0.471575495681103,2,C
3,landscape,11,identity,mlp,,0.41227483075745264,0.38283394439845786,0.4557896356876999,2,C
3,landscape,11,random,mlp,,0.4222639208928074,0.3315593401261596,0.4387966789185629,2,C
3,landscape,11,shuffled,mlp,,0.20564599597079372,0.23009478667193856,0.25325367289671524,2,C
3,landscape,11,pca,mlp,,0.4599669871927772,0.382636734382026,0.46590858178490546,2,C
3,landscape,11,emotion,mlp,,0.14663381701086825,0.05822625735152334,0.149734746076555,2,C
3,landscape,11,gt_emotion,ridge,6.100070175186921,0.7101789567948922,0.7299937579174418,0.7347208197334741,2,C
3,landscape,24,population,ridge,,0.15612979222486162,0.199458076190627,0.19450244966039837,2,C
3,landscape,24,identity,ridge,26.86247722044576,0.03193684749102257,0.02301854014416155,0.05585900467121347,2,C
3,landscape,24,random,ridge,1.6155516566773729,0.15713593721408087,0.2074903068264117,0.20258695557210135,2,C
3,landscape,24,shuffled,ridge,2.419782641619366,0.20266522885794672,0.2802655508419108,0.28271452583756274,2,C
3,landscape,24,pca,ridge,5.264736280352083,0.04649683468229956,0.14414889073884773,0.09554334035811823,2,C
3,landscape,24,emotion,ridge,3.2169945302748713,-0.010977707860955407,-0.030781232839148114,-0.03286377467002492,2,C
3,landscape,24,population,mlp,,0.1964074164035885,0.23045493938241363,0.2101420475505028,2,C
3,landscape,24,identity,mlp,,-0.12248380178309513,-0.19972761413142515,-0.17751869745746535,2,C
3,landscape,24,random,mlp,,0.03779376818429237,0.010026811397690981,0.0410569389447065,2,C
3,landscape,24,shuffled,mlp,,-0.10972479445910951,-0.1121816909601878,-0.12566229785506935,2,C
3,landscape,24,pca,mlp,,-0.35871827681377844,-0.32484712624992385,-0.36230215971947866,2,C
3,landscape,24,emotion,mlp,,0.16676619390749797,0.17719424228070027,0.1683903502515019,2,C
3,landscape,24,gt_emotion,ridge,5.1165844292486184,0.3389839492723473,0.3966141233632971,0.4483482083334924,2,C
3,landscape,28,population,ridge,,0.23431581906009025,0.323870120202155,0.35558476580116605,2,C
3,landscape,28,identity,ridge,26.938983453878024,0.2599995324071377,0.33263001708651657,0.3545397449189691,2,C
3,landscape,28,random,ridge,1.6210625823886506,0.24963871268286844,0.3167834620485142,0.3501036994210119,2,C
3,landscape,28,shuffled,ridge,2.3654604696017834,0.22966407355935792,0.29227543593383964,0.30318927225093845,2,C
3,landscape,28,pca,ridge,5.277049792685939,0.26440879812792367,0.3108779135871468,0.3274596041067455,2,C
3,landscape,28,emotion,ridge,3.2387695202464415,0.2835931859791067,0.3448840301438539,0.3463852120311859,2,C
3,landscape,28,population,mlp,,0.2220508187518954,0.32416539762522334,0.2708280621781243,2,C
3,landscape,28,identity,mlp,,0.09709126879020848,0.19596578310970691,0.14184485271955347,2,C
3,landscape,28,random,mlp,,0.2887322436422959,0.3215571137214528,0.29490933974752925,2,C
3,landscape,28,shuffled,mlp,,0.17982182145378,0.24941099668508152,0.23052307304806208,2,C
3,landscape,28,pca,mlp,,0.24549716413883932,0.250050764435063,0.2800890624884865,2,C
3,landscape,28,emotion,mlp,,0.056489140770106853,0.14124103403436938,0.060357687934279265,2,C
3,landscape,28,gt_emotion,ridge,5.40491539782828,0.8890457986507604,0.9005782461545151,0.9097226949717665,2,C
3,landscape,31,population,ridge,,0.08522190913860718,0.42198894895467076,0.24448434085694107,2,C
3,landscape,31,identity,ridge,26.61371214199619,0.19475840855850782,0.39597943839061195,0.2946724030365408,2,C
3,landscape,31,random,ridge,1.623318130638527,0.1635875977534848,0.4304881197295404,0.2647905092254,2,C
3,landscape,31,shuffled,ridge,2.2961604760504857,0.13500194243145675,0.3857394736016125,0.2505022974091861,2,C
3,landscape,31,pca,ridge,5.274095056718348,0.20823085650543496,0.42378094279274575,0.371029109311681,2,C
3,landscape,31,emotion,ridge,3.102285920101597,0.145735306767897,0.4658671980755338,0.3057326277117217,2,C
3,landscape,31,population,mlp,,0.13579206450370285,0.4054514058204365,0.2609916715224618,2,C
3,landscape,31,identity,mlp,,0.21574232059908785,0.31866770423366547,0.2595591035184483,2,C
3,landscape,31,random,mlp,,0.19252017738913718,0.3870194692002374,0.22349196611588207,2,C
3,landscape,31,shuffled,mlp,,0.14401103366876214,0.13905872183461368,0.16444577741011393,2,C
3,landscape,31,pca,mlp,,0.18573744348036395,0.26449829049985796,0.19473125156844873,2,C
3,landscape,31,emotion,mlp,,-0.0314491199833781,0.07541734067098156,-0.033266817436898855,2,C
3,landscape,31,gt_emotion,ridge,6.539807323205007,0.9377617935761124,0.8063210691784974,0.9479989831457075,2,C
3,landscape,32,population,ridge,,0.30486188204767045,0.5501876754006574,0.5593038078919784,2,C
3,landscape,32,identity,ridge,27.035647529459403,0.5117748334909875,0.6112598286426765,0.6395923584717472,2,C
3,landscape,32,random,ridge,1.623340659749699,0.37212640557613325,0.5871343706712698,0.6040046693865048,2,C
3,landscape,32,shuffled,ridge,2.375091075796649,0.5152511123219139,0.6445852584165667,0.6664986276763307,2,C
3,landscape,32,pca,ridge,5.266471301913397,0.45384125250686946,0.5616876401537619,0.5582018928821054,2,C
3,landscape,32,emotion,ridge,3.0958147986702054,0.4976040817589444,0.5962854064535276,0.6275744387240487,2,C
3,landscape,32,population,mlp,,0.36541316207183683,0.4061200318553816,0.46535660806487367,2,C
3,landscape,32,identity,mlp,,0.41239074094423744,0.4896538183811241,0.4825498205307842,2,C
3,landscape,32,random,mlp,,0.3890586677883282,0.424324231379445,0.3994923764346318,2,C
3,landscape,32,shuffled,mlp,,0.31756976605685544,0.4085668328666805,0.3367949685194693,2,C
3,landscape,32,pca,mlp,,0.5038861950710619,0.5432876965487947,0.5074432276444076,2,C
3,landscape,32,emotion,mlp,,0.08758932918574819,0.038806264039199616,0.10561110129603851,2,C
3,landscape,32,gt_emotion,ridge,4.772810914435445,0.8307702778138752,0.8586715639414716,0.8571676820510614,2,C
3,landscape,36,population,ridge,,0.35798350109060867,0.5504822795845599,0.5713087344803577,2,C
3,landscape,36,identity,ridge,26.822867524650615,0.4740006555450909,0.5666232702797044,0.5754912279360448,2,C
3,landscape,36,random,ridge,1.6232927421216716,0.42292100662182125,0.5685105245763673,0.5754665775504576,2,C
3,landscape,36,shuffled,ridge,2.3093334158105376,0.4529582388604529,0.6070005793109428,0.5951394581814404,2,C
3,landscape,36,pca,ridge,5.230978678523713,0.4880868335763698,0.5762085355232826,0.5639080120493138,2,C
3,landscape,36,emotion,ridge,3.119575721883999,0.564581911562534,0.5886743467986095,0.5959144099367187,2,C
3,landscape,36,population,mlp,,0.44194980717969523,0.5376191516151985,0.5374479172566136,2,C
3,landscape,36,identity,mlp,,0.38210768577993304,0.523017763109437,0.5129754276432695,2,C
3,landscape,36,random,mlp,,0.14605634073036117,0.20640602255083282,0.14821804883290154,2,C
3,landscape,36,shuffled,mlp,,0.2652101207063424,0.3510292991793278,0.3682434836520901,2,C
3,landscape,36,pca,mlp,,0.47310325026123873,0.512439206130773,0.49119619770426604,2,C
3,landscape,36,emotion,mlp,,0.2933851459230562,0.4043194007666819,0.3696789867288601,2,C
3,landscape,36,gt_emotion,ridge,6.131098246794855,0.7202166948161978,0.7546993105493245,0.7571772071154711,2,C
3,landscape,42,population,ridge,,0.34900674866675335,0.5334084587475573,0.5172401630544583,2,C
3,landscape,42,identity,ridge,26.81723012522738,0.43550922696992567,0.5502588309412432,0.5628428145272197,2,C
3,landscape,42,random,ridge,1.6201682406943998,0.3995853588685685,0.5408409492015698,0.5377463759286619,2,C
3,landscape,42,shuffled,ridge,2.3215075628940083,0.3813960886498964,0.5345284230625454,0.5285636308537737,2,C
3,landscape,42,pca,ridge,5.270315026769798,0.3362608406620352,0.49935136207814357,0.46871888403967754,2,C
3,landscape,42,emotion,ridge,3.066854578716227,0.36194104521317433,0.549138866626255,0.5378418625680118,2,C
3,landscape,42,population,mlp,,0.3476571320995338,0.3867949484218305,0.39655115530923823,2,C
3,landscape,42,identity,mlp,,0.2786121722320665,0.37014820610359694,0.33488202165243286,2,C
3,landscape,42,random,mlp,,0.08651600420428233,0.09529878171172239,0.09161015778220848,2,C
3,landscape,42,shuffled,mlp,,0.23122960249217592,0.26130803767429006,0.2879615049706501,2,C
3,landscape,42,pca,mlp,,0.14672075895969924,0.2765802783332199,0.15239317062653052,2,C
3,landscape,42,emotion,mlp,,0.33768498317549833,0.3778352339019249,0.3540292778361979,2,C
3,landscape,42,gt_emotion,ridge,6.054684012372999,0.7251074911834808,0.6744134461192477,0.7471412245677286,2,C
3,landscape,47,population,ridge,,0.4283260461143313,0.5352790384534273,0.5966397589626675,2,C
3,landscape,47,identity,ridge,27.074909514274292,0.5463924616315473,0.4861115537415534,0.591151222904314,2,C
3,landscape,47,random,ridge,1.6160880319807902,0.4974861271171314,0.5353291582135821,0.5952024489009972,2,C
3,landscape,47,shuffled,ridge,2.373774294089432,0.5805323584994697,0.5462552659273318,0.6278907946873721,2,C
3,landscape,47,pca,ridge,5.282158320530951,0.6030069516639209,0.513376703265773,0.6396140566227076,2,C
3,landscape,47,emotion,ridge,3.184072745958674,0.6146575622731982,0.4937798770452402,0.6419198860396644,2,C
3,landscape,47,population,mlp,,0.49267665134441035,0.5324723318847575,0.5987807148376991,2,C
3,landscape,47,identity,mlp,,0.05677439977431404,0.09292203532702753,0.07569890634564533,2,C
3,landscape,47,random,mlp,,0.30234494218120894,0.2488947289288127,0.3099874378693192,2,C
3,landscape,47,shuffled,mlp,,0.5928186791014332,0.5672554454321993,0.5996656215594569,2,C
3,landscape,47,pca,mlp,,0.5395568690087499,0.3909341292075592,0.5508466028910837,2,C
3,landscape,47,emotion,mlp,,0.41582224813595847,0.46019963774151396,0.4174272472747027,2,C
3,landscape,47,gt_emotion,ridge,4.184147814342662,0.8225430848354085,0.8494360978780833,0.8551255591821881,2,C
3,landscape,54,population,ridge,,0.15791076539800317,0.24150847385900387,0.27377287420554863,2,C
3,landscape,54,identity,ridge,26.549852868421084,0.09660433522914684,0.18075289455974755,0.17829008351176034,2,C
3,landscape,54,random,ridge,1.6235644956213897,0.17097260589000582,0.3072092747291299,0.30021571304650385,2,C
3,landscape,54,shuffled,ridge,2.2334152898520974,0.1451715369934767,0.283593318655997,0.29696211101803716,2,C
3,landscape,54,pca,ridge,5.239732536315241,0.12195942783728786,0.24665554120827646,0.2459308610470993,2,C
3,landscape,54,emotion,ridge,2.990819481911216,0.07789006135449753,0.2589176722462493,0.20145121142363964,2,C
3,landscape,54,population,mlp,,0.09006759436944507,0.07846754635410595,0.11541576988931614,2,C
3,landscape,54,identity,mlp,,0.07400972395985514,0.11474932502201732,0.08991279358281316,2,C
3,landscape,54,random,mlp,,0.1571444844093732,0.13352098241348187,0.16953633822469596,2,C
3,landscape,54,shuffled,mlp,,-0.028488963627084165,-0.015289817714015498,-0.0358541369592265,2,C
3,landscape,54,pca,mlp,,0.02977293856564455,0.058938967293630705,0.03091264607950628,2,C
3,landscape,54,emotion,mlp,,0.06510072182467239,-0.003633224011251208,0.08605624504848802,2,C
3,landscape,54,gt_emotion,ridge,4.498345764869085,0.7207092286365905,0.6989748160389702,0.7413889452591548,2,C
3,landscape,55,population,ridge,,0.4516208460933906,0.6181648556261546,0.6361388157349761,2,C
3,landscape,55,identity,ridge,26.95761450712128,0.5517958005164134,0.6417798070836441,0.6410334876843968,2,C
3,landscape,55,random,ridge,1.6026870381064413,0.5024260929546895,0.6332287088716689,0.637958457334821,2,C
3,landscape,55,shuffled,ridge,2.4289326439562644,0.5544665788021561,0.6196563262445225,0.624330085424673,2,C
3,landscape,55,pca,ridge,5.243808779509633,0.5438159455613094,0.6090668848541114,0.624401335410701,2,C
3,landscape,55,emotion,ridge,3.1846564169154217,0.5487442420569448,0.6090668848541114,0.6312322340598707,2,C
3,landscape,55,population,mlp,,0.3555733044512608,0.4231799301182104,0.4288826512672468,2,C
3,landscape,55,identity,mlp,,0.3655661694254267,0.3520864973093476,0.4604156549518132,2,C
3,landscape,55,random,mlp,,0.1757107138553268,0.07536898191485046,0.18028907327575994,2,C
3,landscape,55,shuffled,mlp,,0.27855579003884184,0.2831805547407574,0.30111550301983814,2,C
3,landscape,55,pca,mlp,,0.1510979985849798,0.0906814135967594,0.15947039114291556,2,C
3,landscape,55,emotion,mlp,,0.3000604593937549,0.22769784773747698,0.3246173507485696,2,C
3,landscape,55,gt_emotion,ridge,4.988260122936593,0.6019057602001315,0.7011595564790651,0.6962874955819409,2,C
3,landscape,59,population,ridge,,0.26226650540468416,0.49352787431042633,0.474002076791469,2,C
3,landscape,59,identity,ridge,27.044276912325554,0.42802827445677905,0.5841192551932143,0.5743735699665665,2,C
3,landscape,59,random,ridge,1.610806775872887,0.40305372852323157,0.4920899158837155,0.4744293992555926,2,C
3,landscape,59,shuffled,ridge,2.3119052668946116,0.40474315432163427,0.5143782714977347,0.4947406705005309,2,C
3,landscape,59,pca,ridge,5.248858963771508,0.39634104592007885,0.5625498787925505,0.5407596795746324,2,C
3,landscape,59,emotion,ridge,3.1137515664167603,0.38415129893473543,0.5597766732553223,0.5293970784178736,2,C
3,landscape,59,population,mlp,,0.2557458895770642,0.4296927912960809,0.4069265639015233,2,C
3,landscape,59,identity,mlp,,-0.02566445630605162,0.02259648956260017,-0.03635556655657317,2,C
3,landscape,59,random,mlp,,0.26112573016438434,0.22997063695755351,0.2612847577818858,2,C
3,landscape,59,shuffled,mlp,,0.4891475824837068,0.49779039393246227,0.5187221387741111,2,C
3,landscape,59,pca,mlp,,0.18983384999928515,0.15232088191516385,0.194882019084231,2,C
3,landscape,59,emotion,mlp,,0.28864231517947386,0.2673575560520374,0.2933724775057884,2,C
3,landscape,59,gt_emotion,ridge,5.8453100922404895,0.8293166124791267,0.8631512361152186,0.8513277376154741,2,C
3,landscape,60,population,ridge,,0.5138294378618996,0.8024150149313478,0.752781893377647,2,C
3,landscape,60,identity,ridge,27.013395652094978,0.7265974025117314,0.8209142144705068,0.7854077766131438,2,C
3,landscape,60,random,ridge,1.598419063474102,0.5332074377528753,0.8140137194043124,0.7714369793142438,2,C
3,landscape,60,shuffled,ridge,2.4489530676537865,0.6034437004891416,0.804568360909451,0.7778078918048325,2,C
3,landscape,60,pca,ridge,5.278018636444399,0.7208605916811986,0.8356939982293057,0.8112617251416316,2,C
3,landscape,60,emotion,ridge,3.2643627295771727,0.7060152477843443,0.8070642846567979,0.779348330987752,2,C
3,landscape,60,population,mlp,,0.46397559585696274,0.6306856731776214,0.5871955575159401,2,C
3,landscape,60,identity,mlp,,0.6934009651958102,0.79517194209591,0.7451306162638796,2,C
3,landscape,60,random,mlp,,0.38226857690477556,0.4164277483563576,0.42654766431053054,2,C
3,landscape,60,shuffled,mlp,,0.5284755936504221,0.615220733880335,0.5961160921131958,2,C
3,landscape,60,pca,mlp,,0.6702383519718877,0.6530021678597814,0.6740230313076045,2,C
3,landscape,60,emotion,mlp,,0.40369187557767244,0.44760232535753275,0.43309993442894007,2,C
3,landscape,60,gt_emotion,ridge,6.562713339238039,0.9271388397105949,0.9210749175534798,0.9288701544770063,2,C
3,landscape,67,population,ridge,,0.395041817273623,0.46228772936860213,0.45344403188386445,2,C
3,landscape,67,identity,ridge,26.85262862895365,0.4252588515980457,0.4488350482040123,0.4636241982453811,2,C
3,landscape,67,random,ridge,1.6212966834577467,0.43346891905931934,0.4779052098010568,0.4627845658045269,2,C
3,landscape,67,shuffled,ridge,2.326495516510438,0.37507811699904275,0.3968798657752521,0.41598655298085735,2,C
3,landscape,67,pca,ridge,5.2264864415551555,0.40329861377907433,0.49439891850859974,0.4958597189091166,2,C
3,landscape,67,emotion,ridge,3.0368724884562415,0.3586412891273652,0.5013572018695944,0.4956834957669974,2,C
3,landscape,67,population,mlp,,0.46102975147277014,0.4773897814039461,0.48187878295154374,2,C
3,landscape,67,identity,mlp,,0.1742128528668213,0.28255784729609507,0.2480387222054049,2,C
3,landscape,67,random,mlp,,0.3220098827355755,0.3401311992533621,0.327460564129787,2,C
3,landscape,67,shuffled,mlp,,-0.001167659861509819,0.05381072465835886,-0.0012410665013766957,2,C
3,landscape,67,pca,mlp,,0.09374683492288272,0.09808602397016944,0.09572845956494701,2,C
3,landscape,67,emotion,mlp,,0.22181479623985062,0.19282176335911924,0.23084655882227284,2,C
3,landscape,67,gt_emotion,ridge,4.498038409352244,0.8201924914991843,0.8489813382457945,0.8419517993910198,2,C
3,landscape,68,population,ridge,,0.20043187926510916,0.3368332548786953,0.3351994358205832,2,C
3,landscape,68,identity,ridge,26.906698634323963,0.28711653967906675,0.36197454100482435,0.35276032420959824,2,C
3,landscape,68,random,ridge,1.6252031497450379,0.2615761179943699,0.3080932160665199,0.320580690180167,2,C
3,landscape,68,shuffled,ridge,2.394908605968945,0.264730758897339,0.2502132770326085,0.32595597205479926,2,C
3,landscape,68,pca,ridge,5.262296179437714,0.2037450301901992,0.26690749088176774,0.2591140289701669,2,C
3,landscape,68,emotion,ridge,3.1534512416423643,0.25946825367841264,0.3455302405366405,0.3483159213654725,2,C
3,landscape,68,population,mlp,,0.27286581091122164,0.3361834800881591,0.35120662220400894,2,C
3,landscape,68,identity,mlp,,0.18641130987952176,0.21317611397204855,0.2114784999313812,2,C
3,landscape,68,random,mlp,,0.0814461466151472,0.047683473090113566,0.10770112104116229,2,C
3,landscape,68,shuffled,mlp,,0.31092562285878766,0.3544271568993661,0.3434257304941708,2,C
3,landscape,68,pca,mlp,,0.3340166759972374,0.4146062990382516,0.34057388639343367,2,C
3,landscape,68,emotion,mlp,,0.1937645299446868,0.13470331234576105,0.20176423466449586,2,C
3,landscape,68,gt_emotion,ridge,6.705434349869075,0.7555006288936019,0.7814795121541822,0.8085212237405456,2,C
3,landscape,75,population,ridge,,0.2781014150065911,0.4443434437352558,0.42292415095991004,2,C
3,landscape,75,identity,ridge,26.666892587101465,0.24170025606628684,0.3917279709601759,0.3333336068214437,2,C
3,landscape,75,random,ridge,1.6198000993598034,0.32205509951842515,0.4006547477783032,0.37504164373948345,2,C
3,landscape,75,shuffled,ridge,2.319454493604363,0.3683964418162748,0.5283601667293953,0.48141645117824045,2,C
3,landscape,75,pca,ridge,5.263450317748427,0.29626145508381735,0.42381185705356295,0.4015001406034178,2,C
3,landscape,75,emotion,ridge,3.0041125705660376,0.28253531611332267,0.5004771167857154,0.45336179901777474,2,C
3,landscape,75,population,mlp,,0.24616281061582596,0.36657546451380535,0.3555008705142411,2,C
3,landscape,75,identity,mlp,,0.10719307012851736,0.23519431393171955,0.19873271431618572,2,C
3,landscape,75,random,mlp,,-0.16547713188006147,-0.13258889097512655,-0.16602085792666407,2,C
3,landscape,75,shuffled,mlp,,0.1345918994220344,0.14188324095635324,0.13975161881318401,2,C
3,landscape,75,pca,mlp,,0.08190374125207556,0.09693429415448857,0.08305727280441315,2,C
3,landscape,75,emotion,mlp,,0.1635984934335594,0.16099704543752,0.1850330420664069,2,C
3,landscape,75,gt_emotion,ridge,6.182218234665553,0.5576612521688011,0.5519243560379143,0.5795414943883455,2,C
3,landscape,76,population,ridge,,0.3517038425823146,0.4614694682186852,0.48414767430634237,2,C
3,landscape,76,identity,ridge,26.82229361133828,0.3712714819421125,0.4323361680953497,0.4332007350521218,2,C
3,landscape,76,random,ridge,1.6253608425460713,0.41002872173368093,0.45966430676525993,0.4897635624692858,2,C
3,landscape,76,shuffled,ridge,2.426759767617173,0.385321150593499,0.4577087151907159,0.4594838494974382,2,C
3,landscape,76,pca,ridge,5.262116319699372,0.3885709743094082,0.4176943029731227,0.4389250477836914,2,C
3,landscape,76,emotion,ridge,3.0741435151988914,0.38016063018297347,0.45680613446400326,0.4264122990743622,2,C
3,landscape,76,population,mlp,,0.29787612014704723,0.2933387361816047,0.3414738563454559,2,C
3,landscape,76,identity,mlp,,-0.08031714609040837,-0.11558047639292289,-0.11162714042221998,2,C
3,landscape,76,random,mlp,,0.14115911882150314,0.109362698053347,0.14590126746653279,2,C
3,landscape,76,shuffled,mlp,,0.02231829517760066,0.012385413305445533,0.02464896197795992,2,C
3,landscape,76,pca,mlp,,0.19516751641545765,0.11573090651404166,0.20319301120897038,2,C
3,landscape,76,emotion,mlp,,0.17376360354933712,0.05144710142261991,0.17599264180941246,2,C
3,landscape,76,gt_emotion,ridge,6.245971252256351,0.629499924026197,0.690123252319218,0.6817432648197789,2,C
3,landscape,82,population,ridge,,0.3543407148834011,0.4948310782318455,0.4903474272388035,2,C
3,landscape,82,identity,ridge,26.599811216574757,0.36198627260841915,0.4664565744626633,0.47031205417626987,2,C
3,landscape,82,random,ridge,1.6094397552605944,0.4091211805598988,0.5145918933568118,0.5178982866500456,2,C
3,landscape,82,shuffled,ridge,2.284168260511627,0.40716363393535077,0.506079542226057,0.5028548522083606,2,C
3,landscape,82,pca,ridge,5.228924772411387,0.3577211903015284,0.4913856027741591,0.4752766015816776,2,C
3,landscape,82,emotion,ridge,3.0904766575352127,0.337756540738187,0.46777396213766104,0.4803726605768839,2,C
3,landscape,82,population,mlp,,0.4320807248314303,0.4647338367338201,0.487653229675074,2,C
3,landscape,82,identity,mlp,,0.03148947916784865,0.06151187067104859,0.03509444605130123,2,C
3,landscape,82,random,mlp,,0.15080630634623848,0.2264893425861509,0.17592555736594415,2,C
3,landscape,82,shuffled,mlp,,0.11542037148736063,0.1478514321401316,0.13459797595857914,2,C
3,landscape,82,pca,mlp,,0.28998081818735916,0.3157676919456135,0.32265642743971207,2,C
3,landscape,82,emotion,mlp,,0.056772936348411025,0.0669840963979623,0.05905438006204823,2,C
3,landscape,82,gt_emotion,ridge,6.070776757268919,0.8066441742761826,0.7906034621438944,0.8095466070187234,2,C
3,landscape,84,population,ridge,,0.3516953809025047,0.5582056795549317,0.5528836945475399,2,C
3,landscape,84,identity,ridge,26.82009474366805,0.4162295936616765,0.5785606481294535,0.5879882366715874,2,C
3,landscape,84,random,ridge,1.6266675573438711,0.3609723535540533,0.531422826167403,0.5388752753333966,2,C
3,landscape,84,shuffled,ridge,2.3662547084749064,0.4033458748085191,0.570602314551445,0.5781604779217062,2,C
3,landscape,84,pca,ridge,5.278088537237823,0.3873620039000188,0.5162713833938867,0.5442312336261526,2,C
3,landscape,84,emotion,ridge,3.173834239666073,0.4557092213449197,0.5817235755771235,0.5948223736633472,2,C
3,landscape,84,population,mlp,,0.32039622001934165,0.35480903868621366,0.3853109889120906,2,C
3,landscape,84,identity,mlp,,0.30520859542520057,0.3227206295800126,0.32964624752631977,2,C
3,landscape,84,random,mlp,,0.2813727821885446,0.25058547778960194,0.2995472402240732,2,C
3,landscape,84,shuffled,mlp,,0.3669164927354174,0.4371981972021353,0.44077965712888145,2,C
3,landscape,84,pca,mlp,,0.26584483670222847,0.30185551141715683,0.27843068544711336,2,C
3,landscape,84,emotion,mlp,,0.2621651951440531,0.1863576446183664,0.2664967002878468,2,C
3,landscape,84,gt_emotion,ridge,4.780204021296459,0.6828698551539669,0.7745462990011234,0.7670663777113519,2,C
3,landscape,88,population,ridge,,0.46534777495139823,0.718731598216922,0.7092757609729743,2,C
3,landscape,88,identity,ridge,27.02978524420191,0.66884095570024,0.7661446909170511,0.7737693364043063,2,C
3,landscape,88,random,ridge,1.6160149410947668,0.48403849698069257,0.7264135956925877,0.7312088609354314,2,C
3,landscape,88,shuffled,ridge,2.3790374388611117,0.5275826932820741,0.6826213170892693,0.6594450896662827,2,C
3,landscape,88,pca,ridge,5.281783961207755,0.5732834718781438,0.7467684425070911,0.7353063202426263,2,C
3,landscape,88,emotion,ridge,3.164911512068269,0.5637129344095902,0.7279793531398573,0.7291134683725268,2,C
3,landscape,88,population,mlp,,0.6104567388694523,0.7403096930371046,0.7324729563738527,2,C
3,landscape,88,identity,mlp,,0.3925359221571849,0.45475467859133173,0.47281526309660665,2,C
3,landscape,88,random,mlp,,0.2029026978721779,0.1656767098892026,0.2263896692717951,2,C
3,landscape,88,shuffled,mlp,,0.36759904845280056,0.41761686913890855,0.43817470237791045,2,C
3,landscape,88,pca,mlp,,0.7497113836530827,0.7281261429005387,0.7518533736875568,2,C
3,landscape,88,emotion,mlp,,0.2124290958217206,0.3098242548784498,0.25127992092055973,2,C
3,landscape,88,gt_emotion,ridge,4.649052833911906,0.8635098525128759,0.8621150829609951,0.9011303944462647,2,C
3,landscape,95,population,ridge,,0.2746588459695183,0.4369935462595325,0.5108264746810954,2,C
3,landscape,95,identity,ridge,26.86969536532905,0.38672578896005694,0.52758011056118,0.5480474560402391,2,C
3,landscape,95,random,ridge,1.6254231026792274,0.3073058646362962,0.46758507453189213,0.520928831357192,2,C
3,landscape,95,shuffled,ridge,2.3192059229485267,0.30600496209716205,0.5427273721329309,0.5328137074976547,2,C
3,landscape,95,pca,ridge,5.269981013547757,0.39358544624340885,0.48684090705284344,0.560779085606953,2,C
3,landscape,95,emotion,ridge,3.1468167856609774,0.3937107230277127,0.5221350165321192,0.5621597593377164,2,C
3,landscape,95,population,mlp,,0.2412523868556294,0.35952470848244045,0.3634118540826537,2,C
3,landscape,95,identity,mlp,,0.3875866240213338,0.42026225733387307,0.4626967558066315,2,C
3,landscape,95,random,mlp,,0.232455005331902,0.2616120176689657,0.2447371722146752,2,C
3,landscape,95,shuffled,mlp,,0.3663567155497594,0.40823354961512964,0.43466948077120454,2,C
3,landscape,95,pca,mlp,,0.38806092855258495,0.35318859906680605,0.3941013516101854,2,C
3,landscape,95,emotion,mlp,,0.07148072513458925,0.05182739498569671,0.08705079826622025,2,C
3,landscape,95,gt_emotion,ridge,5.762947847993775,0.9026324299339297,0.7850055794640748,0.9299004792559061,2,C
3,landscape,96,population,ridge,,0.3744269155225858,0.5163954033939346,0.5298267481747175,2,C
3,landscape,96,identity,ridge,26.902613897989546,0.49009132627222535,0.5642235600572563,0.5660946838982299,2,C
3,landscape,96,random,ridge,1.590822836697908,0.41363346702587334,0.5253662804468479,0.5332874477755508,2,C
3,landscape,96,shuffled,ridge,2.4878572424583396,0.4454377324516118,0.5256636575867234,0.5312542717841512,2,C
3,landscape,96,pca,ridge,5.273499810978815,0.4734025604411773,0.5358736060557848,0.5532083197758866,2,C
3,landscape,96,emotion,ridge,3.257927187504555,0.501208559470568,0.5765647113620925,0.569756969466965,2,C
3,landscape,96,population,mlp,,0.3547710490282496,0.4130072844305267,0.42397994775735875,2,C
3,landscape,96,identity,mlp,,0.2168233753429879,0.27908844577322645,0.2900229945369171,2,C
3,landscape,96,random,mlp,,0.23621215380559013,0.1927003866393721,0.238848541046294,2,C
3,landscape,96,shuffled,mlp,,0.2607800558462591,0.31596321111779757,0.2894856320564322,2,C
3,landscape,96,pca,mlp,,0.3843416666703848,0.36379136778111915,0.3862122356064169,2,C
3,landscape,96,emotion,mlp,,0.36809736769002166,0.3575464478437321,0.38527343393448554,2,C
3,landscape,96,gt_emotion,ridge,6.15510377546213,0.7906886944560346,0.8152438078414553,0.8276365736117456,2,C
3,landscape,107,population,ridge,,0.15925685922715196,0.2459956761094593,0.20611279156473641,2,C
3,landscape,107,identity,ridge,26.798018485917922,0.08067806105804157,0.1158917395658592,0.10145172749581174,2,C
3,landscape,107,random,ridge,1.619041209905365,0.15297929830227594,0.22515112054210598,0.1923956707635086,2,C
3,landscape,107,shuffled,ridge,2.372185751937429,0.186515321712056,0.2762651623041566,0.24107876067654685,2,C
3,landscape,107,pca,ridge,5.271796040333276,0.14152133514679482,0.18615484672949761,0.20117427038285202,2,C
3,landscape,107,emotion,ridge,3.151597017317667,0.1397992900646469,0.25532087202117,0.19201413021628047,2,C
3,landscape,107,population,mlp,,0.15443362006482364,0.18665352030766394,0.16108175293191018,2,C
3,landscape,107,identity,mlp,,-0.08424109681200972,-0.0707119133839881,-0.09008014811186424,2,C
3,landscape,107,random,mlp,,0.05668456588771006,0.08911296841832635,0.06157767758019629,2,C
3,landscape,107,shuffled,mlp,,0.0440761427974984,0.026329964927183157,0.04863145281569303,2,C
3,landscape,107,pca,mlp,,0.1493961815551891,0.05031616403698448,0.1499774955053428,2,C
3,landscape,107,emotion,mlp,,-0.13869337766150588,-0.21577605727257865,-0.14113663905371865,2,C
3,landscape,107,gt_emotion,ridge,5.777696224788228,0.8551594168953448,0.8794166989511177,0.8892032014293813,2,C
3,landscape,122,population,ridge,,0.30255383697406507,0.540655737582069,0.5663726567855826,2,C
3,landscape,122,identity,ridge,26.454085216741603,0.4198438321610075,0.43913436372423537,0.5311275534558431,2,C
3,landscape,122,random,ridge,1.6069779985861026,0.30009840964426443,0.5279903030267057,0.5555473794557917,2,C
3,landscape,122,shuffled,ridge,2.2849831511577836,0.3680209096329702,0.4828696924232241,0.5097612911985205,2,C
3,landscape,122,pca,ridge,5.2825092067314605,0.4567924367208844,0.5008783571816312,0.561864131124423,2,C
3,landscape,122,emotion,ridge,3.145644725636613,0.5046765643466062,0.5546569796881932,0.6045408151260004,2,C
3,landscape,122,population,mlp,,0.35401793443572926,0.4747558984111944,0.4665157057868199,2,C
3,landscape,122,identity,mlp,,0.3192624061418959,0.3152011076258566,0.32406788021939803,2,C
3,landscape,122,random,mlp,,0.2412289098588732,0.34157093816495276,0.28751463481795325,2,C
3,landscape,122,shuffled,mlp,,0.33700719343179725,0.3554732315636132,0.37171419511908094,2,C
3,landscape,122,pca,mlp,,0.49493116460772635,0.4549166825647075,0.5105909070659511,2,C
3,landscape,122,emotion,mlp,,0.44369924426482177,0.49751410112786276,0.47543818090060036,2,C
3,landscape,122,gt_emotion,ridge,6.5182330180319425,0.9226880013111304,0.9359286719542116,0.9406358640775617,2,C
3,landscape,123,population,ridge,,0.4072345993011386,0.6606366823765033,0.6330599971634066,2,C
3,landscape,123,identity,ridge,26.58123674630136,0.5510315170115542,0.7126413059817174,0.6734807609569963,2,C
3,landscape,123,random,ridge,1.5945319694944147,0.4536489539833909,0.6801136992020302,0.6655829048704959,2,C
3,landscape,123,shuffled,ridge,2.3539625169164187,0.4434457787852714,0.6319154976667795,0.6011569097440255,2,C
3,landscape,123,pca,ridge,5.264627096288827,0.5305467452490364,0.7020624186703905,0.6890619567962483,2,C
3,landscape,123,emotion,ridge,3.1353933422293125,0.5391680610915479,0.6979099582304304,0.6656762542979279,2,C
3,landscape,123,population,mlp,,0.3056077373250792,0.39260524778765254,0.36683712329308754,2,C
3,landscape,123,identity,mlp,,0.27107095025316297,0.3150432188555414,0.3221984762256264,2,C
3,landscape,123,random,mlp,,0.17550066040830964,0.21973436494788665,0.19541521799350592,2,C
3,landscape,123,shuffled,mlp,,0.37307888218220714,0.4248362502501998,0.43472155118997025,2,C
3,landscape,123,pca,mlp,,0.45038415764720846,0.4740725668954404,0.5116880647834187,2,C
3,landscape,123,emotion,mlp,,0.21380718218671674,0.23772836018771357,0.23844437434467336,2,C
3,landscape,123,gt_emotion,ridge,4.345031187194888,0.9086968696485783,0.9214067169565231,0.9274232531223602,2,C
3,landscape,132,population,ridge,,0.06893106510020487,0.27407396128981615,0.33848050380884354,2,C
3,landscape,132,identity,ridge,26.78186694317491,0.30884417728156155,0.2368133042076296,0.36439253261517396,2,C
3,landscape,132,random,ridge,1.6176310474942366,0.25155381854428693,0.2662563302398751,0.3491969930394131,2,C
3,landscape,132,shuffled,ridge,2.3228207892416712,0.2689867817412215,0.2721956992843108,0.3312423913782073,2,C
3,landscape,132,pca,ridge,5.288069646888228,0.3540663483471919,0.2917905407471501,0.40408647139645204,2,C
3,landscape,132,emotion,ridge,3.086667634968836,0.34295988909077113,0.27696750005505405,0.38070634085162025,2,C
3,landscape,132,population,mlp,,0.14065912664146232,0.3581388769956756,0.4583349516250216,2,C
3,landscape,132,identity,mlp,,0.15909557861608967,0.14645367259142797,0.16159797062913397,2,C
3,landscape,132,random,mlp,,0.20074160163486932,0.0988371925599689,0.20474756099870586,2,C
3,landscape,132,shuffled,mlp,,0.10151414072960963,0.10959912621313447,0.11739546756965841,2,C
3,landscape,132,pca,mlp,,0.3231337795586889,0.2665101494298083,0.32728586861180925,2,C
3,landscape,132,emotion,mlp,,0.32985213593148777,0.2456969758552899,0.3579523289943296,2,C
3,landscape,132,gt_emotion,ridge,6.025350781739939,0.7713315071794501,0.7657910995932452,0.7986508712402477,2,C
3,landscape,140,population,ridge,,0.23295298072981144,0.47034245332029995,0.3668841285454856,2,C
3,landscape,140,identity,ridge,26.582856590879313,0.34282171179797116,0.5147528977324632,0.47565394403534883,2,C
3,landscape,140,random,ridge,1.6291550694623889,0.2748918075479153,0.46869946602702484,0.38705518634034936,2,C
3,landscape,140,shuffled,ridge,2.2922097419807663,0.233808303628192,0.46202794186645324,0.38379380152912973,2,C
3,landscape,140,pca,ridge,5.264125752633161,0.23721827357063957,0.4323545956000301,0.36246741334502025,2,C
3,landscape,140,emotion,ridge,3.049851184842351,0.2559394916512595,0.5036004991356869,0.416106944013842,2,C
3,landscape,140,population,mlp,,0.09540699958906936,0.2948415379022776,0.1480472942299026,2,C
3,landscape,140,identity,mlp,,0.3058564600283297,0.3877947887066599,0.38125444941086123,2,C
3,landscape,140,random,mlp,,0.0901800312106202,0.1362185828606267,0.09504390465512767,2,C
3,landscape,140,shuffled,mlp,,0.03756189228424839,0.08254766461364002,0.0519858215123664,2,C
3,landscape,140,pca,mlp,,0.06851024413047618,0.02011414746918611,0.07042254874331219,2,C
3,landscape,140,emotion,mlp,,-0.01833734876932278,0.03748998278291371,-0.02211420076442766,2,C
3,landscape,140,gt_emotion,ridge,6.198249840936925,0.8175328215579418,0.8245458165178257,0.8401305920445442,2,C
3,landscape,141,population,ridge,,0.3663184275504051,0.5190558595130934,0.5042267850028933,2,C
3,landscape,141,identity,ridge,27.0650577730787,0.39436314476360096,0.5354287624641775,0.5059163915105289,2,C
3,landscape,141,random,ridge,1.634089354690124,0.409984121730295,0.5047233487230866,0.5064577688123562,2,C
3,landscape,141,shuffled,ridge,2.412641018167508,0.39272992484168573,0.49825381260259743,0.48016027040223136,2,C
3,landscape,141,pca,ridge,5.277738463797522,0.39042560816145494,0.5198023444500729,0.49756675560896335,2,C
3,landscape,141,emotion,ridge,3.0699483449376195,0.38035729722859535,0.5194042191503504,0.513876128986562,2,C
3,landscape,141,population,mlp,,0.4642681250887365,0.5395593124487976,0.5456926604957585,2,C
3,landscape,141,identity,mlp,,-0.009734878279505964,0.03483596372571097,-0.013327026264110566,2,C
3,landscape,141,random,mlp,,-0.19191683930846765,-0.10401023455247987,-0.21268532949327565,2,C
3,landscape,141,shuffled,mlp,,0.16062730106687403,0.29804655250469,0.17791147156997938,2,C
3,landscape,141,pca,mlp,,0.2296881633777111,0.24355315210518494,0.2309099525200389,2,C
3,landscape,141,emotion,mlp,,0.018697811906111944,-0.05464269738690092,0.019917628589336184,2,C
3,landscape,141,gt_emotion,ridge,4.852732900484377,0.5396553012733236,0.6490358761656781,0.7333938567064775,2,C
4,art,1,population,ridge,,0.34591367196194833,0.37612570655572103,0.3846845982450031,2,C
4,art,1,identity,ridge,26.200989249319356,0.39647712022029846,0.41701341342938514,0.4979695680093834,2,C
4,art,1,random,ridge,3.2911458572309726,0.3516419598685886,0.42545873323704364,0.40835314209815426,2,C
4,art,1,shuffled,ridge,4.090981955965515,0.38488347955797036,0.4150050751824419,0.4382156466895188,2,C
4,art,1,pca,ridge,5.221561643414372,0.3934160352155797,0.44785942906833315,0.4831779863738605,2,C
4,art,1,emotion,ridge,4.393279970865652,0.3301312667136521,0.39723900607486745,0.4288311760576868,2,C
4,art,1,population,mlp,,0.40246088872795965,0.39033856184178056,0.4044745882103978,2,C
4,art,1,identity,mlp,,0.15848942206215152,0.17369551043434378,0.18142982847562114,2,C
4,art,1,random,mlp,,0.29528973553545607,0.2849265518035055,0.30152763925407405,2,C
4,art,1,shuffled,mlp,,0.4422345757877168,0.49981874422642775,0.4570095957078924,2,C
4,art,1,pca,mlp,,0.47635972079400646,0.4730923967863374,0.49473959499279224,2,C
4,art,1,emotion,mlp,,0.3911473374078123,0.37988490378717876,0.4017279882479961,2,C
4,art,1,gt_emotion,ridge,5.71379258367305,0.8859963495491214,0.8856363163844742,0.8919971710665482,2,C
4,art,2,population,ridge,,0.4805622131486971,0.7873181898444129,0.7423195284402854,2,C
4,art,2,identity,ridge,26.15725607290609,0.6703652128775713,0.7768921071185126,0.7381289204423627,2,C
4,art,2,random,ridge,3.358138501377004,0.6193533249561849,0.7776864753262003,0.7328708205706237,2,C
4,art,2,shuffled,ridge,3.863561592402725,0.5528067917213534,0.7957583520510941,0.7525325640325188,2,C
4,art,2,pca,ridge,5.301189732013849,0.660293549812478,0.7575293820561264,0.7193981691384006,2,C
4,art,2,emotion,ridge,4.312299938256879,0.7108080869200678,0.7964534242328207,0.7702521088603466,2,C
4,art,2,population,mlp,,0.638219531127823,0.778480843533888,0.7345009823883911,2,C
4,art,2,identity,mlp,,0.2224834681812426,0.3396420567994469,0.2890205721433643,2,C
4,art,2,random,mlp,,0.5336250862754214,0.562958819185635,0.5365756647673438,2,C
4,art,2,shuffled,mlp,,0.32578159249978395,0.3908788061952997,0.3357549015405893,2,C
4,art,2,pca,mlp,,0.5546340339086311,0.6569921557706594,0.5654634716842566,2,C
4,art,2,emotion,mlp,,0.475879360219482,0.5880807137537565,0.5254260693922799,2,C
4,art,2,gt_emotion,ridge,6.2140645426301555,0.7604571129631551,0.797338001513502,0.7728034749181621,2,C
4,art,12,population,ridge,,0.4071379504854814,0.5077032044344681,0.49957041074276787,2,C
4,art,12,identity,ridge,26.097664548351915,0.38158501232659214,0.48113087751580846,0.4486607139149495,2,C
4,art,12,random,ridge,3.3622514956135956,0.40266445458936667,0.49492221829298355,0.4713896226124445,2,C
4,art,12,shuffled,ridge,3.9560174201486142,0.41207582655891234,0.5445306309053863,0.5208675976261408,2,C
4,art,12,pca,ridge,5.286537398205637,0.3848284968584962,0.48052466473439415,0.46312338234908673,2,C
4,art,12,emotion,ridge,4.177081198017072,0.5216827481760494,0.6114161077880964,0.5793519206187125,2,C
4,art,12,population,mlp,,0.5086782871040747,0.5469554820310435,0.5267881268199675,2,C
4,art,12,identity,mlp,,0.3063457474145453,0.3625657610175302,0.35001274778590136,2,C
4,art,12,random,mlp,,0.11679070896667336,0.14084343621525347,0.12257177381747222,2,C
4,art,12,shuffled,mlp,,0.06312981658862517,0.07092689542547197,0.06527089341154273,2,C
4,art,12,pca,mlp,,0.19632316945280764,0.18994667150981098,0.21445645439763655,2,C
4,art,12,emotion,mlp,,0.4140264923845205,0.411315372189596,0.42866755262963635,2,C
4,art,12,gt_emotion,ridge,5.3150293915445195,0.7408935331906653,0.7689523337520064,0.7583095335579627,2,C
4,art,13,population,ridge,,0.26281912226980464,0.40268344706643516,0.4344862528718203,2,C
4,art,13,identity,ridge,25.991007931289918,0.4809524852948166,0.6044169812997904,0.6033972758538454,2,C
4,art,13,random,ridge,3.287109983764669,0.3118524669271228,0.4115481641570487,0.43550575653730933,2,C
4,art,13,shuffled,ridge,4.206733998128894,0.35252883268718416,0.49534667764898144,0.5043052398597919,2,C
4,art,13,pca,ridge,5.24610754405437,0.4685096796183065,0.5409436478774966,0.556513251510784,2,C
4,art,13,emotion,ridge,4.290249110059223,0.273209713649057,0.3476830200346173,0.35474129740773325,2,C
4,art,13,population,mlp,,0.431382593844497,0.4653241827509366,0.5007914333916565,2,C
4,art,13,identity,mlp,,0.48545006891849624,0.5058276138776627,0.4956855505739495,2,C
4,art,13,random,mlp,,0.4030306399013029,0.46277741320004206,0.4400010262166669,2,C
4,art,13,shuffled,mlp,,0.05051272971644953,0.10907030365080894,0.050520838213544146,2,C
4,art,13,pca,mlp,,0.4634954619440274,0.4946120325862234,0.4891591605564754,2,C
4,art,13,emotion,mlp,,0.1363550311208856,0.052698539168509397,0.1394557346386361,2,C
4,art,13,gt_emotion,ridge,6.017013754105844,0.8850078544994764,0.9036078424293498,0.8980907868866791,2,C
4,art,26,population,ridge,,0.334832161355083,0.4485805304540108,0.42048678376241677,2,C
4,art,26,identity,ridge,26.104466487918383,0.3495089495250489,0.4197432106391101,0.43268260870796343,2,C
4,art,26,random,ridge,3.250461258234723,0.34680411833627045,0.4534868800058515,0.4124121162217416,2,C
4,art,26,shuffled,ridge,4.075860298906238,0.3624979316467559,0.43035694640431665,0.42402320270282146,2,C
4,art,26,pca,ridge,5.2618310885349535,0.3933036693897624,0.47346273175263165,0.47407317345080435,2,C
4,art,26,emotion,ridge,4.292499248937486,0.3196763909584292,0.40532455073165974,0.39554130163245127,2,C
4,art,26,population,mlp,,0.33910693732343916,0.37668749008214036,0.36137261667549986,2,C
4,art,26,identity,mlp,,0.04707019677378315,0.040802804946430675,0.06373676364358238,2,C
4,art,26,random,mlp,,0.27638867743472045,0.2688479295243346,0.27876124024214455,2,C
4,art,26,shuffled,mlp,,0.40122063221656,0.35946520185935243,0.4131609674509936,2,C
4,art,26,pca,mlp,,0.3529335613203617,0.37413418572352936,0.3737738257625564,2,C
4,art,26,emotion,mlp,,0.3625865339508699,0.38289552420895917,0.3809922942034803,2,C
4,art,26,gt_emotion,ridge,4.954726279611802,0.5870854931785855,0.6289139088798308,0.6231036805359548,2,C
4,art,29,population,ridge,,0.2789905290425579,0.32442617288488834,0.3399598003600774,2,C
4,art,29,identity,ridge,26.0572035967537,0.21689493099916768,0.3400051035441564,0.313047542859278,2,C
4,art,29,random,ridge,3.3290399695700623,0.27262403636560795,0.3547747391042418,0.35305933014106194,2,C
4,art,29,shuffled,ridge,4.2337166793503815,0.27394314625558214,0.3388417418390812,0.3352904117693851,2,C
4,art,29,pca,ridge,5.1940350893774125,0.27775674046631177,0.4687336052579139,0.46000705644371875,2,C
4,art,29,emotion,ridge,4.443365985505641,0.13836957270868516,0.3443550647022638,0.32315729475312627,2,C
4,art,29,population,mlp,,0.1841016585460368,0.17683097917143276,0.2025062299036599,2,C
4,art,29,identity,mlp,,0.040109330770892786,0.012948721586924138,0.047640408945142834,2,C
4,art,29,random,mlp,,-0.06950923256740264,-0.15826777283392823,-0.08631021313571839,2,C
4,art,29,shuffled,mlp,,0.024572790154776297,0.018006815956816375,0.02503714992817946,2,C
4,art,29,pca,mlp,,0.29933939991180136,0.37106180297529473,0.38174218872321336,2,C
4,art,29,emotion,mlp,,0.21411668883637477,0.23155956025366678,0.2410890130840523,2,C
4,art,29,gt_emotion,ridge,5.148477118629717,0.35269509524130943,0.4842619549734832,0.5074222803327869,2,C
4,art,34,population,ridge,,0.28028616741029566,0.6266138095529693,0.6269887486468249,2,C
4,art,34,identity,ridge,26.322694459588128,0.5968995581979648,0.720800665321142,0.7088884123644544,2,C
4,art,34,random,ridge,3.3499557745012107,0.4705200500249749,0.6446128683777771,0.6444607042103239,2,C
4,art,34,shuffled,ridge,3.993985551287618,0.4188148200735277,0.637413244847854,0.6245180068348979,2,C
4,art,34,pca,ridge,5.2585706177509906,0.5097988515230037,0.6524535542768031,0.6617042521117743,2,C
4,art,34,emotion,ridge,4.251160494776197,0.5984733500668754,0.6661624264776155,0.6344845508525537,2,C
4,art,34,population,mlp,,0.32457149509997957,0.503283272235587,0.5166587294068218,2,C
4,art,34,identity,mlp,,0.5468181592004504,0.5630006975420043,0.5665933405281007,2,C
4,art,34,random,mlp,,0.30947804192570255,0.2925710027605073,0.3178454377361361,2,C
4,art,34,shuffled,mlp,,0.4203948411007528,0.44016328512393194,0.4446622339025207,2,C
4,art,34,pca,mlp,,0.4331706397709403,0.5235507055972201,0.5087531603599011,2,C
4,art,34,emotion,mlp,,0.4059853754970358,0.4234463510373295,0.4193062928745669,2,C
4,art,34,gt_emotion,ridge,6.580860405962621,0.8750176120272397,0.9048714415356447,0.876066540235892,2,C
4,art,38,population,ridge,,0.37808082432104606,0.6213089799401921,0.6094974357214689,2,C
4,art,38,identity,ridge,26.02688615785287,0.47533425323521017,0.6601530371061155,0.6577116222123262,2,C
4,art,38,random,ridge,3.32903156887183,0.4139169321079292,0.6295872216312904,0.6349546300923663,2,C
4,art,38,shuffled,ridge,4.050677192019233,0.3818934272346698,0.6126388688199292,0.6127706860205361,2,C
4,art,38,pca,ridge,5.282716510142186,0.4282329768586618,0.5958864507231502,0.5913357253350593,2,C
4,art,38,emotion,ridge,4.289310476479258,0.47635069278134595,0.6786688676341345,0.6833247081878345,2,C
4,art,38,population,mlp,,0.47536915531795726,0.5338241298792347,0.547072027214885,2,C
4,art,38,identity,mlp,,0.4917292772554209,0.5132020011694569,0.5058005918470118,2,C
4,art,38,random,mlp,,0.25510689167475514,0.273084008448957,0.3497468588689463,2,C
4,art,38,shuffled,mlp,,0.3037783483341232,0.3887344737311072,0.35870324759997935,2,C
4,art,38,pca,mlp,,0.484531640738471,0.5255458881881363,0.5265364995207892,2,C
4,art,38,emotion,mlp,,0.20357304768607523,0.26064215407298663,0.23985849341458598,2,C
4,art,38,gt_emotion,ridge,6.098436351966682,0.8288265690790307,0.8389183118483855,0.8517140057771256,2,C
4,art,43,population,ridge,,0.18888502184665765,0.3190238946588173,0.34797546665302076,2,C
4,art,43,identity,ridge,26.043448808980926,0.32851015943861583,0.4796132945031928,0.44456187559636084,2,C
4,art,43,random,ridge,3.326450881938558,0.22383295131008,0.34679278447637174,0.3622485184736161,2,C
4,art,43,shuffled,ridge,3.7880780343185863,0.2528382788026476,0.29414453658594664,0.32034081445051643,2,C
4,art,43,pca,ridge,5.263189209861694,0.3166854768539985,0.403310066397814,0.4255006463049939,2,C
4,art,43,emotion,ridge,4.201538811271002,0.30326431009996824,0.3517392710223558,0.35028829886043755,2,C
4,art,43,population,mlp,,0.29498968479618193,0.39919615679521336,0.37695223052623505,2,C
4,art,43,identity,mlp,,0.3153304256175754,0.37118239140607556,0.3623518797465144,2,C
4,art,43,random,mlp,,-0.0836042278376046,-0.1330164104840878,-0.09474658824848038,2,C
4,art,43,shuffled,mlp,,-0.049092624100786283,-0.10774525149668376,-0.05168575773410552,2,C
4,art,43,pca,mlp,,0.2888403920115061,0.3382221394709537,0.34223009070999993,2,C
4,art,43,emotion,mlp,,0.0321299510450764,0.1017702875500495,0.03311346202019045,2,C
4,art,43,gt_emotion,ridge,6.8568205057856515,0.8890173587651073,0.9390436676234329,0.9389520726584435,2,C
4,art,48,population,ridge,,0.42441728991341354,0.6665161890592995,0.6584587750570847,2,C
4,art,48,identity,ridge,26.0286649240568,0.637725914140814,0.6682321189318318,0.6738936925179638,2,C
4,art,48,random,ridge,3.3094626184958726,0.5779087407920764,0.6890684102411516,0.6772583677151455,2,C
4,art,48,shuffled,ridge,4.094531057308013,0.5056752248765576,0.6730367225749219,0.6737582152587918,2,C
4,art,48,pca,ridge,5.232922005016695,0.6663450272639002,0.6890684102411516,0.6916604998338265,2,C
4,art,48,emotion,ridge,4.362797879547712,0.640166402437486,0.6606330009249034,0.6596352722900156,2,C
4,art,48,population,mlp,,0.5528091807961155,0.6021443055554481,0.6257916419693533,2,C
4,art,48,identity,mlp,,0.41004953596123106,0.4755086809625705,0.4619895474804286,2,C
4,art,48,random,mlp,,0.5575905891927789,0.5554710130225717,0.5580523539567265,2,C
4,art,48,shuffled,mlp,,0.09923640612935057,0.09457224926041843,0.10035126608619649,2,C
4,art,48,pca,mlp,,0.5686186816285592,0.5590009259032095,0.5747264676198176,2,C
4,art,48,emotion,mlp,,0.3781390715452128,0.38147572394780505,0.3957215851036485,2,C
4,art,48,gt_emotion,ridge,6.174351758431897,0.7464977807192944,0.835319211703651,0.7823054416336019,2,C
4,art,49,population,ridge,,0.3438101117066706,0.5250725532488049,0.5186101922267201,2,C
4,art,49,identity,ridge,26.23091048791928,0.4353915264517182,0.6378424686036724,0.6182648687457599,2,C
4,art,49,random,ridge,3.3003797102921717,0.32222770005602114,0.5036561614292181,0.46507599112715087,2,C
4,art,49,shuffled,ridge,3.8242145045540408,0.39590594734238826,0.5813585899478572,0.55697718169852,2,C
4,art,49,pca,ridge,5.281759046971296,0.39395250170670576,0.5973343279564635,0.5831589477604304,2,C
4,art,49,emotion,ridge,4.106777577748657,0.3959525930218526,0.5880357559886059,0.5599067494173691,2,C
4,art,49,population,mlp,,0.5103207143068254,0.6112327254190589,0.5899629776933885,2,C
4,art,49,identity,mlp,,0.17438609005974287,0.14432570745855428,0.193442178796769,2,C
4,art,49,random,mlp,,0.013155608131034441,0.04728422766633924,0.014361662559095352,2,C
4,art,49,shuffled,mlp,,0.14869467629258015,0.15659190877785567,0.16917214788069793,2,C
4,art,49,pca,mlp,,0.4021723048712109,0.5219565424297887,0.5401246334251141,2,C
4,art,49,emotion,mlp,,0.15985945855596814,0.12360176248763782,0.16525741736683008,2,C
4,art,49,gt_emotion,ridge,6.390948225993763,0.8989129323150595,0.9052924614517154,0.9198442073007415,2,C
4,art,56,population,ridge,,0.04549057744825362,0.08793057682232729,0.16851920520253422,2,C
4,art,56,identity,ridge,26.140693661797954,0.2106657620795434,0.30359354010662964,0.3294906842178147,2,C
4,art,56,random,ridge,3.310778006327711,0.10707955018228275,0.06499216547737233,0.15928441614265623,2,C
4,art,56,shuffled,ridge,4.189477395043169,0.15315604980081543,0.15512231599031173,0.22615289595674795,2,C
4,art,56,pca,ridge,5.233762885674475,0.14590735174938618,0.15344645032127394,0.2207411633417378,2,C
4,art,56,emotion,ridge,4.358305444031835,0.13183710951681804,0.19314351835660692,0.2187304719158144,2,C
4,art,56,population,mlp,,0.036009952366134274,0.0258711762657711,0.08578626156862137,2,C
4,art,56,identity,mlp,,0.17297131543679273,0.2603352575245914,0.25660448322669765,2,C
4,art,56,random,mlp,,0.09432997587864074,0.008065103532244433,0.10572442961290357,2,C
4,art,56,shuffled,mlp,,0.17889370336433066,0.23561623890628378,0.184642775557615,2,C
4,art,56,pca,mlp,,0.27927996407345757,0.34182422568155457,0.313165276265907,2,C
4,art,56,emotion,mlp,,-0.022229022819118968,-0.011521576474634903,-0.02414712069845258,2,C
4,art,56,gt_emotion,ridge,6.225295701593765,0.779257082229662,0.688749089673576,0.8327977521074379,2,C
4,art,61,population,ridge,,0.25886734095753366,0.4198381239277841,0.4318680724995486,2,C
4,art,61,identity,ridge,26.032097802036777,0.3596820359211797,0.4719480045586487,0.46890427763325493,2,C
4,art,61,random,ridge,3.3223423516923165,0.32979764424560715,0.4392978291104362,0.44336591588593666,2,C
4,art,61,shuffled,ridge,4.060482781233571,0.2986788610049279,0.38177132951120446,0.391589654906429,2,C
4,art,61,pca,ridge,5.2305185485492265,0.3775322037524193,0.44927845109844583,0.4743556257247768,2,C
4,art,61,emotion,ridge,4.284064230119625,0.3375658879994915,0.3458611519061043,0.3829263512048258,2,C
4,art,61,population,mlp,,0.38280594769581405,0.45986091963849623,0.48765779707173085,2,C
4,art,61,identity,mlp,,0.04840719401051807,0.1667616487946341,0.05474020107129177,2,C
4,art,61,random,mlp,,0.14726122293689164,0.1457973272318801,0.15367106569931727,2,C
4,art,61,shuffled,mlp,,0.15488965537264143,0.11374899833570834,0.19237329144938006,2,C
4,art,61,pca,mlp,,0.4721852909274618,0.5461757459770121,0.49116132196146384,2,C
4,art,61,emotion,mlp,,0.10789434526166233,0.12082069532218755,0.12315889721070457,2,C
4,art,61,gt_emotion,ridge,4.829147905448804,0.4699764524771958,0.5503015767640933,0.5764009147088596,2,C
4,art,72,population,ridge,,0.18157577541471792,0.4682371698942248,0.44758370728786867,2,C
4,art,72,identity,ridge,26.009507068913386,0.40017305276197257,0.4767596346150244,0.45517437632724983,2,C
4,art,72,random,ridge,3.3107321438637047,0.31960435434250406,0.45617613795016926,0.42975437153971463,2,C
4,art,72,shuffled,ridge,3.8379618827193025,0.3365599735855695,0.4693336273436844,0.4633175024431183,2,C
4,art,72,pca,ridge,5.2616835119699505,0.3584230577646189,0.399509223403098,0.4198548905633987,2,C
4,art,72,emotion,ridge,4.386615517684894,0.38912355196194764,0.4600137390232778,0.45857312101113634,2,C
4,art,72,population,mlp,,0.256882741485429,0.43364892126127197,0.478637314464235,2,C
4,art,72,identity,mlp,,0.33870130741748145,0.32485043888989434,0.3516282566913078,2,C
4,art,72,random,mlp,,0.3195276394956996,0.3171752367436772,0.32580941751950815,2,C
4,art,72,shuffled,mlp,,0.37085290558182976,0.3361638862093184,0.39594277710683207,2,C
4,art,72,pca,mlp,,0.2396077109892335,0.295345765704436,0.26067788777503964,2,C
4,art,72,emotion,mlp,,0.2536010985716269,0.2908602579566467,0.2859038122368121,2,C
4,art,72,gt_emotion,ridge,6.062215939372169,0.868143413444205,0.8075881399764863,0.8871001898218388,2,C
4,art,77,population,ridge,,0.32617156951348597,0.5115310594777744,0.4896374049544458,2,C
4,art,77,identity,ridge,26.284251980617185,0.437065127514204,0.5316696879559574,0.5185796934383439,2,C
4,art,77,random,ridge,3.355862998505824,0.37082496151087607,0.5196458876606295,0.5155615203524825,2,C
4,art,77,shuffled,ridge,4.072931426292757,0.3377387556610173,0.44235709728490075,0.4537772817578119,2,C
4,art,77,pca,ridge,5.281143228411836,0.3903680607975051,0.4765482331041252,0.4677348049994459,2,C
4,art,77,emotion,ridge,4.366935059578222,0.4002359458565027,0.49243152485227426,0.480925756157258,2,C
4,art,77,population,mlp,,0.3372391453047448,0.4118275302798913,0.39185607353850105,2,C
4,art,77,identity,mlp,,0.3332981482091289,0.3811990019555789,0.38049103395197614,2,C
4,art,77,random,mlp,,0.09025363416688355,0.19406314715339826,0.10020783115752685,2,C
4,art,77,shuffled,mlp,,0.11613532470155455,0.0673431777857662,0.12149441105948365,2,C
4,art,77,pca,mlp,,0.3613567575262221,0.44651347269563135,0.4195016746736984,2,C
4,art,77,emotion,mlp,,0.21016005768426993,0.19950601971506934,0.21913203268900533,2,C
4,art,77,gt_emotion,ridge,6.673907888609723,0.5240419023616595,0.594281722586469,0.5780222528672365,2,C
4,art,78,population,ridge,,0.3318857209084437,0.59660049698074,0.5960709321097977,2,C
4,art,78,identity,ridge,26.50735867622665,0.49188318873172504,0.5999505245442983,0.6171280200800978,2,C
4,art,78,random,ridge,3.3095686918998646,0.3905161000127998,0.5351669032784293,0.5509005617226803,2,C
4,art,78,shuffled,ridge,3.863985103483511,0.3366842377778872,0.5840871587286254,0.6128630522299359,2,C
4,art,78,pca,ridge,5.280880643287592,0.5381104451408628,0.6268492752752217,0.6657041148950481,2,C
4,art,78,emotion,ridge,4.325766730020347,0.43771165793204425,0.5315705501587271,0.5908640157651236,2,C
4,art,78,population,mlp,,0.3929085152498975,0.48043336470323517,0.4759486278609872,2,C
4,art,78,identity,mlp,,0.28933924755327206,0.41318648787592627,0.40412524655709176,2,C
4,art,78,random,mlp,,0.3506876095243212,0.4101320509797408,0.35471006956917367,2,C
4,art,78,shuffled,mlp,,0.0716386138876813,0.08227273575209214,0.07777921435854446,2,C
4,art,78,pca,mlp,,0.49195799605420526,0.5803922753864657,0.5542048343452627,2,C
4,art,78,emotion,mlp,,0.24242149201105173,0.2613021499575429,0.2509090433462834,2,C
4,art,78,gt_emotion,ridge,5.723912953068168,0.8675941729883994,0.84914029639656,0.8769894419688787,2,C
4,art,89,population,ridge,,0.25393462310114884,0.4935470497048554,0.4910827274244855,2,C
4,art,89,identity,ridge,26.040517707783987,0.3477502901614794,0.422917983287972,0.41589532580617466,2,C
4,art,89,random,ridge,3.325793240016568,0.3711512596189176,0.4357642114879044,0.49834144079932735,2,C
4,art,89,shuffled,ridge,4.110661418221972,0.3686588790499137,0.4628168567559974,0.41928446546666676,2,C
4,art,89,pca,ridge,5.264293852567962,0.40259535575800254,0.5160153547133648,0.4590484009159211,2,C
4,art,89,emotion,ridge,4.264994534874573,0.3449569603179795,0.4496179869976355,0.4658140421617831,2,C
4,art,89,population,mlp,,0.3491763232145527,0.5198944118560894,0.5012910494529266,2,C
4,art,89,identity,mlp,,0.13061028711716577,0.12528850797345878,0.1542872707811405,2,C
4,art,89,random,mlp,,0.24731079812771348,0.22725229572507938,0.2712965813546145,2,C
4,art,89,shuffled,mlp,,0.18627081270804538,0.2570253187296287,0.1955577930918733,2,C
4,art,89,pca,mlp,,0.15164677112650823,0.12035152615544552,0.16031310222505005,2,C
4,art,89,emotion,mlp,,0.17814582261829953,0.15672398403917578,0.1823135188018088,2,C
4,art,89,gt_emotion,ridge,4.949570741357694,0.778100866129029,0.7859246420276882,0.7890040393214919,2,C
4,art,90,population,ridge,,0.23569684375690556,0.4074384680532844,0.3905626199132708,2,C
4,art,90,identity,ridge,26.32305700378376,0.44460932996372704,0.6162650083017025,0.5835666554599059,2,C
4,art,90,random,ridge,3.308528724319019,0.26662907730522395,0.4811331597801778,0.4281424097157908,2,C
4,art,90,shuffled,ridge,3.9428277824217366,0.3152825874998255,0.6017154139918627,0.5887803770367049,2,C
4,art,90,pca,ridge,5.24951547986926,0.41457252589021343,0.6157169071461949,0.5680799806696203,2,C
4,art,90,emotion,ridge,4.314954667662042,0.3669303501155339,0.4869629629796683,0.4930437120126754,2,C
4,art,90,population,mlp,,0.36201805201447523,0.45955790520428536,0.42655266805376674,2,C
4,art,90,identity,mlp,,0.25182712613224156,0.28790258877484126,0.3291810548005809,2,C
4,art,90,random,mlp,,0.1750251478763214,0.22472147375814017,0.17890470204378794,2,C
4,art,90,shuffled,mlp,,-0.027619315703001236,-0.03233796817495188,-0.03075822034279758,2,C
4,art,90,pca,mlp,,0.3077489260709681,0.3345908417485391,0.34484549569105905,2,C
4,art,90,emotion,mlp,,0.26479791382413864,0.3241270924161202,0.33686345074142127,2,C
4,art,90,gt_emotion,ridge,4.720200507834788,0.7094464378464117,0.7866437001393826,0.7849256636492268,2,C
4,art,97,population,ridge,,0.3435841240156309,0.4422177687194491,0.4366269617068607,2,C
4,art,97,identity,ridge,26.265021623845662,0.37954308697488964,0.5233757230879179,0.5022635056625172,2,C
4,art,97,random,ridge,3.326854718987906,0.349694285377033,0.4558531100919569,0.45086671386437127,2,C
4,art,97,shuffled,ridge,3.991751207405638,0.2995096895620462,0.3951733252386567,0.3894811173327954,2,C
4,art,97,pca,ridge,5.271114670308774,0.3085516700357376,0.44669579595986686,0.43182347467213344,2,C
4,art,97,emotion,ridge,4.270166283647282,0.324060863371927,0.4456894977035932,0.4364516844182749,2,C
4,art,97,population,mlp,,0.5154024094436068,0.5060673930800114,0.5232331338219092,2,C
4,art,97,identity,mlp,,0.18415870707046791,0.2590211711648338,0.2382408570387352,2,C
4,art,97,random,mlp,,-0.04249962339290371,-0.021685727422696845,-0.04518009827439929,2,C
4,art,97,shuffled,mlp,,-0.25456915943350655,-0.11335949856922505,-0.2608612381337238,2,C
4,art,97,pca,mlp,,0.27463268566406124,0.3489339203628832,0.33679383165501814,2,C
4,art,97,emotion,mlp,,0.35735203849305747,0.43210447124389917,0.41626751956976776,2,C
4,art,97,gt_emotion,ridge,5.997044542860689,0.7025019268970029,0.7080206733845782,0.7373418148029472,2,C
4,art,103,population,ridge,,0.40160454302347204,0.6525610081142803,0.6926460338780216,2,C
4,art,103,identity,ridge,26.27966643348931,0.6737019289505645,0.7011910327434546,0.7759159582151989,2,C
4,art,103,random,ridge,3.353206868981329,0.47882377039462115,0.5975901075837659,0.6281744847366161,2,C
4,art,103,shuffled,ridge,4.115808438577173,0.558428102025634,0.7046360755559937,0.7489452011725125,2,C
4,art,103,pca,ridge,5.257412308954293,0.6028444252657428,0.6365340698124681,0.709488500117363,2,C
4,art,103,emotion,ridge,4.209614585967268,0.6760694376286297,0.6993436909454265,0.7406416182513113,2,C
4,art,103,population,mlp,,0.5065441335485855,0.6413271728560008,0.6435709656535479,2,C
4,art,103,identity,mlp,,0.34817475542152254,0.48045865195743837,0.5023632818127706,2,C
4,art,103,random,mlp,,0.3388921854515045,0.29252907012559815,0.41975499455036736,2,C
4,art,103,shuffled,mlp,,0.3528406622045537,0.28409121164271267,0.35939623069639937,2,C
4,art,103,pca,mlp,,0.5919984796099366,0.5671838601513561,0.6145771402362045,2,C
4,art,103,emotion,mlp,,0.5048222001195517,0.6105714283266667,0.5559803086805336,2,C
4,art,103,gt_emotion,ridge,5.224725804471895,0.6729342602656507,0.7408084959450392,0.7222976644831609,2,C
4,art,108,population,ridge,,0.1320282263018523,0.3038819974429313,0.29046023088455647,2,C
4,art,108,identity,ridge,26.01206226405974,0.3826185914051842,0.46180727148583406,0.4881555503514158,2,C
4,art,108,random,ridge,3.27971454811457,0.24607398471754852,0.3907905602023904,0.35181487296454306,2,C
4,art,108,shuffled,ridge,4.060511818162469,0.20576704135197055,0.35051464911786395,0.311379106456227,2,C
4,art,108,pca,ridge,5.236553032239987,0.31859034649822005,0.47620926188597296,0.42151517254545395,2,C
4,art,108,emotion,ridge,4.364445779220499,0.34586766545342695,0.43295362864969367,0.4357696716765721,2,C
4,art,108,population,mlp,,0.20113465109745424,0.3110829926430008,0.27970914121473395,2,C
4,art,108,identity,mlp,,0.4114388578718713,0.37241560693324766,0.42826117912120776,2,C
4,art,108,random,mlp,,0.08843166927170262,0.05934613285574488,0.09312041706564521,2,C
4,art,108,shuffled,mlp,,0.11613573897355899,0.1366202606578696,0.11943896524140662,2,C
4,art,108,pca,mlp,,0.2518943577549737,0.3109340065354132,0.27136216900827526,2,C
4,art,108,emotion,mlp,,0.03177511142695596,0.0676396928447904,0.034096234798457484,2,C
4,art,108,gt_emotion,ridge,5.895814516600415,0.8266070556302751,0.8243488372500707,0.8355658717265649,2,C
4,art,114,population,ridge,,0.21584482692088422,0.564642084977483,0.5649839709266892,2,C
4,art,114,identity,ridge,26.034634468865104,0.5930613753499592,0.6934573938675574,0.696838866695855,2,C
4,art,114,random,ridge,3.3377351419573973,0.3979575767403571,0.5691896707095961,0.5535378643153387,2,C
4,art,114,shuffled,ridge,4.077635431693842,0.4269541396412445,0.5394326423320732,0.5460653837265242,2,C
4,art,114,pca,ridge,5.259499737858782,0.5313876621333126,0.6428407874579504,0.6318129185386252,2,C
4,art,114,emotion,ridge,4.3176330375908565,0.4647988660524259,0.5816461011932104,0.5687403937286385,2,C
4,art,114,population,mlp,,0.21620333355987045,0.41081505456078615,0.3785170893697133,2,C
4,art,114,identity,mlp,,0.6159905153882224,0.6881189236602941,0.6663898242500488,2,C
4,art,114,random,mlp,,0.2179391013155164,0.21951987213385296,0.24203117749009662,2,C
4,art,114,shuffled,mlp,,0.3529341098775528,0.3650426155614735,0.3617659371030163,2,C
4,art,114,pca,mlp,,0.6018975816590558,0.6331524526373614,0.6419684356909375,2,C
4,art,114,emotion,mlp,,0.11073614278797936,0.11106983847889383,0.12276475072141915,2,C
4,art,114,gt_emotion,ridge,6.898816822264366,0.9397300036732225,0.9293178513202115,0.9430927916468378,2,C
4,art,115,population,ridge,,0.0698220609588039,0.15536579790073365,0.12958756771878352,2,C
4,art,115,identity,ridge,25.8718893821985,0.08910963987431296,0.1439540790036637,0.09837679993651925,2,C
4,art,115,random,ridge,3.3465565760336027,0.08951353863890775,0.12017966463476797,0.09895582746349915,2,C
4,art,115,shuffled,ridge,3.7638865116962226,0.1404931180108391,0.15162132763763256,0.14972573435189104,2,C
4,art,115,pca,ridge,5.253000747891124,0.09495717887345163,0.13224517992698256,0.10825472041334991,2,C
4,art,115,emotion,ridge,4.282981287806131,0.13542510346843392,0.1762872825453619,0.15762826487807904,2,C
4,art,115,population,mlp,,0.1619648386338749,0.2856495886422823,0.24901303833295635,2,C
4,art,115,identity,mlp,,0.021531439453980297,0.059970960245539495,0.03796463015359246,2,C
4,art,115,random,mlp,,0.16118033826002276,0.20481657978803677,0.18114382422107494,2,C
4,art,115,shuffled,mlp,,0.02238080010328354,-0.004101086478634514,0.02495975322323193,2,C
4,art,115,pca,mlp,,-0.029024726631913897,-0.030015198140730868,-0.029858434576231035,2,C
4,art,115,emotion,mlp,,0.19854030487184088,0.22865043019285475,0.20258348105561755,2,C
4,art,115,gt_emotion,ridge,6.141047997061717,0.5649890572652363,0.4864117984134148,0.5944362986131068,2,C
4,art,124,population,ridge,,0.36963924755819605,0.44369443818522863,0.5078430496471481,2,C
4,art,124,identity,ridge,26.34509347020886,0.4817592511432256,0.4981603731719417,0.5538171095465754,2,C
4,art,124,random,ridge,3.321984425031817,0.4364929443270121,0.4480537172504025,0.5062176698042399,2,C
4,art,124,shuffled,ridge,4.145283545074104,0.45582091387060436,0.44509742455103174,0.5139145291909295,2,C
4,art,124,pca,ridge,5.228931756293452,0.5304845186639352,0.5397990042427406,0.5939128306973778,2,C
4,art,124,emotion,ridge,4.338819872777507,0.49196029323292584,0.47781707086779673,0.5392965743761232,2,C
4,art,124,population,mlp,,0.3993208889058358,0.4074172192980343,0.4540239423767355,2,C
4,art,124,identity,mlp,,0.23373854619935291,0.3449843260197966,0.31017125498412257,2,C
4,art,124,random,mlp,,0.11820990883238926,0.10677728376879979,0.1218574239367481,2,C
4,art,124,shuffled,mlp,,-0.029740976166933088,-0.0220469286054772,-0.032008548536681704,2,C
4,art,124,pca,mlp,,0.4116516423014296,0.4341240669042147,0.4472546662689988,2,C
4,art,124,emotion,mlp,,0.5084504833326559,0.5241657275952204,0.5265212656184384,2,C
4,art,124,gt_emotion,ridge,2.868597075754708,0.20115830292376677,0.3828210109300483,0.4198478241771577,2,C
4,art,134,population,ridge,,0.3657189204895934,0.5687143766086873,0.5927200125225139,2,C
4,art,134,identity,ridge,25.837666071815942,0.4349909960325568,0.5225611312525171,0.5087738027695188,2,C
4,art,134,random,ridge,3.3307971510477086,0.427921674441822,0.5644290699427461,0.5621637080439965,2,C
4,art,134,shuffled,ridge,4.156447738647539,0.4080147398280164,0.5292600014429538,0.524562989264712,2,C
4,art,134,pca,ridge,5.264445926042599,0.4864698109166833,0.5691576841948192,0.5494700086760371,2,C
4,art,134,emotion,ridge,4.358285319537576,0.5317429840610759,0.5835898089433333,0.5675736621405757,2,C
4,art,134,population,mlp,,0.4871269604542994,0.5654634543103871,0.5762865724301596,2,C
4,art,134,identity,mlp,,0.3581242227254571,0.33065820285589104,0.36213429331399033,2,C
4,art,134,random,mlp,,0.1619534041910422,0.18796241651989876,0.18513959839821637,2,C
4,art,134,shuffled,mlp,,0.04357179148052207,0.0349227865074969,0.04360051658015842,2,C
4,art,134,pca,mlp,,0.4140807910543761,0.43537730597992264,0.44051854655955763,2,C
4,art,134,emotion,mlp,,0.3914128581787042,0.4109953887426716,0.39848851502934063,2,C
4,art,134,gt_emotion,ridge,5.912312641458789,0.8012885324731619,0.7781797950338845,0.8247203637890166,2,C
4,art,135,population,ridge,,0.04314732180860833,-0.039917865396178205,0.0562082840066094,2,C
4,art,135,identity,ridge,26.204541725770394,0.3677267457927938,0.5300205460936994,0.532992197536566,2,C
4,art,135,random,ridge,3.2447791003036763,0.07314407766310808,0.029434385595161705,0.11015950053551292,2,C
4,art,135,shuffled,ridge,4.080943587799002,0.10550888459397263,-0.038355423695065165,0.13994633553888539,2,C
4,art,135,pca,ridge,5.252057176579452,0.29114405865728693,0.4284618355213521,0.4358861735721405,2,C
4,art,135,emotion,ridge,4.253757003456875,0.14474146787238334,0.24011200851943557,0.2785185374449963,2,C
4,art,135,population,mlp,,0.1654787410697327,0.06017920616545047,0.1799216930287353,2,C
4,art,135,identity,mlp,,0.4345591517791412,0.5246276021575996,0.4711526797038722,2,C
4,art,135,random,mlp,,0.16824798922054973,0.22347956460436127,0.18573262945334018,2,C
4,art,135,shuffled,mlp,,0.06986491111199038,0.06411051109083166,0.07317623396241177,2,C
4,art,135,pca,mlp,,0.19577736255856,0.19621243685267897,0.2170091946068495,2,C
4,art,135,emotion,mlp,,-0.01979622436789403,-0.012045921502129532,-0.020545749292144387,2,C
4,art,135,gt_emotion,ridge,6.149800246969563,0.6819529675587532,0.742500541753773,0.7212025834082454,2,C
4,art,142,population,ridge,,0.35793970667294683,0.5960540443362268,0.6290220030412493,2,C
4,art,142,identity,ridge,26.194776736185524,0.5600254110398071,0.6022115222978661,0.6235114454597722,2,C
4,art,142,random,ridge,3.323397662632759,0.5513667900797513,0.5992091156884718,0.6439884513091751,2,C
4,art,142,shuffled,ridge,4.101661814041512,0.531220723862628,0.5840444178986488,0.632634141630272,2,C
4,art,142,pca,ridge,5.25875969807074,0.6272667545800835,0.6716230920472569,0.6918130825302855,2,C
4,art,142,emotion,ridge,4.253150085173906,0.6213729281230235,0.6539139818765913,0.6687216845459617,2,C
4,art,142,population,mlp,,0.4052545433181082,0.540738519176705,0.5467559497628527,2,C
4,art,142,identity,mlp,,0.19033787068744365,0.29306541802547004,0.28750442972755536,2,C
4,art,142,random,mlp,,0.4106611692802442,0.4072586456776934,0.42995650624387977,2,C
4,art,142,shuffled,mlp,,0.2570369381891562,0.2702674830931188,0.25916689457436154,2,C
4,art,142,pca,mlp,,0.5597329498877455,0.6097429829451609,0.5885651033685741,2,C
4,art,142,emotion,mlp,,0.2697789634119201,0.301869084863186,0.2705950557625728,2,C
4,art,142,gt_emotion,ridge,4.835987711116049,0.6662578691544626,0.6962355491283719,0.7168769758409791,2,C
4,art,143,population,ridge,,0.4230820670071701,0.7307969917596163,0.723086477631422,2,C
4,art,143,identity,ridge,26.499746420475454,0.7152810799198009,0.817370204673243,0.8065386207474824,2,C
4,art,143,random,ridge,3.349661670222861,0.5315717741484082,0.7433388833711169,0.7237033479592933,2,C
4,art,143,shuffled,ridge,3.8230213471344228,0.5548514912411856,0.7240624351744527,0.7157746161490474,2,C
4,art,143,pca,ridge,5.273506865197953,0.6630131991902348,0.7866742909626053,0.7692602074779042,2,C
4,art,143,emotion,ridge,4.242855885477765,0.7166779615456358,0.7980449553419035,0.7939858731175747,2,C
4,art,143,population,mlp,,0.4843652970886827,0.6668675053352359,0.6646110558468534,2,C
4,art,143,identity,mlp,,0.6790710683772109,0.7568567976761196,0.743420299186092,2,C
4,art,143,random,mlp,,0.4784931851586653,0.4906954091581263,0.4869889902291932,2,C
4,art,143,shuffled,mlp,,0.19748330633885677,0.18212583460747164,0.2065439621137929,2,C
4,art,143,pca,mlp,,0.6850468338132768,0.7269417021202835,0.7110566597111407,2,C
4,art,143,emotion,mlp,,0.48343360776609573,0.5392037370251753,0.5338618310565444,2,C
4,art,143,gt_emotion,ridge,5.880495598473226,0.8894555872079681,0.9096454716839362,0.8955282202373452,2,C
4,fashion,1,population,ridge,,0.20967548432322844,0.2626094803577995,0.2493224382862895,2,C
4,fashion,1,identity,ridge,26.510265834944903,0.27253859292501326,0.36047705742853614,0.32311434772535796,2,C
4,fashion,1,random,ridge,1.6213485345982857,0.23393579900149528,0.2786059969278178,0.26329390979089473,2,C
4,fashion,1,shuffled,ridge,3.842981830654326,0.23312500219024718,0.2974907734340893,0.2644653900124408,2,C
4,fashion,1,pca,ridge,3.4476416443726428,0.2692683424298987,0.34070358555726366,0.3053703431320295,2,C
4,fashion,1,emotion,ridge,5.963111103696005,0.23745517094491853,0.3030451194653457,0.29858778337210423,2,C
4,fashion,1,population,mlp,,0.1180954310950194,0.14424636643172703,0.13714659323646763,2,C
4,fashion,1,identity,mlp,,0.09431631275498466,0.2753289327693766,0.23843609506727684,2,C
4,fashion,1,random,mlp,,0.13480430984038613,0.07648334485039975,0.1385094976182713,2,C
4,fashion,1,shuffled,mlp,,0.2748365266984437,0.316486636860986,0.277379133669388,2,C
4,fashion,1,pca,mlp,,0.34595123321324506,0.3938031336160742,0.35193963028068725,2,C
4,fashion,1,emotion,mlp,,0.33235086193683444,0.31132109505191763,0.37142906639041257,2,C
4,fashion,1,gt_emotion,ridge,6.631923959329395,0.8623108478175565,0.7857489993273081,0.8637079391236526,2,C
4,fashion,2,population,ridge,,0.24336885509464226,0.5426076978658969,0.5517988835679664,2,C
4,fashion,2,identity,ridge,26.89517240279144,0.4333174264639064,0.5587282172193447,0.5457971220711277,2,C
4,fashion,2,random,ridge,1.6336060032454154,0.4279228083487215,0.5674123360041742,0.5754993961042166,2,C
4,fashion,2,shuffled,ridge,3.5868454937303493,0.4335333357422277,0.5633198202550017,0.5745246274001112,2,C
4,fashion,2,pca,ridge,3.439678223309655,0.4014678496884549,0.5663642527025569,0.5533062648012596,2,C
4,fashion,2,emotion,ridge,6.004271849412759,0.45565041652163724,0.535670384583763,0.546070854693548,2,C
4,fashion,2,population,mlp,,0.2229207992631842,0.3384809976937558,0.3774708612873902,2,C
4,fashion,2,identity,mlp,,0.042440971186960115,0.05145589923654706,0.0765575705811973,2,C
4,fashion,2,random,mlp,,0.10433910448862933,0.11883268291194816,0.10809850708538608,2,C
4,fashion,2,shuffled,mlp,,0.20217713739516785,0.28662582862802116,0.21741834577794797,2,C
4,fashion,2,pca,mlp,,0.18041293495183286,0.21480716810290842,0.18832186355645428,2,C
4,fashion,2,emotion,mlp,,-0.16847357785330588,-0.1384967219994356,-0.1701420612690845,2,C
4,fashion,2,gt_emotion,ridge,5.927312775185963,0.6955783924001139,0.7418562092582177,0.7552242793719043,2,C
4,fashion,12,population,ridge,,0.14142355927684983,0.17628148726108037,0.2001114343542582,2,C
4,fashion,12,identity,ridge,26.515357670791463,0.2285428317161891,0.2680569007320552,0.29408410996065193,2,C
4,fashion,12,random,ridge,1.6419883691171357,0.1376064612312585,0.1791589342180911,0.19346203105370915,2,C
4,fashion,12,shuffled,ridge,3.586791449055469,0.18526692091447622,0.22676301282267264,0.2600431661681592,2,C
4,fashion,12,pca,ridge,3.4413111792989364,0.19376907556432585,0.19051727746944938,0.2727483283418353,2,C
4,fashion,12,emotion,ridge,6.008823778460792,0.2477518839073959,0.23746509624173023,0.30855553325356905,2,C
4,fashion,12,population,mlp,,0.15515354467099585,0.15972354687687806,0.17673797062767327,2,C
4,fashion,12,identity,mlp,,0.012143809127897285,0.04174822163943684,0.019891359190433434,2,C
4,fashion,12,random,mlp,,0.24079553923513236,0.28522061942299654,0.2447080059619945,2,C
4,fashion,12,shuffled,mlp,,0.10295810591127237,0.12630477695510395,0.11009836119253726,2,C
4,fashion,12,pca,mlp,,0.08704247527881563,0.10247749689003238,0.0906290106887199,2,C
4,fashion,12,emotion,mlp,,-0.14845933921675844,-0.13741071257865428,-0.15248123178946835,2,C
4,fashion,12,gt_emotion,ridge,5.279310380719883,0.5402926500871127,0.8309665770885943,0.5482623378072756,2,C
4,fashion,13,population,ridge,,0.2778022660662707,0.38618596334584365,0.3875424841868971,2,C
4,fashion,13,identity,ridge,26.593593533623945,0.45713373608109886,0.5627465031118811,0.5611544900573945,2,C
4,fashion,13,random,ridge,1.6193505217079172,0.30450616752247694,0.40608429162897997,0.4083136108946176,2,C
4,fashion,13,shuffled,ridge,3.8629126326984573,0.27099786488385535,0.38088964213615323,0.38599936103961596,2,C
4,fashion,13,pca,ridge,3.4218856896862464,0.33541857714487916,0.4596414836746353,0.4674881215807508,2,C
4,fashion,13,emotion,ridge,6.171857301374894,0.3691803813490982,0.48310369165027356,0.475506612904846,2,C
4,fashion,13,population,mlp,,0.2545524487059178,0.2901097066354768,0.28834632651173053,2,C
4,fashion,13,identity,mlp,,0.28406384262109663,0.6646140643225639,0.6116542140970024,2,C
4,fashion,13,random,mlp,,0.026951514269147304,0.010295652445005828,0.029151860282410895,2,C
4,fashion,13,shuffled,mlp,,0.11629956666358754,0.08627558755598635,0.15944270521868503,2,C
4,fashion,13,pca,mlp,,0.041241554448908695,0.034500335356582035,0.04977448191404245,2,C
4,fashion,13,emotion,mlp,,0.13931817166016494,0.045785954382838424,0.1441580274870945,2,C
4,fashion,13,gt_emotion,ridge,4.363179697548747,0.6511091956558133,0.6027281277559742,0.7498670699206589,2,C
4,fashion,26,population,ridge,,0.3138812034900105,0.42669459075318905,0.44340341407211525,2,C
4,fashion,26,identity,ridge,26.750832932457456,0.2823020539278311,0.3707595169860885,0.3935517524711513,2,C
4,fashion,26,random,ridge,1.6351917823805326,0.3242847742742955,0.4225475057180153,0.45911394278262674,2,C
4,fashion,26,shuffled,ridge,3.5035221293521275,0.284537478452032,0.34102188283142754,0.38753025713848904,2,C
4,fashion,26,pca,ridge,3.462751136476025,0.3052607696736723,0.46088275518950006,0.4559858349817218,2,C
4,fashion,26,emotion,ridge,5.844760105522559,0.3209643593534346,0.4007500221794797,0.4612923375757697,2,C
4,fashion,26,population,mlp,,0.25920779089976304,0.2546411360012217,0.2827730798921483,2,C
4,fashion,26,identity,mlp,,0.0014039722679469748,-0.01744810167237765,0.002550170369327259,2,C
4,fashion,26,random,mlp,,-0.048018087159728794,0.038031804225008674,-0.051820645685850354,2,C
4,fashion,26,shuffled,mlp,,-0.06627043533839885,-0.0015678004401266873,-0.07112689687744671,2,C
4,fashion,26,pca,mlp,,0.19538570160116117,0.20745540017418296,0.21150276117888145,2,C
4,fashion,26,emotion,mlp,,0.0551549490700068,0.06721312209446346,0.06154210065009879,2,C
4,fashion,26,gt_emotion,ridge,4.8482412005879505,0.5354698364411423,0.5489830250830707,0.5521818727919083,2,C
4,fashion,29,population,ridge,,0.12622470856973222,0.27441175201389295,0.20419062701403204,2,C
4,fashion,29,identity,ridge,26.541466331536736,0.2793937398174272,0.34578294779490165,0.32246947485370786,2,C
4,fashion,29,random,ridge,1.6210881596343882,0.19251021503468763,0.27840014236636107,0.21768394456422474,2,C
4,fashion,29,shuffled,ridge,3.7441860034774472,0.26131542851638767,0.3171819906620709,0.28710076408263047,2,C
4,fashion,29,pca,ridge,3.401638277923124,0.27337893533923113,0.3598472716693945,0.30949639715552163,2,C
4,fashion,29,emotion,ridge,5.978630172856803,0.16817250052127425,0.2529479144591631,0.2491679433721348,2,C
4,fashion,29,population,mlp,,0.18683434137764524,0.2719977262742412,0.240896763935434,2,C
4,fashion,29,identity,mlp,,0.14674112377405302,0.24628310426490718,0.2542626298851678,2,C
4,fashion,29,random,mlp,,0.11719035849242236,0.09257263923360246,0.1255406861274192,2,C
4,fashion,29,shuffled,mlp,,0.30650541788724134,0.2837529820499367,0.3167086895774844,2,C
4,fashion,29,pca,mlp,,0.4708688810086161,0.4539942755158133,0.4752655835735645,2,C
4,fashion,29,emotion,mlp,,0.10790670991432126,0.107791497157494,0.1084251798135366,2,C
4,fashion,29,gt_emotion,ridge,5.243872301969725,0.3259898094506117,0.28637818828929634,0.3960459960728272,2,C
4,fashion,34,population,ridge,,0.20850834671348717,0.39343500837419465,0.3908571313820694,2,C
4,fashion,34,identity,ridge,26.813961725729886,0.3502906026495238,0.403064365642143,0.43822577120567463,2,C
4,fashion,34,random,ridge,1.6314326189089836,0.19375755429883926,0.3537444596352399,0.3656962208502505,2,C
4,fashion,34,shuffled,ridge,3.7604173480570693,0.2866517120852352,0.4189992411210829,0.4119351281308992,2,C
4,fashion,34,pca,ridge,3.426271376866212,0.2996429627423414,0.4472029931190839,0.4513502466249495,2,C
4,fashion,34,emotion,ridge,5.986429625287374,0.3750159368421059,0.4974027388763579,0.5289044795290023,2,C
4,fashion,34,population,mlp,,0.13500667625057103,0.2001635432093834,0.17577207883847373,2,C
4,fashion,34,identity,mlp,,0.2450986813955307,0.3723188543652926,0.37811787750887876,2,C
4,fashion,34,random,mlp,,-0.22243927640778352,-0.1633080336660684,-0.22274833632354732,2,C
4,fashion,34,shuffled,mlp,,0.1382040122952895,0.14087212003160998,0.1748068995184646,2,C
4,fashion,34,pca,mlp,,0.25508789875448906,0.3327260655986014,0.3048358859768055,2,C
4,fashion,34,emotion,mlp,,0.1784420718681118,0.20246090255757412,0.18887457230196428,2,C
4,fashion,34,gt_emotion,ridge,3.5034467832108476,0.8144226822519027,0.8450331059063586,0.8427062541600309,2,C
4,fashion,38,population,ridge,,0.23068172519640548,0.43760691653386474,0.4375617890724361,2,C
4,fashion,38,identity,ridge,26.752129076146883,0.13513270752064777,0.18711638086476176,0.21739604710466756,2,C
4,fashion,38,random,ridge,1.613141473975158,0.2565291321581333,0.44598452642246356,0.45257119567018567,2,C
4,fashion,38,shuffled,ridge,3.8172145000238817,0.2477577498990156,0.4373605162430236,0.4220192335594412,2,C
4,fashion,38,pca,ridge,3.407313829396463,0.2041525561696566,0.36201130730380304,0.35248446578408893,2,C
4,fashion,38,emotion,ridge,6.00009282462735,0.17440241739627646,0.3281066272840622,0.3131139154626636,2,C
4,fashion,38,population,mlp,,0.31292478297421483,0.395078226334684,0.40238864806497426,2,C
4,fashion,38,identity,mlp,,-0.0021376351158500454,0.03232771815835758,-0.0024468233962079214,2,C
4,fashion,38,random,mlp,,0.10003087448169429,0.1454254516544409,0.10083750902815841,2,C
4,fashion,38,shuffled,mlp,,-0.006678995795550165,0.017592980766057403,-0.007034111272031575,2,C
4,fashion,38,pca,mlp,,0.03819255406994225,-0.02025410390714171,0.04074111871430542,2,C
4,fashion,38,emotion,mlp,,0.0451706450833874,0.03286979879820809,0.04612105127427047,2,C
4,fashion,38,gt_emotion,ridge,4.89621387368451,0.561531405833337,0.6189158042074108,0.6581664759814252,2,C
4,fashion,43,population,ridge,,0.314814616998206,0.48017736263617433,0.49947063624229243,2,C
4,fashion,43,identity,ridge,26.673031652433334,0.40997555065058494,0.5388859891169149,0.5142238604661556,2,C
4,fashion,43,random,ridge,1.6354599456359067,0.3263501932339599,0.46019669564062815,0.4909518084285784,2,C
4,fashion,43,shuffled,ridge,3.5578862078127895,0.4045124525638944,0.5606920503811899,0.5267825171810285,2,C
4,fashion,43,pca,ridge,3.4415586295237626,0.40830758105963016,0.5596066808159997,0.5516085035411734,2,C
4,fashion,43,emotion,ridge,6.001318232123837,0.49566717029850926,0.6166379179687191,0.6220964368063567,2,C
4,fashion,43,population,mlp,,0.3332563825803535,0.4359238853645573,0.38450246262782495,2,C
4,fashion,43,identity,mlp,,0.042300176421929556,0.01859928754894048,0.04939537412394122,2,C
4,fashion,43,random,mlp,,0.14829792608709033,0.20054669465900016,0.15115961662434588,2,C
4,fashion,43,shuffled,mlp,,0.3861621818348272,0.4110590553256554,0.40152371548955873,2,C
4,fashion,43,pca,mlp,,0.30629528603988887,0.3306923725213476,0.333140164909104,2,C
4,fashion,43,emotion,mlp,,0.29749381614312004,0.26384347430168087,0.29810947995894826,2,C
4,fashion,43,gt_emotion,ridge,6.530340320065761,0.8537150680643,0.7863321665349088,0.8613956537201105,2,C
4,fashion,48,population,ridge,,0.30640773179337777,0.5253118465882732,0.4793704364932355,2,C
4,fashion,48,identity,ridge,26.57024346318098,0.415233431891657,0.4737015704821037,0.5292656709247022,2,C
4,fashion,48,random,ridge,1.6178544211663615,0.3395024527287413,0.5596366199146093,0.5031514011743261,2,C
4,fashion,48,shuffled,ridge,3.7426872327798164,0.3678912793496993,0.5178756331416782,0.5194175514771127,2,C
4,fashion,48,pca,ridge,3.45552914026874,0.31130905183475105,0.4748834852020924,0.4591884065387939,2,C
4,fashion,48,emotion,ridge,5.985073231095987,0.17850142658332513,0.28474295462392385,0.2613538224341039,2,C
4,fashion,48,population,mlp,,0.366856129708804,0.44804417176901756,0.4370290338944962,2,C
4,fashion,48,identity,mlp,,0.2600716884459621,0.39062281495623735,0.39107116985526785,2,C
4,fashion,48,random,mlp,,-0.05938396216052041,-0.04107153651960438,-0.06190700467908571,2,C
4,fashion,48,shuffled,mlp,,0.2359343988325818,0.2175708013712376,0.3075933979760276,2,C
4,fashion,48,pca,mlp,,0.04672212399376336,0.06421736645271477,0.059217050638794164,2,C
4,fashion,48,emotion,mlp,,0.11267397750653449,0.10558438165231629,0.1143375562312663,2,C
4,fashion,48,gt_emotion,ridge,6.201239687890425,0.6607815200316077,0.6878113853409643,0.6962273174882126,2,C
4,fashion,49,population,ridge,,0.08867235877402412,0.1535152677561429,0.15364705432608142,2,C
4,fashion,49,identity,ridge,26.82385057766698,0.15550839115787854,0.2564743046160008,0.24233650558689507,2,C
4,fashion,49,random,ridge,1.6343424460773812,0.07016986668554298,0.14188683557565485,0.12013274953475737,2,C
4,fashion,49,shuffled,ridge,3.628642106962563,0.1257500081068362,0.16654110809565958,0.17703442306983017,2,C
4,fashion,49,pca,ridge,3.4647995679924604,0.08997245864920449,0.24225068585445958,0.14086416510103517,2,C
4,fashion,49,emotion,ridge,5.982831994621114,0.14466956147409485,0.2456942988177801,0.2707534233024357,2,C
4,fashion,49,population,mlp,,0.11174588515368762,0.24818967053033117,0.1263047001576975,2,C
4,fashion,49,identity,mlp,,0.18936996475807916,0.32879017684573125,0.3282522478392079,2,C
4,fashion,49,random,mlp,,-0.01351295803090766,0.01966352909490257,-0.013523335690308738,2,C
4,fashion,49,shuffled,mlp,,0.05794914211723481,0.09078162290260858,0.06778413885310693,2,C
4,fashion,49,pca,mlp,,-0.027646952139966836,-0.0697206856486774,-0.030613275264088847,2,C
4,fashion,49,emotion,mlp,,0.1846953151501946,0.10909765127273356,0.2056095948117033,2,C
4,fashion,49,gt_emotion,ridge,5.569023395370427,0.8488709449096716,0.8632456726029234,0.8770399571420523,2,C
4,fashion,56,population,ridge,,0.013642737849351473,-0.03334213275882405,0.05378507608331741,2,C
4,fashion,56,identity,ridge,26.50019106523246,-0.11117600241857979,-0.18957882814703098,-0.13157577686987662,2,C
4,fashion,56,random,ridge,1.61780438099955,0.030552676035418964,-0.03578605872020382,0.036995634648470145,2,C
4,fashion,56,shuffled,ridge,3.711491878563554,0.028094390535263154,-0.056443051965199525,0.03526131427532249,2,C
4,fashion,56,pca,ridge,3.396070964134021,0.004450743942164628,-0.07832200819088511,0.00542225568513186,2,C
4,fashion,56,emotion,ridge,5.940781980868193,-0.03600496596409491,0.0012219629806898866,-0.047380543049900165,2,C
4,fashion,56,population,mlp,,0.0594841385410026,0.023275485346474035,0.17210571534421637,2,C
4,fashion,56,identity,mlp,,-0.10354310853805446,-0.15769141322236155,-0.19401124999799976,2,C
4,fashion,56,random,mlp,,0.1502198362197271,0.1505342014783208,0.1539203267382199,2,C
4,fashion,56,shuffled,mlp,,-0.21413662380333498,-0.19912177713908535,-0.2223179423449333,2,C
4,fashion,56,pca,mlp,,-0.01658847389967323,0.0009892081272251465,-0.016648069090804136,2,C
4,fashion,56,emotion,mlp,,-0.024417429099334267,-0.011521365246504645,-0.026254997204521596,2,C
4,fashion,56,gt_emotion,ridge,6.120208804628394,0.4439778549419685,0.5320523303310841,0.4505100823313327,2,C
4,fashion,61,population,ridge,,0.2159659042512567,0.33462609677571353,0.2909679047702059,2,C
4,fashion,61,identity,ridge,26.628528890610458,0.22211328396645522,0.3089549157310087,0.2661005840790877,2,C
4,fashion,61,random,ridge,1.6293332521737596,0.22342413309784012,0.34188208362070804,0.2962557966909986,2,C
4,fashion,61,shuffled,ridge,3.845876806857589,0.2292405379690901,0.317612058656416,0.2725587907379996,2,C
4,fashion,61,pca,ridge,3.389347518264241,0.2504973503814953,0.36324971384700233,0.3297560550004406,2,C
4,fashion,61,emotion,ridge,6.0571002762637125,0.3011426853356935,0.3938249411731517,0.33565041660037553,2,C
4,fashion,61,population,mlp,,0.10397798159303796,0.1519753934361959,0.11680540198716874,2,C
4,fashion,61,identity,mlp,,0.03901948901127275,0.15037407220143847,0.11460409309948096,2,C
4,fashion,61,random,mlp,,-0.007724349018896056,-0.030775392480494067,-0.0078058195256161846,2,C
4,fashion,61,shuffled,mlp,,0.19651819261559358,0.16933972057559663,0.2098087779293539,2,C
4,fashion,61,pca,mlp,,0.21275358359767138,0.22683716116110506,0.21685183232364566,2,C
4,fashion,61,emotion,mlp,,-0.054141102139274505,-0.048840297660101145,-0.054254009639122386,2,C
4,fashion,61,gt_emotion,ridge,6.1805294366376,0.8098066867950748,0.7873752152256471,0.8371541529185617,2,C
4,fashion,72,population,ridge,,0.09412970036982882,0.16739694073439323,0.21378216005376982,2,C
4,fashion,72,identity,ridge,26.753238261578364,0.1434536666467097,0.15040257606650723,0.23391005393344877,2,C
4,fashion,72,random,ridge,1.63207586509225,0.08814892527554202,0.16249942930272582,0.21263744822967795,2,C
4,fashion,72,shuffled,ridge,3.6674534288752576,0.16097645810062994,0.30702499165123204,0.3238916842833961,2,C
4,fashion,72,pca,ridge,3.4583240121091054,0.16110312919020883,0.3099634985102325,0.3131732190743932,2,C
4,fashion,72,emotion,ridge,5.968626180653336,0.15511865958520527,0.18635030997494625,0.23718295732037417,2,C
4,fashion,72,population,mlp,,-0.0013362817561907974,-0.06621435455614384,-0.00242249734534294,2,C
4,fashion,72,identity,mlp,,0.13134794663628344,0.1465825171498066,0.16864688863006974,2,C
4,fashion,72,random,mlp,,0.1337521182940517,0.1140140661292181,0.15058268476907918,2,C
4,fashion,72,shuffled,mlp,,0.07994075851153463,0.08394334593878,0.09801117933974998,2,C
4,fashion,72,pca,mlp,,0.16683146968006946,0.16063837495869218,0.2136363081638146,2,C
4,fashion,72,emotion,mlp,,0.07497739759854596,0.00783601829066791,0.08915523037298484,2,C
4,fashion,72,gt_emotion,ridge,6.661578255260321,0.8704648168202752,0.8765329402526638,0.8729910835632709,2,C
4,fashion,77,population,ridge,,0.31503243777111123,0.47265405807881455,0.4720867596844727,2,C
4,fashion,77,identity,ridge,26.547886008996812,0.31807129149019947,0.481280031607211,0.4833049981913233,2,C
4,fashion,77,random,ridge,1.6088904352557314,0.31724002158498654,0.4686121733397946,0.4696741868399943,2,C
4,fashion,77,shuffled,ridge,3.8666401561048573,0.31504135811162787,0.45165597394683255,0.46469697036869456,2,C
4,fashion,77,pca,ridge,3.3990294402481087,0.3162635500684355,0.4774353119774114,0.4870016867458658,2,C
4,fashion,77,emotion,ridge,5.848953950083531,0.33022159358749315,0.45786667488727795,0.4631228363171865,2,C
4,fashion,77,population,mlp,,0.3625130841585527,0.4610706079121109,0.48364664318592854,2,C
4,fashion,77,identity,mlp,,-0.14337282844468416,-0.2065797431857662,-0.2379262618416581,2,C
4,fashion,77,random,mlp,,0.2818109228129162,0.27460170586683447,0.2977341877252458,2,C
4,fashion,77,shuffled,mlp,,-0.04927717699836243,-0.017695568552538787,-0.06129283055251587,2,C
4,fashion,77,pca,mlp,,0.08156897386298737,0.09808964183719272,0.11031827427963113,2,C
4,fashion,77,emotion,mlp,,0.21720838881157783,0.19366542853182422,0.22479406436470017,2,C
4,fashion,77,gt_emotion,ridge,6.112919033490267,0.6001566162302352,0.6344473561225974,0.696550883069269,2,C
4,fashion,78,population,ridge,,0.17668579665363743,0.3525526876701372,0.35624136725569994,2,C
4,fashion,78,identity,ridge,26.436530882375564,0.32303082698486973,0.5064792188217682,0.5113546498480411,2,C
4,fashion,78,random,ridge,1.629783864376088,0.16643183031241293,0.33187598945573904,0.33735851520158044,2,C
4,fashion,78,shuffled,ridge,3.529126916901369,0.21137267809953478,0.43361133791643736,0.3728170002048748,2,C
4,fashion,78,pca,ridge,3.4329192903922685,0.2285030705786437,0.44335036243771186,0.41414399804812957,2,C
4,fashion,78,emotion,ridge,5.789388014046733,0.3854671642073566,0.49324413421593355,0.47730764773323564,2,C
4,fashion,78,population,mlp,,0.16845567937844771,0.25780945937855904,0.2501431055468476,2,C
4,fashion,78,identity,mlp,,0.3507798322326186,0.4435501372996866,0.4174833114820792,2,C
4,fashion,78,random,mlp,,0.08056108731407383,0.10842780633685618,0.09324281738032106,2,C
4,fashion,78,shuffled,mlp,,0.21470515221237255,0.26505129812514777,0.2617383127703336,2,C
4,fashion,78,pca,mlp,,0.2128835710082832,0.24976852118407084,0.25265211957785033,2,C
4,fashion,78,emotion,mlp,,0.49313443223023157,0.47851073814528755,0.5255773588518692,2,C
4,fashion,78,gt_emotion,ridge,4.811652144384521,0.6003400161070905,0.7806765747681313,0.7855642047853685,2,C
4,fashion,89,population,ridge,,0.11572932984604906,0.23907942415087388,0.27374822586466513,2,C
4,fashion,89,identity,ridge,26.646112107430348,0.32333521900050516,0.437040141985377,0.4143008344792402,2,C
4,fashion,89,random,ridge,1.631650552693298,0.1988453484121065,0.265227966730506,0.3124961492828815,2,C
4,fashion,89,shuffled,ridge,3.8600845822144865,0.17191116403922233,0.1999797201805765,0.23887583224033423,2,C
4,fashion,89,pca,ridge,3.4177724614530187,0.3170536630220737,0.39217889473482176,0.436500879894323,2,C
4,fashion,89,emotion,ridge,5.9664089995501435,0.1195182545744182,0.19914257286635098,0.16660091630763166,2,C
4,fashion,89,population,mlp,,0.21882532521093068,0.35667399981972797,0.3805405468107671,2,C
4,fashion,89,identity,mlp,,0.012625619946578855,0.025360639225066952,0.020170828487709635,2,C
4,fashion,89,random,mlp,,0.04838038403291583,0.030629742908721634,0.04867459656901538,2,C
4,fashion,89,shuffled,mlp,,-0.038973425316730044,-0.04722495731425089,-0.043750127400099405,2,C
4,fashion,89,pca,mlp,,0.28841159331039656,0.30846416331227067,0.35144020055119113,2,C
4,fashion,89,emotion,mlp,,0.029270079598933837,-0.009504084214442566,0.029352017801780435,2,C
4,fashion,89,gt_emotion,ridge,5.997182941310234,0.8211337620816347,0.8322721622191389,0.856722637086189,2,C
4,fashion,90,population,ridge,,0.19195153138832557,0.34958308482653466,0.3611462075101051,2,C
4,fashion,90,identity,ridge,26.733359882995344,0.2477392661254178,0.34035784005800424,0.36063433158430847,2,C
4,fashion,90,random,ridge,1.6364429369511564,0.19626025178327136,0.35397605852583497,0.34813810631361186,2,C
4,fashion,90,shuffled,ridge,3.5546023304561825,0.26944824937014394,0.39014487531673997,0.40575434693086426,2,C
4,fashion,90,pca,ridge,3.4457002819381186,0.2208137309818206,0.3544153558957649,0.35456708825250294,2,C
4,fashion,90,emotion,ridge,6.065249850694021,0.29251917501593017,0.35407368016359714,0.3494247589288765,2,C
4,fashion,90,population,mlp,,0.0949333026223936,0.08727374415943089,0.1320251913120715,2,C
4,fashion,90,identity,mlp,,0.16899824861071075,0.23248593033074347,0.22222979799208126,2,C
4,fashion,90,random,mlp,,0.14012924488034198,0.13998942855103344,0.14811191257441342,2,C
4,fashion,90,shuffled,mlp,,0.3283864444756517,0.2580139886055658,0.338934675956689,2,C
4,fashion,90,pca,mlp,,0.24758365094471976,0.29428042703423307,0.2980094167354571,2,C
4,fashion,90,emotion,mlp,,0.11012809760256376,0.06999471427551672,0.11701380498955842,2,C
4,fashion,90,gt_emotion,ridge,4.748409069811907,0.6988742360150343,0.7676542329379468,0.7528804184169227,2,C
4,fashion,97,population,ridge,,0.4449828511455819,0.5672242325468582,0.5800804674704877,2,C
4,fashion,97,identity,ridge,26.440792480476514,0.5096993580242711,0.6379551514124963,0.6240003713602451,2,C
4,fashion,97,random,ridge,1.6098748410402415,0.49510862488744795,0.5512626048576406,0.5702741598475636,2,C
4,fashion,97,shuffled,ridge,3.8256628416777967,0.4679905182659252,0.525254840891184,0.5530445593611103,2,C
4,fashion,97,pca,ridge,3.419061631036268,0.4713887087611661,0.5807890663019121,0.5766546074682952,2,C
4,fashion,97,emotion,ridge,6.032401312861618,0.35114219838588895,0.5603398244380902,0.5407093773150478,2,C
4,fashion,97,population,mlp,,0.4408765573146439,0.45651275103474553,0.4722546894689126,2,C
4,fashion,97,identity,mlp,,0.08509052395698381,0.09775859514450481,0.15973399003735797,2,C
4,fashion,97,random,mlp,,0.3285105947437415,0.3630887832179835,0.35821976383017834,2,C
4,fashion,97,shuffled,mlp,,0.3820834736917494,0.4373383995614363,0.4340800457831082,2,C
4,fashion,97,pca,mlp,,-0.05747117362645047,-0.09082319142011637,-0.06078630049068179,2,C
4,fashion,97,emotion,mlp,,0.2826355508208751,0.30056815846724644,0.28782992277786973,2,C
4,fashion,97,gt_emotion,ridge,4.851136995532805,0.5965191157584359,0.6626338537117599,0.6382538292208766,2,C
4,fashion,103,population,ridge,,0.08410083506969657,0.09463599372887521,0.11005509115427657,2,C
4,fashion,103,identity,ridge,26.54698572745455,0.20385563587556427,0.26720457871077036,0.28197548361602515,2,C
4,fashion,103,random,ridge,1.6171085700610193,0.06742538449464872,0.09089642601040016,0.09013676963779484,2,C
4,fashion,103,shuffled,ridge,3.9636855440030208,0.07552461808737014,0.10580483598138733,0.09912521967461645,2,C
4,fashion,103,pca,ridge,3.4291454608068648,0.12325134390437974,0.15790947952547302,0.1630014247895289,2,C
4,fashion,103,emotion,ridge,6.060329665843788,0.27690488338648567,0.4643545888287749,0.44949830923067363,2,C
4,fashion,103,population,mlp,,0.131928062792324,0.12310656929219857,0.15167421458293046,2,C
4,fashion,103,identity,mlp,,0.12837798091699287,0.2565842063903013,0.23443169038490838,2,C
4,fashion,103,random,mlp,,0.20170124314019203,0.16209779537016505,0.21681445726876591,2,C
4,fashion,103,shuffled,mlp,,0.015486929984984504,0.03560068467988245,0.01633415649693022,2,C
4,fashion,103,pca,mlp,,0.041384587924683344,0.04283051560226755,0.04774911691017927,2,C
4,fashion,103,emotion,mlp,,-0.1412473054002519,-0.06970554227237488,-0.14143028321523637,2,C
4,fashion,103,gt_emotion,ridge,4.114937507698517,0.17459848345938578,0.31193547909066993,0.35186237016004335,2,C
4,fashion,108,population,ridge,,0.25162126713009497,0.4705486362640686,0.4601668649218866,2,C
4,fashion,108,identity,ridge,26.674872352386302,0.10549617245186785,0.15023570382337811,0.1869121872419407,2,C
4,fashion,108,random,ridge,1.608063171718069,0.24731862023619844,0.45031420998906635,0.4443358927615942,2,C
4,fashion,108,shuffled,ridge,3.8476971693289403,0.17082720997917317,0.367461110168851,0.3754643249860372,2,C
4,fashion,108,pca,ridge,3.39209490736267,0.1839360849910468,0.3952588899544123,0.4134222704768465,2,C
4,fashion,108,emotion,ridge,6.064919884226225,0.14048574819436543,0.3104412827288569,0.30082858800814277,2,C
4,fashion,108,population,mlp,,0.28557273159254,0.373551083125405,0.3807175604498506,2,C
4,fashion,108,identity,mlp,,0.08197194445125036,0.032365259502976855,0.10951394763338938,2,C
4,fashion,108,random,mlp,,-0.1101480689073281,-0.09768513073053256,-0.1117368834755007,2,C
4,fashion,108,shuffled,mlp,,0.040124090717613185,0.07686135223392833,0.059133997124491806,2,C
4,fashion,108,pca,mlp,,-0.07413215363791552,-0.12081720542841132,-0.10654165918360654,2,C
4,fashion,108,emotion,mlp,,0.12360407390475024,0.1397747018899425,0.13920086083991146,2,C
4,fashion,108,gt_emotion,ridge,6.053946982134054,0.860057534295898,0.8817255916757896,0.9141388574082602,2,C
4,fashion,114,population,ridge,,0.32000933436938656,0.4637698181787697,0.48005691104882425,2,C
4,fashion,114,identity,ridge,26.34336513740012,0.36542846902629034,0.4135676673947448,0.46894165562412155,2,C
4,fashion,114,random,ridge,1.61809774710919,0.26991735044736265,0.46346339609870446,0.4753560161260818,2,C
4,fashion,114,shuffled,ridge,3.8448775282724865,0.30742712035609504,0.43777501171990024,0.45594367552371323,2,C
4,fashion,114,pca,ridge,3.4340904812000264,0.3158412750874652,0.3854279063754185,0.4534252205229224,2,C
4,fashion,114,emotion,ridge,5.954669141639214,0.32497993047490015,0.3479933422607793,0.41301388179102316,2,C
4,fashion,114,population,mlp,,0.346151489630269,0.41944075726266217,0.43442508222473686,2,C
4,fashion,114,identity,mlp,,0.22565036406188704,0.2940630561692937,0.42392843772146654,2,C
4,fashion,114,random,mlp,,-0.0028644711615994894,0.07726943452312285,-0.002992066389933704,2,C
4,fashion,114,shuffled,mlp,,0.13631275341008772,0.163118687288073,0.17307557048607733,2,C
4,fashion,114,pca,mlp,,0.2033354670741872,0.14503978456422267,0.22561941681059322,2,C
4,fashion,114,emotion,mlp,,0.032846088762885035,0.009499084482023036,0.03770639459635572,2,C
4,fashion,114,gt_emotion,ridge,6.334074186433204,0.9102517553600424,0.8850910119280825,0.9131104570775699,2,C
4,fashion,115,population,ridge,,0.21588302968725975,0.4117076397500078,0.4449224172003204,2,C
4,fashion,115,identity,ridge,26.38258753795521,0.341763853609453,0.29034717145248123,0.39945654850370865,2,C
4,fashion,115,random,ridge,1.6219518761317573,0.4023109131078409,0.4072966993501959,0.4456487174172322,2,C
4,fashion,115,shuffled,ridge,3.3916512034007957,0.401943291860348,0.4058065167826919,0.45386999675757234,2,C
4,fashion,115,pca,ridge,3.4516245263496623,0.3744198846424972,0.3469741090176336,0.4217138325245706,2,C
4,fashion,115,emotion,ridge,5.893625216224339,0.22906345861375954,0.2625105610915064,0.2636981913542407,2,C
4,fashion,115,population,mlp,,0.148227985781794,0.2711536199830296,0.2768834155067172,2,C
4,fashion,115,identity,mlp,,-0.014072356580798456,-0.03814867372810265,-0.0421558533131877,2,C
4,fashion,115,random,mlp,,0.10962861049528116,0.09501404050405567,0.1278765336125736,2,C
4,fashion,115,shuffled,mlp,,0.2396761844583423,0.31985278628906066,0.2614040206721202,2,C
4,fashion,115,pca,mlp,,0.26555311233491313,0.19932682022933637,0.27615245563138596,2,C
4,fashion,115,emotion,mlp,,0.004381791972321976,0.03546634510659543,0.0047962111390792315,2,C
4,fashion,115,gt_emotion,ridge,4.968938775504603,0.33662178798582243,0.36441088842974567,0.46041411091137263,2,C
4,fashion,124,population,ridge,,0.22176701648500066,0.3937524829351102,0.4162168834435698,2,C
4,fashion,124,identity,ridge,26.79292434692499,0.4081927737467134,0.41982915100523444,0.4591724076310673,2,C
4,fashion,124,random,ridge,1.6280907705675527,0.3716918005216278,0.3904733809622203,0.4176107697705404,2,C
4,fashion,124,shuffled,ridge,3.760018695795909,0.397032293423036,0.42206726822482593,0.4466067478979293,2,C
4,fashion,124,pca,ridge,3.4286229426104904,0.3862505821667417,0.4042664289434238,0.4448589945016841,2,C
4,fashion,124,emotion,ridge,5.928144329247666,0.44626183577461553,0.5355346063343488,0.5289278289513645,2,C
4,fashion,124,population,mlp,,0.2429874460509862,0.3945852707377489,0.4368758241108902,2,C
4,fashion,124,identity,mlp,,0.1646977871043659,0.38740247593999017,0.43478712066920083,2,C
4,fashion,124,random,mlp,,-0.00053626304936813,0.0475209539880708,-0.0005536190483664371,2,C
4,fashion,124,shuffled,mlp,,0.13798496689403075,0.12252390546321869,0.15255972485716607,2,C
4,fashion,124,pca,mlp,,-0.09117580005360383,-0.11273864878221397,-0.09486273344388789,2,C
4,fashion,124,emotion,mlp,,0.2363382487652872,0.149849755237301,0.2520953421912845,2,C
4,fashion,124,gt_emotion,ridge,1.4682417944683002,0.09230721005414798,0.15887324700273953,0.17890968967209475,2,C
4,fashion,134,population,ridge,,0.2036081071449087,0.27838777307444074,0.30221963354048587,2,C
4,fashion,134,identity,ridge,26.634993480574984,0.2952695475429719,0.34330308246763314,0.35086547465931994,2,C
4,fashion,134,random,ridge,1.6214695410804303,0.2125007735814149,0.2505740983615029,0.2804943520534883,2,C
4,fashion,134,shuffled,ridge,3.821835910339589,0.19991133993418211,0.25604646396386793,0.23818472777415786,2,C
4,fashion,134,pca,ridge,3.4397618515534387,0.25878367579769707,0.3122260704688813,0.3228548606636811,2,C
4,fashion,134,emotion,ridge,6.04161905648544,0.2791638343673414,0.36720075243759415,0.3212464007693616,2,C
4,fashion,134,population,mlp,,0.23427371876736156,0.2965620514969741,0.2701803709775486,2,C
4,fashion,134,identity,mlp,,0.26136407550896995,0.39084739646249256,0.37435800643694395,2,C
4,fashion,134,random,mlp,,-0.010950941883251228,0.08680477180265249,-0.01156855358502637,2,C
4,fashion,134,shuffled,mlp,,0.08465472668575644,0.10046058321405878,0.10124329288453966,2,C
4,fashion,134,pca,mlp,,0.2101140289294818,0.23531172090169591,0.21292277678286525,2,C
4,fashion,134,emotion,mlp,,0.1744072165872999,0.15578670150585927,0.17518726330881135,2,C
4,fashion,134,gt_emotion,ridge,5.584670524760752,0.7174497322567566,0.756464927280118,0.743459397144172,2,C
4,fashion,135,population,ridge,,0.04064943992568865,0.06340231263867639,0.06051811468814036,2,C
4,fashion,135,identity,ridge,26.584025393290307,0.1362333108803867,0.14421899370533967,0.19219967846366376,2,C
4,fashion,135,random,ridge,1.623425293584422,0.07056353187383677,0.0741111483961166,0.10240502182700892,2,C
4,fashion,135,shuffled,ridge,3.560594557607223,0.024910802010296915,0.024270024964292067,0.0406397524183131,2,C
4,fashion,135,pca,ridge,3.4500003856691355,0.14380274334733495,0.1509745676644725,0.19101083463123436,2,C
4,fashion,135,emotion,ridge,5.867556901223924,0.041921221743315584,0.013210900186748671,0.06067825254707709,2,C
4,fashion,135,population,mlp,,-0.04947100565305535,-0.04593790292210334,-0.06194322180243326,2,C
4,fashion,135,identity,mlp,,0.08490412018566885,0.07511197416783999,0.1244246154484935,2,C
4,fashion,135,random,mlp,,-0.061776681561796186,-0.1116421148357435,-0.06302727202534918,2,C
4,fashion,135,shuffled,mlp,,0.07250099567874752,0.10298497191033625,0.0790948017846817,2,C
4,fashion,135,pca,mlp,,0.24044926642533743,0.23729579047561442,0.27339425770913084,2,C
4,fashion,135,emotion,mlp,,-0.03957365603795336,-0.0255210571789463,-0.039627854231025994,2,C
4,fashion,135,gt_emotion,ridge,4.5343499358960075,0.8343098465182007,0.8549879062380078,0.8424836922408795,2,C
4,fashion,142,population,ridge,,0.13923661402649185,0.39243536378121097,0.3967239415774222,2,C
4,fashion,142,identity,ridge,26.619064902901844,0.29427561496817395,0.36149100340032436,0.3875457094106947,2,C
4,fashion,142,random,ridge,1.6029256865565402,0.29407993557606715,0.41561826983705547,0.4440360387387453,2,C
4,fashion,142,shuffled,ridge,3.9008592122568273,0.31346346945600156,0.4551864683568776,0.44969009045112435,2,C
4,fashion,142,pca,ridge,3.3866467893641685,0.285521476165899,0.43388051530774263,0.4065605223128284,2,C
4,fashion,142,emotion,ridge,5.8434215258516575,0.32422172375938313,0.4637088495765317,0.43320472948542704,2,C
4,fashion,142,population,mlp,,0.18979651029338246,0.39847205047846584,0.38681769107180397,2,C
4,fashion,142,identity,mlp,,0.14045638265915922,0.16070776014204707,0.22195973608701214,2,C
4,fashion,142,random,mlp,,0.15067109004839843,0.12819081751229575,0.1523722992826514,2,C
4,fashion,142,shuffled,mlp,,0.10587734147290197,0.14553995070944856,0.12161472142362541,2,C
4,fashion,142,pca,mlp,,-0.0007325608971143463,0.03774197397275349,-0.0008114503924806577,2,C
4,fashion,142,emotion,mlp,,0.25726529736659615,0.27565844968809466,0.2628846533636476,2,C
4,fashion,142,gt_emotion,ridge,4.433556589719309,0.6378555740052945,0.6074085749104458,0.6649360171542139,2,C
4,fashion,143,population,ridge,,0.2995922092294947,0.39907293615172124,0.4353757494076068,2,C
4,fashion,143,identity,ridge,26.48786310317385,0.3441595559408997,0.3706083900638667,0.42796382913153264,2,C
4,fashion,143,random,ridge,1.6322098467178678,0.3468593086691938,0.42541557971302674,0.46623640611281947,2,C
4,fashion,143,shuffled,ridge,3.6027895047231926,0.4235723331868842,0.519917872724704,0.5247336759128033,2,C
4,fashion,143,pca,ridge,3.4397166372416437,0.327934168323623,0.4056974123321674,0.43833758135854994,2,C
4,fashion,143,emotion,ridge,5.927758401594767,0.3500008537497449,0.4792394486791517,0.4655157984696406,2,C
4,fashion,143,population,mlp,,0.29810637027421427,0.3221151542741944,0.35414032419685054,2,C
4,fashion,143,identity,mlp,,0.0395974222654196,0.04383540097529606,0.10509546058939725,2,C
4,fashion,143,random,mlp,,0.287653635958682,0.2937541156266593,0.2928906984426898,2,C
4,fashion,143,shuffled,mlp,,0.28339821681366195,0.23423733744296335,0.29699538259248626,2,C
4,fashion,143,pca,mlp,,0.37183620552747976,0.3601541385916001,0.3721057792046831,2,C
4,fashion,143,emotion,mlp,,0.15529089672657553,0.08228841505397962,0.15643727511394526,2,C
4,fashion,143,gt_emotion,ridge,6.086694136206064,0.7101171306324268,0.7232252424417732,0.7362796707129057,2,C
4,landscape,1,population,ridge,,0.36459508113339917,0.5588341852249232,0.5191266966867896,2,C
4,landscape,1,identity,ridge,12.116300491873004,0.5603847945964188,0.6095539323199963,0.5879129274956364,2,C
4,landscape,1,random,ridge,1.6339444334480706,0.518036948876284,0.5635909524666081,0.5339977972387188,2,C
4,landscape,1,shuffled,ridge,0.5788763449679771,0.5033434769726763,0.5614704658648931,0.5207318412971857,2,C
4,landscape,1,pca,ridge,3.4453280695382413,0.5557802463037753,0.5980918425809967,0.5944964506071411,2,C
4,landscape,1,emotion,ridge,3.172984342400962,0.5214938727074351,0.6246838907754757,0.6377275222064295,2,C
4,landscape,1,population,mlp,,0.3752248697945322,0.5282304056217945,0.5136191650719696,2,C
4,landscape,1,identity,mlp,,0.05767849299981097,0.13571114250975472,0.09741780984357352,2,C
4,landscape,1,random,mlp,,0.23373787243261981,0.22173412600094639,0.24529477094317043,2,C
4,landscape,1,shuffled,mlp,,0.3306296031196158,0.33830357864657185,0.35901642400048633,2,C
4,landscape,1,pca,mlp,,0.14507310025885656,0.1640225041650836,0.15031886284209703,2,C
4,landscape,1,emotion,mlp,,0.3451457449361564,0.35154229229511635,0.3617857652490666,2,C
4,landscape,1,gt_emotion,ridge,5.67955304745921,0.7630403809538623,0.7590622578202265,0.8001343599936208,2,C
4,landscape,2,population,ridge,,0.3172809822087395,0.5865618291870852,0.5698523138778967,2,C
4,landscape,2,identity,ridge,11.945070584225359,0.4212994185017337,0.5576800020703334,0.565434680321995,2,C
4,landscape,2,random,ridge,1.630963889036246,0.41424684398620565,0.5784889573714653,0.5717258092299077,2,C
4,landscape,2,shuffled,ridge,0.5785070663760932,0.40701821464716753,0.5615409407647604,0.5584842067914372,2,C
4,landscape,2,pca,ridge,3.4487239569230397,0.41805225213914604,0.5728229044822415,0.5613367851947197,2,C
4,landscape,2,emotion,ridge,3.103010026911004,0.4363263111767878,0.5594349742041639,0.5577402562043509,2,C
4,landscape,2,population,mlp,,0.32114258471136214,0.4682767073669164,0.5489591243657261,2,C
4,landscape,2,identity,mlp,,0.210934476538387,0.27096769746341326,0.30819269306060726,2,C
4,landscape,2,random,mlp,,0.23231978448338747,0.22002336352136515,0.24833796054064694,2,C
4,landscape,2,shuffled,mlp,,0.23283786105580181,0.2656024969399889,0.24471491903532655,2,C
4,landscape,2,pca,mlp,,0.1562805254750063,0.25111144132064644,0.1600502769267603,2,C
4,landscape,2,emotion,mlp,,0.26788050869598967,0.2940330455080413,0.28467862942154026,2,C
4,landscape,2,gt_emotion,ridge,4.916940178763876,0.706142070053588,0.8068788927149896,0.7853260099443524,2,C
4,landscape,12,population,ridge,,0.469980007241703,0.7212178419754652,0.7409536382726445,2,C
4,landscape,12,identity,ridge,12.055643531103183,0.6343906302274575,0.7287846515366543,0.7317787474529388,2,C
4,landscape,12,random,ridge,1.62449226502748,0.5414657191988392,0.7413960008053025,0.7423340114048904,2,C
4,landscape,12,shuffled,ridge,0.5772607301391985,0.5296643111915353,0.7294908870956985,0.7391450469084584,2,C
4,landscape,12,pca,ridge,3.426042278072363,0.6546394213915209,0.7272712896244163,0.7338214963700888,2,C
4,landscape,12,emotion,ridge,3.0850557629770545,0.7027323162117605,0.7067400130150567,0.7191533037898122,2,C
4,landscape,12,population,mlp,,0.44387867700865546,0.5478370122300869,0.5618167965558298,2,C
4,landscape,12,identity,mlp,,0.24798382518529874,0.2953577998717457,0.27710442999706164,2,C
4,landscape,12,random,mlp,,0.10721448668367635,0.1340334200271953,0.11937856259138394,2,C
4,landscape,12,shuffled,mlp,,0.4250799919851174,0.43514199516544466,0.43483187982708565,2,C
4,landscape,12,pca,mlp,,0.6561821638132511,0.6734460509458249,0.6636199724736026,2,C
4,landscape,12,emotion,mlp,,0.38904660722725193,0.34565186075511556,0.38971536839502136,2,C
4,landscape,12,gt_emotion,ridge,6.026310530555724,0.7402549808522049,0.7554086490279859,0.7774724045627583,2,C
4,landscape,13,population,ridge,,0.05606392319253048,0.031070916739521594,0.10180193819926293,2,C
4,landscape,13,identity,ridge,12.152555253848659,0.22306229383866705,0.36777819814127605,0.43294666204568866,2,C
4,landscape,13,random,ridge,1.6558685088960463,0.08229731281263233,0.06633665112362538,0.14166436014294084,2,C
4,landscape,13,shuffled,ridge,0.5727097141846179,0.08311161026459983,0.06628787417426978,0.15234181811968392,2,C
4,landscape,13,pca,ridge,3.4550741282567197,0.20468487338305197,0.316903839963378,0.376223803404274,2,C
4,landscape,13,emotion,ridge,3.100312091891006,0.21038289093844884,0.49152531865645077,0.5102095137011896,2,C
4,landscape,13,population,mlp,,0.14946076950112167,0.1534035057233837,0.21068284034046628,2,C
4,landscape,13,identity,mlp,,0.37943187650532906,0.3882157399212753,0.40516965743538713,2,C
4,landscape,13,random,mlp,,0.32187674797488824,0.2983685992082474,0.32548905319421495,2,C
4,landscape,13,shuffled,mlp,,0.3026519738679953,0.29719795242371283,0.3382434633165811,2,C
4,landscape,13,pca,mlp,,0.24047887547722302,0.3322198020610386,0.3112943919396426,2,C
4,landscape,13,emotion,mlp,,0.19720001104314824,0.1365266812463437,0.22252375827905033,2,C
4,landscape,13,gt_emotion,ridge,6.009718434155979,0.9066338911046733,0.890933261807803,0.9159051184022652,2,C
4,landscape,26,population,ridge,,0.10973583369701424,0.26508803564279776,0.21134921660171924,2,C
4,landscape,26,identity,ridge,11.975198216106365,0.162951824479498,0.30296478224605516,0.30728367001144574,2,C
4,landscape,26,random,ridge,1.6406813153722235,0.11216130086513025,0.2738439588835508,0.21822817177699458,2,C
4,landscape,26,shuffled,ridge,0.5737805039281996,0.1156801622505182,0.2711384769833181,0.22036679044721286,2,C
4,landscape,26,pca,ridge,3.4274462362169253,0.1671951713572395,0.3241167316478743,0.3152043851192761,2,C
4,landscape,26,emotion,ridge,3.121667495055858,0.1818622058132766,0.2952910517653952,0.3010825007433927,2,C
4,landscape,26,population,mlp,,0.14087776452585865,0.17669256337519568,0.1910805269680697,2,C
4,landscape,26,identity,mlp,,0.11989721925894141,0.22106246653901154,0.15823696311513857,2,C
4,landscape,26,random,mlp,,0.1287432456266126,0.10876037238935347,0.14106502467420245,2,C
4,landscape,26,shuffled,mlp,,0.06124304029168761,0.09011714256775015,0.07866446890644915,2,C
4,landscape,26,pca,mlp,,0.039223053714380306,0.039598416903405494,0.045684145704319605,2,C
4,landscape,26,emotion,mlp,,0.18561617803148947,0.20345223889749706,0.18735669306047914,2,C
4,landscape,26,gt_emotion,ridge,3.1693533967178302,0.23844424588310636,0.486937551461877,0.48384276607460236,2,C
4,landscape,29,population,ridge,,0.18498236004635374,0.19422415914534452,0.22631113320391832,2,C
4,landscape,29,identity,ridge,12.144620670389173,0.30210859621135516,0.37208082830251815,0.44162618273137183,2,C
4,landscape,29,random,ridge,1.6342150245382572,0.2111919485993222,0.21262487770347452,0.2579772380505471,2,C
4,landscape,29,shuffled,ridge,0.573764429896004,0.2128595284291544,0.22680664697893935,0.25530185367573244,2,C
4,landscape,29,pca,ridge,3.443475385299238,0.29951461016412095,0.37121670616028557,0.42095136041426195,2,C
4,landscape,29,emotion,ridge,3.095263834488808,0.29170066273525197,0.38550013686424833,0.40983846010131725,2,C
4,landscape,29,population,mlp,,0.19457671672154328,0.2021029198539361,0.1998519964603952,2,C
4,landscape,29,identity,mlp,,0.04062156141901344,0.06033605781353676,0.052821162166674936,2,C
4,landscape,29,random,mlp,,0.07128930345153336,0.07446699637475263,0.07867039825814928,2,C
4,landscape,29,shuffled,mlp,,0.0370164631589119,0.06252177852624281,0.04110687876160162,2,C
4,landscape,29,pca,mlp,,0.313150222300528,0.3590173347405309,0.35469327388517935,2,C
4,landscape,29,emotion,mlp,,-0.23282233802111552,-0.3235374961947443,-0.24762608912982254,2,C
4,landscape,29,gt_emotion,ridge,5.132352341397255,0.37557139103663495,0.4784367792274443,0.42804539747598924,2,C
4,landscape,34,population,ridge,,0.4196952538681148,0.6840685619464298,0.6646462333362816,2,C
4,landscape,34,identity,ridge,11.944908118715592,0.41426031174737243,0.6957553265536547,0.6661085187588717,2,C
4,landscape,34,random,ridge,1.620773541237737,0.36481497883723235,0.6985051535200605,0.6713028385560288,2,C
4,landscape,34,shuffled,ridge,0.5840090527816454,0.3383706835078505,0.6792563647552196,0.6577676719268767,2,C
4,landscape,34,pca,ridge,3.427996934313341,0.43289774237437434,0.6889298631906117,0.6735592422140991,2,C
4,landscape,34,emotion,ridge,3.0548398591402015,0.46096883988251824,0.658583558454204,0.6285110521105948,2,C
4,landscape,34,population,mlp,,0.3710251115082158,0.4955089985357421,0.4668437125346233,2,C
4,landscape,34,identity,mlp,,0.2826438022032835,0.4688454977721995,0.42369688803828487,2,C
4,landscape,34,random,mlp,,0.05367345679497684,0.06766538499477283,0.06488124270981882,2,C
4,landscape,34,shuffled,mlp,,0.24017038558142567,0.32197527533434356,0.2740435660979315,2,C
4,landscape,34,pca,mlp,,0.4803866823635644,0.5849765830498757,0.5925609838481347,2,C
4,landscape,34,emotion,mlp,,0.28039735327947557,0.3644993852076913,0.3410142657237286,2,C
4,landscape,34,gt_emotion,ridge,6.1682405736998485,0.7910449336726029,0.8112010189796073,0.7921440900217943,2,C
4,landscape,38,population,ridge,,0.3540099676144349,0.5141184988213354,0.4727761042613271,2,C
4,landscape,38,identity,ridge,12.19192812097452,0.3558373440884694,0.6150977810830669,0.5162010025937797,2,C
4,landscape,38,random,ridge,1.6340071349827328,0.36244234102266215,0.5157156201224139,0.46627834638826976,2,C
4,landscape,38,shuffled,ridge,0.5754829546695176,0.3622720238715724,0.5361175567426412,0.4652621860287164,2,C
4,landscape,38,pca,ridge,3.449267033425252,0.3737322098105632,0.6144795405794237,0.5536298491500586,2,C
4,landscape,38,emotion,ridge,3.170924487823643,0.24163527807138202,0.6189617842308371,0.5492234489471804,2,C
4,landscape,38,population,mlp,,0.45886051266472466,0.5386935588411548,0.4921932465919049,2,C
4,landscape,38,identity,mlp,,0.1553852475367816,0.1792897460565435,0.15792632610937635,2,C
4,landscape,38,random,mlp,,0.03433662304938422,0.15219020398018085,0.03744488917931086,2,C
4,landscape,38,shuffled,mlp,,0.09563758985889481,0.044770916472165606,0.11074696454459726,2,C
4,landscape,38,pca,mlp,,0.1284410459861534,0.14672907953133213,0.1419755570693632,2,C
4,landscape,38,emotion,mlp,,-0.08925367950563795,-0.12102057858816685,-0.09727155064928815,2,C
4,landscape,38,gt_emotion,ridge,3.224949738443659,0.1712768331592801,0.2958422086381931,0.4486951151971914,2,C
4,landscape,43,population,ridge,,0.13683259183812121,0.4944663629911551,0.5109609637621253,2,C
4,landscape,43,identity,ridge,11.938865476501336,0.39720758820470436,0.5204752936844899,0.5386997997346329,2,C
4,landscape,43,random,ridge,1.6425874593059668,0.4254599046731279,0.5701197165288019,0.5770964803384824,2,C
4,landscape,43,shuffled,ridge,0.5846575646112613,0.3864608612263174,0.5279911824019554,0.5365665486853515,2,C
4,landscape,43,pca,ridge,3.4206428010162884,0.43422061360335823,0.5018833584360225,0.541706641849883,2,C
4,landscape,43,emotion,ridge,3.083656855364874,0.4078664601599423,0.4727098430195442,0.5170876367839493,2,C
4,landscape,43,population,mlp,,0.15361420895301453,0.3675862942476247,0.3910259706316158,2,C
4,landscape,43,identity,mlp,,0.04117834485913509,0.027887902872701147,0.04295899273128111,2,C
4,landscape,43,random,mlp,,0.08091149948797834,0.05310568738525005,0.08135733973476744,2,C
4,landscape,43,shuffled,mlp,,0.34249079185900294,0.334753727745012,0.35061051099626267,2,C
4,landscape,43,pca,mlp,,0.3304522815266177,0.3614549113465344,0.3609506706562129,2,C
4,landscape,43,emotion,mlp,,0.28756064885754296,0.2600893069333476,0.30532281760960184,2,C
4,landscape,43,gt_emotion,ridge,6.597244050597343,0.861008284586416,0.8860915172502828,0.8765844299764006,2,C
4,landscape,48,population,ridge,,0.353341658875116,0.41171545153854283,0.453684498115648,2,C
4,landscape,48,identity,ridge,12.00989729011529,0.430828492407978,0.46414728359679375,0.5231345900214334,2,C
4,landscape,48,random,ridge,1.6422517436048916,0.40748030643017796,0.49751299490658973,0.5207977863087818,2,C
4,landscape,48,shuffled,ridge,0.5712302870691071,0.3466558517611411,0.4242211866531208,0.45215171936694526,2,C
4,landscape,48,pca,ridge,3.439035217637395,0.39711835260903416,0.44554243996322085,0.48064226435577795,2,C
4,landscape,48,emotion,ridge,3.2224168509017335,0.4870851489697446,0.5117100794424015,0.5393978126938022,2,C
4,landscape,48,population,mlp,,0.28741831041901994,0.2739986062398917,0.29675118367881076,2,C
4,landscape,48,identity,mlp,,0.3550755348851143,0.4125354997427775,0.41626176403738946,2,C
4,landscape,48,random,mlp,,0.2968826721431814,0.27527993155900826,0.3372534766623414,2,C
4,landscape,48,shuffled,mlp,,0.2167922559619146,0.22561576219004925,0.23336477402026928,2,C
4,landscape,48,pca,mlp,,0.44638618361567584,0.3803486077265687,0.47587442351174514,2,C
4,landscape,48,emotion,mlp,,0.4554147949520319,0.5209868747528057,0.4622440191862618,2,C
4,landscape,48,gt_emotion,ridge,6.208009787382768,0.767813929898718,0.7312527582138596,0.7866237939453499,2,C
4,landscape,49,population,ridge,,0.3476807325899286,0.46018352972965687,0.46293309206299454,2,C
4,landscape,49,identity,ridge,12.008106831887035,0.4000620789302691,0.49055703688558533,0.5148730954810112,2,C
4,landscape,49,random,ridge,1.644126921542612,0.3691824977408477,0.47063998301284543,0.47241203874531845,2,C
4,landscape,49,shuffled,ridge,0.5746405153175645,0.36240485982477066,0.46157772350074866,0.46749765792480985,2,C
4,landscape,49,pca,ridge,3.407607398862725,0.40172020326756813,0.5193371797316946,0.530516503251654,2,C
4,landscape,49,emotion,ridge,3.1582028443940984,0.38970123292606135,0.4955363003537703,0.5346411519780521,2,C
4,landscape,49,population,mlp,,0.5413073810919636,0.5621588455580856,0.5665876438486798,2,C
4,landscape,49,identity,mlp,,0.3238658040456114,0.32335336962393335,0.3855160723175508,2,C
4,landscape,49,random,mlp,,0.13756864578788963,0.14280527626754555,0.1397647196618639,2,C
4,landscape,49,shuffled,mlp,,0.32393257661178965,0.3086147497581057,0.33916818990589725,2,C
4,landscape,49,pca,mlp,,0.5078462589815144,0.486673211380401,0.5317578346232246,2,C
4,landscape,49,emotion,mlp,,0.2770017550513684,0.21351081751577242,0.3048541980346817,2,C
4,landscape,49,gt_emotion,ridge,6.465004159069111,0.8173163922375822,0.8220320739334014,0.8304151098720447,2,C
4,landscape,56,population,ridge,,0.0070380929157516856,0.09350378601022696,0.05635466430039436,2,C
4,landscape,56,identity,ridge,12.077168037630445,0.008379771831880527,0.02782388890167987,0.009149844485034106,2,C
4,landscape,56,random,ridge,1.6321171219402903,0.02848574934132714,0.07670968573690227,0.029552343121272306,2,C
4,landscape,56,shuffled,ridge,0.5719086812648461,0.061690122535229236,0.09621966361218377,0.0636703943876011,2,C
4,landscape,56,pca,ridge,3.4614657500370147,0.07487747679893364,0.1298078641588332,0.08429151850580906,2,C
4,landscape,56,emotion,ridge,3.1898619756737245,-0.08324525889227588,-0.13440822826010695,-0.16552548237501694,2,C
4,landscape,56,population,mlp,,0.03571822023204317,0.21810159925918385,0.21466982370500534,2,C
4,landscape,56,identity,mlp,,0.01442119861442901,0.033754478767177375,0.043226458001057746,2,C
4,landscape,56,random,mlp,,-0.06408160197415198,0.003270138337050025,-0.07151940973033,2,C
4,landscape,56,shuffled,mlp,,-0.007304017954417348,0.0733286952528336,-0.007729124256174267,2,C
4,landscape,56,pca,mlp,,-0.1804395203770045,-0.18983430176942942,-0.19573761204949877,2,C
4,landscape,56,emotion,mlp,,0.007436995126782338,-0.05758769037618604,0.007649669003097451,2,C
4,landscape,56,gt_emotion,ridge,5.003191075745656,0.2642914885712354,0.40687942683129513,0.4189583993275159,2,C
4,landscape,61,population,ridge,,0.25851497735490875,0.4859261217387488,0.4684392659715207,2,C
4,landscape,61,identity,ridge,12.104022233240727,0.40760725770068085,0.4915073595964436,0.4979018537697654,2,C
4,landscape,61,random,ridge,1.6451891944546493,0.38203181458341734,0.4871550181477825,0.4677850448648349,2,C
4,landscape,61,shuffled,ridge,0.5768778043848305,0.37505578304665954,0.4837755530229398,0.46115850770605665,2,C
4,landscape,61,pca,ridge,3.46972586901487,0.40762110320078043,0.5049740160787715,0.48951088818108524,2,C
4,landscape,61,emotion,ridge,3.117390993045234,0.34560339460474543,0.46237227389893587,0.43771668442003964,2,C
4,landscape,61,population,mlp,,0.28562699851712603,0.447420700922359,0.4193290837735584,2,C
4,landscape,61,identity,mlp,,-0.09294898173158839,-0.1114711451027667,-0.11589945086960074,2,C
4,landscape,61,random,mlp,,-0.011564140761238897,0.00015361205112921457,-0.013447884954780519,2,C
4,landscape,61,shuffled,mlp,,0.2990089743195887,0.3437837704271822,0.316971382361533,2,C
4,landscape,61,pca,mlp,,0.1949280089581966,0.20000289057023737,0.19541615936734988,2,C
4,landscape,61,emotion,mlp,,0.07521008291969379,0.04444508679338608,0.08058383982887919,2,C
4,landscape,61,gt_emotion,ridge,6.180359803969314,0.6581256923717467,0.6139330641935331,0.6858274857659815,2,C
4,landscape,72,population,ridge,,-0.01217601007733963,-0.060975540208916545,-0.034567349911949236,2,C
4,landscape,72,identity,ridge,12.067920081813309,0.126777961472752,0.2182875363141695,0.2524526775296201,2,C
4,landscape,72,random,ridge,1.629070089447101,0.009212294342527544,-0.014301090555022997,0.018397928122075403,2,C
4,landscape,72,shuffled,ridge,0.5781717346765123,-0.00793839041126948,-0.041825792239690546,-0.016409982215040433,2,C
4,landscape,72,pca,ridge,3.464068956010705,0.1402530838935415,0.26226828740461694,0.2719790288144645,2,C
4,landscape,72,emotion,ridge,3.169001737803908,0.25118761057256056,0.41257666724491,0.4394072887080832,2,C
4,landscape,72,population,mlp,,-0.057987549782163535,-0.15030837984029305,-0.10061808893946518,2,C
4,landscape,72,identity,mlp,,0.13111708858965876,0.15956490763104422,0.15492486926279614,2,C
4,landscape,72,random,mlp,,0.19886150869302738,0.22965004661816038,0.20376512683479145,2,C
4,landscape,72,shuffled,mlp,,-0.07213102400471262,-0.17342521114841242,-0.09505956777255198,2,C
4,landscape,72,pca,mlp,,0.15575288963833764,0.17371906917351562,0.21446212297745346,2,C
4,landscape,72,emotion,mlp,,0.10047156631324455,0.12102053000500623,0.13533875511228102,2,C
4,landscape,72,gt_emotion,ridge,6.036260099409404,0.8399340221954451,0.9131265096050082,0.9072891172950277,2,C
4,landscape,77,population,ridge,,0.21881162387892075,0.41780670023554967,0.3870472056299715,2,C
4,landscape,77,identity,ridge,12.044224509355672,0.3300033150366577,0.5298127866777842,0.5063278526448997,2,C
4,landscape,77,random,ridge,1.624173444732462,0.2718683497291672,0.50410085166153,0.45260001407807293,2,C
4,landscape,77,shuffled,ridge,0.57788557331641,0.24614602261841645,0.4823559009049265,0.41678020493050105,2,C
4,landscape,77,pca,ridge,3.4488220287208824,0.28610544311293457,0.43930677542056973,0.4358772372364462,2,C
4,landscape,77,emotion,ridge,3.1012543472311718,0.3616932558729044,0.5805999802241755,0.5149507696031236,2,C
4,landscape,77,population,mlp,,0.31038775221233467,0.42608349455506767,0.4268473646892825,2,C
4,landscape,77,identity,mlp,,0.21376163245669455,0.31133480171109945,0.27031828787521117,2,C
4,landscape,77,random,mlp,,-0.016353288756493653,-0.01444765872341896,-0.0163854889692611,2,C
4,landscape,77,shuffled,mlp,,0.213366849503042,0.31299995559786636,0.2571519790259008,2,C
4,landscape,77,pca,mlp,,0.26613781359092203,0.30692704142259875,0.3459296002868891,2,C
4,landscape,77,emotion,mlp,,0.07685763294624398,0.05436237689150863,0.08118329225787911,2,C
4,landscape,77,gt_emotion,ridge,4.689635048149375,0.7354640095169422,0.7286097948170667,0.7468965387358748,2,C
4,landscape,78,population,ridge,,0.1737222987305628,0.3732132914235257,0.36002278820417066,2,C
4,landscape,78,identity,ridge,11.95336117356615,0.21024647432511814,0.33106758174504874,0.3302400490166923,2,C
4,landscape,78,random,ridge,1.62311283320242,0.18465307701821865,0.3347067678783128,0.33512999492544004,2,C
4,landscape,78,shuffled,ridge,0.580457555811708,0.1860194460846571,0.3671151957407589,0.35615265537179874,2,C
4,landscape,78,pca,ridge,3.440807116062048,0.20224384070638146,0.315133847864271,0.30934641666248136,2,C
4,landscape,78,emotion,ridge,3.0497910195348297,0.2578842644867711,0.34847666135552813,0.35047562640995794,2,C
4,landscape,78,population,mlp,,0.12588507564372128,0.21731842598505205,0.1984141694374189,2,C
4,landscape,78,identity,mlp,,0.16778569307237606,0.20428620537268755,0.19561792594149624,2,C
4,landscape,78,random,mlp,,0.25843877120090997,0.22823598438484421,0.2606547349252551,2,C
4,landscape,78,shuffled,mlp,,0.13281391993452657,0.1368137273343324,0.14719176094590258,2,C
4,landscape,78,pca,mlp,,0.2151659522589788,0.27048005044530127,0.24990370726937844,2,C
4,landscape,78,emotion,mlp,,0.25866243921403786,0.2328587343379094,0.2780018121898432,2,C
4,landscape,78,gt_emotion,ridge,6.05374714987312,0.8192228759901268,0.7728863446238406,0.8373150855329748,2,C
4,landscape,89,population,ridge,,0.24625950741148056,0.4334409698932217,0.49584748626901964,2,C
4,landscape,89,identity,ridge,12.132712371847209,0.3429578058953496,0.5438368994902999,0.58160188111407,2,C
4,landscape,89,random,ridge,1.6305876688262795,0.3278843442856785,0.43122022030365154,0.49583901754745074,2,C
4,landscape,89,shuffled,ridge,0.5759101841522705,0.3416956811429039,0.46976256318041415,0.5133758199815018,2,C
4,landscape,89,pca,ridge,3.4608064794214606,0.320294228418664,0.5124996552819204,0.5550180157663663,2,C
4,landscape,89,emotion,ridge,3.2341833397815454,0.19838542181115681,0.47657286192176274,0.5169416242130024,2,C
4,landscape,89,population,mlp,,0.35523901354742754,0.4249527714619756,0.523365035136848,2,C
4,landscape,89,identity,mlp,,0.08892126474199918,0.018604946561510256,0.09979404377535467,2,C
4,landscape,89,random,mlp,,0.10958797784369902,0.07086658690272872,0.1296644487912575,2,C
4,landscape,89,shuffled,mlp,,0.1862583549040686,0.29679084514833604,0.2546334574965182,2,C
4,landscape,89,pca,mlp,,0.1901209727876476,0.24359155498041013,0.29327547468332293,2,C
4,landscape,89,emotion,mlp,,0.1852364982629322,0.2177815097505166,0.2567660976192135,2,C
4,landscape,89,gt_emotion,ridge,6.093759537540618,0.8448410444529755,0.8357621621008972,0.8768560520447068,2,C
4,landscape,90,population,ridge,,0.2591804036800099,0.5066784288159514,0.4622194657992828,2,C
4,landscape,90,identity,ridge,12.06918977596905,0.34395344973969666,0.49530152744718914,0.46656610560974415,2,C
4,landscape,90,random,ridge,1.644642910580477,0.3092285659588001,0.5257245806609776,0.47696624049771824,2,C
4,landscape,90,shuffled,ridge,0.5763567967855006,0.30688069475495494,0.505357895621363,0.46168563372006305,2,C
4,landscape,90,pca,ridge,3.457628051337766,0.35108416115464997,0.5075418543662593,0.4570589611528772,2,C
4,landscape,90,emotion,ridge,3.1132898257221377,0.3861924887988912,0.5085576491313274,0.4626831871995258,2,C
4,landscape,90,population,mlp,,0.3970438305803994,0.5720956116863349,0.5696847229128189,2,C
4,landscape,90,identity,mlp,,0.08692920869140791,0.12687276615700147,0.11588693220249659,2,C
4,landscape,90,random,mlp,,0.011973885020043278,0.08217779649400656,0.012528021282224043,2,C
4,landscape,90,shuffled,mlp,,0.31998111887410774,0.2972215482589162,0.3258232573929737,2,C
4,landscape,90,pca,mlp,,0.21517472958067763,0.2729440533737894,0.23499725499381455,2,C
4,landscape,90,emotion,mlp,,0.1652942857363571,0.2667984950451276,0.1659483264548688,2,C
4,landscape,90,gt_emotion,ridge,4.59491551775471,0.7787018048172507,0.7839076417409048,0.7969708419412704,2,C
4,landscape,97,population,ridge,,0.5551966644488613,0.6249347971020266,0.621142422658516,2,C
4,landscape,97,identity,ridge,12.161281123744967,0.5428209218117273,0.606716685894388,0.6089655682997659,2,C
4,landscape,97,random,ridge,1.6422671955010157,0.5370438057079132,0.6029658982928153,0.601416993438575,2,C
4,landscape,97,shuffled,ridge,0.5769596540806318,0.5574460816179058,0.622577159181038,0.6205897034357893,2,C
4,landscape,97,pca,ridge,3.4669716482582498,0.5401982231238918,0.6447603887103391,0.621106744156464,2,C
4,landscape,97,emotion,ridge,3.111324727532888,0.5503448192825627,0.6133609382171737,0.6260229454170755,2,C
4,landscape,97,population,mlp,,0.5568730184526348,0.5590281006743928,0.5583703872499542,2,C
4,landscape,97,identity,mlp,,0.23001330825098348,0.34373289234412246,0.3669124961345767,2,C
4,landscape,97,random,mlp,,-0.019081952830032316,-0.10914791920576422,-0.01932696248122536,2,C
4,landscape,97,shuffled,mlp,,0.2537924290126937,0.23153076037707765,0.25815847840317496,2,C
4,landscape,97,pca,mlp,,0.20072544854495689,0.2004528059640471,0.20501979960189437,2,C
4,landscape,97,emotion,mlp,,0.21818550432195943,0.3706313977154007,0.23000581276251683,2,C
4,landscape,97,gt_emotion,ridge,5.817905980709713,0.6574859561071456,0.7143073438053084,0.683132475787351,2,C
4,landscape,103,population,ridge,,0.3389476609528214,0.4718232766833676,0.4891887441956016,2,C
4,landscape,103,identity,ridge,12.10602868510852,0.40791246528931424,0.5514695071289718,0.5472781154804461,2,C
4,landscape,103,random,ridge,1.6337618621229935,0.3541170446192364,0.5008035873252572,0.5157440150974489,2,C
4,landscape,103,shuffled,ridge,0.5774350374534563,0.3783365300312817,0.515641109383348,0.5339078453884577,2,C
4,landscape,103,pca,ridge,3.4654281184323517,0.41882142355503593,0.54075076209704,0.5528685855803611,2,C
4,landscape,103,emotion,ridge,3.086497901068565,0.4030411793057659,0.5440259341901303,0.5249920804824001,2,C
4,landscape,103,population,mlp,,0.302230653466547,0.3135232921840047,0.3314062331261728,2,C
4,landscape,103,identity,mlp,,0.5004761985632019,0.573204740110389,0.5608077184686299,2,C
4,landscape,103,random,mlp,,0.1523613374725298,0.13790459464693716,0.15323664197573925,2,C
4,landscape,103,shuffled,mlp,,0.40825232903827513,0.4047814964142017,0.4262366390682284,2,C
4,landscape,103,pca,mlp,,0.4082277886958298,0.4187754135392237,0.44156149097396197,2,C
4,landscape,103,emotion,mlp,,0.09195535427630991,0.14559628668374006,0.09809796755835322,2,C
4,landscape,103,gt_emotion,ridge,4.195726161761996,0.5271085783376226,0.6531245757788829,0.6119584449280592,2,C
4,landscape,108,population,ridge,,0.28671280319087133,0.5295519489058219,0.46847488325680114,2,C
4,landscape,108,identity,ridge,12.153930614256632,0.3322397532235862,0.49767191122972815,0.4582447267665717,2,C
4,landscape,108,random,ridge,1.6457872537725255,0.2851638231901031,0.5115029429599719,0.4389679554600252,2,C
4,landscape,108,shuffled,ridge,0.572759499569947,0.28806780205865945,0.5267563148326876,0.47595793723664265,2,C
4,landscape,108,pca,ridge,3.46510294548427,0.3335660386617871,0.46755753717877196,0.4351410839720973,2,C
4,landscape,108,emotion,ridge,3.146994166866908,0.37131991275911236,0.4534812743894813,0.4240913417602738,2,C
4,landscape,108,population,mlp,,0.2375283316906375,0.32973768199442816,0.3099948480569228,2,C
4,landscape,108,identity,mlp,,0.1180567281479952,0.0916183236599125,0.12631043317856716,2,C
4,landscape,108,random,mlp,,0.10237559386717161,0.09137309260086562,0.1060316378961909,2,C
4,landscape,108,shuffled,mlp,,-0.03782469311281696,-0.016871896862425004,-0.04564800852930518,2,C
4,landscape,108,pca,mlp,,0.2638619159988735,0.28343805804637817,0.280468232880008,2,C
4,landscape,108,emotion,mlp,,0.37024927950332615,0.40095278154164066,0.3893844519809212,2,C
4,landscape,108,gt_emotion,ridge,6.623384018189324,0.9060804835130668,0.8776212958707111,0.9089200460167829,2,C
4,landscape,114,population,ridge,,0.27996364387045786,0.48659307822778697,0.43882012077343846,2,C
4,landscape,114,identity,ridge,12.16581499726969,0.33514069456699913,0.5789948997030984,0.5538380337200044,2,C
4,landscape,114,random,ridge,1.6546319888119736,0.29053087248812265,0.4896349082925436,0.45243833311326326,2,C
4,landscape,114,shuffled,ridge,0.5699714003646366,0.3048616716082588,0.4992091930865316,0.46394982224998305,2,C
4,landscape,114,pca,ridge,3.440900220547696,0.28678573411749,0.5002065144192387,0.45885770382779634,2,C
4,landscape,114,emotion,ridge,3.098045054482131,0.27298095497871216,0.5613921781808183,0.5531712343541326,2,C
4,landscape,114,population,mlp,,0.3881948370390917,0.4290975033972234,0.44136180943950554,2,C
4,landscape,114,identity,mlp,,0.19871729645162828,0.22783805845693364,0.2096546698010649,2,C
4,landscape,114,random,mlp,,0.3395071709138326,0.32223452259765933,0.35623947939867084,2,C
4,landscape,114,shuffled,mlp,,0.45204891799999836,0.47617107030099787,0.4833513792329667,2,C
4,landscape,114,pca,mlp,,0.10039388712098468,0.122321461456524,0.13878920312114837,2,C
4,landscape,114,emotion,mlp,,0.2145911877948611,0.24733569051135718,0.27334624250337186,2,C
4,landscape,114,gt_emotion,ridge,6.345778663611164,0.9354818989236461,0.9161540418749048,0.938059560217162,2,C
4,landscape,115,population,ridge,,0.17105949513304783,0.27611313706872903,0.25098898654022334,2,C
4,landscape,115,identity,ridge,11.941799788087902,0.23708892120608657,0.269315872224814,0.29233594129544754,2,C
4,landscape,115,random,ridge,1.6368260608181393,0.22187051489094192,0.26051032458610596,0.2631181866758303,2,C
4,landscape,115,shuffled,ridge,0.5781080888171679,0.22544957065963667,0.2781214198635221,0.273307443759013,2,C
4,landscape,115,pca,ridge,3.452407767154392,0.22825224464431404,0.264732867898235,0.2757445475295946,2,C
4,landscape,115,emotion,ridge,3.0174040848126293,0.20348116595822893,0.21751247500528,0.2699750831291031,2,C
4,landscape,115,population,mlp,,0.22394332011354817,0.30041850832878875,0.31426713361198594,2,C
4,landscape,115,identity,mlp,,0.0074225486675467715,-0.001390349627164432,0.013320279483345262,2,C
4,landscape,115,random,mlp,,0.09983822555126434,0.11102199245061169,0.10108732440686588,2,C
4,landscape,115,shuffled,mlp,,0.1579814839041897,0.11781925729452668,0.16657796179741627,2,C
4,landscape,115,pca,mlp,,0.127423636947373,0.02131869428318796,0.13551789011016127,2,C
4,landscape,115,emotion,mlp,,0.03065574684436305,-0.003553115713864659,0.031062080579445206,2,C
4,landscape,115,gt_emotion,ridge,6.680156009813308,0.8275753345232796,0.8810559302284413,0.8477722544476477,2,C
4,landscape,124,population,ridge,,0.24350264308208266,0.5325689176195462,0.5208340014850243,2,C
4,landscape,124,identity,ridge,12.114970260961657,0.3568364293963742,0.5499261316214868,0.5554935091553987,2,C
4,landscape,124,random,ridge,1.638124946412075,0.2809366717915285,0.4967634647355428,0.5120431760392706,2,C
4,landscape,124,shuffled,ridge,0.5788060907775358,0.26960908561182323,0.5376273057001117,0.5249998918987022,2,C
4,landscape,124,pca,ridge,3.46478685231448,0.38623252899543686,0.6000140920270871,0.5970729991571979,2,C
4,landscape,124,emotion,ridge,3.016618283505691,0.3782370063049139,0.5428840619406995,0.5317318338153181,2,C
4,landscape,124,population,mlp,,0.25196077560488883,0.3979761210444974,0.37937740872309955,2,C
4,landscape,124,identity,mlp,,0.3580499897236012,0.4297150266480461,0.41753249083900695,2,C
4,landscape,124,random,mlp,,0.17649361804271388,0.24672039902758564,0.2129305023688965,2,C
4,landscape,124,shuffled,mlp,,0.13535994139106242,0.1360309657352095,0.16657591314323894,2,C
4,landscape,124,pca,mlp,,0.39236653975279756,0.535742808179901,0.49865182243078093,2,C
4,landscape,124,emotion,mlp,,0.1329148297148107,0.14723876677646267,0.14797833922998696,2,C
4,landscape,124,gt_emotion,ridge,4.810378681930714,0.6595256707656508,0.7266379729195644,0.7000048094777122,2,C
4,landscape,134,population,ridge,,0.29242437007180605,0.4564423012190129,0.4013733611870293,2,C
4,landscape,134,identity,ridge,12.052534560056543,0.3031033988229533,0.42742798564657764,0.40351510273524305,2,C
4,landscape,134,random,ridge,1.642698971214124,0.301616450188057,0.4602116823873976,0.4091264008440453,2,C
4,landscape,134,shuffled,ridge,0.5774391207257511,0.2775444558424219,0.45128420067280217,0.39079043372564415,2,C
4,landscape,134,pca,ridge,3.4332517079181355,0.318078532072557,0.4436462440947594,0.4185627472655249,2,C
4,landscape,134,emotion,ridge,3.153504255048876,0.33192131642492123,0.45098661794898237,0.42198026749148015,2,C
4,landscape,134,population,mlp,,0.36370157343628573,0.4253945037004753,0.4042788879962193,2,C
4,landscape,134,identity,mlp,,0.1960847750380142,0.17339153374569916,0.21064796926077528,2,C
4,landscape,134,random,mlp,,-0.05935591210118368,-0.0862493927871198,-0.06229771641384953,2,C
4,landscape,134,shuffled,mlp,,0.037569484552294904,0.049398732154095064,0.03966019903425554,2,C
4,landscape,134,pca,mlp,,0.12806866883695764,0.060012515970336376,0.1365211314219112,2,C
4,landscape,134,emotion,mlp,,0.10218952500454527,0.13242431209983316,0.11783145118187477,2,C
4,landscape,134,gt_emotion,ridge,6.027778641979166,0.7955771571266448,0.7807185317055233,0.8030421018818913,2,C
4,landscape,135,population,ridge,,0.42640323985292167,0.44144318613598993,0.5206040908002415,2,C
4,landscape,135,identity,ridge,11.790884763964696,0.45668766878922984,0.45774019264925403,0.5403357213415863,2,C
4,landscape,135,random,ridge,1.626479098813112,0.4323737106571568,0.4423925263212286,0.5094393687075169,2,C
4,landscape,135,shuffled,ridge,0.5783820661340598,0.4437254374489404,0.44545151136255323,0.5181039477981992,2,C
4,landscape,135,pca,ridge,3.4322202369880026,0.42864982874927093,0.4353252160533406,0.5027029352478917,2,C
4,landscape,135,emotion,ridge,3.0669080109475066,0.43088732443668903,0.44313090202085864,0.5310062186011639,2,C
4,landscape,135,population,mlp,,0.3092833041739509,0.29086728453285354,0.3151904016799553,2,C
4,landscape,135,identity,mlp,,0.08827373207661561,0.08612625124970986,0.09204117781575417,2,C
4,landscape,135,random,mlp,,0.0210138406058494,0.048627313932781684,0.02303993238624089,2,C
4,landscape,135,shuffled,mlp,,0.23064300722257797,0.21101722672999948,0.2535719413117573,2,C
4,landscape,135,pca,mlp,,0.4009109456947075,0.31138358075828965,0.40430037116656997,2,C
4,landscape,135,emotion,mlp,,0.13915429185955272,0.02209852986750057,0.15683405929496538,2,C
4,landscape,135,gt_emotion,ridge,4.71488676390111,0.7428185117370344,0.7505327286153667,0.7754793488554738,2,C
4,landscape,142,population,ridge,,0.28623334390599164,0.4648228057109642,0.4747026122383501,2,C
4,landscape,142,identity,ridge,11.962201696837456,0.37486065490268955,0.4804675523504507,0.4795325578289524,2,C
4,landscape,142,random,ridge,1.646610815714169,0.3645835086810104,0.47699094198612035,0.4872849603664655,2,C
4,landscape,142,shuffled,ridge,0.5723984319164883,0.3594515992719701,0.4654684619214828,0.4778260409739726,2,C
4,landscape,142,pca,ridge,3.448483997630953,0.38947064152996247,0.46238917845593297,0.4641523657887974,2,C
4,landscape,142,emotion,ridge,3.0825997301985075,0.3882410853988267,0.46104820017254844,0.45792320593929886,2,C
4,landscape,142,population,mlp,,0.22650326575774513,0.3416018012266281,0.3118382831878484,2,C
4,landscape,142,identity,mlp,,0.23776014844086085,0.26576202942187943,0.2526266592612621,2,C
4,landscape,142,random,mlp,,-0.18974427867728177,-0.11224484890552186,-0.19442248019737843,2,C
4,landscape,142,shuffled,mlp,,0.3509667130819321,0.411779664723753,0.39367855140023167,2,C
4,landscape,142,pca,mlp,,0.4491027335687333,0.41932887580058453,0.45608393448411516,2,C
4,landscape,142,emotion,mlp,,0.02672809924980275,-0.026223575319520152,0.028023473961067392,2,C
4,landscape,142,gt_emotion,ridge,4.474773084219894,0.8576195925676245,0.8859820760395796,0.8864187782149949,2,C
4,landscape,143,population,ridge,,0.4534441141135223,0.688539689143654,0.6879547243075161,2,C
4,landscape,143,identity,ridge,12.012011216118808,0.5563214734886532,0.7173267154154654,0.7349484245208552,2,C
4,landscape,143,random,ridge,1.6261447888489888,0.49715623525236946,0.7378674581198308,0.7378845699550046,2,C
4,landscape,143,shuffled,ridge,0.5748045672806188,0.483253940363526,0.7077810174676946,0.7152746019632162,2,C
4,landscape,143,pca,ridge,3.4511979626082026,0.5679142247469137,0.7325698456461988,0.7411989347330736,2,C
4,landscape,143,emotion,ridge,3.1398345559859204,0.6318267745468252,0.6881898468104897,0.7043645232113107,2,C
4,landscape,143,population,mlp,,0.4985985156026909,0.6833920090985212,0.6303175519719237,2,C
4,landscape,143,identity,mlp,,0.2220905791600665,0.21790179608523855,0.309587149442168,2,C
4,landscape,143,random,mlp,,0.14620204429156816,0.14158618997923872,0.1462827923906379,2,C
4,landscape,143,shuffled,mlp,,0.6441824012893334,0.6639007933936489,0.6697035733360748,2,C
4,landscape,143,pca,mlp,,0.7107266429931941,0.7376675482151653,0.7335231621716755,2,C
4,landscape,143,emotion,mlp,,0.30525711941665806,0.2507369979265234,0.3104758593102227,2,C
4,landscape,143,gt_emotion,ridge,5.688497803905539,0.8992507918653958,0.9118204843806713,0.9116776426135145,2,C
