fold,domain,user_id,mediator,head,eff_dof,ccc,srocc,plcc,n_train,seed,stage2_variant
0,art,3,population,ridge,,0.06964845042931801,0.10003716909823884,0.09597853736500243,10,0,A
0,art,3,identity,ridge,0.005126788479655279,-4.888063515656861e-05,-0.1779799389490214,-0.14687423751978415,10,0,A
0,art,3,pca,ridge,1.5991609602582282,-0.05187226343196627,-0.23720860566781218,-0.1983001661307377,10,0,A
0,art,3,emotion,ridge,1.3134541094843943,-0.004278857860565571,-0.01660754178467334,-0.027748310629964117,10,0,A
0,art,14,population,ridge,,0.3209066653858065,0.6387189479847772,0.6318512870507693,10,0,A
0,art,14,identity,ridge,0.005126497725086023,-4.255721868823678e-05,-0.1340122654687712,-0.08839978058588385,10,0,A
0,art,14,pca,ridge,1.5541064418030717,0.11058755572130721,0.1467280326889363,0.16318962774419657,10,0,A
0,art,14,emotion,ridge,1.350125238184217,0.45636061015540996,0.5195583012614332,0.519493483225859,10,0,A
0,art,15,population,ridge,,0.16769033439696074,0.22654084980961536,0.23011953377466243,10,0,A
0,art,15,identity,ridge,0.005126695617071491,-3.1297798000787536e-05,-0.2009979176112035,-0.16623618834318882,10,0,A
0,art,15,pca,ridge,1.5926725241106525,-0.0015235911239473883,-0.061016276706809196,-0.009809452190079823,10,0,A
0,art,15,emotion,ridge,1.2806122014020453,-0.028151683031562267,-0.36179625170016627,-0.2710762668604626,10,0,A
0,art,19,population,ridge,,0.5000571816493982,0.5763815116948287,0.5774939103925284,10,0,A
0,art,19,identity,ridge,0.005126745275473361,0.00025730313157380807,0.3941641458600204,0.4701821324624697,10,0,A
0,art,19,pca,ridge,1.5906335958482904,0.37511717188267313,0.6186810808784906,0.6405902925015233,10,0,A
0,art,19,emotion,ridge,1.3209675652923725,0.5230613398005963,0.6388332341216504,0.6328988791107889,10,0,A
0,art,21,population,ridge,,0.25805701237029915,0.46201014511087224,0.4633575856002242,10,0,A
0,art,21,identity,ridge,0.005126511755107329,6.822277444033353e-05,0.036413601683025425,0.11560279710450205,10,0,A
0,art,21,pca,ridge,1.6716966385274836,0.17629102639694066,0.2701849008856527,0.3274641470496573,10,0,A
0,art,21,emotion,ridge,1.179395470785014,0.314883127118064,0.486654709785848,0.4884189182604543,10,0,A
0,art,22,population,ridge,,0.2893085020024009,0.41978599884486145,0.42412404305248314,10,0,A
0,art,22,identity,ridge,0.005126451783985065,0.0002598960099661213,0.34923741240016143,0.38333724393944124,10,0,A
0,art,22,pca,ridge,1.6270785167823816,0.09151997285952787,0.17722350217992297,0.17408711878874206,10,0,A
0,art,22,emotion,ridge,1.2286048986695646,0.08796298970527672,0.2565845759582951,0.22463074076416062,10,0,A
0,art,30,population,ridge,,-0.18719280161253668,-0.21670274638038162,-0.20978902443484168,10,0,A
0,art,30,identity,ridge,0.005126721641057877,0.00017373384708720683,0.40002476391394504,0.3238011490546171,10,0,A
0,art,30,pca,ridge,1.7170455999797964,0.14392687396545117,0.3345490824425563,0.3250575810408111,10,0,A
0,art,30,emotion,ridge,1.3964407397484533,0.05140056105010582,0.14415529568662994,0.13661418187713859,10,0,A
0,art,50,population,ridge,,0.4947974122642473,0.4833905830178234,0.5183754203470747,10,0,A
0,art,50,identity,ridge,0.005126578586038115,0.00016891414732136064,0.42526799387367814,0.39333386873440906,10,0,A
0,art,50,pca,ridge,1.6165570575990442,0.07205275137808015,0.2635241372055816,0.25753300322897016,10,0,A
0,art,50,emotion,ridge,1.2992964162063811,0.11688801196244442,0.4014403623059879,0.3859263852280044,10,0,A
0,art,57,population,ridge,,0.46513086631937445,0.5106581584154437,0.5381884294109579,10,0,A
0,art,57,identity,ridge,0.005126416385560366,3.541588072477594e-05,0.05448113257787023,0.08305895739544482,10,0,A
0,art,57,pca,ridge,1.6265461691737197,0.0065520681439752825,0.023060218603672255,0.023198729492169754,10,0,A
0,art,57,emotion,ridge,1.3195863048290217,-0.07871384876368381,-0.13612086384300376,-0.1372638922852605,10,0,A
0,art,62,population,ridge,,0.2660495927596686,0.494897441611381,0.5166440506297976,10,0,A
0,art,62,identity,ridge,0.005126629981246318,9.654337647830655e-05,0.23991895662842905,0.2483627769468285,10,0,A
0,art,62,pca,ridge,1.549246743378133,0.12787835787205762,0.3683678749464188,0.33628289975454023,10,0,A
0,art,62,emotion,ridge,1.1678973234822403,0.13403337220222156,0.3628558907120836,0.30256461852374644,10,0,A
0,art,63,population,ridge,,0.11741541129049775,0.15671605517522624,0.163833133954746,10,0,A
0,art,63,identity,ridge,0.005126332314439382,5.5382543752001995e-05,0.14270120514358672,0.12481629618627686,10,0,A
0,art,63,pca,ridge,1.6033616146259737,-0.015378181366644983,-0.013013789315093843,-0.034813369621936166,10,0,A
0,art,63,emotion,ridge,1.142347530724141,0.040755030276298496,0.16127088143550908,0.12595648694940398,10,0,A
0,art,79,population,ridge,,0.45545122605331173,0.4647452203784049,0.514366574503659,10,0,A
0,art,79,identity,ridge,0.005126651428547618,0.0003646663843360264,0.4934645739290774,0.5236666734095565,10,0,A
0,art,79,pca,ridge,1.7297380993978784,0.3046575709118696,0.5613744081657118,0.6114728270214908,10,0,A
0,art,79,emotion,ridge,1.25851593201742,0.20796689233767077,0.37787552972690164,0.403249607920871,10,0,A
0,art,80,population,ridge,,0.3398357004905942,0.6826756527713498,0.6575850467488001,10,0,A
0,art,80,identity,ridge,0.005126625164316209,0.0006802973750197038,0.7320979114564373,0.7380859255862048,10,0,A
0,art,80,pca,ridge,1.5311762801300304,0.5340833467905747,0.7411373703014236,0.7301537861257071,10,0,A
0,art,80,emotion,ridge,1.2278532771025448,0.4298537280995343,0.5517017545064952,0.5465727910110194,10,0,A
0,art,85,population,ridge,,0.05043391730441451,0.028051762893131202,0.09350560046981476,10,0,A
0,art,85,identity,ridge,0.0051266341815841875,3.178114246628057e-05,0.0809537287839819,0.09088284039819645,10,0,A
0,art,85,pca,ridge,1.5875012338266594,0.11775125218448783,0.22390591903466678,0.2686672902974369,10,0,A
0,art,85,emotion,ridge,1.2707506707745964,0.10945118639656516,0.1742563314502661,0.19511715419349343,10,0,A
0,art,86,population,ridge,,0.39518105019930316,0.6414511814496295,0.643602229215165,10,0,A
0,art,86,identity,ridge,0.005126508285685826,6.077666647748566e-05,0.07150813678416011,0.18680205410897088,10,0,A
0,art,86,pca,ridge,1.6187475970910992,0.14625159693547973,0.3462395360094323,0.3616652993036657,10,0,A
0,art,86,emotion,ridge,1.315172154926347,0.22926238379019445,0.5127957552271964,0.5957153534623258,10,0,A
0,art,98,population,ridge,,0.2169605606720002,0.40329102837237885,0.41653168088295145,10,0,A
0,art,98,identity,ridge,0.005126565171744851,0.00015467459717508062,0.09931941116723825,0.2191603468303525,10,0,A
0,art,98,pca,ridge,1.6537712445899373,0.14898693972246618,0.2256990489998928,0.3244428610895208,10,0,A
0,art,98,emotion,ridge,1.1755750763276587,0.15174715606711128,0.3321162245383878,0.32906671209879385,10,0,A
0,art,99,population,ridge,,0.47823471780758925,0.7264778484164266,0.7392397886624106,10,0,A
0,art,99,identity,ridge,0.00512655860193682,0.0003488458082983274,0.6090658150080345,0.614408131444891,10,0,A
0,art,99,pca,ridge,1.6243441785487993,0.3613614428222043,0.7047636659863268,0.70997653779031,10,0,A
0,art,99,emotion,ridge,1.212889178708704,0.5180333419261878,0.7239032361819852,0.7251330331867138,10,0,A
0,art,105,population,ridge,,0.19227193873682316,0.25833227836455225,0.2500594446220501,10,0,A
0,art,105,identity,ridge,0.005126634376952382,1.517907357639243e-06,0.031154902584068906,0.00623842575195021,10,0,A
0,art,105,pca,ridge,1.6683940740541763,0.009373632665329293,0.08253316298586674,0.051480482532842785,10,0,A
0,art,105,emotion,ridge,1.180801794783716,-0.036836380946949694,-0.17733946941394246,-0.17071082398388043,10,0,A
0,art,109,population,ridge,,0.36911584970446565,0.46805810151923105,0.48389330105296025,10,0,A
0,art,109,identity,ridge,0.005126385746792321,5.2379861230604086e-05,0.2132230936187542,0.2146938092945673,10,0,A
0,art,109,pca,ridge,1.5541356480353667,0.051534144186966474,0.25812548774027244,0.29498387860315045,10,0,A
0,art,109,emotion,ridge,1.0997751912311111,0.08973407604714247,0.518073395084124,0.5068043150323596,10,0,A
0,art,110,population,ridge,,0.3185588218896965,0.485309465622598,0.5076554083603507,10,0,A
0,art,110,identity,ridge,0.005126546348813164,0.0002551894099711096,0.44687114708323933,0.39911068933490224,10,0,A
0,art,110,pca,ridge,1.564219780718692,0.21985466652640875,0.5119285150923678,0.5074898168570783,10,0,A
0,art,110,emotion,ridge,1.14051299363377,0.18281847019348987,0.36413626359611706,0.359072202588095,10,0,A
0,art,116,population,ridge,,0.3787448296486281,0.5973413388710003,0.611499830147901,10,0,A
0,art,116,identity,ridge,0.0051266183729213564,0.0003623162862553411,0.5774098788330285,0.6040356457408308,10,0,A
0,art,116,pca,ridge,1.6116158319863518,0.23579669454634763,0.4591766587085365,0.5132275005509227,10,0,A
0,art,116,emotion,ridge,1.356829995735994,0.4856337477116491,0.568824791511887,0.599462163162318,10,0,A
0,art,117,population,ridge,,0.4259790998810352,0.7377247531723158,0.739340507185771,10,0,A
0,art,117,identity,ridge,0.005126723174229191,0.00019632729434463476,0.5120625834714421,0.49568148000154105,10,0,A
0,art,117,pca,ridge,1.5772577046472596,0.25031710005451857,0.5373865126521132,0.5760486024745956,10,0,A
0,art,117,emotion,ridge,1.214987607664089,0.4447526751762026,0.70936391178816,0.7333625274560592,10,0,A
0,art,126,population,ridge,,0.39340195931160243,0.4633154734958584,0.47829847222677774,10,0,A
0,art,126,identity,ridge,0.005126631198624954,8.291544747861661e-05,0.20310056622427372,0.19359254839801923,10,0,A
0,art,126,pca,ridge,1.659671583996038,0.23832356599460297,0.4357922694911629,0.4760810937081634,10,0,A
0,art,126,emotion,ridge,1.294107319397913,0.3034284244230489,0.3341681316276717,0.3441292722323969,10,0,A
0,art,127,population,ridge,,0.2522318005099091,0.4662216715194727,0.49767687991165166,10,0,A
0,art,127,identity,ridge,0.0051266564235118006,0.00020159044707706455,0.398454896614895,0.3660409756479116,10,0,A
0,art,127,pca,ridge,1.643582985691279,0.25093664583991143,0.4584194143074322,0.4487938940808867,10,0,A
0,art,127,emotion,ridge,1.2564733130335481,0.48014742844852004,0.6175069481529358,0.6228734407957669,10,0,A
0,art,136,population,ridge,,0.3760074356390837,0.3459654974672268,0.3940516675572949,10,0,A
0,art,136,identity,ridge,0.005126412279743602,0.0001000956966970129,0.25357335939131403,0.31206654968536596,10,0,A
0,art,136,pca,ridge,1.585468284527388,0.1274969257631046,0.29408130485382583,0.3696287008592837,10,0,A
0,art,136,emotion,ridge,1.2310144538283094,0.2472524815187464,0.40741849609539427,0.4256449529055189,10,0,A
0,art,144,population,ridge,,0.17433922069888777,0.6680774906151098,0.670650110356021,10,0,A
0,art,144,identity,ridge,0.0051265584832937226,0.0001785306468085672,0.28289871904453484,0.31711582483397127,10,0,A
0,art,144,pca,ridge,1.533696471454244,0.11498180172701483,0.28668480699868326,0.23347201406812595,10,0,A
0,art,144,emotion,ridge,1.3652397016916826,0.561619457179581,0.658556592965707,0.6842957466100484,10,0,A
0,fashion,3,population,ridge,,0.22144037474297826,0.4345824467732514,0.4744859337904726,10,0,A
0,fashion,3,identity,ridge,1.352053484483799,0.037727716038348826,0.38146736491930944,0.370220622769844,10,0,A
0,fashion,3,pca,ridge,1.6776636800963949,0.12695344968854747,0.32092013541789416,0.3499801836689907,10,0,A
0,fashion,3,emotion,ridge,7.999661792052662e-05,2.5997111892027726e-05,0.47397282930485957,0.4639960610612379,10,0,A
0,fashion,14,population,ridge,,0.2171978205101747,0.4601396354167493,0.5392255816077388,10,0,A
0,fashion,14,identity,ridge,1.353237617919404,0.023451336145488576,0.27259713086428766,0.31137439692222185,10,0,A
0,fashion,14,pca,ridge,1.6283021542866878,0.21921224279904697,0.4929927214459708,0.4645392994994077,10,0,A
0,fashion,14,emotion,ridge,7.999776618988236e-05,1.2072446032155155e-05,0.40901846567621186,0.47001314505064234,10,0,A
0,fashion,15,population,ridge,,0.002454351763093634,-0.0065014520642293246,0.0056819844669372625,10,0,A
0,fashion,15,identity,ridge,1.3526011170388084,-0.012886253097393104,-0.12488205840040495,-0.14978933508548167,10,0,A
0,fashion,15,pca,ridge,1.5169326369504326,-0.03880011716414403,-0.052661761720257536,-0.11330091694806581,10,0,A
0,fashion,15,emotion,ridge,7.999691935150496e-05,-1.1091886699821707e-06,-0.07774653093474235,-0.09133956607339906,10,0,A
0,fashion,19,population,ridge,,0.3096700376136958,0.4268196401683152,0.4763974965257706,10,0,A
0,fashion,19,identity,ridge,1.3536051386553412,-0.007704409289974532,-0.02526813608260365,-0.10798982969476548,10,0,A
0,fashion,19,pca,ridge,1.6666032825197055,-0.07714493959325817,-0.22043735895375696,-0.28149603578259025,10,0,A
0,fashion,19,emotion,ridge,7.99974842695153e-05,-4.355502909320386e-06,-0.1921721842355889,-0.23062807007588235,10,0,A
0,fashion,21,population,ridge,,0.12243255819335681,0.18723364073965285,0.2307476078624533,10,0,A
0,fashion,21,identity,ridge,1.353891734392888,0.00890758594356474,0.03324331775679751,0.11672128623480124,10,0,A
0,fashion,21,pca,ridge,1.5638540674433417,0.07166052646105303,0.305505079749779,0.2586291010559384,10,0,A
0,fashion,21,emotion,ridge,7.999617943013934e-05,1.305181265113591e-05,0.28110306990702333,0.2709198927778336,10,0,A
0,fashion,22,population,ridge,,0.15070081510826555,0.393805686409602,0.3826560144544638,10,0,A
0,fashion,22,identity,ridge,1.3468750890876418,0.026244758474493535,0.26196851045193204,0.28139022392711777,10,0,A
0,fashion,22,pca,ridge,1.6181387119279225,0.09969600458480324,0.406136483273665,0.39024587871450317,10,0,A
0,fashion,22,emotion,ridge,7.999546709943748e-05,9.291957462209822e-06,0.35915273553865806,0.34710590238405864,10,0,A
0,fashion,30,population,ridge,,0.1702765156116677,0.3354828278077899,0.32689326341477554,10,0,A
0,fashion,30,identity,ridge,1.355226929987058,0.01667765297342406,0.05801470794486781,0.2031844376658477,10,0,A
0,fashion,30,pca,ridge,1.678824923769601,0.07252127365354948,0.2319595765049719,0.26401683764937056,10,0,A
0,fashion,30,emotion,ridge,7.999684369297278e-05,2.5679136443566524e-05,0.5702711796359932,0.5356191270862579,10,0,A
0,fashion,50,population,ridge,,0.03526980279769379,-0.010584142537413025,0.062367430399582036,10,0,A
0,fashion,50,identity,ridge,1.358453756513828,0.00121181467662477,0.03005045494290633,0.03014189267015396,10,0,A
0,fashion,50,pca,ridge,1.6947018060170516,0.0047764330630641425,-0.013562594708745336,0.01969970901681396,10,0,A
0,fashion,50,emotion,ridge,7.99968299151387e-05,9.120955478131582e-07,-0.020636418615659565,0.07513886003998092,10,0,A
0,fashion,57,population,ridge,,0.09539820397883518,0.24167816324854133,0.17626944443862702,10,0,A
0,fashion,57,identity,ridge,1.3554319875177758,-0.01439724103231024,-0.15903682634958477,-0.1293331742436462,10,0,A
0,fashion,57,pca,ridge,1.632821403404118,0.015819336035155396,-0.0026325472716094847,0.03745581147116263,10,0,A
0,fashion,57,emotion,ridge,7.99964723340908e-05,1.840794530363787e-05,0.21814009352591535,0.19920814729790318,10,0,A
0,fashion,62,population,ridge,,0.13846785299891007,0.2957836076347694,0.2833511021336073,10,0,A
0,fashion,62,identity,ridge,1.35129212555657,0.006141144911536165,0.02286297920817525,0.08831750169893213,10,0,A
0,fashion,62,pca,ridge,1.6892452524100916,0.046939829686851293,0.1592985499374808,0.14634942129705555,10,0,A
0,fashion,62,emotion,ridge,7.999736520018647e-05,5.733433871976103e-06,0.1941373753975574,0.14329350529485663,10,0,A
0,fashion,63,population,ridge,,0.15873840092547742,0.24022927152477122,0.26159745656580635,10,0,A
0,fashion,63,identity,ridge,1.353557894300006,0.045261257549559696,0.46128015629995567,0.4730037877386461,10,0,A
0,fashion,63,pca,ridge,1.646507503561101,0.19408087574144187,0.3573972280730276,0.4029214911762898,10,0,A
0,fashion,63,emotion,ridge,7.99966197637943e-05,1.8478924546553328e-05,0.30335812790882755,0.3186650758508891,10,0,A
0,fashion,79,population,ridge,,0.41533056514774747,0.43304040464252475,0.5264666782893211,10,0,A
0,fashion,79,identity,ridge,1.3524659868671538,0.08009635159519701,0.3225902552979981,0.37551140338405176,10,0,A
0,fashion,79,pca,ridge,1.6079554571279815,0.2777412426306927,0.3110636859090749,0.4188314016799821,10,0,A
0,fashion,79,emotion,ridge,7.999587005993859e-05,5.803860980633211e-05,0.416800749103464,0.49921447924578893,10,0,A
0,fashion,80,population,ridge,,0.10817334521480054,0.22183636493830286,0.23769321875379842,10,0,A
0,fashion,80,identity,ridge,1.3549225284041662,0.05825290455141981,0.3243164497333954,0.35541716542064306,10,0,A
0,fashion,80,pca,ridge,1.7245462100103404,0.13204812164920232,0.1951768679391022,0.22689107717656426,10,0,A
0,fashion,80,emotion,ridge,7.999713985725276e-05,2.6222719477124685e-05,0.3653574001596878,0.376603532899947,10,0,A
0,fashion,85,population,ridge,,0.2279464845162254,0.42475413524912947,0.4209264222530564,10,0,A
0,fashion,85,identity,ridge,1.3549555230593455,0.012514689015766916,0.15458120166955236,0.198100316419203,10,0,A
0,fashion,85,pca,ridge,1.600904505862294,0.029942198560459512,0.0497570534636091,0.08794858803645503,10,0,A
0,fashion,85,emotion,ridge,7.999607898232576e-05,1.797799498816298e-05,0.4706269918514489,0.4377358547106309,10,0,A
0,fashion,86,population,ridge,,0.052072492174971195,0.08305554639806927,0.11478188799358449,10,0,A
0,fashion,86,identity,ridge,1.3542701980647522,-0.0011279961631780677,-0.032821950865743035,-0.014781885441287938,10,0,A
0,fashion,86,pca,ridge,1.568319367964115,-0.03756542240532986,-0.15740527046284694,-0.1920680714516254,10,0,A
0,fashion,86,emotion,ridge,7.999520774491317e-05,-1.6803773455447063e-06,-0.11627776495729696,-0.12850297162379434,10,0,A
0,fashion,98,population,ridge,,0.14785945240966927,0.3042814533768127,0.32734797495951956,10,0,A
0,fashion,98,identity,ridge,1.354746411564605,0.015009831434236757,0.1212413598710643,0.11208073388495711,10,0,A
0,fashion,98,pca,ridge,1.641550739539757,0.05804605565606615,0.11942519375153822,0.11238571409960488,10,0,A
0,fashion,98,emotion,ridge,7.999580423586932e-05,2.3265116330944215e-05,0.34988194864815636,0.36130502628389277,10,0,A
0,fashion,99,population,ridge,,0.23785841718875453,0.41985306776138864,0.45534363010472406,10,0,A
0,fashion,99,identity,ridge,1.350092926124121,0.07855412972909707,0.48270855036790694,0.4759090381247234,10,0,A
0,fashion,99,pca,ridge,1.6948257452485391,0.24441512137862298,0.4997084353752817,0.5257443846878869,10,0,A
0,fashion,99,emotion,ridge,7.999582618043783e-05,2.86560149270744e-05,0.4237233585843933,0.47159323721512236,10,0,A
0,fashion,105,population,ridge,,0.06954709471832196,0.12531916549944772,0.13741727707645499,10,0,A
0,fashion,105,identity,ridge,1.3562748367336366,0.013076570033478632,0.024158545554072455,0.07293470539810894,10,0,A
0,fashion,105,pca,ridge,1.6136785240847324,0.17347039126223154,0.25584899768702873,0.2734426468369078,10,0,A
0,fashion,105,emotion,ridge,7.999614765614622e-05,7.132489511647455e-06,0.06331749521034676,0.08864782170952168,10,0,A
0,fashion,109,population,ridge,,0.32829535507999535,0.47902298156194956,0.5456339452724327,10,0,A
0,fashion,109,identity,ridge,1.351655569583198,-0.0038785539368935335,-0.050370130505932274,-0.04751772647666461,10,0,A
0,fashion,109,pca,ridge,1.6384908308450452,-0.048236812856942556,-0.09009868414441408,-0.10689992021588879,10,0,A
0,fashion,109,emotion,ridge,7.999587474379396e-05,8.85282882175724e-06,0.5087180484396923,0.5927973384241065,10,0,A
0,fashion,110,population,ridge,,0.2597813047090366,0.3448727928958437,0.3776607677208519,10,0,A
0,fashion,110,identity,ridge,1.3527172971610095,0.01428873858813683,0.22894916503169463,0.28241518433998,10,0,A
0,fashion,110,pca,ridge,1.5929568838943071,0.04757023594692772,0.24883606326011332,0.21681125690668457,10,0,A
0,fashion,110,emotion,ridge,7.99955748761879e-05,7.3146475163888925e-06,0.38684514091562194,0.3892598969661763,10,0,A
0,fashion,116,population,ridge,,0.19329947161626765,0.24281545222358794,0.3599593313758784,10,0,A
0,fashion,116,identity,ridge,1.359097677023424,-0.002731185355580542,0.00035183360910062423,-0.025746563648290907,10,0,A
0,fashion,116,pca,ridge,1.711878078244653,-0.02931008118464516,-0.023924685418842448,-0.06677161619383631,10,0,A
0,fashion,116,emotion,ridge,7.999651788322995e-05,-2.1937815644224626e-05,-0.25211391189267585,-0.37549796626363385,10,0,A
0,fashion,117,population,ridge,,0.3284938172438826,0.47667173983840266,0.5335383669446165,10,0,A
0,fashion,117,identity,ridge,1.3558794763126465,0.062146147070400816,0.407663905717976,0.42333006907143284,10,0,A
0,fashion,117,pca,ridge,1.5690508280349598,0.26468943242927045,0.46370449934090074,0.46853070648107964,10,0,A
0,fashion,117,emotion,ridge,7.999562093156574e-05,5.0062538854283395e-05,0.5105976597446575,0.5539758942793747,10,0,A
0,fashion,126,population,ridge,,0.23178771710829157,0.2538242330615408,0.40277761538728085,10,0,A
0,fashion,126,identity,ridge,1.3612996345688988,0.01437730544857863,0.045423268775926035,0.12902362790708355,10,0,A
0,fashion,126,pca,ridge,1.6113621321397542,-0.06430188670706735,-0.13775909382862814,-0.12742319573013486,10,0,A
0,fashion,126,emotion,ridge,7.99971502026436e-05,-5.002864241172705e-06,-0.12127764548588776,-0.20445129784040245,10,0,A
0,fashion,127,population,ridge,,0.21290807114233914,0.5300948213393801,0.5051020181847342,10,0,A
0,fashion,127,identity,ridge,1.3459037852257743,0.04415567747597024,0.19025643990801772,0.2639710281249267,10,0,A
0,fashion,127,pca,ridge,1.6481229959643597,0.21877284350728096,0.3633686769944764,0.4008541673990899,10,0,A
0,fashion,127,emotion,ridge,7.999544274131862e-05,4.2988329571892044e-05,0.5224806338398339,0.48695716309194464,10,0,A
0,fashion,136,population,ridge,,0.24467475961851087,0.5055842447604649,0.46146582808590053,10,0,A
0,fashion,136,identity,ridge,1.3579091744430638,0.013349317323659586,0.14918316401286374,0.1341073049266856,10,0,A
0,fashion,136,pca,ridge,1.6816330502741714,0.130369550748763,0.39044682748384824,0.4135770233911273,10,0,A
0,fashion,136,emotion,ridge,7.99971476310273e-05,2.084567524502318e-05,0.46496482358234875,0.4581114625265928,10,0,A
0,fashion,144,population,ridge,,0.1427965245329115,0.5397303240308864,0.4847362772220428,10,0,A
0,fashion,144,identity,ridge,1.3583614942780924,0.028388218928589136,0.18808707225829838,0.20215399792243352,10,0,A
0,fashion,144,pca,ridge,1.6411563976372427,0.16673107325038244,0.34819676270938016,0.3225237979781258,10,0,A
0,fashion,144,emotion,ridge,7.99958721643464e-05,3.787914675624582e-05,0.5881839055665731,0.5204835880220553,10,0,A
0,landscape,3,population,ridge,,0.33133119640559605,0.4202267308483336,0.47825357347590186,10,0,A
0,landscape,3,identity,ridge,1.3565065850559566,0.030032928506307722,0.3191832281882937,0.3364382437474609,10,0,A
0,landscape,3,pca,ridge,0.02512785041713382,0.003715924128609822,0.3673413888128157,0.36623280949630715,10,0,A
0,landscape,3,emotion,ridge,1.9084977212820595,0.1613270210423895,0.22527973911777902,0.19293165757766492,10,0,A
0,landscape,14,population,ridge,,0.1963369504097256,0.3538744936123055,0.37493738100028373,10,0,A
0,landscape,14,identity,ridge,1.3572185264347625,0.022394951010638455,0.31228593777245056,0.41515387628226275,10,0,A
0,landscape,14,pca,ridge,0.025153619249891457,0.0009073542814834456,0.20253973678384654,0.2170697253138405,10,0,A
0,landscape,14,emotion,ridge,2.067441347536974,0.16811992791140795,0.2915164444507591,0.3255687289973682,10,0,A
0,landscape,15,population,ridge,,0.03848184542329851,0.0440088026408803,0.059470177237322695,10,0,A
0,landscape,15,identity,ridge,1.350584042903192,-0.044161759986183734,-0.15923184955518513,-0.24749318891772992,10,0,A
0,landscape,15,pca,ridge,0.025153838182609967,-0.0019491141601794477,-0.12642528758652888,-0.14979250722430518,10,0,A
0,landscape,15,emotion,ridge,2.245099409225222,-0.06251387263681928,-0.013602720816272094,-0.0773234795114139,10,0,A
0,landscape,19,population,ridge,,0.42082783511154115,0.49608972073630253,0.5287612790220295,10,0,A
0,landscape,19,identity,ridge,1.3457360855770302,0.040962568375516525,0.361049409025931,0.3739421529184591,10,0,A
0,landscape,19,pca,ridge,0.025131317222280247,0.0034731639311881275,0.42237278112054544,0.46077569760446335,10,0,A
0,landscape,19,emotion,ridge,1.985590967033038,0.3380505855590928,0.4484488471850297,0.5078955793194362,10,0,A
0,landscape,21,population,ridge,,0.0945785229382233,0.12965951418415453,0.15518443699369924,10,0,A
0,landscape,21,identity,ridge,1.3568717673707236,0.01827468859087676,0.2573726384325192,0.26908691470199286,10,0,A
0,landscape,21,pca,ridge,0.02515567558848202,0.000468305596192581,0.126165993786583,0.1250773397164787,10,0,A
0,landscape,21,emotion,ridge,1.9431996455685854,0.09787490655573634,0.28916367405042004,0.2358568584924243,10,0,A
0,landscape,22,population,ridge,,0.26957217816803725,0.42893972209403025,0.4543634453462305,10,0,A
0,landscape,22,identity,ridge,1.3624270865328332,0.047563744794004714,0.3145395484855429,0.319406486142837,10,0,A
0,landscape,22,pca,ridge,0.02513961795496321,0.006601711572439372,0.3801478287058344,0.39622909230367986,10,0,A
0,landscape,22,emotion,ridge,1.8839457712465726,0.3720602560924355,0.38273121566844615,0.411915729858623,10,0,A
0,landscape,30,population,ridge,,0.14093635734395446,0.34063909868879233,0.3896706084734331,10,0,A
0,landscape,30,identity,ridge,1.3587790320595916,0.04053143437205127,0.16664539830948452,0.2802473565343854,10,0,A
0,landscape,30,pca,ridge,0.025173531319872395,0.0004384632336515811,-0.006744332036687082,0.06490556186335146,10,0,A
0,landscape,30,emotion,ridge,2.0827052106477315,0.15970277421136556,0.163273232291141,0.1907345967069455,10,0,A
0,landscape,50,population,ridge,,0.3776838275329688,0.4285102562543662,0.39561116443599353,10,0,A
0,landscape,50,identity,ridge,1.3563086965494937,0.019636891302823815,0.11084369497238444,0.09797952941764979,10,0,A
0,landscape,50,pca,ridge,0.02513730712967659,0.0028732352115451083,0.3009091769591853,0.27346832955862016,10,0,A
0,landscape,50,emotion,ridge,2.1153517954783267,0.015355836834684415,0.002950635777768144,0.015699323730967073,10,0,A
0,landscape,57,population,ridge,,0.39982189675086777,0.4576892729123634,0.46869640459532397,10,0,A
0,landscape,57,identity,ridge,1.3513464938519397,0.01530555100831729,0.36210822687306765,0.32545744801583365,10,0,A
0,landscape,57,pca,ridge,0.025116454542569947,0.0005020236971000134,0.12404511389532956,0.20720808886580988,10,0,A
0,landscape,57,emotion,ridge,1.8124984570361757,0.15614656502406696,0.3919200252147093,0.38072411288374014,10,0,A
0,landscape,62,population,ridge,,0.27504713891788934,0.3328721989818945,0.4257793203673271,10,0,A
0,landscape,62,identity,ridge,1.3573311860881412,0.05316847441141381,0.3385942173500437,0.3586563108551677,10,0,A
0,landscape,62,pca,ridge,0.025161622748265177,0.004917373950631599,0.3852162278800938,0.44696948920397117,10,0,A
0,landscape,62,emotion,ridge,2.2896983927119927,0.35717411729940846,0.34869482368686344,0.43400632089500624,10,0,A
0,landscape,63,population,ridge,,0.15557651601585099,0.15606137940054732,0.20942780452785179,10,0,A
0,landscape,63,identity,ridge,1.3511680818005345,-0.014255948563529654,-0.10562564883931083,-0.13585461343705665,10,0,A
0,landscape,63,pca,ridge,0.025156203589470405,-0.0003300565316748738,-0.05079746223534371,-0.03891565383390463,10,0,A
0,landscape,63,emotion,ridge,2.0891468008484533,0.10803833005382246,0.15337422982146504,0.1803505613206836,10,0,A
0,landscape,79,population,ridge,,0.3313591831771237,0.39045987935604964,0.3465707092838356,10,0,A
0,landscape,79,identity,ridge,1.3611947035249874,0.027561935183300135,0.2964930931202038,0.2631724326802868,10,0,A
0,landscape,79,pca,ridge,0.025150814830137133,0.003369415371418058,0.4977685941977617,0.4723996770497764,10,0,A
0,landscape,79,emotion,ridge,2.2260499912455556,0.2643558607069066,0.40135231325693255,0.38358773223491355,10,0,A
0,landscape,80,population,ridge,,0.3942508460922188,0.6390763214391869,0.6394933438908446,10,0,A
0,landscape,80,identity,ridge,1.3525732317357602,0.05462495929786298,0.4813333424804388,0.44466399978222415,10,0,A
0,landscape,80,pca,ridge,0.0251231272710231,0.004036477549751905,0.5221483008244542,0.529788581842888,10,0,A
0,landscape,80,emotion,ridge,1.669344020194824,0.5604592444138532,0.7184604389838866,0.7176951622683913,10,0,A
0,landscape,85,population,ridge,,0.13777192029415136,0.28142864025522574,0.24176611822476296,10,0,A
0,landscape,85,identity,ridge,1.3580116062202052,0.020089360262278488,0.2807718050086696,0.21549934072327562,10,0,A
0,landscape,85,pca,ridge,0.025144546697241605,0.001438749869688837,0.14905107518005675,0.16313380243538175,10,0,A
0,landscape,85,emotion,ridge,2.0338193957770936,0.15989869817300958,0.25187105416019756,0.2305919866897987,10,0,A
0,landscape,86,population,ridge,,0.46984630118444426,0.5661481155396166,0.5608318112886185,10,0,A
0,landscape,86,identity,ridge,1.3532653011359361,0.04835300731224314,0.42640789333261303,0.4145837352420847,10,0,A
0,landscape,86,pca,ridge,0.02512089294167341,0.0054488359248789624,0.4843677430283173,0.43862643528831563,10,0,A
0,landscape,86,emotion,ridge,2.021401168572162,0.3680566314364154,0.5325734993297047,0.5179623667329978,10,0,A
0,landscape,98,population,ridge,,0.25151066312479115,0.45585912831371556,0.4873060298909094,10,0,A
0,landscape,98,identity,ridge,1.3529385095560154,0.012878311873467966,0.20531623484020525,0.08547027113252846,10,0,A
0,landscape,98,pca,ridge,0.025131011113999117,0.0005754152405623305,0.1182586079388814,0.046792686548568836,10,0,A
0,landscape,98,emotion,ridge,2.4132484496627487,0.2231771779144051,0.21230446718615661,0.22549265413277653,10,0,A
0,landscape,99,population,ridge,,0.40114269401809005,0.5972367873353108,0.5716066038058326,10,0,A
0,landscape,99,identity,ridge,1.3545092255733486,0.07417436255541694,0.5289378521758945,0.5401793894114628,10,0,A
0,landscape,99,pca,ridge,0.025147591697102158,0.004867259807171832,0.6200193956275714,0.6172994523162111,10,0,A
0,landscape,99,emotion,ridge,1.96889943804979,0.44911931495133356,0.5896099914263138,0.5534577161067155,10,0,A
0,landscape,105,population,ridge,,0.24417717770950365,0.3466486152749521,0.3480109905269857,10,0,A
0,landscape,105,identity,ridge,1.356110138017249,-0.0042761681739215286,-0.05507127047984507,-0.03462209135236412,10,0,A
0,landscape,105,pca,ridge,0.025138002973429982,-0.0005669005330239049,-0.0992784812377571,-0.06367823297710251,10,0,A
0,landscape,105,emotion,ridge,2.206936385118994,0.1765530213080791,0.3102014471755637,0.3670010707985511,10,0,A
0,landscape,109,population,ridge,,0.31486031685442745,0.39361547465550634,0.4204649979217819,10,0,A
0,landscape,109,identity,ridge,1.3601846886785744,0.016765734596993417,0.1740357687356559,0.18265254729344427,10,0,A
0,landscape,109,pca,ridge,0.02516900825335978,0.0035663996314367935,0.40954586496445156,0.397779793524157,10,0,A
0,landscape,109,emotion,ridge,2.419788293841558,0.2615556869316781,0.3134141993070233,0.34474198140065604,10,0,A
0,landscape,110,population,ridge,,0.5672962141417516,0.6773190828499889,0.6672551747155864,10,0,A
0,landscape,110,identity,ridge,1.3542642695221305,0.09731178841497444,0.6512160187240835,0.6352298182036225,10,0,A
0,landscape,110,pca,ridge,0.025156868292611746,0.004634284209137631,0.7265520821762622,0.7142080442343706,10,0,A
0,landscape,110,emotion,ridge,1.874497614292439,0.5559896334044353,0.7308354035096637,0.7142166966609351,10,0,A
0,landscape,116,population,ridge,,0.22857893818385805,0.4440688781687301,0.4830603216203243,10,0,A
0,landscape,116,identity,ridge,1.3547253516930313,0.012475166857586435,0.11843188713348025,0.12443011852847988,10,0,A
0,landscape,116,pca,ridge,0.025161452723921448,0.004114072556229084,0.40736310493044253,0.49993179532230847,10,0,A
0,landscape,116,emotion,ridge,2.005353828015958,0.34750479158925973,0.40173556234832936,0.4493496419613798,10,0,A
0,landscape,117,population,ridge,,0.45193947890381003,0.5510243654029895,0.546489195742208,10,0,A
0,landscape,117,identity,ridge,1.3446351692155436,0.07707380856860246,0.34403700762981526,0.3562656644688303,10,0,A
0,landscape,117,pca,ridge,0.02511794879228224,0.007285388036666331,0.5923511928082138,0.5226860415452936,10,0,A
0,landscape,117,emotion,ridge,1.759000372687236,0.41240757829849944,0.5067203917011741,0.4636175925055411,10,0,A
0,landscape,126,population,ridge,,0.18169636403846046,0.24164174956309015,0.27305944187678594,10,0,A
0,landscape,126,identity,ridge,1.358277228566591,0.00798193597553381,0.027446948469270302,0.04964403428180415,10,0,A
0,landscape,126,pca,ridge,0.025137765140718762,0.0030599757070457058,0.17643056444095695,0.22749996308558298,10,0,A
0,landscape,126,emotion,ridge,1.8066906902071271,0.2064552883698425,0.21903257258660488,0.24093268708319512,10,0,A
0,landscape,127,population,ridge,,0.23871434128792973,0.32341412693264027,0.3679794777721591,10,0,A
0,landscape,127,identity,ridge,1.3516035648845526,0.01926932897471223,0.21709222153988145,0.18996503961955838,10,0,A
0,landscape,127,pca,ridge,0.025140234947761898,0.0015306997115927176,0.23293051917080274,0.2142648381977624,10,0,A
0,landscape,127,emotion,ridge,1.7029742402026529,0.17063821920004416,0.29188418257478765,0.26597740238441026,10,0,A
0,landscape,136,population,ridge,,0.3550446621222609,0.46615800938636076,0.5099188308840884,10,0,A
0,landscape,136,identity,ridge,1.3591202259831425,-0.01654648038579191,-0.05065740237035365,-0.1772825402293336,10,0,A
0,landscape,136,pca,ridge,0.02514403876819872,0.001011901638550972,0.14747598796576325,0.1288791377487742,10,0,A
0,landscape,136,emotion,ridge,2.1406116944754174,0.26957042469816955,0.430438046176496,0.4715019988888099,10,0,A
0,landscape,144,population,ridge,,0.2544365918754902,0.5826065383704071,0.5703891407640798,10,0,A
0,landscape,144,identity,ridge,1.3549476628481518,0.03870257496044791,0.3253717234928045,0.40461334241630514,10,0,A
0,landscape,144,pca,ridge,0.025154439429844355,0.004462046299672403,0.46719515318960503,0.49061198506653186,10,0,A
0,landscape,144,emotion,ridge,2.2224015582689503,0.4300751660268394,0.5119517500250808,0.5319781725015232,10,0,A
1,art,5,population,ridge,,0.10502980371404953,0.18091367037913386,0.2079187530880536,10,0,A
1,art,5,identity,ridge,7.457960246878374,-0.06342181625206078,-0.18408849278601364,-0.15622267015652022,10,0,A
1,art,5,pca,ridge,0.025131743529522643,0.0002615995368102623,0.13149909582044034,0.06480059165980691,10,0,A
1,art,5,emotion,ridge,0.5651030145572142,0.021786789174061773,0.10604930975238784,0.14227491501330142,10,0,A
1,art,6,population,ridge,,0.46891306953599704,0.6955277398264431,0.6610264035433231,10,0,A
1,art,6,identity,ridge,7.519001514904813,0.13764182545309234,0.42447685491020937,0.31561209853101874,10,0,A
1,art,6,pca,ridge,0.025156677185446803,0.002805166505059814,0.534722165165874,0.5040057624818898,10,0,A
1,art,6,emotion,ridge,0.5771836409902323,0.2241152605874862,0.6092661447372076,0.5889521764827819,10,0,A
1,art,16,population,ridge,,0.24302445295177952,0.43181423624841264,0.4441538294343872,10,0,A
1,art,16,identity,ridge,7.482061843817691,0.21985736123072885,0.37945243318520894,0.40315815298349916,10,0,A
1,art,16,pca,ridge,0.02512245205830502,0.003546793073026295,0.4793493926605389,0.4829149316471749,10,0,A
1,art,16,emotion,ridge,0.5841391636639072,0.1635049281496242,0.4853948894760298,0.5000631484839942,10,0,A
1,art,17,population,ridge,,0.09511727910034268,0.1343351987514556,0.11670309099275189,10,0,A
1,art,17,identity,ridge,7.510251294580882,0.06734965095855987,0.07143922302023681,0.13642621587892387,10,0,A
1,art,17,pca,ridge,0.02516543064950672,-6.915723235593778e-05,-0.0389847031464385,-0.007828148391698722,10,0,A
1,art,17,emotion,ridge,0.5730750201419054,0.051104187423423986,0.16806629580637153,0.15130533018967884,10,0,A
1,art,23,population,ridge,,0.09174443444135243,0.12579769973799432,0.13766946764669902,10,0,A
1,art,23,identity,ridge,7.569703118450038,-0.04382103346403567,-0.10492984970320965,-0.07922249994856399,10,0,A
1,art,23,pca,ridge,0.025118579262280963,-0.00047159469587995054,-0.10571731574225812,-0.10041399070171085,10,0,A
1,art,23,emotion,ridge,0.6034779424009484,0.01505195173805891,0.16015090569148416,0.12156703212030805,10,0,A
1,art,35,population,ridge,,0.07853314630017763,0.12399664671795695,0.09884830470021677,10,0,A
1,art,35,identity,ridge,7.4615628208866225,0.0976611332460604,0.166996744886227,0.1614118968972486,10,0,A
1,art,35,pca,ridge,0.02514666278787446,-0.0008240386180568843,-0.08923171886554952,-0.07967569256795655,10,0,A
1,art,35,emotion,ridge,0.6329784260216234,0.027545219583206933,0.15818823992812076,0.12405576521110985,10,0,A
1,art,39,population,ridge,,0.5714494294204944,0.7551615512399882,0.7710497567928108,10,0,A
1,art,39,identity,ridge,7.536723111788317,0.37110396258055933,0.6700212739706418,0.574694717356678,10,0,A
1,art,39,pca,ridge,0.025113282722970566,0.006469154057332025,0.6817169115932065,0.6302352480720244,10,0,A
1,art,39,emotion,ridge,0.523732251237263,0.23003530164564154,0.7360322456369803,0.7507982766811397,10,0,A
1,art,44,population,ridge,,0.3497141923447877,0.6442808861252638,0.622132627278377,10,0,A
1,art,44,identity,ridge,7.467151769363892,0.22837431092706142,0.4911284599056915,0.479319961473584,10,0,A
1,art,44,pca,ridge,0.025145270206392102,0.0048916044636898165,0.6768026362208933,0.6466930314861049,10,0,A
1,art,44,emotion,ridge,0.5849494901835329,0.2596278975403551,0.6664457096519775,0.6422649175296408,10,0,A
1,art,51,population,ridge,,0.33069502451353044,0.523413845635951,0.5573697934408908,10,0,A
1,art,51,identity,ridge,7.491085973977836,0.21047639389188083,0.36427927016324585,0.35350203006045394,10,0,A
1,art,51,pca,ridge,0.02516559625512527,0.0026593679001003993,0.32172965779336177,0.35223502555053693,10,0,A
1,art,51,emotion,ridge,0.6180628045475717,0.14298320452275085,0.4891499538879229,0.5125627261162223,10,0,A
1,art,64,population,ridge,,0.21723122411564855,0.3725086901768407,0.3498016746342494,10,0,A
1,art,64,identity,ridge,7.483393731088308,0.07808819410678182,0.11007178120492296,0.11038876985310007,10,0,A
1,art,64,pca,ridge,0.02514937010972166,0.00015179393007872823,0.020626063505066645,0.034221310980008086,10,0,A
1,art,64,emotion,ridge,0.6074417093613181,-0.003099047903845108,-0.07313327805282044,-0.009953209263889087,10,0,A
1,art,69,population,ridge,,0.3000315895878488,0.34852442212493556,0.3451633054442184,10,0,A
1,art,69,identity,ridge,7.558653734636966,-0.019465483588533016,-0.09333144637428051,-0.03445924222149613,10,0,A
1,art,69,pca,ridge,0.025162402490551506,0.0011190150513673087,0.14057452923506475,0.1732868397411597,10,0,A
1,art,69,emotion,ridge,0.5839470685721202,0.07947015887330768,0.35796299765928996,0.3551101189612934,10,0,A
1,art,81,population,ridge,,0.29950260630603803,0.3498887832383117,0.42237686539306124,10,0,A
1,art,81,identity,ridge,7.542936542865398,-0.07711146758919266,-0.18102493306571268,-0.22907364417344905,10,0,A
1,art,81,pca,ridge,0.02516136675649807,-8.632958459590423e-05,0.056631483472592725,-0.03502160850176621,10,0,A
1,art,81,emotion,ridge,0.5835986311176983,0.01299600630294724,0.18267389345799928,0.19190915517603666,10,0,A
1,art,92,population,ridge,,0.2718235794231453,0.34898250446868684,0.37785840223975736,10,0,A
1,art,92,identity,ridge,7.482683342295388,0.19063226918346812,0.30041859607984045,0.3081853426630768,10,0,A
1,art,92,pca,ridge,0.025123793438202095,0.006175905042022175,0.5053298091300488,0.47023320680971276,10,0,A
1,art,92,emotion,ridge,0.5634715754847812,0.139017374884671,0.34819683962114234,0.39112615893711306,10,0,A
1,art,100,population,ridge,,0.37891693561809947,0.6158341921929029,0.6583502077347956,10,0,A
1,art,100,identity,ridge,7.470189239720347,0.333979352595533,0.41224811702028347,0.48382578400475573,10,0,A
1,art,100,pca,ridge,0.025170454373258395,0.004151880125639976,0.47564793607917305,0.5145803550666989,10,0,A
1,art,100,emotion,ridge,0.5816266447071752,0.32270038782161115,0.6214575670387856,0.6249027029683277,10,0,A
1,art,101,population,ridge,,0.45768968309453534,0.6286828123709176,0.609700703685544,10,0,A
1,art,101,identity,ridge,7.504075393556615,0.4107923794215657,0.5420352834199352,0.5031031571223332,10,0,A
1,art,101,pca,ridge,0.025126339435222498,0.009082913857428992,0.6268326871975871,0.6052322609242896,10,0,A
1,art,101,emotion,ridge,0.5667650071012622,0.3026387759704237,0.5895732219013462,0.5755460557408902,10,0,A
1,art,106,population,ridge,,0.4134026679528354,0.4795204959576387,0.4841943442066689,10,0,A
1,art,106,identity,ridge,7.506510700692113,0.15861532282573762,0.26391783291400117,0.2736903579853639,10,0,A
1,art,106,pca,ridge,0.02516932114834949,0.0042249533104960265,0.48516903356252467,0.4553529276405022,10,0,A
1,art,106,emotion,ridge,0.5989947022691362,0.1357775638675008,0.4387198984366322,0.46231997513133466,10,0,A
1,art,111,population,ridge,,0.47638881125884397,0.6833186886705842,0.67217760246109,10,0,A
1,art,111,identity,ridge,7.503348963600177,0.09576995534327343,0.264597766742167,0.2515269871893623,10,0,A
1,art,111,pca,ridge,0.025140117353274746,0.0033540672266504624,0.459909006504053,0.45267453642372585,10,0,A
1,art,111,emotion,ridge,0.6011772367100009,0.266534349988664,0.5548335168342818,0.5754490723276363,10,0,A
1,art,118,population,ridge,,0.45421007538315583,0.6419592649092528,0.6184041060336193,10,0,A
1,art,118,identity,ridge,7.508094534648066,0.4125271934407358,0.5430889666962457,0.5331472354835535,10,0,A
1,art,118,pca,ridge,0.025066587551226878,0.006810628198283219,0.5909294335735072,0.5749050106240309,10,0,A
1,art,118,emotion,ridge,0.5709274398932886,0.19083752776715085,0.5511122116621198,0.5045814180583688,10,0,A
1,art,119,population,ridge,,0.2796761994580433,0.5684837286940606,0.5850198423855154,10,0,A
1,art,119,identity,ridge,7.527437362153977,0.37424178217829124,0.6009839660809119,0.5488629806956506,10,0,A
1,art,119,pca,ridge,0.02514412364605799,0.003683976746158513,0.5490622555203749,0.49693239002544926,10,0,A
1,art,119,emotion,ridge,0.5767199318749099,0.16079948130360686,0.5585517348178973,0.5640327824080221,10,0,A
1,art,128,population,ridge,,0.4167200156287525,0.5219743397240193,0.4897524447081619,10,0,A
1,art,128,identity,ridge,7.541052936168535,0.12507842966068985,0.34955384656189253,0.2805299957318074,10,0,A
1,art,128,pca,ridge,0.025121124345059035,0.003129201501848274,0.611869641916428,0.533325913961166,10,0,A
1,art,128,emotion,ridge,0.6039211004888556,0.0645335413619134,0.6674212285473197,0.5867837956615013,10,0,A
1,art,129,population,ridge,,0.23973803335390048,0.3418183718210722,0.35491564317224156,10,0,A
1,art,129,identity,ridge,7.50942786451621,0.04202366107797322,0.0433043533296514,0.07494267898625039,10,0,A
1,art,129,pca,ridge,0.025174934917980795,4.051326033170395e-06,-0.05625049835751938,0.0006817665274030246,10,0,A
1,art,129,emotion,ridge,0.5935215417025361,-0.057536284518966856,-0.22881558653906184,-0.24306125361387892,10,0,A
1,art,137,population,ridge,,0.4669557995844029,0.49993194927383183,0.5422344955070381,10,0,A
1,art,137,identity,ridge,7.495345119832798,-0.05874795853607149,-0.1530455129263462,-0.11971118966965504,10,0,A
1,art,137,pca,ridge,0.02513934872742687,-0.0008302360457483569,-0.09895270540680481,-0.12105052953657099,10,0,A
1,art,137,emotion,ridge,0.5766096923460415,-0.04435194949812527,-0.18380515208170695,-0.15380710489262808,10,0,A
1,fashion,5,population,ridge,,0.09337428633118185,0.1600355772580081,0.18647802576988018,10,0,A
1,fashion,5,identity,ridge,7.5428108945858785,-0.02117533430982514,-0.03927515333841079,-0.0700901947753909,10,0,A
1,fashion,5,pca,ridge,1.58929394140724,-0.08053022826297536,-0.24040022525752802,-0.216938775535328,10,0,A
1,fashion,5,emotion,ridge,1.2155305688700566,0.11555030111412741,0.1683068391703093,0.18907186905661072,10,0,A
1,fashion,6,population,ridge,,0.23995169517396597,0.3420373230107772,0.3807332548167197,10,0,A
1,fashion,6,identity,ridge,7.570316748822187,0.18652831480915796,0.3097469106343376,0.3306014808423767,10,0,A
1,fashion,6,pca,ridge,1.6952732647021138,0.0504048332237292,0.32506351370558806,0.3063506145641499,10,0,A
1,fashion,6,emotion,ridge,1.1963121500854061,0.0575630472254963,0.2087075487348099,0.20508071745370945,10,0,A
1,fashion,16,population,ridge,,0.13867511693523335,0.3298638058875581,0.2913650181396372,10,0,A
1,fashion,16,identity,ridge,7.563024754538156,0.13786902454736785,0.2650333879182407,0.20998820085053466,10,0,A
1,fashion,16,pca,ridge,1.6137908793155515,0.050106318605563006,0.13766700201315876,0.11084091318499373,10,0,A
1,fashion,16,emotion,ridge,1.1509952390366476,0.19864339906395118,0.29403133089548056,0.27501483619471434,10,0,A
1,fashion,17,population,ridge,,0.06709538539294312,0.02437302761249376,0.10089991100967158,10,0,A
1,fashion,17,identity,ridge,7.56664022241149,0.08340354774192048,0.1060570355545824,0.12593140804918745,10,0,A
1,fashion,17,pca,ridge,1.6946479303240078,-0.05105540869646301,-0.05746959005375426,-0.09690352550231707,10,0,A
1,fashion,17,emotion,ridge,1.1548181084073583,0.009478205934347702,0.09305103817351197,0.026246389419845435,10,0,A
1,fashion,23,population,ridge,,0.17571663023593323,0.44426486451699987,0.45841582252977675,10,0,A
1,fashion,23,identity,ridge,7.469311063994719,0.2506907624447095,0.3576896673033885,0.348872097466371,10,0,A
1,fashion,23,pca,ridge,1.6833324847498141,0.04605116623560734,0.12493254540961908,0.1076151183253024,10,0,A
1,fashion,23,emotion,ridge,1.0777841570416808,0.18098678875199362,0.502934844405495,0.4762854312378473,10,0,A
1,fashion,35,population,ridge,,0.17257730575000582,0.256655507876222,0.2397784822763038,10,0,A
1,fashion,35,identity,ridge,7.550100778796352,0.03665471632082495,0.005950682138259178,0.046629006817925436,10,0,A
1,fashion,35,pca,ridge,1.6015486067738078,0.06654613834569331,0.09888481361924602,0.11080260269673237,10,0,A
1,fashion,35,emotion,ridge,1.0875644109995224,0.21783624403706936,0.22741954780564427,0.24567095167808486,10,0,A
1,fashion,39,population,ridge,,0.25712638418191175,0.32686449204769297,0.3878116293941495,10,0,A
1,fashion,39,identity,ridge,7.512991653767842,0.20620825307938723,0.26643786593319374,0.23061571940387676,10,0,A
1,fashion,39,pca,ridge,1.7176612430816467,0.26740703535475974,0.4114717813049453,0.3978798012667626,10,0,A
1,fashion,39,emotion,ridge,1.1323847798042972,0.28947570089153246,0.303034273298313,0.3460944319691623,10,0,A
1,fashion,44,population,ridge,,0.14961793652140717,0.4435585608967581,0.3449897848761883,10,0,A
1,fashion,44,identity,ridge,7.531080805721964,0.011738222890477821,0.041847075380076586,0.03625061187952753,10,0,A
1,fashion,44,pca,ridge,1.6677922472359,0.05879016991340587,0.29451348289470264,0.17872308734211573,10,0,A
1,fashion,44,emotion,ridge,1.2454421900104011,0.11285370861966025,0.33666713025558564,0.2619184890872259,10,0,A
1,fashion,51,population,ridge,,0.21537137986734517,0.5047971090683091,0.5002745945155439,10,0,A
1,fashion,51,identity,ridge,7.509590607665113,0.217725814877229,0.335104591604703,0.34289738425500166,10,0,A
1,fashion,51,pca,ridge,1.6439539312496292,0.2740241546623368,0.47960645411285346,0.4763020443734413,10,0,A
1,fashion,51,emotion,ridge,1.2989985487799351,0.42087474619508386,0.5193604564644317,0.4888796117444418,10,0,A
1,fashion,64,population,ridge,,0.02526728770800817,0.16441400763501315,0.10324647010522457,10,0,A
1,fashion,64,identity,ridge,7.552931506030624,0.1007052138175128,0.2770013241812351,0.24212053086816415,10,0,A
1,fashion,64,pca,ridge,1.6143458812528808,0.025226850621350546,0.1273455838181729,0.07743476169206963,10,0,A
1,fashion,64,emotion,ridge,1.0744839570035616,0.008866585870214981,0.047927349568777484,0.027053684988308686,10,0,A
1,fashion,69,population,ridge,,0.29561023781323276,0.3903262797087034,0.38685734539972505,10,0,A
1,fashion,69,identity,ridge,7.5191581296076935,-0.005451231565927678,-0.015465168766473442,-0.01298963242173024,10,0,A
1,fashion,69,pca,ridge,1.6678928368570312,-0.06232401145106953,-0.18563409647298934,-0.20951607746214335,10,0,A
1,fashion,69,emotion,ridge,0.9884697335811143,-0.07672759934556181,-0.2181786435404839,-0.30334936713244026,10,0,A
1,fashion,81,population,ridge,,0.19315158564872512,0.369605741440563,0.36929035959893824,10,0,A
1,fashion,81,identity,ridge,7.5472278437653815,0.18561673357771008,0.23721779979951688,0.32433596594396114,10,0,A
1,fashion,81,pca,ridge,1.728742504523018,0.24823515568113214,0.45271655558702373,0.46938814786577693,10,0,A
1,fashion,81,emotion,ridge,1.17817371403681,0.1620422070159091,0.3417748056462788,0.3543758122693821,10,0,A
1,fashion,92,population,ridge,,0.030651999519222026,0.016262386244718333,0.06918090969359615,10,0,A
1,fashion,92,identity,ridge,7.545335352436583,0.08572175608727921,0.2519592888709837,0.26944859510705965,10,0,A
1,fashion,92,pca,ridge,1.6103629028707471,0.057447249143566075,0.1118981411143202,0.16294167416376312,10,0,A
1,fashion,92,emotion,ridge,1.2445562452489294,0.06367495974108464,0.04474848665351303,0.14147612103423032,10,0,A
1,fashion,100,population,ridge,,0.24229096137182451,0.5190663772736228,0.5862073788484216,10,0,A
1,fashion,100,identity,ridge,7.540822347191807,0.06537856961967416,0.18509539756789647,0.19271197221975023,10,0,A
1,fashion,100,pca,ridge,1.6182421395560436,0.16499616492620023,0.5247826330607701,0.5686912566209431,10,0,A
1,fashion,100,emotion,ridge,1.2069752014547321,0.15780901703166364,0.5842215759802232,0.6319067571927259,10,0,A
1,fashion,101,population,ridge,,0.17506008688911256,0.304191540881183,0.2848755451192168,10,0,A
1,fashion,101,identity,ridge,7.562652597733786,0.1447070134469376,0.2898151949589161,0.21444295989713621,10,0,A
1,fashion,101,pca,ridge,1.6488698303183904,0.13759094053183055,0.22803172909228828,0.2013551398352832,10,0,A
1,fashion,101,emotion,ridge,1.2363003583440577,0.16121590961038665,0.16575081180966508,0.18284017187256676,10,0,A
1,fashion,106,population,ridge,,0.10208768258524754,0.26624185516661425,0.33996536478998546,10,0,A
1,fashion,106,identity,ridge,7.509187436919864,0.016340458655158447,0.018158476276927602,0.023621321466429594,10,0,A
1,fashion,106,pca,ridge,1.6361109218636647,0.020887888773861548,0.05536603529668116,0.03853207990108372,10,0,A
1,fashion,106,emotion,ridge,1.3133419664149226,-0.05493380822441702,-0.07401929294355229,-0.07868512008664379,10,0,A
1,fashion,111,population,ridge,,0.19622397815988388,0.36150939588111297,0.36585837322991827,10,0,A
1,fashion,111,identity,ridge,7.547767627154049,0.20372912068729868,0.3460392885991472,0.36439771197266346,10,0,A
1,fashion,111,pca,ridge,1.6923206452034751,0.13948292983920493,0.3358732180995696,0.35394312607065687,10,0,A
1,fashion,111,emotion,ridge,1.2470705160738538,0.15483246887240873,0.3515888826399793,0.3649979034388416,10,0,A
1,fashion,118,population,ridge,,0.2042660322608122,0.29316429706067026,0.3071009415512969,10,0,A
1,fashion,118,identity,ridge,7.5193043170541705,0.09846576023276739,0.2090561293325287,0.18005715646588738,10,0,A
1,fashion,118,pca,ridge,1.4442071919697765,0.20163093224872192,0.2879106342562018,0.3436068390815446,10,0,A
1,fashion,118,emotion,ridge,1.1521607354815862,0.10933601842558453,0.2428579975650523,0.2875158849917103,10,0,A
1,fashion,119,population,ridge,,0.2111699453130249,0.43228336267556117,0.506083988545641,10,0,A
1,fashion,119,identity,ridge,7.526538744824255,0.17910340168122812,0.42503866358418047,0.44797811645776253,10,0,A
1,fashion,119,pca,ridge,1.5696633989660902,0.07112126863675704,0.26859232374598624,0.30948085761487554,10,0,A
1,fashion,119,emotion,ridge,1.4193114235878221,0.13988341616455868,0.48470952974899867,0.5243910389015538,10,0,A
1,fashion,128,population,ridge,,0.3726388410856124,0.5643631962103511,0.5556336101174546,10,0,A
1,fashion,128,identity,ridge,7.545050226579026,0.15824222677172714,0.3248809427058623,0.36541182204098194,10,0,A
1,fashion,128,pca,ridge,1.6658298266644325,0.09258713285510788,0.24111407559113926,0.2259116451659667,10,0,A
1,fashion,128,emotion,ridge,1.204359806702752,0.24641644733534118,0.533111330793288,0.4888392852339035,10,0,A
1,fashion,129,population,ridge,,0.1393228244748438,0.21472123093809262,0.30261084310860253,10,0,A
1,fashion,129,identity,ridge,7.55734765627071,0.01820163814566889,0.05222948860656307,0.043820306700321554,10,0,A
1,fashion,129,pca,ridge,1.5957519565462943,-0.011862617703051515,-0.055381268091441865,-0.03808881915045837,10,0,A
1,fashion,129,emotion,ridge,1.1890034042992625,0.14136016496454887,0.23778425224807878,0.24754304308618735,10,0,A
1,fashion,137,population,ridge,,0.09860265615008534,0.17373102506938376,0.1971554317003073,10,0,A
1,fashion,137,identity,ridge,7.537128516316681,-0.03138759550646818,-0.12058744178128403,-0.10420564715155033,10,0,A
1,fashion,137,pca,ridge,1.686825826380705,0.028298376434169555,0.1175195626715427,0.14147611209445635,10,0,A
1,fashion,137,emotion,ridge,1.1868747803568134,0.0976389086813069,0.2098528274905316,0.23015014187001193,10,0,A
1,landscape,5,population,ridge,,0.2581137694412638,0.39468476618380177,0.4224379615411975,10,0,A
1,landscape,5,identity,ridge,0.48334082122975003,0.020371547642649205,0.5059033681345932,0.5149630150023409,10,0,A
1,landscape,5,pca,ridge,0.025157800831730512,0.004562298058394491,0.3923216919622145,0.35374773250654923,10,0,A
1,landscape,5,emotion,ridge,7.99971918215051e-05,2.835730846161601e-05,0.45602195358761016,0.4744692137332695,10,0,A
1,landscape,6,population,ridge,,0.37231621614576355,0.6580622951220773,0.6370071303324822,10,0,A
1,landscape,6,identity,ridge,0.48299212306024003,0.017779112962264417,0.37348817780032506,0.3942158079483772,10,0,A
1,landscape,6,pca,ridge,0.02513951732851282,0.005445001981893868,0.5195823302109743,0.5210066502526057,10,0,A
1,landscape,6,emotion,ridge,7.999635764211147e-05,3.183550371842321e-05,0.4372999814255548,0.47902500643659734,10,0,A
1,landscape,16,population,ridge,,0.2772185771756667,0.5109677405522783,0.5142293266783036,10,0,A
1,landscape,16,identity,ridge,0.4819642509069556,0.010620246008891936,0.38263713290205176,0.3897192219900205,10,0,A
1,landscape,16,pca,ridge,0.02511873653791292,0.0025267172584465428,0.45818343862886707,0.4455575340340097,10,0,A
1,landscape,16,emotion,ridge,7.99966457073221e-05,2.3743199171543986e-05,0.525586441270844,0.5734462168422059,10,0,A
1,landscape,17,population,ridge,,-0.06230229218550611,-0.07629966323250356,-0.08044134109951925,10,0,A
1,landscape,17,identity,ridge,0.48363714133060987,-0.0013409653909626162,-0.03673884691586005,-0.038331029652436954,10,0,A
1,landscape,17,pca,ridge,0.0251518248545207,9.044368215798415e-05,-0.01059569642935674,0.025480954609860773,10,0,A
1,landscape,17,emotion,ridge,7.999641294132001e-05,9.260666986787161e-07,0.0950417996301597,0.09438968499465156,10,0,A
1,landscape,23,population,ridge,,0.32900954945284117,0.7581172680979462,0.7155362170814372,10,0,A
1,landscape,23,identity,ridge,0.48255498946291076,0.015858062555145994,0.34993027782181585,0.3229863862432323,10,0,A
1,landscape,23,pca,ridge,0.025150931130190988,0.007112564577372216,0.5746208114636031,0.5623817716443129,10,0,A
1,landscape,23,emotion,ridge,7.99962823439077e-05,5.9594390079453296e-05,0.6047973010110681,0.5956723737638313,10,0,A
1,landscape,35,population,ridge,,0.35983267745773007,0.4801020092953743,0.48968838634773704,10,0,A
1,landscape,35,identity,ridge,0.4810834016168599,-0.0059070084337463314,-0.2063490140834469,-0.23751056422977343,10,0,A
1,landscape,35,pca,ridge,0.025161539749284537,-0.0001516011213447496,-0.09833110720015599,-0.055338400153809815,10,0,A
1,landscape,35,emotion,ridge,7.999666941316876e-05,3.7480920006125013e-06,0.3122983856177351,0.44826583231677236,10,0,A
1,landscape,39,population,ridge,,0.4256873589517592,0.7882346292959229,0.7545268195350225,10,0,A
1,landscape,39,identity,ridge,0.48236621100516214,0.028421451557273422,0.6289537999966148,0.5970155160837,10,0,A
1,landscape,39,pca,ridge,0.025158578254127966,0.008758568424892692,0.7081733607298734,0.6947515932711418,10,0,A
1,landscape,39,emotion,ridge,7.999646248375531e-05,7.69195668722178e-05,0.7502587523694172,0.7517321090597767,10,0,A
1,landscape,44,population,ridge,,0.35691242943066964,0.6320640777107418,0.5859479434072388,10,0,A
1,landscape,44,identity,ridge,0.4816938675634046,0.0021955352343722037,0.047921857448140835,0.052791117922513286,10,0,A
1,landscape,44,pca,ridge,0.02516042647433118,0.0011768626982185616,0.17478866953453476,0.18958254766061505,10,0,A
1,landscape,44,emotion,ridge,7.99966152846732e-05,8.687092278882996e-06,0.4109677606631615,0.3421153005630146,10,0,A
1,landscape,51,population,ridge,,0.34267142565402536,0.7350116948397329,0.6963852277532739,10,0,A
1,landscape,51,identity,ridge,0.48262572516477914,0.013859541613649436,0.277752184981476,0.35097250418709175,10,0,A
1,landscape,51,pca,ridge,0.025165537196591987,0.005157952369615634,0.7010469041745139,0.6961323444063372,10,0,A
1,landscape,51,emotion,ridge,7.999589147327286e-05,4.1173813380553456e-05,0.6906336302456358,0.67653017911738,10,0,A
1,landscape,64,population,ridge,,0.15907096406772953,0.3067929980967406,0.3246808574318019,10,0,A
1,landscape,64,identity,ridge,0.48302007539453423,0.011485579949468997,0.18419434711040827,0.18078271351057937,10,0,A
1,landscape,64,pca,ridge,0.025153835548637704,0.0028723942070688355,0.28891197003185254,0.29676529276142516,10,0,A
1,landscape,64,emotion,ridge,7.999661026053091e-05,3.595369051488821e-05,0.2985440155364193,0.34371643332732615,10,0,A
1,landscape,69,population,ridge,,0.19010807911940497,0.25800602848753257,0.22273366241123932,10,0,A
1,landscape,69,identity,ridge,0.483263338009075,0.012718415219352712,0.22141553052823754,0.19644448572721482,10,0,A
1,landscape,69,pca,ridge,0.025144085435478327,0.005232305329262248,0.32501269418339235,0.32503837351158116,10,0,A
1,landscape,69,emotion,ridge,7.999618836111727e-05,2.947519334729985e-05,0.34925453169722676,0.30683313844410165,10,0,A
1,landscape,81,population,ridge,,0.293774998460534,0.43166228820253677,0.3819597834279394,10,0,A
1,landscape,81,identity,ridge,0.4820644523855648,0.019966751910239132,0.3287472472930072,0.32628132215166716,10,0,A
1,landscape,81,pca,ridge,0.025149905858152678,0.007040922094382124,0.5256448734846683,0.5130152638538501,10,0,A
1,landscape,81,emotion,ridge,7.999640846771484e-05,4.17341020205961e-05,0.4640492898945133,0.44233420176700894,10,0,A
1,landscape,92,population,ridge,,0.261155521444216,0.4256035632053209,0.44293261327310246,10,0,A
1,landscape,92,identity,ridge,0.4829918045695871,0.006184244442536612,0.17866259190064934,0.20098855842564098,10,0,A
1,landscape,92,pca,ridge,0.025152740825473006,0.0014023288060539974,0.3517310517652704,0.34101746883473455,10,0,A
1,landscape,92,emotion,ridge,7.99971501632427e-05,1.5381629114117223e-05,0.4900359768345738,0.4056502869612838,10,0,A
1,landscape,100,population,ridge,,0.23510133076816425,0.4784483680063645,0.44997701546550944,10,0,A
1,landscape,100,identity,ridge,0.48274787715199047,0.00845289492694613,0.0944411131419661,0.1888897567822936,10,0,A
1,landscape,100,pca,ridge,0.025164956230884942,0.0031816083841327138,0.3600348940457079,0.36635442040745253,10,0,A
1,landscape,100,emotion,ridge,7.999657009149429e-05,2.779059745676705e-05,0.5382294427979738,0.48830466757778196,10,0,A
1,landscape,101,population,ridge,,0.13445926538070424,0.19572275428924746,0.21634162078118555,10,0,A
1,landscape,101,identity,ridge,0.48265880764132935,0.0032595034091666567,0.047113734932779115,0.08081271623300888,10,0,A
1,landscape,101,pca,ridge,0.02514846767690384,0.0005817226681787782,0.11059275859086017,0.10479051615335314,10,0,A
1,landscape,101,emotion,ridge,7.999684183926976e-05,7.612265666403251e-06,0.15048950284353718,0.16123196210493732,10,0,A
1,landscape,106,population,ridge,,0.2473067212725319,0.4378238902472069,0.4410514606222211,10,0,A
1,landscape,106,identity,ridge,0.48180873197708546,-0.002496142730454717,-0.2074527896015878,-0.127191695694029,10,0,A
1,landscape,106,pca,ridge,0.025130462264463374,0.000748056379733019,0.16631862874286207,0.17009639418826236,10,0,A
1,landscape,106,emotion,ridge,7.999717454821941e-05,4.974225632579185e-06,0.17854502793913796,0.21630395629651433,10,0,A
1,landscape,111,population,ridge,,0.27776233659203275,0.4735146197880375,0.4546944317366698,10,0,A
1,landscape,111,identity,ridge,0.4829550037729241,0.003026269893416252,0.2049173640404685,0.1395410646467506,10,0,A
1,landscape,111,pca,ridge,0.02514017945559182,0.002450111064054566,0.3361648688185496,0.31857513851150243,10,0,A
1,landscape,111,emotion,ridge,7.999616510969181e-05,7.68217267328092e-06,0.37819162887872254,0.37056750057228277,10,0,A
1,landscape,118,population,ridge,,0.29979369304527637,0.5447888178799966,0.5104279326848739,10,0,A
1,landscape,118,identity,ridge,0.48258442083225517,0.022075215131676942,0.4210637025051298,0.4761024429840486,10,0,A
1,landscape,118,pca,ridge,0.025168898286144395,0.004926753875344676,0.5280597881955075,0.5328197950383241,10,0,A
1,landscape,118,emotion,ridge,7.99965100273237e-05,4.884466801743985e-05,0.6112568376085465,0.6040844602143359,10,0,A
1,landscape,119,population,ridge,,0.3676362037439989,0.7265266218385579,0.7264708295717998,10,0,A
1,landscape,119,identity,ridge,0.4817493735821035,0.03638029955641604,0.5389131604460463,0.4739636156849842,10,0,A
1,landscape,119,pca,ridge,0.02511961753678844,0.010906746363780709,0.7255755397237081,0.709145582154498,10,0,A
1,landscape,119,emotion,ridge,7.999645949866472e-05,9.132037531553913e-05,0.661402525448041,0.6816153145566378,10,0,A
1,landscape,128,population,ridge,,0.2669560294137449,0.41714035340172806,0.37644189803427075,10,0,A
1,landscape,128,identity,ridge,0.48275579296216514,0.007116083334898964,0.2819564461451951,0.2318116482978906,10,0,A
1,landscape,128,pca,ridge,0.025124546844826158,0.0030678868195724027,0.32090432550013354,0.3639339277545627,10,0,A
1,landscape,128,emotion,ridge,7.999707389768281e-05,2.59457564674731e-05,0.461025997539052,0.4206202123832748,10,0,A
1,landscape,129,population,ridge,,0.38416914976635413,0.565875407160558,0.5749298820939308,10,0,A
1,landscape,129,identity,ridge,0.48254246079731344,0.011755647722793625,0.3249724548250872,0.41113133535646634,10,0,A
1,landscape,129,pca,ridge,0.025145534806892505,0.002831234453168994,0.49286243876613994,0.5466897922259591,10,0,A
1,landscape,129,emotion,ridge,7.999707374356944e-05,1.874893167856309e-05,0.53474777738804,0.5872172587167545,10,0,A
1,landscape,137,population,ridge,,0.2785966436304212,0.472363319344663,0.46826337778175836,10,0,A
1,landscape,137,identity,ridge,0.48311063764933077,0.008833625213281997,0.1931357275857409,0.2221073962072087,10,0,A
1,landscape,137,pca,ridge,0.0251561604328627,0.004156105794394098,0.38875391953633714,0.43112582386955933,10,0,A
1,landscape,137,emotion,ridge,7.999685785797335e-05,3.121511374685076e-05,0.4153659375275857,0.47396974597132085,10,0,A
2,art,7,population,ridge,,0.22055886383359388,0.2221934832161778,0.26109886380492886,10,0,A
2,art,7,identity,ridge,0.05097048642647017,0.0027740696050595013,0.48083244962001254,0.47666059702744135,10,0,A
2,art,7,pca,ridge,0.0007998317303025864,0.00019341368003699,0.5254099861992011,0.5308096674295985,10,0,A
2,art,7,emotion,ridge,0.002526334906638507,0.0006453357853071089,0.40685059803363954,0.424699092257766,10,0,A
2,art,8,population,ridge,,0.31964521758507203,0.5917014358227132,0.6204483276876562,10,0,A
2,art,8,identity,ridge,0.05096749664178591,0.0012695410748443498,0.40608004157361033,0.36069009602058344,10,0,A
2,art,8,pca,ridge,0.0007998634868221013,6.45781110825946e-05,0.4022506030676117,0.35509781854315503,10,0,A
2,art,8,emotion,ridge,0.002526861201888386,0.0005393383770197762,0.5356958976724824,0.5236690622835953,10,0,A
2,art,40,population,ridge,,0.15177167452208876,0.31512815389386045,0.29522678110848755,10,0,A
2,art,40,identity,ridge,0.05095926776776605,-0.001171823149396917,-0.23553572888759344,-0.18264481180889497,10,0,A
2,art,40,pca,ridge,0.0007998403348590063,-1.790424285718016e-05,-0.050368639884918354,-0.07751961712777933,10,0,A
2,art,40,emotion,ridge,0.0025273583415996183,1.6930329829943782e-05,-0.022241993454132268,0.03155183127136713,10,0,A
2,art,41,population,ridge,,0.4107439299642299,0.6834824017225695,0.6753597775349669,10,0,A
2,art,41,identity,ridge,0.05094616277045017,0.00829881553247234,0.6823638521822522,0.6606875480930171,10,0,A
2,art,41,pca,ridge,0.0007998236134233645,0.00031029549209748384,0.5504236390135221,0.5761057688918908,10,0,A
2,art,41,emotion,ridge,0.0025268775311527757,0.001541566567287578,0.5811108024891832,0.6135257078879882,10,0,A
2,art,45,population,ridge,,-0.015427122292476947,0.034619300254398265,-0.021035530159372342,10,0,A
2,art,45,identity,ridge,0.05097019681195972,-0.0006535836921348665,-0.22815116996183865,-0.2421812635515587,10,0,A
2,art,45,pca,ridge,0.0007998145272394733,-2.630055778500621e-05,-0.20325048965746112,-0.18431510996987854,10,0,A
2,art,45,emotion,ridge,0.002526426599581528,1.0967556297536514e-05,0.10585415783400985,0.018288393673742184,10,0,A
2,art,46,population,ridge,,0.07602711329847928,0.07638473194772853,0.1043742082481431,10,0,A
2,art,46,identity,ridge,0.05098095095128459,-0.0003502065214072596,-0.13527522435483216,-0.10977834674270724,10,0,A
2,art,46,pca,ridge,0.000799858751582529,-5.901978233579501e-07,-0.028478994601017292,-0.004453873824185514,10,0,A
2,art,46,emotion,ridge,0.002526548196178565,3.0930524884736495e-05,0.020698126433239355,0.0467928374718234,10,0,A
2,art,52,population,ridge,,0.40645095039003454,0.5721289072677246,0.5613883105976354,10,0,A
2,art,52,identity,ridge,0.050970836503124964,0.0031531058947646892,0.491898541862991,0.4718919982084856,10,0,A
2,art,52,pca,ridge,0.0007998573475650658,0.00017200332463545846,0.5944946645159364,0.6145421579168282,10,0,A
2,art,52,emotion,ridge,0.002526217209185687,0.001349993530006466,0.6584814667094961,0.6654219011070113,10,0,A
2,art,58,population,ridge,,0.4768123676326583,0.6672749758301654,0.6850661034354045,10,0,A
2,art,58,identity,ridge,0.05095935804393015,0.003474475045859002,0.45013685359004535,0.4230686369765993,10,0,A
2,art,58,pca,ridge,0.000799857637153875,7.004945289074042e-05,0.37034276751130385,0.30920815343520996,10,0,A
2,art,58,emotion,ridge,0.002527101306574384,0.000696535600504779,0.6346207806040959,0.6532676386898191,10,0,A
2,art,65,population,ridge,,0.5342782088318064,0.678734540994001,0.6735310516222082,10,0,A
2,art,65,identity,ridge,0.05095540906753282,0.003781599377322912,0.5557928323451202,0.5563187663080346,10,0,A
2,art,65,pca,ridge,0.0007998096706638331,0.00025117285926516767,0.6686122420404961,0.6737644459421228,10,0,A
2,art,65,emotion,ridge,0.0025267455434985335,0.0013082814600376125,0.6134309715318257,0.6104211048038183,10,0,A
2,art,66,population,ridge,,0.2941942760226546,0.4415636864407827,0.4187492459945716,10,0,A
2,art,66,identity,ridge,0.050967583943837914,0.0037101181490514653,0.4736169981930405,0.45485449040568293,10,0,A
2,art,66,pca,ridge,0.0007998282182656214,0.00015140143707942244,0.39060087522492165,0.37306293098244964,10,0,A
2,art,66,emotion,ridge,0.0025262293520526163,0.0011801588756221672,0.4472316501042917,0.4730178791653258,10,0,A
2,art,74,population,ridge,,0.4320188669309295,0.5227868289009886,0.5074684929303351,10,0,A
2,art,74,identity,ridge,0.05097308447618303,0.001677705962852665,0.42875718411587105,0.42310591990153784,10,0,A
2,art,74,pca,ridge,0.0007998202920644703,7.789209411851468e-05,0.42575783340502193,0.45026592114429165,10,0,A
2,art,74,emotion,ridge,0.002526623265472862,0.00045012830323631046,0.40751178324735693,0.3905287747073707,10,0,A
2,art,83,population,ridge,,0.6515312194354635,0.6896676375079817,0.672414648025755,10,0,A
2,art,83,identity,ridge,0.05096754404256967,0.0019491498038275152,0.43743999088848007,0.4204173407391422,10,0,A
2,art,83,pca,ridge,0.000799872309432223,7.401745340744851e-05,0.5560404356803769,0.4980703456330517,10,0,A
2,art,83,emotion,ridge,0.002526360386864355,0.0005261494543178806,0.6014232589425824,0.5690568577958408,10,0,A
2,art,87,population,ridge,,0.3396008354217202,0.6477046508724618,0.6330845238497563,10,0,A
2,art,87,identity,ridge,0.05097089215046817,0.0048237153806297796,0.680710271379554,0.7100379199792398,10,0,A
2,art,87,pca,ridge,0.0007998111172605224,0.00021241146962060949,0.6191619003002067,0.6464022082942924,10,0,A
2,art,87,emotion,ridge,0.0025267496744538417,0.0010276193379057993,0.5746803285321046,0.5618261305203389,10,0,A
2,art,93,population,ridge,,0.4252728497037892,0.6185575328542386,0.5997217535284736,10,0,A
2,art,93,identity,ridge,0.05096617735155917,0.0011779869369616983,0.25284067647984015,0.20237625302736256,10,0,A
2,art,93,pca,ridge,0.0007998702729196765,0.0001557896777520517,0.5438311419832766,0.5362161261659433,10,0,A
2,art,93,emotion,ridge,0.002526509455081296,0.0016587732341347887,0.5921083234538587,0.6066064362835198,10,0,A
2,art,94,population,ridge,,0.39473938046498763,0.753742577574491,0.7457346116500512,10,0,A
2,art,94,identity,ridge,0.05097782805274373,0.0028578663501086614,0.6662928573339366,0.6710647400331391,10,0,A
2,art,94,pca,ridge,0.0007998285240633518,0.0002241508026032809,0.7264754042255432,0.6975713181799871,10,0,A
2,art,94,emotion,ridge,0.002527006784263881,0.0009406005970907228,0.6836269889629105,0.6879625700264037,10,0,A
2,art,102,population,ridge,,0.21283713633735468,0.32138824268343735,0.3028099259766083,10,0,A
2,art,102,identity,ridge,0.05098221880477604,0.0012178521792047554,0.2333217084665053,0.2344580362950081,10,0,A
2,art,102,pca,ridge,0.0007998406622183324,0.00010925900304806353,0.31319716142876214,0.27067147062576724,10,0,A
2,art,102,emotion,ridge,0.0025264611419524513,0.0007234147946551502,0.3129489468452871,0.32254544992765083,10,0,A
2,art,112,population,ridge,,0.4286045118230818,0.47736565719845164,0.462620582956909,10,0,A
2,art,112,identity,ridge,0.05096302510081601,0.0006076322512472294,0.1969264480354931,0.24623390378569668,10,0,A
2,art,112,pca,ridge,0.0007998632672548235,2.9669138307863656e-05,0.26087246299427475,0.25479487899396946,10,0,A
2,art,112,emotion,ridge,0.0025265534237978483,0.0004700930025377227,0.5071092096854322,0.4636969733964327,10,0,A
2,art,113,population,ridge,,0.36031101288834716,0.5034915904606199,0.4767124369644284,10,0,A
2,art,113,identity,ridge,0.050973840918629026,0.0010904946959303682,0.5201579461139045,0.5079786511172701,10,0,A
2,art,113,pca,ridge,0.0007998291188364154,7.920325158461205e-05,0.5099510359948811,0.4710436548734005,10,0,A
2,art,113,emotion,ridge,0.0025269547643408897,0.00020090666258236792,0.332340938174966,0.34098096244255754,10,0,A
2,art,120,population,ridge,,0.4755775396685683,0.615321494599863,0.6439328053315337,10,0,A
2,art,120,identity,ridge,0.05097039215696631,0.001649392136307539,0.3696011858241448,0.37224592919534244,10,0,A
2,art,120,pca,ridge,0.0007998754981303032,0.0001361363156631258,0.3577010533424029,0.45041912081484087,10,0,A
2,art,120,emotion,ridge,0.0025264984742508108,0.0017920511813917506,0.7039500963467278,0.6602993957945268,10,0,A
2,art,121,population,ridge,,0.28212188448370346,0.44966724479325304,0.4375892027648672,10,0,A
2,art,121,identity,ridge,0.05096760625839739,0.0014065432602979263,0.3922415196754706,0.3742269937526583,10,0,A
2,art,121,pca,ridge,0.0007998352184123502,7.39243930696876e-05,0.35746852299124654,0.3459029421731332,10,0,A
2,art,121,emotion,ridge,0.0025266294745190736,0.000491607698455744,0.3611734084827164,0.37697904019048595,10,0,A
2,art,131,population,ridge,,0.24250981475157246,0.37987639293136616,0.37517392837374386,10,0,A
2,art,131,identity,ridge,0.05098079720783154,0.0007719593842354496,0.22800422139574125,0.22905731489781864,10,0,A
2,art,131,pca,ridge,0.000799843864339902,5.291834105531111e-05,0.32079321910170044,0.34681660801618575,10,0,A
2,art,131,emotion,ridge,0.002526307907856588,0.00045641841359887926,0.38296282738515464,0.39846691913879484,10,0,A
2,art,138,population,ridge,,0.41214660330663255,0.512706900942195,0.48591085784502647,10,0,A
2,art,138,identity,ridge,0.050910484059445774,0.0018222147701855156,0.44960529666412014,0.3928307262314381,10,0,A
2,art,138,pca,ridge,0.0007998431013458462,0.000101360581492273,0.43829895594601476,0.44070007761119484,10,0,A
2,art,138,emotion,ridge,0.002526440411814408,0.0008163434349337512,0.5174942704354468,0.5114416546607503,10,0,A
2,art,139,population,ridge,,0.033790780749747555,0.07282598523637435,0.046365389949644266,10,0,A
2,art,139,identity,ridge,0.05096514156144505,0.002257244652985437,0.2966726825192369,0.3025142765929836,10,0,A
2,art,139,pca,ridge,0.0007998175569421611,0.0001539083709292465,0.4522667670174291,0.48088759234054806,10,0,A
2,art,139,emotion,ridge,0.002526483129918397,0.0002780356227073722,0.3336076361237598,0.3458502168062528,10,0,A
2,fashion,7,population,ridge,,0.28148786843834206,0.4093817052117759,0.4675004755378778,10,0,A
2,fashion,7,identity,ridge,0.4833899961767876,0.008470127393481346,0.2930332079554001,0.2826553807262788,10,0,A
2,fashion,7,pca,ridge,0.695717913434815,0.04998495805273868,0.30729720569678404,0.367519680566397,10,0,A
2,fashion,7,emotion,ridge,4.824310023948926,0.3103297328687442,0.2663441250734378,0.3179337189477075,10,0,A
2,fashion,8,population,ridge,,0.28512452969706886,0.4376531715224509,0.41267518192148156,10,0,A
2,fashion,8,identity,ridge,0.48297947943340136,0.0027369169898793506,0.05244746569949481,0.09045108862566544,10,0,A
2,fashion,8,pca,ridge,0.6735641569348455,0.017519681020559476,0.08815113953248423,0.09556280259529867,10,0,A
2,fashion,8,emotion,ridge,4.174638045507188,0.14858520599584932,0.19836468717142258,0.20412829525345047,10,0,A
2,fashion,40,population,ridge,,0.2435656050642601,0.14691346164897584,0.33888638338225185,10,0,A
2,fashion,40,identity,ridge,0.4826029953486435,0.005064030872089893,0.22398445306713557,0.16509917922817502,10,0,A
2,fashion,40,pca,ridge,0.6732055196938042,0.061580747366611566,0.27533187943240367,0.3109099350682851,10,0,A
2,fashion,40,emotion,ridge,4.7817078226173315,0.43516729418724137,0.4462739425455147,0.5061051758520209,10,0,A
2,fashion,41,population,ridge,,0.23408818399798403,0.4325479049939111,0.44541837486876557,10,0,A
2,fashion,41,identity,ridge,0.48286203171436304,0.0010824847887607593,0.04741652901747132,0.0385001222271843,10,0,A
2,fashion,41,pca,ridge,0.7007051299966235,0.026083371091565253,0.19756074885593908,0.17376857676840204,10,0,A
2,fashion,41,emotion,ridge,4.196509302286903,0.08100716437225038,0.19546525990655444,0.1182406458917164,10,0,A
2,fashion,45,population,ridge,,0.18612671675428105,0.35286046389492776,0.34651709556253024,10,0,A
2,fashion,45,identity,ridge,0.48271652378758484,0.0026459533131433866,0.10888124145746576,0.07605278942493969,10,0,A
2,fashion,45,pca,ridge,0.6676499930660891,-0.003294345019322717,-0.03211426693875185,-0.01880895492312823,10,0,A
2,fashion,45,emotion,ridge,4.768275945514637,-0.1687897052888555,-0.2046293336267074,-0.21959716068005422,10,0,A
2,fashion,46,population,ridge,,0.07428634505819591,0.1934626128504326,0.16354734778285565,10,0,A
2,fashion,46,identity,ridge,0.48307948753173563,0.0017887900605126656,0.07320070059410187,0.0715572838688708,10,0,A
2,fashion,46,pca,ridge,0.6833007969301794,0.04573177535497238,0.18105142140022154,0.25623111442994295,10,0,A
2,fashion,46,emotion,ridge,3.9434967501266356,-0.12277802208741273,-0.19645143038334054,-0.20039381125583933,10,0,A
2,fashion,52,population,ridge,,0.2552678061632994,0.45299432961235203,0.5068356000553798,10,0,A
2,fashion,52,identity,ridge,0.4822296355487923,-0.0001456272294545898,-0.051364735189658284,-0.005062260390758387,10,0,A
2,fashion,52,pca,ridge,0.685640563557434,0.0012474563935981542,-0.07435705242376424,0.014832351077829261,10,0,A
2,fashion,52,emotion,ridge,4.2795330213029255,0.07090949361502574,0.10638387841652547,0.1043193388924651,10,0,A
2,fashion,58,population,ridge,,0.22343615093413216,0.3396397559457988,0.3665366947966974,10,0,A
2,fashion,58,identity,ridge,0.48163318890223084,0.007230515000504491,0.19037352315442876,0.16784904969804193,10,0,A
2,fashion,58,pca,ridge,0.6781907260767737,0.034795637746639935,0.2906063892372881,0.2736922252619672,10,0,A
2,fashion,58,emotion,ridge,4.952824937250591,0.36078237942949115,0.4147651752200834,0.3652747600559016,10,0,A
2,fashion,65,population,ridge,,0.18670493529710364,0.1874836560823604,0.3329536695695522,10,0,A
2,fashion,65,identity,ridge,0.4820172777437376,-0.010938388650622171,-0.17906743703456499,-0.25547140406277025,10,0,A
2,fashion,65,pca,ridge,0.6899095604390947,-0.05231454351183375,-0.31917273059492407,-0.37826930467870196,10,0,A
2,fashion,65,emotion,ridge,3.958819303648203,-0.04572003832484168,0.005396281624762948,-0.07675047479202862,10,0,A
2,fashion,66,population,ridge,,0.1888929843396896,0.29807691107810075,0.26886178433240365,10,0,A
2,fashion,66,identity,ridge,0.48283081967340746,0.0038472524867236416,0.13279373654939924,0.19328170338682088,10,0,A
2,fashion,66,pca,ridge,0.6734601508244705,0.015939603221353862,0.1009511020827018,0.13993155058763285,10,0,A
2,fashion,66,emotion,ridge,4.483103550212922,0.16649013114923963,0.20125540065279876,0.20647861308727722,10,0,A
2,fashion,74,population,ridge,,-0.0709254489933888,-0.10320949280990688,-0.08703617154045705,10,0,A
2,fashion,74,identity,ridge,0.48211598449726184,0.014976273709636388,0.44063867729120015,0.4147796183886695,10,0,A
2,fashion,74,pca,ridge,0.6813503309658102,0.05654569890095044,0.2702650917418702,0.26347594938518876,10,0,A
2,fashion,74,emotion,ridge,4.409876232774309,0.15879574988042974,0.19711856858628587,0.17683026333521495,10,0,A
2,fashion,83,population,ridge,,0.4142264102952132,0.48360854695767336,0.4904025893852759,10,0,A
2,fashion,83,identity,ridge,0.4826195306053791,0.01750392972345162,0.5003147445107305,0.5217806768381684,10,0,A
2,fashion,83,pca,ridge,0.6805573541479819,0.0885119771549081,0.32172241790826256,0.336750652366008,10,0,A
2,fashion,83,emotion,ridge,4.37694563681907,0.3776393109808426,0.3406834396709349,0.3835573359961152,10,0,A
2,fashion,87,population,ridge,,0.1748628010888161,0.3214143598826549,0.3436559092625109,10,0,A
2,fashion,87,identity,ridge,0.48274252465228457,0.003068955320884299,0.10668158863248674,0.100947259880119,10,0,A
2,fashion,87,pca,ridge,0.6947708655900731,0.002866277588249732,0.03971822557064614,0.027907605762649192,10,0,A
2,fashion,87,emotion,ridge,4.467748510908354,-0.20322018211944065,-0.24432578414455353,-0.249630902191525,10,0,A
2,fashion,93,population,ridge,,0.3441622218703625,0.5430718770364577,0.5545879309206434,10,0,A
2,fashion,93,identity,ridge,0.4832130165957307,0.01821326386717192,0.4752931005150874,0.4766909861294663,10,0,A
2,fashion,93,pca,ridge,0.6682551498894278,0.15324838729064663,0.5244067209016464,0.5439818766703031,10,0,A
2,fashion,93,emotion,ridge,4.119555235444122,0.4081730815897187,0.4090986343287674,0.4159386402613118,10,0,A
2,fashion,94,population,ridge,,0.25535997069394273,0.43097616625832985,0.47235859566675237,10,0,A
2,fashion,94,identity,ridge,0.4832076240642079,0.01386854545537746,0.42363081630505756,0.4125706797748114,10,0,A
2,fashion,94,pca,ridge,0.6673905890226628,0.058224688283360804,0.4570766430922908,0.5072131530642167,10,0,A
2,fashion,94,emotion,ridge,4.39919850036768,0.29590873596164596,0.3251051889318319,0.3512505332122994,10,0,A
2,fashion,102,population,ridge,,0.17733087870105405,0.2591348023575039,0.3413980992670326,10,0,A
2,fashion,102,identity,ridge,0.4830433453936875,0.0022661672705440133,0.14626194659859112,0.1038494913002098,10,0,A
2,fashion,102,pca,ridge,0.6828989141007545,-0.008667352690490852,-0.09711399282573122,-0.0884244845028359,10,0,A
2,fashion,102,emotion,ridge,4.658702550688044,-0.2841220612542903,-0.3500929893499611,-0.30500993558197625,10,0,A
2,fashion,112,population,ridge,,0.21533169263317403,0.3414583979564919,0.33910586661473874,10,0,A
2,fashion,112,identity,ridge,0.4835337176198448,0.015733269550504234,0.4342740301403768,0.4365366554490131,10,0,A
2,fashion,112,pca,ridge,0.6745417863898697,0.058655053216623856,0.21476506002548912,0.2683811107658049,10,0,A
2,fashion,112,emotion,ridge,4.710439010720985,0.3553189729435204,0.3179451044699078,0.3610105753555163,10,0,A
2,fashion,113,population,ridge,,0.24106312252725057,0.38688130614471444,0.4022433656200478,10,0,A
2,fashion,113,identity,ridge,0.4826265699326803,0.009782209753472024,0.2793677837347314,0.2683089954823115,10,0,A
2,fashion,113,pca,ridge,0.6784588487435758,0.029652431332443326,0.1921853440881747,0.1986321125139279,10,0,A
2,fashion,113,emotion,ridge,4.1737655364556,0.35421803817600805,0.3895888353262846,0.35798202985583566,10,0,A
2,fashion,120,population,ridge,,0.21234349580927026,0.20982379718618338,0.28558836148380984,10,0,A
2,fashion,120,identity,ridge,0.4830493005607012,0.015054226513628836,0.1554193749004723,0.21563055394045022,10,0,A
2,fashion,120,pca,ridge,0.6833259924681337,0.06428217510355806,0.244361436052955,0.28921749691209664,10,0,A
2,fashion,120,emotion,ridge,4.265633874835166,0.230570466598211,0.20870310683947393,0.23289156402252184,10,0,A
2,fashion,121,population,ridge,,0.2681133081254471,0.4000681908472818,0.42838121821116965,10,0,A
2,fashion,121,identity,ridge,0.4819117931100274,0.017551973593931645,0.35255276055603574,0.40248522787832536,10,0,A
2,fashion,121,pca,ridge,0.6619567316551653,0.10067069729771738,0.39030912940699225,0.4434800793814007,10,0,A
2,fashion,121,emotion,ridge,4.518555426223101,0.41986053196514883,0.40332121132737836,0.4569064340708126,10,0,A
2,fashion,131,population,ridge,,0.11602217184951993,0.22505304874392293,0.19354714298004266,10,0,A
2,fashion,131,identity,ridge,0.4823288591854421,-0.00029885200451290205,-0.03124508600766972,-0.006611393082005746,10,0,A
2,fashion,131,pca,ridge,0.6661255003150304,0.05955189871701442,0.21581707992404572,0.23097363691197687,10,0,A
2,fashion,131,emotion,ridge,4.573737486587577,0.14837671453580695,0.2413633766598763,0.15990113074295334,10,0,A
2,fashion,138,population,ridge,,0.34026434786258675,0.4708558856036074,0.46322147618062254,10,0,A
2,fashion,138,identity,ridge,0.48316134684456724,0.01518030440228531,0.43684877871819167,0.4156826847942822,10,0,A
2,fashion,138,pca,ridge,0.6788583744135855,0.07889522130288315,0.4976339368337401,0.4633133792860167,10,0,A
2,fashion,138,emotion,ridge,4.645752894992328,0.12015153125332845,0.14351202741015995,0.12271124406284141,10,0,A
2,fashion,139,population,ridge,,0.3063926514998168,0.4526017962105372,0.4857083867492122,10,0,A
2,fashion,139,identity,ridge,0.4832871362689801,0.008158735132338524,0.18246199104405306,0.2291341955779861,10,0,A
2,fashion,139,pca,ridge,0.6854074715473615,0.05486142681119497,0.320619485740047,0.3042559021970657,10,0,A
2,fashion,139,emotion,ridge,4.158329204400122,0.26092589517387504,0.2913608747668266,0.28062432153472533,10,0,A
2,landscape,7,population,ridge,,0.10369755806069171,0.11193697981882009,0.13111288851494723,10,0,A
2,landscape,7,identity,ridge,3.1767741297036776,-0.07425437520840926,-0.3544332747209693,-0.31188336308865894,10,0,A
2,landscape,7,pca,ridge,0.0025284223158974707,-8.153369346155559e-05,-0.14562970629193728,-0.1119044684934594,10,0,A
2,landscape,7,emotion,ridge,7.999680895044164e-05,-6.727400567506534e-08,0.008524665734162183,-0.0014383835333883215,10,0,A
2,landscape,8,population,ridge,,0.39399796894145644,0.5092447399475697,0.5180709764915467,10,0,A
2,landscape,8,identity,ridge,3.0903004081572476,0.09332142038882614,0.4544516462634856,0.43530042175583367,10,0,A
2,landscape,8,pca,ridge,0.002527951773796998,0.0002273656428097454,0.43987638689756603,0.4211480528452061,10,0,A
2,landscape,8,emotion,ridge,7.999642737490766e-05,1.837955810583058e-05,0.4156666340524793,0.40492820137888735,10,0,A
2,landscape,40,population,ridge,,0.1565966603780264,0.17089143147841232,0.22794961428137855,10,0,A
2,landscape,40,identity,ridge,3.173913421831794,0.025055564409099573,0.10275594747819854,0.11463758664027593,10,0,A
2,landscape,40,pca,ridge,0.002528163541882978,-7.258172033194939e-05,-0.1462702020093085,-0.12790463195139776,10,0,A
2,landscape,40,emotion,ridge,7.999609245506274e-05,-9.132965457608394e-07,-0.10863489410653555,-0.12204975654217157,10,0,A
2,landscape,41,population,ridge,,0.3241567940759842,0.5203318189569026,0.5335925630165115,10,0,A
2,landscape,41,identity,ridge,3.197108638270194,0.00431244961473629,0.010692752965333742,0.023983066916096096,10,0,A
2,landscape,41,pca,ridge,0.002528078735512637,0.00016646498914778642,0.30008063801343005,0.3388663745925264,10,0,A
2,landscape,41,emotion,ridge,7.999665751801044e-05,1.8438738221547533e-05,0.47404538146312925,0.48742011075391023,10,0,A
2,landscape,45,population,ridge,,0.4233664563912026,0.5172413377279197,0.5602368881611687,10,0,A
2,landscape,45,identity,ridge,3.2032415042087807,-0.01238452434425942,-0.046033531455295526,-0.05111577999293403,10,0,A
2,landscape,45,pca,ridge,0.002528189364777534,-2.1960690766657193e-06,-0.017206466253604502,-0.0055615659542015755,10,0,A
2,landscape,45,emotion,ridge,7.999676820773467e-05,3.6171656995577408e-06,0.3190427960124869,0.2612702991072832,10,0,A
2,landscape,46,population,ridge,,0.14684327077205642,0.500137081870928,0.4518370397723117,10,0,A
2,landscape,46,identity,ridge,3.143255906848914,0.07004444808337135,0.44030379516897367,0.3082816863994669,10,0,A
2,landscape,46,pca,ridge,0.002528375190320018,0.00038515826480036715,0.4265665609771984,0.3660536006611268,10,0,A
2,landscape,46,emotion,ridge,7.999691150479746e-05,2.0761626189403122e-05,0.4362843822017506,0.39202102594463745,10,0,A
2,landscape,52,population,ridge,,0.2962887339703297,0.509300208534364,0.539296729123875,10,0,A
2,landscape,52,identity,ridge,3.149842723077149,0.077717115608695,0.257196096111485,0.2897709105112501,10,0,A
2,landscape,52,pca,ridge,0.002528191146452257,0.00021644360234587213,0.39549437309402175,0.39951402760744564,10,0,A
2,landscape,52,emotion,ridge,7.999552365150087e-05,2.2906444107216345e-05,0.42518063799859424,0.4630232493282217,10,0,A
2,landscape,58,population,ridge,,0.39984764009533463,0.4992463199704362,0.5590154200756633,10,0,A
2,landscape,58,identity,ridge,3.2090374764123366,-0.004234142099141575,0.003434956005300819,-0.021639838623917947,10,0,A
2,landscape,58,pca,ridge,0.0025284865550858735,0.00017660611353364974,0.16664443705716547,0.16867419958154367,10,0,A
2,landscape,58,emotion,ridge,7.999702815451873e-05,3.574233422180659e-05,0.48113919474249334,0.5464135222204677,10,0,A
2,landscape,65,population,ridge,,0.2275734070870252,0.3322911714296012,0.3319441987305291,10,0,A
2,landscape,65,identity,ridge,3.1808634773338267,0.07108938332720925,0.22274734873030563,0.2752316214721673,10,0,A
2,landscape,65,pca,ridge,0.002528355179148118,0.00017638684897651732,0.2639437389373094,0.30972629615293173,10,0,A
2,landscape,65,emotion,ridge,7.999719293890774e-05,1.3800059631499676e-05,0.2751701261845961,0.29265285794909945,10,0,A
2,landscape,66,population,ridge,,0.4358300512855874,0.4732949601497368,0.5390144028779406,10,0,A
2,landscape,66,identity,ridge,3.1954515446459353,0.005492682492534035,0.044336285928121257,0.03195669746393072,10,0,A
2,landscape,66,pca,ridge,0.002528112906600282,0.00019672695219785896,0.29712462585700616,0.33482545448386847,10,0,A
2,landscape,66,emotion,ridge,7.999646916986596e-05,9.334912417810942e-06,0.5182952687933714,0.5544520300597906,10,0,A
2,landscape,74,population,ridge,,0.25536576053013116,0.344455584513432,0.3410519191055619,10,0,A
2,landscape,74,identity,ridge,3.1781353612035215,0.09130318056488668,0.23096208152313566,0.3112637008036948,10,0,A
2,landscape,74,pca,ridge,0.0025284003151742757,0.0004545454751890116,0.3792629767641606,0.4222319980127713,10,0,A
2,landscape,74,emotion,ridge,7.999698449314362e-05,3.332016166756584e-05,0.2950729152733794,0.331920699479924,10,0,A
2,landscape,83,population,ridge,,0.353972387245529,0.5308725713003103,0.5793397190169078,10,0,A
2,landscape,83,identity,ridge,3.191019969968722,0.12754135368918332,0.2927855306798195,0.38563241342987215,10,0,A
2,landscape,83,pca,ridge,0.002528238694484654,0.0002663061400737281,0.2138924749507782,0.2495449859361437,10,0,A
2,landscape,83,emotion,ridge,7.999631140927647e-05,3.7586570802021374e-05,0.5520949597218039,0.5606346621506643,10,0,A
2,landscape,87,population,ridge,,0.32329942474216833,0.5009071908215613,0.46880899081913924,10,0,A
2,landscape,87,identity,ridge,3.1730524423170943,-0.01468505720244347,-0.07017008042605813,-0.08535194893887488,10,0,A
2,landscape,87,pca,ridge,0.0025282403086290556,6.974357004832975e-05,0.07723216560812395,0.11341000096237265,10,0,A
2,landscape,87,emotion,ridge,7.999684010715918e-05,9.044950008871002e-06,0.38991725632895263,0.3880187851524679,10,0,A
2,landscape,93,population,ridge,,0.4039590228237631,0.6713156278178252,0.6848774920702744,10,0,A
2,landscape,93,identity,ridge,3.1842462735447623,0.1638825044526526,0.5141317058056917,0.5116310654207274,10,0,A
2,landscape,93,pca,ridge,0.002528149471346201,0.0007541785733860763,0.6239274759907675,0.6091573016918046,10,0,A
2,landscape,93,emotion,ridge,7.999687714285321e-05,6.906814999562292e-05,0.6817251590769068,0.6662544226827312,10,0,A
2,landscape,94,population,ridge,,0.3782148192710942,0.555863956250288,0.587629906436642,10,0,A
2,landscape,94,identity,ridge,3.212598536008608,0.07704614742382736,0.32106061651516143,0.3502611856066645,10,0,A
2,landscape,94,pca,ridge,0.0025283879968442955,0.00012427200687342973,0.23265545055667625,0.3143020734677747,10,0,A
2,landscape,94,emotion,ridge,7.999668298153438e-05,9.444220709740778e-06,0.5508359429461885,0.5378150423851322,10,0,A
2,landscape,102,population,ridge,,0.35639355089245567,0.6612398205012835,0.6392708030517026,10,0,A
2,landscape,102,identity,ridge,3.204147779385278,-0.004002579434012536,0.044105652060564084,-0.0789114249480069,10,0,A
2,landscape,102,pca,ridge,0.0025283974555167003,-3.110502824744276e-05,-0.1526696202051704,-0.2944429582753068,10,0,A
2,landscape,102,emotion,ridge,7.999625948955392e-05,6.385615303432021e-07,0.12778319083021525,0.14400273823819984,10,0,A
2,landscape,112,population,ridge,,0.4384040292431576,0.45427348988996513,0.529261330287115,10,0,A
2,landscape,112,identity,ridge,3.14099707425741,0.11857698865876866,0.43589277034301555,0.49748985727012796,10,0,A
2,landscape,112,pca,ridge,0.0025282201852626636,0.00041499035997815016,0.5433800216066994,0.5959091277147716,10,0,A
2,landscape,112,emotion,ridge,7.999675451178234e-05,2.998393960690877e-05,0.4884376533957086,0.5632098079083742,10,0,A
2,landscape,113,population,ridge,,0.32448530266377473,0.4032861915835718,0.4256644845671302,10,0,A
2,landscape,113,identity,ridge,3.1219110441773497,0.044562773866703154,0.4021801960444497,0.3424558300251701,10,0,A
2,landscape,113,pca,ridge,0.0025280027915901464,0.00013668701093041505,0.2652378392913145,0.2422734073449456,10,0,A
2,landscape,113,emotion,ridge,7.999616915798522e-05,1.6223463670036184e-05,0.3764406634976049,0.39870001530282817,10,0,A
2,landscape,120,population,ridge,,0.35058956871461544,0.5843347215749023,0.5647205900433343,10,0,A
2,landscape,120,identity,ridge,3.187946399637913,0.14543089020838376,0.533849644061617,0.49852642933451996,10,0,A
2,landscape,120,pca,ridge,0.002528119941178761,0.0007639309293407594,0.6178411867102079,0.5900005042224176,10,0,A
2,landscape,120,emotion,ridge,7.999656177840546e-05,5.611145405030235e-05,0.5918473819191413,0.5693655347512637,10,0,A
2,landscape,121,population,ridge,,0.49419855036222704,0.7094280925460339,0.6728638597613082,10,0,A
2,landscape,121,identity,ridge,3.135257345942624,0.15468213767326716,0.5186126485192978,0.48175491948379795,10,0,A
2,landscape,121,pca,ridge,0.0025282849835466,0.00040930254123523085,0.730239828798691,0.6938193047748048,10,0,A
2,landscape,121,emotion,ridge,7.999695714306195e-05,3.847319111130157e-05,0.729498318005841,0.6711921981760504,10,0,A
2,landscape,131,population,ridge,,0.2463168514447974,0.428700120381077,0.4034178297942385,10,0,A
2,landscape,131,identity,ridge,3.1769403416025814,-0.04859803243473243,-0.0902808640829794,-0.1343184703158201,10,0,A
2,landscape,131,pca,ridge,0.0025280812085958834,-0.00012577776321503475,-0.1334967984821174,-0.13409755997957984,10,0,A
2,landscape,131,emotion,ridge,7.999619906117889e-05,-2.2110655751155182e-05,-0.31863834382228023,-0.3378027957809955,10,0,A
2,landscape,138,population,ridge,,0.5770136449015575,0.7273741461703817,0.7742843983688685,10,0,A
2,landscape,138,identity,ridge,3.1616665064941314,0.026230917432338584,0.2684184722132282,0.2523651454432205,10,0,A
2,landscape,138,pca,ridge,0.0025282730739034035,0.00010100233863771988,0.2505571686719018,0.2841537524390113,10,0,A
2,landscape,138,emotion,ridge,7.999646524206006e-05,2.0570809657049848e-05,0.7679362684583658,0.7992301417573346,10,0,A
2,landscape,139,population,ridge,,0.29925109229271774,0.5294924884761475,0.4397985368076957,10,0,A
2,landscape,139,identity,ridge,3.2025196903428697,0.11758975448677327,0.5452616876335021,0.5463117220803773,10,0,A
2,landscape,139,pca,ridge,0.0025282803412877185,0.0004203621565672341,0.5611778047954284,0.5366282669087458,10,0,A
2,landscape,139,emotion,ridge,7.999651856521872e-05,3.276357247109854e-05,0.5259664563664284,0.5040637627291724,10,0,A
3,art,0,population,ridge,,0.2903495496223564,0.281839645833983,0.4047138118683465,10,0,A
3,art,0,identity,ridge,0.005126707938556317,7.423678250801272e-05,0.2945229312121399,0.263924953291982,10,0,A
3,art,0,pca,ridge,7.999852214112103e-05,7.710494758510752e-06,0.30956240003999386,0.35991312222526395,10,0,A
3,art,0,emotion,ridge,7.999691911188179e-05,1.921456845578833e-05,0.3196889757174155,0.41416554323627036,10,0,A
3,art,9,population,ridge,,0.453927372496102,0.5587232544837458,0.5290084336947036,10,0,A
3,art,9,identity,ridge,0.005126759824735422,0.0001281502463377269,0.5115457870178038,0.4264189865726469,10,0,A
3,art,9,pca,ridge,7.99985160381766e-05,1.136718833094165e-05,0.51956088364105,0.4674671806068144,10,0,A
3,art,9,emotion,ridge,7.999665546597887e-05,3.48748607781039e-05,0.525039557282256,0.499575589834719,10,0,A
3,art,10,population,ridge,,0.22099315313353468,0.5971562628104327,0.5660033388731842,10,0,A
3,art,10,identity,ridge,0.005126659218976852,0.00046241695872295037,0.3899052714398472,0.3954518583558932,10,0,A
3,art,10,pca,ridge,7.999802362785506e-05,2.744602713654038e-05,0.5202229386184629,0.4869604019372121,10,0,A
3,art,10,emotion,ridge,7.999654590830106e-05,6.195626265814335e-05,0.5631299806451127,0.5274492124458316,10,0,A
3,art,11,population,ridge,,0.38229033371545557,0.5637936298159851,0.6039239934351207,10,0,A
3,art,11,identity,ridge,0.00512648474535535,0.00015619926785291895,0.2476393771809328,0.19016889852027885,10,0,A
3,art,11,pca,ridge,7.999837862655395e-05,7.336625901163959e-06,0.22516255472979718,0.2778160960243683,10,0,A
3,art,11,emotion,ridge,7.99957058766146e-05,3.0256781121055858e-05,0.6048532638111517,0.6194357278141992,10,0,A
3,art,24,population,ridge,,0.45066231352644415,0.6613718165812502,0.656944873654631,10,0,A
3,art,24,identity,ridge,0.005126544165439898,0.00029273319160787913,0.5163524223106205,0.5200787326859725,10,0,A
3,art,24,pca,ridge,7.999867293840711e-05,1.3092988600046299e-05,0.6422145660034054,0.6086423540955173,10,0,A
3,art,24,emotion,ridge,7.999641907605493e-05,3.3399779085276615e-05,0.6275736620643787,0.6492628190301961,10,0,A
3,art,28,population,ridge,,0.4527266760084204,0.6014022437347304,0.6143024753206183,10,0,A
3,art,28,identity,ridge,0.005126684497735057,0.00013440920709546363,0.35463066908248325,0.3621949508484585,10,0,A
3,art,28,pca,ridge,7.999859896930096e-05,9.48990149689312e-06,0.5789775854973744,0.5895117323142917,10,0,A
3,art,28,emotion,ridge,7.999617790490069e-05,1.6524114586624643e-05,0.5510345549868434,0.5516805754907174,10,0,A
3,art,31,population,ridge,,0.2783189040516965,0.5493679392404611,0.5730625889003056,10,0,A
3,art,31,identity,ridge,0.005126638653294816,0.00028369999959691544,0.33177883563643673,0.4187889309967044,10,0,A
3,art,31,pca,ridge,7.999847560041946e-05,1.6003052500185283e-05,0.39345218028853285,0.5235476651522102,10,0,A
3,art,31,emotion,ridge,7.999666645324807e-05,4.161736627782672e-05,0.603913706340469,0.6246770145746489,10,0,A
3,art,32,population,ridge,,0.1936411055039827,0.40510256632422686,0.4005521627800439,10,0,A
3,art,32,identity,ridge,0.005126750666774532,-0.00011376977014410353,-0.20107280664268193,-0.19679538583087677,10,0,A
3,art,32,pca,ridge,7.99986164886644e-05,-2.6048903060857697e-06,-0.14508782910687637,-0.11730055377811624,10,0,A
3,art,32,emotion,ridge,7.999696928980937e-05,2.5849295892003064e-06,0.31319060936623616,0.30536673590893093,10,0,A
3,art,36,population,ridge,,0.3211460461564053,0.43630976274191496,0.4830400316727072,10,0,A
3,art,36,identity,ridge,0.005126507452968471,0.00030810618804574396,0.417285782877371,0.4696251205601645,10,0,A
3,art,36,pca,ridge,7.99982972932007e-05,1.7355697348422902e-05,0.538830635954496,0.5288307810253378,10,0,A
3,art,36,emotion,ridge,7.99966367966975e-05,3.210454457153725e-05,0.49695801186621796,0.5221346573617003,10,0,A
3,art,42,population,ridge,,0.2494748144825125,0.37356853348897906,0.41049606599974464,10,0,A
3,art,42,identity,ridge,0.005126646491488899,8.935251393373165e-05,0.4182961329868514,0.237233348560976,10,0,A
3,art,42,pca,ridge,7.999870382485751e-05,2.724294515468717e-06,0.34554460444475527,0.3176772186272178,10,0,A
3,art,42,emotion,ridge,7.99965630802646e-05,4.270988583266955e-06,0.4088877402915733,0.4547388250507961,10,0,A
3,art,47,population,ridge,,0.3659088506876333,0.4964061082301791,0.5202853358277815,10,0,A
3,art,47,identity,ridge,0.0051267753705617125,4.418998325075464e-05,0.21477021137017996,0.20496876013663995,10,0,A
3,art,47,pca,ridge,7.999803337226471e-05,5.867979687930027e-06,0.41862659962865384,0.4661653361077955,10,0,A
3,art,47,emotion,ridge,7.999628463626108e-05,1.2218465378602375e-05,0.4174907718839966,0.4639787834228615,10,0,A
3,art,54,population,ridge,,0.132849667083781,0.19169743295419994,0.23415793052445977,10,0,A
3,art,54,identity,ridge,0.005126392637938404,0.00017461373603497722,0.20765913567083408,0.19169894046508762,10,0,A
3,art,54,pca,ridge,7.999823770030287e-05,9.795898134140107e-06,0.16191969903365944,0.2573839618616454,10,0,A
3,art,54,emotion,ridge,7.999714430930118e-05,1.9294567933491602e-05,0.1479466674751633,0.24532148724679687,10,0,A
3,art,55,population,ridge,,0.17255000762355016,0.2756728358932233,0.2671896015248461,10,0,A
3,art,55,identity,ridge,0.005126589346755703,9.425089209780466e-05,0.23360778286480385,0.21449539054442068,10,0,A
3,art,55,pca,ridge,7.999826977856846e-05,4.378650122418234e-06,0.26085224162855924,0.21187236998542405,10,0,A
3,art,55,emotion,ridge,7.999665809320867e-05,8.831342638546405e-06,0.29357493985648087,0.25453133324160754,10,0,A
3,art,59,population,ridge,,0.32435168156438576,0.5366573168876587,0.5887167295969997,10,0,A
3,art,59,identity,ridge,0.005126434977408481,0.0002547945993981572,0.5274773938856471,0.5926419765922537,10,0,A
3,art,59,pca,ridge,7.999830814841986e-05,9.280885103919433e-06,0.4783868965486859,0.5404414460929112,10,0,A
3,art,59,emotion,ridge,7.999716763710481e-05,1.9494833342781798e-05,0.4748523807404248,0.49135778213741654,10,0,A
3,art,60,population,ridge,,0.42767356023951114,0.6500762123245746,0.6461800394577378,10,0,A
3,art,60,identity,ridge,0.005126588066393727,0.0005088274851471944,0.5324876607154495,0.5498237238366402,10,0,A
3,art,60,pca,ridge,7.999834068499305e-05,2.1495172377155095e-05,0.5439645408051916,0.5744197128615067,10,0,A
3,art,60,emotion,ridge,7.999625654742348e-05,5.17947557370345e-05,0.6783231887523452,0.6497425646861811,10,0,A
3,art,67,population,ridge,,0.3419595500281331,0.40716559563005117,0.38199407899546217,10,0,A
3,art,67,identity,ridge,0.00512681772285352,0.0003220198419137231,0.46073174845020837,0.47066879999244055,10,0,A
3,art,67,pca,ridge,7.999844578803816e-05,1.6750265723671945e-05,0.49419095827628895,0.46576824193427147,10,0,A
3,art,67,emotion,ridge,7.99964490018921e-05,1.337915616589013e-05,0.4387921413811508,0.4130375001531384,10,0,A
3,art,68,population,ridge,,0.41223604083424686,0.6346324972941674,0.6474707239410592,10,0,A
3,art,68,identity,ridge,0.005126426704025034,0.00025237549247448046,0.6245645035414444,0.6396238215967747,10,0,A
3,art,68,pca,ridge,7.999794337582762e-05,1.4115001795545891e-05,0.6104593439769859,0.6464595218477731,10,0,A
3,art,68,emotion,ridge,7.999709590393863e-05,3.667574535608809e-05,0.6497344879232518,0.6817621175168175,10,0,A
3,art,75,population,ridge,,0.3410635376564917,0.46653105748894,0.47999630453404973,10,0,A
3,art,75,identity,ridge,0.005126548067809289,0.0005019681724044456,0.5341472787487999,0.5534907649347528,10,0,A
3,art,75,pca,ridge,7.999839872013645e-05,2.6193448747774774e-05,0.4792090989751637,0.5295578945737749,10,0,A
3,art,75,emotion,ridge,7.999693266172342e-05,3.9199934650665655e-05,0.39922787429046847,0.44180626310866444,10,0,A
3,art,76,population,ridge,,0.31809336219255513,0.5378162816000815,0.5146513907633475,10,0,A
3,art,76,identity,ridge,0.005126692784753905,0.00022877249613456117,0.5785029551604183,0.583173938908865,10,0,A
3,art,76,pca,ridge,7.99980927765939e-05,1.6533616351459853e-05,0.48701899408177396,0.528146421101111,10,0,A
3,art,76,emotion,ridge,7.999633319552884e-05,2.833352608035739e-05,0.5110500185615887,0.501355083706748,10,0,A
3,art,82,population,ridge,,0.38049946399118745,0.6740173090642664,0.6907041024785353,10,0,A
3,art,82,identity,ridge,0.005126573162865956,0.000399258466352077,0.5361379261741912,0.5830445369584699,10,0,A
3,art,82,pca,ridge,7.999840192984878e-05,1.6482062459731058e-05,0.5643094573100175,0.6350737644964141,10,0,A
3,art,82,emotion,ridge,7.999687084799856e-05,3.200265123212512e-05,0.5910650882674401,0.608237112829432,10,0,A
3,art,84,population,ridge,,0.20115256106466717,0.26442395314190814,0.29156516887258704,10,0,A
3,art,84,identity,ridge,0.005126601170524565,5.468862626085467e-05,0.15821797848713673,0.08831963863316052,10,0,A
3,art,84,pca,ridge,7.999837503137977e-05,3.066665083816424e-06,0.11544127679866455,0.08513482917307719,10,0,A
3,art,84,emotion,ridge,7.999630853199772e-05,2.5872442199020072e-05,0.30735288508549946,0.27724697367191997,10,0,A
3,art,88,population,ridge,,0.3390845892716777,0.5507847286927745,0.5702320609291652,10,0,A
3,art,88,identity,ridge,0.005126585813989997,0.00029372084076722426,0.4309325442094115,0.4497376966363678,10,0,A
3,art,88,pca,ridge,7.99982542907547e-05,1.8526303931513073e-05,0.4788139380104573,0.48642829636585583,10,0,A
3,art,88,emotion,ridge,7.999680273616732e-05,6.41314849499676e-05,0.5005241351997513,0.544334750139455,10,0,A
3,art,95,population,ridge,,0.2952723328489721,0.45041777771373426,0.52639602599933,10,0,A
3,art,95,identity,ridge,0.005126529639186804,9.250511457159328e-05,0.22930087398566462,0.1978422398419039,10,0,A
3,art,95,pca,ridge,7.999819113385618e-05,9.080537420058784e-06,0.39013585045047355,0.43888348342765066,10,0,A
3,art,95,emotion,ridge,7.999655958717953e-05,2.773377510091908e-05,0.3590467439231462,0.41131632203094004,10,0,A
3,art,96,population,ridge,,0.42660627225142184,0.6240917164695409,0.6732880855828697,10,0,A
3,art,96,identity,ridge,0.005126413123168225,0.0002341127373834828,0.41386617607137594,0.4354475199751794,10,0,A
3,art,96,pca,ridge,7.999836370939123e-05,1.0425846919901642e-05,0.4325397864854252,0.5226356284694691,10,0,A
3,art,96,emotion,ridge,7.999609367042223e-05,3.892367241770616e-05,0.5976046743296133,0.6629053934828146,10,0,A
3,art,107,population,ridge,,0.36284397957891695,0.4928234522602913,0.5083025919603172,10,0,A
3,art,107,identity,ridge,0.005126668062493349,-3.9148397496661344e-05,-0.26559052120208027,-0.20846702433124598,10,0,A
3,art,107,pca,ridge,7.999867264773913e-05,9.586594995417578e-07,0.0761227850731613,0.10304138463196347,10,0,A
3,art,107,emotion,ridge,7.999712406315424e-05,-1.0771970266790798e-05,-0.46601756880067613,-0.4987974607427269,10,0,A
3,art,122,population,ridge,,0.28573540954467935,0.5248936326490204,0.5872226704608857,10,0,A
3,art,122,identity,ridge,0.005126733680929084,8.304838670501548e-05,0.2893864773620313,0.24253336315718468,10,0,A
3,art,122,pca,ridge,7.999874781980554e-05,6.6055244992545e-06,0.4156615339298831,0.4037498739449384,10,0,A
3,art,122,emotion,ridge,7.999736348045789e-05,2.2000082416129652e-05,0.6923763019980576,0.680166110547215,10,0,A
3,art,123,population,ridge,,0.34843008566914613,0.4745778560746298,0.5169674150095697,10,0,A
3,art,123,identity,ridge,0.005126578333900112,0.0002178536568954366,0.42943882257154237,0.4625045409854559,10,0,A
3,art,123,pca,ridge,7.999767500390605e-05,1.9342954008544057e-05,0.5056263917153078,0.5372583941063854,10,0,A
3,art,123,emotion,ridge,7.999651676010825e-05,2.6716895773116483e-05,0.41979795561305155,0.4800412215619091,10,0,A
3,art,132,population,ridge,,0.32073801941224817,0.539735362426344,0.6136817104575821,10,0,A
3,art,132,identity,ridge,0.005126431193137049,0.0002908670118031296,0.3944429393573428,0.5154004725199637,10,0,A
3,art,132,pca,ridge,7.999835482406206e-05,1.2999207346836265e-05,0.3545927176978723,0.46919312760949106,10,0,A
3,art,132,emotion,ridge,7.999609272788091e-05,4.409423371658848e-05,0.5604277756607027,0.6212092497884304,10,0,A
3,art,140,population,ridge,,0.3559228045926536,0.4884747663377963,0.5150217078518696,10,0,A
3,art,140,identity,ridge,0.005126682093936819,0.0001590729331465181,0.27950029109475155,0.283590571677042,10,0,A
3,art,140,pca,ridge,7.999858366102339e-05,8.22439092846635e-06,0.4002683838380293,0.4265361308204728,10,0,A
3,art,140,emotion,ridge,7.999715073820992e-05,2.223255534059884e-05,0.5017843040089749,0.5139581179220138,10,0,A
3,art,141,population,ridge,,0.35281550253748356,0.5153465049484464,0.4987536379776559,10,0,A
3,art,141,identity,ridge,0.00512664980998446,0.0003006232877097406,0.3739034324677073,0.37496268212712935,10,0,A
3,art,141,pca,ridge,7.99984671059896e-05,1.8601881879254318e-05,0.4138426611639358,0.39916788663015274,10,0,A
3,art,141,emotion,ridge,7.999673088128592e-05,5.6870228074081854e-05,0.5127374096064816,0.517955365620428,10,0,A
3,fashion,0,population,ridge,,0.20120776337553256,0.2438304121821438,0.30209281445967273,10,0,A
3,fashion,0,identity,ridge,0.005126716576795379,6.467724969598765e-05,0.11151699939109172,0.09431536885637758,10,0,A
3,fashion,0,pca,ridge,7.99985540232575e-05,4.728370869740836e-06,0.1643117590127302,0.1517807780933997,10,0,A
3,fashion,0,emotion,ridge,0.02494695916711566,-0.0025219658313740683,-0.17702067831270596,-0.21085505165420793,10,0,A
3,fashion,9,population,ridge,,0.22333140773398452,0.30992910053404954,0.3171750934354809,10,0,A
3,fashion,9,identity,ridge,0.00512661376557798,9.725458567528107e-05,0.263559744250491,0.23464122840194482,10,0,A
3,fashion,9,pca,ridge,7.999859337542048e-05,4.4538474577109725e-06,0.18506888455023818,0.1861017115701797,10,0,A
3,fashion,9,emotion,ridge,0.024901304320018715,0.0036753497310627165,0.2224503479858823,0.2251698548151296,10,0,A
3,fashion,10,population,ridge,,0.18686378357265973,0.5236282755365621,0.535152733245046,10,0,A
3,fashion,10,identity,ridge,0.0051267909263995924,0.00012529874095999595,0.21585126589275475,0.22269651274599755,10,0,A
3,fashion,10,pca,ridge,7.999871112847096e-05,1.2858461474882663e-05,0.44819321512793,0.4484505410463708,10,0,A
3,fashion,10,emotion,ridge,0.024998067977788682,0.010903028627696269,0.48156721713044776,0.4889850448079399,10,0,A
3,fashion,11,population,ridge,,0.3797094454231944,0.6017404603154848,0.5945277065303997,10,0,A
3,fashion,11,identity,ridge,0.00512666505769671,0.00010832764300262546,0.3356674577039272,0.33831845817975,10,0,A
3,fashion,11,pca,ridge,7.999854635976917e-05,1.0672627661639784e-05,0.5354339322353531,0.5432452926800748,10,0,A
3,fashion,11,emotion,ridge,0.024988013934202156,0.010185617710819729,0.5559585675238687,0.5264088145286198,10,0,A
3,fashion,24,population,ridge,,0.2597456590207821,0.40583383191533123,0.46520399723092354,10,0,A
3,fashion,24,identity,ridge,0.005126697943836413,0.00014930556338670875,0.36826332436376547,0.3865748752949697,10,0,A
3,fashion,24,pca,ridge,7.99984216024923e-05,6.179324649052994e-06,0.2892463972023569,0.32154682784880095,10,0,A
3,fashion,24,emotion,ridge,0.024992994933859647,0.0069248111374117585,0.3892449283059053,0.4657038756506858,10,0,A
3,fashion,28,population,ridge,,0.2835681242980237,0.44701075745400315,0.4224330883379936,10,0,A
3,fashion,28,identity,ridge,0.005126665808644188,3.9816122616515404e-05,0.07850217298005936,0.09585914613647672,10,0,A
3,fashion,28,pca,ridge,7.99984616522395e-05,1.0429608946787946e-05,0.44594511709680773,0.42351625989198555,10,0,A
3,fashion,28,emotion,ridge,0.025052994278800637,0.00630623920670172,0.45807311925726946,0.43545684272244434,10,0,A
3,fashion,31,population,ridge,,0.0429932963618929,0.23412078751063237,0.1270727934703038,10,0,A
3,fashion,31,identity,ridge,0.005126840002279658,5.346461825890868e-05,0.10503850433179383,0.12564593279064537,10,0,A
3,fashion,31,pca,ridge,7.999859661872212e-05,1.1216250357714523e-06,0.08971120742929899,0.051252473109607836,10,0,A
3,fashion,31,emotion,ridge,0.024990371950365933,0.001310242046123191,0.15483997701498003,0.07607950611449271,10,0,A
3,fashion,32,population,ridge,,0.1000336440468064,0.24446469028855589,0.2407920614494533,10,0,A
3,fashion,32,identity,ridge,0.005126836127256514,-1.4435992744117441e-05,-0.0766450923680913,-0.057306433241117095,10,0,A
3,fashion,32,pca,ridge,7.999850551063826e-05,3.099400953113106e-06,0.20658095188524359,0.20526706114121185,10,0,A
3,fashion,32,emotion,ridge,0.02498609774633135,-0.0006845786726866097,-0.3497298012444778,-0.3243783212746773,10,0,A
3,fashion,36,population,ridge,,0.27013647425481335,0.3586695563305804,0.4248002539436274,10,0,A
3,fashion,36,identity,ridge,0.0051267651803727585,5.240329257853741e-05,0.11692070534292769,0.13422923734036557,10,0,A
3,fashion,36,pca,ridge,7.999847454016388e-05,9.749881878874838e-06,0.36334439525113976,0.4262455739234194,10,0,A
3,fashion,36,emotion,ridge,0.024922160608726714,0.00772867410620424,0.3763742654339756,0.41335743880311115,10,0,A
3,fashion,42,population,ridge,,0.049239142940350165,0.19023456858270701,0.13050291888173768,10,0,A
3,fashion,42,identity,ridge,0.005126786946626262,-2.7090357968796035e-06,0.02928223199092889,-0.009317860175427746,10,0,A
3,fashion,42,pca,ridge,7.999853601508014e-05,-1.3084699618297113e-07,-0.0012992116583005991,-0.00985545801323523,10,0,A
3,fashion,42,emotion,ridge,0.025013913136258503,-0.0012659507743763997,-0.2378057031481751,-0.16335024708876336,10,0,A
3,fashion,47,population,ridge,,0.1690337385479627,0.3541997462802092,0.4295369801371193,10,0,A
3,fashion,47,identity,ridge,0.005126765698933163,-9.432475360607721e-06,0.009916225140654045,-0.030449251478411054,10,0,A
3,fashion,47,pca,ridge,7.999861334217481e-05,-3.097234802281017e-06,-0.21517720071222204,-0.1756555730466253,10,0,A
3,fashion,47,emotion,ridge,0.025009526235391533,-0.008099688717116166,-0.40905649915190634,-0.4676914075561331,10,0,A
3,fashion,54,population,ridge,,0.06306484182911584,0.040894721476411204,0.13669963899398982,10,0,A
3,fashion,54,identity,ridge,0.005126806523985911,-1.0119239347166153e-05,-0.11019684680079177,-0.022486738547633722,10,0,A
3,fashion,54,pca,ridge,7.999859936820734e-05,2.9579607256006226e-06,0.14248477166477094,0.16749478048404992,10,0,A
3,fashion,54,emotion,ridge,0.024883391544237438,0.0012396355582650388,0.006119283140630875,0.10196435970373499,10,0,A
3,fashion,55,population,ridge,,0.2530771285864564,0.24016714484150978,0.38741354533841366,10,0,A
3,fashion,55,identity,ridge,0.005126615956463703,0.00010897833892964993,0.20885197558772722,0.22688608856162965,10,0,A
3,fashion,55,pca,ridge,7.999847246986746e-05,3.6700361773895723e-06,0.09697600801171372,0.14722389268839337,10,0,A
3,fashion,55,emotion,ridge,0.024870632205360378,0.0031517551357977793,0.2396115531289427,0.3610253305174388,10,0,A
3,fashion,59,population,ridge,,0.15543717112057848,0.259449900527496,0.432268667036705,10,0,A
3,fashion,59,identity,ridge,0.005126830395101952,5.323379389139875e-05,0.04124689611893475,0.12681333033225853,10,0,A
3,fashion,59,pca,ridge,7.999862843948426e-05,1.1190615304839228e-05,0.2424367922961848,0.3364785465892122,10,0,A
3,fashion,59,emotion,ridge,0.025093357120252513,0.003954808899320058,0.1907050736626048,0.3462130254440638,10,0,A
3,fashion,60,population,ridge,,0.2727854706142149,0.43655381540383686,0.4637684820500314,10,0,A
3,fashion,60,identity,ridge,0.005126729694735936,0.0002281361868952811,0.3351652091793067,0.40473178393365505,10,0,A
3,fashion,60,pca,ridge,7.999851455688682e-05,6.2074115141636325e-06,0.1804697093947039,0.2671806864699402,10,0,A
3,fashion,60,emotion,ridge,0.024906799081695487,0.007838467658145715,0.4437886812593039,0.4291098495604361,10,0,A
3,fashion,67,population,ridge,,0.020837403094685302,-0.002228706734101529,0.029959607466534817,10,0,A
3,fashion,67,identity,ridge,0.005126776678488994,1.913719470678206e-06,0.056235972244189754,0.004650921803589496,10,0,A
3,fashion,67,pca,ridge,7.999851314322807e-05,-6.009244816959945e-07,-0.008241031877259143,-0.032278971634190065,10,0,A
3,fashion,67,emotion,ridge,0.024919674676990158,-0.0001311842010005482,0.001606742064119707,-0.026452071708163265,10,0,A
3,fashion,68,population,ridge,,0.19836266171637354,0.44552058290527397,0.4109958844693279,10,0,A
3,fashion,68,identity,ridge,0.005126818481056865,9.592134965135349e-05,0.1537338105263195,0.1920379946886328,10,0,A
3,fashion,68,pca,ridge,7.999861499238543e-05,7.0563530827260755e-06,0.3527166059508857,0.34789398202975697,10,0,A
3,fashion,68,emotion,ridge,0.024907848042224824,0.00528577641050392,0.35112802324211373,0.3492706608216078,10,0,A
3,fashion,75,population,ridge,,0.30926966081183627,0.4638685716560307,0.4900796703032337,10,0,A
3,fashion,75,identity,ridge,0.005126731073032867,0.00020163239942626125,0.42280529326357064,0.45722274305647603,10,0,A
3,fashion,75,pca,ridge,7.999858003198847e-05,1.985189432983059e-05,0.5855431567082278,0.6199833373651681,10,0,A
3,fashion,75,emotion,ridge,0.025034538744678148,0.00823572742569009,0.3430021200039312,0.42578261649277266,10,0,A
3,fashion,76,population,ridge,,0.21527849064476287,0.3211746435689274,0.3232109145410559,10,0,A
3,fashion,76,identity,ridge,0.0051265230524210935,0.00015097121553739069,0.26288063471408735,0.22747379027142345,10,0,A
3,fashion,76,pca,ridge,7.999853683818136e-05,8.117638411077792e-06,0.34114667790702036,0.3077451194192759,10,0,A
3,fashion,76,emotion,ridge,0.024897214695094812,0.005858741704372125,0.2522356417927687,0.27243843232448983,10,0,A
3,fashion,82,population,ridge,,0.18966919924751247,0.38577404344467703,0.39011388123264473,10,0,A
3,fashion,82,identity,ridge,0.0051267989145478195,-2.156731755172453e-06,0.01093407492370896,-0.00745386946372789,10,0,A
3,fashion,82,pca,ridge,7.999844693565869e-05,-1.8096043072662295e-06,-0.21719048825730977,-0.15956716594740866,10,0,A
3,fashion,82,emotion,ridge,0.024982604216441603,-0.00046257761500843924,-0.08916241096879032,-0.11069878620854318,10,0,A
3,fashion,84,population,ridge,,0.1786749601273137,0.4412442125424235,0.40540921012895687,10,0,A
3,fashion,84,identity,ridge,0.005126812569056106,1.8386473458182514e-05,0.06319492992096337,0.06261707244713914,10,0,A
3,fashion,84,pca,ridge,7.99985356279501e-05,2.8357387484193814e-06,0.20705123695297104,0.25023930139147127,10,0,A
3,fashion,84,emotion,ridge,0.02495428198045346,-0.0005477204497727686,-0.1781781303734495,-0.18918760866060014,10,0,A
3,fashion,88,population,ridge,,0.09766236347395107,0.2735993634642635,0.26341179721353564,10,0,A
3,fashion,88,identity,ridge,0.005126822895816579,2.675355406433139e-05,0.09961923000489935,0.11912166893608017,10,0,A
3,fashion,88,pca,ridge,7.999853296692366e-05,1.4582166012730593e-06,0.152086333032443,0.13431275324920552,10,0,A
3,fashion,88,emotion,ridge,0.02497647826849684,0.000603878519492734,0.11195582579111547,0.1400660490488759,10,0,A
3,fashion,95,population,ridge,,0.060105519375870255,0.13560748649783175,0.16074209451054994,10,0,A
3,fashion,95,identity,ridge,0.005126864279522517,0.00011159504630160901,0.2365041630027261,0.19281029947849637,10,0,A
3,fashion,95,pca,ridge,7.999856997562451e-05,9.712872186169067e-07,0.038142669738001844,0.02647363561128402,10,0,A
3,fashion,95,emotion,ridge,0.024951032652776407,0.0019798530172978647,0.05829258909830872,0.09972473022676145,10,0,A
3,fashion,96,population,ridge,,0.21553306940403857,0.37032223408967463,0.378798806131302,10,0,A
3,fashion,96,identity,ridge,0.005126581496778347,-7.144337847435651e-05,-0.1200136658261786,-0.12579207130709866,10,0,A
3,fashion,96,pca,ridge,7.9997758998959e-05,-4.9608711700582365e-06,-0.22346860922576336,-0.23450203903071987,10,0,A
3,fashion,96,emotion,ridge,0.024884891029273565,-0.00150337684909939,-0.36963022777930954,-0.37436445976816973,10,0,A
3,fashion,107,population,ridge,,0.09397143846605029,0.14463631810528388,0.18320757311856753,10,0,A
3,fashion,107,identity,ridge,0.005126719463341447,2.5622338015391203e-05,0.024850066999570375,0.056109426415317146,10,0,A
3,fashion,107,pca,ridge,7.999870859667278e-05,2.0232593910511124e-06,0.08298235946163919,0.07528517974345945,10,0,A
3,fashion,107,emotion,ridge,0.024960625936042723,0.0025490937944066924,0.22007933588242265,0.19323506174310048,10,0,A
3,fashion,122,population,ridge,,0.10234340633297873,0.20403996724434686,0.23890154506095918,10,0,A
3,fashion,122,identity,ridge,0.005126694147600933,0.00013450141169736002,0.2412658476710263,0.2480251921296185,10,0,A
3,fashion,122,pca,ridge,7.999852756551643e-05,3.039983669831232e-06,0.15838558558898522,0.1751509157939203,10,0,A
3,fashion,122,emotion,ridge,0.02493307619428169,0.0033754246107861336,0.2684076284133896,0.2335046174491034,10,0,A
3,fashion,123,population,ridge,,0.3424687177639504,0.5207961689335803,0.4903634843881374,10,0,A
3,fashion,123,identity,ridge,0.0051266652938030165,0.0002317097071524208,0.24190946878402364,0.3507798207491951,10,0,A
3,fashion,123,pca,ridge,7.999848687586601e-05,1.1153311868620575e-05,0.24989775653826246,0.33513800013354667,10,0,A
3,fashion,123,emotion,ridge,0.02494190540888426,0.010457282320914882,0.4910033724665136,0.48083774625287296,10,0,A
3,fashion,132,population,ridge,,0.10872750045427722,0.320983326228333,0.3446416264081057,10,0,A
3,fashion,132,identity,ridge,0.005126564624592746,3.460969882952204e-05,0.17150871605521317,0.16881837871443348,10,0,A
3,fashion,132,pca,ridge,7.999860650763616e-05,3.1738284775007916e-06,0.2359237373051167,0.2566193585731057,10,0,A
3,fashion,132,emotion,ridge,0.024922920655425285,0.0012626949510838065,0.21622207055919088,0.2661360059776029,10,0,A
3,fashion,140,population,ridge,,0.2190011203434533,0.4337019494954459,0.5018786463150113,10,0,A
3,fashion,140,identity,ridge,0.005126782587172216,6.571560751678921e-05,0.10832754203748039,0.20494705536512092,10,0,A
3,fashion,140,pca,ridge,7.999854613465227e-05,6.573489975159949e-06,0.3200853592933869,0.3860202294460015,10,0,A
3,fashion,140,emotion,ridge,0.024938039418626157,0.004636559313169944,0.29785176793488055,0.3742706264227205,10,0,A
3,fashion,141,population,ridge,,0.15518054323758418,0.2781054286756945,0.2766190660747313,10,0,A
3,fashion,141,identity,ridge,0.005126810789980672,0.00011968991689634722,0.20548985870880992,0.22580848695251807,10,0,A
3,fashion,141,pca,ridge,7.999874374234576e-05,1.2338457468533458e-06,0.045105049412203516,0.048367123244873404,10,0,A
3,fashion,141,emotion,ridge,0.024961911196209625,0.006537870010777391,0.3033784946935808,0.2910002850187472,10,0,A
3,landscape,0,population,ridge,,0.13620800230185603,0.4186627111782382,0.3835078344761208,10,0,A
3,landscape,0,identity,ridge,0.48286945303425194,0.01843016382949664,0.48332410823810124,0.4269061077888456,10,0,A
3,landscape,0,pca,ridge,2.9834628586805843,0.30040473206309554,0.3717534461332764,0.3885068668811157,10,0,A
3,landscape,0,emotion,ridge,0.024938988875562004,0.00672403871665225,0.40348910113198205,0.38844464352775565,10,0,A
3,landscape,9,population,ridge,,0.4747261773444269,0.4760969923426796,0.5779612414274162,10,0,A
3,landscape,9,identity,ridge,0.48227194437754395,0.005894203679115904,0.3066931721330583,0.30875585645536485,10,0,A
3,landscape,9,pca,ridge,3.1175209117843505,0.10391180225240802,0.32676471481192343,0.4119894716557731,10,0,A
3,landscape,9,emotion,ridge,0.024917369377557664,0.00209382227616167,0.4576311730781237,0.5478393625256747,10,0,A
3,landscape,10,population,ridge,,0.22886254062593497,0.6577501465600177,0.6586142813280771,10,0,A
3,landscape,10,identity,ridge,0.4818845793037867,0.0013991646336300326,-0.03191583653770422,0.050512575243343544,10,0,A
3,landscape,10,pca,ridge,3.0485993919562,0.23135253594652147,0.24460649567317172,0.28492623800995487,10,0,A
3,landscape,10,emotion,ridge,0.024957292743162385,0.0016437410792592443,0.5676319639435861,0.531132125156962,10,0,A
3,landscape,11,population,ridge,,0.2805766128234383,0.39530747793777665,0.4676452678432116,10,0,A
3,landscape,11,identity,ridge,0.48212490034618527,0.0009082807338474197,0.01809401900762834,0.02183482847829666,10,0,A
3,landscape,11,pca,ridge,3.0738062208300563,0.2975952783697776,0.29132849677404865,0.3302741667143828,10,0,A
3,landscape,11,emotion,ridge,0.024961936445692563,0.011611994431777637,0.33072119755632395,0.3632018576379766,10,0,A
3,landscape,24,population,ridge,,0.1561297966577672,0.199458076190627,0.19450245478172312,10,0,A
3,landscape,24,identity,ridge,0.48340394300898903,-0.00042567475480924664,-0.03250627566025625,-0.011160178530153681,10,0,A
3,landscape,24,pca,ridge,3.458810869896724,0.1065966352363751,0.12716800046856463,0.13567424970184963,10,0,A
3,landscape,24,emotion,ridge,0.025009644814247563,0.000888994173116143,0.1614532265380886,0.22969722994450886,10,0,A
3,landscape,28,population,ridge,,0.23431581679518892,0.323870120202155,0.35558475288279234,10,0,A
3,landscape,28,identity,ridge,0.4834246964133163,0.002531521158637789,0.05831729105600268,0.06564430086026395,10,0,A
3,landscape,28,pca,ridge,2.977199948713275,0.254961284127981,0.36663613364322367,0.3620509770645699,10,0,A
3,landscape,28,emotion,ridge,0.02498907744243458,0.007318060840202271,0.2732300421459299,0.29810889177651,10,0,A
3,landscape,31,population,ridge,,0.08522189880608026,0.42198894895467076,0.24448432841022535,10,0,A
3,landscape,31,identity,ridge,0.48302495849185556,0.004586218072198221,0.10214364877027034,0.18270051820087294,10,0,A
3,landscape,31,pca,ridge,3.322371313095678,0.049980961559103386,-0.06420457922702708,0.0661365535156352,10,0,A
3,landscape,31,emotion,ridge,0.02497332332515502,-0.0020696093587146817,-0.34017163029056446,-0.1220246020654442,10,0,A
3,landscape,32,population,ridge,,0.3048618919152446,0.5501876754006574,0.5593037760963196,10,0,A
3,landscape,32,identity,ridge,0.48301336271523276,0.002105946296352768,-0.0002446801011298841,0.0728463002615262,10,0,A
3,landscape,32,pca,ridge,3.1330083410797425,0.20422505495011506,0.39070518548419897,0.40489025667128326,10,0,A
3,landscape,32,emotion,ridge,0.025002181397051074,0.009192574972467234,0.5740195172507081,0.6101902336640282,10,0,A
3,landscape,36,population,ridge,,0.357983487602394,0.5504822795845599,0.5713087173090629,10,0,A
3,landscape,36,identity,ridge,0.48279058199949715,0.025354995205300435,0.5203855400114595,0.5238191819019261,10,0,A
3,landscape,36,pca,ridge,3.071182294831818,0.38054076938149983,0.547105087685268,0.5281648059641562,10,0,A
3,landscape,36,emotion,ridge,0.024955850850935032,0.014708372687857942,0.6623269289552227,0.6614741430043887,10,0,A
3,landscape,42,population,ridge,,0.3490067602922093,0.5334084587475573,0.5172401522468544,10,0,A
3,landscape,42,identity,ridge,0.4829457264930004,0.006036963574933118,0.2417595696308598,0.19263268994200802,10,0,A
3,landscape,42,pca,ridge,3.259318546910459,0.11148143549644593,0.2114187181884525,0.1934033566373746,10,0,A
3,landscape,42,emotion,ridge,0.024961747738824588,0.005526615637980934,0.5162526417406926,0.49571303174448783,10,0,A
3,landscape,47,population,ridge,,0.4283260219518809,0.5352790384534273,0.5966397046669683,10,0,A
3,landscape,47,identity,ridge,0.4830740394382925,0.01800858170466801,0.36356874016303004,0.3918117485125755,10,0,A
3,landscape,47,pca,ridge,3.1302718713496778,0.38836175777329407,0.46521161375699543,0.5031638155021307,10,0,A
3,landscape,47,emotion,ridge,0.02500967664816713,0.01214210550418068,0.5317205354824353,0.6301073348292175,10,0,A
3,landscape,54,population,ridge,,0.1579107864488189,0.24150847385900387,0.2737729071748979,10,0,A
3,landscape,54,identity,ridge,0.4830973817046059,-0.004878973598242818,-0.19816209294699294,-0.25751418723271846,10,0,A
3,landscape,54,pca,ridge,3.252738729771853,-0.10648500318450826,-0.1795418198893305,-0.1760923158309906,10,0,A
3,landscape,54,emotion,ridge,0.024968988947022867,0.0005152496495864687,0.12615361150177806,0.15102492375785154,10,0,A
3,landscape,55,population,ridge,,0.4516208508424394,0.6181648556261546,0.6361388085057069,10,0,A
3,landscape,55,identity,ridge,0.48268018585242456,0.01734525508437024,0.3419444971044469,0.37581749880756,10,0,A
3,landscape,55,pca,ridge,3.12257710609183,0.5113279718228282,0.5514464032978372,0.5783433098423842,10,0,A
3,landscape,55,emotion,ridge,0.024968232719075802,0.01357348712867564,0.5998197670202313,0.6083859918581423,10,0,A
3,landscape,59,population,ridge,,0.2622664980956364,0.49352787431042633,0.4740020691636403,10,0,A
3,landscape,59,identity,ridge,0.4837213998314383,0.0024270072273415754,0.15920254010013754,0.11256582870819203,10,0,A
3,landscape,59,pca,ridge,3.11559093817636,0.09182502218898154,0.24013905726072357,0.21910281631529704,10,0,A
3,landscape,59,emotion,ridge,0.024955356779188784,0.004576997988329159,0.44191543792312366,0.43433263002978095,10,0,A
3,landscape,60,population,ridge,,0.5138294231959575,0.8024150149313478,0.7527818969242978,10,0,A
3,landscape,60,identity,ridge,0.4833136922572317,0.022040236671522155,0.5975045692423046,0.5814171230591767,10,0,A
3,landscape,60,pca,ridge,2.8310178005761135,0.4119848205475824,0.6408161872109703,0.6334520635608747,10,0,A
3,landscape,60,emotion,ridge,0.02497978139217905,0.009118961057378272,0.7949272436893073,0.7470344053367808,10,0,A
3,landscape,67,population,ridge,,0.39504180382264453,0.46228772936860213,0.4534440257365465,10,0,A
3,landscape,67,identity,ridge,0.4818152588701442,0.003923157292910282,0.11591984651020025,0.10782724287825125,10,0,A
3,landscape,67,pca,ridge,2.9490779886357146,0.13120239826105054,0.1179815600986431,0.17392767122593955,10,0,A
3,landscape,67,emotion,ridge,0.02494192826548985,0.0103791686828303,0.47275092582994965,0.4426386180701334,10,0,A
3,landscape,68,population,ridge,,0.2004318495843631,0.3368332548786953,0.33519939666552034,10,0,A
3,landscape,68,identity,ridge,0.4830498089876695,0.004903782384319275,0.2311698774022801,0.16108019952104768,10,0,A
3,landscape,68,pca,ridge,3.1402687534319194,0.1350412940251619,0.22817091683057486,0.16217466280511886,10,0,A
3,landscape,68,emotion,ridge,0.024943826117793097,0.004476215255513625,0.4111574943807906,0.39402679994727696,10,0,A
3,landscape,75,population,ridge,,0.27810144327677483,0.4443434437352558,0.42292416007960887,10,0,A
3,landscape,75,identity,ridge,0.4815645300158594,-0.0017166384038363259,-0.07235940267870272,-0.1008693871968572,10,0,A
3,landscape,75,pca,ridge,2.9495373770288857,0.027005997456707415,0.13468930904998005,0.09061022872514486,10,0,A
3,landscape,75,emotion,ridge,0.024910035912121507,0.0010367503951057334,0.34436354337222963,0.3186275190990851,10,0,A
3,landscape,76,population,ridge,,0.35170387834169275,0.4614694682186852,0.48414772370621845,10,0,A
3,landscape,76,identity,ridge,0.4834805467708978,0.013898577623938197,0.2895779831536355,0.30011663323653415,10,0,A
3,landscape,76,pca,ridge,3.1225112251257903,0.32695420292882366,0.38334609198433645,0.4264299785133212,10,0,A
3,landscape,76,emotion,ridge,0.024968137997065865,0.010152100249966425,0.4501872091347773,0.44830531990655814,10,0,A
3,landscape,82,population,ridge,,0.3543407072538566,0.4948310782318455,0.4903474210165291,10,0,A
3,landscape,82,identity,ridge,0.4830777022526045,0.008882714893776502,0.18352223687853209,0.17118124236587978,10,0,A
3,landscape,82,pca,ridge,3.4389612211776646,0.2038004670436737,0.26631498537646736,0.27714580676480943,10,0,A
3,landscape,82,emotion,ridge,0.024943862356939375,0.008046878514406478,0.48256923910302035,0.4483636696428016,10,0,A
3,landscape,84,population,ridge,,0.35169539658233967,0.5582056795549317,0.5528837107900908,10,0,A
3,landscape,84,identity,ridge,0.4827637617834639,0.011624453042100549,0.3133848921135026,0.3504518354337484,10,0,A
3,landscape,84,pca,ridge,3.073429199309828,0.4149505676727156,0.5810093661534561,0.5678719641346407,10,0,A
3,landscape,84,emotion,ridge,0.024975927450046308,0.0078359825855708,0.5345347386562397,0.5679340456462447,10,0,A
3,landscape,88,population,ridge,,0.4653477546407398,0.718731598216922,0.7092757422396666,10,0,A
3,landscape,88,identity,ridge,0.4812361610218613,0.03665422216341212,0.5385227020202493,0.5151022672734037,10,0,A
3,landscape,88,pca,ridge,2.889578957848271,0.4296066722367716,0.6030612667998886,0.5697272250292486,10,0,A
3,landscape,88,emotion,ridge,0.02486852865289642,0.015462159628117587,0.6326638685373273,0.6281463100916341,10,0,A
3,landscape,95,population,ridge,,0.2746588299295989,0.4369935462595325,0.5108264704172276,10,0,A
3,landscape,95,identity,ridge,0.48242267003279893,-0.0028163000329118793,-0.010147675235976912,-0.07702191382638751,10,0,A
3,landscape,95,pca,ridge,2.9784137167722156,-0.1493709204361106,-0.2144872038901851,-0.2043225754567419,10,0,A
3,landscape,95,emotion,ridge,0.024951129071865336,-0.00625475290846062,-0.3697713854280366,-0.3871364978994619,10,0,A
3,landscape,96,population,ridge,,0.37442688851757727,0.5163954033939346,0.529826730836348,10,0,A
3,landscape,96,identity,ridge,0.483517014281554,0.020972753815619333,0.42187903577014796,0.4150038135171955,10,0,A
3,landscape,96,pca,ridge,2.961266860702074,0.3114081491470525,0.45597828114254724,0.45317405412843553,10,0,A
3,landscape,96,emotion,ridge,0.024989437565097,0.009973673006309141,0.5548066172945297,0.5485749451134597,10,0,A
3,landscape,107,population,ridge,,0.15925681877536227,0.2459956761094593,0.2061127323367081,10,0,A
3,landscape,107,identity,ridge,0.4817709398702026,-0.002924633144010767,-0.028723598102381627,-0.13413857177480842,10,0,A
3,landscape,107,pca,ridge,3.196773946612692,-0.0965347887906667,-0.1356890806190632,-0.1614232683050542,10,0,A
3,landscape,107,emotion,ridge,0.02501992588305779,0.00024140810515711737,0.07026310716363839,0.081806891912176,10,0,A
3,landscape,122,population,ridge,,0.3025538427651165,0.540655737582069,0.5663726659543691,10,0,A
3,landscape,122,identity,ridge,0.4812102449706247,0.012802618495824756,0.3929747916923841,0.3967570665979462,10,0,A
3,landscape,122,pca,ridge,2.962438664009389,0.301653445522785,0.530018751529713,0.5226201402283878,10,0,A
3,landscape,122,emotion,ridge,0.024972868519429467,0.007655891177041949,0.5226470728236617,0.5939146972055243,10,0,A
3,landscape,123,population,ridge,,0.4072345420281917,0.6606366823765033,0.6330599016632072,10,0,A
3,landscape,123,identity,ridge,0.48284678105621687,0.03507594130266973,0.5810478572772687,0.5645353632354864,10,0,A
3,landscape,123,pca,ridge,3.355152762713435,0.5813965514124033,0.6278619053325327,0.6281307829780092,10,0,A
3,landscape,123,emotion,ridge,0.024933076487188365,0.01950179304942072,0.6667665049307301,0.6614845018127739,10,0,A
3,landscape,132,population,ridge,,0.0689310698119935,0.27407396128981615,0.3384805311355312,10,0,A
3,landscape,132,identity,ridge,0.483162628138339,-0.001398995994513202,-0.018934911569013044,-0.03418685104759247,10,0,A
3,landscape,132,pca,ridge,3.2212840649084624,0.2318688297657319,0.18945064336610368,0.2798611080141341,10,0,A
3,landscape,132,emotion,ridge,0.025018331326760932,0.0077683657462763655,0.2596570313016132,0.2870855626465305,10,0,A
3,landscape,140,population,ridge,,0.23295297610234272,0.47034245332029995,0.366884121505941,10,0,A
3,landscape,140,identity,ridge,0.481966097108291,0.013256066602355622,0.3024092369500902,0.2840131570597864,10,0,A
3,landscape,140,pca,ridge,3.2965265647787456,0.1903996995009666,0.343832431738117,0.2721211558724764,10,0,A
3,landscape,140,emotion,ridge,0.024902677953266814,0.0033677302656244055,0.4464942438209432,0.3298122089388525,10,0,A
3,landscape,141,population,ridge,,0.36631844046193535,0.5190558595130934,0.504226797134563,10,0,A
3,landscape,141,identity,ridge,0.4827177469807817,0.013459897308355088,0.3858829467559469,0.3374573227985972,10,0,A
3,landscape,141,pca,ridge,3.1004814668755385,0.3304181325727232,0.4705841042718898,0.41493965372386094,10,0,A
3,landscape,141,emotion,ridge,0.02491407017780388,0.0074982587823823775,0.4139010147239115,0.4002407570256088,10,0,A
4,art,1,population,ridge,,0.34591368808905604,0.37612570655572103,0.38468463003377745,10,0,A
4,art,1,identity,ridge,7.541894699840561,0.13488826601589776,0.3957456263527815,0.3802248739000915,10,0,A
4,art,1,pca,ridge,0.025139769781822953,0.0023280571981172627,0.37622869826069244,0.36991851429788886,10,0,A
4,art,1,emotion,ridge,0.007964125866590786,0.002152563425191856,0.4269006171066439,0.42746470329792163,10,0,A
4,art,2,population,ridge,,0.4805622053841326,0.7873181898444129,0.7423195503184301,10,0,A
4,art,2,identity,ridge,7.417373716123694,0.3844289297828125,0.5987053885315786,0.5263414639186828,10,0,A
4,art,2,pca,ridge,0.025165346792157584,0.0061962379655974495,0.739507153344213,0.6817583584496226,10,0,A
4,art,2,emotion,ridge,0.007962792520205953,0.0057503080766782375,0.7602103747570723,0.7444237912722544,10,0,A
4,art,12,population,ridge,,0.40713794552929367,0.5077032044344681,0.4995704194893714,10,0,A
4,art,12,identity,ridge,7.4823883133978635,0.23665720920459776,0.2705729714379116,0.2912440382000895,10,0,A
4,art,12,pca,ridge,0.025111466511647605,0.003858954855254452,0.31194699376943696,0.3103432237788745,10,0,A
4,art,12,emotion,ridge,0.007961447852110719,0.0074309660395850685,0.6430402078852087,0.6205251916725327,10,0,A
4,art,13,population,ridge,,0.2628191404549479,0.40268344706643516,0.4344863006757111,10,0,A
4,art,13,identity,ridge,7.531438972881017,0.16563673873794876,0.37599134311956006,0.36949360379070273,10,0,A
4,art,13,pca,ridge,0.02511344090245208,0.002480091577934138,0.5741006283766423,0.539481024324516,10,0,A
4,art,13,emotion,ridge,0.00796244615813405,0.0007267913606992693,0.4055730509799501,0.4310056886465347,10,0,A
4,art,26,population,ridge,,0.334832171248243,0.4485805304540108,0.420486802058425,10,0,A
4,art,26,identity,ridge,7.517736440137062,0.16495128864731773,0.22053540587610687,0.21700395522202745,10,0,A
4,art,26,pca,ridge,0.025170759612153447,0.002115945178098129,0.2689981238983705,0.22455243053648077,10,0,A
4,art,26,emotion,ridge,0.007969433137217874,0.000919800383044138,0.3364353978405081,0.2972849596347797,10,0,A
4,art,29,population,ridge,,0.2789905106617457,0.32442617288488834,0.3399597820816382,10,0,A
4,art,29,identity,ridge,7.517206341191725,0.08493676590768262,0.1607462390751754,0.1768271452469859,10,0,A
4,art,29,pca,ridge,0.025127230972567027,0.001796832404484129,0.4407117624487109,0.4290395714844061,10,0,A
4,art,29,emotion,ridge,0.007962377018876986,0.00038841672871570387,0.2690400395345683,0.22584111821711164,10,0,A
4,art,34,population,ridge,,0.2802861637695987,0.6266138095529693,0.6269887555256604,10,0,A
4,art,34,identity,ridge,7.460361410062361,0.1859631399176934,0.485580088350365,0.47919298845984576,10,0,A
4,art,34,pca,ridge,0.025163398700865192,0.0012390409868652675,0.2797004428885214,0.2791025307966888,10,0,A
4,art,34,emotion,ridge,0.00796887938559834,0.0018839302494253257,0.6366735574988892,0.6352237800592082,10,0,A
4,art,38,population,ridge,,0.3780808093583739,0.6213089799401921,0.6094974344799775,10,0,A
4,art,38,identity,ridge,7.497309470821481,0.2834387429763487,0.5186391894991134,0.5138769814111142,10,0,A
4,art,38,pca,ridge,0.025133606462025046,0.0034155056614247016,0.5367141669193224,0.5396230492449852,10,0,A
4,art,38,emotion,ridge,0.007968865781741205,0.0021044352755801355,0.6464376070853607,0.6141312458781789,10,0,A
4,art,43,population,ridge,,0.18888501294619772,0.3190238946588173,0.3479754494256927,10,0,A
4,art,43,identity,ridge,7.544908046085469,0.004139954773077324,0.040649344882839784,0.010532094917556353,10,0,A
4,art,43,pca,ridge,0.02516357551622746,-0.0002809578514825111,0.0015182285438169075,-0.08070313352446017,10,0,A
4,art,43,emotion,ridge,0.007971125225040895,-0.0002105778481503385,-0.1393342002309388,-0.11447411871245046,10,0,A
4,art,48,population,ridge,,0.4244172916721766,0.6665161890592995,0.6584588028528588,10,0,A
4,art,48,identity,ridge,7.460620409008621,0.027878170994486452,0.055105862192177474,0.08945514175354538,10,0,A
4,art,48,pca,ridge,0.02513752703613773,0.001778525524995388,0.21169671970268888,0.24267764961934865,10,0,A
4,art,48,emotion,ridge,0.007967912659352842,0.0019508152135569753,0.617587674408238,0.6255683864130748,10,0,A
4,art,49,population,ridge,,0.3438101068026812,0.5250725532488049,0.5186101835548991,10,0,A
4,art,49,identity,ridge,7.463003435733533,0.1088716935809116,0.22771609223412748,0.23173622970477087,10,0,A
4,art,49,pca,ridge,0.02512407690480014,0.000842703195006243,0.16935271498906443,0.11798849582304037,10,0,A
4,art,49,emotion,ridge,0.007961458402981155,0.0025625699957431743,0.4789753773230432,0.44146445930383454,10,0,A
4,art,56,population,ridge,,0.045490584844676045,0.08793057682232729,0.1685192335018076,10,0,A
4,art,56,identity,ridge,7.466595070195832,-0.06399078756930737,-0.3680619975624277,-0.28767744636365017,10,0,A
4,art,56,pca,ridge,0.02514884556461068,-0.0005248573546657548,-0.17549455802955255,-0.29532245242414473,10,0,A
4,art,56,emotion,ridge,0.007965929029516955,0.00010931677845998798,-0.007279541499882961,0.13389853384847655,10,0,A
4,art,61,population,ridge,,0.2588673507052779,0.4198381239277841,0.43186809016611066,10,0,A
4,art,61,identity,ridge,7.504604159515123,0.045985305225788115,0.07091758538213913,0.11315306698237883,10,0,A
4,art,61,pca,ridge,0.02513121932213986,0.0017057904238405631,0.3640168562260014,0.3716364305859942,10,0,A
4,art,61,emotion,ridge,0.007961597196338982,0.0011016303534736565,0.285826958340036,0.3404119127232664,10,0,A
4,art,72,population,ridge,,0.18157576945011786,0.4682371698942248,0.44758369298150363,10,0,A
4,art,72,identity,ridge,7.55859458444564,0.19045166546674583,0.37523764259006054,0.3523955244556067,10,0,A
4,art,72,pca,ridge,0.02512482090111396,0.0022486363623257046,0.3111945597466248,0.252268127543654,10,0,A
4,art,72,emotion,ridge,0.007967312867272688,0.0021448895786457096,0.4324029468868861,0.4280499563640809,10,0,A
4,art,77,population,ridge,,0.326171557974216,0.5115310594777744,0.48963741411930023,10,0,A
4,art,77,identity,ridge,7.5158014557933495,0.23564726506224087,0.33909096059210564,0.338391388692402,10,0,A
4,art,77,pca,ridge,0.02511695695782344,0.0031444137391889405,0.29055043347393034,0.31047230683924887,10,0,A
4,art,77,emotion,ridge,0.007966482154634942,0.0033296161045634548,0.3737274223481941,0.39405937947187475,10,0,A
4,art,78,population,ridge,,0.3318857181653592,0.59660049698074,0.5960709436965724,10,0,A
4,art,78,identity,ridge,7.550958331032729,0.363653672654499,0.571770880921426,0.5864974129107143,10,0,A
4,art,78,pca,ridge,0.02516435027492552,0.004424715992733704,0.651383300667163,0.6436178420586286,10,0,A
4,art,78,emotion,ridge,0.007964134505849754,0.00266680825613904,0.5344279266099974,0.5853644660234346,10,0,A
4,art,89,population,ridge,,0.2539346035128726,0.4935470497048554,0.49108269165867013,10,0,A
4,art,89,identity,ridge,7.523430803850495,0.2856330282560227,0.30715079739211015,0.3922791223341655,10,0,A
4,art,89,pca,ridge,0.025158397709152097,0.004089399138504943,0.42936628607068317,0.4437744686994675,10,0,A
4,art,89,emotion,ridge,0.007964859664950594,0.004325091473052479,0.5360151688128675,0.5289089309949369,10,0,A
4,art,90,population,ridge,,0.23569683761143145,0.4074384680532844,0.3905626193642252,10,0,A
4,art,90,identity,ridge,7.528843620490695,0.12426479381388884,0.2502829185559065,0.24538881656473965,10,0,A
4,art,90,pca,ridge,0.02514669730079457,-9.587256934838415e-05,-0.05645441901728888,-0.013290254332317937,10,0,A
4,art,90,emotion,ridge,0.007968313030259584,-0.0003045726342564713,-0.14375198487632693,-0.12509371027557042,10,0,A
4,art,97,population,ridge,,0.3435841384661578,0.4422177687194491,0.4366269962065136,10,0,A
4,art,97,identity,ridge,7.442529339779931,0.02857351013361095,0.06772387264721567,0.06650983613399623,10,0,A
4,art,97,pca,ridge,0.02511807180750686,0.001251221237356096,0.17861794048857033,0.17124840014273526,10,0,A
4,art,97,emotion,ridge,0.00796955209625325,0.0011500432029977795,0.42973967034165605,0.41479705357052976,10,0,A
4,art,103,population,ridge,,0.401604551981661,0.6525610081142803,0.6926460772030445,10,0,A
4,art,103,identity,ridge,7.523262475872064,0.423686669166899,0.5902506685483566,0.5747367922616994,10,0,A
4,art,103,pca,ridge,0.025158309472042582,0.0065301762033161724,0.5652865901966244,0.6591868649436982,10,0,A
4,art,103,emotion,ridge,0.007968756990110182,0.0070052108058501076,0.7003422540794958,0.7023904331070736,10,0,A
4,art,108,population,ridge,,0.13202822829313907,0.3038819974429313,0.29046024888034283,10,0,A
4,art,108,identity,ridge,7.473116633866357,-0.06851870334636599,-0.11968550642874072,-0.12348815253896289,10,0,A
4,art,108,pca,ridge,0.025147229745159122,-0.0013661987752249375,-0.28848676632554143,-0.26468626122180494,10,0,A
4,art,108,emotion,ridge,0.007964124126427415,0.0009780036365110384,0.2690689103032852,0.29305277838777566,10,0,A
4,art,114,population,ridge,,0.21584481706458494,0.564642084977483,0.564983986224604,10,0,A
4,art,114,identity,ridge,7.5194657509085525,0.04725291622233398,0.17819615830725957,0.19685165535353025,10,0,A
4,art,114,pca,ridge,0.02511194595093509,0.00048359010022301673,0.06707688954866886,0.08579356957994207,10,0,A
4,art,114,emotion,ridge,0.00797022244289627,-0.0013834745566637758,-0.4590590075449431,-0.49549706561904816,10,0,A
4,art,115,population,ridge,,0.06982202481154287,0.15536579790073365,0.12958750480666445,10,0,A
4,art,115,identity,ridge,7.461377657375809,0.06538362543521806,0.21200834013462772,0.1933516407032853,10,0,A
4,art,115,pca,ridge,0.02515266529856002,0.0011066975429619922,0.25848732022581894,0.21597617333972954,10,0,A
4,art,115,emotion,ridge,0.007966123689556502,0.0006678121614192524,0.2595571688724192,0.21225412762071832,10,0,A
4,art,124,population,ridge,,0.3696392464143139,0.44369443818522863,0.5078430472769144,10,0,A
4,art,124,identity,ridge,7.4697261924596905,0.22528611069882012,0.4232509225692407,0.4837996545890519,10,0,A
4,art,124,pca,ridge,0.025140666019580832,0.004424158842157862,0.4929492809561016,0.5412587179787777,10,0,A
4,art,124,emotion,ridge,0.007965989114809615,0.0026826585647661085,0.4939013074186108,0.53789531577164,10,0,A
4,art,134,population,ridge,,0.3657188776412316,0.5687143766086873,0.5927199771820112,10,0,A
4,art,134,identity,ridge,7.477061476913875,0.044817759762276234,0.03955288796265164,0.09473675181584906,10,0,A
4,art,134,pca,ridge,0.02514712735023685,0.0009658534661777223,0.2419966856295237,0.2392597630792141,10,0,A
4,art,134,emotion,ridge,0.007966346171453422,0.0024005023970456387,0.5741325804391874,0.5579625951217984,10,0,A
4,art,135,population,ridge,,0.043147322294685354,-0.039917865396178205,0.05620828569906918,10,0,A
4,art,135,identity,ridge,7.554925943777115,0.11635347254398377,0.2747377326699083,0.21728280107024323,10,0,A
4,art,135,pca,ridge,0.025123708647852027,0.0015350176738466303,0.14959119254527387,0.15267186826365348,10,0,A
4,art,135,emotion,ridge,0.00796087472181933,-0.00025469163785133244,-0.13910771274425737,-0.22875932101146684,10,0,A
4,art,142,population,ridge,,0.35793970057828567,0.5960540443362268,0.6290219856011734,10,0,A
4,art,142,identity,ridge,7.491384129017863,0.4670107224006908,0.5707625852706497,0.5536206404351525,10,0,A
4,art,142,pca,ridge,0.025124273359332816,0.00893487985289973,0.613203383783107,0.5749243183463962,10,0,A
4,art,142,emotion,ridge,0.007959843088991614,0.007529217708111313,0.48287858163634045,0.5535571285098893,10,0,A
4,art,143,population,ridge,,0.42308206411177773,0.7307969917596163,0.723086484695963,10,0,A
4,art,143,identity,ridge,7.540792606671252,0.2757407432136476,0.5996683428876237,0.5988335155373732,10,0,A
4,art,143,pca,ridge,0.025132723891236265,0.005444539841029476,0.5425710153177572,0.513638400283546,10,0,A
4,art,143,emotion,ridge,0.007960452542444787,0.005571488962873154,0.7655922007829622,0.7806331101332403,10,0,A
4,fashion,1,population,ridge,,0.20967548278373474,0.2626094803577995,0.24932242736751423,10,0,A
4,fashion,1,identity,ridge,0.005126723401206063,0.0003322679167218301,0.42329671104204536,0.502509042400733,10,0,A
4,fashion,1,pca,ridge,0.025150240680388247,0.004731986236095028,0.48572756043336657,0.5180503815177145,10,0,A
4,fashion,1,emotion,ridge,0.22416281560808432,0.041229708618973085,0.2778839319437545,0.2911807511821897,10,0,A
4,fashion,2,population,ridge,,0.24336887895455558,0.5426076978658969,0.551798857283268,10,0,A
4,fashion,2,identity,ridge,0.005126797129111739,-2.796153632878732e-06,-0.004242241935117848,-0.010985916048609394,10,0,A
4,fashion,2,pca,ridge,0.025159970130044753,-0.00017500678726817837,-0.06877422807755756,-0.05612536429756422,10,0,A
4,fashion,2,emotion,ridge,0.22304117129625645,-0.002606896855671433,-0.142239876648069,-0.14060398867728371,10,0,A
4,fashion,12,population,ridge,,0.14142360674833487,0.17628148726108037,0.20011149684547402,10,0,A
4,fashion,12,identity,ridge,0.005126826374211965,0.00016018638463902667,0.29965833573361195,0.3360339026904719,10,0,A
4,fashion,12,pca,ridge,0.025172420184289394,0.0030475751908661227,0.3308559185306761,0.3403508219989554,10,0,A
4,fashion,12,emotion,ridge,0.2268744745964346,0.04246686199621534,0.21424359448339775,0.25629484564402,10,0,A
4,fashion,13,population,ridge,,0.27780223551812866,0.38618596334584365,0.38754241596285105,10,0,A
4,fashion,13,identity,ridge,0.005126802280785969,5.744971635280804e-05,0.2801110441648461,0.2751957758874231,10,0,A
4,fashion,13,pca,ridge,0.02512823857024646,0.001968288629656431,0.44974181786212963,0.47995379916071484,10,0,A
4,fashion,13,emotion,ridge,0.22273047578394273,0.022192610728366223,0.42870502801055527,0.40658941535568877,10,0,A
4,fashion,26,population,ridge,,0.3138810883035871,0.42669459075318905,0.44340326213781356,10,0,A
4,fashion,26,identity,ridge,0.005126787411264969,5.6470527646433944e-05,0.16123057429431872,0.16235039313536226,10,0,A
4,fashion,26,pca,ridge,0.025141772831080794,0.0008129417867395627,0.19238428626586834,0.14253397029324053,10,0,A
4,fashion,26,emotion,ridge,0.22829202583805164,0.03552965767668552,0.4250256418975704,0.40082418784769996,10,0,A
4,fashion,29,population,ridge,,0.12622475842700703,0.27441175201389295,0.20419069193095737,10,0,A
4,fashion,29,identity,ridge,0.005126868558240611,9.899259391702578e-05,0.34294909149183217,0.33657511575731763,10,0,A
4,fashion,29,pca,ridge,0.025150593057988172,0.0010831649877633322,0.14667830309405827,0.1787793170185189,10,0,A
4,fashion,29,emotion,ridge,0.2249557065133432,0.03150467374528141,0.21427102380430768,0.1598819492302266,10,0,A
4,fashion,34,population,ridge,,0.2085082694308178,0.39343500837419465,0.3908570019250358,10,0,A
4,fashion,34,identity,ridge,0.005126882999877375,8.36193705522478e-05,0.20158106280720317,0.22907788197290044,10,0,A
4,fashion,34,pca,ridge,0.025160857827334526,0.0023964104635718266,0.3613208574856562,0.40286776697593335,10,0,A
4,fashion,34,emotion,ridge,0.22404251059131125,0.05078322344535524,0.4286285983890312,0.4237513469895062,10,0,A
4,fashion,38,population,ridge,,0.23068176733534398,0.43760691653386474,0.43756180388543825,10,0,A
4,fashion,38,identity,ridge,0.005126803584856151,0.00010608466271463085,0.17997077243036871,0.19891243241638304,10,0,A
4,fashion,38,pca,ridge,0.025151356664049062,0.002975852582074885,0.28409953533983456,0.2864671706481241,10,0,A
4,fashion,38,emotion,ridge,0.22233544223373106,0.05094520138170711,0.3815262103384214,0.39139149881814367,10,0,A
4,fashion,43,population,ridge,,0.3148146055450443,0.48017736263617433,0.49947062445074847,10,0,A
4,fashion,43,identity,ridge,0.005126764845817539,-3.989658881121611e-06,-0.0017760592884929903,-0.011935630415538717,10,0,A
4,fashion,43,pca,ridge,0.02516042351317965,0.0019525158689342838,0.3331097865529075,0.3680968068531716,10,0,A
4,fashion,43,emotion,ridge,0.22913362093590192,0.04997752918985149,0.48698558990873075,0.4991917219529999,10,0,A
4,fashion,48,population,ridge,,0.30640775929577146,0.5253118465882732,0.4793704548058278,10,0,A
4,fashion,48,identity,ridge,0.005126750117756988,3.649318274920932e-05,0.13345787046538113,0.13011411142628385,10,0,A
4,fashion,48,pca,ridge,0.025137414121389704,0.0015884212054925958,0.37067800405642937,0.3125807201598277,10,0,A
4,fashion,48,emotion,ridge,0.22199628893849488,0.020994879190586353,0.4601587976489009,0.41730140537135846,10,0,A
4,fashion,49,population,ridge,,0.0886722663621897,0.1535152677561429,0.15364690414760765,10,0,A
4,fashion,49,identity,ridge,0.005126726879691772,4.939141535081666e-05,0.2709474605487971,0.2412991875638632,10,0,A
4,fashion,49,pca,ridge,0.025165814031913487,0.000462962828482195,0.20032844108360132,0.21291030842696465,10,0,A
4,fashion,49,emotion,ridge,0.23096797142979358,0.0015700382997900335,0.10814941002196414,0.10443603596719069,10,0,A
4,fashion,56,population,ridge,,0.013642708045689166,-0.03334213275882405,0.05378495012661456,10,0,A
4,fashion,56,identity,ridge,0.005126758309267509,-9.53319734806156e-05,-0.11823946556008809,-0.17167014496231092,10,0,A
4,fashion,56,pca,ridge,0.025138268107603202,0.0007382708140357741,0.08105687771909581,0.09395172168207994,10,0,A
4,fashion,56,emotion,ridge,0.2231669595101953,-0.0051171738852109905,-0.04160493005682233,-0.06738387554863207,10,0,A
4,fashion,61,population,ridge,,0.21596593692885208,0.33462609677571353,0.29096794847248825,10,0,A
4,fashion,61,identity,ridge,0.00512676373355253,6.203512322148482e-06,0.054595045847510605,0.014808827450922685,10,0,A
4,fashion,61,pca,ridge,0.02515630383761433,0.0012567705330020476,0.21217506360535746,0.27896531873413744,10,0,A
4,fashion,61,emotion,ridge,0.21755472074249782,0.016908110013323225,0.2713739080027956,0.22933220727260217,10,0,A
4,fashion,72,population,ridge,,0.09412974807944385,0.16739694073439323,0.21378223945642202,10,0,A
4,fashion,72,identity,ridge,0.00512670155710016,-2.1493573082046544e-06,-0.02262650281430359,-0.012435876718529299,10,0,A
4,fashion,72,pca,ridge,0.025118531369733885,0.0007903818174894449,0.23238691743262022,0.2755510722600686,10,0,A
4,fashion,72,emotion,ridge,0.22886237434029133,0.009063334124317968,0.14942307378017372,0.17545895841450473,10,0,A
4,fashion,77,population,ridge,,0.31503255059157736,0.47265405807881455,0.4720868813489165,10,0,A
4,fashion,77,identity,ridge,0.005126652084909549,0.00015502893872661728,0.35884049878128793,0.3206446851464009,10,0,A
4,fashion,77,pca,ridge,0.025145186504846637,0.003536840470915825,0.3581504208990162,0.326488250226602,10,0,A
4,fashion,77,emotion,ridge,0.22183192383321043,0.07929788300093919,0.44179771848580823,0.4656442394011762,10,0,A
4,fashion,78,population,ridge,,0.17668580286144175,0.3525526876701372,0.35624137587572224,10,0,A
4,fashion,78,identity,ridge,0.005126788245168329,8.430482341185947e-05,0.2670490467448964,0.25034315910878935,10,0,A
4,fashion,78,pca,ridge,0.025140321567862934,0.001726714796665415,0.25401373700103663,0.2335672497975552,10,0,A
4,fashion,78,emotion,ridge,0.22584405882589995,0.037174088408076414,0.4002988796821291,0.38357990242740303,10,0,A
4,fashion,89,population,ridge,,0.11572935756615335,0.23907942415087388,0.27374828222418374,10,0,A
4,fashion,89,identity,ridge,0.005126804952316143,6.63011661062984e-05,0.2275070936306977,0.24782706092073759,10,0,A
4,fashion,89,pca,ridge,0.02516541463886777,0.001663774476626985,0.4528474530363411,0.4858159084725599,10,0,A
4,fashion,89,emotion,ridge,0.22124780226437946,0.0022550404917044777,0.13399281423574208,0.11707157546521622,10,0,A
4,fashion,90,population,ridge,,0.19195151050989898,0.34958308482653466,0.36114610726561125,10,0,A
4,fashion,90,identity,ridge,0.005126722317812206,9.249809372269724e-05,0.16122213476431782,0.17303821745743103,10,0,A
4,fashion,90,pca,ridge,0.025156411690308446,0.002469812696880222,0.27065599069577423,0.28288475766142357,10,0,A
4,fashion,90,emotion,ridge,0.2250623705619864,0.08305711955148996,0.3545617883524083,0.3715790394996337,10,0,A
4,fashion,97,population,ridge,,0.44498284190432297,0.5672242325468582,0.5800804145891534,10,0,A
4,fashion,97,identity,ridge,0.005126779796620162,5.3713736848977856e-05,0.11683095538657307,0.17901474327702493,10,0,A
4,fashion,97,pca,ridge,0.02515275012904914,0.0029481644376231912,0.4055171354142422,0.39411269759731155,10,0,A
4,fashion,97,emotion,ridge,0.23033489815652464,0.10351600267136978,0.5346890297809771,0.5468424207602641,10,0,A
4,fashion,103,population,ridge,,0.08410083337288553,0.09463599372887521,0.11005508405861926,10,0,A
4,fashion,103,identity,ridge,0.005126735641865464,-3.1264714771580286e-05,-0.09772736970948126,-0.10004811372044142,10,0,A
4,fashion,103,pca,ridge,0.025152050862973993,0.00013442288854038508,0.004936229388387063,0.022240566878695307,10,0,A
4,fashion,103,emotion,ridge,0.22638592210357883,0.019802791499100372,0.14728910720500385,0.14849236456096912,10,0,A
4,fashion,108,population,ridge,,0.25162130852139986,0.4705486362640686,0.46016688740360806,10,0,A
4,fashion,108,identity,ridge,0.005126757726826894,-3.457391909110175e-05,-0.08707679074169644,-0.10668905601787493,10,0,A
4,fashion,108,pca,ridge,0.025118827407118266,-0.0002960444336438968,-0.14262323762768556,-0.12487595955784592,10,0,A
4,fashion,108,emotion,ridge,0.23039545436692466,0.0024741850341472287,-0.008840283324030097,0.05239255925594539,10,0,A
4,fashion,114,population,ridge,,0.3200093038016307,0.4637698181787697,0.4800568340455809,10,0,A
4,fashion,114,identity,ridge,0.005126711988902764,0.00015379466721516684,0.26500402890977165,0.2846998841967077,10,0,A
4,fashion,114,pca,ridge,0.025155123393480416,0.001641066346547797,0.32056856609493856,0.2889887216384599,10,0,A
4,fashion,114,emotion,ridge,0.22100135476298777,0.037960205171844,0.46080773807147224,0.5089876848636935,10,0,A
4,fashion,115,population,ridge,,0.21588301475192892,0.4117076397500078,0.4449223807501054,10,0,A
4,fashion,115,identity,ridge,0.0051267156683693854,0.00013791883985328233,0.1682118082198526,0.2904456679240307,10,0,A
4,fashion,115,pca,ridge,0.02517580661035028,0.0026333488268234766,0.32342922445107025,0.37816115983359283,10,0,A
4,fashion,115,emotion,ridge,0.22188434615649655,0.06586040945787941,0.35740538699016167,0.40896744429398957,10,0,A
4,fashion,124,population,ridge,,0.22176693705895142,0.3937524829351102,0.4162167633118336,10,0,A
4,fashion,124,identity,ridge,0.005126817543892976,3.6232071400192285e-05,0.10576405093511487,0.08422085382532564,10,0,A
4,fashion,124,pca,ridge,0.025145281387915587,0.0015368607298002009,0.18800184644568646,0.17521600081370137,10,0,A
4,fashion,124,emotion,ridge,0.22762340691497648,0.10545693467103623,0.514298517367062,0.5036794288245371,10,0,A
4,fashion,134,population,ridge,,0.2036080952022222,0.27838777307444074,0.3022196054345464,10,0,A
4,fashion,134,identity,ridge,0.0051267389874200065,0.00021689057654844215,0.42132194619309415,0.38487396051952316,10,0,A
4,fashion,134,pca,ridge,0.025151807673368408,0.003922727817522539,0.294051792046348,0.3209130231666242,10,0,A
4,fashion,134,emotion,ridge,0.22497523594899657,0.09097426451097743,0.3236728535637366,0.3345336649876506,10,0,A
4,fashion,135,population,ridge,,0.04064939373083213,0.06340231263867639,0.06051803894590198,10,0,A
4,fashion,135,identity,ridge,0.005126741334248958,-1.626574197370847e-05,-0.13265945604193458,-0.043358188420516273,10,0,A
4,fashion,135,pca,ridge,0.025160064412158845,-0.0003434963086276504,-0.13025747418979844,-0.06854563771726033,10,0,A
4,fashion,135,emotion,ridge,0.22307560635706886,0.012779745816848749,0.222383486476936,0.1570223969838671,10,0,A
4,fashion,142,population,ridge,,0.13923659761146057,0.39243536378121097,0.3967238574174736,10,0,A
4,fashion,142,identity,ridge,0.005126720287425889,9.094102420271131e-05,0.39390648911079407,0.4225742030751559,10,0,A
4,fashion,142,pca,ridge,0.025152195490783538,0.0014038907316372,0.3450549824767059,0.3560559583306219,10,0,A
4,fashion,142,emotion,ridge,0.22399892368991883,0.03028274755193081,0.3346556482503424,0.3309392357992325,10,0,A
4,fashion,143,population,ridge,,0.2995922575168788,0.39907293615172124,0.43537578857217857,10,0,A
4,fashion,143,identity,ridge,0.00512675779997116,0.00011791496571949833,0.26213259260906085,0.2979955520785937,10,0,A
4,fashion,143,pca,ridge,0.025127261152378278,0.0014743847720945734,0.1949045101215643,0.21095960485911033,10,0,A
4,fashion,143,emotion,ridge,0.2291230652512619,0.038396160138188765,0.4794464635597907,0.5062642300920527,10,0,A
4,landscape,1,population,ridge,,0.36459504400996073,0.5588341852249232,0.5191266288100477,10,0,A
4,landscape,1,identity,ridge,3.1192119231582396,0.07620837556689453,0.44937122821747755,0.4377109119819791,10,0,A
4,landscape,1,pca,ridge,0.002528174148380422,0.00037057008439810637,0.6119036607164913,0.6202809443971425,10,0,A
4,landscape,1,emotion,ridge,0.07690473313949302,0.02878152656239523,0.5465124387554987,0.5358342730725351,10,0,A
4,landscape,2,population,ridge,,0.3172809948054537,0.5865618291870852,0.5698523224878196,10,0,A
4,landscape,2,identity,ridge,3.1744100152954537,0.13562805980579917,0.3836870505162913,0.41870374646299113,10,0,A
4,landscape,2,pca,ridge,0.0025283828648183485,0.0004603409964018364,0.562894776410858,0.5309867341864994,10,0,A
4,landscape,2,emotion,ridge,0.07653852400662532,0.034406213681680536,0.5487547152182817,0.5405103483565937,10,0,A
4,landscape,12,population,ridge,,0.46998002145800605,0.7212178419754652,0.7409536199100875,10,0,A
4,landscape,12,identity,ridge,3.149355699167915,0.18009949560811883,0.47852503664959517,0.47638893152937495,10,0,A
4,landscape,12,pca,ridge,0.002528016988375011,0.000842427238337374,0.5916236168908341,0.6230834040535627,10,0,A
4,landscape,12,emotion,ridge,0.07616037776113364,0.06631119573550653,0.6902948135687393,0.690260541759275,10,0,A
4,landscape,13,population,ridge,,0.05606388671712326,0.031070916739521594,0.10180186646530835,10,0,A
4,landscape,13,identity,ridge,3.1640902868341394,0.06852882263685736,0.41533572376299277,0.4444278623642557,10,0,A
4,landscape,13,pca,ridge,0.0025284670190012506,8.68214219743114e-05,0.2773945109853364,0.32639476500258835,10,0,A
4,landscape,13,emotion,ridge,0.07618117361750876,0.0006094663310380182,-0.003072947809403235,0.057488505659702115,10,0,A
4,landscape,26,population,ridge,,0.1097358718864613,0.26508803564279776,0.21134927958062033,10,0,A
4,landscape,26,identity,ridge,3.1693558810017204,0.05976345452248781,0.30665407574637243,0.26042920224042654,10,0,A
4,landscape,26,pca,ridge,0.002528283475319617,0.00016574194631679024,0.29514348002538254,0.22352431768763945,10,0,A
4,landscape,26,emotion,ridge,0.07675242702254612,0.009377322735503646,0.22435823539929498,0.20791592927866215,10,0,A
4,landscape,29,population,ridge,,0.18498235286526832,0.19422415914534452,0.22631112984505133,10,0,A
4,landscape,29,identity,ridge,3.1519854473283555,0.014054702608060242,0.03598814568827635,0.06441671252111526,10,0,A
4,landscape,29,pca,ridge,0.0025282572502763993,-4.709675955166363e-05,-0.04315527639738224,-0.08092486016759942,10,0,A
4,landscape,29,emotion,ridge,0.07710165412884645,-0.004228163809961075,-0.10084813706997213,-0.08279598132522648,10,0,A
4,landscape,34,population,ridge,,0.41969528445860665,0.6840685619464298,0.6646462467019261,10,0,A
4,landscape,34,identity,ridge,3.1205903432202207,0.08133291514238232,0.45848454259520605,0.4406917165253743,10,0,A
4,landscape,34,pca,ridge,0.0025281304128860612,0.00026840717549335636,0.5924403991015487,0.5939602893598501,10,0,A
4,landscape,34,emotion,ridge,0.07678848527337256,0.019985827904476425,0.6550480666402537,0.6296417307222433,10,0,A
4,landscape,38,population,ridge,,0.35400996184983907,0.5141184988213354,0.4727761061231614,10,0,A
4,landscape,38,identity,ridge,3.1298482282802045,0.03373195149310637,0.24229875738618503,0.2804320447479316,10,0,A
4,landscape,38,pca,ridge,0.0025283811915711813,9.297887537196668e-05,0.2843391116339263,0.2501288689291229,10,0,A
4,landscape,38,emotion,ridge,0.07745281052714208,0.01755420990249527,0.4160758589519095,0.4212322520135704,10,0,A
4,landscape,43,population,ridge,,0.1368325873341671,0.4944663629911551,0.5109609511344616,10,0,A
4,landscape,43,identity,ridge,3.1619509745819396,0.031851544961267894,0.1166940616659126,0.15983151332132414,10,0,A
4,landscape,43,pca,ridge,0.0025279635188127556,0.0001983510020098374,0.3094370499598649,0.3297605269257652,10,0,A
4,landscape,43,emotion,ridge,0.0758672626166758,0.0038320282794921706,0.4255377519901881,0.47362177902988245,10,0,A
4,landscape,48,population,ridge,,0.3533417168801692,0.41171545153854283,0.45368455807244085,10,0,A
4,landscape,48,identity,ridge,3.1385275186878028,0.11804894305540982,0.5459983449819615,0.5914971876858496,10,0,A
4,landscape,48,pca,ridge,0.002528385296809944,0.0004042292344639746,0.38931788496038483,0.43531523103848874,10,0,A
4,landscape,48,emotion,ridge,0.0765275039299116,0.03972354719498672,0.5379003689651447,0.5662999392270238,10,0,A
4,landscape,49,population,ridge,,0.34768069777894123,0.46018352972965687,0.46293303178289774,10,0,A
4,landscape,49,identity,ridge,3.1883433459341424,0.06800239270853349,0.3462579815775843,0.3700691968846897,10,0,A
4,landscape,49,pca,ridge,0.0025285022007974023,0.00021660547799873053,0.4085983601992603,0.41492392023110464,10,0,A
4,landscape,49,emotion,ridge,0.07632983316089033,0.013679234146379468,0.45191795237246973,0.4858760274206027,10,0,A
4,landscape,56,population,ridge,,0.007038092609488792,0.09350378601022696,0.05635466279715185,10,0,A
4,landscape,56,identity,ridge,3.19618008722422,-0.0315136287562293,-0.21909926858235165,-0.13231998800792286,10,0,A
4,landscape,56,pca,ridge,0.0025281284484898986,-1.411253042800071e-05,-0.03242425300295364,-0.0212413991784829,10,0,A
4,landscape,56,emotion,ridge,0.07628749952250852,-0.0058654703222372285,-0.15547013619364947,-0.13447989676321698,10,0,A
4,landscape,61,population,ridge,,0.2585149611563017,0.4859261217387488,0.4684392400645663,10,0,A
4,landscape,61,identity,ridge,3.1276525147149568,0.05162105312462818,0.21925560097843227,0.2181010934965378,10,0,A
4,landscape,61,pca,ridge,0.002527977753029035,0.00019308161609083284,0.2257073071258593,0.22935830131692847,10,0,A
4,landscape,61,emotion,ridge,0.07595114391992255,0.01681565408520855,0.4715889969666887,0.45668227597207445,10,0,A
4,landscape,72,population,ridge,,-0.012176011756109802,-0.060975540208916545,-0.03456735274150448,10,0,A
4,landscape,72,identity,ridge,3.1705804806827684,0.06654712581178869,0.33925908998165855,0.3588814782281229,10,0,A
4,landscape,72,pca,ridge,0.0025283947296769046,0.0001406264981596946,0.1750904066239973,0.19608597279354403,10,0,A
4,landscape,72,emotion,ridge,0.07718091598144382,0.0016248939447932355,0.02316580764563656,0.05438116491875539,10,0,A
4,landscape,77,population,ridge,,0.21881163745072102,0.41780670023554967,0.387047221222358,10,0,A
4,landscape,77,identity,ridge,3.2270054841759,0.03560957238872964,0.23689262794975427,0.2715344145531793,10,0,A
4,landscape,77,pca,ridge,0.0025284257230787895,0.00010698015515215121,0.33087587232345256,0.34039099280195223,10,0,A
4,landscape,77,emotion,ridge,0.076292284833426,0.007423539542347979,0.3294066188939523,0.2900536187754608,10,0,A
4,landscape,78,population,ridge,,0.1737222991929681,0.3732132914235257,0.3600227862190428,10,0,A
4,landscape,78,identity,ridge,3.1754361630508754,0.05627490141553286,0.183139583246964,0.16786831296547008,10,0,A
4,landscape,78,pca,ridge,0.002528349553024463,0.00021698204605432155,0.2650212712454052,0.21001819751792833,10,0,A
4,landscape,78,emotion,ridge,0.07587145392556931,0.021748840014855615,0.33008401792524766,0.30998523245321297,10,0,A
4,landscape,89,population,ridge,,0.24625953636876755,0.4334409698932217,0.49584752648359554,10,0,A
4,landscape,89,identity,ridge,3.181840229595367,0.00016364625211704738,-0.0771340357444046,0.0013915193581084616,10,0,A
4,landscape,89,pca,ridge,0.0025284449776532274,-3.962216433377982e-06,-0.06257578843500002,-0.017990693945166707,10,0,A
4,landscape,89,emotion,ridge,0.07639142789836403,-0.0034985963039338808,-0.3260553897397832,-0.304354636234008,10,0,A
4,landscape,90,population,ridge,,0.2591804257765179,0.5066784288159514,0.4622194659572491,10,0,A
4,landscape,90,identity,ridge,3.165411659087289,0.02946607807942529,0.1858396522692027,0.14902629602252648,10,0,A
4,landscape,90,pca,ridge,0.0025283648998266827,0.00016691393122681444,0.41617111524838674,0.3489546158401811,10,0,A
4,landscape,90,emotion,ridge,0.07659274416669636,0.017551515512982917,0.5144492587687222,0.45905031866336665,10,0,A
4,landscape,97,population,ridge,,0.5551966231658625,0.6249347971020266,0.6211423713003856,10,0,A
4,landscape,97,identity,ridge,3.1912527219115745,0.058800217761683635,0.1858783169979362,0.2437188929461661,10,0,A
4,landscape,97,pca,ridge,0.0025281466524533776,0.00030878691795167384,0.4368595902231692,0.3937843542054674,10,0,A
4,landscape,97,emotion,ridge,0.07648600627303842,0.028754388792302212,0.4694378596768289,0.482661421871709,10,0,A
4,landscape,103,population,ridge,,0.3389476413647932,0.4718232766833676,0.4891887340238163,10,0,A
4,landscape,103,identity,ridge,3.219341940998667,0.03561902817638214,0.14485192938985592,0.16171512799954138,10,0,A
4,landscape,103,pca,ridge,0.0025282998847650355,0.00013911690425075693,0.24583640226013917,0.2676472817678816,10,0,A
4,landscape,103,emotion,ridge,0.07677692446553966,0.007151611073890942,0.3681094937355091,0.35573435134469245,10,0,A
4,landscape,108,population,ridge,,0.2867128156433946,0.5295519489058219,0.4684749096818545,10,0,A
4,landscape,108,identity,ridge,3.1839703437642006,0.08611341228925135,0.2796614997370563,0.28107924534458995,10,0,A
4,landscape,108,pca,ridge,0.002528200492153174,0.0003308852733620375,0.41365575040026875,0.38432857146301436,10,0,A
4,landscape,108,emotion,ridge,0.07647027739007878,0.030628554457513262,0.5342113390277126,0.4706115221273189,10,0,A
4,landscape,114,population,ridge,,0.27996365057008393,0.48659307822778697,0.43882015094640703,10,0,A
4,landscape,114,identity,ridge,3.177694114482694,0.07069048590391364,0.4331366547946872,0.3749546627399719,10,0,A
4,landscape,114,pca,ridge,0.002528198893200455,0.00025225900357952227,0.4672949104399048,0.444326016945331,10,0,A
4,landscape,114,emotion,ridge,0.07664061478902898,0.00935760647183887,0.5162633878758227,0.47107766435473525,10,0,A
4,landscape,115,population,ridge,,0.17105948463874174,0.27611313706872903,0.2509889700568514,10,0,A
4,landscape,115,identity,ridge,3.182019052363954,0.048202849696610914,0.20227012353710697,0.1720098230331689,10,0,A
4,landscape,115,pca,ridge,0.0025282581001630448,0.00020666741694381176,0.2452164786872972,0.2635774200468018,10,0,A
4,landscape,115,emotion,ridge,0.07550370707670184,0.013556571281131956,0.26087078560055604,0.21850387064984547,10,0,A
4,landscape,124,population,ridge,,0.24350261442328688,0.5325689176195462,0.5208339336053279,10,0,A
4,landscape,124,identity,ridge,3.1972397594766413,0.06336382937135965,0.24344732438721967,0.2435017107782932,10,0,A
4,landscape,124,pca,ridge,0.0025279950475120576,0.00032652391391332675,0.3250758222363465,0.288050922573722,10,0,A
4,landscape,124,emotion,ridge,0.07629329717006401,0.02579165752116302,0.557761673942363,0.5434878396374195,10,0,A
4,landscape,134,population,ridge,,0.2924243249837904,0.4564423012190129,0.4013733150608668,10,0,A
4,landscape,134,identity,ridge,3.1765262459593258,0.025968563392418893,0.15087444097666386,0.13397102307065983,10,0,A
4,landscape,134,pca,ridge,0.002528406631425233,0.0001269613248022315,0.2571114733803502,0.21242864532697794,10,0,A
4,landscape,134,emotion,ridge,0.07702157132981473,0.018956531629949293,0.4368018414469028,0.3845302174302396,10,0,A
4,landscape,135,population,ridge,,0.42640324048808353,0.44144318613598993,0.5206040849359583,10,0,A
4,landscape,135,identity,ridge,3.155900988538439,0.01603033456081184,0.06793056436596834,0.08517784112050934,10,0,A
4,landscape,135,pca,ridge,0.002528467052851076,0.0002711639965376014,0.3523106909663575,0.3813177935265974,10,0,A
4,landscape,135,emotion,ridge,0.07647323945137807,0.029533087421350985,0.39677145630836946,0.48022713473081163,10,0,A
4,landscape,142,population,ridge,,0.2862333395117961,0.4648228057109642,0.474702583501887,10,0,A
4,landscape,142,identity,ridge,3.1971632574952844,-0.06673004673439249,-0.4581179142940414,-0.43778675238596887,10,0,A
4,landscape,142,pca,ridge,0.002528116462818337,-8.699196377882363e-05,-0.18182672205447592,-0.22652337032775988,10,0,A
4,landscape,142,emotion,ridge,0.0757364601938508,0.0018779770239757158,0.28091011743789013,0.30124396031486056,10,0,A
4,landscape,143,population,ridge,,0.4534441300472685,0.688539689143654,0.6879546991334784,10,0,A
4,landscape,143,identity,ridge,3.197828405922288,0.022305155427790622,0.09180862371756496,0.0887636164679074,10,0,A
4,landscape,143,pca,ridge,0.0025284647013777404,0.0003168456792685636,0.45254604668620074,0.4453942332659882,10,0,A
4,landscape,143,emotion,ridge,0.07742758902117457,0.02670994427104299,0.6588030908246824,0.6800278606826956,10,0,A
0,art,3,population,ridge,,0.06964845042931801,0.10003716909823884,0.09597853736500243,25,0,A
0,art,3,identity,ridge,0.040457418519490154,-6.406889657459354e-05,-0.09117001551999142,-0.04362036136007054,25,0,A
0,art,3,pca,ridge,0.19329182511824475,-0.00030679825529137387,-0.04051456358679898,-0.024256367002779812,25,0,A
0,art,3,emotion,ridge,0.4873324454580584,-0.0006983868017699349,-0.024200960594774723,-0.017163074394870557,25,0,A
0,art,14,population,ridge,,0.3209066653858065,0.6387189479847772,0.6318512870507693,25,0,A
0,art,14,identity,ridge,0.04045261707455737,0.002088037333548001,0.5275056557740364,0.4530649219659589,25,0,A
0,art,14,pca,ridge,0.1928810602019405,0.03411728012405414,0.6052407171004364,0.5433504640430674,25,0,A
0,art,14,emotion,ridge,0.4925012283531967,0.1688218540839766,0.5360987328407887,0.5492637186734225,25,0,A
0,art,15,population,ridge,,0.16769033439696074,0.22654084980961536,0.23011953377466243,25,0,A
0,art,15,identity,ridge,0.040456617349418085,-0.00040075526219359944,-0.2958413207429365,-0.2497177964750936,25,0,A
0,art,15,pca,ridge,0.1926768991661517,-0.004805661612092703,-0.2956820093155036,-0.19828146159693325,25,0,A
0,art,15,emotion,ridge,0.4974107538109843,-0.027752545482140643,-0.2911150817290932,-0.2099778381392388,25,0,A
0,art,19,population,ridge,,0.5000571816493982,0.5763815116948287,0.5774939103925284,25,0,A
0,art,19,identity,ridge,0.040461106623050004,0.0016766841731440541,0.6000253746583377,0.5798415745645712,25,0,A
0,art,19,pca,ridge,0.19248687715013454,0.038944763020136275,0.625963789723791,0.6411748712173164,25,0,A
0,art,19,emotion,ridge,0.500201260778477,0.2653376198066195,0.6493083632826988,0.6390131207763927,25,0,A
0,art,21,population,ridge,,0.25805701237029915,0.46201014511087224,0.4633575856002242,25,0,A
0,art,21,identity,ridge,0.04045056525505097,0.00108679432731747,0.39838693222547567,0.4561204844909667,25,0,A
0,art,21,pca,ridge,0.19330723976966946,0.019604172492249272,0.42871483528468046,0.43083148635337004,25,0,A
0,art,21,emotion,ridge,0.4975998230866368,0.12545192897041443,0.5031514796090971,0.4966249812130958,25,0,A
0,art,22,population,ridge,,0.2893085020024009,0.41978599884486145,0.42412404305248314,25,0,A
0,art,22,identity,ridge,0.040450451006920025,0.0025357240311018043,0.41803323893319194,0.461795999154361,25,0,A
0,art,22,pca,ridge,0.1932778522647458,0.03534991081268454,0.4657472587508635,0.5003086508151884,25,0,A
0,art,22,emotion,ridge,0.4977444484358556,0.12288205247636474,0.35425225325854937,0.35987451735369136,25,0,A
0,art,30,population,ridge,,-0.18719280161253668,-0.21670274638038162,-0.20978902443484168,25,0,A
0,art,30,identity,ridge,0.04045332208807591,0.0011522376132139804,0.2744143175866585,0.25624287995360123,25,0,A
0,art,30,pca,ridge,0.19361295268815037,0.009779760947138233,0.28371146873214276,0.2509145683380671,25,0,A
0,art,30,emotion,ridge,0.5034284578186513,-0.015851619133447743,-0.10068616878832884,-0.09468826246128662,25,0,A
0,art,50,population,ridge,,0.4947974122642473,0.4833905830178234,0.5183754203470747,25,0,A
0,art,50,identity,ridge,0.04045532812877611,0.0009401175768761845,0.3714585742406822,0.364179926016098,25,0,A
0,art,50,pca,ridge,0.19338181610073835,0.01588243073172469,0.46040454550108906,0.48156301629763004,25,0,A
0,art,50,emotion,ridge,0.5025669528559921,0.09098707609978071,0.4546711860289516,0.4876994154165282,25,0,A
0,art,57,population,ridge,,0.46513086631937445,0.5106581584154437,0.5381884294109579,25,0,A
0,art,57,identity,ridge,0.040458499143490895,9.971514566860167e-05,-0.021694091909141906,0.027730000204991438,25,0,A
0,art,57,pca,ridge,0.19383423916519218,0.014882726262470218,0.36934601313322457,0.37210766142855856,25,0,A
0,art,57,emotion,ridge,0.493951634644644,0.05809366215324482,0.4712590645451885,0.4839519443889506,25,0,A
0,art,62,population,ridge,,0.2660495927596686,0.494897441611381,0.5166440506297976,25,0,A
0,art,62,identity,ridge,0.040455571243920165,0.0005829238659071272,0.41088889618271884,0.360417283300362,25,0,A
0,art,62,pca,ridge,0.19294662681364372,0.01367326158451254,0.5201935121153837,0.5111956848246009,25,0,A
0,art,62,emotion,ridge,0.49442097393239226,0.07391475667465486,0.4777709191689824,0.45649819123383345,25,0,A
0,art,63,population,ridge,,0.11741541129049775,0.15671605517522624,0.163833133954746,25,0,A
0,art,63,identity,ridge,0.040448296481540774,0.0007027314074695934,0.2168798042396216,0.2643924636688224,25,0,A
0,art,63,pca,ridge,0.19317482143571735,0.009442343493092649,0.27379010597524356,0.23230079905309048,25,0,A
0,art,63,emotion,ridge,0.4770480313187707,0.04135825157955254,0.12628380939223757,0.15520906219259722,25,0,A
0,art,79,population,ridge,,0.45545122605331173,0.4647452203784049,0.514366574503659,25,0,A
0,art,79,identity,ridge,0.04045976315647692,0.0014697986830888045,0.4883815025041796,0.5235858518256237,25,0,A
0,art,79,pca,ridge,0.19301098118441512,0.019630814714772658,0.4950911567850447,0.5306644596860148,25,0,A
0,art,79,emotion,ridge,0.4932750670879369,0.09697332327807892,0.4594588260965112,0.48537839553448475,25,0,A
0,art,80,population,ridge,,0.3398357004905942,0.6826756527713498,0.6575850467488001,25,0,A
0,art,80,identity,ridge,0.040457177560541666,0.004692161192883735,0.8058874070280097,0.8220803136661932,25,0,A
0,art,80,pca,ridge,0.1931796038817705,0.04791929712255726,0.7384844856403949,0.7195876252769733,25,0,A
0,art,80,emotion,ridge,0.493968562928911,0.19437885223754447,0.5888421397608951,0.5867929339953385,25,0,A
0,art,85,population,ridge,,0.05043391730441451,0.028051762893131202,0.09350560046981476,25,0,A
0,art,85,identity,ridge,0.040464144977482006,0.0004659378947691226,0.1952951536201145,0.2775792071758487,25,0,A
0,art,85,pca,ridge,0.19307530099287856,0.007299044875531859,0.23691543226046677,0.23594776030740353,25,0,A
0,art,85,emotion,ridge,0.4969712065717806,0.04807255125431166,0.17720379929048638,0.20667019255949526,25,0,A
0,art,86,population,ridge,,0.39518105019930316,0.6414511814496295,0.643602229215165,25,0,A
0,art,86,identity,ridge,0.04045951010779529,0.0011088149897902973,0.4482953171479024,0.475155409266701,25,0,A
0,art,86,pca,ridge,0.19338900536701997,0.02432787800252407,0.6168255360008401,0.5982281612713933,25,0,A
0,art,86,emotion,ridge,0.4994194055372699,0.13545870556605494,0.6529003793336359,0.6642649227675838,25,0,A
0,art,98,population,ridge,,0.2169605606720002,0.40329102837237885,0.41653168088295145,25,0,A
0,art,98,identity,ridge,0.04045634909516914,0.0014622692558949638,0.29785965344100285,0.38285900072285944,25,0,A
0,art,98,pca,ridge,0.1933245337623631,0.02449584560351744,0.35759917023241367,0.40563944965922366,25,0,A
0,art,98,emotion,ridge,0.49666765621948145,0.11872425171754561,0.41556424593101027,0.4101736301904079,25,0,A
0,art,99,population,ridge,,0.47823471780758925,0.7264778484164266,0.7392397886624106,25,0,A
0,art,99,identity,ridge,0.040460939438855405,0.0033878851152984724,0.673625431226385,0.689539701428773,25,0,A
0,art,99,pca,ridge,0.19290158885053066,0.05593460901813779,0.665901594523061,0.6975444216186643,25,0,A
0,art,99,emotion,ridge,0.478445287482414,0.32542764525117507,0.7310441418133603,0.7298546326117191,25,0,A
0,art,105,population,ridge,,0.19227193873682316,0.25833227836455225,0.2500594446220501,25,0,A
0,art,105,identity,ridge,0.04045973898184012,0.0003064754093524025,0.1638241049755585,0.15178584142609436,25,0,A
0,art,105,pca,ridge,0.19353407045127013,0.00447458117227413,0.1719730747104665,0.1579553986057037,25,0,A
0,art,105,emotion,ridge,0.4960942519858097,0.012458587170967582,0.28456798580376813,0.26889097516074095,25,0,A
0,art,109,population,ridge,,0.36911584970446565,0.46805810151923105,0.48389330105296025,25,0,A
0,art,109,identity,ridge,0.04045452878812046,0.0011599469761425702,0.3960219044110907,0.3896465144416474,25,0,A
0,art,109,pca,ridge,0.19308820365250803,0.01566873076049303,0.4530231397897035,0.4629296664774678,25,0,A
0,art,109,emotion,ridge,0.47525766446878165,0.08254953121412298,0.5590778361646536,0.5341093187328767,25,0,A
0,art,110,population,ridge,,0.3185588218896965,0.485309465622598,0.5076554083603507,25,0,A
0,art,110,identity,ridge,0.04045787977313551,0.0023076770002409346,0.45550435231667824,0.45518682641982144,25,0,A
0,art,110,pca,ridge,0.19286814295203972,0.03413698943431989,0.557869500084596,0.5366611631837829,25,0,A
0,art,110,emotion,ridge,0.4869029506238461,0.12227211282246492,0.3822248840852271,0.4011565239498226,25,0,A
0,art,116,population,ridge,,0.3787448296486281,0.5973413388710003,0.611499830147901,25,0,A
0,art,116,identity,ridge,0.040462512781324754,0.00165615801199641,0.6239500890476374,0.6228274144940187,25,0,A
0,art,116,pca,ridge,0.19295739257423233,0.024068854300944152,0.6035165771195405,0.6147537742635899,25,0,A
0,art,116,emotion,ridge,0.5061153059648147,0.1745387002664432,0.5879027633366458,0.6146172151871956,25,0,A
0,art,117,population,ridge,,0.4259790998810352,0.7377247531723158,0.739340507185771,25,0,A
0,art,117,identity,ridge,0.040457320540094974,0.001734982262687683,0.6677778075823771,0.6116754565335691,25,0,A
0,art,117,pca,ridge,0.19248335542134723,0.02809557104568652,0.6912893859319365,0.6582238688533303,25,0,A
0,art,117,emotion,ridge,0.492999126052143,0.18001114635461152,0.7108823678899022,0.7347217157992237,25,0,A
0,art,126,population,ridge,,0.39340195931160243,0.4633154734958584,0.47829847222677774,25,0,A
0,art,126,identity,ridge,0.04045099296139473,0.0010095270048565018,0.3373685041863572,0.410831558418151,25,0,A
0,art,126,pca,ridge,0.19323867199711817,0.01808698085372027,0.3538627319888134,0.41336589880533187,25,0,A
0,art,126,emotion,ridge,0.49151468427123157,0.11718318712063061,0.37720083341676636,0.3977743313500854,25,0,A
0,art,127,population,ridge,,0.2522318005099091,0.4662216715194727,0.49767687991165166,25,0,A
0,art,127,identity,ridge,0.040456597986458086,0.0012768487161921149,0.3743611337777136,0.34497958520199223,25,0,A
0,art,127,pca,ridge,0.19303331173003285,0.027123316728622737,0.49836304556907324,0.4827583868593063,25,0,A
0,art,127,emotion,ridge,0.48725863270838393,0.19416471792990503,0.5103853915876261,0.5442923455296035,25,0,A
0,art,136,population,ridge,,0.3760074356390837,0.3459654974672268,0.3940516675572949,25,0,A
0,art,136,identity,ridge,0.040454544413026074,0.000743246282975755,0.37647935664764903,0.3969065864634887,25,0,A
0,art,136,pca,ridge,0.19294307757261256,0.012552695759623592,0.2805786563663219,0.33005732213500544,25,0,A
0,art,136,emotion,ridge,0.49310010739353216,0.10633396222748051,0.3905136054693067,0.41590683112531057,25,0,A
0,art,144,population,ridge,,0.17433922069888777,0.6680774906151098,0.670650110356021,25,0,A
0,art,144,identity,ridge,0.04045927715565431,0.0016861481388547523,0.4570030871713328,0.5181616401665454,25,0,A
0,art,144,pca,ridge,0.19275623353329488,0.025582472278533334,0.6061081392479445,0.5647409054404464,25,0,A
0,art,144,emotion,ridge,0.4920202280164226,0.19622036848111535,0.673700944782301,0.6924995559912406,25,0,A
0,fashion,3,population,ridge,,0.22144037474297826,0.4345824467732514,0.4744859337904726,25,0,A
0,fashion,3,identity,ridge,0.012815648554822305,0.0002670301917745094,0.4219973434235301,0.3895384165751275,25,0,A
0,fashion,3,pca,ridge,0.00019999302818763664,1.9418927183169355e-05,0.4957737957374478,0.4880502229227026,25,0,A
0,fashion,3,emotion,ridge,1.0383846526685003,0.22591279129569378,0.46034722528449196,0.48428108577461965,25,0,A
0,fashion,14,population,ridge,,0.2171978205101747,0.4601396354167493,0.5392255816077388,25,0,A
0,fashion,14,identity,ridge,0.012815919617167007,0.00031434302867048935,0.4806175679641116,0.491432369817925,25,0,A
0,fashion,14,pca,ridge,0.00019999289889418404,2.6348305098699623e-05,0.5861992345752121,0.5885440824257958,25,0,A
0,fashion,14,emotion,ridge,1.0894993516624476,0.33971647867563237,0.5016847935344195,0.5891071747941282,25,0,A
0,fashion,15,population,ridge,,0.002454351763093634,-0.0065014520642293246,0.0056819844669372625,25,0,A
0,fashion,15,identity,ridge,0.012815922935014231,-9.091621811802269e-05,-0.15587231323989809,-0.18619473102724704,25,0,A
0,fashion,15,pca,ridge,0.00019999335449594042,-7.300885656076632e-06,-0.32707721759793695,-0.3663406531192144,25,0,A
0,fashion,15,emotion,ridge,0.9969305654340037,-0.011423114896822824,-0.11924746661140621,-0.17553240256542943,25,0,A
0,fashion,19,population,ridge,,0.3096700376136958,0.4268196401683152,0.4763974965257706,25,0,A
0,fashion,19,identity,ridge,0.012815915198733588,6.989725106850474e-05,0.12525554573462422,0.12073981924794723,25,0,A
0,fashion,19,pca,ridge,0.0001999935349575179,1.2606110065379893e-05,0.3643468865407737,0.34271586816560834,25,0,A
0,fashion,19,emotion,ridge,1.1109642512022555,0.21865360842862208,0.376490060322802,0.4448123601514678,25,0,A
0,fashion,21,population,ridge,,0.12243255819335681,0.18723364073965285,0.2307476078624533,25,0,A
0,fashion,21,identity,ridge,0.01281566689497751,5.9056421247248026e-05,0.06527411328538357,0.13626346722944727,25,0,A
0,fashion,21,pca,ridge,0.0001999930599680512,5.129398517873049e-06,0.2373512261723932,0.24287038399393743,25,0,A
0,fashion,21,emotion,ridge,1.0921276907284194,0.07883146769101858,0.2482639262262963,0.26142828988011074,25,0,A
0,fashion,22,population,ridge,,0.15070081510826555,0.393805686409602,0.3826560144544638,25,0,A
0,fashion,22,identity,ridge,0.012815635145992852,0.00016550447333861707,0.2417421045286666,0.2391470632650982,25,0,A
0,fashion,22,pca,ridge,0.00019999270739272317,1.5182438793680462e-05,0.392197321601246,0.38100884540768204,25,0,A
0,fashion,22,emotion,ridge,1.001514164680747,0.13423963683379375,0.3783556365838787,0.35608823388903704,25,0,A
0,fashion,30,population,ridge,,0.1702765156116677,0.3354828278077899,0.32689326341477554,25,0,A
0,fashion,30,identity,ridge,0.012815776726856649,0.0003537930285811553,0.5201472660138234,0.5428232319433742,25,0,A
0,fashion,30,pca,ridge,0.00019999288215564857,1.7436305815045932e-05,0.4788570718220954,0.45956104935764047,25,0,A
0,fashion,30,emotion,ridge,1.053569146437939,0.35979176881892466,0.6263504097281237,0.6004977717858324,25,0,A
0,fashion,50,population,ridge,,0.03526980279769379,-0.010584142537413025,0.062367430399582036,25,0,A
0,fashion,50,identity,ridge,0.012815877101769332,8.412030687023138e-05,0.30789749321147747,0.3075968395844742,25,0,A
0,fashion,50,pca,ridge,0.00019999312089409758,1.3080395359400731e-06,0.12615872411428997,0.11015074137304891,25,0,A
0,fashion,50,emotion,ridge,1.1421595328774645,0.003223190671394563,-0.04786798132498354,0.018200499496475706,25,0,A
0,fashion,57,population,ridge,,0.09539820397883518,0.24167816324854133,0.17626944443862702,25,0,A
0,fashion,57,identity,ridge,0.012815845891134473,-3.551192754751862e-05,-0.02962906144909499,-0.060115944883415165,25,0,A
0,fashion,57,pca,ridge,0.00019999306226564908,6.325861586732244e-06,0.2057000172032117,0.1649705108201014,25,0,A
0,fashion,57,emotion,ridge,1.0816485490166043,0.11369823395119454,0.22237281659007177,0.18835206771023255,25,0,A
0,fashion,62,population,ridge,,0.13846785299891007,0.2957836076347694,0.2833511021336073,25,0,A
0,fashion,62,identity,ridge,0.01281595032946584,0.00011289710397863802,0.20106555091518621,0.15881799919590084,25,0,A
0,fashion,62,pca,ridge,0.00019999315383629918,6.365067874848469e-06,0.11772949683170762,0.16286427485349106,25,0,A
0,fashion,62,emotion,ridge,1.0575413450049342,0.03530805300172729,0.21982111178076724,0.1640334979464308,25,0,A
0,fashion,63,population,ridge,,0.15873840092547742,0.24022927152477122,0.26159745656580635,25,0,A
0,fashion,63,identity,ridge,0.01281568940299469,0.0002605421281435127,0.38246897325087276,0.4159454585910304,25,0,A
0,fashion,63,pca,ridge,0.00019999279589373792,1.8046783959526832e-05,0.38866199397209344,0.3986016763243123,25,0,A
0,fashion,63,emotion,ridge,1.0505083611149482,0.16696154859779597,0.29346927224107183,0.3128782374268766,25,0,A
0,fashion,79,population,ridge,,0.41533056514774747,0.43304040464252475,0.5264666782893211,25,0,A
0,fashion,79,identity,ridge,0.012815948859152602,0.00044641601335750726,0.2871908799746828,0.3891140365158529,25,0,A
0,fashion,79,pca,ridge,0.000199993328868924,3.6070155513255416e-05,0.3794546642833527,0.4972424852087998,25,0,A
0,fashion,79,emotion,ridge,1.0563751295747177,0.38971509514303937,0.43473096815290013,0.5236143354312731,25,0,A
0,fashion,80,population,ridge,,0.10817334521480054,0.22183636493830286,0.23769321875379842,25,0,A
0,fashion,80,identity,ridge,0.01281563759672332,0.0003699660957461842,0.32686010816267697,0.3632149763526309,25,0,A
0,fashion,80,pca,ridge,0.00019999236165939432,1.8264939377301172e-05,0.3640366544367917,0.3516524744993853,25,0,A
0,fashion,80,emotion,ridge,1.0659291703207239,0.22292140823238046,0.34701370956390754,0.36212637788967683,25,0,A
0,fashion,85,population,ridge,,0.2279464845162254,0.42475413524912947,0.4209264222530564,25,0,A
0,fashion,85,identity,ridge,0.01281599406366595,3.428504514576632e-05,0.07856894410558037,0.09060094260694167,25,0,A
0,fashion,85,pca,ridge,0.00019999302632942354,7.316550655961287e-06,0.22980678645149105,0.22941871698514757,25,0,A
0,fashion,85,emotion,ridge,1.0780766679014826,0.20658601453226005,0.4546477009663966,0.4592156628428923,25,0,A
0,fashion,86,population,ridge,,0.052072492174971195,0.08305554639806927,0.11478188799358449,25,0,A
0,fashion,86,identity,ridge,0.01281578845952322,3.9742662298611576e-05,0.06709487212036801,0.08880667794276402,25,0,A
0,fashion,86,pca,ridge,0.0001999927937698615,7.933324336831956e-07,0.058288982863705235,0.03760416675236961,25,0,A
0,fashion,86,emotion,ridge,0.9228023272609827,-0.00796239443114829,-0.11092418455693949,-0.10830908151009848,25,0,A
0,fashion,98,population,ridge,,0.14785945240966927,0.3042814533768127,0.32734797495951956,25,0,A
0,fashion,98,identity,ridge,0.012816106087727444,0.00027230633245108017,0.3204306061693553,0.3471458236605289,25,0,A
0,fashion,98,pca,ridge,0.0001999931098363077,1.7034697636997985e-05,0.31817266991264725,0.3138810704500265,25,0,A
0,fashion,98,emotion,ridge,1.0468824222826851,0.1942247532429921,0.3454151617055382,0.3536057554824812,25,0,A
0,fashion,99,population,ridge,,0.23785841718875453,0.41985306776138864,0.45534363010472406,25,0,A
0,fashion,99,identity,ridge,0.012815178407042003,0.000564719500307163,0.5356678463130716,0.5298869158388876,25,0,A
0,fashion,99,pca,ridge,0.00019999254274440635,2.6111316040566328e-05,0.5228321982671575,0.5280332690057565,25,0,A
0,fashion,99,emotion,ridge,0.9963594830096764,0.21433354891721432,0.4254380443920535,0.47565298859319244,25,0,A
0,fashion,105,population,ridge,,0.06954709471832196,0.12531916549944772,0.13741727707645499,25,0,A
0,fashion,105,identity,ridge,0.012815854478726402,5.963941153920716e-05,0.021263730727331745,0.06335518746135334,25,0,A
0,fashion,105,pca,ridge,0.00019999198812538547,1.7126161071466906e-05,0.23548002790614408,0.23482604977653007,25,0,A
0,fashion,105,emotion,ridge,1.1080154472944297,0.06908906391991503,0.10305540783196918,0.11692464561601842,25,0,A
0,fashion,109,population,ridge,,0.32829535507999535,0.47902298156194956,0.5456339452724327,25,0,A
0,fashion,109,identity,ridge,0.012816114383604816,0.00028352781005621226,0.3218823631525974,0.3630160514574238,25,0,A
0,fashion,109,pca,ridge,0.00019999304358827782,1.7509740413329624e-05,0.3754449667187648,0.4636520282907878,25,0,A
0,fashion,109,emotion,ridge,0.9917032650316102,0.2513261687017896,0.5185995126737534,0.5813972328173543,25,0,A
0,fashion,110,population,ridge,,0.2597813047090366,0.3448727928958437,0.3776607677208519,25,0,A
0,fashion,110,identity,ridge,0.01281524932886655,0.0002603041823865191,0.3128938610712509,0.323133371042465,25,0,A
0,fashion,110,pca,ridge,0.00019999160026549787,1.598983959839299e-05,0.28840999139304696,0.3276923176011943,25,0,A
0,fashion,110,emotion,ridge,0.9581081509090248,0.14788938229485626,0.3305822077367288,0.3746143371737071,25,0,A
0,fashion,116,population,ridge,,0.19329947161626765,0.24281545222358794,0.3599593313758784,25,0,A
0,fashion,116,identity,ridge,0.01281611487792106,-5.7693432537507484e-05,-0.15068530858338164,-0.15701094745863586,25,0,A
0,fashion,116,pca,ridge,0.0001999935567497118,1.0347529986049732e-07,0.019149800723905406,0.005069291263068504,25,0,A
0,fashion,116,emotion,ridge,1.1176114334595644,-0.008119269214343035,-0.13716484560508624,-0.14061741262970498,25,0,A
0,fashion,117,population,ridge,,0.3284938172438826,0.47667173983840266,0.5335383669446165,25,0,A
0,fashion,117,identity,ridge,0.012816264979111336,0.0004140958592707991,0.4970775524042389,0.5114692139281065,25,0,A
0,fashion,117,pca,ridge,0.00019999286626704962,2.6978816979032597e-05,0.5551788315325807,0.5681265652661177,25,0,A
0,fashion,117,emotion,ridge,1.0335551768986415,0.2583197573218771,0.5089893198379907,0.5502632297430134,25,0,A
0,fashion,126,population,ridge,,0.23178771710829157,0.2538242330615408,0.40277761538728085,25,0,A
0,fashion,126,identity,ridge,0.012816011817125715,0.0002631890372012222,0.028346105432845645,0.2205699402670415,25,0,A
0,fashion,126,pca,ridge,0.00019999351093380534,1.2649602454517951e-05,0.15989983467459862,0.24403445870828236,25,0,A
0,fashion,126,emotion,ridge,1.0839720766052374,0.19297250879985794,0.26002959764841593,0.4098135239761402,25,0,A
0,fashion,127,population,ridge,,0.21290807114233914,0.5300948213393801,0.5051020181847342,25,0,A
0,fashion,127,identity,ridge,0.012815507058148613,0.000269156757619308,0.3564422225594052,0.36260635225624216,25,0,A
0,fashion,127,pca,ridge,0.00019999264813484096,2.171152206813482e-05,0.47998855521333367,0.5020761862718612,25,0,A
0,fashion,127,emotion,ridge,0.9672744495487141,0.2544453020391761,0.5248876995654969,0.5031385202192205,25,0,A
0,fashion,136,population,ridge,,0.24467475961851087,0.5055842447604649,0.46146582808590053,25,0,A
0,fashion,136,identity,ridge,0.01281601376468203,0.0002424380698599924,0.2901737636093683,0.29496573247074864,25,0,A
0,fashion,136,pca,ridge,0.00019999273939466308,2.0644491344908605e-05,0.44274187938707504,0.4922420527037139,25,0,A
0,fashion,136,emotion,ridge,1.1495786567208355,0.2538360613155606,0.39711861646962576,0.4388240155617016,25,0,A
0,fashion,144,population,ridge,,0.1427965245329115,0.5397303240308864,0.4847362772220428,25,0,A
0,fashion,144,identity,ridge,0.012815741634200909,0.0003140493183144434,0.32650415507624847,0.315464985127513,25,0,A
0,fashion,144,pca,ridge,0.00019999332304933043,2.2257639005810926e-05,0.4441916198522573,0.3989480561002062,25,0,A
0,fashion,144,emotion,ridge,1.0373676979141342,0.30967066220188433,0.5835210085987037,0.518697985151002,25,0,A
0,landscape,3,population,ridge,,0.33133119640559605,0.4202267308483336,0.47825357347590186,25,0,A
0,landscape,3,identity,ridge,13.928795645439617,0.24588093518181361,0.4310598549151995,0.4173680000672627,25,0,A
0,landscape,3,pca,ridge,0.00019999266412385304,1.555916397378882e-05,0.4402187688990043,0.4432343300682605,25,0,A
0,landscape,3,emotion,ridge,0.4910997459352486,0.07955224226686826,0.4307644060770122,0.48552048129070324,25,0,A
0,landscape,14,population,ridge,,0.1963369504097256,0.3538744936123055,0.37493738100028373,25,0,A
0,landscape,14,identity,ridge,14.199932272833365,0.14689506328100382,0.3726116498786526,0.3633715730705043,25,0,A
0,landscape,14,pca,ridge,0.0001999926434089398,1.1196012016091472e-05,0.2862621096247464,0.31250689869655385,25,0,A
0,landscape,14,emotion,ridge,0.4965096475131632,0.07395102524531649,0.33315456948708577,0.35460186603480065,25,0,A
0,landscape,15,population,ridge,,0.03848184542329851,0.0440088026408803,0.059470177237322695,25,0,A
0,landscape,15,identity,ridge,13.85083116885052,-0.1874047208795837,-0.3208641792544182,-0.29544119657357765,25,0,A
0,landscape,15,pca,ridge,0.0001999929874234479,-7.858803863411972e-06,-0.1600320096032011,-0.19643154603682994,25,0,A
0,landscape,15,emotion,ridge,0.4816724788961681,-0.013001206401880919,-0.043208642592864305,-0.07154801611320313,25,0,A
0,landscape,19,population,ridge,,0.42082783511154115,0.49608972073630253,0.5287612790220295,25,0,A
0,landscape,19,identity,ridge,13.751869908858925,0.15340060891903656,0.3403769384006649,0.3111578942905859,25,0,A
0,landscape,19,pca,ridge,0.00019999278554990666,1.9875542145860186e-05,0.4544969081353474,0.4971123424811695,25,0,A
0,landscape,19,emotion,ridge,0.48544195315139704,0.1249771682822784,0.4536541455439097,0.4772441932058674,25,0,A
0,landscape,21,population,ridge,,0.0945785229382233,0.12965951418415453,0.15518443699369924,25,0,A
0,landscape,21,identity,ridge,14.030835574068316,0.027626151831780778,0.030044275419115096,0.040377418602883484,25,0,A
0,landscape,21,pca,ridge,0.00019999337858683604,3.375680231745079e-06,0.08658939842552275,0.09697289513699829,25,0,A
0,landscape,21,emotion,ridge,0.4875220069920655,0.051721276934409546,0.4972776748771807,0.45546400923112174,25,0,A
0,landscape,22,population,ridge,,0.26957217816803725,0.42893972209403025,0.4543634453462305,25,0,A
0,landscape,22,identity,ridge,13.851311121856453,0.22662952580867102,0.30990894921293693,0.329279994952701,25,0,A
0,landscape,22,pca,ridge,0.00019999186379479608,2.002934996184589e-05,0.29957540136248983,0.32611853788624456,25,0,A
0,landscape,22,emotion,ridge,0.4701106197266058,0.12115856959866625,0.4174363386378722,0.433371584340781,25,0,A
0,landscape,30,population,ridge,,0.14093635734395446,0.34063909868879233,0.3896706084734331,25,0,A
0,landscape,30,identity,ridge,14.26981785002388,0.22639253254692926,0.29076124011896476,0.3751528522519992,25,0,A
0,landscape,30,pca,ridge,0.0001999927374474383,1.0899400271174504e-05,0.249540285357422,0.3014077511954321,25,0,A
0,landscape,30,emotion,ridge,0.49442016924066456,0.11137659736961923,0.4209671130959011,0.45815568439605214,25,0,A
0,landscape,50,population,ridge,,0.3776838275329688,0.4285102562543662,0.39561116443599353,25,0,A
0,landscape,50,identity,ridge,13.956894809672447,0.27733020772516176,0.32662981336161706,0.33171496197014333,25,0,A
0,landscape,50,pca,ridge,0.00019999260041546292,2.119654201130653e-05,0.3786278098981349,0.35609291053551634,25,0,A
0,landscape,50,emotion,ridge,0.4965573751959574,0.11619729641988727,0.4328527013612702,0.40027758752366677,25,0,A
0,landscape,57,population,ridge,,0.39982189675086777,0.4576892729123634,0.46869640459532397,25,0,A
0,landscape,57,identity,ridge,14.037111367916726,0.2274671931165295,0.28194521758912366,0.365675067184894,25,0,A
0,landscape,57,pca,ridge,0.0001999928116408186,1.9660617336230446e-05,0.4057207853873317,0.4444335743247092,25,0,A
0,landscape,57,emotion,ridge,0.48725929360412656,0.060617325326929226,0.4411391425491012,0.4442076595901349,25,0,A
0,landscape,62,population,ridge,,0.27504713891788934,0.3328721989818945,0.4257793203673271,25,0,A
0,landscape,62,identity,ridge,13.812406013014304,0.048877427383882344,0.0835414681749777,0.08226668600802076,25,0,A
0,landscape,62,pca,ridge,0.0001999928739802503,1.3976190668453617e-05,0.3301355815014754,0.3604160143276635,25,0,A
0,landscape,62,emotion,ridge,0.5022520198076077,0.08596236129888611,0.3797927496007176,0.45494984478991785,25,0,A
0,landscape,63,population,ridge,,0.15557651601585099,0.15606137940054732,0.20942780452785179,25,0,A
0,landscape,63,identity,ridge,13.940366959625994,-0.10830528431504828,-0.18468985760846232,-0.25436571588208096,25,0,A
0,landscape,63,pca,ridge,0.0001999932720687009,-2.2939408895918352e-06,-0.14763819898919328,-0.0961545659663798,25,0,A
0,landscape,63,emotion,ridge,0.48505755636396886,0.0076736768578368735,0.12242033370857505,0.15207084600823698,25,0,A
0,landscape,79,population,ridge,,0.3313591831771237,0.39045987935604964,0.3465707092838356,25,0,A
0,landscape,79,identity,ridge,13.943294163385659,0.058818183992484945,0.09605146258051248,0.13983578342351535,25,0,A
0,landscape,79,pca,ridge,0.0001999919225122066,3.729019501018775e-06,0.25115138262370573,0.263418783864268,25,0,A
0,landscape,79,emotion,ridge,0.4824213242004404,-0.008843045964305513,-0.21654575530224054,-0.14314073533946542,25,0,A
0,landscape,80,population,ridge,,0.3942508460922188,0.6390763214391869,0.6394933438908446,25,0,A
0,landscape,80,identity,ridge,13.773361602731375,0.3782041287580675,0.6153977869931972,0.5504028210629259,25,0,A
0,landscape,80,pca,ridge,0.00019999150421327072,3.108415171470889e-05,0.5181937414633713,0.542910413568221,25,0,A
0,landscape,80,emotion,ridge,0.4685579858168669,0.1614826275453097,0.6670023455693027,0.65614599549746,25,0,A
0,landscape,85,population,ridge,,0.13777192029415136,0.28142864025522574,0.24176611822476296,25,0,A
0,landscape,85,identity,ridge,13.901679729748864,0.06165832803581591,0.24717215585791105,0.1524659738421986,25,0,A
0,landscape,85,pca,ridge,0.00019999159501990813,4.7193255251767605e-06,0.16173304801741073,0.1269615719143395,25,0,A
0,landscape,85,emotion,ridge,0.46771182075623413,0.025901901237799015,0.3191208782499113,0.25631575630978826,25,0,A
0,landscape,86,population,ridge,,0.46984630118444426,0.5661481155396166,0.5608318112886185,25,0,A
0,landscape,86,identity,ridge,14.21562748189206,0.20090777443035585,0.38954768776882576,0.3776524804379085,25,0,A
0,landscape,86,pca,ridge,0.00019999270381579662,2.122818687284635e-05,0.5779043649464513,0.5186033169810599,25,0,A
0,landscape,86,emotion,ridge,0.47984930763248207,0.10165139884957977,0.5095743738525784,0.4686073803798686,25,0,A
0,landscape,98,population,ridge,,0.25151066312479115,0.45585912831371556,0.4873060298909094,25,0,A
0,landscape,98,identity,ridge,13.941354063573986,0.29738555328597127,0.5395210648497532,0.5015369825075036,25,0,A
0,landscape,98,pca,ridge,0.00019999269659748986,2.36264810073125e-05,0.5999052978672345,0.5740245837108626,25,0,A
0,landscape,98,emotion,ridge,0.4878537753776435,0.07667105043141356,0.41294547616111266,0.4471558884201542,25,0,A
0,landscape,99,population,ridge,,0.40114269401809005,0.5972367873353108,0.5716066038058326,25,0,A
0,landscape,99,identity,ridge,13.67851604999302,0.26958009031364005,0.6103881213065941,0.5481633023384033,25,0,A
0,landscape,99,pca,ridge,0.00019999280790645275,2.8583352585952565e-05,0.518573232094437,0.501745042179514,25,0,A
0,landscape,99,emotion,ridge,0.48700928193486265,0.16494373084230987,0.5954278677927922,0.5624426128700026,25,0,A
0,landscape,105,population,ridge,,0.24417717770950365,0.3466486152749521,0.3480109905269857,25,0,A
0,landscape,105,identity,ridge,14.214232370598666,0.03857387593899524,0.01567027969108319,0.07634324381980244,25,0,A
0,landscape,105,pca,ridge,0.0001999928305568143,2.7096287842818185e-06,0.03254211437445391,0.1109227203060896,25,0,A
0,landscape,105,emotion,ridge,0.5113896558643197,0.032298427623071564,0.32306809855130936,0.3799189937882629,25,0,A
0,landscape,109,population,ridge,,0.31486031685442745,0.39361547465550634,0.4204649979217819,25,0,A
0,landscape,109,identity,ridge,14.254692510413198,0.12058297451602747,0.20309999180714852,0.2580143539135491,25,0,A
0,landscape,109,pca,ridge,0.0001999931375883673,1.5122874414018223e-05,0.33658567612003465,0.35694549425795175,25,0,A
0,landscape,109,emotion,ridge,0.4893234502618385,0.11895819328638897,0.41648732030283214,0.43212462265116053,25,0,A
0,landscape,110,population,ridge,,0.5672962141417516,0.6773190828499889,0.6672551747155864,25,0,A
0,landscape,110,identity,ridge,13.834069858682915,0.4289150196389895,0.6574646286692809,0.6628866821702359,25,0,A
0,landscape,110,pca,ridge,0.00019999272986578206,4.4661894955143784e-05,0.7616249250944671,0.7285852137174407,25,0,A
0,landscape,110,emotion,ridge,0.47098524198553937,0.27078601416358783,0.753007890411977,0.7134489687779424,25,0,A
0,landscape,116,population,ridge,,0.22857893818385805,0.4440688781687301,0.4830603216203243,25,0,A
0,landscape,116,identity,ridge,14.05466704337602,0.08275651409089158,0.19255321375554707,0.18696644540209303,25,0,A
0,landscape,116,pca,ridge,0.0001999932021185768,2.4585609597166795e-05,0.4834616762435221,0.544857128351804,25,0,A
0,landscape,116,emotion,ridge,0.4897361005247181,0.09919913440840106,0.42307966529490265,0.4549486038374493,25,0,A
0,landscape,117,population,ridge,,0.45193947890381003,0.5510243654029895,0.546489195742208,25,0,A
0,landscape,117,identity,ridge,13.843814120842914,0.35504635060598894,0.5009174794281572,0.5043703647599452,25,0,A
0,landscape,117,pca,ridge,0.00019999240733242955,3.998060547578172e-05,0.5892226661914568,0.5608635481413866,25,0,A
0,landscape,117,emotion,ridge,0.4717045722786318,0.19965881167720576,0.5770617804714824,0.5576219394250808,25,0,A
0,landscape,126,population,ridge,,0.18169636403846046,0.24164174956309015,0.27305944187678594,25,0,A
0,landscape,126,identity,ridge,13.82174215052931,0.09796935455527774,0.10825747840487368,0.167619491174218,25,0,A
0,landscape,126,pca,ridge,0.00019999223725995107,1.9845137808865377e-05,0.28064011159676555,0.3109753310544921,25,0,A
0,landscape,126,emotion,ridge,0.4718039480170246,0.08192055157146151,0.24025952913658014,0.26368919866308127,25,0,A
0,landscape,127,population,ridge,,0.23871434128792973,0.32341412693264027,0.3679794777721591,25,0,A
0,landscape,127,identity,ridge,13.90374304236291,0.22036594571863613,0.2895866517456108,0.3500121953196384,25,0,A
0,landscape,127,pca,ridge,0.00019999267426477706,2.159774645614197e-05,0.34252762808600523,0.35247982576678644,25,0,A
0,landscape,127,emotion,ridge,0.48213267168293683,0.103942667722542,0.2729662159600761,0.32395857219381324,25,0,A
0,landscape,136,population,ridge,,0.3550446621222609,0.46615800938636076,0.5099188308840884,25,0,A
0,landscape,136,identity,ridge,14.048073206251297,0.11746960206369123,0.38802371223918813,0.3785294426255224,25,0,A
0,landscape,136,pca,ridge,0.00019999252944244805,1.8868106028309518e-05,0.48714036539774985,0.5283754985105924,25,0,A
0,landscape,136,emotion,ridge,0.4898511556316042,0.07034148690536274,0.5052751159504505,0.5688342746013735,25,0,A
0,landscape,144,population,ridge,,0.2544365918754902,0.5826065383704071,0.5703891407640798,25,0,A
0,landscape,144,identity,ridge,14.080599067280287,0.24762706683793909,0.373519750168856,0.43232381291708083,25,0,A
0,landscape,144,pca,ridge,0.0001999920678317041,3.311671226850469e-05,0.5183235273013139,0.5423509145983986,25,0,A
0,landscape,144,emotion,ridge,0.4967097770234989,0.2233657900508047,0.5488977811671096,0.5312891246170718,25,0,A
1,art,5,population,ridge,,0.10502980371404953,0.18091367037913386,0.2079187530880536,25,0,A
1,art,5,identity,ridge,7.570168693171546,0.018129905658673888,0.12100169915253138,0.08828534862401215,25,0,A
1,art,5,pca,ridge,0.5682985459155809,0.014435263513229745,0.3521492530985858,0.272673406135482,25,0,A
1,art,5,emotion,ridge,0.494823661026361,0.028119307864344124,0.17983832730583585,0.22329950936677578,25,0,A
1,art,6,population,ridge,,0.46891306953599704,0.6955277398264431,0.6610264035433231,25,0,A
1,art,6,identity,ridge,7.602070555421807,0.32319429822257173,0.672491406340185,0.6229470137560658,25,0,A
1,art,6,pca,ridge,0.5679233280100061,0.12905321181427334,0.6098146288678329,0.5771952029820273,25,0,A
1,art,6,emotion,ridge,0.47852221515586235,0.31143446318854073,0.697472365380478,0.6854249506442749,25,0,A
1,art,16,population,ridge,,0.24302445295177952,0.43181423624841264,0.4441538294343872,25,0,A
1,art,16,identity,ridge,7.66358701503837,0.05140673302010156,0.15513524892654953,0.19764330891980825,25,0,A
1,art,16,pca,ridge,0.5668982177802777,0.04781993486998598,0.4899777660942245,0.5050392752180279,25,0,A
1,art,16,emotion,ridge,0.4978809820310183,0.10582169865733713,0.46369935654946964,0.47581119439553493,25,0,A
1,art,17,population,ridge,,0.09511727910034268,0.1343351987514556,0.11670309099275189,25,0,A
1,art,17,identity,ridge,7.73869994126367,0.04621871448860326,0.08415589570906247,0.10617003593333735,25,0,A
1,art,17,pca,ridge,0.5715825106361004,0.01929133308790222,0.07831310014933175,0.12059779454586035,25,0,A
1,art,17,emotion,ridge,0.49166474521668,0.046707958169041885,0.14823025037669754,0.15758446429946482,25,0,A
1,art,23,population,ridge,,0.09174443444135243,0.12579769973799432,0.13766946764669902,25,0,A
1,art,23,identity,ridge,7.703780166594059,-0.018799548603308885,-0.11826755573959324,-0.051729981668265125,25,0,A
1,art,23,pca,ridge,0.5628818190786683,0.0022806181350668777,0.05507340610595291,0.025899672173055013,25,0,A
1,art,23,emotion,ridge,0.4967099952426975,0.02528610354450118,0.13165447840341735,0.14048114212368062,25,0,A
1,art,35,population,ridge,,0.07853314630017763,0.12399664671795695,0.09884830470021677,25,0,A
1,art,35,identity,ridge,7.576151453095397,0.008186741515873593,0.07276137823382425,0.030346487368133442,25,0,A
1,art,35,pca,ridge,0.571824552890496,0.012689700053695102,0.13697485816510754,0.17811372964627398,25,0,A
1,art,35,emotion,ridge,0.5072031407754686,0.027975345497565328,0.2947461274443239,0.21154747259670045,25,0,A
1,art,39,population,ridge,,0.5714494294204944,0.7551615512399882,0.7710497567928108,25,0,A
1,art,39,identity,ridge,7.67935875748914,0.38434850713502217,0.7201737539453675,0.7142335938488245,25,0,A
1,art,39,pca,ridge,0.5633761726935387,0.1319153296189546,0.7329596628717303,0.7191100270568741,25,0,A
1,art,39,emotion,ridge,0.4720711855663233,0.2602712985379988,0.7237419145759804,0.7393865672864146,25,0,A
1,art,44,population,ridge,,0.3497141923447877,0.6442808861252638,0.622132627278377,25,0,A
1,art,44,identity,ridge,7.646654945063965,0.19172872228178747,0.5410618546679042,0.5240970970492995,25,0,A
1,art,44,pca,ridge,0.5701986933428871,0.07990060774604467,0.5881933755757243,0.568467035140304,25,0,A
1,art,44,emotion,ridge,0.4935369245046381,0.1937202148328852,0.6896112024124028,0.6507222133395099,25,0,A
1,art,51,population,ridge,,0.33069502451353044,0.523413845635951,0.5573697934408908,25,0,A
1,art,51,identity,ridge,7.686450570510576,0.10965182001551863,0.3266036111003359,0.2971928760489296,25,0,A
1,art,51,pca,ridge,0.5639278390627521,0.04978211100343488,0.4516692529572918,0.43578702279414255,25,0,A
1,art,51,emotion,ridge,0.5000891619277451,0.09490935981336732,0.4749667497646281,0.5242234400653852,25,0,A
1,art,64,population,ridge,,0.21723122411564855,0.3725086901768407,0.3498016746342494,25,0,A
1,art,64,identity,ridge,7.503377671403784,0.032724187264625205,0.031781987275835866,0.09860159041832556,25,0,A
1,art,64,pca,ridge,0.5691753810416318,0.018457974830590224,0.3732524184282253,0.35008110839750867,25,0,A
1,art,64,emotion,ridge,0.5038481224890824,0.04132070493782572,0.3490564593165125,0.35663550791256093,25,0,A
1,art,69,population,ridge,,0.3000315895878488,0.34852442212493556,0.3451633054442184,25,0,A
1,art,69,identity,ridge,7.63388235804165,0.1743381042504142,0.26945124943021165,0.2988496097448385,25,0,A
1,art,69,pca,ridge,0.5670592680843926,0.049490054036503195,0.3288439880320265,0.3306583371887735,25,0,A
1,art,69,emotion,ridge,0.48368460852218753,0.07973095468918241,0.2974657448991995,0.28640776172220267,25,0,A
1,art,81,population,ridge,,0.29950260630603803,0.3498887832383117,0.42237686539306124,25,0,A
1,art,81,identity,ridge,7.674569609206302,0.0455460412765259,0.2339977856679195,0.17537633976885567,25,0,A
1,art,81,pca,ridge,0.572907642445211,0.034095003449062494,0.4902565366317081,0.45536713414834296,25,0,A
1,art,81,emotion,ridge,0.494887646662473,0.061917736750667286,0.34504496208596985,0.4300403764214692,25,0,A
1,art,92,population,ridge,,0.2718235794231453,0.34898250446868684,0.37785840223975736,25,0,A
1,art,92,identity,ridge,7.597039392178378,0.20482556628410206,0.47626020977090106,0.49052644788697924,25,0,A
1,art,92,pca,ridge,0.5662461245246312,0.07999939576238241,0.575794125144199,0.5133327305727835,25,0,A
1,art,92,emotion,ridge,0.4874336505158464,0.10384656617045837,0.3963679155862164,0.42262266922572467,25,0,A
1,art,100,population,ridge,,0.37891693561809947,0.6158341921929029,0.6583502077347956,25,0,A
1,art,100,identity,ridge,7.680174844744403,0.25214879663866185,0.42130523402869624,0.4813088109749299,25,0,A
1,art,100,pca,ridge,0.5703703000421021,0.09628108362859426,0.5301896956463182,0.5556802529212999,25,0,A
1,art,100,emotion,ridge,0.4771464821334748,0.26401620206138804,0.5920468189510275,0.6122753733788333,25,0,A
1,art,101,population,ridge,,0.45768968309453534,0.6286828123709176,0.609700703685544,25,0,A
1,art,101,identity,ridge,7.636529460783033,0.2999254128450368,0.553701350485103,0.5039946038080073,25,0,A
1,art,101,pca,ridge,0.563593945903731,0.11283526713767088,0.5862841104820917,0.5567393741577782,25,0,A
1,art,101,emotion,ridge,0.4879062360711459,0.21358628661093132,0.6052992858746561,0.5842756041700327,25,0,A
1,art,106,population,ridge,,0.4134026679528354,0.4795204959576387,0.4841943442066689,25,0,A
1,art,106,identity,ridge,7.658392713053053,0.10203923260510384,0.2225120349353283,0.1967437318709151,25,0,A
1,art,106,pca,ridge,0.5699583440026905,0.06489482807145129,0.4118389114419518,0.3765197901430096,25,0,A
1,art,106,emotion,ridge,0.5054847900903155,0.14738737794053736,0.45405164336417975,0.4703735599092713,25,0,A
1,art,111,population,ridge,,0.47638881125884397,0.6833186886705842,0.67217760246109,25,0,A
1,art,111,identity,ridge,7.647325841466354,0.20274225274214197,0.5230443858475904,0.5259157407917484,25,0,A
1,art,111,pca,ridge,0.5704048836860742,0.07898174859628479,0.639620935859157,0.6378281262211967,25,0,A
1,art,111,emotion,ridge,0.5039087043638122,0.22882588487470107,0.5849987448448729,0.6029252344464223,25,0,A
1,art,118,population,ridge,,0.45421007538315583,0.6419592649092528,0.6184041060336193,25,0,A
1,art,118,identity,ridge,7.6217009570767145,0.3415769775081203,0.6029892179321503,0.6078790625184279,25,0,A
1,art,118,pca,ridge,0.5641922867315474,0.10683578245483087,0.6433047780401757,0.6336027027410134,25,0,A
1,art,118,emotion,ridge,0.48910716842194535,0.19305953520186844,0.5975573315887944,0.5503321871942933,25,0,A
1,art,119,population,ridge,,0.2796761994580433,0.5684837286940606,0.5850198423855154,25,0,A
1,art,119,identity,ridge,7.544166868788982,0.46021163721245756,0.6307799477094018,0.5855052084292078,25,0,A
1,art,119,pca,ridge,0.5620496571912997,0.11745944511909634,0.5941004059687195,0.5632379338319986,25,0,A
1,art,119,emotion,ridge,0.48642402618978453,0.1972802794647835,0.5470955240597485,0.552087178311266,25,0,A
1,art,128,population,ridge,,0.4167200156287525,0.5219743397240193,0.4897524447081619,25,0,A
1,art,128,identity,ridge,7.76184607406463,0.17051642791752386,0.5462906930777941,0.48811659568769916,25,0,A
1,art,128,pca,ridge,0.5718378753473785,0.08478748257752497,0.7063775307243982,0.6370405237880298,25,0,A
1,art,128,emotion,ridge,0.5070755265831574,0.1370467349418998,0.6091622541203376,0.549224311807071,25,0,A
1,art,129,population,ridge,,0.23973803335390048,0.3418183718210722,0.35491564317224156,25,0,A
1,art,129,identity,ridge,7.519913894714179,0.07772291745030953,0.24582621895940002,0.26957957786519016,25,0,A
1,art,129,pca,ridge,0.5715695987555159,0.012352926178719081,0.13638613250288817,0.17680955600362783,25,0,A
1,art,129,emotion,ridge,0.5050609519491005,0.00018865491116763357,-0.001103934847337579,0.0034414435580909335,25,0,A
1,art,137,population,ridge,,0.4669557995844029,0.49993194927383183,0.5422344955070381,25,0,A
1,art,137,identity,ridge,7.65401637359857,-0.04412702359456191,-0.09554054315139776,-0.10656507104202871,25,0,A
1,art,137,pca,ridge,0.5691728639697203,-0.004114793197213507,-0.054042628662844205,-0.04261477532946767,25,0,A
1,art,137,emotion,ridge,0.4987262093076182,0.024322392847159233,0.22169018888806474,0.16982232874195682,25,0,A
1,fashion,5,population,ridge,,0.09337428633118185,0.1600355772580081,0.18647802576988018,25,0,A
1,fashion,5,identity,ridge,0.39701918245160106,0.004934312780809452,0.10928738320253438,0.20780919308763568,25,0,A
1,fashion,5,pca,ridge,5.197261617002071,0.20746182869840238,0.18532962981562595,0.2745771557749041,25,0,A
1,fashion,5,emotion,ridge,3.966005087121972,0.1878996330195653,0.16553196420618244,0.20457532744460782,25,0,A
1,fashion,6,population,ridge,,0.23995169517396597,0.3420373230107772,0.3807332548167197,25,0,A
1,fashion,6,identity,ridge,0.39686934044439476,0.008665232098391637,0.37246965567037654,0.3623916650144207,25,0,A
1,fashion,6,pca,ridge,5.127674963207027,0.3225859168918982,0.5239282617782174,0.5107246569423078,25,0,A
1,fashion,6,emotion,ridge,4.460452522269614,0.2973429543681336,0.37216834544602406,0.4049532825354961,25,0,A
1,fashion,16,population,ridge,,0.13867511693523335,0.3298638058875581,0.2913650181396372,25,0,A
1,fashion,16,identity,ridge,0.39679276311118533,0.005525274291712822,0.21670348295617436,0.21151017417354695,25,0,A
1,fashion,16,pca,ridge,5.187125284560373,0.1430758562319408,0.11896967514399572,0.16427818345252526,25,0,A
1,fashion,16,emotion,ridge,4.174420012582549,0.2672708975700259,0.28719679888064287,0.27769932076922993,25,0,A
1,fashion,17,population,ridge,,0.06709538539294312,0.02437302761249376,0.10089991100967158,25,0,A
1,fashion,17,identity,ridge,0.39680204792414653,0.005155107222849807,0.12614760061477245,0.1738481370340739,25,0,A
1,fashion,17,pca,ridge,5.158391863254822,-0.018012978861873797,-0.04499229175321516,-0.01899842370323241,25,0,A
1,fashion,17,emotion,ridge,4.450461697652638,0.17243113634954615,0.09236372936882124,0.18879111147726538,25,0,A
1,fashion,23,population,ridge,,0.17571663023593323,0.44426486451699987,0.45841582252977675,25,0,A
1,fashion,23,identity,ridge,0.39649873438833294,0.005712602115589683,0.3610422375827311,0.35614501317268277,25,0,A
1,fashion,23,pca,ridge,5.129842894274615,0.2336251833622557,0.3413212359395395,0.3196255677801472,25,0,A
1,fashion,23,emotion,ridge,4.204252461231037,0.27666830629162564,0.4342564561830802,0.41790419295388453,25,0,A
1,fashion,35,population,ridge,,0.17257730575000582,0.256655507876222,0.2397784822763038,25,0,A
1,fashion,35,identity,ridge,0.3961911919112106,0.00198683996520947,-0.019973593959722112,0.08271433812069656,25,0,A
1,fashion,35,pca,ridge,5.041798316907775,0.14593839445471982,0.0767379270525075,0.15852369603793523,25,0,A
1,fashion,35,emotion,ridge,3.912244129980593,0.2560826706260599,0.215207713156695,0.26302385691510394,25,0,A
1,fashion,39,population,ridge,,0.25712638418191175,0.32686449204769297,0.3878116293941495,25,0,A
1,fashion,39,identity,ridge,0.3967001615151295,0.011961600144039857,0.35505023397185453,0.3141204637060758,25,0,A
1,fashion,39,pca,ridge,5.383186230096571,0.36618243813171686,0.35274731367254475,0.3844761523768939,25,0,A
1,fashion,39,emotion,ridge,4.161279972557578,0.3025319480351273,0.28195754621115127,0.30739609424856007,25,0,A
1,fashion,44,population,ridge,,0.14961793652140717,0.4435585608967581,0.3449897848761883,25,0,A
1,fashion,44,identity,ridge,0.39662306702416034,-0.00031196306601977044,0.03454044317085687,-0.029158712811396807,25,0,A
1,fashion,44,pca,ridge,5.3322128118700896,0.0621384548191686,0.29170323973731044,0.18009611863870884,25,0,A
1,fashion,44,emotion,ridge,4.409385242680576,0.01611904516278121,0.11292067959703206,0.047094023741671924,25,0,A
1,fashion,51,population,ridge,,0.21537137986734517,0.5047971090683091,0.5002745945155439,25,0,A
1,fashion,51,identity,ridge,0.39639648375233844,0.0030097727604513624,0.21033212877846208,0.21585267659232066,25,0,A
1,fashion,51,pca,ridge,5.234111967011456,0.380211286537045,0.4373432263653216,0.45214393915283063,25,0,A
1,fashion,51,emotion,ridge,4.548520604258264,0.46489556040560026,0.4890037492231894,0.49997383831191544,25,0,A
1,fashion,64,population,ridge,,0.02526728770800817,0.16441400763501315,0.10324647010522457,25,0,A
1,fashion,64,identity,ridge,0.39663735294857516,0.003707021127196665,0.32196714854493874,0.2778969290190723,25,0,A
1,fashion,64,pca,ridge,5.166598582746381,0.034317029317746564,0.1615018411833573,0.10394810966175569,25,0,A
1,fashion,64,emotion,ridge,4.012938061624696,0.03765420404388038,0.06589393581289181,0.10719038495294456,25,0,A
1,fashion,69,population,ridge,,0.29561023781323276,0.3903262797087034,0.38685734539972505,25,0,A
1,fashion,69,identity,ridge,0.39654643699176695,0.0030728363691978713,0.1554327567943543,0.14133615150593473,25,0,A
1,fashion,69,pca,ridge,5.19690944961645,0.0624759875622855,0.1705334266336718,0.08553008932741366,25,0,A
1,fashion,69,emotion,ridge,3.9475347859737244,0.16760240246842795,0.332475092841525,0.2721743125546265,25,0,A
1,fashion,81,population,ridge,,0.19315158564872512,0.369605741440563,0.36929035959893824,25,0,A
1,fashion,81,identity,ridge,0.39673480063404964,0.008758886321557446,0.39039708759276376,0.43109271442602654,25,0,A
1,fashion,81,pca,ridge,5.093403204988205,0.3649590844920116,0.3986372274063655,0.4118402973013304,25,0,A
1,fashion,81,emotion,ridge,4.230112028390121,0.2883721763542883,0.3153627018728797,0.3454256077076738,25,0,A
1,fashion,92,population,ridge,,0.030651999519222026,0.016262386244718333,0.06918090969359615,25,0,A
1,fashion,92,identity,ridge,0.3966114826097445,0.005580474492220076,0.24398964263185025,0.2755753901589132,25,0,A
1,fashion,92,pca,ridge,5.099843324701555,0.21923785200251408,0.21119562533703742,0.33605744363020307,25,0,A
1,fashion,92,emotion,ridge,4.254292479691136,0.09361016718600308,0.05627216432361145,0.12540045838176656,25,0,A
1,fashion,100,population,ridge,,0.24229096137182451,0.5190663772736228,0.5862073788484216,25,0,A
1,fashion,100,identity,ridge,0.396530036314076,0.009249226401787545,0.3890089115324198,0.40248388982181094,25,0,A
1,fashion,100,pca,ridge,5.253220583330725,0.43358485690782994,0.5079879700401247,0.5022469132982758,25,0,A
1,fashion,100,emotion,ridge,3.962461813584734,0.365049435270045,0.4504207214934545,0.5309247712393838,25,0,A
1,fashion,101,population,ridge,,0.17506008688911256,0.304191540881183,0.2848755451192168,25,0,A
1,fashion,101,identity,ridge,0.3967429011182969,0.005064652183000019,0.15639872518895162,0.18352421023018303,25,0,A
1,fashion,101,pca,ridge,5.279164990595397,0.21903522061044597,0.3239403620962001,0.24078980950593562,25,0,A
1,fashion,101,emotion,ridge,4.49098469336504,0.30719454373117283,0.33219805560172366,0.3109632323512272,25,0,A
1,fashion,106,population,ridge,,0.10208768258524754,0.26624185516661425,0.33996536478998546,25,0,A
1,fashion,106,identity,ridge,0.3964108847133925,0.0004705162386145894,0.05017083091227408,0.01808949423721508,25,0,A
1,fashion,106,pca,ridge,4.951234813284376,0.0681241453517138,0.11464084341591624,0.0875419792561497,25,0,A
1,fashion,106,emotion,ridge,4.0437417915017075,-0.014187542893182331,-0.023106289976362913,-0.016040441825322924,25,0,A
1,fashion,111,population,ridge,,0.19622397815988388,0.36150939588111297,0.36585837322991827,25,0,A
1,fashion,111,identity,ridge,0.39674165240626436,0.007981027300420931,0.31902799017031785,0.3588528232701021,25,0,A
1,fashion,111,pca,ridge,5.3282820924841925,0.3564054159220786,0.4539862594110866,0.45245963868774497,25,0,A
1,fashion,111,emotion,ridge,4.146179033811486,0.11317539163222823,0.2697692041264711,0.23280139721505128,25,0,A
1,fashion,118,population,ridge,,0.2042660322608122,0.29316429706067026,0.3071009415512969,25,0,A
1,fashion,118,identity,ridge,0.3965933641442615,0.007692476734140413,0.15627168700461425,0.23411186025411088,25,0,A
1,fashion,118,pca,ridge,4.759087076377051,0.21856638346578,0.21723400067910698,0.2857794104296224,25,0,A
1,fashion,118,emotion,ridge,3.7384260164295173,0.2862181262695505,0.3570012564206269,0.3630792702411145,25,0,A
1,fashion,119,population,ridge,,0.2111699453130249,0.43228336267556117,0.506083988545641,25,0,A
1,fashion,119,identity,ridge,0.396762132339471,0.01116420237231854,0.5214714825708021,0.5103117366608858,25,0,A
1,fashion,119,pca,ridge,5.2535930736983465,0.45389468907461394,0.561855784938296,0.558786783554751,25,0,A
1,fashion,119,emotion,ridge,4.7029239915237175,0.48728861638627496,0.5857437116720378,0.5794021632013031,25,0,A
1,fashion,128,population,ridge,,0.3726388410856124,0.5643631962103511,0.5556336101174546,25,0,A
1,fashion,128,identity,ridge,0.39640793016498205,0.007170196380583906,0.3127658999413363,0.35569079319076946,25,0,A
1,fashion,128,pca,ridge,5.156137858073284,0.2358263800885294,0.3165734848101873,0.34580691566525756,25,0,A
1,fashion,128,emotion,ridge,3.917657362061039,0.19471017390971015,0.2712780596171021,0.2685367387999959,25,0,A
1,fashion,129,population,ridge,,0.1393228244748438,0.21472123093809262,0.30261084310860253,25,0,A
1,fashion,129,identity,ridge,0.3966021095310163,0.0038644692360032123,0.2206245639415164,0.2234357440569131,25,0,A
1,fashion,129,pca,ridge,5.219950984711354,0.0549036128294,0.02666505500699053,0.08164027425286842,25,0,A
1,fashion,129,emotion,ridge,4.526372672263494,-0.02125313251122209,-0.07409183201754779,-0.027867651168119775,25,0,A
1,fashion,137,population,ridge,,0.09860265615008534,0.17373102506938376,0.1971554317003073,25,0,A
1,fashion,137,identity,ridge,0.3963649027608117,-0.0016568454984656018,-0.09802368574834783,-0.07957649267008002,25,0,A
1,fashion,137,pca,ridge,4.996606190596694,0.08425704294543011,0.09070036142186855,0.12636053551994927,25,0,A
1,fashion,137,emotion,ridge,3.914784437221505,0.1872755772565902,0.21935335634650477,0.23461256584276063,25,0,A
1,landscape,5,population,ridge,,0.2581137694412638,0.39468476618380177,0.4224379615411975,25,0,A
1,landscape,5,identity,ridge,1.2005168168544578,0.03236595044587388,0.49172492280506974,0.46210602861459793,25,0,A
1,landscape,5,pca,ridge,0.00019999280319786425,2.3155550160785013e-05,0.48376239010189526,0.47258221152735663,25,0,A
1,landscape,5,emotion,ridge,0.5033987504194742,0.1383356245875832,0.5274278920225294,0.530034798570123,25,0,A
1,landscape,6,population,ridge,,0.37231621614576355,0.6580622951220773,0.6370071303324822,25,0,A
1,landscape,6,identity,ridge,1.197799593672009,0.03170833994597391,0.44854932940875547,0.4703888280645669,25,0,A
1,landscape,6,pca,ridge,0.00019999249123922466,3.399018644775633e-05,0.5800537160944677,0.5728753070604817,25,0,A
1,landscape,6,emotion,ridge,0.4859269625220879,0.137898492344503,0.6016681838351151,0.5815039502466863,25,0,A
1,landscape,16,population,ridge,,0.2772185771756667,0.5109677405522783,0.5142293266783036,25,0,A
1,landscape,16,identity,ridge,1.2028101439184928,0.01363975047518598,0.24964620119724887,0.23463741713350383,25,0,A
1,landscape,16,pca,ridge,0.00019999274610362814,2.2932284807405317e-05,0.36532034983609984,0.3541330922581537,25,0,A
1,landscape,16,emotion,ridge,0.49178858522577884,0.18670943805668652,0.529118476343786,0.5529338036274266,25,0,A
1,landscape,17,population,ridge,,-0.06230229218550611,-0.07629966323250356,-0.08044134109951925,25,0,A
1,landscape,17,identity,ridge,1.1968445476641107,0.002100944029465631,-0.06426635974991751,0.030688541304968172,25,0,A
1,landscape,17,pca,ridge,0.00019999336712194123,4.851555429579008e-07,-0.04658911746576456,0.015467241552996535,25,0,A
1,landscape,17,emotion,ridge,0.49250221956404777,0.013610629272698061,0.06006002800157992,0.14912552113438018,25,0,A
1,landscape,23,population,ridge,,0.32900954945284117,0.7581172680979462,0.7155362170814372,25,0,A
1,landscape,23,identity,ridge,1.1994630872656535,0.02174369814558969,0.319948789822315,0.33245295407300507,25,0,A
1,landscape,23,pca,ridge,0.00019999275949475774,3.192289120474985e-05,0.5628719681987581,0.5384215399936579,25,0,A
1,landscape,23,emotion,ridge,0.5023599309779143,0.22050545573919123,0.6308787580512842,0.6125837796513145,25,0,A
1,landscape,35,population,ridge,,0.35983267745773007,0.4801020092953743,0.48968838634773704,25,0,A
1,landscape,35,identity,ridge,1.1963738869145841,-0.009694843877012096,-0.16845950073951815,-0.18546532420749598,25,0,A
1,landscape,35,pca,ridge,0.00019999254409257603,-2.293451209794154e-07,-0.05564864609634276,-0.012553117941124283,25,0,A
1,landscape,35,emotion,ridge,0.49812720355054735,0.024098398732993336,0.3206229790954291,0.3517314157755101,25,0,A
1,landscape,39,population,ridge,,0.4256873589517592,0.7882346292959229,0.7545268195350225,25,0,A
1,landscape,39,identity,ridge,1.192260855991729,0.09390809593607759,0.7722916926983547,0.7407006970158243,25,0,A
1,landscape,39,pca,ridge,0.00019999260086373455,8.280453954873562e-05,0.8019990279733267,0.7936913349133008,25,0,A
1,landscape,39,emotion,ridge,0.4698617916864434,0.4052507220191067,0.7513975335549576,0.7591727994400023,25,0,A
1,landscape,44,population,ridge,,0.35691242943066964,0.6320640777107418,0.5859479434072388,25,0,A
1,landscape,44,identity,ridge,1.1900315717767258,0.004388708355643321,0.11385224448468828,0.07879757180464546,25,0,A
1,landscape,44,pca,ridge,0.0001999930177123026,4.873770272671714e-06,0.1958742868117167,0.1852251321807521,25,0,A
1,landscape,44,emotion,ridge,0.4910927618780347,0.032641615651418814,0.4150537295613714,0.3272481034169294,25,0,A
1,landscape,51,population,ridge,,0.34267142565402536,0.7350116948397329,0.6963852277532739,25,0,A
1,landscape,51,identity,ridge,1.2004924476648575,0.021678899599107116,0.4232460590344917,0.43817504158615117,25,0,A
1,landscape,51,pca,ridge,0.00019999306134266067,3.17099492973265e-05,0.7017768065527064,0.6913340051501693,25,0,A
1,landscape,51,emotion,ridge,0.4901519467386313,0.16012944401299625,0.6953050054660671,0.6616968320692111,25,0,A
1,landscape,64,population,ridge,,0.15907096406772953,0.3067929980967406,0.3246808574318019,25,0,A
1,landscape,64,identity,ridge,1.1982801774437293,0.006149313833264329,0.17722963728402918,0.07192836433250295,25,0,A
1,landscape,64,pca,ridge,0.0001999927571230621,1.3855645411623912e-05,0.22405619696776938,0.24790276437373002,25,0,A
1,landscape,64,emotion,ridge,0.49096609099568467,0.12032812647987773,0.28550370777639045,0.3320422452341117,25,0,A
1,landscape,69,population,ridge,,0.19010807911940497,0.25800602848753257,0.22273366241123932,25,0,A
1,landscape,69,identity,ridge,1.200375489135054,0.024312252563555226,0.29717759891698536,0.2978207510669057,25,0,A
1,landscape,69,pca,ridge,0.00019999286995374234,2.4517978560370477e-05,0.2937867782208957,0.3387557663642874,25,0,A
1,landscape,69,emotion,ridge,0.49506995294610034,0.09137680986782604,0.38351700350696777,0.37640259812182236,25,0,A
1,landscape,81,population,ridge,,0.293774998460534,0.43166228820253677,0.3819597834279394,25,0,A
1,landscape,81,identity,ridge,1.2022200427335785,0.03479112011159651,0.3947268581849527,0.41026194827782175,25,0,A
1,landscape,81,pca,ridge,0.00019999273070342216,2.400294191765685e-05,0.479448185792052,0.44736580378948054,25,0,A
1,landscape,81,emotion,ridge,0.4817562149701236,0.10058909205058439,0.45687044518783154,0.4459442767875899,25,0,A
1,landscape,92,population,ridge,,0.261155521444216,0.4256035632053209,0.44293261327310246,25,0,A
1,landscape,92,identity,ridge,1.1958512247145348,0.01359827844487629,0.3244596580896332,0.34736722256469865,25,0,A
1,landscape,92,pca,ridge,0.00019999351853569966,9.67908861626214e-06,0.4006797070805168,0.43786993455880113,25,0,A
1,landscape,92,emotion,ridge,0.5077439231495541,0.0524966512389925,0.4577198748050183,0.4207776083077443,25,0,A
1,landscape,100,population,ridge,,0.23510133076816425,0.4784483680063645,0.44997701546550944,25,0,A
1,landscape,100,identity,ridge,1.2002444426502143,0.05553526425168,0.42670802257269075,0.4614943626493592,25,0,A
1,landscape,100,pca,ridge,0.00019999227382833503,4.462708192659059e-05,0.48379220677219753,0.5058152292657434,25,0,A
1,landscape,100,emotion,ridge,0.47906115112405284,0.20977870184723876,0.5193512086532551,0.4880086870731689,25,0,A
1,landscape,101,population,ridge,,0.13445926538070424,0.19572275428924746,0.21634162078118555,25,0,A
1,landscape,101,identity,ridge,1.1957403932353186,0.004988937649349739,0.0851808195764162,0.07497706330482985,25,0,A
1,landscape,101,pca,ridge,0.00019999305793116695,7.302159806876297e-06,0.16126416498566143,0.17179770467533256,25,0,A
1,landscape,101,emotion,ridge,0.48938640693949736,0.041024625347281865,0.16126416498566143,0.15611581193437368,25,0,A
1,landscape,106,population,ridge,,0.2473067212725319,0.4378238902472069,0.4410514606222211,25,0,A
1,landscape,106,identity,ridge,1.1960164500288504,-0.00589568226746554,-0.08870326866285978,-0.11231576466660098,25,0,A
1,landscape,106,pca,ridge,0.00019999250687760263,1.1668792052314243e-05,0.34847712688980625,0.29038615584885313,25,0,A
1,landscape,106,emotion,ridge,0.5003805745472265,0.05865844708901428,0.28793912601107996,0.30337935801704247,25,0,A
1,landscape,111,population,ridge,,0.27776233659203275,0.4735146197880375,0.4546944317366698,25,0,A
1,landscape,111,identity,ridge,1.2006485816267547,0.013486681871538647,0.3647568449250607,0.31106531633646856,25,0,A
1,landscape,111,pca,ridge,0.00019999300483323262,1.65815569064657e-05,0.5117028701471642,0.4737051199537387,25,0,A
1,landscape,111,emotion,ridge,0.48212762536084974,0.05539402198765681,0.4290764882490022,0.43769210490830657,25,0,A
1,landscape,118,population,ridge,,0.29979369304527637,0.5447888178799966,0.5104279326848739,25,0,A
1,landscape,118,identity,ridge,1.2008207403957525,0.03953743925587725,0.5031653987840655,0.498542558454042,25,0,A
1,landscape,118,pca,ridge,0.00019999353038245446,2.9810523313972174e-05,0.5495187518681705,0.5112311261129384,25,0,A
1,landscape,118,emotion,ridge,0.49006124589838074,0.21163000254949987,0.6364499596929258,0.6141198426928992,25,0,A
1,landscape,119,population,ridge,,0.3676362037439989,0.7265266218385579,0.7264708295717998,25,0,A
1,landscape,119,identity,ridge,1.1955345981935699,0.08441015866040154,0.6602011585661253,0.6537958458202688,25,0,A
1,landscape,119,pca,ridge,0.00019999285826397017,7.910455964406252e-05,0.7420442773966366,0.747818751233606,25,0,A
1,landscape,119,emotion,ridge,0.48872175616460173,0.3980403794469381,0.6561966022930728,0.6757167705992806,25,0,A
1,landscape,128,population,ridge,,0.2669560294137449,0.41714035340172806,0.37644189803427075,25,0,A
1,landscape,128,identity,ridge,1.2010145108828065,0.01715075979593166,0.31309459548717694,0.3237490253116395,25,0,A
1,landscape,128,pca,ridge,0.00019999319346558492,1.439290314216533e-05,0.45034430229552425,0.45469783933966873,25,0,A
1,landscape,128,emotion,ridge,0.5010829773037383,0.05584366990805573,0.45739825198464645,0.42406390756748397,25,0,A
1,landscape,129,population,ridge,,0.38416914976635413,0.565875407160558,0.5749298820939308,25,0,A
1,landscape,129,identity,ridge,1.1973138773394925,0.033507716905795425,0.3659613177095388,0.47525490214454497,25,0,A
1,landscape,129,pca,ridge,0.00019999303863152255,2.8155341600089894e-05,0.5388815266218304,0.5727757296075222,25,0,A
1,landscape,129,emotion,ridge,0.49416731135478215,0.176618722154272,0.5758860528953997,0.5976918312236064,25,0,A
1,landscape,137,population,ridge,,0.2785966436304212,0.472363319344663,0.46826337778175836,25,0,A
1,landscape,137,identity,ridge,1.1979182788614418,0.021902691768055038,0.2194498498532069,0.2588372202867285,25,0,A
1,landscape,137,pca,ridge,0.00019999245441043806,3.406036687104614e-05,0.3987830755703525,0.44100706374778853,25,0,A
1,landscape,137,emotion,ridge,0.5005289470113853,0.18825864758874525,0.43224669520860165,0.4773292243871674,25,0,A
2,art,7,population,ridge,,0.22055886383359388,0.2221934832161778,0.26109886380492886,25,0,A
2,art,7,identity,ridge,3.306698485155576,0.10721015036407913,0.30986098563220155,0.34862828141597285,25,0,A
2,art,7,pca,ridge,0.00019999242306855295,3.079281890153831e-05,0.35220716609786007,0.3963226733111122,25,0,A
2,art,7,emotion,ridge,0.061484825649147375,0.017820047428243422,0.3058941303192593,0.3660791996088774,25,0,A
2,art,8,population,ridge,,0.31964521758507203,0.5917014358227132,0.6204483276876562,25,0,A
2,art,8,identity,ridge,3.3299841864625352,0.16804541093042424,0.5780856544680512,0.5300523715970207,25,0,A
2,art,8,pca,ridge,0.00019999234391903663,4.2129946085965805e-05,0.5464927867935621,0.50157119763346,25,0,A
2,art,8,emotion,ridge,0.061498915803021796,0.029302030193918253,0.5432484013926465,0.5488594712992216,25,0,A
2,art,40,population,ridge,,0.15177167452208876,0.31512815389386045,0.29522678110848755,25,0,A
2,art,40,identity,ridge,3.3087785013152224,0.0010839593934951694,-0.017304869346600662,0.006549721645545432,25,0,A
2,art,40,pca,ridge,0.00019999321408219412,4.449711655655444e-06,0.08462928899475886,0.11092558156782949,25,0,A
2,art,40,emotion,ridge,0.06164136673727607,0.007259570315853725,0.1999784613252699,0.2193103362927861,25,0,A
2,art,41,population,ridge,,0.4107439299642299,0.6834824017225695,0.6753597775349669,25,0,A
2,art,41,identity,ridge,3.2824192393144735,0.31162607715636687,0.67375588398068,0.6711715156308669,25,0,A
2,art,41,pca,ridge,0.00019999189234112444,5.0907056075439985e-05,0.6107280490132366,0.6241355172860337,25,0,A
2,art,41,emotion,ridge,0.06148804822204449,0.035378746211474923,0.5827156779165951,0.6125977065849258,25,0,A
2,art,45,population,ridge,,-0.015427122292476947,0.034619300254398265,-0.021035530159372342,25,0,A
2,art,45,identity,ridge,3.2625795419163217,-0.04897579716957625,-0.24827133991242217,-0.20402960311942056,25,0,A
2,art,45,pca,ridge,0.00019999258991507568,-9.428604454206431e-06,-0.1621170873825084,-0.1910155635496878,25,0,A
2,art,45,emotion,ridge,0.06136624390893369,0.0015325012417767726,0.08389533005504406,0.05054975805974521,25,0,A
2,art,46,population,ridge,,0.07602711329847928,0.07638473194772853,0.1043742082481431,25,0,A
2,art,46,identity,ridge,3.3081330734731993,0.02087559382515052,0.07033294559501235,0.15221604832901964,25,0,A
2,art,46,pca,ridge,0.0001999922222357541,6.138692454590387e-06,0.14910787887532628,0.1916611077191422,25,0,A
2,art,46,emotion,ridge,0.0613341796425367,0.0017560152082854478,0.07928348675533207,0.12406333358506948,25,0,A
2,art,52,population,ridge,,0.40645095039003454,0.5721289072677246,0.5613883105976354,25,0,A
2,art,52,identity,ridge,3.2971252898203947,0.1191417030462358,0.5441346813080422,0.5258022170307465,25,0,A
2,art,52,pca,ridge,0.0001999931172334779,2.7741686069100606e-05,0.5809665905953844,0.5768165427803166,25,0,A
2,art,52,emotion,ridge,0.06133402234358139,0.022683409304982926,0.619773401184997,0.6357843944202708,25,0,A
2,art,58,population,ridge,,0.4768123676326583,0.6672749758301654,0.6850661034354045,25,0,A
2,art,58,identity,ridge,3.251995017441438,0.1524482143252757,0.4922681310396209,0.5009397365539838,25,0,A
2,art,58,pca,ridge,0.0001999934601248493,3.0582549884630166e-05,0.5588041228160484,0.5791560467118836,25,0,A
2,art,58,emotion,ridge,0.06161262604424976,0.022164311240794748,0.6322146820084907,0.6616199153525064,25,0,A
2,art,65,population,ridge,,0.5342782088318064,0.678734540994001,0.6735310516222082,25,0,A
2,art,65,identity,ridge,3.256404752391705,0.07348550821385016,0.44253118628769805,0.4375827503054775,25,0,A
2,art,65,pca,ridge,0.00019999333385547723,2.5968999198287793e-05,0.637606559323692,0.6247059984758254,25,0,A
2,art,65,emotion,ridge,0.06150532382684158,0.022737396521576508,0.6188852199970639,0.6245958573194994,25,0,A
2,art,66,population,ridge,,0.2941942760226546,0.4415636864407827,0.4187492459945716,25,0,A
2,art,66,identity,ridge,3.3065022510602917,0.16433693725741466,0.5523821484135275,0.546551721389851,25,0,A
2,art,66,pca,ridge,0.00019999227261539607,3.134259771320681e-05,0.44508173285261593,0.45869802904309276,25,0,A
2,art,66,emotion,ridge,0.06122317120159965,0.02009804783033682,0.439316045677667,0.45126893843212895,25,0,A
2,art,74,population,ridge,,0.4320188669309295,0.5227868289009886,0.5074684929303351,25,0,A
2,art,74,identity,ridge,3.327757867107323,0.07853484773491604,0.38921574391117775,0.3972904453869486,25,0,A
2,art,74,pca,ridge,0.00019999187002455078,1.81958609428047e-05,0.47829646002339443,0.4958066542736774,25,0,A
2,art,74,emotion,ridge,0.06151806570864649,0.010067116509732316,0.4717978668165548,0.46572725688762534,25,0,A
2,art,83,population,ridge,,0.6515312194354635,0.6896676375079817,0.672414648025755,25,0,A
2,art,83,identity,ridge,3.3021046383182995,0.07450994527386709,0.3769295598722061,0.3373218226000003,25,0,A
2,art,83,pca,ridge,0.00019999233495020865,1.4587106018387121e-05,0.4900840658726383,0.40238853287145215,25,0,A
2,art,83,emotion,ridge,0.061397603465966906,0.013214791725566418,0.6141304494559998,0.5924799315815992,25,0,A
2,art,87,population,ridge,,0.3396008354217202,0.6477046508724618,0.6330845238497563,25,0,A
2,art,87,identity,ridge,3.320964115931106,0.15410980556465323,0.7042506842226509,0.7402951436118098,25,0,A
2,art,87,pca,ridge,0.00019999195351995408,4.0521135528671484e-05,0.6468218853908456,0.6439109969984093,25,0,A
2,art,87,emotion,ridge,0.06158076573397961,0.027013673812030948,0.5867447901141919,0.5676246393757497,25,0,A
2,art,93,population,ridge,,0.4252728497037892,0.6185575328542386,0.5997217535284736,25,0,A
2,art,93,identity,ridge,3.282092884145509,0.09775475911532357,0.40760296494154286,0.40569931906775347,25,0,A
2,art,93,pca,ridge,0.00019999254628502567,4.952973317144814e-05,0.6459408221405055,0.6391347895921896,25,0,A
2,art,93,emotion,ridge,0.061413754376736504,0.04495695371744755,0.6680637668062508,0.644992600895773,25,0,A
2,art,94,population,ridge,,0.39473938046498763,0.753742577574491,0.7457346116500512,25,0,A
2,art,94,identity,ridge,3.271644187644474,0.09098694444420315,0.6830426923911473,0.6897632323530756,25,0,A
2,art,94,pca,ridge,0.00019999172434686537,2.528106826523466e-05,0.7276926887500498,0.7352409283172314,25,0,A
2,art,94,emotion,ridge,0.061614500889145496,0.019337156002622192,0.6660980918100153,0.6792525168034915,25,0,A
2,art,102,population,ridge,,0.21283713633735468,0.32138824268343735,0.3028099259766083,25,0,A
2,art,102,identity,ridge,3.323995468659863,0.06763207988948217,0.2905599914158416,0.2960123687168589,25,0,A
2,art,102,pca,ridge,0.00019999240234483062,2.083527106443111e-05,0.3319125410227775,0.30171528721490853,25,0,A
2,art,102,emotion,ridge,0.06133516710360132,0.016515930253667103,0.305800366841207,0.31584141276775296,25,0,A
2,art,112,population,ridge,,0.4286045118230818,0.47736565719845164,0.462620582956909,25,0,A
2,art,112,identity,ridge,3.310937740637542,0.07481537535085557,0.3941151848936228,0.41311255441064076,25,0,A
2,art,112,pca,ridge,0.00019999312323150866,1.4680610723998271e-05,0.4950439238441526,0.4874929892082075,25,0,A
2,art,112,emotion,ridge,0.06144031694342001,0.007282693122089126,0.5063748009820498,0.46902111909752614,25,0,A
2,art,113,population,ridge,,0.36031101288834716,0.5034915904606199,0.4767124369644284,25,0,A
2,art,113,identity,ridge,3.2965971725516976,0.028421519026132415,0.31577320001075404,0.30258347818019166,25,0,A
2,art,113,pca,ridge,0.00019999200558166032,1.3113553703826258e-05,0.42430174673524956,0.4374598550306234,25,0,A
2,art,113,emotion,ridge,0.061363493128149364,0.009313988511491157,0.431500823437556,0.4194919758452437,25,0,A
2,art,120,population,ridge,,0.4755775396685683,0.615321494599863,0.6439328053315337,25,0,A
2,art,120,identity,ridge,3.2934287731074985,0.10740060706751282,0.4325374513342782,0.4529403554655802,25,0,A
2,art,120,pca,ridge,0.00019999334461888807,3.494506469399065e-05,0.5542275090136813,0.5794469174971558,25,0,A
2,art,120,emotion,ridge,0.061447056587058235,0.04036645491731367,0.6839339739297392,0.673487365495843,25,0,A
2,art,121,population,ridge,,0.28212188448370346,0.44966724479325304,0.4375892027648672,25,0,A
2,art,121,identity,ridge,3.317814495086309,0.07767093237579571,0.4024564182448089,0.42403546520643215,25,0,A
2,art,121,pca,ridge,0.00019999296263384248,2.4382679026206436e-05,0.4049969111532453,0.4422120506576334,25,0,A
2,art,121,emotion,ridge,0.06152655971177386,0.014913437699337607,0.3591092579946118,0.36514045965390596,25,0,A
2,art,131,population,ridge,,0.24250981475157246,0.37987639293136616,0.37517392837374386,25,0,A
2,art,131,identity,ridge,3.3074494059526667,0.04758786868957505,0.36728570000083205,0.3812934490746976,25,0,A
2,art,131,pca,ridge,0.00019999330943890626,1.4156008910180175e-05,0.35244142000880163,0.3771544604255561,25,0,A
2,art,131,emotion,ridge,0.061376382843972066,0.011226895553983053,0.39707224203104496,0.40082751301921377,25,0,A
2,art,138,population,ridge,,0.41214660330663255,0.512706900942195,0.48591085784502647,25,0,A
2,art,138,identity,ridge,3.270255360479517,0.10590230015660579,0.5004838298955946,0.4224248578459933,25,0,A
2,art,138,pca,ridge,0.0001999929128123678,2.3729635014055075e-05,0.439572192513369,0.40280092847231214,25,0,A
2,art,138,emotion,ridge,0.06146820890916178,0.02054705022937256,0.49905780494015783,0.4916433847110669,25,0,A
2,art,139,population,ridge,,0.033790780749747555,0.07282598523637435,0.046365389949644266,25,0,A
2,art,139,identity,ridge,3.3113189282153703,0.06944776795192759,0.45385750526150015,0.4505203422758335,25,0,A
2,art,139,pca,ridge,0.00019999182268983935,1.4509046303217558e-05,0.42517450629809533,0.4104716919416549,25,0,A
2,art,139,emotion,ridge,0.06119959565603245,0.00592985881871338,0.33181805559917993,0.34814594536836024,25,0,A
2,fashion,7,population,ridge,,0.28148786843834206,0.4093817052117759,0.4675004755378778,25,0,A
2,fashion,7,identity,ridge,0.12735315294769786,0.0022414917584951026,0.31559716257069037,0.3478059131563812,25,0,A
2,fashion,7,pca,ridge,1.5288126662452703,0.1267347928548314,0.35202751220286616,0.3803269883944717,25,0,A
2,fashion,7,emotion,ridge,0.00019997995339101506,4.3289172617589044e-05,0.3879608584294188,0.4360526790576966,25,0,A
2,fashion,8,population,ridge,,0.28512452969706886,0.4376531715224509,0.41267518192148156,25,0,A
2,fashion,8,identity,ridge,0.12737435196894534,0.0021800516945031556,0.32084060003024284,0.32881109278665477,25,0,A
2,fashion,8,pca,ridge,1.4886058435054788,0.08855903911996528,0.35831714594321523,0.341239086519622,25,0,A
2,fashion,8,emotion,ridge,0.00019997796209587397,3.807728658381736e-05,0.36329103705650057,0.37542160056571466,25,0,A
2,fashion,40,population,ridge,,0.2435656050642601,0.14691346164897584,0.33888638338225185,25,0,A
2,fashion,40,identity,ridge,0.1273591278825251,-0.0006251418187963873,-0.024576972036968132,-0.09726104893852497,25,0,A
2,fashion,40,pca,ridge,1.4741191089810195,0.04813324624112541,0.12358278636844626,0.17097657956569864,25,0,A
2,fashion,40,emotion,ridge,0.00019998128203162755,9.93281546401512e-06,0.060470318622398274,0.1784632184063277,25,0,A
2,fashion,41,population,ridge,,0.23408818399798403,0.4325479049939111,0.44541837486876557,25,0,A
2,fashion,41,identity,ridge,0.1273604558909287,0.0011660453985859738,0.13835100296053554,0.15100423864205556,25,0,A
2,fashion,41,pca,ridge,1.5153081387362342,0.14123752253569022,0.3900046060912878,0.4120886690853777,25,0,A
2,fashion,41,emotion,ridge,0.00019997997569133676,4.055125141685695e-05,0.31563911453870686,0.3467784953986906,25,0,A
2,fashion,45,population,ridge,,0.18612671675428105,0.35286046389492776,0.34651709556253024,25,0,A
2,fashion,45,identity,ridge,0.1273663444689194,0.0008159594462701211,0.18371541287338444,0.17985292138359635,25,0,A
2,fashion,45,pca,ridge,1.4873402296735587,0.0117390546122143,0.07418990371498692,0.05485413770058801,25,0,A
2,fashion,45,emotion,ridge,0.0001999791455738347,-4.400215911131064e-06,-0.07225710061219166,-0.14819443126995815,25,0,A
2,fashion,46,population,ridge,,0.07428634505819591,0.1934626128504326,0.16354734778285565,25,0,A
2,fashion,46,identity,ridge,0.1273386971455416,0.0008000159345546646,0.11413230341765503,0.11478767691574095,25,0,A
2,fashion,46,pca,ridge,1.4935481270627866,0.03239445472940501,0.18895405758892733,0.1349438903865863,25,0,A
2,fashion,46,emotion,ridge,0.0001999794869000914,1.4463231069638164e-05,0.23201329323251665,0.1503823513016028,25,0,A
2,fashion,52,population,ridge,,0.2552678061632994,0.45299432961235203,0.5068356000553798,25,0,A
2,fashion,52,identity,ridge,0.12729707087647774,0.00352086374083205,0.2606303509870507,0.3704519057538437,25,0,A
2,fashion,52,pca,ridge,1.507351038344396,0.14012433146729705,0.40949672283612953,0.4945760584253256,25,0,A
2,fashion,52,emotion,ridge,0.00019998028929173837,6.38463986780045e-05,0.43416397708728954,0.48097472706370453,25,0,A
2,fashion,58,population,ridge,,0.22343615093413216,0.3396397559457988,0.3665366947966974,25,0,A
2,fashion,58,identity,ridge,0.1273468628095134,0.0026948553014632397,0.3859162265341523,0.3529486381292372,25,0,A
2,fashion,58,pca,ridge,1.5109050677978684,0.11680979618363475,0.4090544618283291,0.4188742532378786,25,0,A
2,fashion,58,emotion,ridge,0.00019998613566725207,4.109051703985424e-05,0.3375720838556809,0.37185358749385233,25,0,A
2,fashion,65,population,ridge,,0.18670493529710364,0.1874836560823604,0.3329536695695522,25,0,A
2,fashion,65,identity,ridge,0.12731147027003054,-0.0014377735152768343,-0.15332370818248486,-0.25911840094957317,25,0,A
2,fashion,65,pca,ridge,1.4884821709928175,-0.051349452351343014,-0.3380349626961597,-0.36604014405838814,25,0,A
2,fashion,65,emotion,ridge,0.00019997737502025308,-6.952070418855178e-06,-0.2341689182121903,-0.32012607918165253,25,0,A
2,fashion,66,population,ridge,,0.1888929843396896,0.29807691107810075,0.26886178433240365,25,0,A
2,fashion,66,identity,ridge,0.1273789033089868,0.001544164777518209,0.3402684017464749,0.35234722799190066,25,0,A
2,fashion,66,pca,ridge,1.5239324038364659,0.07276924866345702,0.3923112074529836,0.35774234722084264,25,0,A
2,fashion,66,emotion,ridge,0.00019998508724663813,1.5117233795371612e-05,0.35041824148273465,0.31186975555167656,25,0,A
2,fashion,74,population,ridge,,-0.0709254489933888,-0.10320949280990688,-0.08703617154045705,25,0,A
2,fashion,74,identity,ridge,0.12732424553172564,0.0032068029148626218,0.3768931162181549,0.3515081103666827,25,0,A
2,fashion,74,pca,ridge,1.5166810909326092,0.0467998087153003,0.2025982737573915,0.1941032366062263,25,0,A
2,fashion,74,emotion,ridge,0.00019997781156257688,-5.146473878563771e-07,-0.03468804190883378,-0.015688205394792612,25,0,A
2,fashion,83,population,ridge,,0.4142264102952132,0.48360854695767336,0.4904025893852759,25,0,A
2,fashion,83,identity,ridge,0.12737383285907267,0.001902351072500858,0.49544637405815256,0.48599185839031106,25,0,A
2,fashion,83,pca,ridge,1.506509254580342,0.09817213032099062,0.464698771199765,0.4803980826736651,25,0,A
2,fashion,83,emotion,ridge,0.0001999830480617195,2.5400172301911424e-05,0.42011474705510293,0.43333618843958893,25,0,A
2,fashion,87,population,ridge,,0.1748628010888161,0.3214143598826549,0.3436559092625109,25,0,A
2,fashion,87,identity,ridge,0.12731297294438723,0.0010943469071846936,0.23742890014768026,0.23364935819550492,25,0,A
2,fashion,87,pca,ridge,1.5099670781263086,0.030274853323360232,0.2496574178726329,0.31919830744932315,25,0,A
2,fashion,87,emotion,ridge,0.0001999839596671309,7.734601067954683e-06,0.3147620462402807,0.3011599352234292,25,0,A
2,fashion,93,population,ridge,,0.3441622218703625,0.5430718770364577,0.5545879309206434,25,0,A
2,fashion,93,identity,ridge,0.12735710573289358,0.002029639753062973,0.42414958251174517,0.4263820374638794,25,0,A
2,fashion,93,pca,ridge,1.5435487370545715,0.1376425597058757,0.5356454223409094,0.5149389421235555,25,0,A
2,fashion,93,emotion,ridge,0.00019998055051718017,6.0962234061317715e-05,0.5382694363333365,0.5600836359223833,25,0,A
2,fashion,94,population,ridge,,0.25535997069394273,0.43097616625832985,0.47235859566675237,25,0,A
2,fashion,94,identity,ridge,0.12735982591076433,0.003469527786537787,0.4302416312630027,0.46571744967934875,25,0,A
2,fashion,94,pca,ridge,1.5179462289919239,0.12171280604177999,0.34929587477794194,0.405680227777596,25,0,A
2,fashion,94,emotion,ridge,0.00019997847329176262,5.0640660572917393e-05,0.3293654919047298,0.38648334791413774,25,0,A
2,fashion,102,population,ridge,,0.17733087870105405,0.2591348023575039,0.3413980992670326,25,0,A
2,fashion,102,identity,ridge,0.1273295945525968,0.0021919129149687404,0.19215963489148236,0.22518550513014438,25,0,A
2,fashion,102,pca,ridge,1.5159720851529181,0.10808024337591599,0.23515178283106827,0.3038654949647855,25,0,A
2,fashion,102,emotion,ridge,0.00019998290080997547,5.228381017000194e-05,0.3095631637436848,0.3723247577675329,25,0,A
2,fashion,112,population,ridge,,0.21533169263317403,0.3414583979564919,0.33910586661473874,25,0,A
2,fashion,112,identity,ridge,0.12738418489223344,0.0036970693980004155,0.4465978835247926,0.4755042847647339,25,0,A
2,fashion,112,pca,ridge,1.5098727587919762,0.14579081757256784,0.4488667100892876,0.47679310348458076,25,0,A
2,fashion,112,emotion,ridge,0.00019998249834925512,3.56603348404731e-05,0.50507173180064,0.5525956118907601,25,0,A
2,fashion,113,population,ridge,,0.24106312252725057,0.38688130614471444,0.4022433656200478,25,0,A
2,fashion,113,identity,ridge,0.12730885077389806,0.0003719100957847337,0.08934846299181279,0.08460172802220207,25,0,A
2,fashion,113,pca,ridge,1.4985752179226046,0.047552479922451825,0.23122299210608518,0.26739520999747873,25,0,A
2,fashion,113,emotion,ridge,0.000199979523241059,4.0156603927840896e-05,0.44639772033595504,0.4176723959753246,25,0,A
2,fashion,120,population,ridge,,0.21234349580927026,0.20982379718618338,0.28558836148380984,25,0,A
2,fashion,120,identity,ridge,0.1273534603743234,0.0035287824978697106,0.1680526115361056,0.24381788446277478,25,0,A
2,fashion,120,pca,ridge,1.5037464119213164,0.1280131098914872,0.24201817441892623,0.33544692489002226,25,0,A
2,fashion,120,emotion,ridge,0.0001999771035644187,5.929293599196534e-05,0.25964357714444686,0.3238673379725471,25,0,A
2,fashion,121,population,ridge,,0.2681133081254471,0.4000681908472818,0.42838121821116965,25,0,A
2,fashion,121,identity,ridge,0.12730457854627789,0.00470737400879713,0.33410120176729147,0.37603440821677514,25,0,A
2,fashion,121,pca,ridge,1.4797544183616795,0.19148269281671407,0.438517826357931,0.45315472566581566,25,0,A
2,fashion,121,emotion,ridge,0.0001999775434734548,7.407510920545711e-05,0.3535126682386872,0.4127932558630608,25,0,A
2,fashion,131,population,ridge,,0.11602217184951993,0.22505304874392293,0.19354714298004266,25,0,A
2,fashion,131,identity,ridge,0.1273056497749795,-0.00010886725582298488,-0.0482431988357416,-0.015822914954821965,25,0,A
2,fashion,131,pca,ridge,1.474228419699193,0.06255884786889425,0.22254754656406261,0.18505076100135653,25,0,A
2,fashion,131,emotion,ridge,0.00019997920916203533,2.2290496771572962e-05,0.22264580155150812,0.16022412509861786,25,0,A
2,fashion,138,population,ridge,,0.34026434786258675,0.4708558856036074,0.46322147618062254,25,0,A
2,fashion,138,identity,ridge,0.1273355293804709,0.0075320390436012475,0.467546810831823,0.4946929217882109,25,0,A
2,fashion,138,pca,ridge,1.495274664705416,0.25743725774722415,0.526550159454872,0.5447618023044187,25,0,A
2,fashion,138,emotion,ridge,0.00019997686730164436,0.0001139969090375562,0.6026079703632718,0.5660082301862692,25,0,A
2,fashion,139,population,ridge,,0.3063926514998168,0.4526017962105372,0.4857083867492122,25,0,A
2,fashion,139,identity,ridge,0.12734542817482855,0.0003110983552118126,0.12997292512727066,0.050770511968329365,25,0,A
2,fashion,139,pca,ridge,1.4738974723968181,0.03275695818418665,0.07366112611850972,0.1281660288095859,25,0,A
2,fashion,139,emotion,ridge,0.00019997994530620737,1.4095763457683677e-05,0.21505324112310092,0.23880529930426095,25,0,A
2,landscape,7,population,ridge,,0.10369755806069171,0.11193697981882009,0.13111288851494723,25,0,A
2,landscape,7,identity,ridge,0.012816207337079279,-0.0001310689805450494,-0.1756690045932707,-0.23003126575067356,25,0,A
2,landscape,7,pca,ridge,0.0199322918856563,8.252098265707054e-05,0.041659229569923524,0.02512428997170831,25,0,A
2,landscape,7,emotion,ridge,1.076460869948419,0.004161111597255081,0.035620924674891974,0.011989376031157677,25,0,A
2,landscape,8,population,ridge,,0.39399796894145644,0.5092447399475697,0.5180709764915467,25,0,A
2,landscape,8,identity,ridge,0.012814583188642615,0.0003183885677332328,0.4898275300126328,0.4386640064804078,25,0,A
2,landscape,8,pca,ridge,0.019919115787528297,0.0025735197391503427,0.5328121932273787,0.5309303800643767,25,0,A
2,landscape,8,emotion,ridge,1.0395034301803985,0.20105720793981333,0.4544516462634856,0.4323437667601334,25,0,A
2,landscape,40,population,ridge,,0.1565966603780264,0.17089143147841232,0.22794961428137855,25,0,A
2,landscape,40,identity,ridge,0.012816382914996463,0.0001220286502811912,0.15943502266421708,0.2293191090158846,25,0,A
2,landscape,40,pca,ridge,0.019928116122038632,-0.00011879316719456767,-0.0476847893187337,-0.03404232428187567,25,0,A
2,landscape,40,emotion,ridge,1.0741816324846416,0.06132662157468485,0.14134595611548775,0.14715268762632938,25,0,A
2,landscape,41,population,ridge,,0.3241567940759842,0.5203318189569026,0.5335925630165115,25,0,A
2,landscape,41,identity,ridge,0.012815973546889348,2.0013597659158115e-05,-0.004150155260517662,0.03307819074561544,25,0,A
2,landscape,41,pca,ridge,0.01992301224229077,0.0009145044527293917,0.2528665187555409,0.24995921636053545,25,0,A
2,landscape,41,emotion,ridge,1.0902360062004903,0.19931400261949703,0.49621209308989417,0.5101108786962577,25,0,A
2,landscape,45,population,ridge,,0.4233664563912026,0.5172413377279197,0.5602368881611687,25,0,A
2,landscape,45,identity,ridge,0.012815943263554333,0.00010481457598112574,0.13650463227859572,0.17078942008898887,25,0,A
2,landscape,45,pca,ridge,0.019923852156078264,0.001403488019482203,0.4039280295302692,0.40284879789873757,25,0,A
2,landscape,45,emotion,ridge,1.0825508470765037,0.18687185994842814,0.42856569425282165,0.4695471297383086,25,0,A
2,landscape,46,population,ridge,,0.14684327077205642,0.500137081870928,0.4518370397723117,25,0,A
2,landscape,46,identity,ridge,0.012815283480884385,-2.0419116179203074e-05,-0.04543463012316773,-0.029084688025881822,25,0,A
2,landscape,46,pca,ridge,0.019923196689577614,0.0004615915969707725,0.22361164545500803,0.1937570521826066,25,0,A
2,landscape,46,emotion,ridge,1.0544483223633079,0.04838433281156184,0.20102152700631096,0.2219090725927368,25,0,A
2,landscape,52,population,ridge,,0.2962887339703297,0.509300208534364,0.539296729123875,25,0,A
2,landscape,52,identity,ridge,0.01281548666686068,0.000387319546552665,0.3576100144507937,0.3255588973200536,25,0,A
2,landscape,52,pca,ridge,0.01992679584248588,0.003149931317795282,0.4893905523119149,0.5117478939173595,25,0,A
2,landscape,52,emotion,ridge,1.0016499162279,0.33263401097488465,0.4532374681228129,0.48417062495980434,25,0,A
2,landscape,58,population,ridge,,0.39984764009533463,0.4992463199704362,0.5590154200756633,25,0,A
2,landscape,58,identity,ridge,0.012816052150063428,0.00016921647284336144,0.301932632865942,0.23065510075484924,25,0,A
2,landscape,58,pca,ridge,0.019922526544283933,0.003001125322275331,0.4743674243320432,0.4939763864666747,25,0,A
2,landscape,58,emotion,ridge,1.122910398363759,0.28748144278473203,0.4681845035225017,0.5312240940201377,25,0,A
2,landscape,65,population,ridge,,0.2275734070870252,0.3322911714296012,0.3319441987305291,25,0,A
2,landscape,65,identity,ridge,0.012815984377367131,0.00022303501363495702,0.2959414153645979,0.3139527593573993,25,0,A
2,landscape,65,pca,ridge,0.019926190673343745,0.0018839524422567954,0.2745272053290246,0.31205491779841,25,0,A
2,landscape,65,emotion,ridge,1.0722884181972365,0.18129596255802144,0.2841215627121683,0.2957731084299847,25,0,A
2,landscape,66,population,ridge,,0.4358300512855874,0.4732949601497368,0.5390144028779406,25,0,A
2,landscape,66,identity,ridge,0.0128159601676381,0.00031837858917903615,0.3458536774416002,0.3915006892110876,25,0,A
2,landscape,66,pca,ridge,0.019920813952035554,0.0025128597894931784,0.4393787229881326,0.5157981070495139,25,0,A
2,landscape,66,emotion,ridge,1.0480104016276346,0.2403989246251932,0.5197765502356704,0.569267009486056,25,0,A
2,landscape,74,population,ridge,,0.25536576053013116,0.344455584513432,0.3410519191055619,25,0,A
2,landscape,74,identity,ridge,0.012816123171442902,0.00035795732378938533,0.28360635120835176,0.37531452986277664,25,0,A
2,landscape,74,pca,ridge,0.019930899584789247,0.003130748960866745,0.4309389588172187,0.48727330448329115,25,0,A
2,landscape,74,emotion,ridge,1.018243046240804,0.22724340250850625,0.3189743310355927,0.34925970537495316,25,0,A
2,landscape,83,population,ridge,,0.353972387245529,0.5308725713003103,0.5793397190169078,25,0,A
2,landscape,83,identity,ridge,0.012815964534649992,0.00028922301299966115,0.2426235216835619,0.3022663308697342,25,0,A
2,landscape,83,pca,ridge,0.019926696059426933,0.0015610659402314135,0.24210208707861122,0.3199809811434825,25,0,A
2,landscape,83,emotion,ridge,1.0865422220823537,0.30129322270555453,0.5399455334264525,0.5673351819318441,25,0,A
2,landscape,87,population,ridge,,0.32329942474216833,0.5009071908215613,0.46880899081913924,25,0,A
2,landscape,87,identity,ridge,0.012816240464574797,0.00016548241020896808,0.28568889275534304,0.27541753508635247,25,0,A
2,landscape,87,pca,ridge,0.01993502992425826,0.0017798295689115053,0.5333126455222463,0.4428354631890952,25,0,A
2,landscape,87,emotion,ridge,1.1558140050338002,0.15315432131005752,0.5403747307043122,0.49987625443001676,25,0,A
2,landscape,93,population,ridge,,0.4039590228237631,0.6713156278178252,0.6848774920702744,25,0,A
2,landscape,93,identity,ridge,0.012816289607760614,0.0004303827919092312,0.6545612394103509,0.6187186494643737,25,0,A
2,landscape,93,pca,ridge,0.019932699055237525,0.004740459823809412,0.7223719001837973,0.7230214053356472,25,0,A
2,landscape,93,emotion,ridge,1.1544041783332524,0.4689417786778627,0.7212813778614172,0.7032497278210433,25,0,A
2,landscape,94,population,ridge,,0.3782148192710942,0.555863956250288,0.587629906436642,25,0,A
2,landscape,94,identity,ridge,0.012816001940370945,0.0002199089170795813,0.19838685502776593,0.24356256837163515,25,0,A
2,landscape,94,pca,ridge,0.019926437083272453,0.0028901499293117598,0.5270627149937963,0.5391975447023045,25,0,A
2,landscape,94,emotion,ridge,1.0890153481957037,0.2442354894318142,0.5361424283390632,0.5161256296001818,25,0,A
2,landscape,102,population,ridge,,0.35639355089245567,0.6612398205012835,0.6392708030517026,25,0,A
2,landscape,102,identity,ridge,0.01281586349754033,0.00015058732192003196,0.31756069483606136,0.3377222033709528,25,0,A
2,landscape,102,pca,ridge,0.019928268889742293,0.0018012761006982697,0.6106292007625133,0.5674656828280368,25,0,A
2,landscape,102,emotion,ridge,1.0652486528769725,0.17722293435059364,0.6551783733465916,0.6295233933100447,25,0,A
2,landscape,112,population,ridge,,0.4384040292431576,0.45427348988996513,0.529261330287115,25,0,A
2,landscape,112,identity,ridge,0.01281586138373465,0.0004847831622780686,0.48928676272260574,0.552664372272168,25,0,A
2,landscape,112,pca,ridge,0.019926619421771957,0.0031101759851385634,0.4399385265476431,0.5457760457432373,25,0,A
2,landscape,112,emotion,ridge,1.1229787022082534,0.396728238965931,0.5093157533158851,0.579906137998673,25,0,A
2,landscape,113,population,ridge,,0.32448530266377473,0.4032861915835718,0.4256644845671302,25,0,A
2,landscape,113,identity,ridge,0.012815798635736394,-3.239031728811273e-05,-0.05801449327941186,-0.06946374223071378,25,0,A
2,landscape,113,pca,ridge,0.01993196657170372,0.0009331202686418548,0.3563316536953824,0.3768338628926042,25,0,A
2,landscape,113,emotion,ridge,1.1447481199321472,0.0973829159451158,0.364073622469238,0.3829355715128542,25,0,A
2,landscape,120,population,ridge,,0.35058956871461544,0.5843347215749023,0.5647205900433343,25,0,A
2,landscape,120,identity,ridge,0.012815479651597765,0.0006878715173064004,0.4793077299624424,0.4722763609889028,25,0,A
2,landscape,120,pca,ridge,0.0199195997605385,0.004765077827890568,0.6010128275391127,0.5637389010118231,25,0,A
2,landscape,120,emotion,ridge,1.0657272221902638,0.4107783455598699,0.6145356161587427,0.5897128172140518,25,0,A
2,landscape,121,population,ridge,,0.49419855036222704,0.7094280925460339,0.6728638597613082,25,0,A
2,landscape,121,identity,ridge,0.012815560498957013,0.0006554793186543609,0.7210945290202074,0.6997507690149043,25,0,A
2,landscape,121,pca,ridge,0.019927901108060357,0.003590064605149025,0.7132345146159973,0.7069649525265714,25,0,A
2,landscape,121,emotion,ridge,1.1206243222556485,0.43386681582235287,0.7473440110870979,0.6886037035440213,25,0,A
2,landscape,131,population,ridge,,0.2463168514447974,0.428700120381077,0.4034178297942385,25,0,A
2,landscape,131,identity,ridge,0.012815937729249653,-6.669254284080902e-05,-0.06406871897955635,-0.08316728943574059,25,0,A
2,landscape,131,pca,ridge,0.019927772189450434,-0.0006905228812134555,-0.16438620367834456,-0.18269620408866005,25,0,A
2,landscape,131,emotion,ridge,1.0857308600195943,-0.12594614087951986,-0.26660382528983445,-0.30187288771917714,25,0,A
2,landscape,138,population,ridge,,0.5770136449015575,0.7273741461703817,0.7742843983688685,25,0,A
2,landscape,138,identity,ridge,0.012815294293453992,0.0003744802375614236,0.6791785617544005,0.6678592606151229,25,0,A
2,landscape,138,pca,ridge,0.019921272468706803,0.002401166253685344,0.6545818504530769,0.6450834775528069,25,0,A
2,landscape,138,emotion,ridge,1.0665607182412746,0.34753334115065254,0.7586563733223695,0.7951074190024209,25,0,A
2,landscape,139,population,ridge,,0.29925109229271774,0.5294924884761475,0.4397985368076957,25,0,A
2,landscape,139,identity,ridge,0.012816281204936913,0.000387345970251932,0.5509425171436051,0.5516370013297168,25,0,A
2,landscape,139,pca,ridge,0.019926964027093017,0.0023091408534852502,0.48429071573627647,0.4855278181877696,25,0,A
2,landscape,139,emotion,ridge,1.0739944424396777,0.224108247120118,0.5568192373264702,0.4852932480874898,25,0,A
3,art,0,population,ridge,,0.2903495496223564,0.281839645833983,0.4047138118683465,25,0,A
3,art,0,identity,ridge,0.39572620614798576,0.006801416580428595,0.39062513702212665,0.36545662694080433,25,0,A
3,art,0,pca,ridge,0.19242812273738497,0.013777913483875468,0.31648055570080663,0.3592386292703794,25,0,A
3,art,0,emotion,ridge,0.019803273564519254,0.003965876900833459,0.32791055200997565,0.4040850993284706,25,0,A
3,art,9,population,ridge,,0.453927372496102,0.5587232544837458,0.5290084336947036,25,0,A
3,art,9,identity,ridge,0.39662974026688974,0.010328697647935977,0.44833812630536996,0.4001573227077689,25,0,A
3,art,9,pca,ridge,0.19340796664694415,0.026644742390623526,0.43388051530774263,0.3983028865051171,25,0,A
3,art,9,emotion,ridge,0.019815810580379102,0.008024541259879022,0.5159591630065533,0.4877552727646174,25,0,A
3,art,10,population,ridge,,0.22099315313353468,0.5971562628104327,0.5660033388731842,25,0,A
3,art,10,identity,ridge,0.39616814069861306,0.0193993231815913,0.5094462862024671,0.49809370106795214,25,0,A
3,art,10,pca,ridge,0.19320883204585332,0.0385864523277838,0.6171130265437582,0.5527206030355089,25,0,A
3,art,10,emotion,ridge,0.019814366473560545,0.010472692791676032,0.5716614971411094,0.5391212241085891,25,0,A
3,art,11,population,ridge,,0.38229033371545557,0.5637936298159851,0.6039239934351207,25,0,A
3,art,11,identity,ridge,0.3958934052381541,0.011609041277982537,0.28105886319380546,0.2697925053606481,25,0,A
3,art,11,pca,ridge,0.1929052549039583,0.020814331901388504,0.43090434620137624,0.4755867509555801,25,0,A
3,art,11,emotion,ridge,0.019765697985928383,0.005502345726612103,0.6056912155253388,0.6230012977494045,25,0,A
3,art,24,population,ridge,,0.45066231352644415,0.6613718165812502,0.656944873654631,25,0,A
3,art,24,identity,ridge,0.3958879286244501,0.013179933705440426,0.5132753509742827,0.48981389503159195,25,0,A
3,art,24,pca,ridge,0.19291279700900982,0.02877068532383527,0.6671289177911727,0.6397495901345411,25,0,A
3,art,24,emotion,ridge,0.019787746487766943,0.006959462459693085,0.6675755894367701,0.6730197898483181,25,0,A
3,art,28,population,ridge,,0.4527266760084204,0.6014022437347304,0.6143024753206183,25,0,A
3,art,28,identity,ridge,0.3962951140772528,0.012568411393444891,0.4762355271749913,0.508969723828183,25,0,A
3,art,28,pca,ridge,0.19308399292488554,0.02330561465185236,0.7011342808171999,0.6850265164170679,25,0,A
3,art,28,emotion,ridge,0.019790634252703096,0.0042253240086720985,0.6185091977815724,0.6055176874734082,25,0,A
3,art,31,population,ridge,,0.2783189040516965,0.5493679392404611,0.5730625889003056,25,0,A
3,art,31,identity,ridge,0.3953873902182727,0.016799216280720747,0.33177883563643673,0.3633034617004868,25,0,A
3,art,31,pca,ridge,0.19256951791730978,0.025069173961594762,0.43562368080505437,0.5130699447790127,25,0,A
3,art,31,emotion,ridge,0.019803475393678285,0.007379674293227258,0.611288769224227,0.6302666179795254,25,0,A
3,art,32,population,ridge,,0.1936411055039827,0.40510256632422686,0.4005521627800439,25,0,A
3,art,32,identity,ridge,0.39591727331523796,0.00022570459775338734,-0.034990610959878474,0.006572151421320894,25,0,A
3,art,32,pca,ridge,0.19301023173115667,0.00851807043238722,0.23872467533753705,0.2492063545342716,25,0,A
3,art,32,emotion,ridge,0.01981261274021367,0.003732596034017299,0.3701119553643484,0.37881941837137206,25,0,A
3,art,36,population,ridge,,0.3211460461564053,0.43630976274191496,0.4830400316727072,25,0,A
3,art,36,identity,ridge,0.39631383910058965,0.014852678609619117,0.4606485359367622,0.46317032626967797,25,0,A
3,art,36,pca,ridge,0.19297744812368425,0.03274113926231034,0.5670934154399411,0.586428008634963,25,0,A
3,art,36,emotion,ridge,0.019810154607782418,0.007357866866795906,0.49233861205576734,0.515536704844614,25,0,A
3,art,42,population,ridge,,0.2494748144825125,0.37356853348897906,0.41049606599974464,25,0,A
3,art,42,identity,ridge,0.39566823638019555,0.005983074909544595,0.36793356032389274,0.24226568812023877,25,0,A
3,art,42,pca,ridge,0.19312327827192152,0.009218889485684603,0.2731955739858796,0.32164618063530215,25,0,A
3,art,42,emotion,ridge,0.019790388438186122,0.00275593434569769,0.4421944566780655,0.4793511739221619,25,0,A
3,art,47,population,ridge,,0.3659088506876333,0.4964061082301791,0.5202853358277815,25,0,A
3,art,47,identity,ridge,0.39573074742037406,0.010838750170819575,0.24716599400040254,0.28297216844566714,25,0,A
3,art,47,pca,ridge,0.19240342599963361,0.025100214009441936,0.3886506239327009,0.4213491365956092,25,0,A
3,art,47,emotion,ridge,0.019790037309653816,0.00818178556082164,0.4732450990021693,0.4971033083664004,25,0,A
3,art,54,population,ridge,,0.132849667083781,0.19169743295419994,0.23415793052445977,25,0,A
3,art,54,identity,ridge,0.3955299141346315,0.007384236493250331,0.10126522871044957,0.1447239461411955,25,0,A
3,art,54,pca,ridge,0.19134411258963616,0.007541560768977908,0.16584470789840552,0.15627622578556194,25,0,A
3,art,54,emotion,ridge,0.01978667333727379,0.002744536379241197,0.1949421069490567,0.2526915391088016,25,0,A
3,art,55,population,ridge,,0.17255000762355016,0.2756728358932233,0.2671896015248461,25,0,A
3,art,55,identity,ridge,0.39585155973627634,0.0018281565073041347,0.16077654570280783,0.13883945952578208,25,0,A
3,art,55,pca,ridge,0.19161001727148674,0.004037487459755031,0.19623836366281264,0.18149639987776395,25,0,A
3,art,55,emotion,ridge,0.019812227082645028,0.0015657343016678264,0.29831948653526774,0.2684552720117963,25,0,A
3,art,59,population,ridge,,0.32435168156438576,0.5366573168876587,0.5887167295969997,25,0,A
3,art,59,identity,ridge,0.39540902470882516,0.018274616870990253,0.5784824206187497,0.5575051489142523,25,0,A
3,art,59,pca,ridge,0.19287969466299915,0.01633282134827023,0.5431863530334746,0.5515442583686772,25,0,A
3,art,59,emotion,ridge,0.019815174223980714,0.0021218492286815193,0.5437263485041812,0.5575579880758279,25,0,A
3,art,60,population,ridge,,0.42767356023951114,0.6500762123245746,0.6461800394577378,25,0,A
3,art,60,identity,ridge,0.3959876421732772,0.03250727114441203,0.5456959666807992,0.5689248470494724,25,0,A
3,art,60,pca,ridge,0.19353958002858682,0.04495571270634089,0.617376997930956,0.6046053429885857,25,0,A
3,art,60,emotion,ridge,0.019780045673974248,0.01286622201878217,0.6623940706967548,0.6380866925732062,25,0,A
3,art,67,population,ridge,,0.3419595500281331,0.40716559563005117,0.38199407899546217,25,0,A
3,art,67,identity,ridge,0.3967729111857503,0.021819521596788412,0.5012598054226439,0.4899246058985459,25,0,A
3,art,67,pca,ridge,0.19305310683082874,0.037090486795920787,0.48659849282279655,0.4552008111458201,25,0,A
3,art,67,emotion,ridge,0.01979589027680127,0.003070062742825565,0.448269632740338,0.4108373076991662,25,0,A
3,art,68,population,ridge,,0.41223604083424686,0.6346324972941674,0.6474707239410592,25,0,A
3,art,68,identity,ridge,0.39565717895945,0.027686684658982507,0.6158920732791979,0.61635095334998,25,0,A
3,art,68,pca,ridge,0.19176365692472688,0.04081277512090097,0.6430058782370262,0.6590818623908674,25,0,A
3,art,68,emotion,ridge,0.019794559829133945,0.007536979832825581,0.6311934301212075,0.6514277130051026,25,0,A
3,art,75,population,ridge,,0.3410635376564917,0.46653105748894,0.47999630453404973,25,0,A
3,art,75,identity,ridge,0.39596206084089763,0.023060375735284248,0.47795694672961075,0.5144218931954887,25,0,A
3,art,75,pca,ridge,0.19224310461471922,0.029624988835721875,0.4944436179627248,0.5262255933135505,25,0,A
3,art,75,emotion,ridge,0.019812970118376575,0.005027183542657992,0.37934995739231525,0.40228501100043335,25,0,A
3,art,76,population,ridge,,0.31809336219255513,0.5378162816000815,0.5146513907633475,25,0,A
3,art,76,identity,ridge,0.3957653389867114,0.013638994411060205,0.5864644531079992,0.5997175308055243,25,0,A
3,art,76,pca,ridge,0.19249858905220155,0.029312412599640524,0.5427494797148403,0.5890360428509105,25,0,A
3,art,76,emotion,ridge,0.019798493303537966,0.007463579485296593,0.5312712464775303,0.5150955276289403,25,0,A
3,art,82,population,ridge,,0.38049946399118745,0.6740173090642664,0.6907041024785353,25,0,A
3,art,82,identity,ridge,0.3954191005034951,0.033156117954409606,0.696867008495058,0.7274993344135117,25,0,A
3,art,82,pca,ridge,0.19180240419625588,0.04593521764304597,0.6705996189784642,0.6997249345634836,25,0,A
3,art,82,emotion,ridge,0.01979502119550128,0.009984241626036098,0.5929692298866726,0.6038800073182511,25,0,A
3,art,84,population,ridge,,0.20115256106466717,0.26442395314190814,0.29156516887258704,25,0,A
3,art,84,identity,ridge,0.3959708236943495,0.011401785171863786,0.30816477977946805,0.31497378000282267,25,0,A
3,art,84,pca,ridge,0.19334210547663833,0.012657712892788211,0.23626135594487127,0.22248030597716312,25,0,A
3,art,84,emotion,ridge,0.01977948653987525,0.005296944720126078,0.2883748466139827,0.27535875772235263,25,0,A
3,art,88,population,ridge,,0.3390845892716777,0.5507847286927745,0.5702320609291652,25,0,A
3,art,88,identity,ridge,0.3960576236723194,0.015180298529847407,0.5436471296168421,0.5234916814191152,25,0,A
3,art,88,pca,ridge,0.19263528917434852,0.0316166666659969,0.5368564971626566,0.5089462969002067,25,0,A
3,art,88,emotion,ridge,0.019804012405372693,0.011377378484607242,0.4995823686550102,0.5381169148327548,25,0,A
3,art,95,population,ridge,,0.2952723328489721,0.45041777771373426,0.52639602599933,25,0,A
3,art,95,identity,ridge,0.3964598949537868,0.020639493208678555,0.5298122696639394,0.5986703430417017,25,0,A
3,art,95,pca,ridge,0.19296882711531854,0.03545635883366623,0.495679125418848,0.5902390315640772,25,0,A
3,art,95,emotion,ridge,0.019817266085034493,0.007340459564839458,0.36149195454889105,0.42136403014053414,25,0,A
3,art,96,population,ridge,,0.42660627225142184,0.6240917164695409,0.6732880855828697,25,0,A
3,art,96,identity,ridge,0.3959903291452631,0.018955091570801157,0.5847297113599267,0.657329507945625,25,0,A
3,art,96,pca,ridge,0.19193710265381672,0.032197980169051496,0.6175559528246238,0.7119592297642774,25,0,A
3,art,96,emotion,ridge,0.01979375205826922,0.009540938810113886,0.608415711937747,0.6604940154354607,25,0,A
3,art,107,population,ridge,,0.36284397957891695,0.4928234522602913,0.5083025919603172,25,0,A
3,art,107,identity,ridge,0.3962464768492041,0.01731472932691758,0.5350316112989119,0.6232417830013551,25,0,A
3,art,107,pca,ridge,0.19338310416279025,0.03054867264685386,0.6066126997269818,0.6474250905705269,25,0,A
3,art,107,emotion,ridge,0.019788791618887212,0.004037749578909522,0.4444445097364923,0.45997196629439835,25,0,A
3,art,122,population,ridge,,0.28573540954467935,0.5248936326490204,0.5872226704608857,25,0,A
3,art,122,identity,ridge,0.3963348529785925,0.008671044147215689,0.4176261400219539,0.46813899873511594,25,0,A
3,art,122,pca,ridge,0.19266735689138975,0.014950830825250656,0.4805426501205218,0.4837814637019739,25,0,A
3,art,122,emotion,ridge,0.019819098053786437,0.005495354420061987,0.664675356099859,0.6919232891657532,25,0,A
3,art,123,population,ridge,,0.34843008566914613,0.4745778560746298,0.5169674150095697,25,0,A
3,art,123,identity,ridge,0.39563645112869983,0.018358762287935274,0.4792252483520561,0.4963766073571535,25,0,A
3,art,123,pca,ridge,0.19341034651472408,0.03347878044923838,0.5168987900052354,0.5611407008740734,25,0,A
3,art,123,emotion,ridge,0.019812554464341013,0.005949375588917158,0.4334434903850693,0.47790049187414757,25,0,A
3,art,132,population,ridge,,0.32073801941224817,0.539735362426344,0.6136817104575821,25,0,A
3,art,132,identity,ridge,0.3950712525256653,0.023317454277446217,0.4229568867807652,0.5353625330175866,25,0,A
3,art,132,pca,ridge,0.19248205749063318,0.04105259547536007,0.45092629701380976,0.532319202906675,25,0,A
3,art,132,emotion,ridge,0.019783871862749648,0.012380351335786355,0.5538933293761683,0.6120137491457976,25,0,A
3,art,140,population,ridge,,0.3559228045926536,0.4884747663377963,0.5150217078518696,25,0,A
3,art,140,identity,ridge,0.39594816695354074,0.014613991119836097,0.3947186504179438,0.3883369916763845,25,0,A
3,art,140,pca,ridge,0.19275379773107423,0.016999966279980232,0.3847978880209767,0.415803467244584,25,0,A
3,art,140,emotion,ridge,0.019814767458229816,0.0055285987444761335,0.55615204645176,0.542463752792692,25,0,A
3,art,141,population,ridge,,0.35281550253748356,0.5153465049484464,0.4987536379776559,25,0,A
3,art,141,identity,ridge,0.3965758207926636,0.011415493858528065,0.39076220236963294,0.3567791760067515,25,0,A
3,art,141,pca,ridge,0.19333081016904252,0.029525629639936084,0.4848903343220509,0.4496833160692853,25,0,A
3,art,141,emotion,ridge,0.019796190520528837,0.010817054921766038,0.5113826870250768,0.5105553773522871,25,0,A
3,fashion,0,population,ridge,,0.20120776337553256,0.2438304121821438,0.30209281445967273,25,0,A
3,fashion,0,identity,ridge,0.0404624837863812,0.0007435560975239439,0.23338197259955507,0.22992004045127817,25,0,A
3,fashion,0,pca,ridge,0.019926591762263524,0.0013988487900993283,0.24810020720387477,0.27952646924355395,25,0,A
3,fashion,0,emotion,ridge,0.0001999782898909054,8.451598994033465e-06,0.2408666721082364,0.2851681317169799,25,0,A
3,fashion,9,population,ridge,,0.22333140773398452,0.30992910053404954,0.3171750934354809,25,0,A
3,fashion,9,identity,ridge,0.04045653316329511,0.0003016698406747476,0.07139246705332035,0.12772780221455257,25,0,A
3,fashion,9,pca,ridge,0.019931038807549695,0.0007107763775018901,0.11423816079991247,0.15818993766411352,25,0,A
3,fashion,9,emotion,ridge,0.00019997467462906442,2.2205249388017116e-05,0.16755270701140493,0.18845032160776606,25,0,A
3,fashion,10,population,ridge,,0.18686378357265973,0.5236282755365621,0.535152733245046,25,0,A
3,fashion,10,identity,ridge,0.04046298804977154,0.0012742956530445108,0.38139613170818487,0.41072959742406906,25,0,A
3,fashion,10,pca,ridge,0.01993465107030372,0.004486559181903224,0.5092480070266537,0.5127876060382884,25,0,A
3,fashion,10,emotion,ridge,0.00019998410638251605,0.0001188767604684894,0.4889782087515951,0.4949690717615086,25,0,A
3,fashion,11,population,ridge,,0.3797094454231944,0.6017404603154848,0.5945277065303997,25,0,A
3,fashion,11,identity,ridge,0.04046621986083258,0.0009938632759834683,0.4090978276439077,0.44290886193544293,25,0,A
3,fashion,11,pca,ridge,0.019930316281293357,0.003155040140401491,0.5887880205703051,0.5929276981404181,25,0,A
3,fashion,11,emotion,ridge,0.00019998207467355407,8.709984965152928e-05,0.5617373483332566,0.526509322780101,25,0,A
3,fashion,24,population,ridge,,0.2597456590207821,0.40583383191533123,0.46520399723092354,25,0,A
3,fashion,24,identity,ridge,0.040457193142154776,0.0006019511908762511,0.371209017528056,0.3081124352504556,25,0,A
3,fashion,24,pca,ridge,0.019928741206043626,0.0009912327168176878,0.3735345647630223,0.4013982061278528,25,0,A
3,fashion,24,emotion,ridge,0.0001999770130851534,2.422378964695974e-05,0.41756492574504983,0.4350364555550595,25,0,A
3,fashion,28,population,ridge,,0.2835681242980237,0.44701075745400315,0.4224330883379936,25,0,A
3,fashion,28,identity,ridge,0.04046318356806771,0.00059385542298271,0.30045983595018194,0.34422957341733285,25,0,A
3,fashion,28,pca,ridge,0.01992627225969203,0.0019253863119590613,0.4766457083398174,0.48084395000314434,25,0,A
3,fashion,28,emotion,ridge,0.00019998197337672328,3.2093274797253385e-05,0.46258940458062126,0.432041231047604,25,0,A
3,fashion,31,population,ridge,,0.0429932963618929,0.23412078751063237,0.1270727934703038,25,0,A
3,fashion,31,identity,ridge,0.040469237874557924,1.0108479297817564e-05,0.084226679464189,0.006223106221459109,25,0,A
3,fashion,31,pca,ridge,0.019934235621063993,0.00023735535993956691,0.09695861938319433,0.11733972744114037,25,0,A
3,fashion,31,emotion,ridge,0.0001999802750611403,-6.608097508573532e-07,0.006904628956075959,-0.020893827650919995,25,0,A
3,fashion,32,population,ridge,,0.1000336440468064,0.24446469028855589,0.2407920614494533,25,0,A
3,fashion,32,identity,ridge,0.040467524651772155,6.16008868836096e-05,0.056752472974846244,0.05910102401635244,25,0,A
3,fashion,32,pca,ridge,0.01992886649644501,0.00023754110725266773,0.1708424959655165,0.1850806327640877,25,0,A
3,fashion,32,emotion,ridge,0.00019997938317148996,6.002284782373018e-06,0.2870290450196906,0.2812979288547446,25,0,A
3,fashion,36,population,ridge,,0.27013647425481335,0.3586695563305804,0.4248002539436274,25,0,A
3,fashion,36,identity,ridge,0.04046199012145288,2.7720235124996622e-06,-0.025114826115771365,0.002456162908118516,25,0,A
3,fashion,36,pca,ridge,0.019931589400121644,0.00045789163415139354,0.3156510917956453,0.300647603827023,25,0,A
3,fashion,36,emotion,ridge,0.0001999776535753343,1.0492437614594361e-05,0.3639909155273874,0.4184564238355052,25,0,A
3,fashion,42,population,ridge,,0.049239142940350165,0.19023456858270701,0.13050291888173768,25,0,A
3,fashion,42,identity,ridge,0.04046437451456427,6.997592505454405e-05,0.07205627735651786,0.05564294784264655,25,0,A
3,fashion,42,pca,ridge,0.01993013660685688,3.715936460828974e-05,-0.06361140157756397,0.025209520363687263,25,0,A
3,fashion,42,emotion,ridge,0.00019998123190235125,1.6277205601926817e-06,0.10913377929725035,0.08352450630322886,25,0,A
3,fashion,47,population,ridge,,0.1690337385479627,0.3541997462802092,0.4295369801371193,25,0,A
3,fashion,47,identity,ridge,0.04046544578264558,-8.845696947165348e-05,-0.009183499145039214,-0.06977131306436436,25,0,A
3,fashion,47,pca,ridge,0.0199326364714221,-0.00039134342896686707,-0.19129033325517852,-0.1909972049284878,25,0,A
3,fashion,47,emotion,ridge,0.00019998062202658304,-2.0538259698692342e-05,-0.34804484791704476,-0.4057078987485553,25,0,A
3,fashion,54,population,ridge,,0.06306484182911584,0.040894721476411204,0.13669963899398982,25,0,A
3,fashion,54,identity,ridge,0.040461179328057345,-9.59611468516325e-05,-0.1360172366380879,-0.038361886531838786,25,0,A
3,fashion,54,pca,ridge,0.019923823559127342,0.000541135859220336,0.08751072393796511,0.17391729335778722,25,0,A
3,fashion,54,emotion,ridge,0.00019997460676706645,9.863710012267142e-06,0.03288492809721145,0.12624928715288272,25,0,A
3,fashion,55,population,ridge,,0.2530771285864564,0.24016714484150978,0.38741354533841366,25,0,A
3,fashion,55,identity,ridge,0.040464893698967774,0.0007534879745829422,0.2909280240351412,0.35766903494020974,25,0,A
3,fashion,55,pca,ridge,0.01992788994580522,0.0017294207367206762,0.2305200523778445,0.31872902205928233,25,0,A
3,fashion,55,emotion,ridge,0.00019997625958389345,4.1038349414009834e-05,0.24653119536727847,0.3688455524033764,25,0,A
3,fashion,59,population,ridge,,0.15543717112057848,0.259449900527496,0.432268667036705,25,0,A
3,fashion,59,identity,ridge,0.04046411234064622,0.0020903830220974037,0.3290849481719326,0.4722544304082218,25,0,A
3,fashion,59,pca,ridge,0.0199261386882772,0.0034612061058605084,0.29901526850728954,0.42736658025317653,25,0,A
3,fashion,59,emotion,ridge,0.00019997528146105945,7.498330614044982e-05,0.2562846710891125,0.4337256736654732,25,0,A
3,fashion,60,population,ridge,,0.2727854706142149,0.43655381540383686,0.4637684820500314,25,0,A
3,fashion,60,identity,ridge,0.04046632569726038,0.0012937446871549032,0.277637977203545,0.3164035635704037,25,0,A
3,fashion,60,pca,ridge,0.01993224681396153,0.0026362170692749787,0.34662041345046274,0.3570278783727952,25,0,A
3,fashion,60,emotion,ridge,0.00019997680646514427,7.805639758011535e-05,0.4406736695715333,0.44316166161821663,25,0,A
3,fashion,67,population,ridge,,0.020837403094685302,-0.002228706734101529,0.029959607466534817,25,0,A
3,fashion,67,identity,ridge,0.04046342777797688,-7.135235867745173e-05,-0.026951802365878956,-0.03729492532580319,25,0,A
3,fashion,67,pca,ridge,0.019926502098381878,7.365736454229926e-05,0.008552014212250053,0.029741024820216795,25,0,A
3,fashion,67,emotion,ridge,0.00019998023229269075,2.2165993285840586e-06,0.022960862400162266,0.0441446675841403,25,0,A
3,fashion,68,population,ridge,,0.19836266171637354,0.44552058290527397,0.4109958844693279,25,0,A
3,fashion,68,identity,ridge,0.040464009238746844,0.0007933209567233841,0.206259529122812,0.25134805234013924,25,0,A
3,fashion,68,pca,ridge,0.019931581454187133,0.0026836129959995378,0.31289954902456896,0.3819625326874853,25,0,A
3,fashion,68,emotion,ridge,0.0001999777134621232,5.3798548775345155e-05,0.34564485066667505,0.35363678439710106,25,0,A
3,fashion,75,population,ridge,,0.30926966081183627,0.4638685716560307,0.4900796703032337,25,0,A
3,fashion,75,identity,ridge,0.04046498833877626,0.0008942320128347607,0.4697780471442444,0.5207765357076207,25,0,A
3,fashion,75,pca,ridge,0.019928638652495678,0.0023582864669500817,0.5748353891569343,0.6241778972416134,25,0,A
3,fashion,75,emotion,ridge,0.00019997973675413844,2.6959385556654244e-05,0.36310443833135936,0.45094025055373776,25,0,A
3,fashion,76,population,ridge,,0.21527849064476287,0.3211746435689274,0.3232109145410559,25,0,A
3,fashion,76,identity,ridge,0.04046065429744859,0.0007878518561070969,0.24103305400414293,0.2169219874948501,25,0,A
3,fashion,76,pca,ridge,0.019923666823650887,0.001593429906115916,0.20514422072655447,0.2588845091507509,25,0,A
3,fashion,76,emotion,ridge,0.00019997693193447773,5.2838488365064464e-05,0.23865060320746687,0.2712071160543219,25,0,A
3,fashion,82,population,ridge,,0.18966919924751247,0.38577404344467703,0.39011388123264473,25,0,A
3,fashion,82,identity,ridge,0.04046498129636009,0.00028441865736919737,0.16947816131748888,0.14707946374375389,25,0,A
3,fashion,82,pca,ridge,0.01991856221928165,0.0005182650825577336,0.15695367549578587,0.18129295903220527,25,0,A
3,fashion,82,emotion,ridge,0.00019997774654660858,1.5549896974897867e-05,0.22454613866053216,0.269287398197634,25,0,A
3,fashion,84,population,ridge,,0.1786749601273137,0.4412442125424235,0.40540921012895687,25,0,A
3,fashion,84,identity,ridge,0.040465015632549256,0.000266929909255011,0.22767488450977214,0.19743615026764139,25,0,A
3,fashion,84,pca,ridge,0.019926503409719597,0.0013485365096696576,0.36078652577761927,0.36389849636836263,25,0,A
3,fashion,84,emotion,ridge,0.00019997652046328834,2.1973770979818688e-05,0.32773776710017744,0.32802385248208243,25,0,A
3,fashion,88,population,ridge,,0.09766236347395107,0.2735993634642635,0.26341179721353564,25,0,A
3,fashion,88,identity,ridge,0.04046101887633903,0.0007562444645787784,0.266333937487401,0.28561937343703325,25,0,A
3,fashion,88,pca,ridge,0.0199232487893998,0.000597104167402653,0.11673442811146796,0.14227474518110886,25,0,A
3,fashion,88,emotion,ridge,0.00019997406175139922,1.4053784121404916e-05,0.17007923360601515,0.16736527951602567,25,0,A
3,fashion,95,population,ridge,,0.060105519375870255,0.13560748649783175,0.16074209451054994,25,0,A
3,fashion,95,identity,ridge,0.04046489580865109,0.0007609367238769607,0.33838137086335307,0.2847184574787713,25,0,A
3,fashion,95,pca,ridge,0.019930508724882477,0.0009528493135901876,0.21203990567719533,0.20222906234846652,25,0,A
3,fashion,95,emotion,ridge,0.00019997658621023472,1.4438872198828645e-05,0.06760763697776934,0.1150831000340165,25,0,A
3,fashion,96,population,ridge,,0.21553306940403857,0.37032223408967463,0.378798806131302,25,0,A
3,fashion,96,identity,ridge,0.040464510817921066,5.798384063910939e-05,0.01725072873695895,0.03907354315810742,25,0,A
3,fashion,96,pca,ridge,0.01992889445283562,-6.243549465152565e-05,-0.03227715147631574,-0.028856531700195146,25,0,A
3,fashion,96,emotion,ridge,0.00019997714041371998,1.6748167293869705e-05,0.3992876410806716,0.3924698637995169,25,0,A
3,fashion,107,population,ridge,,0.09397143846605029,0.14463631810528388,0.18320757311856753,25,0,A
3,fashion,107,identity,ridge,0.040459916449744164,0.0005738502871629515,0.18109300322441407,0.16503177371448088,25,0,A
3,fashion,107,pca,ridge,0.01993140686676287,0.0008462981049500138,0.15569732597136013,0.12450632680737209,25,0,A
3,fashion,107,emotion,ridge,0.00019997669845748037,3.144983433727387e-05,0.1839698572882366,0.18413883022653701,25,0,A
3,fashion,122,population,ridge,,0.10234340633297873,0.20403996724434686,0.23890154506095918,25,0,A
3,fashion,122,identity,ridge,0.04046464121647719,0.00010519548041857946,0.05744424944548245,0.059451333480501176,25,0,A
3,fashion,122,pca,ridge,0.019920643784591983,8.277423039902349e-05,0.04806252486355649,0.030031906420575946,25,0,A
3,fashion,122,emotion,ridge,0.00019997795749724062,1.0125060320765617e-05,0.23840617761129482,0.26113701108170073,25,0,A
3,fashion,123,population,ridge,,0.3424687177639504,0.5207961689335803,0.4903634843881374,25,0,A
3,fashion,123,identity,ridge,0.04046501604998787,0.0014190635817096133,0.3930338056692455,0.4490300080501182,25,0,A
3,fashion,123,pca,ridge,0.019927576702836236,0.00288106555904065,0.3709278521355029,0.3848870832299478,25,0,A
3,fashion,123,emotion,ridge,0.00019997867764340874,7.513925999850625e-05,0.49944382745212434,0.4859682126099146,25,0,A
3,fashion,132,population,ridge,,0.10872750045427722,0.320983326228333,0.3446416264081057,25,0,A
3,fashion,132,identity,ridge,0.04046324268017293,0.00040402376762781043,0.200837897533405,0.25223635039845527,25,0,A
3,fashion,132,pca,ridge,0.01992924308348933,0.0010836352969747708,0.35482850688506196,0.368270542667899,25,0,A
3,fashion,132,emotion,ridge,0.00019997876542824112,2.926004130017084e-05,0.20376585304476422,0.3011044722490038,25,0,A
3,fashion,140,population,ridge,,0.2190011203434533,0.4337019494954459,0.5018786463150113,25,0,A
3,fashion,140,identity,ridge,0.04046516523793229,0.0007827484365838279,0.1623933677198395,0.29281231133828295,25,0,A
3,fashion,140,pca,ridge,0.019923451818357835,0.0020924071163633106,0.30784219224575127,0.40738921995985083,25,0,A
3,fashion,140,emotion,ridge,0.0001999783339972455,6.353890188012771e-05,0.3291453029086373,0.4076247719360636,25,0,A
3,fashion,141,population,ridge,,0.15518054323758418,0.2781054286756945,0.2766190660747313,25,0,A
3,fashion,141,identity,ridge,0.04046571817851293,0.00029481068172840274,0.11492380120809463,0.14199295384430885,25,0,A
3,fashion,141,pca,ridge,0.019932815256937873,0.00016589931759425038,0.0332567106150858,0.053719911267694,25,0,A
3,fashion,141,emotion,ridge,0.00019997851705786724,2.7381253092903824e-05,0.24586574285006085,0.26674992942613024,25,0,A
3,landscape,0,population,ridge,,0.13620800230185603,0.4186627111782382,0.3835078344761208,25,0,A
3,landscape,0,identity,ridge,14.09112903450229,0.2607248620136549,0.466910824168458,0.4749360358193506,25,0,A
3,landscape,0,pca,ridge,1.4815631326677885,0.16727484210175855,0.4362660823103328,0.42112867371173685,25,0,A
3,landscape,0,emotion,ridge,1.9130693946365962,0.24320997973720057,0.40016677474930507,0.38056130558079326,25,0,A
3,landscape,9,population,ridge,,0.4747261773444269,0.4760969923426796,0.5779612414274162,25,0,A
3,landscape,9,identity,ridge,13.948121555077117,0.3416509896074506,0.3866280908516385,0.5497703302098828,25,0,A
3,landscape,9,pca,ridge,1.4994230583203318,0.15986770879204296,0.48773848709642126,0.5709420563013267,25,0,A
3,landscape,9,emotion,ridge,1.8869273544189848,0.3531835841335767,0.4994803395635574,0.6138299665555826,25,0,A
3,landscape,10,population,ridge,,0.22886254062593497,0.6577501465600177,0.6586142813280771,25,0,A
3,landscape,10,identity,ridge,13.77411779441399,0.29681385097549,0.4594509842682389,0.4720064799571683,25,0,A
3,landscape,10,pca,ridge,1.5154785466332308,0.21658967505758864,0.6110512078223339,0.5876174230552536,25,0,A
3,landscape,10,emotion,ridge,1.9027566413794852,0.4298008311541903,0.7110084750155731,0.6783572694399077,25,0,A
3,landscape,11,population,ridge,,0.2805766128234383,0.39530747793777665,0.4676452678432116,25,0,A
3,landscape,11,identity,ridge,13.655418984024651,0.09066295996496536,0.13775119647769368,0.15088856022072675,25,0,A
3,landscape,11,pca,ridge,1.486999295734759,0.1830275277929739,0.39678655306101596,0.4376510362046888,25,0,A
3,landscape,11,emotion,ridge,1.8472044659038813,0.2685952629764408,0.32746723228519736,0.3542428339322501,25,0,A
3,landscape,24,population,ridge,,0.1561297966577672,0.199458076190627,0.19450245478172312,25,0,A
3,landscape,24,identity,ridge,14.042792665741826,-0.07351142584411247,-0.16765259917644595,-0.13519413373473707,25,0,A
3,landscape,24,pca,ridge,1.4799928715968835,0.018258882638058624,0.07730348142090789,0.08429266900832373,25,0,A
3,landscape,24,emotion,ridge,2.0268035628521353,8.529885868153432e-05,-0.0806996594749645,0.00044311818815463125,25,0,A
3,landscape,28,population,ridge,,0.23431581679518892,0.323870120202155,0.35558475288279234,25,0,A
3,landscape,28,identity,ridge,13.944978910945634,0.07229652547668755,0.19266851855211015,0.18379491612054852,25,0,A
3,landscape,28,pca,ridge,1.509553241840105,0.09071744637016066,0.3575809593357937,0.3464874590655956,25,0,A
3,landscape,28,emotion,ridge,2.0108462243720577,0.17632658404272272,0.2888305326647087,0.3028979577511213,25,0,A
3,landscape,31,population,ridge,,0.08522189880608026,0.42198894895467076,0.24448432841022535,25,0,A
3,landscape,31,identity,ridge,14.002870646907983,0.13020054586567087,0.2067448890899006,0.2599894036662868,25,0,A
3,landscape,31,pca,ridge,1.4853685749998278,0.07796257476158981,0.36116355810801354,0.4008646952170754,25,0,A
3,landscape,31,emotion,ridge,1.8146305136556213,0.045388565243428255,0.4531696417371744,0.4047193424356432,25,0,A
3,landscape,32,population,ridge,,0.3048618919152446,0.5501876754006574,0.5593037760963196,25,0,A
3,landscape,32,identity,ridge,13.927815608358776,0.3380372585930393,0.4775176853650819,0.5564612929654223,25,0,A
3,landscape,32,pca,ridge,1.4738946677106737,0.2127962996596371,0.5629110406594113,0.5748284885482279,25,0,A
3,landscape,32,emotion,ridge,2.0034877701270637,0.5214189500602069,0.5999556079704758,0.6259071522474241,25,0,A
3,landscape,36,population,ridge,,0.357983487602394,0.5504822795845599,0.5713087173090629,25,0,A
3,landscape,36,identity,ridge,13.85111015054493,0.19639642359259607,0.3509796345925734,0.35254394286103197,25,0,A
3,landscape,36,pca,ridge,1.4636867004538319,0.23053789670521785,0.6220986136842472,0.5823512698565094,25,0,A
3,landscape,36,emotion,ridge,1.8194652003870182,0.5185065444796751,0.6296972954576537,0.6324366078171221,25,0,A
3,landscape,42,population,ridge,,0.3490067602922093,0.5334084587475573,0.5172401522468544,25,0,A
3,landscape,42,identity,ridge,13.9465455175294,0.16531578966155613,0.38267144344391946,0.3116102297277681,25,0,A
3,landscape,42,pca,ridge,1.4937030968907596,0.034273833095609246,0.16341297505054958,0.14799332773414636,25,0,A
3,landscape,42,emotion,ridge,1.9040986323502853,0.18017538032948735,0.37941336543668097,0.36661828366849797,25,0,A
3,landscape,47,population,ridge,,0.4283260219518809,0.5352790384534273,0.5966397046669683,25,0,A
3,landscape,47,identity,ridge,13.819960421880081,0.3549484000873406,0.23305688471989106,0.4181404207677006,25,0,A
3,landscape,47,pca,ridge,1.5061587809076553,0.3950223918134786,0.5172359247976936,0.6404969926916417,25,0,A
3,landscape,47,emotion,ridge,1.983005083092894,0.587580906605025,0.5162836493547522,0.6480682597017774,25,0,A
3,landscape,54,population,ridge,,0.1579107864488189,0.24150847385900387,0.2737729071748979,25,0,A
3,landscape,54,identity,ridge,13.680258183737022,-0.06017416660863479,-0.20048331939862568,-0.1635327785812956,25,0,A
3,landscape,54,pca,ridge,1.4804627281068354,-0.01635412239670022,-0.09037644727987378,-0.10672254825165092,25,0,A
3,landscape,54,emotion,ridge,1.8482996996013363,0.022669325355133673,0.10349642287605872,0.06966681203254325,25,0,A
3,landscape,55,population,ridge,,0.4516208508424394,0.6181648556261546,0.6361388085057069,25,0,A
3,landscape,55,identity,ridge,13.840438811165233,0.26611634833760195,0.4780660488741438,0.46217646241267657,25,0,A
3,landscape,55,pca,ridge,1.481673195920041,0.2559318347466575,0.6402386207779975,0.64250800370415,25,0,A
3,landscape,55,emotion,ridge,2.0061664194818665,0.4388143650610403,0.5922629825538348,0.6197841656367256,25,0,A
3,landscape,59,population,ridge,,0.2622664980956364,0.49352787431042633,0.4740020691636403,25,0,A
3,landscape,59,identity,ridge,14.128608355241415,0.248070954181293,0.38953266666436875,0.3447151880294084,25,0,A
3,landscape,59,pca,ridge,1.4750797844283505,0.19024173743638959,0.5333798649935576,0.46731189093611697,25,0,A
3,landscape,59,emotion,ridge,1.8582533797601715,0.37283541247694796,0.49568481195049274,0.44055327047643794,25,0,A
3,landscape,60,population,ridge,,0.5138294231959575,0.8024150149313478,0.7527818969242978,25,0,A
3,landscape,60,identity,ridge,14.211052421006853,0.4695029318872372,0.7262648707966091,0.7050540346579955,25,0,A
3,landscape,60,pca,ridge,1.4907955808652789,0.3102215458288169,0.7520560828525265,0.7376882152206778,25,0,A
3,landscape,60,emotion,ridge,2.0099817774957516,0.5951414111311333,0.7713872569741342,0.7453342055724687,25,0,A
3,landscape,67,population,ridge,,0.39504180382264453,0.46228772936860213,0.4534440257365465,25,0,A
3,landscape,67,identity,ridge,13.950877641556733,-0.008035167819975472,0.005566626688795743,-0.013853926624768309,25,0,A
3,landscape,67,pca,ridge,1.4575625605105145,0.027952870221113302,0.023297363549404405,0.10489724420502983,25,0,A
3,landscape,67,emotion,ridge,1.9425382900817127,0.2417920244423287,0.3766235297688009,0.41120932477785865,25,0,A
3,landscape,68,population,ridge,,0.2004318495843631,0.3368332548786953,0.33519939666552034,25,0,A
3,landscape,68,identity,ridge,13.949559759778289,0.09283509516707852,0.20962734396219737,0.16445372334581632,25,0,A
3,landscape,68,pca,ridge,1.4786500778611305,0.08307936271991302,0.2650081491863544,0.23238782619712248,25,0,A
3,landscape,68,emotion,ridge,1.8857274750379545,0.28390077684905596,0.4571415564802711,0.4300910692586766,25,0,A
3,landscape,75,population,ridge,,0.27810144327677483,0.4443434437352558,0.42292416007960887,25,0,A
3,landscape,75,identity,ridge,13.8353377397988,0.01698787156379806,0.04216589285268381,0.04063314061364224,25,0,A
3,landscape,75,pca,ridge,1.4756189438057599,0.061293206150075476,0.3632673060459111,0.34257835944933757,25,0,A
3,landscape,75,emotion,ridge,1.8570343370445923,0.12610616036283595,0.4420854943047883,0.39717618167917196,25,0,A
3,landscape,76,population,ridge,,0.35170387834169275,0.4614694682186852,0.48414772370621845,25,0,A
3,landscape,76,identity,ridge,14.07940677083028,0.24128175547437516,0.36995781120476573,0.3803516689659706,25,0,A
3,landscape,76,pca,ridge,1.4990497336996853,0.24630228184684164,0.4032028679720143,0.47574847435798734,25,0,A
3,landscape,76,emotion,ridge,1.9214852516586682,0.44981337231417223,0.45374738866792164,0.5011674072348056,25,0,A
3,landscape,82,population,ridge,,0.3543407072538566,0.4948310782318455,0.4903474210165291,25,0,A
3,landscape,82,identity,ridge,13.781317377305452,0.05657896394563029,0.07215230958449191,0.08482434240484583,25,0,A
3,landscape,82,pca,ridge,1.4835648347461892,0.10110013983972707,0.4293670445358037,0.40534683135069627,25,0,A
3,landscape,82,emotion,ridge,1.8343282812645707,0.2010784489639211,0.43544729534348564,0.41847963259759624,25,0,A
3,landscape,84,population,ridge,,0.35169539658233967,0.5582056795549317,0.5528837107900908,25,0,A
3,landscape,84,identity,ridge,14.043827141487574,0.0758102835164871,0.0902454621762634,0.1814888272940764,25,0,A
3,landscape,84,pca,ridge,1.4963171014362597,0.09934478478575293,0.429801028171294,0.41198133499087736,25,0,A
3,landscape,84,emotion,ridge,1.9633183584303742,0.28471821639419304,0.647124752801527,0.6033201685135143,25,0,A
3,landscape,88,population,ridge,,0.4653477546407398,0.718731598216922,0.7092757422396666,25,0,A
3,landscape,88,identity,ridge,13.806381327364264,0.3625259572936751,0.5372505240943429,0.5338569854960526,25,0,A
3,landscape,88,pca,ridge,1.4867628412492064,0.19895109502520728,0.6134344098880489,0.5642402547473441,25,0,A
3,landscape,88,emotion,ridge,1.8315497308175717,0.4622816546186229,0.6333978173407347,0.6063165244184849,25,0,A
3,landscape,95,population,ridge,,0.2746588299295989,0.4369935462595325,0.5108264704172276,25,0,A
3,landscape,95,identity,ridge,13.899136194914648,0.1712351194034339,0.20973512182845935,0.2463132837661041,25,0,A
3,landscape,95,pca,ridge,1.4881019603205288,0.19471111514282552,0.5025326780275005,0.5427890008659851,25,0,A
3,landscape,95,emotion,ridge,2.0167174085414237,0.367898026861917,0.49540455493491176,0.5306744743582367,25,0,A
3,landscape,96,population,ridge,,0.37442688851757727,0.5163954033939346,0.529826730836348,25,0,A
3,landscape,96,identity,ridge,14.166749064394267,0.3028055735759061,0.5214012519151735,0.5170339746972801,25,0,A
3,landscape,96,pca,ridge,1.5041735085247179,0.12847831665782863,0.4975119550118357,0.5217167197030367,25,0,A
3,landscape,96,emotion,ridge,2.0785812784055575,0.3225579027817837,0.5767133999320303,0.5449112163535597,25,0,A
3,landscape,107,population,ridge,,0.15925681877536227,0.2459956761094593,0.2061127323367081,25,0,A
3,landscape,107,identity,ridge,13.993029032103967,0.010268741153355618,0.10701534987449822,0.016995847045252543,25,0,A
3,landscape,107,pca,ridge,1.5008012817453826,0.0497898616787767,0.1438673273009913,0.1241650865959318,25,0,A
3,landscape,107,emotion,ridge,2.0517474402964164,0.142303403963308,0.21921690496192645,0.17788248672561233,25,0,A
3,landscape,122,population,ridge,,0.3025538427651165,0.540655737582069,0.5663726659543691,25,0,A
3,landscape,122,identity,ridge,13.792792275972095,0.2606871594893108,0.3627954359159326,0.460620070473785,25,0,A
3,landscape,122,pca,ridge,1.4674317784863893,0.17280322668287681,0.5124058816011611,0.5714864408589241,25,0,A
3,landscape,122,emotion,ridge,1.8331535447132996,0.4330301290372432,0.5431294552686633,0.6033938631766924,25,0,A
3,landscape,123,population,ridge,,0.4072345420281917,0.6606366823765033,0.6330599016632072,25,0,A
3,landscape,123,identity,ridge,13.8977866809764,0.36725375590288006,0.6580166775750999,0.6376468965659509,25,0,A
3,landscape,123,pca,ridge,1.4401493143958652,0.22127690659226762,0.6637015936536167,0.6712832097530083,25,0,A
3,landscape,123,emotion,ridge,1.7872238487140215,0.44678320157204027,0.6837223850605669,0.6714496094594271,25,0,A
3,landscape,132,population,ridge,,0.0689310698119935,0.27407396128981615,0.3384805311355312,25,0,A
3,landscape,132,identity,ridge,13.784643217026485,0.19811944994938127,0.17782572446716538,0.27494140655135796,25,0,A
3,landscape,132,pca,ridge,1.4700320056572147,0.1797563948008161,0.19914653642155009,0.3573069183442701,25,0,A
3,landscape,132,emotion,ridge,1.8909550410012526,0.33829836683043757,0.3248377992764463,0.39577823451428185,25,0,A
3,landscape,140,population,ridge,,0.23295297610234272,0.47034245332029995,0.366884121505941,25,0,A
3,landscape,140,identity,ridge,13.884562400296577,0.3192116884407827,0.5384019572568777,0.483491385124088,25,0,A
3,landscape,140,pca,ridge,1.5037376145433234,0.11717098054292899,0.480399527054893,0.3912862579026424,25,0,A
3,landscape,140,emotion,ridge,1.9689406493992325,0.2568104120003502,0.5141056603139004,0.4173286228709596,25,0,A
3,landscape,141,population,ridge,,0.36631844046193535,0.5190558595130934,0.504226797134563,25,0,A
3,landscape,141,identity,ridge,13.982326236597721,0.10928374042745621,0.25101800147498016,0.24952326334935457,25,0,A
3,landscape,141,pca,ridge,1.48407433277176,0.12611441787585892,0.45475862360792396,0.4428138213834544,25,0,A
3,landscape,141,emotion,ridge,1.8167601066657977,0.236606022769612,0.394990062987097,0.4232783895254451,25,0,A
4,art,1,population,ridge,,0.34591368808905604,0.37612570655572103,0.38468463003377745,25,0,A
4,art,1,identity,ridge,0.39571464654413546,0.01239517170508296,0.4584675746803921,0.44012873170573913,25,0,A
4,art,1,pca,ridge,0.1922264163855675,0.022202396714057326,0.406250780259869,0.396754361924878,25,0,A
4,art,1,emotion,ridge,1.801185771001785,0.36060045468130303,0.43035083922318734,0.4310428781616083,25,0,A
4,art,2,population,ridge,,0.4805622053841326,0.7873181898444129,0.7423195503184301,25,0,A
4,art,2,identity,ridge,0.39493578772190724,0.03748596864191253,0.598109612375813,0.535376261878137,25,0,A
4,art,2,pca,ridge,0.19266624083816292,0.05095387480801613,0.7657709522108858,0.7085160981627716,25,0,A
4,art,2,emotion,ridge,1.8116719391050318,0.6129377999893831,0.7410462417466078,0.7229838798717466,25,0,A
4,art,12,population,ridge,,0.40713794552929367,0.5077032044344681,0.4995704194893714,25,0,A
4,art,12,identity,ridge,0.396191690945883,0.005126421762823917,0.1878754445066455,0.1854631802330268,25,0,A
4,art,12,pca,ridge,0.1932892877035044,0.01793280077365106,0.3772664209668267,0.39840805168347343,25,0,A
4,art,12,emotion,ridge,1.9827773935080368,0.5219256867008958,0.5859551709686962,0.5695905976739145,25,0,A
4,art,13,population,ridge,,0.2628191404549479,0.40268344706643516,0.4344863006757111,25,0,A
4,art,13,identity,ridge,0.39578265886012653,0.005672119436177519,0.28993991810183606,0.28450727984879715,25,0,A
4,art,13,pca,ridge,0.1923802666555988,0.005605413604663639,0.23660468654560307,0.22135646679622284,25,0,A
4,art,13,emotion,ridge,1.91103077491044,0.0826094938005433,0.21711210421375665,0.2508322865330677,25,0,A
4,art,26,population,ridge,,0.334832171248243,0.4485805304540108,0.420486802058425,25,0,A
4,art,26,identity,ridge,0.39547750448135127,0.013380523735608902,0.2607874981177391,0.2612659278707145,25,0,A
4,art,26,pca,ridge,0.19326945414913826,0.026630878522577565,0.4406702934214513,0.4151604772320884,25,0,A
4,art,26,emotion,ridge,2.0802242463623033,0.3370268647301292,0.42469962498229613,0.40318919982330165,25,0,A
4,art,29,population,ridge,,0.2789905106617457,0.32442617288488834,0.3399597820816382,25,0,A
4,art,29,identity,ridge,0.39618789071798666,0.00540671770417206,0.20874755464545278,0.23321121094641178,25,0,A
4,art,29,pca,ridge,0.19322190439730536,0.012420876596099797,0.444606495113528,0.4307698052316771,25,0,A
4,art,29,emotion,ridge,1.986502814134083,0.09589663404030231,0.29453283515882517,0.30749922155801945,25,0,A
4,art,34,population,ridge,,0.2802861637695987,0.6266138095529693,0.6269887555256604,25,0,A
4,art,34,identity,ridge,0.39589733700072255,0.019605748680604676,0.6444649309079841,0.634692748757495,25,0,A
4,art,34,pca,ridge,0.19359628438547613,0.03147483095987085,0.619512811002908,0.5894632327048307,25,0,A
4,art,34,emotion,ridge,1.85686311669343,0.5730504000886631,0.6820903607253223,0.6715634090624459,25,0,A
4,art,38,population,ridge,,0.3780808093583739,0.6213089799401921,0.6094974344799775,25,0,A
4,art,38,identity,ridge,0.39555375566499545,0.026323724265621785,0.555915768948379,0.5625190783260239,25,0,A
4,art,38,pca,ridge,0.1928498977487464,0.029750060067344652,0.615186020109498,0.60672673625701,25,0,A
4,art,38,emotion,ridge,1.9830986157809973,0.4380027197935987,0.6639737640404685,0.6475859165814853,25,0,A
4,art,43,population,ridge,,0.18888501294619772,0.3190238946588173,0.3479754494256927,25,0,A
4,art,43,identity,ridge,0.39633813380513705,0.005720302009512642,0.3346959312401531,0.34971482863916503,25,0,A
4,art,43,pca,ridge,0.19325772200234229,0.01139829693139792,0.28870829889679583,0.285203652530488,25,0,A
4,art,43,emotion,ridge,1.922855899076783,0.22751154643039762,0.26471049288162535,0.26105321954080474,25,0,A
4,art,48,population,ridge,,0.4244172916721766,0.6665161890592995,0.6584588028528588,25,0,A
4,art,48,identity,ridge,0.39451064249614565,0.014790481778144498,0.5089448001930554,0.45322641726944707,25,0,A
4,art,48,pca,ridge,0.1925340826095182,0.043868059134214994,0.6589170710523712,0.6492891870024219,25,0,A
4,art,48,emotion,ridge,1.9201899120916437,0.5658059359930243,0.6765666354555597,0.6544371554210434,25,0,A
4,art,49,population,ridge,,0.3438101068026812,0.5250725532488049,0.5186101835548991,25,0,A
4,art,49,identity,ridge,0.3960393260524727,0.02052182755812999,0.5372398335897247,0.5381474025497363,25,0,A
4,art,49,pca,ridge,0.19272543397757916,0.025606970089104623,0.5017272023507796,0.47147308636499463,25,0,A
4,art,49,emotion,ridge,1.9187832805573122,0.3353056209714439,0.4742271703607329,0.4337283664410155,25,0,A
4,art,56,population,ridge,,0.045490584844676045,0.08793057682232729,0.1685192335018076,25,0,A
4,art,56,identity,ridge,0.3958574724839383,0.002637062101400698,0.210268770662087,0.24867200732351377,25,0,A
4,art,56,pca,ridge,0.19251862274385498,0.0024833487402787053,0.24907553506074362,0.26676355834312804,25,0,A
4,art,56,emotion,ridge,1.8478732441101695,0.02584777653239701,0.2947952453441812,0.2678602078716813,25,0,A
4,art,61,population,ridge,,0.2588673507052779,0.4198381239277841,0.43186809016611066,25,0,A
4,art,61,identity,ridge,0.3963672251133799,0.012563413696354274,0.43443290281477315,0.48156586465733886,25,0,A
4,art,61,pca,ridge,0.19260866724573283,0.023968062580828935,0.41427104332140685,0.4474258973364764,25,0,A
4,art,61,emotion,ridge,1.9038691192833035,0.4273314425220738,0.5233055769994623,0.510321394096549,25,0,A
4,art,72,population,ridge,,0.18157576945011786,0.4682371698942248,0.44758369298150363,25,0,A
4,art,72,identity,ridge,0.3962236534966872,0.008855023484354966,0.4150589835954342,0.393509244701811,25,0,A
4,art,72,pca,ridge,0.1928569249960921,0.01119849006134444,0.24675276510338554,0.29865342872396533,25,0,A
4,art,72,emotion,ridge,1.8450829089512517,0.19319833743482534,0.4182985169688376,0.38342190657780756,25,0,A
4,art,77,population,ridge,,0.326171557974216,0.5115310594777744,0.48963741411930023,25,0,A
4,art,77,identity,ridge,0.39516826309762426,0.006912608806099461,0.28540444487016864,0.34464216339420356,25,0,A
4,art,77,pca,ridge,0.19256157807541857,0.010689542719834723,0.3053451507097452,0.30298905099404455,25,0,A
4,art,77,emotion,ridge,1.8877501596487785,0.2295023038488601,0.3365674469498764,0.3708165743110576,25,0,A
4,art,78,population,ridge,,0.3318857181653592,0.59660049698074,0.5960709436965724,25,0,A
4,art,78,identity,ridge,0.3963683510645065,0.018578425731967878,0.5818209636121007,0.5974437666821112,25,0,A
4,art,78,pca,ridge,0.19259070936783945,0.025728968680074345,0.624632345269926,0.6547411472894189,25,0,A
4,art,78,emotion,ridge,1.8487797202346938,0.3048297807637873,0.47161490979328025,0.565656748873439,25,0,A
4,art,89,population,ridge,,0.2539346035128726,0.4935470497048554,0.49108269165867013,25,0,A
4,art,89,identity,ridge,0.3956968332183611,0.012682900477258573,0.3286619324563108,0.377596486631536,25,0,A
4,art,89,pca,ridge,0.193228716476779,0.020501267225820793,0.4332957205788978,0.44271550773506047,25,0,A
4,art,89,emotion,ridge,1.8744861196959375,0.3675582270534178,0.4973757294820902,0.4936550513019099,25,0,A
4,art,90,population,ridge,,0.23569683761143145,0.4074384680532844,0.3905626193642252,25,0,A
4,art,90,identity,ridge,0.3957711965935846,0.018887891251882335,0.5497952863519554,0.5139333476680649,25,0,A
4,art,90,pca,ridge,0.19325051431985957,0.015531503811000586,0.4492436380051867,0.43401120380299874,25,0,A
4,art,90,emotion,ridge,1.9774823667479502,0.21703497032921915,0.38646114201067305,0.4035169219805856,25,0,A
4,art,97,population,ridge,,0.3435841384661578,0.4422177687194491,0.4366269962065136,25,0,A
4,art,97,identity,ridge,0.39539068813108,0.011800120599946989,0.298518377723574,0.3323446815770884,25,0,A
4,art,97,pca,ridge,0.1931019059552869,0.01704115262863379,0.3521540747829588,0.3474186202364271,25,0,A
4,art,97,emotion,ridge,1.9173853413291801,0.2854618037362436,0.4368843879611989,0.44047644964315746,25,0,A
4,art,103,population,ridge,,0.401604551981661,0.6525610081142803,0.6926460772030445,25,0,A
4,art,103,identity,ridge,0.3960750299444781,0.029203684269415508,0.6688375871996096,0.6670508311555968,25,0,A
4,art,103,pca,ridge,0.19290327360307077,0.05250387686437779,0.6606493695002414,0.68592633180291,25,0,A
4,art,103,emotion,ridge,1.9101116637674296,0.5910232166928795,0.6903566227388028,0.6769767942418541,25,0,A
4,art,108,population,ridge,,0.13202822829313907,0.3038819974429313,0.29046024888034283,25,0,A
4,art,108,identity,ridge,0.39499280003390724,-0.0010011579105384417,-0.08805078958429764,-0.05974094401331847,25,0,A
4,art,108,pca,ridge,0.192233800973793,-0.003649567864271508,-0.1731218570168424,-0.16142037630970302,25,0,A
4,art,108,emotion,ridge,1.9637504399553998,0.23889929201983098,0.2757732851447292,0.31515541323868823,25,0,A
4,art,114,population,ridge,,0.21584481706458494,0.564642084977483,0.564983986224604,25,0,A
4,art,114,identity,ridge,0.395084584706007,0.01942033395585208,0.6152586913870902,0.5815790666796472,25,0,A
4,art,114,pca,ridge,0.19260352895513294,0.015210045762524927,0.5569309613447694,0.5464125003331055,25,0,A
4,art,114,emotion,ridge,1.9784763937508782,0.1811590176337919,0.5170901559090825,0.5294067493928222,25,0,A
4,art,115,population,ridge,,0.06982202481154287,0.15536579790073365,0.12958750480666445,25,0,A
4,art,115,identity,ridge,0.3961328592289768,-0.0019317632740160065,-0.024190466620351413,-0.042097122791522334,25,0,A
4,art,115,pca,ridge,0.19300835152742568,-0.0021110541237998152,0.0382173710979999,-0.02499865492779748,25,0,A
4,art,115,emotion,ridge,1.900088762910201,0.15526273160511755,0.25391074545980646,0.19484605418861473,25,0,A
4,art,124,population,ridge,,0.3696392464143139,0.44369443818522863,0.5078430472769144,25,0,A
4,art,124,identity,ridge,0.3952110192250029,0.016421986096433767,0.3562583236021429,0.4026183290111091,25,0,A
4,art,124,pca,ridge,0.1928582632268198,0.03242621243077658,0.489091068450143,0.5593133698648042,25,0,A
4,art,124,emotion,ridge,1.9131213095246165,0.42914856940355667,0.5252680740254942,0.5567207803994733,25,0,A
4,art,134,population,ridge,,0.3657188776412316,0.5687143766086873,0.5927199771820112,25,0,A
4,art,134,identity,ridge,0.39573015484414803,0.014014649245960485,0.45389771180054156,0.44520181422301164,25,0,A
4,art,134,pca,ridge,0.19292213901039973,0.027608311123157966,0.5330527441243039,0.5207961636475793,25,0,A
4,art,134,emotion,ridge,1.9128243301430845,0.49785715988516377,0.5576809433538504,0.5719361919492606,25,0,A
4,art,135,population,ridge,,0.043147322294685354,-0.039917865396178205,0.05620828569906918,25,0,A
4,art,135,identity,ridge,0.3961274662460429,0.014686130848637345,0.4707485641417985,0.3775047686412679,25,0,A
4,art,135,pca,ridge,0.19336739397629446,0.01529079837503161,0.36475453519209805,0.29170116021827514,25,0,A
4,art,135,emotion,ridge,1.7557934569338367,0.016749601226211382,0.1796303942828019,0.20938018171990896,25,0,A
4,art,142,population,ridge,,0.35793970057828567,0.5960540443362268,0.6290219856011734,25,0,A
4,art,142,identity,ridge,0.3948624813831556,0.019149729837975662,0.615340690183015,0.6111400882320165,25,0,A
4,art,142,pca,ridge,0.19302700619247146,0.03159849019828905,0.6316758176680255,0.5965882776650534,25,0,A
4,art,142,emotion,ridge,1.827590408596234,0.5132402129141055,0.5538167988142368,0.6062127681801278,25,0,A
4,art,143,population,ridge,,0.42308206411177773,0.7307969917596163,0.723086484695963,25,0,A
4,art,143,identity,ridge,0.396773313659261,0.01851983892010939,0.6388068528970535,0.6550212316643939,25,0,A
4,art,143,pca,ridge,0.192677861511604,0.03716484730346683,0.6393436653784796,0.6114161615760612,25,0,A
4,art,143,emotion,ridge,1.8877771153300886,0.6579335588193113,0.7685690699981435,0.7872669712951201,25,0,A
4,fashion,1,population,ridge,,0.20967548278373474,0.2626094803577995,0.24932242736751423,25,0,A
4,fashion,1,identity,ridge,0.012815788651280037,0.0003516123493033967,0.4570115914517713,0.49772936209360696,25,0,A
4,fashion,1,pca,ridge,0.0199347593559359,0.0016951676103830113,0.4209083422486051,0.42734620429390124,25,0,A
4,fashion,1,emotion,ridge,1.1117321985057416,0.0960908596233059,0.28182751762594643,0.2966725038874741,25,0,A
4,fashion,2,population,ridge,,0.24336887895455558,0.5426076978658969,0.551798857283268,25,0,A
4,fashion,2,identity,ridge,0.0128160750171906,0.00031595959902040976,0.3722692069887532,0.38048861608159174,25,0,A
4,fashion,2,pca,ridge,0.019931674936149064,0.0017067004638212572,0.37236902444605013,0.3907830952925811,25,0,A
4,fashion,2,emotion,ridge,1.1286898775452419,0.2491269594396303,0.5574305902744852,0.5731421063332425,25,0,A
4,fashion,12,population,ridge,,0.14142360674833487,0.17628148726108037,0.20011149684547402,25,0,A
4,fashion,12,identity,ridge,0.012815528962729953,0.000288235340583255,0.2481671796607878,0.30060112966216823,25,0,A
4,fashion,12,pca,ridge,0.019931866391066682,0.001818615837171503,0.2542249627281789,0.2999107263073129,25,0,A
4,fashion,12,emotion,ridge,1.1115004073534012,0.176183642523226,0.2562947052762041,0.29079783303995305,25,0,A
4,fashion,13,population,ridge,,0.27780223551812866,0.38618596334584365,0.38754241596285105,25,0,A
4,fashion,13,identity,ridge,0.01281556318467442,9.152633710376244e-05,0.07568294513660534,0.1573324502779389,25,0,A
4,fashion,13,pca,ridge,0.0199202963342229,0.0006195833885206395,0.24244281574826226,0.29171796968411207,25,0,A
4,fashion,13,emotion,ridge,1.1509586911526266,0.04990999430094594,0.35000268480113567,0.3537515099293288,25,0,A
4,fashion,26,population,ridge,,0.3138810883035871,0.42669459075318905,0.44340326213781356,25,0,A
4,fashion,26,identity,ridge,0.012816153827525684,0.0001745111824691371,0.2907511203318815,0.2663159717550036,25,0,A
4,fashion,26,pca,ridge,0.01992434061691695,0.0013896939490463487,0.31573477895841645,0.32557640252500863,25,0,A
4,fashion,26,emotion,ridge,1.1577052206797926,0.20524707604748685,0.442423169362202,0.4384627797896719,25,0,A
4,fashion,29,population,ridge,,0.12622475842700703,0.27441175201389295,0.20419069193095737,25,0,A
4,fashion,29,identity,ridge,0.012816167788316901,2.411084993576474e-05,-0.06601835609743303,0.025673619001261447,25,0,A
4,fashion,29,pca,ridge,0.019929764353489903,0.0011727697852343584,0.10201882691050065,0.18991965056405352,25,0,A
4,fashion,29,emotion,ridge,1.0284935094318175,0.07978169738167183,0.21427102380430768,0.16833573283870576,25,0,A
4,fashion,34,population,ridge,,0.2085082694308178,0.39343500837419465,0.3908570019250358,25,0,A
4,fashion,34,identity,ridge,0.012816194679002996,0.0001693566410605461,0.2999764748903507,0.29894041759183176,25,0,A
4,fashion,34,pca,ridge,0.0199325828430467,0.0012533160385448943,0.41337804271593537,0.39524185139859935,25,0,A
4,fashion,34,emotion,ridge,1.1441678288970074,0.16731182559151436,0.44778955295266454,0.4264938946970392,25,0,A
4,fashion,38,population,ridge,,0.23068176733534398,0.43760691653386474,0.43756180388543825,25,0,A
4,fashion,38,identity,ridge,0.01281597912905923,4.533825127923402e-06,0.0032524838391030492,0.007031493776010357,25,0,A
4,fashion,38,pca,ridge,0.01993217570341607,0.0008986935889733644,0.18342037650214468,0.19384922143511563,25,0,A
4,fashion,38,emotion,ridge,1.0684751486992974,0.13179722877003977,0.37733740539412197,0.3807193010737639,25,0,A
4,fashion,43,population,ridge,,0.3148146055450443,0.48017736263617433,0.49947062445074847,25,0,A
4,fashion,43,identity,ridge,0.012815956594419307,0.000272324476352966,0.3417927430744288,0.36754559755276905,25,0,A
4,fashion,43,pca,ridge,0.01992766174139252,0.00250164705177853,0.4699650217273396,0.5006828356096112,25,0,A
4,fashion,43,emotion,ridge,1.2251979612107349,0.28699117942735314,0.5556105474168905,0.5433557464922824,25,0,A
4,fashion,48,population,ridge,,0.30640775929577146,0.5253118465882732,0.4793704548058278,25,0,A
4,fashion,48,identity,ridge,0.012815828541222705,0.00013437939404141902,0.12769603620543662,0.1771729164728689,25,0,A
4,fashion,48,pca,ridge,0.019933938625983423,0.0006548589181172212,0.20309234605137702,0.2133151193310545,25,0,A
4,fashion,48,emotion,ridge,1.0982416307721772,0.06899003774631743,0.25179708180424126,0.2712347940279267,25,0,A
4,fashion,49,population,ridge,,0.0886722663621897,0.1535152677561429,0.15364690414760765,25,0,A
4,fashion,49,identity,ridge,0.012815560907795755,0.0002611941260084673,0.32579573079067,0.33398095357430496,25,0,A
4,fashion,49,pca,ridge,0.019937793152650717,0.0003796823942547802,0.07391291012576322,0.10023918195710291,25,0,A
4,fashion,49,emotion,ridge,1.166792116894074,0.04215286031420984,0.1598535119060227,0.13029968064647648,25,0,A
4,fashion,56,population,ridge,,0.013642708045689166,-0.03334213275882405,0.05378495012661456,25,0,A
4,fashion,56,identity,ridge,0.012815866428481332,-9.828139493242008e-05,-0.05778139237262179,-0.08258897617327811,25,0,A
4,fashion,56,pca,ridge,0.01993081114912632,0.00012219691384435458,-0.03758990883455556,0.019065403211459976,25,0,A
4,fashion,56,emotion,ridge,1.0905288326049831,0.00025924014193918593,-0.003724077655435845,0.0007817880287857802,25,0,A
4,fashion,61,population,ridge,,0.21596593692885208,0.33462609677571353,0.29096794847248825,25,0,A
4,fashion,61,identity,ridge,0.012815955009545464,0.00012564896218872983,0.23008984491920603,0.20032425915174826,25,0,A
4,fashion,61,pca,ridge,0.01993544412310011,0.0009171079906740483,0.3443841480500165,0.327080009980451,25,0,A
4,fashion,61,emotion,ridge,1.0443974441010793,0.07631738464581057,0.3151600355156937,0.26110059200900454,25,0,A
4,fashion,72,population,ridge,,0.09412974807944385,0.16739694073439323,0.21378223945642202,25,0,A
4,fashion,72,identity,ridge,0.01281522839326655,5.067223972463833e-05,0.1694049204213769,0.13715608524259568,25,0,A
4,fashion,72,pca,ridge,0.019929253710289984,0.0004901802194520674,0.32357858029026804,0.31351005555119454,25,0,A
4,fashion,72,emotion,ridge,1.1346118897875346,0.01862097836559633,0.08242511739496308,0.10764003086448627,25,0,A
4,fashion,77,population,ridge,,0.31503255059157736,0.47265405807881455,0.4720868813489165,25,0,A
4,fashion,77,identity,ridge,0.012815865253892054,0.00023174770073339254,0.3827960595515772,0.3582074899077699,25,0,A
4,fashion,77,pca,ridge,0.019932012379447916,0.0014379261683611347,0.36426253928485136,0.33297072415425016,25,0,A
4,fashion,77,emotion,ridge,1.0709502020653574,0.21664011698239416,0.4668869786341153,0.4652052421840218,25,0,A
4,fashion,78,population,ridge,,0.17668580286144175,0.3525526876701372,0.35624137587572224,25,0,A
4,fashion,78,identity,ridge,0.01281595655876228,0.00016487811840099116,0.3447614680531176,0.2687382404032599,25,0,A
4,fashion,78,pca,ridge,0.01992568650260708,0.001162097835923158,0.3619920498984494,0.3406661717063464,25,0,A
4,fashion,78,emotion,ridge,1.1350824485800606,0.12492467496008265,0.4433004187222182,0.4174666293599337,25,0,A
4,fashion,89,population,ridge,,0.11572935756615335,0.23907942415087388,0.27374828222418374,25,0,A
4,fashion,89,identity,ridge,0.0128158100715134,0.0001712070248453527,0.2862551375054644,0.3094395929641816,25,0,A
4,fashion,89,pca,ridge,0.019929644776441567,0.0014670672949815672,0.5260732210512432,0.5450683450101739,25,0,A
4,fashion,89,emotion,ridge,1.1389679592130695,0.028248160537930167,0.18279357825912337,0.22044127848051487,25,0,A
4,fashion,90,population,ridge,,0.19195151050989898,0.34958308482653466,0.36114610726561125,25,0,A
4,fashion,90,identity,ridge,0.012816154139716636,0.0001153568597667319,0.20671381796151553,0.18440200627657613,25,0,A
4,fashion,90,pca,ridge,0.019932815741492547,0.0011261609417982433,0.30233421214961687,0.292909922124248,25,0,A
4,fashion,90,emotion,ridge,1.1756168390538757,0.19509845983427138,0.35749043748527504,0.3890653385015488,25,0,A
4,fashion,97,population,ridge,,0.44498284190432297,0.5672242325468582,0.5800804145891534,25,0,A
4,fashion,97,identity,ridge,0.01281579252092463,2.0235919730825955e-05,-0.016318596998561054,0.04447845487300231,25,0,A
4,fashion,97,pca,ridge,0.019924421102793632,0.0010289849679795261,0.3235161854964729,0.33793695139648505,25,0,A
4,fashion,97,emotion,ridge,1.1950082805934918,0.27954259837121126,0.5024088050931985,0.5286410309814695,25,0,A
4,fashion,103,population,ridge,,0.08410083337288553,0.09463599372887521,0.11005508405861926,25,0,A
4,fashion,103,identity,ridge,0.012815830617714167,0.00011428523746061352,0.23688914973966602,0.20816119801914768,25,0,A
4,fashion,103,pca,ridge,0.019931697745689425,0.0006694963068922732,0.2191885292055508,0.2179745882223679,25,0,A
4,fashion,103,emotion,ridge,1.1933802955717872,0.11779477388980258,0.2590772515359513,0.24392455852576508,25,0,A
4,fashion,108,population,ridge,,0.25162130852139986,0.4705486362640686,0.46016688740360806,25,0,A
4,fashion,108,identity,ridge,0.012816160519484919,-0.00016882900915071331,-0.32360348234463504,-0.34374083639497643,25,0,A
4,fashion,108,pca,ridge,0.019926449776238354,-0.0009033874226299017,-0.3506645718531938,-0.3542077719873241,25,0,A
4,fashion,108,emotion,ridge,1.2502952968064756,-0.026234081104147808,-0.28156302387035853,-0.30157606692452993,25,0,A
4,fashion,114,population,ridge,,0.3200093038016307,0.4637698181787697,0.4800568340455809,25,0,A
4,fashion,114,identity,ridge,0.012815379513543676,0.00036958377324128127,0.31372513964014787,0.3357593082569737,25,0,A
4,fashion,114,pca,ridge,0.019935770412324506,0.0020708321547342236,0.30172360817092514,0.3454450938199317,25,0,A
4,fashion,114,emotion,ridge,1.095689707332049,0.27224374377143257,0.4562624772171709,0.5127613853714826,25,0,A
4,fashion,115,population,ridge,,0.21588301475192892,0.4117076397500078,0.4449223807501054,25,0,A
4,fashion,115,identity,ridge,0.012815303963669127,0.0003757567400817454,0.153488804452913,0.3631512827610304,25,0,A
4,fashion,115,pca,ridge,0.019930271133110595,0.002038023351933523,0.3253962654401756,0.36970110343124213,25,0,A
4,fashion,115,emotion,ridge,1.041767623517138,0.2536174183699907,0.3755260070110104,0.42840148348054913,25,0,A
4,fashion,124,population,ridge,,0.22176693705895142,0.3937524829351102,0.4162167633118336,25,0,A
4,fashion,124,identity,ridge,0.012816360222001505,0.00015932520432702533,0.2428617429445108,0.2360416721527883,25,0,A
4,fashion,124,pca,ridge,0.01992842047301238,0.0020859587895841305,0.3975520772846493,0.42231550909250326,25,0,A
4,fashion,124,emotion,ridge,1.1410513413531853,0.3089406049324027,0.4818718423018176,0.4854893922188103,25,0,A
4,fashion,134,population,ridge,,0.2036080952022222,0.27838777307444074,0.3022196054345464,25,0,A
4,fashion,134,identity,ridge,0.012815772986545243,0.00018384324916120756,0.20659435278653265,0.17225823449699326,25,0,A
4,fashion,134,pca,ridge,0.019929261211625086,0.0010020892503592935,0.13239108342602351,0.17900152296475264,25,0,A
4,fashion,134,emotion,ridge,1.085732695440769,0.19428351168735072,0.31528858699864526,0.32773924637734986,25,0,A
4,fashion,135,population,ridge,,0.04064939373083213,0.06340231263867639,0.06051803894590198,25,0,A
4,fashion,135,identity,ridge,0.012815905658953916,0.00014928545547040627,0.14567019107433857,0.2010901385103182,25,0,A
4,fashion,135,pca,ridge,0.019931685949777518,-2.3095747502973814e-05,-0.02972452542018451,-0.006214307081820321,25,0,A
4,fashion,135,emotion,ridge,1.0678461251165405,0.05985492247416103,0.20551957222339698,0.20215526204703607,25,0,A
4,fashion,142,population,ridge,,0.13923659761146057,0.39243536378121097,0.3967238574174736,25,0,A
4,fashion,142,identity,ridge,0.012815521715549307,0.00025955313269961436,0.34926544462689213,0.36324192166642266,25,0,A
4,fashion,142,pca,ridge,0.019924543780374476,0.0012754524099175273,0.44575097486368925,0.40663109312630463,25,0,A
4,fashion,142,emotion,ridge,1.0652746716879353,0.1467128828387115,0.33638041587812945,0.32522699930642784,25,0,A
4,fashion,143,population,ridge,,0.2995922575168788,0.39907293615172124,0.43537578857217857,25,0,A
4,fashion,143,identity,ridge,0.012815408932680837,0.0004316397204819331,0.48700250670311207,0.54134680730134,25,0,A
4,fashion,143,pca,ridge,0.019924102663544028,0.001747853323805669,0.385823983790829,0.43503738854987145,25,0,A
4,fashion,143,emotion,ridge,1.0882137506703558,0.20048906873998415,0.4790841875186726,0.48836279694314594,25,0,A
4,landscape,1,population,ridge,,0.36459504400996073,0.5588341852249232,0.5191266288100477,25,0,A
4,landscape,1,identity,ridge,0.012815510326623427,0.0003344598313093812,0.4767083122449915,0.5341900357590117,25,0,A
4,landscape,1,pca,ridge,1.4864875296486946,0.18852368834970218,0.6298418311580255,0.6564490811673354,25,0,A
4,landscape,1,emotion,ridge,3.2140813226422797,0.4484307578341079,0.6364898432066453,0.6411845526348664,25,0,A
4,landscape,2,population,ridge,,0.3172809948054537,0.5865618291870852,0.5698523224878196,25,0,A
4,landscape,2,identity,ridge,0.0128154602727406,0.00031443335260530355,0.4249038246308223,0.4336988022324727,25,0,A
4,landscape,2,pca,ridge,1.4850402260809015,0.20194978488638457,0.5631956287766575,0.5498004433183687,25,0,A
4,landscape,2,emotion,ridge,2.9127603579939554,0.4707628351412343,0.581898617517193,0.5784616577354827,25,0,A
4,landscape,12,population,ridge,,0.46998002145800605,0.7212178419754652,0.7409536199100875,25,0,A
4,landscape,12,identity,ridge,0.01281584282815215,0.0007701607653125069,0.5300297870627553,0.5451360141965168,25,0,A
4,landscape,12,pca,ridge,1.477631831236619,0.3583558906143,0.6639623162958014,0.6740887500306766,25,0,A
4,landscape,12,emotion,ridge,2.8435374007365986,0.6644777449652848,0.6894372418184711,0.6965653893644944,25,0,A
4,landscape,13,population,ridge,,0.05606388671712326,0.031070916739521594,0.10180186646530835,25,0,A
4,landscape,13,identity,ridge,0.01281539155088399,6.120657670480482e-05,0.17457270174371708,0.1539344157203147,25,0,A
4,landscape,13,pca,ridge,1.494065201285288,0.04685446123408265,0.26334674957092163,0.3087318116265807,25,0,A
4,landscape,13,emotion,ridge,2.6792942508522333,0.0284088703248794,0.014145315313126003,0.11819099305317983,25,0,A
4,landscape,26,population,ridge,,0.1097358718864613,0.26508803564279776,0.21134927958062033,25,0,A
4,landscape,26,identity,ridge,0.012815793372483366,0.0002661036619833483,0.3934754494538392,0.39155392330564687,25,0,A
4,landscape,26,pca,ridge,1.478154973255916,0.07257481793049553,0.25357743992180787,0.32255722342899035,25,0,A
4,landscape,26,emotion,ridge,2.897653003974159,0.24876840895825283,0.3798004682126631,0.4157097735379933,25,0,A
4,landscape,29,population,ridge,,0.18498235286526832,0.19422415914534452,0.22631112984505133,25,0,A
4,landscape,29,identity,ridge,0.012816050324085946,5.4039287321132824e-05,0.04234198496939859,0.07457309176863434,25,0,A
4,landscape,29,pca,ridge,1.4784625279130026,-0.012976617734426854,-0.034209070689562124,-0.039624677824565545,25,0,A
4,landscape,29,emotion,ridge,3.0384167956083354,-0.06146002288437009,-0.08503978493854,-0.08195563077190629,25,0,A
4,landscape,34,population,ridge,,0.41969528445860665,0.6840685619464298,0.6646462467019261,25,0,A
4,landscape,34,identity,ridge,0.012815277920506287,0.00020535430225692903,0.45121714275541913,0.4287361190362608,25,0,A
4,landscape,34,pca,ridge,1.4444134365596606,0.1306612863513662,0.6385491048418184,0.6196174152213766,25,0,A
4,landscape,34,emotion,ridge,2.884006161555314,0.27860011069762586,0.5385732529917768,0.4799600408705252,25,0,A
4,landscape,38,population,ridge,,0.35400996184983907,0.5141184988213354,0.4727761061231614,25,0,A
4,landscape,38,identity,ridge,0.012815459462852999,0.00010375813386006522,0.2661010167764503,0.289977402776072,25,0,A
4,landscape,38,pca,ridge,1.5140442501953266,0.08234110256388032,0.5420938816111927,0.42793025602135876,25,0,A
4,landscape,38,emotion,ridge,3.0439719718151776,0.14518599404295848,0.40592641068376606,0.3799347904614748,25,0,A
4,landscape,43,population,ridge,,0.1368325873341671,0.4944663629911551,0.5109609511344616,25,0,A
4,landscape,43,identity,ridge,0.012815549308783905,0.00015147175073339437,0.21301610917658959,0.2430146087195334,25,0,A
4,landscape,43,pca,ridge,1.4826542395910491,0.16699459913758308,0.40922036201147993,0.47488533489408546,25,0,A
4,landscape,43,emotion,ridge,2.8467697677838686,0.30659735592684484,0.3932985451231647,0.44021785855703116,25,0,A
4,landscape,48,population,ridge,,0.3533417168801692,0.41171545153854283,0.45368455807244085,25,0,A
4,landscape,48,identity,ridge,0.012815358995402728,0.00040030711925355926,0.37793971612662947,0.4895037038897203,25,0,A
4,landscape,48,pca,ridge,1.4540643307228733,0.16794856351539536,0.36415265569293503,0.4049785526309683,25,0,A
4,landscape,48,emotion,ridge,3.192176665718087,0.5699843882686992,0.5723936465557633,0.6111317606868373,25,0,A
4,landscape,49,population,ridge,,0.34768069777894123,0.46018352972965687,0.46293303178289774,25,0,A
4,landscape,49,identity,ridge,0.012815678064235723,0.00016755225957067798,0.2860088936125459,0.26580745784178217,25,0,A
4,landscape,49,pca,ridge,1.4790759872313475,0.1238101884184901,0.41676435228708375,0.41244687860793094,25,0,A
4,landscape,49,emotion,ridge,2.7884804791444533,0.40167643898119854,0.4786068045619413,0.5373169101970836,25,0,A
4,landscape,56,population,ridge,,0.007038092609488792,0.09350378601022696,0.05635466279715185,25,0,A
4,landscape,56,identity,ridge,0.012815923472317277,-2.3908757635343018e-05,-0.07343954739985226,-0.06702293804208577,25,0,A
4,landscape,56,pca,ridge,1.5034674962658434,0.01238766550760146,0.07166591304755393,0.056653104101986936,25,0,A
4,landscape,56,emotion,ridge,3.1042807456165638,0.012142862397463669,0.03464129594332654,0.042038655497043886,25,0,A
4,landscape,61,population,ridge,,0.2585149611563017,0.4859261217387488,0.4684392400645663,25,0,A
4,landscape,61,identity,ridge,0.012815328909263315,0.0004503059159492668,0.4321106998264806,0.4154614250309629,25,0,A
4,landscape,61,pca,ridge,1.4780965676241171,0.20470821822684013,0.5166997359816348,0.5109783364173149,25,0,A
4,landscape,61,emotion,ridge,2.9194124290532613,0.402398570518919,0.45218267450736466,0.45360759468851264,25,0,A
4,landscape,72,population,ridge,,-0.012176011756109802,-0.060975540208916545,-0.03456735274150448,25,0,A
4,landscape,72,identity,ridge,0.012815897597805085,0.00023616462931896104,0.3323534263917331,0.32723120747408857,25,0,A
4,landscape,72,pca,ridge,1.4928780742480778,0.03857679408427264,0.1782738685626154,0.16020017977211742,25,0,A
4,landscape,72,emotion,ridge,3.1112329501831377,0.2459596423412441,0.3887251908740325,0.41406684492518236,25,0,A
4,landscape,77,population,ridge,,0.21881163745072102,0.41780670023554967,0.387047221222358,25,0,A
4,landscape,77,identity,ridge,0.012816111281973713,8.490359919830127e-05,0.16617256287647642,0.18098657352664219,25,0,A
4,landscape,77,pca,ridge,1.4940142916279373,0.049739712306441836,0.17489013322484445,0.25213218139160504,25,0,A
4,landscape,77,emotion,ridge,2.8910158240359025,0.3071807087042497,0.5450440472302698,0.5006483262471078,25,0,A
4,landscape,78,population,ridge,,0.1737222991929681,0.3732132914235257,0.3600227862190428,25,0,A
4,landscape,78,identity,ridge,0.01281494731269282,0.00023057754017527282,0.21785938608594266,0.22321888016345343,25,0,A
4,landscape,78,pca,ridge,1.4794338957167434,0.06910638221069947,0.2220887105110874,0.2348732491273618,25,0,A
4,landscape,78,emotion,ridge,2.524575590065701,0.16329656771724346,0.29782312463577176,0.2986391593075022,25,0,A
4,landscape,89,population,ridge,,0.24625953636876755,0.4334409698932217,0.49584752648359554,25,0,A
4,landscape,89,identity,ridge,0.012815973427929752,2.4756728352298685e-05,0.1111855294511475,0.04284709187112815,25,0,A
4,landscape,89,pca,ridge,1.5055312521779372,0.02831773545742333,0.1609796702483991,0.12767370689547478,25,0,A
4,landscape,89,emotion,ridge,2.955836296902822,-0.06888335543439852,-0.028721694691774456,-0.1844794861855353,25,0,A
4,landscape,90,population,ridge,,0.2591804257765179,0.5066784288159514,0.4622194659572491,25,0,A
4,landscape,90,identity,ridge,0.012815508693597738,0.00011829513498761587,0.2897046669974125,0.23050069423473818,25,0,A
4,landscape,90,pca,ridge,1.4644303466603028,0.0910109194568843,0.43343962625454385,0.37316572539502435,25,0,A
4,landscape,90,emotion,ridge,2.8622083447913544,0.2766062442909665,0.45197788071703604,0.4275400875665765,25,0,A
4,landscape,97,population,ridge,,0.5551966231658625,0.6249347971020266,0.6211423713003856,25,0,A
4,landscape,97,identity,ridge,0.012816306430756373,0.0002906235795412743,0.30161690584646383,0.31167062890872965,25,0,A
4,landscape,97,pca,ridge,1.486064977653243,0.1982897601918311,0.565029360836909,0.5417362773354407,25,0,A
4,landscape,97,emotion,ridge,2.8960339378315973,0.4768071425322273,0.5036236095311625,0.5160794157335544,25,0,A
4,landscape,103,population,ridge,,0.3389476413647932,0.4718232766833676,0.4891887340238163,25,0,A
4,landscape,103,identity,ridge,0.012815695201225882,0.00044418262436683796,0.5512213880310104,0.524611152303222,25,0,A
4,landscape,103,pca,ridge,1.4786901681183813,0.1940885712732354,0.5421402290456238,0.5551824958851004,25,0,A
4,landscape,103,emotion,ridge,2.9610977898630857,0.4082211955723419,0.5232831776005586,0.47714417087725614,25,0,A
4,landscape,108,population,ridge,,0.2867128156433946,0.5295519489058219,0.4684749096818545,25,0,A
4,landscape,108,identity,ridge,0.01281587838414207,0.00013272967042125586,0.17524211479489687,0.20243624374417674,25,0,A
4,landscape,108,pca,ridge,1.4838176203896267,0.08045712314452338,0.24307302572726253,0.2357633483083803,25,0,A
4,landscape,108,emotion,ridge,2.9985004674874554,0.17705552024492138,0.26332911120453445,0.24214195063229318,25,0,A
4,landscape,114,population,ridge,,0.27996365057008393,0.48659307822778697,0.43882015094640703,25,0,A
4,landscape,114,identity,ridge,0.012816108814428217,0.0002930707821995367,0.44729861771912777,0.40211317790837775,25,0,A
4,landscape,114,pca,ridge,1.464529828848752,0.11116074317927736,0.3479654129815021,0.29191182882310285,25,0,A
4,landscape,114,emotion,ridge,3.0124857636860507,0.4098063773913267,0.5241920924708441,0.47578421168057194,25,0,A
4,landscape,115,population,ridge,,0.17105948463874174,0.27611313706872903,0.2509889700568514,25,0,A
4,landscape,115,identity,ridge,0.012815577573532933,0.00015723061137649114,0.1988714911151495,0.1803385585616902,25,0,A
4,landscape,115,pca,ridge,1.504639099520688,0.06603083986342131,0.21025176028564355,0.20168907979884673,25,0,A
4,landscape,115,emotion,ridge,2.7626443075240785,0.13261612074704804,0.19851103010069943,0.22057297469549242,25,0,A
4,landscape,124,population,ridge,,0.24350261442328688,0.5325689176195462,0.5208339336053279,25,0,A
4,landscape,124,identity,ridge,0.012816084186837152,0.0003020437460838942,0.4050181907252848,0.3839822615537642,25,0,A
4,landscape,124,pca,ridge,1.5060760388474734,0.17225862290840546,0.5597453555425848,0.5205433152515073,25,0,A
4,landscape,124,emotion,ridge,2.902380120082958,0.33029931507817006,0.4580816735312178,0.4500907042699841,25,0,A
4,landscape,134,population,ridge,,0.2924243249837904,0.4564423012190129,0.4013733150608668,25,0,A
4,landscape,134,identity,ridge,0.01281597902220232,0.0001436059396178107,0.32838253573520426,0.29662829385578243,25,0,A
4,landscape,134,pca,ridge,1.5063642039896208,0.131330964775727,0.45450801351418396,0.4273162589253369,25,0,A
4,landscape,134,emotion,ridge,3.3561560917646776,0.2910016453494497,0.3851712388641589,0.3373120659894705,25,0,A
4,landscape,135,population,ridge,,0.42640324048808353,0.44144318613598993,0.5206040849359583,25,0,A
4,landscape,135,identity,ridge,0.012815641409199403,0.0005070093473634184,0.36502130122427556,0.38676542234215877,25,0,A
4,landscape,135,pca,ridge,1.495737135083875,0.19458933618561897,0.376835312418357,0.43145687248753134,25,0,A
4,landscape,135,emotion,ridge,2.8337761103536705,0.3726159554580832,0.34202617229293836,0.4422876966724432,25,0,A
4,landscape,142,population,ridge,,0.2862333395117961,0.4648228057109642,0.474702583501887,25,0,A
4,landscape,142,identity,ridge,0.012815550055399404,-3.436281333311601e-05,-0.11229451476786945,-0.03978366290379729,25,0,A
4,landscape,142,pca,ridge,1.4885294178958457,0.10195429131476416,0.282102098134232,0.2682912107928807,25,0,A
4,landscape,142,emotion,ridge,2.9463857926061934,0.2630531634691375,0.3356915636072665,0.34908759513578114,25,0,A
4,landscape,143,population,ridge,,0.4534441300472685,0.688539689143654,0.6879546991334784,25,0,A
4,landscape,143,identity,ridge,0.012815781999662986,0.000266614882534118,0.31890627541740985,0.3657659648477603,25,0,A
4,landscape,143,pca,ridge,1.515415727876544,0.16039326960369926,0.5372578687881455,0.606139712714437,25,0,A
4,landscape,143,emotion,ridge,3.1022406865395413,0.4977092076972878,0.5823375522901835,0.6225490631478175,25,0,A
0,art,3,population,ridge,,0.06964845042931801,0.10003716909823884,0.09597853736500243,50,0,A
0,art,3,identity,ridge,14.259981711635286,0.04830881512031638,0.10322150601860394,0.14451994261396714,50,0,A
0,art,3,pca,ridge,6.16463889471531,0.07526082525754005,0.15603250909788968,0.1490353893175351,50,0,A
0,art,3,emotion,ridge,6.706962464727983,0.048166067581806485,0.05447665623763055,0.09377831890763112,50,0,A
0,art,14,population,ridge,,0.3209066653858065,0.6387189479847772,0.6318512870507693,50,0,A
0,art,14,identity,ridge,14.38660849647153,0.3279011437919111,0.5896937048351564,0.4930514714778768,50,0,A
0,art,14,pca,ridge,6.122996596323704,0.4142261024533154,0.515733636902243,0.45418997513009596,50,0,A
0,art,14,emotion,ridge,6.647450476585797,0.452732031577539,0.5640138155663074,0.5172342768441315,50,0,A
0,art,15,population,ridge,,0.16769033439696074,0.22654084980961536,0.23011953377466243,50,0,A
0,art,15,identity,ridge,14.433537145507026,0.02779125924187651,0.12059875056672212,0.06805038394843765,50,0,A
0,art,15,pca,ridge,6.194805842258559,0.08744241524266595,0.184323321539891,0.1669667167916169,50,0,A
0,art,15,emotion,ridge,6.846124253395859,0.08324761007364481,0.21703526797278436,0.19572219973310245,50,0,A
0,art,19,population,ridge,,0.5000571816493982,0.5763815116948287,0.5774939103925284,50,0,A
0,art,19,identity,ridge,14.742199608272092,0.3376291321916686,0.5467019790718582,0.5623304547489786,50,0,A
0,art,19,pca,ridge,6.052437890851946,0.532549140314712,0.6417762466002307,0.6629957999719608,50,0,A
0,art,19,emotion,ridge,6.784844134063177,0.556028352753527,0.5913459819248977,0.6041009979322414,50,0,A
0,art,21,population,ridge,,0.25805701237029915,0.46201014511087224,0.4633575856002242,50,0,A
0,art,21,identity,ridge,14.289369386652767,0.2888098200451505,0.5182902836237251,0.5490843810293811,50,0,A
0,art,21,pca,ridge,6.186505552610858,0.41701587882027585,0.5166305476354104,0.5269527385454833,50,0,A
0,art,21,emotion,ridge,6.704725875386847,0.46275760256739423,0.5260860132658093,0.5131055544158093,50,0,A
0,art,22,population,ridge,,0.2893085020024009,0.41978599884486145,0.42412404305248314,50,0,A
0,art,22,identity,ridge,14.236517371262018,0.29614091565608697,0.39203396691009335,0.3934585884535029,50,0,A
0,art,22,pca,ridge,6.11698941974186,0.3733152294983249,0.39685405666718465,0.4170031790492098,50,0,A
0,art,22,emotion,ridge,6.67317878097786,0.3266911630936608,0.39938582098404074,0.348816594543857,50,0,A
0,art,30,population,ridge,,-0.18719280161253668,-0.21670274638038162,-0.20978902443484168,50,0,A
0,art,30,identity,ridge,14.499989179471882,0.13864517827790743,0.2932064316041266,0.2517093046188148,50,0,A
0,art,30,pca,ridge,6.24804721505831,0.23523460421404305,0.30270139447611044,0.28169505357620456,50,0,A
0,art,30,emotion,ridge,7.035576953637945,0.08947680348019733,0.10780739094231674,0.0996285818174284,50,0,A
0,art,50,population,ridge,,0.4947974122642473,0.4833905830178234,0.5183754203470747,50,0,A
0,art,50,identity,ridge,14.364439490153188,0.27997976101024463,0.4088043102518524,0.428607690272492,50,0,A
0,art,50,pca,ridge,6.280849797764673,0.43136449367796925,0.4373133087279852,0.5031195330011267,50,0,A
0,art,50,emotion,ridge,6.757717030388864,0.47439438586735,0.5168439465433223,0.5424332735645568,50,0,A
0,art,57,population,ridge,,0.46513086631937445,0.5106581584154437,0.5381884294109579,50,0,A
0,art,57,identity,ridge,14.291726459979238,0.12741809795417375,0.09032829704234654,0.18411601941960348,50,0,A
0,art,57,pca,ridge,6.205613887522503,0.23807875965396766,0.20726874209414423,0.26784860577673864,50,0,A
0,art,57,emotion,ridge,6.82747028824833,0.30053903383886255,0.3820783139262474,0.33932205392998926,50,0,A
0,art,62,population,ridge,,0.2660495927596686,0.494897441611381,0.5166440506297976,50,0,A
0,art,62,identity,ridge,14.359933559518485,0.2317252978543796,0.47388300171797815,0.4417559455425642,50,0,A
0,art,62,pca,ridge,6.21817577796768,0.4156137086561492,0.5112365377345889,0.49572450610252045,50,0,A
0,art,62,emotion,ridge,6.864076365181344,0.34648383769379587,0.46718987800485684,0.4679362291679805,50,0,A
0,art,63,population,ridge,,0.11741541129049775,0.15671605517522624,0.163833133954746,50,0,A
0,art,63,identity,ridge,14.270628519845507,0.11638487862805336,0.2237871231837868,0.26223580435310967,50,0,A
0,art,63,pca,ridge,6.103071023007956,0.07227335462168685,0.18189273219635008,0.10709922890713333,50,0,A
0,art,63,emotion,ridge,6.571105903383043,0.09292568421693931,0.02792959399162448,0.11243279566507249,50,0,A
0,art,79,population,ridge,,0.45545122605331173,0.4647452203784049,0.514366574503659,50,0,A
0,art,79,identity,ridge,14.216126729991837,0.317384059106071,0.4743013946572127,0.48386568847223055,50,0,A
0,art,79,pca,ridge,6.109745272350849,0.4283799529969171,0.48853399464692654,0.5221277494575942,50,0,A
0,art,79,emotion,ridge,6.8463058677077795,0.3660366910006567,0.363185453308947,0.39491307980085943,50,0,A
0,art,80,population,ridge,,0.3398357004905942,0.6826756527713498,0.6575850467488001,50,0,A
0,art,80,identity,ridge,14.44718679652209,0.677413489809781,0.7764109107943589,0.835177166276737,50,0,A
0,art,80,pca,ridge,6.1740276917225785,0.7621858210229483,0.7978304980574783,0.8072153522789699,50,0,A
0,art,80,emotion,ridge,6.663761245429874,0.5615253136404045,0.5975868336435447,0.5968319571707394,50,0,A
0,art,85,population,ridge,,0.05043391730441451,0.028051762893131202,0.09350560046981476,50,0,A
0,art,85,identity,ridge,14.603520337293276,0.1526052986382516,0.3170052480567979,0.3960244060231154,50,0,A
0,art,85,pca,ridge,6.169434821670631,0.26038350990320663,0.4720522201345937,0.5120012653233079,50,0,A
0,art,85,emotion,ridge,6.7695597919864765,0.25257670790022013,0.30054008288039474,0.34905090710549264,50,0,A
0,art,86,population,ridge,,0.39518105019930316,0.6414511814496295,0.643602229215165,50,0,A
0,art,86,identity,ridge,14.449234496210982,0.16915706005508557,0.4449888677589867,0.443366979630412,50,0,A
0,art,86,pca,ridge,6.177302048947514,0.3625631396670918,0.48545586028004345,0.49400492795749607,50,0,A
0,art,86,emotion,ridge,6.690474692466635,0.31556489862045684,0.5540029976114433,0.5279883163146647,50,0,A
0,art,98,population,ridge,,0.2169605606720002,0.40329102837237885,0.41653168088295145,50,0,A
0,art,98,identity,ridge,14.152336931897278,0.2594533532083553,0.34365009164168,0.3941592198785034,50,0,A
0,art,98,pca,ridge,6.23784540034414,0.38105000405654105,0.42428858130401337,0.42584861330059487,50,0,A
0,art,98,emotion,ridge,6.840556453241251,0.2290255012138473,0.23762723634603258,0.24311386776258945,50,0,A
0,art,99,population,ridge,,0.47823471780758925,0.7264778484164266,0.7392397886624106,50,0,A
0,art,99,identity,ridge,14.497378619633029,0.5364045934950458,0.7525154362968146,0.751689184678012,50,0,A
0,art,99,pca,ridge,6.125841650396101,0.6669123365035105,0.7199684514463295,0.7220461851636644,50,0,A
0,art,99,emotion,ridge,6.685183702601842,0.6658495649243655,0.6925221134753979,0.6890540992726968,50,0,A
0,art,105,population,ridge,,0.19227193873682316,0.25833227836455225,0.2500594446220501,50,0,A
0,art,105,identity,ridge,14.520117932178133,0.10047366828647852,0.2839717197256041,0.25134605589782627,50,0,A
0,art,105,pca,ridge,6.19852935362051,0.059862816479764686,0.09495537294761673,0.12131474358395722,50,0,A
0,art,105,emotion,ridge,6.885086965721174,0.13364264148201024,0.2639968061071102,0.22437410455216272,50,0,A
0,art,109,population,ridge,,0.36911584970446565,0.46805810151923105,0.48389330105296025,50,0,A
0,art,109,identity,ridge,14.307803734707317,0.2303159156541067,0.3801263556465397,0.39734842680640103,50,0,A
0,art,109,pca,ridge,6.130058695261695,0.31025140843184956,0.38453053635518913,0.4065790380228945,50,0,A
0,art,109,emotion,ridge,6.570229267959983,0.33722698023638703,0.4665900412830145,0.45585215887052133,50,0,A
0,art,110,population,ridge,,0.3185588218896965,0.485309465622598,0.5076554083603507,50,0,A
0,art,110,identity,ridge,14.340824486208186,0.23280606477861004,0.42261595142738734,0.36816937625856944,50,0,A
0,art,110,pca,ridge,6.086939551834741,0.3336371566900944,0.4012384908493483,0.4387682625549418,50,0,A
0,art,110,emotion,ridge,6.504023017164305,0.4850227368645761,0.5667082578235929,0.5730412276124212,50,0,A
0,art,116,population,ridge,,0.3787448296486281,0.5973413388710003,0.611499830147901,50,0,A
0,art,116,identity,ridge,14.445591477084863,0.3858541655938805,0.5930236926159232,0.6227364055167897,50,0,A
0,art,116,pca,ridge,6.150849256245629,0.5275726464627354,0.5805728057408174,0.6028720458575134,50,0,A
0,art,116,emotion,ridge,6.814404187745079,0.5618603358160765,0.6539727920771262,0.6475529088654525,50,0,A
0,art,117,population,ridge,,0.4259790998810352,0.7377247531723158,0.739340507185771,50,0,A
0,art,117,identity,ridge,14.297753638028341,0.26533470360701383,0.5331250390762555,0.5057081926216116,50,0,A
0,art,117,pca,ridge,6.153938643244481,0.4352536987817872,0.573192687180296,0.547017062216643,50,0,A
0,art,117,emotion,ridge,6.666536486089723,0.5939183740582583,0.7335122620513532,0.7437920413489699,50,0,A
0,art,126,population,ridge,,0.39340195931160243,0.4633154734958584,0.47829847222677774,50,0,A
0,art,126,identity,ridge,14.211873931646354,0.24853489824812175,0.487096703431937,0.49097213845314663,50,0,A
0,art,126,pca,ridge,6.121787023465799,0.3707130013382167,0.4348075394731058,0.48253329393765093,50,0,A
0,art,126,emotion,ridge,6.579713792324007,0.3724131879471863,0.4135373710830728,0.43978420489168824,50,0,A
0,art,127,population,ridge,,0.2522318005099091,0.4662216715194727,0.49767687991165166,50,0,A
0,art,127,identity,ridge,14.310546704686452,0.3164690292273067,0.4622960075134146,0.4926288244119501,50,0,A
0,art,127,pca,ridge,6.012015064383598,0.5227013546528321,0.5799187152949298,0.5899777978246756,50,0,A
0,art,127,emotion,ridge,6.509717204653871,0.5700640748228184,0.5993016813248415,0.6178642153910244,50,0,A
0,art,136,population,ridge,,0.3760074356390837,0.3459654974672268,0.3940516675572949,50,0,A
0,art,136,identity,ridge,14.27273275864243,0.24184054520843107,0.5364910572279122,0.52394936512944,50,0,A
0,art,136,pca,ridge,6.250939834632738,0.44067659123878333,0.45217924423113565,0.488284111839258,50,0,A
0,art,136,emotion,ridge,6.852564214246194,0.30552108748953916,0.35936182588789994,0.3319403921925882,50,0,A
0,art,144,population,ridge,,0.17433922069888777,0.6680774906151098,0.670650110356021,50,0,A
0,art,144,identity,ridge,14.586266749382114,0.34285584212413944,0.5703630147396604,0.5900573907026859,50,0,A
0,art,144,pca,ridge,6.262233435862402,0.4577168401728577,0.5538823965863083,0.5490537303546137,50,0,A
0,art,144,emotion,ridge,6.756750423958053,0.6425421286416686,0.638345564622238,0.680890848373243,50,0,A
0,fashion,3,population,ridge,,0.22144037474297826,0.4345824467732514,0.4744859337904726,50,0,A
0,fashion,3,identity,ridge,0.025626965019201312,0.0005610243577203102,0.5042464440555672,0.4973619700190412,50,0,A
0,fashion,3,pca,ridge,7.396595795649615,0.4565011806416216,0.46297325078659923,0.4938433191052986,50,0,A
0,fashion,3,emotion,ridge,2.519102802319966,0.3293116725124496,0.42110548570583334,0.46168620588762577,50,0,A
0,fashion,14,population,ridge,,0.2171978205101747,0.4601396354167493,0.5392255816077388,50,0,A
0,fashion,14,identity,ridge,0.025627498914137754,0.00068610351349165,0.5747080206277714,0.5762046225808515,50,0,A
0,fashion,14,pca,ridge,7.344345549349012,0.4977104273933906,0.5991145733281047,0.5770870709030366,50,0,A
0,fashion,14,emotion,ridge,2.541969224268735,0.4159853478569176,0.5099840036075711,0.5905630130035279,50,0,A
0,fashion,15,population,ridge,,0.002454351763093634,-0.0065014520642293246,0.0056819844669372625,50,0,A
0,fashion,15,identity,ridge,0.02562703219065823,-0.00021661587991442116,-0.27847886341782274,-0.3014254533837585,50,0,A
0,fashion,15,pca,ridge,7.277823030645661,-0.181336550692123,-0.2854137456196674,-0.24960431693967727,50,0,A
0,fashion,15,emotion,ridge,2.4912490004527306,-0.02207059567844995,-0.07817996107235764,-0.07980398140545548,50,0,A
0,fashion,19,population,ridge,,0.3096700376136958,0.4268196401683152,0.4763974965257706,50,0,A
0,fashion,19,identity,ridge,0.02562766519043874,0.00012160017099364768,0.1617884132405563,0.11503472518151686,50,0,A
0,fashion,19,pca,ridge,7.440154514762876,0.23905587645730755,0.34414271229067545,0.2986548752859631,50,0,A
0,fashion,19,emotion,ridge,2.7408886241367414,0.1946385446387745,0.32461028807958303,0.3153834521764525,50,0,A
0,fashion,21,population,ridge,,0.12243255819335681,0.18723364073965285,0.2307476078624533,50,0,A
0,fashion,21,identity,ridge,0.025627199906030268,0.0002597113270868387,0.13757075114249184,0.24600350113339448,50,0,A
0,fashion,21,pca,ridge,7.332050946300442,0.24666548140958552,0.3546122299923431,0.29836724366030176,50,0,A
0,fashion,21,emotion,ridge,2.472869000222399,0.10332544360425734,0.13585301131919225,0.1913148381107172,50,0,A
0,fashion,22,population,ridge,,0.15070081510826555,0.393805686409602,0.3826560144544638,50,0,A
0,fashion,22,identity,ridge,0.02562640365979229,0.0003659325283966709,0.264454165155755,0.26778955437490654,50,0,A
0,fashion,22,pca,ridge,7.28252734168654,0.29989029102054776,0.3894192369322673,0.3732753065604114,50,0,A
0,fashion,22,emotion,ridge,2.4589521863148533,0.20935571329175037,0.27644379372713646,0.3027002259944044,50,0,A
0,fashion,30,population,ridge,,0.1702765156116677,0.3354828278077899,0.32689326341477554,50,0,A
0,fashion,30,identity,ridge,0.02562718769666614,0.0005846003885804841,0.48848483344853194,0.4869998389554161,50,0,A
0,fashion,30,pca,ridge,7.405851134760709,0.40955731444041155,0.4856064304880509,0.4940871965412961,50,0,A
0,fashion,30,emotion,ridge,2.7650546512777088,0.4603517494548007,0.5984100499565578,0.5848636442996882,50,0,A
0,fashion,50,population,ridge,,0.03526980279769379,-0.010584142537413025,0.062367430399582036,50,0,A
0,fashion,50,identity,ridge,0.02562687158020139,0.00017514739119185775,0.350180876715213,0.334208826672299,50,0,A
0,fashion,50,pca,ridge,7.38532343934445,0.04198633536968592,0.12137192598179158,0.07781365574353921,50,0,A
0,fashion,50,emotion,ridge,2.6568492141703257,0.04210856437936848,0.10738383810571307,0.21807968920630558,50,0,A
0,fashion,57,population,ridge,,0.09539820397883518,0.24167816324854133,0.17626944443862702,50,0,A
0,fashion,57,identity,ridge,0.02562645414985751,8.011369990006233e-05,0.0659685375120965,0.06863802638725813,50,0,A
0,fashion,57,pca,ridge,7.433150038815655,0.046914060385279566,0.14824854439338117,0.07295222830232441,50,0,A
0,fashion,57,emotion,ridge,2.683866408061799,0.13301902890271664,0.2786370621989804,0.2392164748117706,50,0,A
0,fashion,62,population,ridge,,0.13846785299891007,0.2957836076347694,0.2833511021336073,50,0,A
0,fashion,62,identity,ridge,0.02562765002245292,0.00010595466742826715,0.09417370007176948,0.09287434133774909,50,0,A
0,fashion,62,pca,ridge,7.321214439525418,0.1477315602639181,0.21017115302406986,0.18604975188979683,50,0,A
0,fashion,62,emotion,ridge,2.608803499986313,0.11903199522929035,0.2512453364500124,0.195626058074994,50,0,A
0,fashion,63,population,ridge,,0.15873840092547742,0.24022927152477122,0.26159745656580635,50,0,A
0,fashion,63,identity,ridge,0.02562695275027962,0.00026327378904109387,0.257459853370103,0.26494643088049064,50,0,A
0,fashion,63,pca,ridge,7.303303122275108,0.1416208387856836,0.20322097834392805,0.1923608658684498,50,0,A
0,fashion,63,emotion,ridge,2.565715449106154,0.10474137664335902,0.1665123474560472,0.23715186537428784,50,0,A
0,fashion,79,population,ridge,,0.41533056514774747,0.43304040464252475,0.5264666782893211,50,0,A
0,fashion,79,identity,ridge,0.025626919572640683,0.0006450687724270488,0.35973142332897295,0.45862066979552346,50,0,A
0,fashion,79,pca,ridge,7.353172778155203,0.42377852394855997,0.3812989153855805,0.5032353943790667,50,0,A
0,fashion,79,emotion,ridge,2.615999363505652,0.36854526324661374,0.4158786235523501,0.4889716446014129,50,0,A
0,fashion,80,population,ridge,,0.10817334521480054,0.22183636493830286,0.23769321875379842,50,0,A
0,fashion,80,identity,ridge,0.02562617435309084,0.00033239677820131805,0.24140296824046853,0.2783362580621147,50,0,A
0,fashion,80,pca,ridge,7.342922684034732,0.1556040469977415,0.1878393917007901,0.21782246758800286,50,0,A
0,fashion,80,emotion,ridge,2.4950517704246806,0.2303347295209821,0.2985374498827921,0.343979629454959,50,0,A
0,fashion,85,population,ridge,,0.2279464845162254,0.42475413524912947,0.4209264222530564,50,0,A
0,fashion,85,identity,ridge,0.025627262091923248,0.00040537093632399935,0.49167048877084096,0.4694168383817768,50,0,A
0,fashion,85,pca,ridge,7.414398932415132,0.2810212101493494,0.3395476395451428,0.3350340260928604,50,0,A
0,fashion,85,emotion,ridge,2.654211768788979,0.28808247058258846,0.46349776976427176,0.45120366511675525,50,0,A
0,fashion,86,population,ridge,,0.052072492174971195,0.08305554639806927,0.11478188799358449,50,0,A
0,fashion,86,identity,ridge,0.02562737776295208,0.00013163449952949236,0.14955001697821024,0.13713471706019534,50,0,A
0,fashion,86,pca,ridge,7.215059181160481,0.0389672987386497,0.05948978594415925,0.05477175653921661,50,0,A
0,fashion,86,emotion,ridge,2.35488474946362,0.0173629570575888,0.10306893107230282,0.06836245837213305,50,0,A
0,fashion,98,population,ridge,,0.14785945240966927,0.3042814533768127,0.32734797495951956,50,0,A
0,fashion,98,identity,ridge,0.025627590178742346,0.00040286922308122426,0.3076683577618749,0.3514004889877672,50,0,A
0,fashion,98,pca,ridge,7.3719000679949644,0.24726133071811088,0.3208723763065374,0.3685172419872768,50,0,A
0,fashion,98,emotion,ridge,2.542548279977744,0.22687279827880974,0.34693681440027635,0.36540746523287737,50,0,A
0,fashion,99,population,ridge,,0.23785841718875453,0.41985306776138864,0.45534363010472406,50,0,A
0,fashion,99,identity,ridge,0.025625675197908874,0.001027853656126447,0.5074980080443671,0.5560436575600607,50,0,A
0,fashion,99,pca,ridge,7.241504727530218,0.5062876925480051,0.5305727799131668,0.5621755452161731,50,0,A
0,fashion,99,emotion,ridge,2.4378461626845476,0.35175916323972894,0.4136312078307356,0.453371908879281,50,0,A
0,fashion,105,population,ridge,,0.06954709471832196,0.12531916549944772,0.13741727707645499,50,0,A
0,fashion,105,identity,ridge,0.025627232222519947,5.829914439897633e-05,-0.05347512479942835,0.040495701013126134,50,0,A
0,fashion,105,pca,ridge,7.366351206749447,-0.004684892826085778,-0.03226402706894643,-0.005537247474527125,50,0,A
0,fashion,105,emotion,ridge,2.642251820797628,0.03639857914728295,0.009421306436119757,0.0493255262614516,50,0,A
0,fashion,109,population,ridge,,0.32829535507999535,0.47902298156194956,0.5456339452724327,50,0,A
0,fashion,109,identity,ridge,0.025627149853606746,0.00037055045024277626,0.3080989874004711,0.3592266968565764,50,0,A
0,fashion,109,pca,ridge,7.348834552927875,0.26717860668104215,0.3598879948220634,0.4248975626792609,50,0,A
0,fashion,109,emotion,ridge,2.5411917849898655,0.2738589075376606,0.5037013050593228,0.520268177684334,50,0,A
0,fashion,110,population,ridge,,0.2597813047090366,0.3448727928958437,0.3776607677208519,50,0,A
0,fashion,110,identity,ridge,0.025625482080004477,0.0004641548948737141,0.3271344791493899,0.35060458504509917,50,0,A
0,fashion,110,pca,ridge,7.222289578263282,0.1552043546421047,0.1616435069571218,0.16908902550117594,50,0,A
0,fashion,110,emotion,ridge,2.3148524492575007,0.192098621649845,0.36855718927843284,0.39023208275063687,50,0,A
0,fashion,116,population,ridge,,0.19329947161626765,0.24281545222358794,0.3599593313758784,50,0,A
0,fashion,116,identity,ridge,0.02562753267536115,3.68819319526818e-05,0.0746892490176468,0.07159192176138021,50,0,A
0,fashion,116,pca,ridge,7.408270471905622,0.0165208674739103,0.13083184064127498,0.034258777208744685,50,0,A
0,fashion,116,emotion,ridge,2.6505987179716115,0.054469395505275554,0.4011908382630261,0.47781285635249965,50,0,A
0,fashion,117,population,ridge,,0.3284938172438826,0.47667173983840266,0.5335383669446165,50,0,A
0,fashion,117,identity,ridge,0.025627895238206227,0.000540139663110006,0.44917917955881537,0.4415056646813495,50,0,A
0,fashion,117,pca,ridge,7.312072954944019,0.33963547601205357,0.41188579797297653,0.45443772719334535,50,0,A
0,fashion,117,emotion,ridge,2.596194612075383,0.39222958492686166,0.5066270706000736,0.5487804619347979,50,0,A
0,fashion,126,population,ridge,,0.23178771710829157,0.2538242330615408,0.40277761538728085,50,0,A
0,fashion,126,identity,ridge,0.025627072561371495,0.0004644296925535099,0.09139260963549709,0.25886618473399803,50,0,A
0,fashion,126,pca,ridge,7.373242106044547,0.21894253114024004,0.20398274469975963,0.2643093961248235,50,0,A
0,fashion,126,emotion,ridge,2.6691141544638057,0.3130516028068127,0.31284966101189715,0.4207570719091583,50,0,A
0,fashion,127,population,ridge,,0.21290807114233914,0.5300948213393801,0.5051020181847342,50,0,A
0,fashion,127,identity,ridge,0.025625862664302026,0.0005540218830050363,0.4386754475545051,0.3974005782182501,50,0,A
0,fashion,127,pca,ridge,7.232877920195221,0.37722189528624556,0.45370732739231906,0.46992240088137205,50,0,A
0,fashion,127,emotion,ridge,2.33970124823604,0.3079863839344695,0.46417069473040523,0.46379801063291876,50,0,A
0,fashion,136,population,ridge,,0.24467475961851087,0.5055842447604649,0.46146582808590053,50,0,A
0,fashion,136,identity,ridge,0.025626946787122625,0.0004223894650404964,0.4048696654383967,0.423954418271961,50,0,A
0,fashion,136,pca,ridge,7.3658802818394395,0.2478638686685076,0.3484538026910132,0.35463093363993403,50,0,A
0,fashion,136,emotion,ridge,2.7170736340742305,0.27368094099297696,0.4332738258999055,0.4647686353633256,50,0,A
0,fashion,144,population,ridge,,0.1427965245329115,0.5397303240308864,0.4847362772220428,50,0,A
0,fashion,144,identity,ridge,0.025627055831704458,0.0005041956164044075,0.4096253618947905,0.37210240158519314,50,0,A
0,fashion,144,pca,ridge,7.279482911097844,0.3496777168938789,0.4854481212853629,0.4318880494304931,50,0,A
0,fashion,144,emotion,ridge,2.557283173842384,0.34564852108588895,0.5514382501132542,0.48072664426184414,50,0,A
0,landscape,3,population,ridge,,0.33133119640559605,0.4202267308483336,0.47825357347590186,50,0,A
0,landscape,3,identity,ridge,2.3733612627954304,0.03874867317949873,0.384428179954645,0.391670047131646,50,0,A
0,landscape,3,pca,ridge,0.3748857530842699,0.042089603117459524,0.49295638651542867,0.5280919026242993,50,0,A
0,landscape,3,emotion,ridge,0.8122359751997694,0.12699388089738742,0.4238705998526431,0.4715880688766037,50,0,A
0,landscape,14,population,ridge,,0.1963369504097256,0.3538744936123055,0.37493738100028373,50,0,A
0,landscape,14,identity,ridge,2.368617832807578,0.021947696111805408,0.2934496431131599,0.24834931264687907,50,0,A
0,landscape,14,pca,ridge,0.3742809603650236,0.019758391851070235,0.31803596456318145,0.3049490091718316,50,0,A
0,landscape,14,emotion,ridge,0.8282101205830625,0.11854410300659435,0.34073865654727387,0.36742162952729646,50,0,A
0,landscape,15,population,ridge,,0.03848184542329851,0.0440088026408803,0.059470177237322695,50,0,A
0,landscape,15,identity,ridge,2.353625513491337,-0.01604164328037381,-0.1752350505155052,-0.21663404134107828,50,0,A
0,landscape,15,pca,ridge,0.3742239773853943,-0.005553333783625474,-0.146429288786929,-0.1660471346834916,50,0,A
0,landscape,15,emotion,ridge,0.8107668393795926,-0.009267786302031492,-0.04640928278492833,-0.07823640099036265,50,0,A
0,landscape,19,population,ridge,,0.42082783511154115,0.49608972073630253,0.5287612790220295,50,0,A
0,landscape,19,identity,ridge,2.3635330526455087,0.04287077353115083,0.5418963462944462,0.5244732009617094,50,0,A
0,landscape,19,pca,ridge,0.3764840590636129,0.044505959721501655,0.5719383539656963,0.619797383954182,50,0,A
0,landscape,19,emotion,ridge,0.8209581491475493,0.18616921208522635,0.46332112821040106,0.49561019908176057,50,0,A
0,landscape,21,population,ridge,,0.0945785229382233,0.12965951418415453,0.15518443699369924,50,0,A
0,landscape,21,identity,ridge,2.3677054308267125,0.0015840472904098681,-0.04346937523263994,0.013689018247671268,50,0,A
0,landscape,21,pca,ridge,0.37694841147787644,0.008713346062963602,0.11473719134309901,0.1309999509717458,50,0,A
0,landscape,21,emotion,ridge,0.8388278360452649,0.055257608224008006,0.534458713394192,0.4654721959406368,50,0,A
0,landscape,22,population,ridge,,0.26957217816803725,0.42893972209403025,0.4543634453462305,50,0,A
0,landscape,22,identity,ridge,2.3649661474794996,0.04229587637514171,0.3212661032183811,0.3439301744677712,50,0,A
0,landscape,22,pca,ridge,0.37317373374001317,0.032715996215238456,0.34558893518712214,0.3749161337473612,50,0,A
0,landscape,22,emotion,ridge,0.792693746457407,0.17433836405972486,0.42055590025310147,0.44034086869785366,50,0,A
0,landscape,30,population,ridge,,0.14093635734395446,0.34063909868879233,0.3896706084734331,50,0,A
0,landscape,30,identity,ridge,2.375198078851948,0.0691480867829114,0.5497637226621865,0.5496634423351697,50,0,A
0,landscape,30,pca,ridge,0.37594811388201055,0.04322659136498519,0.4041566138402781,0.44012279377656255,50,0,A
0,landscape,30,emotion,ridge,0.8249422626140835,0.22152208777901974,0.43485842385803275,0.4702396019044844,50,0,A
0,landscape,50,population,ridge,,0.3776838275329688,0.4285102562543662,0.39561116443599353,50,0,A
0,landscape,50,identity,ridge,2.3729416020083964,0.05324862600180253,0.40223289612028,0.39747508321882297,50,0,A
0,landscape,50,pca,ridge,0.37479182677238004,0.050960761008721024,0.383749668229355,0.38787753942135766,50,0,A
0,landscape,50,emotion,ridge,0.8294248539180555,0.21821433282980243,0.430403116941991,0.3994678067359155,50,0,A
0,landscape,57,population,ridge,,0.39982189675086777,0.4576892729123634,0.46869640459532397,50,0,A
0,landscape,57,identity,ridge,2.3616061740793013,0.023149276788337215,0.22523271875475312,0.2844508431303397,50,0,A
0,landscape,57,pca,ridge,0.3754859808183401,0.025049703933352988,0.3165549364595286,0.3928357452995819,50,0,A
0,landscape,57,emotion,ridge,0.8471131540471,0.07682187763377342,0.4037800534880567,0.4548786303706009,50,0,A
0,landscape,62,population,ridge,,0.27504713891788934,0.3328721989818945,0.4257793203673271,50,0,A
0,landscape,62,identity,ridge,2.3653219139500217,0.05477363054756987,0.332722928937508,0.36712066359764006,50,0,A
0,landscape,62,pca,ridge,0.37570065737487224,0.040797604866282366,0.3217267023343691,0.3999620514643073,50,0,A
0,landscape,62,emotion,ridge,0.8425230358200411,0.19621307281821046,0.33675322013594355,0.4450928241012197,50,0,A
0,landscape,63,population,ridge,,0.15557651601585099,0.15606137940054732,0.20942780452785179,50,0,A
0,landscape,63,identity,ridge,2.3612361092646035,-0.008682565797796733,-0.09963123823981963,-0.1314867818009987,50,0,A
0,landscape,63,pca,ridge,0.3758732277209463,0.005956506475882806,0.14112702885526315,0.19439923442010512,50,0,A
0,landscape,63,emotion,ridge,0.7995256237611866,0.022584801288762554,0.11218849492668484,0.16513202273227054,50,0,A
0,landscape,79,population,ridge,,0.3313591831771237,0.39045987935604964,0.3465707092838356,50,0,A
0,landscape,79,identity,ridge,2.3632891163939256,0.019320869633249443,0.35288358824343463,0.329766478571634,50,0,A
0,landscape,79,pca,ridge,0.3757691153357994,0.011293010883198042,0.3660691661234507,0.3414017465926153,50,0,A
0,landscape,79,emotion,ridge,0.8309428096698711,0.04044812618600435,0.38191270634291674,0.3507561749378237,50,0,A
0,landscape,80,population,ridge,,0.3942508460922188,0.6390763214391869,0.6394933438908446,50,0,A
0,landscape,80,identity,ridge,2.3565658763344945,0.10001140287482749,0.6605090567418457,0.65643670631027,50,0,A
0,landscape,80,pca,ridge,0.3741810646747348,0.0732704842134472,0.6602161264188027,0.6605725963431832,50,0,A
0,landscape,80,emotion,ridge,0.7916730393287141,0.31003976936787087,0.6644636161029286,0.6561405379983699,50,0,A
0,landscape,85,population,ridge,,0.13777192029415136,0.28142864025522574,0.24176611822476296,50,0,A
0,landscape,85,identity,ridge,2.364302002940955,0.04450125609693909,0.4489216281270522,0.4534045604844724,50,0,A
0,landscape,85,pca,ridge,0.3757546559686058,0.026483245850419997,0.40264000613893974,0.454599076221728,50,0,A
0,landscape,85,emotion,ridge,0.8122237449860853,0.09579626322618863,0.41335147323662513,0.40158008176977833,50,0,A
0,landscape,86,population,ridge,,0.46984630118444426,0.5661481155396166,0.5608318112886185,50,0,A
0,landscape,86,identity,ridge,2.36759849231996,0.04103137627566793,0.522870743269042,0.4896388961425454,50,0,A
0,landscape,86,pca,ridge,0.3744251657330096,0.04176809588736902,0.6437701640249178,0.6026686818851367,50,0,A
0,landscape,86,emotion,ridge,0.8122444637721297,0.17428662210733192,0.5387853167018749,0.5158900249341225,50,0,A
0,landscape,98,population,ridge,,0.25151066312479115,0.45585912831371556,0.4873060298909094,50,0,A
0,landscape,98,identity,ridge,2.360452655948583,0.049171363755210765,0.5141272064658735,0.5316613428907712,50,0,A
0,landscape,98,pca,ridge,0.3741540691270091,0.03793645709060898,0.6412933500006507,0.600865279043131,50,0,A
0,landscape,98,emotion,ridge,0.83045790290622,0.08355640183298976,0.5149146129273892,0.49805737397398203,50,0,A
0,landscape,99,population,ridge,,0.40114269401809005,0.5972367873353108,0.5716066038058326,50,0,A
0,landscape,99,identity,ridge,2.3485851291709574,0.0732728620367645,0.5723519211963395,0.5532398715719956,50,0,A
0,landscape,99,pca,ridge,0.37524200951792785,0.06233641083172361,0.6497443437857139,0.6328983153061163,50,0,A
0,landscape,99,emotion,ridge,0.8074226124884258,0.28772083548877336,0.5844765711029503,0.5593964415875095,50,0,A
0,landscape,105,population,ridge,,0.24417717770950365,0.3466486152749521,0.3480109905269857,50,0,A
0,landscape,105,identity,ridge,2.3789516465825105,0.014739583314067047,0.199808582259147,0.2607013499910782,50,0,A
0,landscape,105,pca,ridge,0.3764497643428224,0.01612632288493167,0.2538284921207405,0.2998776309354427,50,0,A
0,landscape,105,emotion,ridge,0.8534125957861554,0.09580132109177841,0.3823948762955061,0.41578067100795885,50,0,A
0,landscape,109,population,ridge,,0.31486031685442745,0.39361547465550634,0.4204649979217819,50,0,A
0,landscape,109,identity,ridge,2.376846583746334,0.03433241250344194,0.3357367211505924,0.3551600780448604,50,0,A
0,landscape,109,pca,ridge,0.3763611042424382,0.026715501447469973,0.37019430520442387,0.378729811711274,50,0,A
0,landscape,109,emotion,ridge,0.8259334698078795,0.15601895126834903,0.41543861122293296,0.44128622875667245,50,0,A
0,landscape,110,population,ridge,,0.5672962141417516,0.6773190828499889,0.6672551747155864,50,0,A
0,landscape,110,identity,ridge,2.3545175104116143,0.1514552487471167,0.7431814473529972,0.7244246068519243,50,0,A
0,landscape,110,pca,ridge,0.3753962964051149,0.0914095141028926,0.7887862215498009,0.7652041667869235,50,0,A
0,landscape,110,emotion,ridge,0.7916623428374845,0.420242726636349,0.7643460939415692,0.7151436896604018,50,0,A
0,landscape,116,population,ridge,,0.22857893818385805,0.4440688781687301,0.4830603216203243,50,0,A
0,landscape,116,identity,ridge,2.360607981161289,0.0336389236578588,0.3411000584906058,0.3750992085197323,50,0,A
0,landscape,116,pca,ridge,0.37590674367992577,0.040227427738341634,0.4527383356600936,0.5366239926059666,50,0,A
0,landscape,116,emotion,ridge,0.7980991721490487,0.14458368062105517,0.40837707656685934,0.4680882655837862,50,0,A
0,landscape,117,population,ridge,,0.45193947890381003,0.5510243654029895,0.546489195742208,50,0,A
0,landscape,117,identity,ridge,2.3611511029088903,0.07686821959044732,0.564043072937236,0.5225058335043532,50,0,A
0,landscape,117,pca,ridge,0.37564639306450365,0.0645939565063977,0.6149068605128966,0.5782843431962998,50,0,A
0,landscape,117,emotion,ridge,0.8007209367442901,0.3040447526038914,0.5665156181666083,0.5508915673576749,50,0,A
0,landscape,126,population,ridge,,0.18169636403846046,0.24164174956309015,0.27305944187678594,50,0,A
0,landscape,126,identity,ridge,2.347438105352281,0.03440829096005553,0.23033716107484753,0.26959913334219693,50,0,A
0,landscape,126,pca,ridge,0.37559151213632896,0.03818594766191306,0.32511799032124855,0.32314888996335683,50,0,A
0,landscape,126,emotion,ridge,0.797031613686298,0.1134780171387775,0.23359525208019258,0.2511560875982704,50,0,A
0,landscape,127,population,ridge,,0.23871434128792973,0.32341412693264027,0.3679794777721591,50,0,A
0,landscape,127,identity,ridge,2.3658300938036385,0.039387653216363575,0.21899868329175157,0.27347791181061853,50,0,A
0,landscape,127,pca,ridge,0.37477965093483623,0.03669158393805861,0.3147617235972296,0.32380920382776,50,0,A
0,landscape,127,emotion,ridge,0.8122915226803913,0.17221456264624663,0.2669046452618222,0.3192299951706189,50,0,A
0,landscape,136,population,ridge,,0.3550446621222609,0.46615800938636076,0.5099188308840884,50,0,A
0,landscape,136,identity,ridge,2.3767975479425134,0.030228291236605302,0.29175466453931487,0.37155728865412163,50,0,A
0,landscape,136,pca,ridge,0.37707713284300387,0.042100401253988916,0.4100551860511467,0.4793526660741173,50,0,A
0,landscape,136,emotion,ridge,0.8249776010589969,0.21544197500226742,0.5133683104119862,0.5782719489340697,50,0,A
0,landscape,144,population,ridge,,0.2544365918754902,0.5826065383704071,0.5703891407640798,50,0,A
0,landscape,144,identity,ridge,2.3669728244573034,0.04460549098736346,0.3151974339710776,0.3535512076814215,50,0,A
0,landscape,144,pca,ridge,0.37514255277310804,0.045643140010371584,0.5252091575836948,0.5320191751117231,50,0,A
0,landscape,144,emotion,ridge,0.8164231155038107,0.26349034681575767,0.5495657900751019,0.5239632688825023,50,0,A
1,art,5,population,ridge,,0.10502980371404953,0.18091367037913386,0.2079187530880536,50,0,A
1,art,5,identity,ridge,14.429517321390087,0.0910358383934359,0.2567509604531495,0.2201840398296471,50,0,A
1,art,5,pca,ridge,0.012624010245025316,0.0005234045322059316,0.3052950191906018,0.3316437458622752,50,0,A
1,art,5,emotion,ridge,2.7953941984125312,0.12345747897824282,0.2213158458473299,0.28176261660196184,50,0,A
1,art,6,population,ridge,,0.46891306953599704,0.6955277398264431,0.6610264035433231,50,0,A
1,art,6,identity,ridge,14.30006326143227,0.3124064426075165,0.618091753020904,0.540645757806049,50,0,A
1,art,6,pca,ridge,0.012621333069970266,0.0024409245834010897,0.6548401897727923,0.6026084348819096,50,0,A
1,art,6,emotion,ridge,2.6614325460578265,0.6305292615918696,0.7212566317721342,0.699038381781433,50,0,A
1,art,16,population,ridge,,0.24302445295177952,0.43181423624841264,0.4441538294343872,50,0,A
1,art,16,identity,ridge,14.415622883752384,0.1243295392836576,0.2461102251983727,0.2729973307356796,50,0,A
1,art,16,pca,ridge,0.012622620726600291,0.0012162223252895766,0.52371553864519,0.5220127305346328,50,0,A
1,art,16,emotion,ridge,2.7505444283011435,0.29198624796916123,0.44278388772813404,0.45023540980249466,50,0,A
1,art,17,population,ridge,,0.09511727910034268,0.1343351987514556,0.11670309099275189,50,0,A
1,art,17,identity,ridge,14.53256465402022,0.11891782498301288,0.2506019204778616,0.23876161534830012,50,0,A
1,art,17,pca,ridge,0.01262415270422145,0.0007373551278915031,0.27019247029578225,0.30013749825087144,50,0,A
1,art,17,emotion,ridge,2.7128580593200673,0.11526723393270391,0.18009558078228768,0.1852728379166576,50,0,A
1,art,23,population,ridge,,0.09174443444135243,0.12579769973799432,0.13766946764669902,50,0,A
1,art,23,identity,ridge,14.27793439425755,0.13222658702767912,0.29008280213448295,0.31981775636025284,50,0,A
1,art,23,pca,ridge,0.01262333740344161,0.0003490129106906719,0.2512508830839049,0.31726117427314343,50,0,A
1,art,23,emotion,ridge,2.7400209385111394,0.11151456447457596,0.22639648622643735,0.2838879195236074,50,0,A
1,art,35,population,ridge,,0.07853314630017763,0.12399664671795695,0.09884830470021677,50,0,A
1,art,35,identity,ridge,14.271473563929806,0.09149582120016793,0.2226102051838563,0.18754236420429193,50,0,A
1,art,35,pca,ridge,0.012622332432053487,0.00045208491678094397,0.16955069011076668,0.1584102414545476,50,0,A
1,art,35,emotion,ridge,2.6978680307859637,0.14980643314718914,0.2683727339011182,0.20172589152591308,50,0,A
1,art,39,population,ridge,,0.5714494294204944,0.7551615512399882,0.7710497567928108,50,0,A
1,art,39,identity,ridge,14.431099079591686,0.5550865199833933,0.7421774111674803,0.7315201663608021,50,0,A
1,art,39,pca,ridge,0.01262115231431861,0.0036449407310221154,0.7503048881594317,0.7398157872514933,50,0,A
1,art,39,emotion,ridge,2.5567656076799437,0.6754632527298986,0.7476287676864721,0.7542944866906734,50,0,A
1,art,44,population,ridge,,0.3497141923447877,0.6442808861252638,0.622132627278377,50,0,A
1,art,44,identity,ridge,14.355961001978779,0.36967628908069794,0.6507852361443897,0.6089187635303108,50,0,A
1,art,44,pca,ridge,0.012622995444625416,0.0019549694742097812,0.5753347759225291,0.5575153765867635,50,0,A
1,art,44,emotion,ridge,2.578326993711401,0.6222326400121942,0.7591577141553644,0.717388519009048,50,0,A
1,art,51,population,ridge,,0.33069502451353044,0.523413845635951,0.5573697934408908,50,0,A
1,art,51,identity,ridge,14.40233142002495,0.10815344482594216,0.22361697772397274,0.22249779522265128,50,0,A
1,art,51,pca,ridge,0.012622698269727546,0.0009245674669777056,0.4934877723311298,0.4609156615252547,50,0,A
1,art,51,emotion,ridge,2.9280724022413316,0.2450421850372443,0.5303835988649239,0.5202336719810883,50,0,A
1,art,64,population,ridge,,0.21723122411564855,0.3725086901768407,0.3498016746342494,50,0,A
1,art,64,identity,ridge,14.060716200649734,0.06307151939540512,0.09291644953965118,0.1564865931835092,50,0,A
1,art,64,pca,ridge,0.012622862682300432,0.00040538911831817853,0.2980862831549535,0.28992695922456707,50,0,A
1,art,64,emotion,ridge,2.763394865130681,0.13008816639612983,0.3223814060335176,0.2794317502347128,50,0,A
1,art,69,population,ridge,,0.3000315895878488,0.34852442212493556,0.3451633054442184,50,0,A
1,art,69,identity,ridge,14.35603409843745,0.17025035160389818,0.24424824454592503,0.24906789081903447,50,0,A
1,art,69,pca,ridge,0.01262099727449691,0.0010205844041291446,0.327839884251776,0.3308127095797451,50,0,A
1,art,69,emotion,ridge,2.676743164471781,0.19435520549871108,0.31820048796137157,0.2948956267130956,50,0,A
1,art,81,population,ridge,,0.29950260630603803,0.3498887832383117,0.42237686539306124,50,0,A
1,art,81,identity,ridge,14.5460621581774,0.11843616117628684,0.18803301473293071,0.24499594596733829,50,0,A
1,art,81,pca,ridge,0.012623147756938555,0.0010362695419381873,0.3935347036216475,0.41272112076505146,50,0,A
1,art,81,emotion,ridge,2.8125301056141128,0.3157025574137746,0.4131161082800508,0.45179829465156907,50,0,A
1,art,92,population,ridge,,0.2718235794231453,0.34898250446868684,0.37785840223975736,50,0,A
1,art,92,identity,ridge,14.15734349719668,0.3079392652864627,0.4785681002605632,0.4972222244516808,50,0,A
1,art,92,pca,ridge,0.012621320952717731,0.0018637800477392227,0.5979400530343604,0.583846151579457,50,0,A
1,art,92,emotion,ridge,2.601058305773564,0.29217592232614736,0.3732890106895958,0.38577674788146826,50,0,A
1,art,100,population,ridge,,0.37891693561809947,0.6158341921929029,0.6583502077347956,50,0,A
1,art,100,identity,ridge,14.341639154113839,0.33582185282069543,0.5151110887586858,0.5621793716976634,50,0,A
1,art,100,pca,ridge,0.012623606794357062,0.002387136732787851,0.628872459534684,0.6792572548962428,50,0,A
1,art,100,emotion,ridge,2.676073259881156,0.6135680731784958,0.6328038454888852,0.6744010497152227,50,0,A
1,art,101,population,ridge,,0.45768968309453534,0.6286828123709176,0.609700703685544,50,0,A
1,art,101,identity,ridge,14.531306699045066,0.3471164477362549,0.5234312469547777,0.4813509267737533,50,0,A
1,art,101,pca,ridge,0.012621557346494387,0.002089458894760673,0.5789350021546953,0.5570917092115456,50,0,A
1,art,101,emotion,ridge,2.6587517584098674,0.4258029038286675,0.6281174963457333,0.601876255081768,50,0,A
1,art,106,population,ridge,,0.4134026679528354,0.4795204959576387,0.4841943442066689,50,0,A
1,art,106,identity,ridge,14.369877705304857,0.1314478682166038,0.23073267448529625,0.1997265534976887,50,0,A
1,art,106,pca,ridge,0.01262285597148022,0.0012166925588915417,0.4345339286044399,0.37612882985564633,50,0,A
1,art,106,emotion,ridge,2.671511806536931,0.2895717247609821,0.38652135896290946,0.3859648409971109,50,0,A
1,art,111,population,ridge,,0.47638881125884397,0.6833186886705842,0.67217760246109,50,0,A
1,art,111,identity,ridge,14.497818779982378,0.39038593375198244,0.6010901470625944,0.5990154965172728,50,0,A
1,art,111,pca,ridge,0.012622655917062629,0.002478326484607349,0.6342079259388225,0.6605531483961761,50,0,A
1,art,111,emotion,ridge,2.765784014561308,0.5479670297804788,0.6177228502723493,0.630766812197997,50,0,A
1,art,118,population,ridge,,0.45421007538315583,0.6419592649092528,0.6184041060336193,50,0,A
1,art,118,identity,ridge,14.31602575289114,0.4102319456323106,0.7170089973229569,0.6913296487301208,50,0,A
1,art,118,pca,ridge,0.012622332379478988,0.0020352148974486567,0.6600987752668811,0.657853104013194,50,0,A
1,art,118,emotion,ridge,2.773211638247122,0.45049781125351407,0.5926237834420768,0.5414975809976065,50,0,A
1,art,119,population,ridge,,0.2796761994580433,0.5684837286940606,0.5850198423855154,50,0,A
1,art,119,identity,ridge,14.235571163854491,0.4947157880791902,0.6071300018953694,0.580897897811405,50,0,A
1,art,119,pca,ridge,0.012620748147730893,0.0027087772024515728,0.5794482565870528,0.5644063347514826,50,0,A
1,art,119,emotion,ridge,2.5973579369684576,0.48709823445080763,0.5375077081891948,0.5490402808582718,50,0,A
1,art,128,population,ridge,,0.4167200156287525,0.5219743397240193,0.4897524447081619,50,0,A
1,art,128,identity,ridge,14.498034224987252,0.23578753153837043,0.596427504116505,0.544308594109034,50,0,A
1,art,128,pca,ridge,0.012624879441051989,0.0015363579419487802,0.7060265730471271,0.6362723410009019,50,0,A
1,art,128,emotion,ridge,3.0179447214834334,0.3057633572544888,0.6613546744116356,0.587761169895815,50,0,A
1,art,129,population,ridge,,0.23973803335390048,0.3418183718210722,0.35491564317224156,50,0,A
1,art,129,identity,ridge,14.262660476511918,0.22030080613469033,0.48477793455128876,0.48782012778011596,50,0,A
1,art,129,pca,ridge,0.012622410366778216,0.0006000250475371687,0.3394097866996084,0.36223200923315196,50,0,A
1,art,129,emotion,ridge,2.8134498178775615,0.1323634906719088,0.32656399938513475,0.3345550514610587,50,0,A
1,art,137,population,ridge,,0.4669557995844029,0.49993194927383183,0.5422344955070381,50,0,A
1,art,137,identity,ridge,14.269111487530914,0.17978601621648194,0.298564197348118,0.29658874928322854,50,0,A
1,art,137,pca,ridge,0.012623286489757819,0.001585338667071074,0.5203045650928799,0.5702326192317099,50,0,A
1,art,137,emotion,ridge,2.6115951984305537,0.40384703198406835,0.5051003715136396,0.5123407370975075,50,0,A
1,fashion,5,population,ridge,,0.09337428633118185,0.1600355772580081,0.18647802576988018,50,0,A
1,fashion,5,identity,ridge,2.353226184225266,0.016041743772084366,0.07497498701150429,0.1230559992306443,50,0,A
1,fashion,5,pca,ridge,7.72065072751246,0.20426485919380527,0.1605692070588017,0.22374828692453236,50,0,A
1,fashion,5,emotion,ridge,4.592837820016554,0.2050088561217539,0.23565092003046473,0.22025952559957018,50,0,A
1,fashion,6,population,ridge,,0.23995169517396597,0.3420373230107772,0.3807332548167197,50,0,A
1,fashion,6,identity,ridge,2.367565720146939,0.05199971247557038,0.5698780709919689,0.5683351374972405,50,0,A
1,fashion,6,pca,ridge,7.785865945001103,0.3982859974546317,0.4613561718543547,0.47221936909025053,50,0,A
1,fashion,6,emotion,ridge,5.362549750529903,0.35333560601890374,0.4376531008719605,0.4593993435467607,50,0,A
1,fashion,16,population,ridge,,0.13867511693523335,0.3298638058875581,0.2913650181396372,50,0,A
1,fashion,16,identity,ridge,2.362514466128046,0.03590170991935946,0.3460225922940671,0.3167336029713286,50,0,A
1,fashion,16,pca,ridge,7.753741350423524,0.17828991908726527,0.1687153045948499,0.219030505601412,50,0,A
1,fashion,16,emotion,ridge,4.914908436723211,0.267549811879692,0.368869456457953,0.3420494005411123,50,0,A
1,fashion,17,population,ridge,,0.06709538539294312,0.02437302761249376,0.10089991100967158,50,0,A
1,fashion,17,identity,ridge,2.354142687106415,0.016887885690789653,0.12509020245370986,0.13522927453294936,50,0,A
1,fashion,17,pca,ridge,7.753632843002588,0.1455198154528506,0.11811137459069643,0.15349081144433532,50,0,A
1,fashion,17,emotion,ridge,5.238891335061968,0.21183108824377272,0.15607196857284505,0.23077633021059352,50,0,A
1,fashion,23,population,ridge,,0.17571663023593323,0.44426486451699987,0.45841582252977675,50,0,A
1,fashion,23,identity,ridge,2.3616223444308466,0.04773119640094503,0.486369203025214,0.5030828998542467,50,0,A
1,fashion,23,pca,ridge,7.7845261373396495,0.4264951526202145,0.4371653039254509,0.43809509274096176,50,0,A
1,fashion,23,emotion,ridge,5.375900794938186,0.3290306896256498,0.45289280273589616,0.4321148740277971,50,0,A
1,fashion,35,population,ridge,,0.17257730575000582,0.256655507876222,0.2397784822763038,50,0,A
1,fashion,35,identity,ridge,2.3516034345660035,0.0023412413101805193,-0.028615019325715876,0.023563782463006038,50,0,A
1,fashion,35,pca,ridge,7.750369010562762,0.1445178938835341,0.06421562203112731,0.15553872769958083,50,0,A
1,fashion,35,emotion,ridge,5.2197739985125535,0.19989329262520872,0.2382860108407262,0.24187008614121847,50,0,A
1,fashion,39,population,ridge,,0.25712638418191175,0.32686449204769297,0.3878116293941495,50,0,A
1,fashion,39,identity,ridge,2.3610493518596587,0.04543306553789308,0.33512496703434785,0.3192598157419776,50,0,A
1,fashion,39,pca,ridge,7.790726831405306,0.3590117607108689,0.38523851528672043,0.38036975888636904,50,0,A
1,fashion,39,emotion,ridge,5.329627281032141,0.346783672716621,0.3160507793378903,0.3616133692802764,50,0,A
1,fashion,44,population,ridge,,0.14961793652140717,0.4435585608967581,0.3449897848761883,50,0,A
1,fashion,44,identity,ridge,2.3586006824080408,0.011661252461920329,0.14720564611721693,0.12053732435882569,50,0,A
1,fashion,44,pca,ridge,7.786151302494981,0.18803249985834894,0.2617102809484155,0.20598123217381303,50,0,A
1,fashion,44,emotion,ridge,5.233106994455005,0.19399044709641206,0.32205386583714624,0.2907050210496117,50,0,A
1,fashion,51,population,ridge,,0.21537137986734517,0.5047971090683091,0.5002745945155439,50,0,A
1,fashion,51,identity,ridge,2.3583632448283365,0.006695975643130689,0.12772449270383335,0.10488320073608193,50,0,A
1,fashion,51,pca,ridge,7.7704384499253925,0.3949652545730585,0.448905343385892,0.46064138182351605,50,0,A
1,fashion,51,emotion,ridge,5.526548991045943,0.37249911406468555,0.41121776194862836,0.43978146304562055,50,0,A
1,fashion,64,population,ridge,,0.02526728770800817,0.16441400763501315,0.10324647010522457,50,0,A
1,fashion,64,identity,ridge,2.3555682465825134,0.006841438444864554,0.2006433326437492,0.13826200250438345,50,0,A
1,fashion,64,pca,ridge,7.764405750743307,0.1647130242955854,0.3000025032739748,0.3002509679236252,50,0,A
1,fashion,64,emotion,ridge,4.80277863328677,0.04908836742088414,0.24812645343176562,0.2086830519260332,50,0,A
1,fashion,69,population,ridge,,0.29561023781323276,0.3903262797087034,0.38685734539972505,50,0,A
1,fashion,69,identity,ridge,2.3568119335183995,0.04508601931585123,0.46192428325719165,0.44689248577155277,50,0,A
1,fashion,69,pca,ridge,7.7185644815825105,0.17373762795962547,0.3746007545656901,0.19935012278121161,50,0,A
1,fashion,69,emotion,ridge,4.759849717236122,0.266090127592011,0.3817865905581929,0.349691090211628,50,0,A
1,fashion,81,population,ridge,,0.19315158564872512,0.369605741440563,0.36929035959893824,50,0,A
1,fashion,81,identity,ridge,2.357433781115353,0.046294071151615435,0.4115158565190147,0.43274075869923845,50,0,A
1,fashion,81,pca,ridge,7.765480026499017,0.30466841146701334,0.3636029905829723,0.32033135343233776,50,0,A
1,fashion,81,emotion,ridge,4.889113770537552,0.3262521218960718,0.34483075153741594,0.37907486738404383,50,0,A
1,fashion,92,population,ridge,,0.030651999519222026,0.016262386244718333,0.06918090969359615,50,0,A
1,fashion,92,identity,ridge,2.3591288559619534,0.039990630617829565,0.2800145975911766,0.2889211138048432,50,0,A
1,fashion,92,pca,ridge,7.778173182203862,0.2794861344056825,0.17780926947039713,0.29722855345495397,50,0,A
1,fashion,92,emotion,ridge,5.157230560762056,0.0963852461805413,0.10753637526722686,0.15601472898897262,50,0,A
1,fashion,100,population,ridge,,0.24229096137182451,0.5190663772736228,0.5862073788484216,50,0,A
1,fashion,100,identity,ridge,2.361045456220477,0.05761292886230712,0.4094963769642312,0.42349267098986015,50,0,A
1,fashion,100,pca,ridge,7.778386215341395,0.41643181065494767,0.5008047105553909,0.4872279734237347,50,0,A
1,fashion,100,emotion,ridge,4.914971155600197,0.46859106961459246,0.5455230301645794,0.5808397503643248,50,0,A
1,fashion,101,population,ridge,,0.17506008688911256,0.304191540881183,0.2848755451192168,50,0,A
1,fashion,101,identity,ridge,2.3624724872949145,0.021296718507205287,0.19191675629102273,0.15560583972298886,50,0,A
1,fashion,101,pca,ridge,7.7568846226755035,0.07492183438638257,0.15475713551616685,0.09786400178473613,50,0,A
1,fashion,101,emotion,ridge,5.120331998265181,0.23086315171470823,0.33349142928331166,0.28648808498784506,50,0,A
1,fashion,106,population,ridge,,0.10208768258524754,0.26624185516661425,0.33996536478998546,50,0,A
1,fashion,106,identity,ridge,2.3532714038455897,0.01037242464165359,0.09811514565980228,0.08548389913436731,50,0,A
1,fashion,106,pca,ridge,7.758084921203357,0.19345832021113268,0.22888586173587763,0.22926496820035214,50,0,A
1,fashion,106,emotion,ridge,4.994201803199418,0.0882407440944052,0.12493229591074166,0.11636657034763204,50,0,A
1,fashion,111,population,ridge,,0.19622397815988388,0.36150939588111297,0.36585837322991827,50,0,A
1,fashion,111,identity,ridge,2.3616062476960233,0.03550746390578397,0.33543121503437057,0.3706695427507711,50,0,A
1,fashion,111,pca,ridge,7.777600832601322,0.3014858379347298,0.2991869636880506,0.36718792633350517,50,0,A
1,fashion,111,emotion,ridge,5.154767834838393,0.18048977194147572,0.34864219553865256,0.30475991887841203,50,0,A
1,fashion,118,population,ridge,,0.2042660322608122,0.29316429706067026,0.3071009415512969,50,0,A
1,fashion,118,identity,ridge,2.360675187512619,0.039531880012187465,0.23026903197698634,0.2823867864453644,50,0,A
1,fashion,118,pca,ridge,7.695759331312953,0.30602443353556197,0.32126643677891203,0.35488793824099585,50,0,A
1,fashion,118,emotion,ridge,4.8805739000691,0.2866985568149317,0.3380186823252361,0.36857112510569906,50,0,A
1,fashion,119,population,ridge,,0.2111699453130249,0.43228336267556117,0.506083988545641,50,0,A
1,fashion,119,identity,ridge,2.3573915720465926,0.04813782571068339,0.45152097580334916,0.4380079009255616,50,0,A
1,fashion,119,pca,ridge,7.7570994084649065,0.41220638144264393,0.4642481498828018,0.47441836469562537,50,0,A
1,fashion,119,emotion,ridge,5.339370414286883,0.49064901251857923,0.5937716214760002,0.5832580215410041,50,0,A
1,fashion,128,population,ridge,,0.3726388410856124,0.5643631962103511,0.5556336101174546,50,0,A
1,fashion,128,identity,ridge,2.3625109069176404,0.0542351992890663,0.47303060851206685,0.46019762738334186,50,0,A
1,fashion,128,pca,ridge,7.755088662316087,0.3753833326678719,0.41848819149462907,0.4442936121286918,50,0,A
1,fashion,128,emotion,ridge,4.886728591841283,0.39886717858185133,0.4746624305987173,0.4997903142959666,50,0,A
1,fashion,129,population,ridge,,0.1393228244748438,0.21472123093809262,0.30261084310860253,50,0,A
1,fashion,129,identity,ridge,2.3624018595343603,0.0009652786987559275,0.03386912240099923,0.012718044445642243,50,0,A
1,fashion,129,pca,ridge,7.7897032996155975,-0.018899281278889835,-0.06488663479187001,-0.02786333118062465,50,0,A
1,fashion,129,emotion,ridge,5.360570336403785,-0.06752374843110513,-0.10500928791683511,-0.12013424051914123,50,0,A
1,fashion,137,population,ridge,,0.09860265615008534,0.17373102506938376,0.1971554317003073,50,0,A
1,fashion,137,identity,ridge,2.3636217031728903,0.004708746018985868,0.04799746349111428,0.04964707109925863,50,0,A
1,fashion,137,pca,ridge,7.769111414718188,0.17475834554576075,0.2795728543554595,0.26331264697871554,50,0,A
1,fashion,137,emotion,ridge,5.06544992117115,0.1887063754698189,0.22563756032936197,0.25182027498092596,50,0,A
1,landscape,5,population,ridge,,0.2581137694412638,0.39468476618380177,0.4224379615411975,50,0,A
1,landscape,5,identity,ridge,0.025628394738591402,0.0007529348654638846,0.5770010794971315,0.5668268539656031,50,0,A
1,landscape,5,pca,ridge,0.0012646508162012962,0.00014587187726855215,0.5798778655060204,0.5702371526980762,50,0,A
1,landscape,5,emotion,ridge,2.714420052247376,0.3959410638288786,0.6149643805787182,0.6110560019847228,50,0,A
1,landscape,6,population,ridge,,0.37231621614576355,0.6580622951220773,0.6370071303324822,50,0,A
1,landscape,6,identity,ridge,0.025626710743245608,0.0009125849140114783,0.5443407205320797,0.5745827652837582,50,0,A
1,landscape,6,pca,ridge,0.0012646406386398524,0.00023255746196655937,0.5991628705288129,0.6015183975505063,50,0,A
1,landscape,6,emotion,ridge,2.6098202499561185,0.4606107000599768,0.6085455144798667,0.610276552571128,50,0,A
1,landscape,16,population,ridge,,0.2772185771756667,0.5109677405522783,0.5142293266783036,50,0,A
1,landscape,16,identity,ridge,0.025628569369815026,0.0004575481195414173,0.3622298191472757,0.3457377289597531,50,0,A
1,landscape,16,pca,ridge,0.001264645668578195,0.0001690525668974099,0.44513453127605357,0.4122162777786368,50,0,A
1,landscape,16,emotion,ridge,2.7816060449147524,0.43371317270892895,0.48565482252952724,0.4961066900137601,50,0,A
1,landscape,17,population,ridge,,-0.06230229218550611,-0.07629966323250356,-0.08044134109951925,50,0,A
1,landscape,17,identity,ridge,0.025625627770297137,8.500430658670596e-05,0.02896511988728677,0.07121951255949913,50,0,A
1,landscape,17,pca,ridge,0.0012646550156784518,-8.652057608756769e-07,-0.014961762294719821,-0.004127533997750741,50,0,A
1,landscape,17,emotion,ridge,2.680388696287814,0.05610287100111745,0.050422736274376045,0.08856646175022578,50,0,A
1,landscape,23,population,ridge,,0.32900954945284117,0.7581172680979462,0.7155362170814372,50,0,A
1,landscape,23,identity,ridge,0.025627063217157693,0.0006196955036185621,0.6125486125426463,0.6061284438864242,50,0,A
1,landscape,23,pca,ridge,0.0012646581923374165,0.00021005346209195205,0.682554168261806,0.6585669125458499,50,0,A
1,landscape,23,emotion,ridge,2.764685583767769,0.525397907629881,0.6475026400152352,0.6293010131768025,50,0,A
1,landscape,35,population,ridge,,0.35983267745773007,0.4801020092953743,0.48968838634773704,50,0,A
1,landscape,35,identity,ridge,0.02562714909317175,-8.217954985579298e-05,-0.0954553385442253,-0.1043964591104073,50,0,A
1,landscape,35,pca,ridge,0.0012646573798779201,2.0830730393545293e-05,0.14848047639305237,0.17808187000771525,50,0,A
1,landscape,35,emotion,ridge,2.8175950952478215,0.13364270943162718,0.3353549869468635,0.39644848526732346,50,0,A
1,landscape,39,population,ridge,,0.4256873589517592,0.7882346292959229,0.7545268195350225,50,0,A
1,landscape,39,identity,ridge,0.025625984982326634,0.0017202956177789152,0.7409999662087174,0.7143275580959805,50,0,A
1,landscape,39,pca,ridge,0.0012646522452058908,0.00043372547297930035,0.7971468298784145,0.7811270231022923,50,0,A
1,landscape,39,emotion,ridge,2.5762336138958157,0.6948135043516167,0.7558536338462035,0.7435825982902297,50,0,A
1,landscape,44,population,ridge,,0.35691242943066964,0.6320640777107418,0.5859479434072388,50,0,A
1,landscape,44,identity,ridge,0.025625277763618524,0.00024949611287812567,0.31855424187895726,0.28526267602365146,50,0,A
1,landscape,44,pca,ridge,0.001264658632418209,8.207564941649053e-05,0.39285834295381145,0.3681296568192564,50,0,A
1,landscape,44,emotion,ridge,2.715309928504028,0.267816748301672,0.4990935343072689,0.4243945565803678,50,0,A
1,landscape,51,population,ridge,,0.34267142565402536,0.7350116948397329,0.6963852277532739,50,0,A
1,landscape,51,identity,ridge,0.02562636348937446,0.000636685016255763,0.5422201466798506,0.5543280821046304,50,0,A
1,landscape,51,pca,ridge,0.0012646527891418359,0.00018056008211741117,0.7126280219084997,0.683506211019066,50,0,A
1,landscape,51,emotion,ridge,2.685655362532784,0.41133023767203425,0.6954509859417055,0.6626293296246869,50,0,A
1,landscape,64,population,ridge,,0.15907096406772953,0.3067929980967406,0.3246808574318019,50,0,A
1,landscape,64,identity,ridge,0.025626544837932405,0.000504817781482975,0.3147456100261522,0.26564868817826237,50,0,A
1,landscape,64,pca,ridge,0.0012646558114313223,0.00011455392250888809,0.31519016597251676,0.315025489020889,50,0,A
1,landscape,64,emotion,ridge,2.7509848469318046,0.28759610065540303,0.2981982498003579,0.33898309846548996,50,0,A
1,landscape,69,population,ridge,,0.19010807911940497,0.25800602848753257,0.22273366241123932,50,0,A
1,landscape,69,identity,ridge,0.025627891459390827,0.0003528437099504044,0.27121504642304567,0.267791295197544,50,0,A
1,landscape,69,pca,ridge,0.0012646536847882824,0.0001100635772620293,0.3412582679661499,0.3295849286846895,50,0,A
1,landscape,69,emotion,ridge,2.830292677475847,0.33424766034321995,0.39697906776308456,0.42157507330410027,50,0,A
1,landscape,81,population,ridge,,0.293774998460534,0.43166228820253677,0.3819597834279394,50,0,A
1,landscape,81,identity,ridge,0.02562839383929011,0.0006262863492282259,0.4909562574592518,0.5049443068170855,50,0,A
1,landscape,81,pca,ridge,0.0012646568889764552,0.00013270401134802209,0.4837226124112977,0.46824637620007903,50,0,A
1,landscape,81,emotion,ridge,2.6017998153602013,0.2860463081759873,0.4611448718070771,0.44793419829581843,50,0,A
1,landscape,92,population,ridge,,0.261155521444216,0.4256035632053209,0.44293261327310246,50,0,A
1,landscape,92,identity,ridge,0.025625175339378733,0.00047514014994557964,0.41766189361845946,0.4238250436293449,50,0,A
1,landscape,92,pca,ridge,0.001264665269671191,9.694749337923333e-05,0.4545731755347524,0.4745807414126338,50,0,A
1,landscape,92,emotion,ridge,2.8887233726629447,0.212628780406373,0.43774083181920337,0.4380445126340722,50,0,A
1,landscape,100,population,ridge,,0.23510133076816425,0.4784483680063645,0.44997701546550944,50,0,A
1,landscape,100,identity,ridge,0.02562802624809514,0.0007879548007167083,0.4749523987203054,0.46080445273346415,50,0,A
1,landscape,100,pca,ridge,0.0012646401729493489,0.0002313426404664087,0.5247449898374605,0.5251161309815475,50,0,A
1,landscape,100,emotion,ridge,2.710248705612653,0.42832362025463927,0.5395778880940252,0.48360616538988704,50,0,A
1,landscape,101,population,ridge,,0.13445926538070424,0.19572275428924746,0.21634162078118555,50,0,A
1,landscape,101,identity,ridge,0.025625566766859,0.00025769044127991846,0.190487894852272,0.20122041072156413,50,0,A
1,landscape,101,pca,ridge,0.0012646444543997707,9.350299143311265e-05,0.3547506686416378,0.3823363527093851,50,0,A
1,landscape,101,emotion,ridge,2.6732531698486826,0.18735100338272934,0.2839530065473969,0.3353238979448274,50,0,A
1,landscape,106,population,ridge,,0.2473067212725319,0.4378238902472069,0.4410514606222211,50,0,A
1,landscape,106,identity,ridge,0.02562649164217576,-2.2586184279193346e-05,0.0237103045142354,-0.03067458992535865,50,0,A
1,landscape,106,pca,ridge,0.0012646574658597043,6.354840144843409e-05,0.41366808940598165,0.3368463440079336,50,0,A
1,landscape,106,emotion,ridge,2.7330201112333836,0.156603781000653,0.3837208363138889,0.3542062386296114,50,0,A
1,landscape,111,population,ridge,,0.27776233659203275,0.4735146197880375,0.4546944317366698,50,0,A
1,landscape,111,identity,ridge,0.025628073910623297,0.0004626707712059485,0.4617530323707291,0.5253134892532554,50,0,A
1,landscape,111,pca,ridge,0.00126465008461668,0.00012191644178962598,0.5163779781163872,0.5106811755094808,50,0,A
1,landscape,111,emotion,ridge,2.630493136465039,0.2579173981883642,0.5007286693351988,0.5010514153372437,50,0,A
1,landscape,118,population,ridge,,0.29979369304527637,0.5447888178799966,0.5104279326848739,50,0,A
1,landscape,118,identity,ridge,0.02562850651665654,0.0006828915183800516,0.541552547256509,0.5363879984604035,50,0,A
1,landscape,118,pca,ridge,0.0012646711036384754,0.00018526339358341325,0.5247737287931972,0.5072391468855025,50,0,A
1,landscape,118,emotion,ridge,2.8787116685432363,0.5208448671151631,0.6005522501616266,0.5927539242086866,50,0,A
1,landscape,119,population,ridge,,0.3676362037439989,0.7265266218385579,0.7264708295717998,50,0,A
1,landscape,119,identity,ridge,0.025626225107603276,0.0012253008513096585,0.6360737070209838,0.6455503964944123,50,0,A
1,landscape,119,pca,ridge,0.0012646515293749702,0.00036377684553528877,0.7415437078625051,0.7253502972544336,50,0,A
1,landscape,119,emotion,ridge,2.8295272356709074,0.681017508684766,0.6662580499291172,0.6884595804455876,50,0,A
1,landscape,128,population,ridge,,0.2669560294137449,0.41714035340172806,0.37644189803427075,50,0,A
1,landscape,128,identity,ridge,0.025629562435695537,0.0002492469094004581,0.33556646378252314,0.35784535648676785,50,0,A
1,landscape,128,pca,ridge,0.0012646361273100893,8.995968247680937e-05,0.3779909326271003,0.4217411651753248,50,0,A
1,landscape,128,emotion,ridge,2.7406594469889214,0.1467016892499549,0.4178457483706402,0.3898677291307758,50,0,A
1,landscape,129,population,ridge,,0.38416914976635413,0.565875407160558,0.5749298820939308,50,0,A
1,landscape,129,identity,ridge,0.02562725874862895,0.000700218908205289,0.49161733357523923,0.5561427734312883,50,0,A
1,landscape,129,pca,ridge,0.001264652767902073,0.00019365519945388197,0.5591518391296941,0.5889727634074144,50,0,A
1,landscape,129,emotion,ridge,2.775901145237959,0.4602505382900702,0.5717523036616093,0.5931529905205859,50,0,A
1,landscape,137,population,ridge,,0.2785966436304212,0.472363319344663,0.46826337778175836,50,0,A
1,landscape,137,identity,ridge,0.025627805222045913,0.000310264224247455,0.16076439226802805,0.2045826820575131,50,0,A
1,landscape,137,pca,ridge,0.0012646546408438362,0.00018932288513064262,0.44346743413774753,0.46044929390086603,50,0,A
1,landscape,137,emotion,ridge,2.9063104059751668,0.43196092258210017,0.4452548084804434,0.48766405489311104,50,0,A
2,art,7,population,ridge,,0.22055886383359388,0.2221934832161778,0.26109886380492886,50,0,A
2,art,7,identity,ridge,6.374680235971457,0.14634589007067056,0.31774511056667426,0.36252940134475914,50,0,A
2,art,7,pca,ridge,0.039745530321909354,0.005100127053318216,0.37461989861598377,0.4226973038597058,50,0,A
2,art,7,emotion,ridge,2.8486461838077997,0.3353107319634472,0.3801239103626911,0.4264928720859152,50,0,A
2,art,8,population,ridge,,0.31964521758507203,0.5917014358227132,0.6204483276876562,50,0,A
2,art,8,identity,ridge,6.32210778782851,0.2803508319197087,0.6346762457233651,0.6221176406329365,50,0,A
2,art,8,pca,ridge,0.03974388958572895,0.008790633053319381,0.6531320118564421,0.6299053487131991,50,0,A
2,art,8,emotion,ridge,2.7456377189636174,0.469294718410904,0.5379829234468984,0.5607582008496089,50,0,A
2,art,40,population,ridge,,0.15177167452208876,0.31512815389386045,0.29522678110848755,50,0,A
2,art,40,identity,ridge,6.373065330716678,0.07136076165132768,0.24017363335224437,0.19524383719651878,50,0,A
2,art,40,pca,ridge,0.03973901725957877,0.002431687734321329,0.19748496430126405,0.21410297867898825,50,0,A
2,art,40,emotion,ridge,2.859994746636102,0.18620236805152557,0.20112546995631259,0.21131678306756863,50,0,A
2,art,41,population,ridge,,0.4107439299642299,0.6834824017225695,0.6753597775349669,50,0,A
2,art,41,identity,ridge,6.335470772143993,0.4172089264480311,0.7168443575772501,0.7059576147038921,50,0,A
2,art,41,pca,ridge,0.03972153485588595,0.009116818502635198,0.625463723392199,0.6380128500584761,50,0,A
2,art,41,emotion,ridge,2.6647510432290438,0.564517163120346,0.5988130647794221,0.6285947718849327,50,0,A
2,art,45,population,ridge,,-0.015427122292476947,0.034619300254398265,-0.021035530159372342,50,0,A
2,art,45,identity,ridge,6.248268095463901,-0.04621636066839417,-0.22121680329479682,-0.18457996654717673,50,0,A
2,art,45,pca,ridge,0.039731294760605114,-0.0006976386946463989,-0.14835342021004658,-0.12946036912819334,50,0,A
2,art,45,emotion,ridge,2.6756360000731747,0.04739058626987761,0.10800801414725769,0.09001054136920145,50,0,A
2,art,46,population,ridge,,0.07602711329847928,0.07638473194772853,0.1043742082481431,50,0,A
2,art,46,identity,ridge,6.359764017391404,0.028159626562020843,0.09159048085077169,0.10376114819335465,50,0,A
2,art,46,pca,ridge,0.039724166851733134,0.0007299360131868125,0.1761629237462927,0.13977616205020046,50,0,A
2,art,46,emotion,ridge,2.852979269296008,0.016139658900493674,0.1112715003339747,0.09495852801514498,50,0,A
2,art,52,population,ridge,,0.40645095039003454,0.5721289072677246,0.5613883105976354,50,0,A
2,art,52,identity,ridge,6.315967199297179,0.15744525144733065,0.6012093289436556,0.5776227802529704,50,0,A
2,art,52,pca,ridge,0.0397562852846841,0.004258909412461046,0.554206677949621,0.5560632889770774,50,0,A
2,art,52,emotion,ridge,2.8067432710649793,0.4103490208730724,0.5793372970210114,0.5761057704783668,50,0,A
2,art,58,population,ridge,,0.4768123676326583,0.6672749758301654,0.6850661034354045,50,0,A
2,art,58,identity,ridge,6.334690348209454,0.23316100587784247,0.5741736913961384,0.6131653183379367,50,0,A
2,art,58,pca,ridge,0.039742837990350964,0.0065461554984283495,0.6067787825692365,0.627123904976227,50,0,A
2,art,58,emotion,ridge,2.874915759424928,0.505244848136215,0.6506778059257872,0.6845367891708003,50,0,A
2,art,65,population,ridge,,0.5342782088318064,0.678734540994001,0.6735310516222082,50,0,A
2,art,65,identity,ridge,6.2473342973901795,0.20238118997170276,0.5988863089578573,0.5668600475647673,50,0,A
2,art,65,pca,ridge,0.03975034314108082,0.005949265155262593,0.6635019551901828,0.651246115542418,50,0,A
2,art,65,emotion,ridge,2.7741558311174876,0.5241887372406853,0.6082715473079517,0.6246886970892782,50,0,A
2,art,66,population,ridge,,0.2941942760226546,0.4415636864407827,0.4187492459945716,50,0,A
2,art,66,identity,ridge,6.395990656719648,0.2312738949430863,0.5972372401644005,0.6129613856848531,50,0,A
2,art,66,pca,ridge,0.0397020217407413,0.006087489249884731,0.46242765613318226,0.4753474258099068,50,0,A
2,art,66,emotion,ridge,2.7464702273049255,0.49446286954768476,0.5593205177257541,0.5860013569045033,50,0,A
2,art,74,population,ridge,,0.4320188669309295,0.5227868289009886,0.5074684929303351,50,0,A
2,art,74,identity,ridge,6.38654715753739,0.16241772350480738,0.4300569027572389,0.41330746305236565,50,0,A
2,art,74,pca,ridge,0.039738859496967274,0.004788796527199791,0.5304851623921678,0.5242360202525098,50,0,A
2,art,74,emotion,ridge,2.8999613631779635,0.3164739968509251,0.45870070204584734,0.45944526506181904,50,0,A
2,art,83,population,ridge,,0.6515312194354635,0.6896676375079817,0.672414648025755,50,0,A
2,art,83,identity,ridge,6.3040941059917674,0.088012973814046,0.3370935261198258,0.29228524296381936,50,0,A
2,art,83,pca,ridge,0.0397214989656646,0.0014893164052756235,0.3102672350359444,0.2421684587648082,50,0,A
2,art,83,emotion,ridge,2.782258280702352,0.08360665735751535,0.28989538992713215,0.2567886685384927,50,0,A
2,art,87,population,ridge,,0.3396008354217202,0.6477046508724618,0.6330845238497563,50,0,A
2,art,87,identity,ridge,6.387849911147425,0.28598500743367766,0.7217098237479478,0.7664443734959748,50,0,A
2,art,87,pca,ridge,0.03973922346430734,0.007685925892869982,0.7248485454603608,0.7434827811067136,50,0,A
2,art,87,emotion,ridge,2.9140778696270373,0.504388715917824,0.6236738127618003,0.6083871087152418,50,0,A
2,art,93,population,ridge,,0.4252728497037892,0.6185575328542386,0.5997217535284736,50,0,A
2,art,93,identity,ridge,6.362494613009597,0.18222359483355632,0.5313439687719449,0.534859923247781,50,0,A
2,art,93,pca,ridge,0.03975037581050837,0.0073765436479986506,0.6490380343937099,0.6484185930382284,50,0,A
2,art,93,emotion,ridge,2.7601265178092245,0.5662772797847978,0.6663430933322484,0.6501705137377966,50,0,A
2,art,94,population,ridge,,0.39473938046498763,0.753742577574491,0.7457346116500512,50,0,A
2,art,94,identity,ridge,6.297431285475731,0.3297500631485257,0.7149842383142007,0.7210087204530127,50,0,A
2,art,94,pca,ridge,0.039725517516044834,0.009890066822633424,0.7559823810995833,0.7593484289479077,50,0,A
2,art,94,emotion,ridge,2.723125675061535,0.5707475841756167,0.6806568147231145,0.6975611393366904,50,0,A
2,art,102,population,ridge,,0.21283713633735468,0.32138824268343735,0.3028099259766083,50,0,A
2,art,102,identity,ridge,6.316530643444275,0.12472441488589528,0.3026728630894219,0.40507960136955384,50,0,A
2,art,102,pca,ridge,0.03973607395716678,0.003997653614103114,0.3490393472825529,0.3437457543415829,50,0,A
2,art,102,emotion,ridge,2.7225220749458554,0.24572365436882837,0.351868993534168,0.31425759412744153,50,0,A
2,art,112,population,ridge,,0.4286045118230818,0.47736565719845164,0.462620582956909,50,0,A
2,art,112,identity,ridge,6.288736430359337,0.14219286731909664,0.4760017553207418,0.5098167058284225,50,0,A
2,art,112,pca,ridge,0.039752041030570624,0.0026245362835272744,0.5093648935601061,0.5266951749919899,50,0,A
2,art,112,emotion,ridge,2.745159263637178,0.23216210765592302,0.5351216559430115,0.5166239084683801,50,0,A
2,art,113,population,ridge,,0.36031101288834716,0.5034915904606199,0.4767124369644284,50,0,A
2,art,113,identity,ridge,6.3928901828486895,0.09195022558523624,0.4242031292461769,0.4133419048950779,50,0,A
2,art,113,pca,ridge,0.039713211429188,0.003516146548267093,0.4712929802783865,0.4857689275419513,50,0,A
2,art,113,emotion,ridge,2.7835073608494274,0.23049978082301806,0.4236114243117408,0.4278927996638891,50,0,A
2,art,120,population,ridge,,0.4755775396685683,0.615321494599863,0.6439328053315337,50,0,A
2,art,120,identity,ridge,6.348254747004249,0.1435072528162294,0.4781961186387023,0.48705596190497935,50,0,A
2,art,120,pca,ridge,0.03975511989641859,0.005831459394188255,0.6543579124479201,0.6246198597417948,50,0,A
2,art,120,emotion,ridge,2.842678431814347,0.5588843901356652,0.7240658014623084,0.6596800198315258,50,0,A
2,art,121,population,ridge,,0.28212188448370346,0.44966724479325304,0.4375892027648672,50,0,A
2,art,121,identity,ridge,6.346758247581428,0.1794945128162453,0.47888291324027227,0.47396236109965767,50,0,A
2,art,121,pca,ridge,0.03973269125997254,0.005759430750757215,0.43156623282064327,0.46876274456276473,50,0,A
2,art,121,emotion,ridge,2.812243746146285,0.34329252869059745,0.38689589918063555,0.40429845473898846,50,0,A
2,art,131,population,ridge,,0.24250981475157246,0.37987639293136616,0.37517392837374386,50,0,A
2,art,131,identity,ridge,6.404060013386221,0.08056610909248413,0.32877875586308974,0.374436890891215,50,0,A
2,art,131,pca,ridge,0.03973047325415502,0.0034725602627653993,0.3838936568235988,0.42087819281051747,50,0,A
2,art,131,emotion,ridge,2.6330048949215588,0.27639320128721795,0.403294101961698,0.41811852122344945,50,0,A
2,art,138,population,ridge,,0.41214660330663255,0.512706900942195,0.48591085784502647,50,0,A
2,art,138,identity,ridge,6.3091913440189,0.14698105998376493,0.5101094983447924,0.45592989729614036,50,0,A
2,art,138,pca,ridge,0.0397330273975296,0.005188471904343988,0.5307868601986249,0.47217998632142594,50,0,A
2,art,138,emotion,ridge,2.7382052543973643,0.42802525126479846,0.507563025210084,0.5175108036475468,50,0,A
2,art,139,population,ridge,,0.033790780749747555,0.07282598523637435,0.046365389949644266,50,0,A
2,art,139,identity,ridge,6.363498589499115,0.13338289421417596,0.3922163983037498,0.42825300601203,50,0,A
2,art,139,pca,ridge,0.03972857313001123,0.0030842171748833667,0.4493835539500505,0.4559741964684116,50,0,A
2,art,139,emotion,ridge,2.6669414004985423,0.24526581188692498,0.3773529378357116,0.406106546525326,50,0,A
2,fashion,7,population,ridge,,0.28148786843834206,0.4093817052117759,0.4675004755378778,50,0,A
2,fashion,7,identity,ridge,44.421775859497764,0.0988068500723756,0.134141219177684,0.10537146611327156,50,0,A
2,fashion,7,pca,ridge,7.975636256540923,0.38596971978878325,0.46345567574357294,0.4588211917395071,50,0,A
2,fashion,7,emotion,ridge,4.261206290074904,0.3601603703096355,0.4068966881836602,0.4493018859482297,50,0,A
2,fashion,8,population,ridge,,0.28512452969706886,0.4376531715224509,0.41267518192148156,50,0,A
2,fashion,8,identity,ridge,44.42637226188181,0.1231371994758301,0.23264021405109242,0.15086342326644417,50,0,A
2,fashion,8,pca,ridge,7.976059371757936,0.15658111297282773,0.30365359014374177,0.22187293215954595,50,0,A
2,fashion,8,emotion,ridge,4.529195997325121,0.1521786159531637,0.3863383740962786,0.38890919908006627,50,0,A
2,fashion,40,population,ridge,,0.2435656050642601,0.14691346164897584,0.33888638338225185,50,0,A
2,fashion,40,identity,ridge,44.1394353460476,-0.0035374609566777215,-0.005982224430905022,-0.0040775497751472595,50,0,A
2,fashion,40,pca,ridge,7.9747077413928364,0.21294801465525248,0.22757378772567857,0.2534467140669985,50,0,A
2,fashion,40,emotion,ridge,4.419737337123747,0.1399083536425133,0.11002307765839488,0.23121133851987544,50,0,A
2,fashion,41,population,ridge,,0.23408818399798403,0.4325479049939111,0.44541837486876557,50,0,A
2,fashion,41,identity,ridge,44.35014629358404,0.1624654525677935,0.2274336494599575,0.22175819631526375,50,0,A
2,fashion,41,pca,ridge,7.9747166088441706,0.31094641790107175,0.3577438227309938,0.3567229425496641,50,0,A
2,fashion,41,emotion,ridge,4.313743941651055,0.2404428640761805,0.39385445788201773,0.44344069811826203,50,0,A
2,fashion,45,population,ridge,,0.18612671675428105,0.35286046389492776,0.34651709556253024,50,0,A
2,fashion,45,identity,ridge,44.503051160101144,0.0224361046620738,0.01580933819978679,0.027711131611278424,50,0,A
2,fashion,45,pca,ridge,7.974747711831304,0.148847600512366,0.21439246724851932,0.19822948539269647,50,0,A
2,fashion,45,emotion,ridge,4.416014808803975,0.05460205900444697,0.18004804288346524,0.14390791801105474,50,0,A
2,fashion,46,population,ridge,,0.07428634505819591,0.1934626128504326,0.16354734778285565,50,0,A
2,fashion,46,identity,ridge,44.452106673838415,-0.06539780184739515,-0.028976332691921295,-0.07245083452856702,50,0,A
2,fashion,46,pca,ridge,7.973919041073916,0.06934171193356783,0.12477046751783592,0.09933097917586944,50,0,A
2,fashion,46,emotion,ridge,4.145060789234171,0.10125166235049403,0.1862691876017388,0.17285916228379156,50,0,A
2,fashion,52,population,ridge,,0.2552678061632994,0.45299432961235203,0.5068356000553798,50,0,A
2,fashion,52,identity,ridge,44.27307489399274,0.13696399200648016,0.1638392936681986,0.15497196282058362,50,0,A
2,fashion,52,pca,ridge,7.975285894939923,0.40582936352786964,0.4592372766759172,0.47657422592232696,50,0,A
2,fashion,52,emotion,ridge,4.202366369966024,0.38368311425768553,0.5284680067141523,0.5320527212365681,50,0,A
2,fashion,58,population,ridge,,0.22343615093413216,0.3396397559457988,0.3665366947966974,50,0,A
2,fashion,58,identity,ridge,44.29522436224845,0.2834145240358667,0.44026646433153777,0.33181774482654874,50,0,A
2,fashion,58,pca,ridge,7.976851525560932,0.25765285586950926,0.2921817584488065,0.3120769941468585,50,0,A
2,fashion,58,emotion,ridge,4.613691745254979,0.28339323601634386,0.44243259699737564,0.4236701839005791,50,0,A
2,fashion,65,population,ridge,,0.18670493529710364,0.1874836560823604,0.3329536695695522,50,0,A
2,fashion,65,identity,ridge,44.39598175083231,-0.10137131762182292,-0.18485977602628298,-0.1148531583984632,50,0,A
2,fashion,65,pca,ridge,7.974580978603658,0.07158957740153205,0.15030377075945237,0.18174111284363104,50,0,A
2,fashion,65,emotion,ridge,4.145013536913153,-0.00477940495153983,-0.03737791400638555,-0.0321537074509458,50,0,A
2,fashion,66,population,ridge,,0.1888929843396896,0.29807691107810075,0.26886178433240365,50,0,A
2,fashion,66,identity,ridge,44.38413556882948,0.41822120175072536,0.4398761426876128,0.48387816166830583,50,0,A
2,fashion,66,pca,ridge,7.970460695326348,0.06621438273896314,0.20145441711821568,0.07890276859718993,50,0,A
2,fashion,66,emotion,ridge,4.354319914901403,0.04533881065730154,0.12438529088553696,0.12048784486170068,50,0,A
2,fashion,74,population,ridge,,-0.0709254489933888,-0.10320949280990688,-0.08703617154045705,50,0,A
2,fashion,74,identity,ridge,44.22860496153247,0.15856431056698952,0.19787265645386923,0.16215904674188691,50,0,A
2,fashion,74,pca,ridge,7.979105435959925,0.19065200117306275,0.19209131613573024,0.2167962641412892,50,0,A
2,fashion,74,emotion,ridge,4.351756917422107,0.03675822077687205,0.0275493434290448,0.052659997771112625,50,0,A
2,fashion,83,population,ridge,,0.4142264102952132,0.48360854695767336,0.4904025893852759,50,0,A
2,fashion,83,identity,ridge,44.50126541525282,0.36540238524167473,0.4653137232569327,0.45391608040070164,50,0,A
2,fashion,83,pca,ridge,7.976310024372007,0.3400157300251605,0.4080719359355678,0.40844838337603084,50,0,A
2,fashion,83,emotion,ridge,4.590578693533479,0.38061622537258455,0.4683372375380075,0.4753081241556805,50,0,A
2,fashion,87,population,ridge,,0.1748628010888161,0.3214143598826549,0.3436559092625109,50,0,A
2,fashion,87,identity,ridge,44.3284137897442,0.14117186763845774,0.12957337381359807,0.17386960485208552,50,0,A
2,fashion,87,pca,ridge,7.977969244531299,0.25429615676154455,0.43088405055643086,0.3919177112751578,50,0,A
2,fashion,87,emotion,ridge,4.416169839287397,0.09841215975289866,0.2899626122940767,0.2496902333455832,50,0,A
2,fashion,93,population,ridge,,0.3441622218703625,0.5430718770364577,0.5545879309206434,50,0,A
2,fashion,93,identity,ridge,44.45733584833228,0.12598619727777796,0.23130930891734253,0.17873564089722585,50,0,A
2,fashion,93,pca,ridge,7.980366540881489,0.40389902075238654,0.4903935583960355,0.5023396686999702,50,0,A
2,fashion,93,emotion,ridge,4.447789041393798,0.3476837564295603,0.47573868779682027,0.4810491717028172,50,0,A
2,fashion,94,population,ridge,,0.25535997069394273,0.43097616625832985,0.47235859566675237,50,0,A
2,fashion,94,identity,ridge,44.37320362476278,0.19341568914340657,0.1355951601374066,0.2300138362491732,50,0,A
2,fashion,94,pca,ridge,7.974763047293744,0.30768378204562924,0.3943963234910338,0.4008147117694872,50,0,A
2,fashion,94,emotion,ridge,4.296351527986491,0.29922684019647966,0.4176565983430628,0.45868471201943306,50,0,A
2,fashion,102,population,ridge,,0.17733087870105405,0.2591348023575039,0.3413980992670326,50,0,A
2,fashion,102,identity,ridge,44.36242851368219,0.28911868061899776,0.32133306449690474,0.34155292447833807,50,0,A
2,fashion,102,pca,ridge,7.977148671158603,0.2485535232109989,0.23111357420444048,0.29875274137541613,50,0,A
2,fashion,102,emotion,ridge,4.434430975231901,0.3094175792913259,0.34630101295666427,0.38827433559057395,50,0,A
2,fashion,112,population,ridge,,0.21533169263317403,0.3414583979564919,0.33910586661473874,50,0,A
2,fashion,112,identity,ridge,44.48370928252584,0.4533131478215505,0.4537137486588904,0.49691495930636104,50,0,A
2,fashion,112,pca,ridge,7.97616728404631,0.413074807534127,0.49094313001264867,0.49223570344326323,50,0,A
2,fashion,112,emotion,ridge,4.3432224658245655,0.4963247792915873,0.5171377639845451,0.5564228720838142,50,0,A
2,fashion,113,population,ridge,,0.24106312252725057,0.38688130614471444,0.4022433656200478,50,0,A
2,fashion,113,identity,ridge,44.17495750200292,0.10815975873803464,0.12164190195744869,0.1186264255109878,50,0,A
2,fashion,113,pca,ridge,7.976780136890667,0.28001955470647955,0.24815735644172354,0.32649533149244037,50,0,A
2,fashion,113,emotion,ridge,4.299472609587317,0.3355659804945747,0.40273265880772474,0.4184651248113016,50,0,A
2,fashion,120,population,ridge,,0.21234349580927026,0.20982379718618338,0.28558836148380984,50,0,A
2,fashion,120,identity,ridge,44.565192176411514,0.27605900164990566,0.2197062484253481,0.2990122663238786,50,0,A
2,fashion,120,pca,ridge,7.975252917173676,0.3130065344574235,0.29958090586354563,0.3732015129793174,50,0,A
2,fashion,120,emotion,ridge,4.070933223137388,0.2750442118532811,0.2956075491797577,0.333639988344361,50,0,A
2,fashion,121,population,ridge,,0.2681133081254471,0.4000681908472818,0.42838121821116965,50,0,A
2,fashion,121,identity,ridge,44.27760168339064,0.36311627277957764,0.3102101661101891,0.3758289368065967,50,0,A
2,fashion,121,pca,ridge,7.968268187925585,0.40197216209513065,0.41196038047124134,0.4497815023318506,50,0,A
2,fashion,121,emotion,ridge,4.0746674619105105,0.4213393231564766,0.407587467694718,0.4860869539139002,50,0,A
2,fashion,131,population,ridge,,0.11602217184951993,0.22505304874392293,0.19354714298004266,50,0,A
2,fashion,131,identity,ridge,44.37019674741623,0.0666168453623629,0.06357097687723996,0.08020544284972882,50,0,A
2,fashion,131,pca,ridge,7.973279425498873,0.10440652783182296,0.11323887303094135,0.12184572594359133,50,0,A
2,fashion,131,emotion,ridge,4.102958879715863,0.16569732604003082,0.1890917233388691,0.19064214062645746,50,0,A
2,fashion,138,population,ridge,,0.34026434786258675,0.4708558856036074,0.46322147618062254,50,0,A
2,fashion,138,identity,ridge,44.47107210753057,0.317944713727941,0.370820009810431,0.367248844913947,50,0,A
2,fashion,138,pca,ridge,7.978099922030351,0.4466209374965264,0.4553795974401847,0.47206346881646893,50,0,A
2,fashion,138,emotion,ridge,4.284327255247291,0.5275406260455854,0.6518368211988961,0.6123919026511756,50,0,A
2,fashion,139,population,ridge,,0.3063926514998168,0.4526017962105372,0.4857083867492122,50,0,A
2,fashion,139,identity,ridge,44.492843292983366,0.2263543014862641,0.19618462265628378,0.26326206907312055,50,0,A
2,fashion,139,pca,ridge,7.9764737996125845,0.2904538748428295,0.28150998564518953,0.30990160470459777,50,0,A
2,fashion,139,emotion,ridge,4.130214199184419,0.14677234811597759,0.1649166263398438,0.16524048027111546,50,0,A
2,landscape,7,population,ridge,,0.10369755806069171,0.11193697981882009,0.13111288851494723,50,0,A
2,landscape,7,identity,ridge,6.457173719265323,-0.016605125528454702,-0.1349231320662931,-0.08607738211875685,50,0,A
2,landscape,7,pca,ridge,0.039743908370406734,0.0012215270417788235,0.16993515204588777,0.23713148857223465,50,0,A
2,landscape,7,emotion,ridge,1.5992093000256546,0.06776479284354155,0.16338942657144184,0.19189201027966996,50,0,A
2,landscape,8,population,ridge,,0.39399796894145644,0.5092447399475697,0.5180709764915467,50,0,A
2,landscape,8,identity,ridge,6.288541997036668,0.09343873133312924,0.3496085941465997,0.3227432334234506,50,0,A
2,landscape,8,pca,ridge,0.0397203574629851,0.0052103321867641526,0.5081083637936167,0.506423787938554,50,0,A
2,landscape,8,emotion,ridge,1.5530200337648374,0.2522056733965692,0.4485721348582503,0.4302543977947335,50,0,A
2,landscape,40,population,ridge,,0.1565966603780264,0.17089143147841232,0.22794961428137855,50,0,A
2,landscape,40,identity,ridge,6.471715559725082,0.10974034449592363,0.4084611721517242,0.48277213327776297,50,0,A
2,landscape,40,pca,ridge,0.03972165459705548,0.002188987480068594,0.4040394003287014,0.44523318022863073,50,0,A
2,landscape,40,emotion,ridge,1.5120371692321093,0.14334038761473822,0.39730624778000767,0.4652566039444139,50,0,A
2,landscape,41,population,ridge,,0.3241567940759842,0.5203318189569026,0.5335925630165115,50,0,A
2,landscape,41,identity,ridge,6.379253190248208,0.01484156549309945,0.018846587418350796,0.09296594358343177,50,0,A
2,landscape,41,pca,ridge,0.0397339672183323,0.001868785139126613,0.42053279128045445,0.4276737869649436,50,0,A
2,landscape,41,emotion,ridge,1.6087926580415282,0.1609691241274802,0.49577266488583926,0.5101352651400196,50,0,A
2,landscape,45,population,ridge,,0.4233664563912026,0.5172413377279197,0.5602368881611687,50,0,A
2,landscape,45,identity,ridge,6.456442092326063,0.054672436497492136,0.1089742862728285,0.19355524523104092,50,0,A
2,landscape,45,pca,ridge,0.03973975850793442,0.0026569844236547934,0.35335598088924025,0.34413398563394926,50,0,A
2,landscape,45,emotion,ridge,1.5780936046094494,0.26229904842760765,0.41889017409862095,0.45915219285263714,50,0,A
2,landscape,46,population,ridge,,0.14684327077205642,0.500137081870928,0.4518370397723117,50,0,A
2,landscape,46,identity,ridge,6.408873781151127,0.04534476983804137,0.30379639021885163,0.24423146378430946,50,0,A
2,landscape,46,pca,ridge,0.0397298705114173,0.001435537868071985,0.46187634071457634,0.4054280725738633,50,0,A
2,landscape,46,emotion,ridge,1.5769733233639316,0.08078305465901772,0.34887486982593624,0.299929676002009,50,0,A
2,landscape,52,population,ridge,,0.2962887339703297,0.509300208534364,0.539296729123875,50,0,A
2,landscape,52,identity,ridge,6.460882290739359,0.08962392293055936,0.36835410003375224,0.3194849222234263,50,0,A
2,landscape,52,pca,ridge,0.039732350642203096,0.004855000534511177,0.5022223512072018,0.5456018079270442,50,0,A
2,landscape,52,emotion,ridge,1.5484757012742871,0.33516713904008033,0.44371545862511974,0.48103929828630443,50,0,A
2,landscape,58,population,ridge,,0.39984764009533463,0.4992463199704362,0.5590154200756633,50,0,A
2,landscape,58,identity,ridge,6.435080377415296,0.07701835741042755,0.25855404559900025,0.2710495257018017,50,0,A
2,landscape,58,pca,ridge,0.039720183903668466,0.005316408302866419,0.46445512271674655,0.49331247038272247,50,0,A
2,landscape,58,emotion,ridge,1.6231822578018225,0.33852425754907084,0.46641795471977554,0.5284306712612138,50,0,A
2,landscape,65,population,ridge,,0.2275734070870252,0.3322911714296012,0.3319441987305291,50,0,A
2,landscape,65,identity,ridge,6.431773922143441,0.06266669542625573,0.27012567024088135,0.31784021002279306,50,0,A
2,landscape,65,pca,ridge,0.03973061778916499,0.0020447835270838467,0.23041294354673492,0.2974913851985202,50,0,A
2,landscape,65,emotion,ridge,1.5931998966345735,0.15564709933487722,0.29678215802188374,0.29714268172865516,50,0,A
2,landscape,66,population,ridge,,0.4358300512855874,0.4732949601497368,0.5390144028779406,50,0,A
2,landscape,66,identity,ridge,6.486757024473124,0.06778193265218267,0.22939430887464582,0.237448281435079,50,0,A
2,landscape,66,pca,ridge,0.039736660310768585,0.0030859292164852592,0.4126645783563268,0.4237345394638602,50,0,A
2,landscape,66,emotion,ridge,1.6384653637945374,0.2049206549896853,0.4457124781207213,0.48735600540084073,50,0,A
2,landscape,74,population,ridge,,0.25536576053013116,0.344455584513432,0.3410519191055619,50,0,A
2,landscape,74,identity,ridge,6.43440783572295,0.09093507100604503,0.2935440400647091,0.2886861218847734,50,0,A
2,landscape,74,pca,ridge,0.039744196791710484,0.004472109329346477,0.36320978707312174,0.40441923612678105,50,0,A
2,landscape,74,emotion,ridge,1.5853234769726614,0.23971984377118288,0.2934930775577534,0.3201044978667079,50,0,A
2,landscape,83,population,ridge,,0.353972387245529,0.5308725713003103,0.5793397190169078,50,0,A
2,landscape,83,identity,ridge,6.383327057952326,0.17038781340001136,0.47075116134949424,0.4873098337882443,50,0,A
2,landscape,83,pca,ridge,0.03973330975531984,0.004439657651875288,0.4916606890080174,0.5197906759756006,50,0,A
2,landscape,83,emotion,ridge,1.575861761974264,0.36893986509814247,0.5234681999100103,0.5297884366608787,50,0,A
2,landscape,87,population,ridge,,0.32329942474216833,0.5009071908215613,0.46880899081913924,50,0,A
2,landscape,87,identity,ridge,6.495146476891478,0.13236918629729488,0.5087706473718049,0.4928015356096449,50,0,A
2,landscape,87,pca,ridge,0.03975080115117965,0.005415390872064683,0.5919129268202392,0.5300196934301256,50,0,A
2,landscape,87,emotion,ridge,1.6570353903201385,0.3189564332451108,0.5523452155164662,0.5461231456751735,50,0,A
2,landscape,93,population,ridge,,0.4039590228237631,0.6713156278178252,0.6848774920702744,50,0,A
2,landscape,93,identity,ridge,6.494102129902009,0.218429470153285,0.6489103510125636,0.6333121817809971,50,0,A
2,landscape,93,pca,ridge,0.03973310483862388,0.008565488249993288,0.72380940688148,0.6937767981062225,50,0,A
2,landscape,93,emotion,ridge,1.6457897768303371,0.5163644586064465,0.7304516792087036,0.7167205947946699,50,0,A
2,landscape,94,population,ridge,,0.3782148192710942,0.555863956250288,0.587629906436642,50,0,A
2,landscape,94,identity,ridge,6.369491114537425,0.11304319441775666,0.35191211562381014,0.37087006707833764,50,0,A
2,landscape,94,pca,ridge,0.03974205576686927,0.006588810644883023,0.5446851693897176,0.5694949525892337,50,0,A
2,landscape,94,emotion,ridge,1.623754144213657,0.4187886816562432,0.5254517981099587,0.5572676613030878,50,0,A
2,landscape,102,population,ridge,,0.35639355089245567,0.6612398205012835,0.6392708030517026,50,0,A
2,landscape,102,identity,ridge,6.497822905865847,0.08341823387805862,0.37226155940279443,0.38433469700431977,50,0,A
2,landscape,102,pca,ridge,0.03973639487677611,0.004299821723466591,0.6616833410247976,0.6544969722711134,50,0,A
2,landscape,102,emotion,ridge,1.6141484012197027,0.29034489421559045,0.6521722897983295,0.6209082634480113,50,0,A
2,landscape,112,population,ridge,,0.4384040292431576,0.45427348988996513,0.529261330287115,50,0,A
2,landscape,112,identity,ridge,6.5023167775942605,0.1937979817987065,0.665901502717209,0.680252221506723,50,0,A
2,landscape,112,pca,ridge,0.03974761064857193,0.00489685826127026,0.5068183729426583,0.5794195808778454,50,0,A
2,landscape,112,emotion,ridge,1.7217405587475343,0.3965056691497513,0.530593434095778,0.5894277899111947,50,0,A
2,landscape,113,population,ridge,,0.32448530266377473,0.4032861915835718,0.4256644845671302,50,0,A
2,landscape,113,identity,ridge,6.378167990297755,0.08776749306621925,0.31792344497313746,0.3219493150190747,50,0,A
2,landscape,113,pca,ridge,0.03974640007036395,0.003888171660435907,0.4329469810418501,0.4762572267159335,50,0,A
2,landscape,113,emotion,ridge,1.659597507412394,0.25231220235944024,0.40016929506422744,0.42187554918949033,50,0,A
2,landscape,120,population,ridge,,0.35058956871461544,0.5843347215749023,0.5647205900433343,50,0,A
2,landscape,120,identity,ridge,6.423003054258241,0.18856029776569408,0.5165705252698674,0.4555480921124267,50,0,A
2,landscape,120,pca,ridge,0.039715922229532144,0.008618264155802498,0.5950026992637216,0.5577981475551517,50,0,A
2,landscape,120,emotion,ridge,1.5975120209686007,0.4783121790240692,0.616488907848245,0.5957391220785838,50,0,A
2,landscape,121,population,ridge,,0.49419855036222704,0.7094280925460339,0.6728638597613082,50,0,A
2,landscape,121,identity,ridge,6.405512299562052,0.2591267678473063,0.7006288311375473,0.6920496138073968,50,0,A
2,landscape,121,pca,ridge,0.03972892157885882,0.007087829610411217,0.7468991046113879,0.7283496308057181,50,0,A
2,landscape,121,emotion,ridge,1.615381078520228,0.48850263723203236,0.7409175842157312,0.6909901075484373,50,0,A
2,landscape,131,population,ridge,,0.2463168514447974,0.428700120381077,0.4034178297942385,50,0,A
2,landscape,131,identity,ridge,6.399636675193101,0.01379708250902138,0.03425118588793012,0.0477584748728283,50,0,A
2,landscape,131,pca,ridge,0.039744512882010884,6.657026818342778e-05,0.06494570524695711,0.016303962706127682,50,0,A
2,landscape,131,emotion,ridge,1.59025183879251,0.022180179121926838,0.06499442670625716,0.07959150464701102,50,0,A
2,landscape,138,population,ridge,,0.5770136449015575,0.7273741461703817,0.7742843983688685,50,0,A
2,landscape,138,identity,ridge,6.400820125470462,0.17069954589649047,0.7350076082983786,0.7323949474964216,50,0,A
2,landscape,138,pca,ridge,0.039736763645586114,0.006284796350598088,0.7335607429277127,0.7723211911601543,50,0,A
2,landscape,138,emotion,ridge,1.5538678908188988,0.48656707028551194,0.7727258917543639,0.801286381811522,50,0,A
2,landscape,139,population,ridge,,0.29925109229271774,0.5294924884761475,0.4397985368076957,50,0,A
2,landscape,139,identity,ridge,6.467927930681269,0.14458203805542003,0.525133921007189,0.5129785981651052,50,0,A
2,landscape,139,pca,ridge,0.0397334083006442,0.004788768611789822,0.5062794437538302,0.4780743579889623,50,0,A
2,landscape,139,emotion,ridge,1.6471242771018402,0.28597701356111416,0.5691113770422964,0.4875256999548508,50,0,A
3,art,0,population,ridge,,0.2903495496223564,0.281839645833983,0.4047138118683465,50,0,A
3,art,0,identity,ridge,2.318627396511458,0.04412105188388876,0.3503694921262376,0.37392777291748003,50,0,A
3,art,0,pca,ridge,0.37491770138329883,0.03372269248953165,0.3163301610125281,0.39999211176539157,50,0,A
3,art,0,emotion,ridge,3.6518689416819,0.34628050930810295,0.3718759325500687,0.4421521433983417,50,0,A
3,art,9,population,ridge,,0.453927372496102,0.5587232544837458,0.5290084336947036,50,0,A
3,art,9,identity,ridge,2.3527009127065734,0.06917549868354803,0.5125603562106199,0.49316209745516254,50,0,A
3,art,9,pca,ridge,0.3751345239682657,0.05313793196470539,0.5667890795666326,0.5001337114777448,50,0,A
3,art,9,emotion,ridge,3.7770643611926182,0.45177786720777724,0.5182926721500299,0.48541791071097395,50,0,A
3,art,10,population,ridge,,0.22099315313353468,0.5971562628104327,0.5660033388731842,50,0,A
3,art,10,identity,ridge,2.348612536211171,0.09960341795237022,0.48305346616514405,0.48056349630843687,50,0,A
3,art,10,pca,ridge,0.3769629076549418,0.06645231047537349,0.576999931439774,0.5305779382383639,50,0,A
3,art,10,emotion,ridge,3.9554776179769044,0.5388748538673916,0.567470576757111,0.5569970661004483,50,0,A
3,art,11,population,ridge,,0.38229033371545557,0.5637936298159851,0.6039239934351207,50,0,A
3,art,11,identity,ridge,2.3230299788651982,0.06714237368841006,0.3291671498436045,0.3811039949106849,50,0,A
3,art,11,pca,ridge,0.37409573109062,0.04019133625265985,0.4852726250689258,0.5382681629040356,50,0,A
3,art,11,emotion,ridge,3.641736232786209,0.47716506776224155,0.6211193853218419,0.6118839246508521,50,0,A
3,art,24,population,ridge,,0.45066231352644415,0.6613718165812502,0.656944873654631,50,0,A
3,art,24,identity,ridge,2.3428849469141313,0.0574154415475267,0.6395345361298208,0.6048169756935997,50,0,A
3,art,24,pca,ridge,0.37388554239513494,0.04909012083435951,0.690752884824992,0.6617469733807511,50,0,A
3,art,24,emotion,ridge,3.735988704328947,0.43413361226662633,0.6093593849605726,0.634948299282635,50,0,A
3,art,28,population,ridge,,0.4527266760084204,0.6014022437347304,0.6143024753206183,50,0,A
3,art,28,identity,ridge,2.3367052706549596,0.067160197019706,0.4927404769738507,0.5221238468802097,50,0,A
3,art,28,pca,ridge,0.3742632874820106,0.05034398575220201,0.6939603968620724,0.6802467324514225,50,0,A
3,art,28,emotion,ridge,3.5777509203137234,0.33718953853999445,0.5479743667262647,0.5237206305937062,50,0,A
3,art,31,population,ridge,,0.2783189040516965,0.5493679392404611,0.5730625889003056,50,0,A
3,art,31,identity,ridge,2.329481170578734,0.08914920431203528,0.38488918781276027,0.44802121214475243,50,0,A
3,art,31,pca,ridge,0.37592011193102626,0.05268489939145303,0.4733404453515209,0.5538498749647768,50,0,A
3,art,31,emotion,ridge,3.886999372039565,0.6113618661332887,0.6169809318526307,0.6747137303298837,50,0,A
3,art,32,population,ridge,,0.1936411055039827,0.40510256632422686,0.4005521627800439,50,0,A
3,art,32,identity,ridge,2.330036214067816,0.04898670592847897,0.38139765946267534,0.38491228311129505,50,0,A
3,art,32,pca,ridge,0.3750000073743597,0.033354377215498276,0.43344003294666356,0.4561682183924324,50,0,A
3,art,32,emotion,ridge,3.595379444387225,0.27945178081205696,0.4129877744278614,0.41679804518236924,50,0,A
3,art,36,population,ridge,,0.3211460461564053,0.43630976274191496,0.4830400316727072,50,0,A
3,art,36,identity,ridge,2.3434591893792125,0.056121670413497186,0.5336151845556002,0.46190874412392086,50,0,A
3,art,36,pca,ridge,0.37623384964465634,0.04590662512662847,0.5572585642305946,0.5666639305369364,50,0,A
3,art,36,emotion,ridge,3.898851459767771,0.43868503669906267,0.5037629341676344,0.5422942272126846,50,0,A
3,art,42,population,ridge,,0.2494748144825125,0.37356853348897906,0.41049606599974464,50,0,A
3,art,42,identity,ridge,2.342164487433154,0.027147613317280394,0.32994780371996285,0.29388870977680465,50,0,A
3,art,42,pca,ridge,0.3752723330964265,0.014660744790328271,0.3435824262890556,0.4045352435514947,50,0,A
3,art,42,emotion,ridge,3.578457841150823,0.23536424508059717,0.4163339548311517,0.450417555621112,50,0,A
3,art,47,population,ridge,,0.3659088506876333,0.4964061082301791,0.5202853358277815,50,0,A
3,art,47,identity,ridge,2.340644541171708,0.06587400438252848,0.35427948870307446,0.39556042603001323,50,0,A
3,art,47,pca,ridge,0.37459286399092895,0.04799021860589109,0.4229723753473422,0.4811363348340784,50,0,A
3,art,47,emotion,ridge,3.7851054418515773,0.38210910728820124,0.45151622040872735,0.4704249183748387,50,0,A
3,art,54,population,ridge,,0.132849667083781,0.19169743295419994,0.23415793052445977,50,0,A
3,art,54,identity,ridge,2.339287213882107,0.038325616805260275,0.11136558485572956,0.16572646623219764,50,0,A
3,art,54,pca,ridge,0.3735670306652893,0.027054414528541706,0.1617626986790696,0.26070969494301616,50,0,A
3,art,54,emotion,ridge,3.66666732987299,0.20748905340497875,0.2263945113185555,0.26051628534428634,50,0,A
3,art,55,population,ridge,,0.17255000762355016,0.2756728358932233,0.2671896015248461,50,0,A
3,art,55,identity,ridge,2.328118528202317,0.03115172782196004,0.27709130861162345,0.29422197744962075,50,0,A
3,art,55,pca,ridge,0.37531174061408684,0.020527546295329976,0.3028194689522614,0.2768824324703557,50,0,A
3,art,55,emotion,ridge,3.910995402696267,0.2146211378214002,0.30727053851689645,0.29162339928877845,50,0,A
3,art,59,population,ridge,,0.32435168156438576,0.5366573168876587,0.5887167295969997,50,0,A
3,art,59,identity,ridge,2.3305702926751795,0.12078095280992537,0.5889386965515223,0.6394227887109837,50,0,A
3,art,59,pca,ridge,0.3738395283704745,0.05068981081190776,0.5219792581839073,0.5795125123272186,50,0,A
3,art,59,emotion,ridge,3.739034148869826,0.41560131180998877,0.5018521542757534,0.5250478140358422,50,0,A
3,art,60,population,ridge,,0.42767356023951114,0.6500762123245746,0.6461800394577378,50,0,A
3,art,60,identity,ridge,2.3366060034125145,0.1470832717179913,0.592840219808059,0.6126850255793539,50,0,A
3,art,60,pca,ridge,0.37653680070085715,0.08344769448837067,0.6526486164826204,0.6503850520630357,50,0,A
3,art,60,emotion,ridge,3.784801544917104,0.6268659698603738,0.6986056061523204,0.7017855023926799,50,0,A
3,art,67,population,ridge,,0.3419595500281331,0.40716559563005117,0.38199407899546217,50,0,A
3,art,67,identity,ridge,2.3529026200846337,0.13089010813481963,0.5383319815679727,0.511096442212855,50,0,A
3,art,67,pca,ridge,0.3762275715379291,0.06072444692340844,0.5572346024556333,0.49378468838791223,50,0,A
3,art,67,emotion,ridge,3.9745403374531967,0.3379535709024231,0.43549334604618506,0.4349110841558764,50,0,A
3,art,68,population,ridge,,0.41223604083424686,0.6346324972941674,0.6474707239410592,50,0,A
3,art,68,identity,ridge,2.3404811510170425,0.15389163993798327,0.6032323187584472,0.627619536031393,50,0,A
3,art,68,pca,ridge,0.3722474800894246,0.0832372493243483,0.6390683955317532,0.6577122400681044,50,0,A
3,art,68,emotion,ridge,3.6950410876407394,0.6051153787789487,0.7089462531620385,0.6953758500401434,50,0,A
3,art,75,population,ridge,,0.3410635376564917,0.46653105748894,0.47999630453404973,50,0,A
3,art,75,identity,ridge,2.338620691199767,0.08346882223288257,0.48625245535639916,0.5128839261717103,50,0,A
3,art,75,pca,ridge,0.37541702822112544,0.044432359700671976,0.47602654535105,0.4928534817987731,50,0,A
3,art,75,emotion,ridge,3.9331697956665486,0.3351854890810671,0.37637609580912695,0.43270879485033215,50,0,A
3,art,76,population,ridge,,0.31809336219255513,0.5378162816000815,0.5146513907633475,50,0,A
3,art,76,identity,ridge,2.340603769649925,0.07796407074820914,0.44301095941447094,0.5584225244191706,50,0,A
3,art,76,pca,ridge,0.37391336468531483,0.05036277202875993,0.5690273072964263,0.6354271885400824,50,0,A
3,art,76,emotion,ridge,3.7833603218393277,0.4197905827870224,0.5118315152926396,0.5422758429865464,50,0,A
3,art,82,population,ridge,,0.38049946399118745,0.6740173090642664,0.6907041024785353,50,0,A
3,art,82,identity,ridge,2.3292948487385616,0.20800034227165798,0.7027259057850045,0.7168799958176202,50,0,A
3,art,82,pca,ridge,0.37391613003427837,0.10636488628998225,0.7224020358504082,0.7122397736772645,50,0,A
3,art,82,emotion,ridge,3.5857215051399702,0.6247258240708052,0.6435510431565444,0.6526927941034124,50,0,A
3,art,84,population,ridge,,0.20115256106466717,0.26442395314190814,0.29156516887258704,50,0,A
3,art,84,identity,ridge,2.3375888442389408,0.0750503100913037,0.3259757196284048,0.3283634258880867,50,0,A
3,art,84,pca,ridge,0.3749981330536423,0.034382330869378794,0.256558723294087,0.25110644913404573,50,0,A
3,art,84,emotion,ridge,3.6683369221998507,0.26415821420170016,0.2867510572260455,0.2757162977664058,50,0,A
3,art,88,population,ridge,,0.3390845892716777,0.5507847286927745,0.5702320609291652,50,0,A
3,art,88,identity,ridge,2.336695811941062,0.089060353767798,0.429197711100678,0.4851293125104544,50,0,A
3,art,88,pca,ridge,0.3752274858624471,0.06173980124692179,0.5367573638421574,0.5405156609570326,50,0,A
3,art,88,emotion,ridge,3.757596842949465,0.5016763552759138,0.5756176254777887,0.5795740325209586,50,0,A
3,art,95,population,ridge,,0.2952723328489721,0.45041777771373426,0.52639602599933,50,0,A
3,art,95,identity,ridge,2.3453949528512115,0.0923618106792333,0.5413895934429762,0.6106689215785749,50,0,A
3,art,95,pca,ridge,0.3755184276674015,0.05400368341322081,0.5180353368542294,0.6095847244236239,50,0,A
3,art,95,emotion,ridge,3.952762947514855,0.4064870584893849,0.45071719125974385,0.5305394698115761,50,0,A
3,art,96,population,ridge,,0.42660627225142184,0.6240917164695409,0.6732880855828697,50,0,A
3,art,96,identity,ridge,2.3297334869442805,0.09575576502457948,0.6948057306427433,0.7756120251565276,50,0,A
3,art,96,pca,ridge,0.3758634043142285,0.05871106793895854,0.6486131154079898,0.7288517470742479,50,0,A
3,art,96,emotion,ridge,3.7380776799646154,0.5306598104987728,0.5234016434737859,0.6208888809668404,50,0,A
3,art,107,population,ridge,,0.36284397957891695,0.4928234522602913,0.5083025919603172,50,0,A
3,art,107,identity,ridge,2.339953352486344,0.10788203031124388,0.5096079833399767,0.5811768907561652,50,0,A
3,art,107,pca,ridge,0.3755966818702783,0.06137993509692993,0.5878041516641579,0.6430896149668375,50,0,A
3,art,107,emotion,ridge,3.8136630141824157,0.37842164639176107,0.4421242951460652,0.49018362463126053,50,0,A
3,art,122,population,ridge,,0.28573540954467935,0.5248936326490204,0.5872226704608857,50,0,A
3,art,122,identity,ridge,2.3494633211239293,0.06057168444465066,0.4908568321038936,0.5368596897467509,50,0,A
3,art,122,pca,ridge,0.3760097299755569,0.053476573111404115,0.5201294628757487,0.575132591631202,50,0,A
3,art,122,emotion,ridge,3.9135314392588545,0.5284412718769343,0.617426579585556,0.6706932587470454,50,0,A
3,art,123,population,ridge,,0.34843008566914613,0.4745778560746298,0.5169674150095697,50,0,A
3,art,123,identity,ridge,2.3208854581127984,0.11403127635141046,0.46167392645326527,0.46571152089708534,50,0,A
3,art,123,pca,ridge,0.37587899037007083,0.06353039154628073,0.5319286543918056,0.546076137228755,50,0,A
3,art,123,emotion,ridge,3.9289339398754417,0.46728846470185315,0.48486144749702,0.5407160599681029,50,0,A
3,art,132,population,ridge,,0.32073801941224817,0.539735362426344,0.6136817104575821,50,0,A
3,art,132,identity,ridge,2.334591686832152,0.08635433084979348,0.4967169243864933,0.5668912760259611,50,0,A
3,art,132,pca,ridge,0.375275074058945,0.05211430761664343,0.4471640400621082,0.5421292893402602,50,0,A
3,art,132,emotion,ridge,3.8444552432658106,0.5401675111088989,0.5953771626067724,0.6538266738083542,50,0,A
3,art,140,population,ridge,,0.3559228045926536,0.4884747663377963,0.5150217078518696,50,0,A
3,art,140,identity,ridge,2.3404972498114156,0.07726820690819718,0.411318737993067,0.4476842387235509,50,0,A
3,art,140,pca,ridge,0.3752281331342342,0.03734453815217235,0.42703479723578713,0.4419483942501079,50,0,A
3,art,140,emotion,ridge,3.862696719151549,0.45497246153774723,0.5852267560507924,0.5662629396251404,50,0,A
3,art,141,population,ridge,,0.35281550253748356,0.5153465049484464,0.4987536379776559,50,0,A
3,art,141,identity,ridge,2.3361030818975648,0.05289068107875093,0.4805251171153023,0.47651828458647205,50,0,A
3,art,141,pca,ridge,0.3747415028579706,0.03599073710524133,0.5038062755512949,0.4873756037165649,50,0,A
3,art,141,emotion,ridge,3.7254097705345686,0.4257324004853313,0.5226720418701164,0.5079936155377496,50,0,A
3,fashion,0,population,ridge,,0.20120776337553256,0.2438304121821438,0.30209281445967273,50,0,A
3,fashion,0,identity,ridge,0.7891976638709226,0.010647065620545973,0.22700239650826287,0.2509891954676094,50,0,A
3,fashion,0,pca,ridge,0.012622533701861803,0.0005686267808772344,0.2748241007516499,0.2709852380605974,50,0,A
3,fashion,0,emotion,ridge,0.11895071315346746,0.0028221842930483934,0.36413816602974053,0.36414186603235,50,0,A
3,fashion,9,population,ridge,,0.22333140773398452,0.30992910053404954,0.3171750934354809,50,0,A
3,fashion,9,identity,ridge,0.7886058369109921,0.0027439618275090063,0.08124850864222655,0.1063837734675529,50,0,A
3,fashion,9,pca,ridge,0.012623698939895248,0.00039462533901652716,0.18762226320021386,0.20134379151818874,50,0,A
3,fashion,9,emotion,ridge,0.11884011754126647,0.009128587517079541,0.19574200730713656,0.20278595549070755,50,0,A
3,fashion,10,population,ridge,,0.18686378357265973,0.5236282755365621,0.535152733245046,50,0,A
3,fashion,10,identity,ridge,0.7889787392748911,0.02006777290274756,0.41594803966373267,0.4313252792037869,50,0,A
3,fashion,10,pca,ridge,0.012624013393562682,0.0013799181931187648,0.3916537293824881,0.4261099652588264,50,0,A
3,fashion,10,emotion,ridge,0.11866777260070346,0.03981385409663217,0.48976347938694853,0.4983880095462315,50,0,A
3,fashion,11,population,ridge,,0.3797094454231944,0.6017404603154848,0.5945277065303997,50,0,A
3,fashion,11,identity,ridge,0.7888717811360683,0.017200593571224228,0.3865306922417292,0.3862824527301032,50,0,A
3,fashion,11,pca,ridge,0.01262385187545691,0.0023745318808402727,0.5509270428536258,0.5675172700410865,50,0,A
3,fashion,11,emotion,ridge,0.1193538797626334,0.06069356947857628,0.5470413109300719,0.5300750644908229,50,0,A
3,fashion,24,population,ridge,,0.2597456590207821,0.40583383191533123,0.46520399723092354,50,0,A
3,fashion,24,identity,ridge,0.7866653650324221,0.00948260071497127,0.2659909248526945,0.31067292221111137,50,0,A
3,fashion,24,pca,ridge,0.01262349930289581,0.0005047064328841541,0.40118273744539873,0.42465731056574596,50,0,A
3,fashion,24,emotion,ridge,0.1178558341374243,0.009560537128318681,0.396738358285241,0.4121206579165335,50,0,A
3,fashion,28,population,ridge,,0.2835681242980237,0.44701075745400315,0.4224330883379936,50,0,A
3,fashion,28,identity,ridge,0.7880644638805707,0.016083527966325246,0.40874919415279776,0.4152683105378347,50,0,A
3,fashion,28,pca,ridge,0.01262313803747768,0.0014396272893921784,0.443052664698706,0.4515041593310604,50,0,A
3,fashion,28,emotion,ridge,0.11945844021237759,0.028944481418882374,0.4773053904657002,0.43882547960861085,50,0,A
3,fashion,31,population,ridge,,0.0429932963618929,0.23412078751063237,0.1270727934703038,50,0,A
3,fashion,31,identity,ridge,0.7903617863620341,0.0016209112782581585,0.05112363567477519,0.0818359782432848,50,0,A
3,fashion,31,pca,ridge,0.012623730066085546,3.181687182509929e-05,0.06160300160811034,0.04378785268763807,50,0,A
3,fashion,31,emotion,ridge,0.1195933314775419,-0.002603641827656765,-0.3183964359745098,-0.2428574786088968,50,0,A
3,fashion,32,population,ridge,,0.1000336440468064,0.24446469028855589,0.2407920614494533,50,0,A
3,fashion,32,identity,ridge,0.7886305974836302,0.0052257852585283395,0.24641494709181522,0.23688279259523246,50,0,A
3,fashion,32,pca,ridge,0.012622657438129868,0.00029578267888463494,0.2634796941203343,0.24444171939826537,50,0,A
3,fashion,32,emotion,ridge,0.11798116932678031,0.010272303403108127,0.27415735011817904,0.3039884574203671,50,0,A
3,fashion,36,population,ridge,,0.27013647425481335,0.3586695563305804,0.4248002539436274,50,0,A
3,fashion,36,identity,ridge,0.7879848414954224,0.0029702672631456302,0.1800310307704799,0.18687294475518676,50,0,A
3,fashion,36,pca,ridge,0.012622913497238467,0.00025054905890541833,0.2614925855776749,0.25923651030306116,50,0,A
3,fashion,36,emotion,ridge,0.1179303630896069,0.003709112515567142,0.41491682036411986,0.4701465799918646,50,0,A
3,fashion,42,population,ridge,,0.049239142940350165,0.19023456858270701,0.13050291888173768,50,0,A
3,fashion,42,identity,ridge,0.788333934835057,0.004859129291121814,0.25059794101451943,0.2162548737548102,50,0,A
3,fashion,42,pca,ridge,0.012622879514271037,0.00012824360801337337,0.11368102010130243,0.14898043400028974,50,0,A
3,fashion,42,emotion,ridge,0.11907043015193991,0.002681024241985554,0.22821152474841683,0.1523608303698771,50,0,A
3,fashion,47,population,ridge,,0.1690337385479627,0.3541997462802092,0.4295369801371193,50,0,A
3,fashion,47,identity,ridge,0.7894152752769277,0.009256901011360235,0.4378282065797154,0.4486309077913557,50,0,A
3,fashion,47,pca,ridge,0.012624455697265356,0.0005807568748276462,0.38355763450451025,0.42221816064456463,50,0,A
3,fashion,47,emotion,ridge,0.11892827554311446,0.021353327628808434,0.4432503789472651,0.49519116435957705,50,0,A
3,fashion,54,population,ridge,,0.06306484182911584,0.040894721476411204,0.13669963899398982,50,0,A
3,fashion,54,identity,ridge,0.7891089021076441,0.0010484885544993305,-0.05920282062886781,0.03807606156023094,50,0,A
3,fashion,54,pca,ridge,0.012621906100810543,0.00022086545278714048,0.01716384295542806,0.14456640176783428,50,0,A
3,fashion,54,emotion,ridge,0.11789049018475506,0.004116769811535418,0.01621858783614362,0.12403168184136304,50,0,A
3,fashion,55,population,ridge,,0.2530771285864564,0.24016714484150978,0.38741354533841366,50,0,A
3,fashion,55,identity,ridge,0.7891057305495742,0.008892265846865397,0.23501529441588748,0.272574091376606,50,0,A
3,fashion,55,pca,ridge,0.012621411767909903,0.0008600706220850179,0.21728686795124605,0.2901837673635298,50,0,A
3,fashion,55,emotion,ridge,0.11839106045538883,0.01772383108533083,0.25390541264316924,0.37088617887781805,50,0,A
3,fashion,59,population,ridge,,0.15543717112057848,0.259449900527496,0.432268667036705,50,0,A
3,fashion,59,identity,ridge,0.7889061803002143,0.036251079076370166,0.4594528356653522,0.5591994179843458,50,0,A
3,fashion,59,pca,ridge,0.012623094072609647,0.0019951960890064913,0.43205381833934525,0.5621907428050126,50,0,A
3,fashion,59,emotion,ridge,0.11843829174229989,0.0427153624769386,0.2853652165542608,0.4474147631501523,50,0,A
3,fashion,60,population,ridge,,0.2727854706142149,0.43655381540383686,0.4637684820500314,50,0,A
3,fashion,60,identity,ridge,0.7890024996995039,0.016440725967494654,0.25668701149708856,0.31323944222555133,50,0,A
3,fashion,60,pca,ridge,0.012623929168848256,0.0011797511264193992,0.278642819683471,0.3496817234083892,50,0,A
3,fashion,60,emotion,ridge,0.11814335039023373,0.03811996166285744,0.44926507277490035,0.4356408331580003,50,0,A
3,fashion,67,population,ridge,,0.020837403094685302,-0.002228706734101529,0.029959607466534817,50,0,A
3,fashion,67,identity,ridge,0.7888970781575567,0.001991433666094104,0.0883708135265839,0.06567624811626596,50,0,A
3,fashion,67,pca,ridge,0.012624109514219599,-4.458555485901644e-07,0.002228706734101529,-0.0002232013961156534,50,0,A
3,fashion,67,emotion,ridge,0.11991473987236101,0.002173490994295218,0.03835448798221235,0.03870020054299341,50,0,A
3,fashion,68,population,ridge,,0.19836266171637354,0.44552058290527397,0.4109958844693279,50,0,A
3,fashion,68,identity,ridge,0.7886525674683571,0.012547871951830714,0.2101541189894788,0.26615008767506404,50,0,A
3,fashion,68,pca,ridge,0.012623402638839574,0.001037376703680321,0.3398029658666749,0.3741096192717466,50,0,A
3,fashion,68,emotion,ridge,0.11799136864512877,0.02324025356479778,0.35881471376842977,0.3593039011068216,50,0,A
3,fashion,75,population,ridge,,0.30926966081183627,0.4638685716560307,0.4900796703032337,50,0,A
3,fashion,75,identity,ridge,0.7897918764904958,0.017069448726700708,0.4676566969689882,0.5425168311496921,50,0,A
3,fashion,75,pca,ridge,0.012621636324963345,0.0013524296371376756,0.6189796761372665,0.6274995545287116,50,0,A
3,fashion,75,emotion,ridge,0.11857556456969892,0.016822906560767164,0.3004740998237943,0.40203918268555233,50,0,A
3,fashion,76,population,ridge,,0.21527849064476287,0.3211746435689274,0.3232109145410559,50,0,A
3,fashion,76,identity,ridge,0.7888104411491415,0.017586129162793982,0.31083379330250355,0.3145443527353535,50,0,A
3,fashion,76,pca,ridge,0.012621978218505137,0.001167905914570125,0.31281072055931985,0.28281965728459474,50,0,A
3,fashion,76,emotion,ridge,0.11808944722671894,0.028149164302257355,0.25183011825290896,0.28138105741533137,50,0,A
3,fashion,82,population,ridge,,0.18966919924751247,0.38577404344467703,0.39011388123264473,50,0,A
3,fashion,82,identity,ridge,0.789525940668057,0.005485977466641748,0.3047624883281061,0.2539370040856095,50,0,A
3,fashion,82,pca,ridge,0.012622592207737447,0.00045119150147883663,0.27414707854172105,0.2747802196413067,50,0,A
3,fashion,82,emotion,ridge,0.11910211418309437,0.010773221104800888,0.24283586398746354,0.2928714565746777,50,0,A
3,fashion,84,population,ridge,,0.1786749601273137,0.4412442125424235,0.40540921012895687,50,0,A
3,fashion,84,identity,ridge,0.7893666629022247,0.005074036655493976,0.2159626896009715,0.18967442009583335,50,0,A
3,fashion,84,pca,ridge,0.01262223218583968,0.0007512974233051599,0.34632451119457847,0.36476454411514964,50,0,A
3,fashion,84,emotion,ridge,0.11861515269765806,0.01839026537666038,0.4013209046793814,0.3707837078761973,50,0,A
3,fashion,88,population,ridge,,0.09766236347395107,0.2735993634642635,0.26341179721353564,50,0,A
3,fashion,88,identity,ridge,0.7874298482451996,0.010649298737983561,0.3011494686785406,0.29456316713651126,50,0,A
3,fashion,88,pca,ridge,0.012621756336265229,0.00025487799870953606,0.1491118968942644,0.12936541908151997,50,0,A
3,fashion,88,emotion,ridge,0.11798706466135458,0.006590104746139229,0.18914488163925822,0.18530557917709425,50,0,A
3,fashion,95,population,ridge,,0.060105519375870255,0.13560748649783175,0.16074209451054994,50,0,A
3,fashion,95,identity,ridge,0.7893096628301952,0.007487769171252226,0.30420985311606863,0.27598838285387345,50,0,A
3,fashion,95,pca,ridge,0.012622313205600295,0.0003426448378192458,0.21885459859953757,0.2119588936077189,50,0,A
3,fashion,95,emotion,ridge,0.1186854914389129,0.005060669444843667,0.06397967096155836,0.12014975481269136,50,0,A
3,fashion,96,population,ridge,,0.21553306940403857,0.37032223408967463,0.378798806131302,50,0,A
3,fashion,96,identity,ridge,0.7891489889513187,0.005212472633912254,0.13059147657033107,0.15990120383516873,50,0,A
3,fashion,96,pca,ridge,0.012623190094009553,0.0003236410947027993,0.17181528105922442,0.1598445004712123,50,0,A
3,fashion,96,emotion,ridge,0.11831034313232398,0.019288474896545137,0.39241700699918947,0.387548128065324,50,0,A
3,fashion,107,population,ridge,,0.09397143846605029,0.14463631810528388,0.18320757311856753,50,0,A
3,fashion,107,identity,ridge,0.7878180726109852,0.008535655923246819,0.3189339936272206,0.2811143070769418,50,0,A
3,fashion,107,pca,ridge,0.012623101390554604,0.00023684054597449962,0.18193621907070687,0.133624337201473,50,0,A
3,fashion,107,emotion,ridge,0.11807470051738571,0.008857936980384316,0.1609550247776564,0.18230977759591763,50,0,A
3,fashion,122,population,ridge,,0.10234340633297873,0.20403996724434686,0.23890154506095918,50,0,A
3,fashion,122,identity,ridge,0.7880740607956556,0.0038024762729487608,0.14850216450535197,0.12494411237108513,50,0,A
3,fashion,122,pca,ridge,0.012622226491936048,0.000432808042673833,0.24141635662153846,0.24432845078056328,50,0,A
3,fashion,122,emotion,ridge,0.11890066007501943,0.003619193792178871,0.27929444250043733,0.27940682018005236,50,0,A
3,fashion,123,population,ridge,,0.3424687177639504,0.5207961689335803,0.4903634843881374,50,0,A
3,fashion,123,identity,ridge,0.7893943170314055,0.01927426369779081,0.35826716965708677,0.4036533156075197,50,0,A
3,fashion,123,pca,ridge,0.01262292426489794,0.0015905318861044364,0.44945422798377477,0.4478506798820438,50,0,A
3,fashion,123,emotion,ridge,0.11900341006332305,0.037722156445179914,0.5097934329701947,0.48934624275764027,50,0,A
3,fashion,132,population,ridge,,0.10872750045427722,0.320983326228333,0.3446416264081057,50,0,A
3,fashion,132,identity,ridge,0.7897258289562995,0.010621917210995317,0.3722969872240188,0.41563574989942864,50,0,A
3,fashion,132,pca,ridge,0.012623252514729002,0.0008437679682701096,0.38276815015447313,0.39986039908152765,50,0,A
3,fashion,132,emotion,ridge,0.11964915619653091,0.016550184149995793,0.23264839724156228,0.31556831018722464,50,0,A
3,fashion,140,population,ridge,,0.2190011203434533,0.4337019494954459,0.5018786463150113,50,0,A
3,fashion,140,identity,ridge,0.7885608224616081,0.01404393653077225,0.18369647838272557,0.31301145199551417,50,0,A
3,fashion,140,pca,ridge,0.01262238495753148,0.001212982475671316,0.3541703363540046,0.4506511895720887,50,0,A
3,fashion,140,emotion,ridge,0.11853660142857236,0.03125616624573231,0.32757817752653995,0.40617233277637366,50,0,A
3,fashion,141,population,ridge,,0.15518054323758418,0.2781054286756945,0.2766190660747313,50,0,A
3,fashion,141,identity,ridge,0.7889055114698789,0.004666199828788247,0.11166932188184772,0.1315388759978261,50,0,A
3,fashion,141,pca,ridge,0.01262387189678408,0.00022796343680718515,0.06249617331183554,0.11524343257876402,50,0,A
3,fashion,141,emotion,ridge,0.11900829662751378,0.017863993320335017,0.33144837888246054,0.3029842234694958,50,0,A
3,landscape,0,population,ridge,,0.13620800230185603,0.4186627111782382,0.3835078344761208,50,0,A
3,landscape,0,identity,ridge,6.415147089400736,0.19026196368176349,0.5696550072267678,0.562995901618361,50,0,A
3,landscape,0,pca,ridge,7.0490337531898914,0.4109545438570773,0.4401834522242356,0.4197148665950927,50,0,A
3,landscape,0,emotion,ridge,3.7631220196850568,0.28203406516380525,0.3811253817500816,0.36267240796675043,50,0,A
3,landscape,9,population,ridge,,0.4747261773444269,0.4760969923426796,0.5779612414274162,50,0,A
3,landscape,9,identity,ridge,6.467151706125997,0.18802658951302723,0.44980327143336635,0.5510098083540774,50,0,A
3,landscape,9,pca,ridge,7.196570429277942,0.548578046290534,0.5471000745691648,0.6387827198059561,50,0,A
3,landscape,9,emotion,ridge,3.6476228131931148,0.48991226821386175,0.496569965875122,0.6004360403311064,50,0,A
3,landscape,10,population,ridge,,0.22886254062593497,0.6577501465600177,0.6586142813280771,50,0,A
3,landscape,10,identity,ridge,6.372864523918756,0.21064629520653924,0.6215756017726505,0.5967097539618365,50,0,A
3,landscape,10,pca,ridge,7.120754122838657,0.6045511244438736,0.689812835106331,0.6532443314656033,50,0,A
3,landscape,10,emotion,ridge,3.5459060903166626,0.5529232804447757,0.6613235454361716,0.6411698864168532,50,0,A
3,landscape,11,population,ridge,,0.2805766128234383,0.39530747793777665,0.4676452678432116,50,0,A
3,landscape,11,identity,ridge,6.333839156793826,0.09881262502300092,0.2375887672963514,0.3304218853604566,50,0,A
3,landscape,11,pca,ridge,7.108809044167987,0.4966477089536994,0.48917944575936884,0.5775444896296841,50,0,A
3,landscape,11,emotion,ridge,3.5660519116122287,0.35732276132904506,0.3688813357358998,0.42597632053114554,50,0,A
3,landscape,24,population,ridge,,0.1561297966577672,0.199458076190627,0.19450245478172312,50,0,A
3,landscape,24,identity,ridge,6.451011037357409,-0.011506971075557707,-0.09848916356764204,-0.07080992938999395,50,0,A
3,landscape,24,pca,ridge,7.063880180762861,0.09259462630355239,0.13951283815711965,0.13927097089719473,50,0,A
3,landscape,24,emotion,ridge,3.6841924528392496,0.012981414027353443,-0.028732744489082217,0.029173613050000158,50,0,A
3,landscape,28,population,ridge,,0.23431581679518892,0.323870120202155,0.35558475288279234,50,0,A
3,landscape,28,identity,ridge,6.43993728157183,0.053957725838438504,0.2525114096272994,0.2449820797017496,50,0,A
3,landscape,28,pca,ridge,7.1651452656533055,0.33076017676554925,0.4260361085838104,0.44908838734210216,50,0,A
3,landscape,28,emotion,ridge,3.8070491766971606,0.27040122154537544,0.35964790129727225,0.3691389930358331,50,0,A
3,landscape,31,population,ridge,,0.08522189880608026,0.42198894895467076,0.24448432841022535,50,0,A
3,landscape,31,identity,ridge,6.387570411511525,0.04835810999194679,0.3456500114526793,0.2356288091964976,50,0,A
3,landscape,31,pca,ridge,6.9841598266807425,0.20883526487552365,0.36310915141792344,0.31218774821868256,50,0,A
3,landscape,31,emotion,ridge,3.489971979520261,0.09983175688286021,0.3969522350455669,0.22604702731321555,50,0,A
3,landscape,32,population,ridge,,0.3048618919152446,0.5501876754006574,0.5593037760963196,50,0,A
3,landscape,32,identity,ridge,6.456990184518604,0.1803872437272754,0.5164707574649593,0.601099279856843,50,0,A
3,landscape,32,pca,ridge,7.118954789894122,0.38945551308555,0.4295603855436246,0.4313199366429,50,0,A
3,landscape,32,emotion,ridge,3.675868705951131,0.48800250972544645,0.5128984279884631,0.566566918467843,50,0,A
3,landscape,36,population,ridge,,0.357983487602394,0.5504822795845599,0.5713087173090629,50,0,A
3,landscape,36,identity,ridge,6.45647309935567,0.1382778182541657,0.511743901916213,0.4941436871961753,50,0,A
3,landscape,36,pca,ridge,7.171442503456867,0.49611364519777723,0.5851481611390549,0.5647422605854756,50,0,A
3,landscape,36,emotion,ridge,3.6894235181386783,0.5602560191205654,0.6169334966618009,0.6203382215839657,50,0,A
3,landscape,42,population,ridge,,0.3490067602922093,0.5334084587475573,0.5172401522468544,50,0,A
3,landscape,42,identity,ridge,6.432985415690442,0.07562497499174264,0.35966126751779837,0.3219944962527241,50,0,A
3,landscape,42,pca,ridge,6.9304404361531144,0.17783650277989993,0.264362485806076,0.23076413453645384,50,0,A
3,landscape,42,emotion,ridge,3.6444522010416973,0.29791687722732707,0.4393314562885492,0.43646583020959334,50,0,A
3,landscape,47,population,ridge,,0.4283260219518809,0.5352790384534273,0.5966397046669683,50,0,A
3,landscape,47,identity,ridge,6.4605117481073195,0.22935950958544332,0.2794176628630952,0.4986095579666012,50,0,A
3,landscape,47,pca,ridge,7.129163572096942,0.6067177959914862,0.48951969743208085,0.6302381065956745,50,0,A
3,landscape,47,emotion,ridge,3.822293223460902,0.6200694444334675,0.4896199369523904,0.6394357882535525,50,0,A
3,landscape,54,population,ridge,,0.1579107864488189,0.24150847385900387,0.2737729071748979,50,0,A
3,landscape,54,identity,ridge,6.417830702623517,-0.01255596105878519,-0.06771925865415444,-0.1016978956054589,50,0,A
3,landscape,54,pca,ridge,7.128537389269693,-0.0679991667307551,-0.16904583941238258,-0.18324926630723468,50,0,A
3,landscape,54,emotion,ridge,3.502663505404694,-0.026399690824255112,-0.1029918084300516,-0.1338045584474156,50,0,A
3,landscape,55,population,ridge,,0.4516208508424394,0.6181648556261546,0.6361388085057069,50,0,A
3,landscape,55,identity,ridge,6.422133444515771,0.12130766168877825,0.4182580770775969,0.4590279606315154,50,0,A
3,landscape,55,pca,ridge,7.035436737278292,0.43047796676702843,0.4183077927648758,0.48153993933532985,50,0,A
3,landscape,55,emotion,ridge,3.7978904390366655,0.5253617688564846,0.5705372272129444,0.6135698281084382,50,0,A
3,landscape,59,population,ridge,,0.2622664980956364,0.49352787431042633,0.4740020691636403,50,0,A
3,landscape,59,identity,ridge,6.434799821147337,0.09793342555131976,0.4649227727504984,0.4249173583195948,50,0,A
3,landscape,59,pca,ridge,7.124165351021063,0.4887578523800353,0.5283470105000694,0.5223750020481388,50,0,A
3,landscape,59,emotion,ridge,3.7222779339720073,0.4380300927865981,0.5282442991838757,0.4958273686505436,50,0,A
3,landscape,60,population,ridge,,0.5138294231959575,0.8024150149313478,0.7527818969242978,50,0,A
3,landscape,60,identity,ridge,6.473629444716569,0.2945527517941122,0.7723660506005449,0.7530306960041441,50,0,A
3,landscape,60,pca,ridge,7.120272647737451,0.7811111119217496,0.8187608684924036,0.8024023350346421,50,0,A
3,landscape,60,emotion,ridge,3.7296134777741865,0.714396687505116,0.7995765134147573,0.7749756035267878,50,0,A
3,landscape,67,population,ridge,,0.39504180382264453,0.46228772936860213,0.4534440257365465,50,0,A
3,landscape,67,identity,ridge,6.438806531615625,0.028173534871688114,0.20364575969844428,0.15048988238340977,50,0,A
3,landscape,67,pca,ridge,6.951283965543085,0.3077827130313585,0.4041474061745132,0.42839066900983486,50,0,A
3,landscape,67,emotion,ridge,3.6749221890282833,0.25083161654876984,0.2692082518109275,0.3246517501389558,50,0,A
3,landscape,68,population,ridge,,0.2004318495843631,0.3368332548786953,0.33519939666552034,50,0,A
3,landscape,68,identity,ridge,6.450170375768423,0.05345365115660163,0.191733545884356,0.16528656704865252,50,0,A
3,landscape,68,pca,ridge,7.1344338630931174,0.1422133019146871,0.16204383622447396,0.1600874295613542,50,0,A
3,landscape,68,emotion,ridge,3.7264209350842177,0.29897601660877215,0.37671943048237516,0.3879692424964634,50,0,A
3,landscape,75,population,ridge,,0.27810144327677483,0.4443434437352558,0.42292416007960887,50,0,A
3,landscape,75,identity,ridge,6.3312576439816475,0.06988855586270401,0.308603925647849,0.26676948205737505,50,0,A
3,landscape,75,pca,ridge,7.017979690075665,0.41649301867743455,0.5875394459883925,0.5565449194848189,50,0,A
3,landscape,75,emotion,ridge,3.3999156269423656,0.33937912736140574,0.5047829738391649,0.4586552035069645,50,0,A
3,landscape,76,population,ridge,,0.35170387834169275,0.4614694682186852,0.48414772370621845,50,0,A
3,landscape,76,identity,ridge,6.416615926177552,0.08812125161853675,0.25512948541743674,0.2627542410459747,50,0,A
3,landscape,76,pca,ridge,7.022022519665436,0.3593042883400496,0.32522992185878435,0.38616016868524977,50,0,A
3,landscape,76,emotion,ridge,3.669186610829542,0.4022071975572058,0.4393562404142258,0.43910331005593245,50,0,A
3,landscape,82,population,ridge,,0.3543407072538566,0.4948310782318455,0.4903474210165291,50,0,A
3,landscape,82,identity,ridge,6.378638364108242,0.051846776986925525,0.2865824880687403,0.2265920633410293,50,0,A
3,landscape,82,pca,ridge,6.908680359292932,0.2906433804832185,0.4182199180550536,0.41490525978546516,50,0,A
3,landscape,82,emotion,ridge,3.570670426524677,0.18973232243137023,0.3684631989455233,0.33781417808038594,50,0,A
3,landscape,84,population,ridge,,0.35169539658233967,0.5582056795549317,0.5528837107900908,50,0,A
3,landscape,84,identity,ridge,6.420541163452261,0.1097201834750503,0.5929978814793022,0.5516970403027186,50,0,A
3,landscape,84,pca,ridge,7.176727497125445,0.36892062280196275,0.4522476100579848,0.5146649774583296,50,0,A
3,landscape,84,emotion,ridge,3.6569766479791124,0.4312564719955639,0.6146792389834922,0.6101873178990093,50,0,A
3,landscape,88,population,ridge,,0.4653477546407398,0.718731598216922,0.7092757422396666,50,0,A
3,landscape,88,identity,ridge,6.464193418659449,0.281675434107515,0.7436858575327793,0.7669129118383465,50,0,A
3,landscape,88,pca,ridge,7.074236313060555,0.6986878368134586,0.7830744433156523,0.7842546327994583,50,0,A
3,landscape,88,emotion,ridge,3.7875306750100997,0.5977528073085004,0.7216673934305522,0.7156596046623003,50,0,A
3,landscape,95,population,ridge,,0.2746588299295989,0.4369935462595325,0.5108264704172276,50,0,A
3,landscape,95,identity,ridge,6.4521756659551714,0.09873129858634892,0.2997276758723912,0.32784013047230737,50,0,A
3,landscape,95,pca,ridge,7.096308237934296,0.3298857388752435,0.4765942301072472,0.4976676760883854,50,0,A
3,landscape,95,emotion,ridge,3.734808155152959,0.35571593752607494,0.4317464556497103,0.48925406708,50,0,A
3,landscape,96,population,ridge,,0.37442688851757727,0.5163954033939346,0.529826730836348,50,0,A
3,landscape,96,identity,ridge,6.468348107648059,0.15765202435693568,0.5687337800120357,0.6117714195777985,50,0,A
3,landscape,96,pca,ridge,7.188009526854232,0.3659192901615383,0.48750025796935803,0.498659329213092,50,0,A
3,landscape,96,emotion,ridge,3.8852201130093666,0.36866681381144095,0.5828096312994796,0.5679368294784254,50,0,A
3,landscape,107,population,ridge,,0.15925681877536227,0.2459956761094593,0.2061127323367081,50,0,A
3,landscape,107,identity,ridge,6.418964286069359,0.012957119139974325,0.04079149869400724,0.04802011346120854,50,0,A
3,landscape,107,pca,ridge,7.107045773362272,0.07821204353419275,0.05699838998441354,0.09650705718716283,50,0,A
3,landscape,107,emotion,ridge,3.7495415875451195,0.12506109519853628,0.21123812771126488,0.15496956775695603,50,0,A
3,landscape,122,population,ridge,,0.3025538427651165,0.540655737582069,0.5663726659543691,50,0,A
3,landscape,122,identity,ridge,6.426509796206417,0.1446110039733596,0.37308610149216526,0.4591900885393425,50,0,A
3,landscape,122,pca,ridge,7.113483217384605,0.4838179424754753,0.5257144827550387,0.5737831751264796,50,0,A
3,landscape,122,emotion,ridge,3.636656274973262,0.47531454547733615,0.5119111380638421,0.5834122309813699,50,0,A
3,landscape,123,population,ridge,,0.4072345420281917,0.6606366823765033,0.6330599016632072,50,0,A
3,landscape,123,identity,ridge,6.391171093338765,0.21425314588399358,0.6650857471336034,0.6206574238803809,50,0,A
3,landscape,123,pca,ridge,6.96328673487714,0.5406558220301625,0.6491679821137565,0.6486855560053929,50,0,A
3,landscape,123,emotion,ridge,3.4922176751508514,0.5694110505071451,0.7123447016645773,0.6764865609962416,50,0,A
3,landscape,132,population,ridge,,0.0689310698119935,0.27407396128981615,0.3384805311355312,50,0,A
3,landscape,132,identity,ridge,6.420591405917909,0.08287928615126577,0.2335136547384987,0.30564243595625146,50,0,A
3,landscape,132,pca,ridge,7.0509047911583735,0.3845522972749314,0.3774798992685818,0.418155871286955,50,0,A
3,landscape,132,emotion,ridge,3.6016310214063485,0.3329523052280184,0.2928058175068827,0.37867219592087165,50,0,A
3,landscape,140,population,ridge,,0.23295297610234272,0.47034245332029995,0.366884121505941,50,0,A
3,landscape,140,identity,ridge,6.4456567216799865,0.09546494097560458,0.4182647348728527,0.3885426820662716,50,0,A
3,landscape,140,pca,ridge,7.017754458324263,0.18198025716893074,0.28587978902986794,0.25866949710280207,50,0,A
3,landscape,140,emotion,ridge,3.715783699552663,0.2282777599508761,0.4788063272553535,0.41017218564564273,50,0,A
3,landscape,141,population,ridge,,0.36631844046193535,0.5190558595130934,0.504226797134563,50,0,A
3,landscape,141,identity,ridge,6.445256424332189,0.06587211733634565,0.4557041711947647,0.4080053086059795,50,0,A
3,landscape,141,pca,ridge,6.991238705384016,0.2885839508305622,0.5567782316617919,0.4643614057149324,50,0,A
3,landscape,141,emotion,ridge,3.577305231054034,0.2449634933745398,0.5121384324304166,0.46828461562782164,50,0,A
4,art,1,population,ridge,,0.34591368808905604,0.37612570655572103,0.38468463003377745,50,0,A
4,art,1,identity,ridge,6.318154756234383,0.11380900784775455,0.4372512834562743,0.4204257742999336,50,0,A
4,art,1,pca,ridge,0.12374460378480096,0.010476102214467266,0.39888687335441053,0.40027219866271807,50,0,A
4,art,1,emotion,ridge,2.6138636880943573,0.3272479341160032,0.4139751581327274,0.44523399830555915,50,0,A
4,art,2,population,ridge,,0.4805622053841326,0.7873181898444129,0.7423195503184301,50,0,A
4,art,2,identity,ridge,6.235699201211826,0.3824205974962121,0.7106120097895752,0.6487576743256447,50,0,A
4,art,2,pca,ridge,0.12380625563180049,0.03506890414951047,0.7689484250416363,0.7252913333214853,50,0,A
4,art,2,emotion,ridge,2.432432029914982,0.7026949417909467,0.7829988127151114,0.7595108866518244,50,0,A
4,art,12,population,ridge,,0.40713794552929367,0.5077032044344681,0.4995704194893714,50,0,A
4,art,12,identity,ridge,6.302253770658393,0.1010654083330032,0.22955257322887795,0.24015063812775442,50,0,A
4,art,12,pca,ridge,0.12389120281604855,0.013223185237418469,0.37878195292036243,0.38488814263528276,50,0,A
4,art,12,emotion,ridge,2.5344621053718983,0.5126786133493467,0.5986856393783963,0.5841658417584369,50,0,A
4,art,13,population,ridge,,0.2628191404549479,0.40268344706643516,0.4344863006757111,50,0,A
4,art,13,identity,ridge,6.342015574003105,0.1245044139776318,0.5571548155956904,0.5278614566744918,50,0,A
4,art,13,pca,ridge,0.12385056914013336,0.01001915128754749,0.5112150110045549,0.5176616251507662,50,0,A
4,art,13,emotion,ridge,2.5621615793664665,0.1387210747114244,0.2573216773153795,0.27387097384218745,50,0,A
4,art,26,population,ridge,,0.334832171248243,0.4485805304540108,0.420486802058425,50,0,A
4,art,26,identity,ridge,6.241159597471705,0.14628541067932688,0.3254712085358844,0.2974617248405125,50,0,A
4,art,26,pca,ridge,0.12386454737615046,0.018167704937266826,0.5109111956789264,0.4640407102134072,50,0,A
4,art,26,emotion,ridge,2.6410181055220416,0.3565887926647192,0.39996761805771125,0.3999929063224113,50,0,A
4,art,29,population,ridge,,0.2789905106617457,0.32442617288488834,0.3399597820816382,50,0,A
4,art,29,identity,ridge,6.27260402442867,0.104451546774921,0.4637766727754195,0.4538266694395811,50,0,A
4,art,29,pca,ridge,0.12382704455694414,0.011105959582299077,0.5399009930422978,0.5340345700618653,50,0,A
4,art,29,emotion,ridge,2.6915181656481395,0.15228298970436363,0.35689913873959656,0.2983639264993032,50,0,A
4,art,34,population,ridge,,0.2802861637695987,0.6266138095529693,0.6269887555256604,50,0,A
4,art,34,identity,ridge,6.316646021935774,0.2850901700504964,0.6777508616113961,0.6799383297598298,50,0,A
4,art,34,pca,ridge,0.1237813415440086,0.02367932104896024,0.6502838047198398,0.6349267154927073,50,0,A
4,art,34,emotion,ridge,2.459936898138316,0.5991861357831664,0.6459443056059136,0.6548043512517335,50,0,A
4,art,38,population,ridge,,0.3780808093583739,0.6213089799401921,0.6094974344799775,50,0,A
4,art,38,identity,ridge,6.258549827817831,0.27337409272451096,0.5934372667908725,0.5948203477163913,50,0,A
4,art,38,pca,ridge,0.12391409167385035,0.01889818061705419,0.5878041437466339,0.5958495873537969,50,0,A
4,art,38,emotion,ridge,2.546209777746382,0.4775938439866447,0.6689211155836694,0.6663151395656044,50,0,A
4,art,43,population,ridge,,0.18888501294619772,0.3190238946588173,0.3479754494256927,50,0,A
4,art,43,identity,ridge,6.301105848399885,0.08225780963093822,0.4081096276008481,0.3780865261468642,50,0,A
4,art,43,pca,ridge,0.12400624592502542,0.008978722709763609,0.39229066567656223,0.40306655316908263,50,0,A
4,art,43,emotion,ridge,2.599258041868689,0.27363957255895105,0.3426298997594544,0.33541513636056325,50,0,A
4,art,48,population,ridge,,0.4244172916721766,0.6665161890592995,0.6584588028528588,50,0,A
4,art,48,identity,ridge,6.279188626312933,0.28707768472852413,0.580278456322609,0.5523446921622789,50,0,A
4,art,48,pca,ridge,0.12401865072615834,0.02892277489138391,0.6407772409713163,0.6291114970073498,50,0,A
4,art,48,emotion,ridge,2.5402307848555,0.6225291433814772,0.6490137043594709,0.6459779724712361,50,0,A
4,art,49,population,ridge,,0.3438101068026812,0.5250725532488049,0.5186101835548991,50,0,A
4,art,49,identity,ridge,6.3230848548497915,0.24135863033839028,0.5769566064098821,0.5878474244705908,50,0,A
4,art,49,pca,ridge,0.12380692438592007,0.019174087518728806,0.5276444986867229,0.5431783357280987,50,0,A
4,art,49,emotion,ridge,2.566648197889639,0.3635939688147316,0.48580092483136406,0.4599211185170232,50,0,A
4,art,56,population,ridge,,0.045490584844676045,0.08793057682232729,0.1685192335018076,50,0,A
4,art,56,identity,ridge,6.289395020735794,0.013604210902234466,0.045562597876965295,0.05469841015246939,50,0,A
4,art,56,pca,ridge,0.12387450370282492,4.442900732943934e-05,0.10379892987602898,0.00386132027857623,50,0,A
4,art,56,emotion,ridge,2.615547080352673,0.04175637290260847,0.33611580824639453,0.2974660664350637,50,0,A
4,art,61,population,ridge,,0.2588673507052779,0.4198381239277841,0.43186809016611066,50,0,A
4,art,61,identity,ridge,6.243570457763024,0.13432678857281075,0.45650060972293527,0.45954742918122304,50,0,A
4,art,61,pca,ridge,0.1238802959331607,0.012358250928549998,0.4061461148688563,0.45938629374134254,50,0,A
4,art,61,emotion,ridge,2.457330647510722,0.35881333669966076,0.4792203170624748,0.47443219249747554,50,0,A
4,art,72,population,ridge,,0.18157576945011786,0.4682371698942248,0.44758369298150363,50,0,A
4,art,72,identity,ridge,6.303676519750466,0.11558113611636783,0.5262995757406081,0.4658325517734391,50,0,A
4,art,72,pca,ridge,0.12385814233309654,0.009013987121841555,0.44431446190601537,0.41491596210046267,50,0,A
4,art,72,emotion,ridge,2.6183938271040645,0.25865136797363464,0.452488053801987,0.458969677100281,50,0,A
4,art,77,population,ridge,,0.326171557974216,0.5115310594777744,0.48963741411930023,50,0,A
4,art,77,identity,ridge,6.306508237964536,0.1292315535025917,0.47897278542705135,0.4896363426553505,50,0,A
4,art,77,pca,ridge,0.12391001566917097,0.009379283140814914,0.4096009005955714,0.401446855520023,50,0,A
4,art,77,emotion,ridge,2.543134636234817,0.2337881876712719,0.35259918067698015,0.3769538605323429,50,0,A
4,art,78,population,ridge,,0.3318857181653592,0.59660049698074,0.5960709436965724,50,0,A
4,art,78,identity,ridge,6.391067373382546,0.26158115133471027,0.5621149191205816,0.5997210950089883,50,0,A
4,art,78,pca,ridge,0.1238223263399838,0.023134477385832204,0.6167991925845471,0.6480997982173167,50,0,A
4,art,78,emotion,ridge,2.5117893090908616,0.44772961744584866,0.5041298832042868,0.5966799625049766,50,0,A
4,art,89,population,ridge,,0.2539346035128726,0.4935470497048554,0.49108269165867013,50,0,A
4,art,89,identity,ridge,6.250865898161598,0.10394491936561913,0.28473286974909084,0.3121794949783147,50,0,A
4,art,89,pca,ridge,0.12390738865978257,0.010372931058591807,0.40125571612730154,0.38652782498378496,50,0,A
4,art,89,emotion,ridge,2.6121730446254046,0.36571148181276886,0.5425642263265584,0.527687054637712,50,0,A
4,art,90,population,ridge,,0.23569683761143145,0.4074384680532844,0.3905626193642252,50,0,A
4,art,90,identity,ridge,6.340599494967941,0.2705910021013062,0.6066483243914317,0.5650360582180695,50,0,A
4,art,90,pca,ridge,0.12401193062811611,0.016765868037146855,0.5731144991499176,0.5237957336829417,50,0,A
4,art,90,emotion,ridge,2.654688211707134,0.35691324830264737,0.4137665450305091,0.42090060346234315,50,0,A
4,art,97,population,ridge,,0.3435841384661578,0.4422177687194491,0.4366269962065136,50,0,A
4,art,97,identity,ridge,6.234291331752055,0.14342766438441548,0.46269593823461763,0.43587300647718363,50,0,A
4,art,97,pca,ridge,0.12390454804645848,0.010743383103097843,0.41348795350283685,0.41060375283300393,50,0,A
4,art,97,emotion,ridge,2.527391163646252,0.2568759552471708,0.4117772464671717,0.3948055009830675,50,0,A
4,art,103,population,ridge,,0.401604551981661,0.6525610081142803,0.6926460772030445,50,0,A
4,art,103,identity,ridge,6.384153053355155,0.25478650305646033,0.6559061946134124,0.6917749663022476,50,0,A
4,art,103,pca,ridge,0.1239050277963487,0.025194820992497913,0.6396795436847865,0.6963555268474938,50,0,A
4,art,103,emotion,ridge,2.5338846968524473,0.5884197405695152,0.7150710603070178,0.7220028434883933,50,0,A
4,art,108,population,ridge,,0.13202822829313907,0.3038819974429313,0.29046024888034283,50,0,A
4,art,108,identity,ridge,6.275366941107757,0.08055441192877072,0.3486771537909497,0.3492795458428687,50,0,A
4,art,108,pca,ridge,0.12373081858402814,0.004220459111029058,0.2567527254093733,0.250719383888922,50,0,A
4,art,108,emotion,ridge,2.5994701768817885,0.2600722662780491,0.34743560289438596,0.37100732840285705,50,0,A
4,art,114,population,ridge,,0.21584481706458494,0.564642084977483,0.564983986224604,50,0,A
4,art,114,identity,ridge,6.2429960433932585,0.22431366778878545,0.6260344923610105,0.6299071956548817,50,0,A
4,art,114,pca,ridge,0.12384942175864735,0.01369537269233535,0.5414098535199485,0.5535883267053974,50,0,A
4,art,114,emotion,ridge,2.673757033303844,0.34795418864258704,0.5340941721248099,0.535027661129845,50,0,A
4,art,115,population,ridge,,0.06982202481154287,0.15536579790073365,0.12958750480666445,50,0,A
4,art,115,identity,ridge,6.321522439548643,0.04486488479639434,0.13396882496872747,0.10717912568017834,50,0,A
4,art,115,pca,ridge,0.12381110566417886,0.00038688383232216315,0.057058594485349765,0.010400469328467835,50,0,A
4,art,115,emotion,ridge,2.521020799247784,0.16068550800284523,0.2485020661908827,0.20296867124641627,50,0,A
4,art,124,population,ridge,,0.3696392464143139,0.44369443818522863,0.5078430472769144,50,0,A
4,art,124,identity,ridge,6.332077871485478,0.1847899876770682,0.46819659293086124,0.5413084161778831,50,0,A
4,art,124,pca,ridge,0.1237884051021009,0.02015792090746184,0.5122904501418156,0.5746988411126545,50,0,A
4,art,124,emotion,ridge,2.636065158468446,0.4731125854997612,0.5342371654354497,0.5697830562032986,50,0,A
4,art,134,population,ridge,,0.3657188776412316,0.5687143766086873,0.5927199771820112,50,0,A
4,art,134,identity,ridge,6.219012740303661,0.2029565393597357,0.45148414827604605,0.4708485810971038,50,0,A
4,art,134,pca,ridge,0.12380801032356994,0.02160599062011522,0.5085230576916757,0.535108599512553,50,0,A
4,art,134,emotion,ridge,2.5990885334528793,0.5364453230368913,0.5577301997523095,0.5701471751170842,50,0,A
4,art,135,population,ridge,,0.043147322294685354,-0.039917865396178205,0.05620828569906918,50,0,A
4,art,135,identity,ridge,6.3587465973332415,0.16422046069427806,0.47478067175757405,0.40460658616206685,50,0,A
4,art,135,pca,ridge,0.12391288928494895,0.00845268308849008,0.32891917875689264,0.29063998533310287,50,0,A
4,art,135,emotion,ridge,2.5401250269159936,0.07893273069474634,0.20694792337968143,0.2116172800122886,50,0,A
4,art,142,population,ridge,,0.35793970057828567,0.5960540443362268,0.6290219856011734,50,0,A
4,art,142,identity,ridge,6.348694340252599,0.2329266011011924,0.6224141566017578,0.6270837501932784,50,0,A
4,art,142,pca,ridge,0.12397904434977712,0.022733008796312765,0.683581830237218,0.6883316270803893,50,0,A
4,art,142,emotion,ridge,2.5117282055936854,0.48479278908161294,0.5761567395180364,0.6152742706254871,50,0,A
4,art,143,population,ridge,,0.42308206411177773,0.7307969917596163,0.723086484695963,50,0,A
4,art,143,identity,ridge,6.37930936240494,0.34524774092605603,0.7563199851946935,0.7380586690384005,50,0,A
4,art,143,pca,ridge,0.12379371000830439,0.03456175887525061,0.7432900822364419,0.7277329816564685,50,0,A
4,art,143,emotion,ridge,2.4742155640430914,0.6802388355587109,0.7830630069966479,0.7840563344954103,50,0,A
4,fashion,1,population,ridge,,0.20967548278373474,0.2626094803577995,0.24932242736751423,50,0,A
4,fashion,1,identity,ridge,0.788510019345536,0.01433478324481284,0.4435145305958184,0.43003717173410166,50,0,A
4,fashion,1,pca,ridge,0.039753549968022044,0.003149750582861598,0.470786369609287,0.4293681511002729,50,0,A
4,fashion,1,emotion,ridge,1.629261738994382,0.13362525175068665,0.3007678375925306,0.28105288259926364,50,0,A
4,fashion,2,population,ridge,,0.24336887895455558,0.5426076978658969,0.551798857283268,50,0,A
4,fashion,2,identity,ridge,0.789590687091685,0.015677218212736852,0.4100002058469779,0.3876625859829176,50,0,A
4,fashion,2,pca,ridge,0.039749424776975815,0.0032050830820312378,0.4485297443635776,0.4368654993790221,50,0,A
4,fashion,2,emotion,ridge,1.7347482825003135,0.3302957909678213,0.5742498318290111,0.578715401870702,50,0,A
4,fashion,12,population,ridge,,0.14142360674833487,0.17628148726108037,0.20011149684547402,50,0,A
4,fashion,12,identity,ridge,0.7879605661700083,0.01109476266628385,0.2570014466340665,0.2760290150079802,50,0,A
4,fashion,12,pca,ridge,0.03974346642612706,0.002167066899653618,0.2257029007858792,0.2710302120147021,50,0,A
4,fashion,12,emotion,ridge,1.6966949631607369,0.20524685423825356,0.2850691748463118,0.3306639106202378,50,0,A
4,fashion,13,population,ridge,,0.27780223551812866,0.38618596334584365,0.38754241596285105,50,0,A
4,fashion,13,identity,ridge,0.789292148884086,0.013939856234953703,0.4532561992255691,0.47593025519546783,50,0,A
4,fashion,13,pca,ridge,0.03975450958443608,0.0029267833837165903,0.46157191850807383,0.44943859484431237,50,0,A
4,fashion,13,emotion,ridge,1.6624456191210222,0.20191056534815827,0.36480268519083153,0.37329399077266323,50,0,A
4,fashion,26,population,ridge,,0.3138810883035871,0.42669459075318905,0.44340326213781356,50,0,A
4,fashion,26,identity,ridge,0.7899587517652146,0.0069133577241871375,0.23623212438166957,0.22804184351999748,50,0,A
4,fashion,26,pca,ridge,0.03973170075097436,0.002075232658852346,0.35932974603548756,0.337172576467245,50,0,A
4,fashion,26,emotion,ridge,1.62566149383043,0.16901690268756414,0.4126855352075409,0.4250133031743788,50,0,A
4,fashion,29,population,ridge,,0.12622475842700703,0.27441175201389295,0.20419069193095737,50,0,A
4,fashion,29,identity,ridge,0.7896569148314571,0.0014458912190260327,-0.0509044558143959,0.04502332269172934,50,0,A
4,fashion,29,pca,ridge,0.03973943646491959,0.0015879393685289131,0.1569641518977919,0.20580088850537817,50,0,A
4,fashion,29,emotion,ridge,1.5942401609489145,0.052569980769520956,0.20886570530030482,0.16683810333859855,50,0,A
4,fashion,34,population,ridge,,0.2085082694308178,0.39343500837419465,0.3908570019250358,50,0,A
4,fashion,34,identity,ridge,0.7896792429725333,0.010783140985764583,0.3515937402454444,0.34077474999865726,50,0,A
4,fashion,34,pca,ridge,0.039760551450052334,0.0027272174666546634,0.42036788073277104,0.41660738320476565,50,0,A
4,fashion,34,emotion,ridge,1.7325814126348937,0.21893189645946032,0.40936988385313455,0.4236683855410987,50,0,A
4,fashion,38,population,ridge,,0.23068176733534398,0.43760691653386474,0.43756180388543825,50,0,A
4,fashion,38,identity,ridge,0.7895305770018372,0.0038999552021811708,0.11497037570647597,0.10586345431545138,50,0,A
4,fashion,38,pca,ridge,0.039731748901078036,0.002657714337841804,0.2931670660427885,0.30557609195339036,50,0,A
4,fashion,38,emotion,ridge,1.5908692656095427,0.20026918983941214,0.38423661353767385,0.3709368798517463,50,0,A
4,fashion,43,population,ridge,,0.3148146055450443,0.48017736263617433,0.49947062445074847,50,0,A
4,fashion,43,identity,ridge,0.7891183308215703,0.015629957319214932,0.315743873509865,0.37230032138963504,50,0,A
4,fashion,43,pca,ridge,0.039738997657123354,0.004674913424853255,0.45782861658930424,0.4937311750451539,50,0,A
4,fashion,43,emotion,ridge,1.7575827527147188,0.3475907978105572,0.5827941215268804,0.5699713821829299,50,0,A
4,fashion,48,population,ridge,,0.30640775929577146,0.5253118465882732,0.4793704548058278,50,0,A
4,fashion,48,identity,ridge,0.7893403139031911,0.007710425016091155,0.17516961079164603,0.19094341773522316,50,0,A
4,fashion,48,pca,ridge,0.03976434779556697,0.001643453304776391,0.21510847903792796,0.23066889322410855,50,0,A
4,fashion,48,emotion,ridge,1.674183056520233,0.09630319229507138,0.22239695314452443,0.21600166463928552,50,0,A
4,fashion,49,population,ridge,,0.0886722663621897,0.1535152677561429,0.15364690414760765,50,0,A
4,fashion,49,identity,ridge,0.7889039445279084,0.003575355962018653,0.08404411927872063,0.11534967280509502,50,0,A
4,fashion,49,pca,ridge,0.039745040098933385,0.0008880026438017264,0.16953555415072089,0.13778075595822664,50,0,A
4,fashion,49,emotion,ridge,1.630309126785295,0.056259786528587645,0.18176287554222123,0.1522046227773698,50,0,A
4,fashion,56,population,ridge,,0.013642708045689166,-0.03334213275882405,0.05378495012661456,50,0,A
4,fashion,56,identity,ridge,0.7888033185765984,-0.0020975486266725137,-0.05440644699738305,-0.03708385953512939,50,0,A
4,fashion,56,pca,ridge,0.03972976668558705,0.00025476914266455905,-0.06447309440973306,0.023797719688955214,50,0,A
4,fashion,56,emotion,ridge,1.589107874458114,0.013664666609372336,0.03328394404545786,0.026152649950912085,50,0,A
4,fashion,61,population,ridge,,0.21596593692885208,0.33462609677571353,0.29096794847248825,50,0,A
4,fashion,61,identity,ridge,0.7885915342360521,0.006446423828131524,0.16598695424032328,0.15421502773344384,50,0,A
4,fashion,61,pca,ridge,0.03974920461188905,0.0026106972476790872,0.3426827442380868,0.32643209160073144,50,0,A
4,fashion,61,emotion,ridge,1.6640229856182935,0.13916907840795262,0.2529086725144992,0.22470858848080316,50,0,A
4,fashion,72,population,ridge,,0.09412974807944385,0.16739694073439323,0.21378223945642202,50,0,A
4,fashion,72,identity,ridge,0.7887831765799307,0.005366478405555545,0.16465433433265947,0.20450912094489906,50,0,A
4,fashion,72,pca,ridge,0.03974237060213549,0.0012818871233798834,0.2134825233063839,0.277448608873456,50,0,A
4,fashion,72,emotion,ridge,1.636516194429112,0.05844178541527915,0.11313251407151796,0.16332013808871784,50,0,A
4,fashion,77,population,ridge,,0.31503255059157736,0.47265405807881455,0.4720868813489165,50,0,A
4,fashion,77,identity,ridge,0.7888121240416055,0.012642978587185341,0.43563630882266796,0.3918117104877803,50,0,A
4,fashion,77,pca,ridge,0.039742952851932974,0.003631605795695108,0.4313972589744275,0.4183233126133177,50,0,A
4,fashion,77,emotion,ridge,1.6200841392331333,0.2996427211786557,0.4459874770567436,0.44643210226216834,50,0,A
4,fashion,78,population,ridge,,0.17668580286144175,0.3525526876701372,0.35624137587572224,50,0,A
4,fashion,78,identity,ridge,0.7889417876475414,0.01126524366027443,0.4246714128430623,0.39273832115903423,50,0,A
4,fashion,78,pca,ridge,0.03972979810412209,0.0020790493881859447,0.4124851462625957,0.3930828614538611,50,0,A
4,fashion,78,emotion,ridge,1.6152792101045905,0.18266116653651804,0.4986380554892548,0.46860686212111846,50,0,A
4,fashion,89,population,ridge,,0.11572935756615335,0.23907942415087388,0.27374828222418374,50,0,A
4,fashion,89,identity,ridge,0.7891811063621683,0.011955047712110173,0.36790162262228193,0.385581565893343,50,0,A
4,fashion,89,pca,ridge,0.03973186473415229,0.0035479847290111827,0.5499072975268401,0.5706754176697337,50,0,A
4,fashion,89,emotion,ridge,1.6945067122697295,0.05690976507742487,0.17811540209139257,0.20238948479921073,50,0,A
4,fashion,90,population,ridge,,0.19195151050989898,0.34958308482653466,0.36114610726561125,50,0,A
4,fashion,90,identity,ridge,0.789455423007317,0.008483631151334178,0.2242857127587164,0.2191385393727586,50,0,A
4,fashion,90,pca,ridge,0.03975538160763999,0.002729760405906461,0.266702314366404,0.286539673062464,50,0,A
4,fashion,90,emotion,ridge,1.6908550995307292,0.2661901406260509,0.3478747061656957,0.37778147405870066,50,0,A
4,fashion,97,population,ridge,,0.44498284190432297,0.5672242325468582,0.5800804145891534,50,0,A
4,fashion,97,identity,ridge,0.7889001058978156,0.01505013784035319,0.46625291361826166,0.4800800404474336,50,0,A
4,fashion,97,pca,ridge,0.0397440430419307,0.004743701110027922,0.5603908200537107,0.5563959011247488,50,0,A
4,fashion,97,emotion,ridge,1.7038157502875422,0.394927881438154,0.5388706702618583,0.5293541679499464,50,0,A
4,fashion,103,population,ridge,,0.08410083337288553,0.09463599372887521,0.11005508405861926,50,0,A
4,fashion,103,identity,ridge,0.7891031412319511,0.009790020567711603,0.3092871807693429,0.29511706032773893,50,0,A
4,fashion,103,pca,ridge,0.03976325258206077,0.0011454332299560637,0.18388700994314633,0.19912820121238367,50,0,A
4,fashion,103,emotion,ridge,1.829993951650727,0.1387932291529662,0.2676533268369874,0.24854036933039894,50,0,A
4,fashion,108,population,ridge,,0.25162130852139986,0.4705486362640686,0.46016688740360806,50,0,A
4,fashion,108,identity,ridge,0.7901014313278956,-0.008207199212487283,-0.2655522885168374,-0.2933634786486886,50,0,A
4,fashion,108,pca,ridge,0.03974422823270817,0.0007355407733389848,0.20018330460414815,0.21501660752034943,50,0,A
4,fashion,108,emotion,ridge,1.75607346841696,0.14828965938705338,0.28991218034305366,0.32861432987777756,50,0,A
4,fashion,114,population,ridge,,0.3200093038016307,0.4637698181787697,0.4800568340455809,50,0,A
4,fashion,114,identity,ridge,0.7883834814447802,0.016100616277141853,0.19146272969410943,0.271389126460185,50,0,A
4,fashion,114,pca,ridge,0.03975789775282728,0.0027745600505700253,0.2549942409609732,0.33431502131445234,50,0,A
4,fashion,114,emotion,ridge,1.6394402667214043,0.2554307376540709,0.4210239380096661,0.5014553506894605,50,0,A
4,fashion,115,population,ridge,,0.21588301475192892,0.4117076397500078,0.4449223807501054,50,0,A
4,fashion,115,identity,ridge,0.7881001030642315,0.01384073222278376,0.16457576275514282,0.32740763940308854,50,0,A
4,fashion,115,pca,ridge,0.03975017261295765,0.002829345881641997,0.27830649630704885,0.34978450973696734,50,0,A
4,fashion,115,emotion,ridge,1.6613374144703574,0.2713813922425914,0.35168308593094627,0.42091390913548726,50,0,A
4,fashion,124,population,ridge,,0.22176693705895142,0.3937524829351102,0.4162167633118336,50,0,A
4,fashion,124,identity,ridge,0.7896240520136524,0.011996490280728038,0.22485270671244892,0.28675002108831915,50,0,A
4,fashion,124,pca,ridge,0.039734689951767564,0.0035214022803484284,0.3594520353139288,0.3678507849781071,50,0,A
4,fashion,124,emotion,ridge,1.590495044542116,0.33350154469963744,0.4942075116284034,0.49795133342995473,50,0,A
4,fashion,134,population,ridge,,0.2036080952022222,0.27838777307444074,0.3022196054345464,50,0,A
4,fashion,134,identity,ridge,0.7888740653894513,0.01660807298879064,0.36584521233425604,0.3547866804355298,50,0,A
4,fashion,134,pca,ridge,0.039744433787742416,0.002479951703377217,0.3149371506755576,0.32560841617960806,50,0,A
4,fashion,134,emotion,ridge,1.6669763780224822,0.2084316660157353,0.38678077615247813,0.3438305934460193,50,0,A
4,fashion,135,population,ridge,,0.04064939373083213,0.06340231263867639,0.06051803894590198,50,0,A
4,fashion,135,identity,ridge,0.7890953088256819,0.008354738294651092,0.22808819337575928,0.25056544716654405,50,0,A
4,fashion,135,pca,ridge,0.03975364690157141,0.0008648636358977316,0.11334351864767327,0.11568827095180395,50,0,A
4,fashion,135,emotion,ridge,1.5667748295992228,0.061927656492117046,0.11129182581564033,0.1261055222687509,50,0,A
4,fashion,142,population,ridge,,0.13923659761146057,0.39243536378121097,0.3967238574174736,50,0,A
4,fashion,142,identity,ridge,0.7886294066410016,0.008873690249643034,0.2308652198252703,0.3012373348599769,50,0,A
4,fashion,142,pca,ridge,0.03972572585342668,0.0018217594714549333,0.3105596299209635,0.3242534498697484,50,0,A
4,fashion,142,emotion,ridge,1.6244300210315763,0.1820491795750461,0.32187207642086135,0.3306509252784622,50,0,A
4,fashion,143,population,ridge,,0.2995922575168788,0.39907293615172124,0.43537578857217857,50,0,A
4,fashion,143,identity,ridge,0.788768687289581,0.018908120358061112,0.46588698887793994,0.4851193637225157,50,0,A
4,fashion,143,pca,ridge,0.039743317674190426,0.003681231918609405,0.5047022789977417,0.5419921278677646,50,0,A
4,fashion,143,emotion,ridge,1.7337267993529455,0.22115262133840569,0.46205721358611956,0.4742794008511654,50,0,A
4,landscape,1,population,ridge,,0.36459504400996073,0.5588341852249232,0.5191266288100477,50,0,A
4,landscape,1,identity,ridge,0.08086881339553333,0.0021012224400744845,0.5491487193954686,0.5746727567247272,50,0,A
4,landscape,1,pca,ridge,0.039737664599691594,0.004694898577718606,0.6669790019123839,0.6570728620456222,50,0,A
4,landscape,1,emotion,ridge,3.8080353686149597,0.37767402522234406,0.6026766784765966,0.6349251037799755,50,0,A
4,landscape,2,population,ridge,,0.3172809948054537,0.5865618291870852,0.5698523224878196,50,0,A
4,landscape,2,identity,ridge,0.08086745555639364,0.0014999253453441927,0.4079056659631508,0.4378781731913391,50,0,A
4,landscape,2,pca,ridge,0.03972492191012133,0.005027937802453472,0.5469496010234848,0.5261778434923599,50,0,A
4,landscape,2,emotion,ridge,3.523295743216823,0.4432896709201397,0.5729733306651412,0.568763210594351,50,0,A
4,landscape,12,population,ridge,,0.46998002145800605,0.7212178419754652,0.7409536199100875,50,0,A
4,landscape,12,identity,ridge,0.08089587728758146,0.004194961007222545,0.5865286317863002,0.5919104885305521,50,0,A
4,landscape,12,pca,ridge,0.03973403769857684,0.011526673877220915,0.6986687494831217,0.687179195396851,50,0,A
4,landscape,12,emotion,ridge,3.729849966153107,0.6862777773586936,0.7198053708573764,0.716575253760805,50,0,A
4,landscape,13,population,ridge,,0.05606388671712326,0.031070916739521594,0.10180186646530835,50,0,A
4,landscape,13,identity,ridge,0.08088408736996808,0.0009178191307875347,0.3993856613237093,0.3736251155926468,50,0,A
4,landscape,13,pca,ridge,0.03974806576609946,0.0015167269912892537,0.42021341869855344,0.4660861818234027,50,0,A
4,landscape,13,emotion,ridge,3.5586172746530984,0.09724182163389561,0.34109720684375905,0.3798329192956815,50,0,A
4,landscape,26,population,ridge,,0.1097358718864613,0.26508803564279776,0.21134927958062033,50,0,A
4,landscape,26,identity,ridge,0.0808859741539412,0.0009471140152131331,0.3407923382693084,0.35981313893184425,50,0,A
4,landscape,26,pca,ridge,0.039742667562383385,0.0017941451231291673,0.26744918348300084,0.32924463275714844,50,0,A
4,landscape,26,emotion,ridge,3.6525691485170952,0.21756294866994463,0.3636167673912713,0.3816299436319556,50,0,A
4,landscape,29,population,ridge,,0.18498235286526832,0.19422415914534452,0.22631112984505133,50,0,A
4,landscape,29,identity,ridge,0.08088681806432006,0.0006898074149107156,0.10603286992336788,0.16093532500935823,50,0,A
4,landscape,29,pca,ridge,0.0397404598054939,0.0007598410387077661,0.1758742713014635,0.20203779179449818,50,0,A
4,landscape,29,emotion,ridge,3.702325106642648,0.2209816086380289,0.379502112582869,0.3681699949615139,50,0,A
4,landscape,34,population,ridge,,0.41969528445860665,0.6840685619464298,0.6646462467019261,50,0,A
4,landscape,34,identity,ridge,0.08086825477575976,0.0017095428763697748,0.5857622478974203,0.5765792462718354,50,0,A
4,landscape,34,pca,ridge,0.03972414519030363,0.005503749949431681,0.6878495740252379,0.6628246588550607,50,0,A
4,landscape,34,emotion,ridge,3.595566255275742,0.4923788647168067,0.6543115058456805,0.6432181088655203,50,0,A
4,landscape,38,population,ridge,,0.35400996184983907,0.5141184988213354,0.4727761061231614,50,0,A
4,landscape,38,identity,ridge,0.08088855083969737,0.00016852197693335304,0.16187597187059186,0.1541969653393022,50,0,A
4,landscape,38,pca,ridge,0.0397483774534163,0.0012302155068952632,0.576921429983096,0.4666299344504566,50,0,A
4,landscape,38,emotion,ridge,3.678563175129919,0.07654356638819296,0.31483897648032677,0.33122741374897907,50,0,A
4,landscape,43,population,ridge,,0.1368325873341671,0.4944663629911551,0.5109609511344616,50,0,A
4,landscape,43,identity,ridge,0.08086070906479226,0.0013954881710095423,0.20451128773314176,0.2404423866234601,50,0,A
4,landscape,43,pca,ridge,0.03973282103080813,0.0033412312067931022,0.3402917510105129,0.3992306289435549,50,0,A
4,landscape,43,emotion,ridge,3.62542299892685,0.3552598163032546,0.4829947433697603,0.5008771451099305,50,0,A
4,landscape,48,population,ridge,,0.3533417168801692,0.41171545153854283,0.45368455807244085,50,0,A
4,landscape,48,identity,ridge,0.08087296673093239,0.0026507363193159885,0.4924901996556527,0.549361768558389,50,0,A
4,landscape,48,pca,ridge,0.03972938614731505,0.005326569936403398,0.4599445365500914,0.49924899134389167,50,0,A
4,landscape,48,emotion,ridge,3.862119766268541,0.5132081655272177,0.5304174291015038,0.5772854580994792,50,0,A
4,landscape,49,population,ridge,,0.34768069777894123,0.46018352972965687,0.46293303178289774,50,0,A
4,landscape,49,identity,ridge,0.0808843567265527,0.0013489397299446398,0.2998512460541002,0.31198560062598113,50,0,A
4,landscape,49,pca,ridge,0.03974262663042755,0.004145975558423947,0.4420590107054635,0.44197280430430924,50,0,A
4,landscape,49,emotion,ridge,3.6509796463638096,0.3543832632769128,0.39395932560279645,0.41316776197060234,50,0,A
4,landscape,56,population,ridge,,0.007038092609488792,0.09350378601022696,0.05635466279715185,50,0,A
4,landscape,56,identity,ridge,0.08088173838440872,4.30233878481239e-05,0.04051645973531471,0.01910540437811382,50,0,A
4,landscape,56,pca,ridge,0.039741599681828735,0.0005815516704852933,0.20524275020502103,0.21771169263155274,50,0,A
4,landscape,56,emotion,ridge,3.8319988778788336,0.06093275882474114,0.10508783537367537,0.14187630691502487,50,0,A
4,landscape,61,population,ridge,,0.2585149611563017,0.4859261217387488,0.4684392400645663,50,0,A
4,landscape,61,identity,ridge,0.08088160034417115,0.002268114148732211,0.4620138457796344,0.4104207309668642,50,0,A
4,landscape,61,pca,ridge,0.03973373037379076,0.0050723392016811825,0.5139859230783519,0.49022729178287505,50,0,A
4,landscape,61,emotion,ridge,3.662288343098371,0.37673905302115357,0.4449629081042915,0.4497436399938604,50,0,A
4,landscape,72,population,ridge,,-0.012176011756109802,-0.060975540208916545,-0.03456735274150448,50,0,A
4,landscape,72,identity,ridge,0.080877673128107,0.0016298584812096996,0.39327999026313243,0.4000780815451181,50,0,A
4,landscape,72,pca,ridge,0.03974201152928054,0.0011759588585248857,0.2065821916475582,0.2298029831441828,50,0,A
4,landscape,72,emotion,ridge,3.704090081700154,0.29148707677001306,0.4306489357887575,0.447446797200144,50,0,A
4,landscape,77,population,ridge,,0.21881163745072102,0.41780670023554967,0.387047221222358,50,0,A
4,landscape,77,identity,ridge,0.08088548949290823,0.0013948060813739928,0.3599670902275572,0.4034793180787412,50,0,A
4,landscape,77,pca,ridge,0.03972925247957891,0.0031366731851550406,0.36746028271800835,0.382233929955521,50,0,A
4,landscape,77,emotion,ridge,3.585531416268717,0.41731893016778576,0.5839302879977094,0.5229700571818184,50,0,A
4,landscape,78,population,ridge,,0.1737222991929681,0.3732132914235257,0.3600227862190428,50,0,A
4,landscape,78,identity,ridge,0.08086137103057278,0.001469679494815203,0.2056631947204091,0.22405913118612714,50,0,A
4,landscape,78,pca,ridge,0.03973598517661575,0.002425493349458814,0.26526716220035546,0.2545905637887775,50,0,A
4,landscape,78,emotion,ridge,3.401488169378043,0.20964182412374574,0.28680720985399943,0.294329010997367,50,0,A
4,landscape,89,population,ridge,,0.24625953636876755,0.4334409698932217,0.49584752648359554,50,0,A
4,landscape,89,identity,ridge,0.08087645845442591,0.00024469396311874614,0.1810651165362895,0.10463330606083879,50,0,A
4,landscape,89,pca,ridge,0.03973856560807125,0.00037732718445391937,0.179091116901116,0.1421633184660231,50,0,A
4,landscape,89,emotion,ridge,3.671055974233505,0.027829027612507627,0.12663207659638015,0.07648809941718343,50,0,A
4,landscape,90,population,ridge,,0.2591804257765179,0.5066784288159514,0.4622194659572491,50,0,A
4,landscape,90,identity,ridge,0.08088336781090609,0.0017621696349756082,0.40906055189291024,0.3845280538101766,50,0,A
4,landscape,90,pca,ridge,0.03973377334144552,0.0046716023131850165,0.4832135697428791,0.42417392808444754,50,0,A
4,landscape,90,emotion,ridge,3.684270340609718,0.37875649068810485,0.45121603464323506,0.431008223722731,50,0,A
4,landscape,97,population,ridge,,0.5551966231658625,0.6249347971020266,0.6211423713003856,50,0,A
4,landscape,97,identity,ridge,0.08089145808294426,0.0014579302434037916,0.3105116307301933,0.34231307583183784,50,0,A
4,landscape,97,pca,ridge,0.039743268100476986,0.006259942668144823,0.6474395227114625,0.6228224099449418,50,0,A
4,landscape,97,emotion,ridge,3.582055695659119,0.4982824150391248,0.5626717229159206,0.5882554249303625,50,0,A
4,landscape,103,population,ridge,,0.3389476413647932,0.4718232766833676,0.4891887340238163,50,0,A
4,landscape,103,identity,ridge,0.08085555726459122,0.0027292195093973634,0.5316696031116535,0.4753878141524941,50,0,A
4,landscape,103,pca,ridge,0.03973714240360679,0.0051661233993078835,0.5185689147392923,0.5000797964281337,50,0,A
4,landscape,103,emotion,ridge,3.4454160977266093,0.40022345975505697,0.510083241589013,0.4889328673958191,50,0,A
4,landscape,108,population,ridge,,0.2867128156433946,0.5295519489058219,0.4684749096818545,50,0,A
4,landscape,108,identity,ridge,0.08089484421163853,0.0016847093062327576,0.36828800447659693,0.3741441650871369,50,0,A
4,landscape,108,pca,ridge,0.03974993902875388,0.003893462573086702,0.43096906316897815,0.384550167081185,50,0,A
4,landscape,108,emotion,ridge,3.7964861327767383,0.3556545571957602,0.4396502426592376,0.40150720719893795,50,0,A
4,landscape,114,population,ridge,,0.27996365057008393,0.48659307822778697,0.43882015094640703,50,0,A
4,landscape,114,identity,ridge,0.08089208183721061,0.0011349827353565915,0.39015210535501177,0.3380108218477558,50,0,A
4,landscape,114,pca,ridge,0.039741266718021286,0.0027333835920370763,0.39638536368443106,0.3510779189911616,50,0,A
4,landscape,114,emotion,ridge,3.719217668884583,0.26451935557792955,0.4297956283301185,0.3989743757686129,50,0,A
4,landscape,115,population,ridge,,0.17105948463874174,0.27611313706872903,0.2509889700568514,50,0,A
4,landscape,115,identity,ridge,0.08086895201391238,0.0010225746005937083,0.24186934069597543,0.21002477802063776,50,0,A
4,landscape,115,pca,ridge,0.039745391456738575,0.0021875719104267875,0.25170477694739796,0.2330237293184768,50,0,A
4,landscape,115,emotion,ridge,3.511190587673002,0.21358444154677475,0.25067488833468354,0.2537457774351012,50,0,A
4,landscape,124,population,ridge,,0.24350261442328688,0.5325689176195462,0.5208339336053279,50,0,A
4,landscape,124,identity,ridge,0.08087206519418802,0.0019433986594892382,0.41096923552595016,0.39085254882201326,50,0,A
4,landscape,124,pca,ridge,0.03972911767182912,0.004200969390875687,0.5380240420201561,0.5192504662191112,50,0,A
4,landscape,124,emotion,ridge,3.4549743465873815,0.3207821221149657,0.47623236017324716,0.46831180176599035,50,0,A
4,landscape,134,population,ridge,,0.2924243249837904,0.4564423012190129,0.4013733150608668,50,0,A
4,landscape,134,identity,ridge,0.08087471807793428,0.001501627931886573,0.3735159155145481,0.3426458396043966,50,0,A
4,landscape,134,pca,ridge,0.0397341447660367,0.004415613399553757,0.46799843032735045,0.4374319465759422,50,0,A
4,landscape,134,emotion,ridge,3.7147417838076016,0.30030855499483905,0.41001939630311635,0.369872100517161,50,0,A
4,landscape,135,population,ridge,,0.42640324048808353,0.44144318613598993,0.5206040849359583,50,0,A
4,landscape,135,identity,ridge,0.08085744960874987,0.002074983408824689,0.3719831292493592,0.39205400498690224,50,0,A
4,landscape,135,pca,ridge,0.0397401479468606,0.005568614193067481,0.4159692244987518,0.4964981259214554,50,0,A
4,landscape,135,emotion,ridge,3.558750200358742,0.38005876740772976,0.39698242079397794,0.4668341150343587,50,0,A
4,landscape,142,population,ridge,,0.2862333395117961,0.4648228057109642,0.474702583501887,50,0,A
4,landscape,142,identity,ridge,0.08087611667675089,0.000454898442610634,0.08577294427426382,0.11390125062111123,50,0,A
4,landscape,142,pca,ridge,0.03974354281588981,0.00428015449412808,0.4162495923350349,0.41667084720325537,50,0,A
4,landscape,142,emotion,ridge,3.5748088590018003,0.32629796047718435,0.42618276480455003,0.44557248409876316,50,0,A
4,landscape,143,population,ridge,,0.4534441300472685,0.688539689143654,0.6879546991334784,50,0,A
4,landscape,143,identity,ridge,0.08086790889598351,0.002894577291853,0.5959814032835941,0.6234259141574174,50,0,A
4,landscape,143,pca,ridge,0.03974391198939599,0.008574266270386089,0.7089804768956868,0.7345443103612675,50,0,A
4,landscape,143,emotion,ridge,3.771784955891963,0.6468450784429093,0.6780943966248891,0.7022026119362886,50,0,A
