fold,domain,user_id,mediator,head,eff_dof,ccc,srocc,plcc,backbone
0,art,3,population,lasso,,0.06244597436658254,0.09650990358644981,0.08555433108989885,clip
0,art,3,identity,lasso,35.0,0.11805542319585827,0.18126225546693617,0.19203999855807813,clip
0,art,3,emotion,lasso,5.0,0.004572435084885641,0.007887357602750467,0.017086766615520714,clip
0,art,14,population,lasso,,0.31370112526113064,0.6348446126598832,0.6277535882340936,clip
0,art,14,identity,lasso,37.0,0.4574092611421935,0.5847762792304831,0.5139173623351251,clip
0,art,14,emotion,lasso,5.0,0.42670944238171626,0.5315786749617456,0.5249331201411305,clip
0,art,15,population,lasso,,0.170330874319862,0.24841961917707003,0.23491191478839452,clip
0,art,15,identity,lasso,14.0,0.09808162752461476,0.04710307871100067,0.17712137392133764,clip
0,art,15,emotion,lasso,4.0,0.11994626537521207,0.2469858163301737,0.20654328828196594,clip
0,art,19,population,lasso,,0.5100816440178864,0.5784765375270383,0.5871520125362644,clip
0,art,19,identity,lasso,32.0,0.2667260885699878,0.35879811454962374,0.3473639321851929,clip
0,art,19,emotion,lasso,7.0,0.5352613163912975,0.6527003098681812,0.6547100940016466,clip
0,art,21,population,lasso,,0.2594251237736896,0.4606521793022512,0.4698586977453104,clip
0,art,21,identity,lasso,32.0,0.3532389658088626,0.4189575994745881,0.4167708371757462,clip
0,art,21,emotion,lasso,7.0,0.4382760591433921,0.5210062152409674,0.5059778540278526,clip
0,art,22,population,lasso,,0.29209273306723527,0.40605604620344987,0.4261343742780548,clip
0,art,22,identity,lasso,40.0,0.3165300836300831,0.35483650656243915,0.35922564879148255,clip
0,art,22,emotion,lasso,6.0,0.2990330974958319,0.35663795424943284,0.3275504500275303,clip
0,art,30,population,lasso,,-0.2006022222447219,-0.24192374150908877,-0.2277854896623564,clip
0,art,30,identity,lasso,33.0,0.20609790666154426,0.28005195179189896,0.26997080049267347,clip
0,art,30,emotion,lasso,7.0,0.18502130319817048,0.326488254587695,0.2877996442656988,clip
0,art,50,population,lasso,,0.49205459199587953,0.48744075438804885,0.5156871375572091,clip
0,art,50,identity,lasso,25.0,0.3130177732931372,0.4551445826826143,0.4661355946418276,clip
0,art,50,emotion,lasso,6.0,0.40398346173750543,0.5081124082646544,0.5066728288667978,clip
0,art,57,population,lasso,,0.45601703052739867,0.5326254756634917,0.5293606739522505,clip
0,art,57,identity,lasso,20.0,0.3363127253832479,0.40360847063204564,0.44632689346016885,clip
0,art,57,emotion,lasso,6.0,0.4039674039456716,0.529893222274431,0.5018149184904251,clip
0,art,62,population,lasso,,0.263475203195587,0.49430687187198796,0.5093199706610158,clip
0,art,62,identity,lasso,32.0,0.402124340298708,0.5040512725719735,0.49959302189629917,clip
0,art,62,emotion,lasso,4.0,0.3099603691488258,0.4260468528271406,0.41628908149769317,clip
0,art,63,population,lasso,,0.12804777934943723,0.16262231340284578,0.17901892288946367,clip
0,art,63,identity,lasso,32.0,0.07650636923818155,0.021773070584868544,0.1297628736942388,clip
0,art,63,emotion,lasso,7.0,0.030647387847041963,-0.02022142647422274,0.046485140242088045,clip
0,art,79,population,lasso,,0.4557779033208845,0.46484688180690287,0.5088420310205154,clip
0,art,79,identity,lasso,23.0,0.31779693503370066,0.46042460966724175,0.47462713928099426,clip
0,art,79,emotion,lasso,6.0,0.37901210135775104,0.4521392032446584,0.46203199231324354,clip
0,art,80,population,lasso,,0.3463860690637057,0.6837564576332503,0.6692933798909327,clip
0,art,80,identity,lasso,35.0,0.7729800350497886,0.7589215230290596,0.811294728530231,clip
0,art,80,emotion,lasso,5.0,0.5863880600895969,0.6470090923286325,0.6271893998253104,clip
0,art,85,population,lasso,,0.047278400055445535,0.01661762040951794,0.08824923961932185,clip
0,art,85,identity,lasso,29.0,0.2795244941648478,0.35943862127376264,0.3757527817837126,clip
0,art,85,emotion,lasso,7.0,0.10523912527514988,0.15540270095506378,0.1585495663221222,clip
0,art,86,population,lasso,,0.398131696921942,0.6351343826170743,0.643665389278786,clip
0,art,86,identity,lasso,27.0,0.28642235428877594,0.502925757051329,0.4398144779097549,clip
0,art,86,emotion,lasso,7.0,0.3886769033815061,0.6619314276645546,0.65149599647697,clip
0,art,98,population,lasso,,0.202111263935649,0.3866802881424239,0.3879868321891357,clip
0,art,98,identity,lasso,40.0,0.35019565286566,0.3596693515073635,0.3745325304709748,clip
0,art,98,emotion,lasso,6.0,0.28273118684904963,0.24960471372252832,0.2942592531722115,clip
0,art,99,population,lasso,,0.4712366498744009,0.7175395719798754,0.731849245974576,clip
0,art,99,identity,lasso,44.0,0.6141579909035493,0.6612867235367981,0.6619969102844265,clip
0,art,99,emotion,lasso,6.0,0.6722053225249337,0.7179767702838372,0.7205274079913261,clip
0,art,105,population,lasso,,0.19539536554335737,0.2579347676457762,0.25176478727640533,clip
0,art,105,identity,lasso,29.0,0.11622630795146381,0.15080562893564453,0.19465677922682106,clip
0,art,105,emotion,lasso,4.0,0.08902533607551921,0.24104056209779626,0.24041115536729987,clip
0,art,109,population,lasso,,0.36351336096781284,0.4497326599499079,0.47881967156644123,clip
0,art,109,identity,lasso,31.0,0.26066048950636533,0.4095381831376356,0.37575448412318485,clip
0,art,109,emotion,lasso,5.0,0.35470950880626256,0.50389902038962,0.5062505162546946,clip
0,art,110,population,lasso,,0.3220496067491026,0.4865427806559464,0.5087595812214964,clip
0,art,110,identity,lasso,28.0,0.33112231126292085,0.49579264340605955,0.43857201367282395,clip
0,art,110,emotion,lasso,4.0,0.3904085023167067,0.43330468171640685,0.45782414656694653,clip
0,art,116,population,lasso,,0.36766002758745114,0.5825308081123058,0.5988767191502403,clip
0,art,116,identity,lasso,25.0,0.5744617161102065,0.630426558430253,0.6373223991328141,clip
0,art,116,emotion,lasso,6.0,0.5966414968648559,0.5897101501410967,0.6225680801270953,clip
0,art,117,population,lasso,,0.4300957843084696,0.7340510690551971,0.7427844449451173,clip
0,art,117,identity,lasso,43.0,0.5171814185720229,0.5579591437079775,0.5731506546697924,clip
0,art,117,emotion,lasso,6.0,0.647605291673608,0.6719902987033399,0.7087621520320084,clip
0,art,126,population,lasso,,0.38637649658734474,0.47267040866740073,0.4782998609015313,clip
0,art,126,identity,lasso,32.0,0.40493014856975384,0.5143737249321182,0.530180262601093,clip
0,art,126,emotion,lasso,4.0,0.33534234925846207,0.4038870169061134,0.40661770149954807,clip
0,art,127,population,lasso,,0.252174374800148,0.45159857309690626,0.4895661146221735,clip
0,art,127,identity,lasso,40.0,0.45554426879402776,0.5210337552040586,0.5230408885734482,clip
0,art,127,emotion,lasso,6.0,0.617212766273004,0.6510713754047325,0.6761758556765591,clip
0,art,136,population,lasso,,0.36244528725877473,0.3371409319202754,0.3803233566306861,clip
0,art,136,identity,lasso,28.0,0.2758772999583885,0.35234470147707114,0.37531904016701034,clip
0,art,136,emotion,lasso,5.0,0.3813247002997003,0.4107144181671472,0.402370909769526,clip
0,art,144,population,lasso,,0.1756245052601044,0.6770972883882282,0.6817389780652593,clip
0,art,144,identity,lasso,13.0,0.24979518662453776,0.502491820385146,0.5153563618942737,clip
0,art,144,emotion,lasso,4.0,0.5656676467774251,0.65761007097717,0.6784854781374965,clip
0,fashion,3,population,lasso,,0.2396605581041413,0.4839319071524737,0.4956097398022119,clip
0,fashion,3,identity,lasso,30.0,0.38105460599637003,0.40143506826552083,0.46275245132737375,clip
0,fashion,3,emotion,lasso,7.0,0.316411426538983,0.3652157353968346,0.4198578846772509,clip
0,fashion,14,population,lasso,,0.228066268152598,0.4560145842561296,0.5475740518544311,clip
0,fashion,14,identity,lasso,37.0,0.44373144213926347,0.5069393229890186,0.49878718172386083,clip
0,fashion,14,emotion,lasso,7.0,0.5990786743895006,0.682499536074918,0.692753429191548,clip
0,fashion,15,population,lasso,,-0.0035331340501664537,-0.0264934171617345,-0.007926371612955485,clip
0,fashion,15,identity,lasso,8.0,0.004151945641848164,-0.0441556952695575,0.01890236474998465,clip
0,fashion,15,emotion,lasso,5.0,0.012939616357226931,0.00043343013761528836,0.028301082908922564,clip
0,fashion,19,population,lasso,,0.3114006469586485,0.3881165033055951,0.4585400395299601,clip
0,fashion,19,identity,lasso,33.0,0.08673324731358484,0.18715989548300696,0.14758338779434882,clip
0,fashion,19,emotion,lasso,7.0,0.43270394974763265,0.5442208777545636,0.5577376296058456,clip
0,fashion,21,population,lasso,,0.09668405940407297,0.14585631970193683,0.1786397776636118,clip
0,fashion,21,identity,lasso,23.0,0.03390966674148143,0.09427360324344096,0.04834722074515687,clip
0,fashion,21,emotion,lasso,6.0,0.1478783491841956,0.23073287567673897,0.23857841525361959,clip
0,fashion,22,population,lasso,,0.16015398905354156,0.4079398013921249,0.38454690542816017,clip
0,fashion,22,identity,lasso,43.0,0.2824854044334489,0.3645626898940375,0.3667320249103525,clip
0,fashion,22,emotion,lasso,7.0,0.25999145819666675,0.381426151218013,0.3530441071159402,clip
0,fashion,30,population,lasso,,0.194648689746304,0.38992434587068125,0.3596195521420531,clip
0,fashion,30,identity,lasso,33.0,0.4534727491561342,0.470420373489651,0.5123686155923132,clip
0,fashion,30,emotion,lasso,7.0,0.5003559007127268,0.5888815436046206,0.5763703177271737,clip
0,fashion,50,population,lasso,,0.03787796534901183,0.019838618926909843,0.0640800836267629,clip
0,fashion,50,identity,lasso,19.0,0.09855530510604048,0.2794958242919872,0.27567635645463834,clip
0,fashion,50,emotion,lasso,7.0,0.08819934943253595,0.07366350459455799,0.16367703678778528,clip
0,fashion,57,population,lasso,,0.07920419255406654,0.20213833560044592,0.14455378707669053,clip
0,fashion,57,identity,lasso,27.0,0.08195949301765255,0.16445677661466312,0.13511811621373804,clip
0,fashion,57,emotion,lasso,7.0,0.17413655904529762,0.29458720155049667,0.25460871612602864,clip
0,fashion,62,population,lasso,,0.14397859756846207,0.29439797253124367,0.2800335864237131,clip
0,fashion,62,identity,lasso,34.0,0.19430481257802387,0.2744052374660861,0.2722949926292738,clip
0,fashion,62,emotion,lasso,7.0,0.22532267069234715,0.2788095776165787,0.27007233724916974,clip
0,fashion,63,population,lasso,,0.14940974929720172,0.18998589373809346,0.2378652494280946,clip
0,fashion,63,identity,lasso,24.0,0.05950872046348717,0.13379921380766363,0.12280745581671411,clip
0,fashion,63,emotion,lasso,6.0,0.09511244886061906,0.0906478436210935,0.15918649171215005,clip
0,fashion,79,population,lasso,,0.4381951747783783,0.4553763346583937,0.5367848430143122,clip
0,fashion,79,identity,lasso,21.0,0.3481907898935681,0.585037432984459,0.6004354818480974,clip
0,fashion,79,emotion,lasso,7.0,0.45080457263990714,0.49236381509751626,0.5487616025792246,clip
0,fashion,80,population,lasso,,0.1371169223818804,0.2796556776962023,0.2862229815809446,clip
0,fashion,80,identity,lasso,38.0,0.31713398192513736,0.41867639415808916,0.42686101335829074,clip
0,fashion,80,emotion,lasso,5.0,0.29987276159561443,0.3018148559359049,0.3515023377360627,clip
0,fashion,85,population,lasso,,0.24003265423921621,0.3949097365807394,0.41386976703149986,clip
0,fashion,85,identity,lasso,30.0,0.12902744664906968,0.2294134500604744,0.229604337093286,clip
0,fashion,85,emotion,lasso,7.0,0.3846704927097749,0.5251532490561351,0.4812896967561256,clip
0,fashion,86,population,lasso,,0.06894700156271862,0.1258841896009291,0.15462295231988998,clip
0,fashion,86,identity,lasso,27.0,0.12283022308364383,0.17881959206427686,0.19895650410890922,clip
0,fashion,86,emotion,lasso,7.0,0.054795077510035615,0.12763536075992452,0.11821156230042275,clip
0,fashion,98,population,lasso,,0.1501533178962835,0.29205914624811036,0.3262209613528578,clip
0,fashion,98,identity,lasso,49.0,0.2831180069205464,0.34173374389568806,0.33558773487253923,clip
0,fashion,98,emotion,lasso,7.0,0.27950162157001057,0.41884717561934887,0.3986301515311286,clip
0,fashion,99,population,lasso,,0.23612794513757815,0.4179914088845003,0.43925436245729843,clip
0,fashion,99,identity,lasso,36.0,0.4870558755635706,0.5352759181284635,0.5723326520719291,clip
0,fashion,99,emotion,lasso,7.0,0.38488265729779647,0.41603176796146,0.4355535532890208,clip
0,fashion,105,population,lasso,,0.050754248107858245,0.06910712486382817,0.10191217832226677,clip
0,fashion,105,identity,lasso,36.0,0.06592787488273383,0.1056344246776109,0.079325295901751,clip
0,fashion,105,emotion,lasso,7.0,0.09372655317623631,0.10084482196427628,0.11822859624828705,clip
0,fashion,109,population,lasso,,0.35344070422277435,0.47583050850171443,0.5518199729279372,clip
0,fashion,109,identity,lasso,28.0,0.17350820002582037,0.3307503438754728,0.24517052800339356,clip
0,fashion,109,emotion,lasso,7.0,0.22922325620006467,0.2953797693350898,0.3182317615161187,clip
0,fashion,110,population,lasso,,0.2792929848439288,0.35576561654859573,0.39240457996816147,clip
0,fashion,110,identity,lasso,29.0,0.15719660347593162,0.22725028427851313,0.24096487151198706,clip
0,fashion,110,emotion,lasso,7.0,0.20790833482932147,0.2529833309811152,0.2751759016493993,clip
0,fashion,116,population,lasso,,0.18504161756017745,0.25824586907985814,0.33243124401410473,clip
0,fashion,116,identity,lasso,15.0,0.08084188114354769,0.1669701784903248,0.17757837040666527,clip
0,fashion,116,emotion,lasso,7.0,0.21438799162188954,0.32449111147909004,0.4369418940896283,clip
0,fashion,117,population,lasso,,0.33941408932361694,0.4563161878946497,0.5323407193592141,clip
0,fashion,117,identity,lasso,35.0,0.3919361469851344,0.4452588510363148,0.4771147074396587,clip
0,fashion,117,emotion,lasso,7.0,0.43091232934781226,0.4781292978788195,0.501700419610938,clip
0,fashion,126,population,lasso,,0.25265189808126404,0.29904893017068673,0.42293721357039643,clip
0,fashion,126,identity,lasso,30.0,0.14065671360149337,0.11378156506494258,0.2052334704911563,clip
0,fashion,126,emotion,lasso,7.0,0.2856943391660546,0.2384349288860904,0.40678698774993166,clip
0,fashion,127,population,lasso,,0.21000503569906825,0.4848026866646597,0.46578442555141464,clip
0,fashion,127,identity,lasso,49.0,0.39108648976741567,0.4833289729550701,0.4736504665117019,clip
0,fashion,127,emotion,lasso,7.0,0.2520586639519643,0.29420238022440437,0.27820031475413126,clip
0,fashion,136,population,lasso,,0.23656803616125155,0.48993497500706024,0.4390064571819795,clip
0,fashion,136,identity,lasso,27.0,0.1671142563626773,0.27177728662652584,0.23860142098701287,clip
0,fashion,136,emotion,lasso,7.0,0.3631046232878833,0.4957727903696156,0.4742147094379824,clip
0,fashion,144,population,lasso,,0.14790552710757238,0.5312154686982553,0.4816150838318414,clip
0,fashion,144,identity,lasso,19.0,0.16123803064084444,0.3102346993513997,0.28300918325110874,clip
0,fashion,144,emotion,lasso,7.0,0.3356490590589563,0.5149460129734065,0.42492016889129625,clip
0,landscape,3,population,lasso,,0.21840095736192205,0.3678589152408996,0.34409513886621435,clip
0,landscape,3,identity,lasso,31.0,0.42652969278198394,0.5876213648748314,0.5617358306763083,clip
0,landscape,3,emotion,lasso,6.0,0.23515379018517385,0.38493169813928996,0.3311236680792827,clip
0,landscape,14,population,lasso,,0.1902212225218313,0.4291104932349346,0.3977178528080082,clip
0,landscape,14,identity,lasso,29.0,0.37778881013857224,0.50069674696763,0.5199854900683536,clip
0,landscape,14,emotion,lasso,5.0,0.27904091783495566,0.3574224822119298,0.36880443157971987,clip
0,landscape,15,population,lasso,,0.026356530512429355,-0.015203040912304105,0.041834676634250695,clip
0,landscape,15,identity,lasso,8.0,-0.014001444117496329,-0.11442288686628879,-0.07812609456260457,clip
0,landscape,15,emotion,lasso,2.0,0.005269592153456729,0.06481296388929644,0.0828174862757798,clip
0,landscape,19,population,lasso,,0.47538108814529223,0.4718872153494994,0.560924341781841,clip
0,landscape,19,identity,lasso,29.0,0.4140311717666119,0.4872244415475558,0.5690628760985607,clip
0,landscape,19,emotion,lasso,4.0,0.6134399836428891,0.5349685642969868,0.6666489146880005,clip
0,landscape,21,population,lasso,,0.12342634442761023,0.20664795323969756,0.21402055897675076,clip
0,landscape,21,identity,lasso,32.0,0.22888593083673786,0.26014871539000445,0.24513874931911855,clip
0,landscape,21,emotion,lasso,4.0,0.29922443979139934,0.3925404318975435,0.35575752488109313,clip
0,landscape,22,population,lasso,,0.254212730362863,0.39218738681460996,0.42894532192414014,clip
0,landscape,22,identity,lasso,48.0,0.24820988517075498,0.2845625110891987,0.2913869461884668,clip
0,landscape,22,emotion,lasso,3.0,0.308515114489319,0.3977928490919751,0.3988375440921172,clip
0,landscape,30,population,lasso,,0.2832283906180785,0.680362500216521,0.7194775292857802,clip
0,landscape,30,identity,lasso,35.0,0.39258678091355215,0.4738666885316037,0.4643795131436783,clip
0,landscape,30,emotion,lasso,4.0,0.6274862714006101,0.7220112322468043,0.7665196769844015,clip
0,landscape,50,population,lasso,,0.3598059086966286,0.35666355049717013,0.39141668592330886,clip
0,landscape,50,identity,lasso,22.0,0.17012882004581292,0.144343330750061,0.21366440174539042,clip
0,landscape,50,emotion,lasso,4.0,0.38849045356178497,0.35768535499949916,0.4219238238211557,clip
0,landscape,57,population,lasso,,0.09092664391389728,0.11796887501806204,0.1079019140082144,clip
0,landscape,57,identity,lasso,26.0,0.13657420713154772,0.12040068954694313,0.20080821994709475,clip
0,landscape,57,emotion,lasso,4.0,0.1234123945609052,0.1737453869783563,0.18157872027122052,clip
0,landscape,62,population,lasso,,0.40692227388268154,0.6854607249013398,0.6880161383622911,clip
0,landscape,62,identity,lasso,42.0,0.40264079064026775,0.4369973622431768,0.46629295628421574,clip
0,landscape,62,emotion,lasso,7.0,0.25131401253379315,0.25392955663664246,0.34748338134212964,clip
0,landscape,63,population,lasso,,0.1897986699421688,0.23574569961102546,0.25528033903025105,clip
0,landscape,63,identity,lasso,23.0,-0.012266066552808588,-0.07746225421239086,-0.03140751874041473,clip
0,landscape,63,emotion,lasso,2.0,0.019421264885067346,0.07710052253828364,0.04771147397950087,clip
0,landscape,80,population,lasso,,0.3783660371216927,0.6219887192616687,0.6127269536066563,clip
0,landscape,80,identity,lasso,38.0,0.47125358992324834,0.5501231466750771,0.5314650228461992,clip
0,landscape,80,emotion,lasso,5.0,0.6619550113782183,0.7533679691465311,0.7339850486145226,clip
0,landscape,85,population,lasso,,0.10718768673345637,0.15336527411516662,0.15434273407933594,clip
0,landscape,85,identity,lasso,33.0,0.41592109658657833,0.4418712475642819,0.5360265012609741,clip
0,landscape,85,emotion,lasso,5.0,0.5452827042827716,0.6154528532673569,0.6330670956518498,clip
0,landscape,86,population,lasso,,0.4826990294301457,0.5760048836012421,0.5869740778170492,clip
0,landscape,86,identity,lasso,25.0,0.2337349175843067,0.396940263815045,0.39092175243918853,clip
0,landscape,86,emotion,lasso,4.0,0.4462753533440743,0.5748241249271933,0.5815714167196872,clip
0,landscape,98,population,lasso,,0.2499894349384502,0.5597176293607063,0.5588316207735676,clip
0,landscape,98,identity,lasso,41.0,0.2936033886814396,0.34850623010844306,0.36455799369128716,clip
0,landscape,98,emotion,lasso,6.0,0.31328226941066556,0.40733273601402775,0.44279124447068485,clip
0,landscape,99,population,lasso,,0.4216021634512566,0.6297973391006445,0.5981395537392994,clip
0,landscape,99,identity,lasso,42.0,0.501215380974227,0.5703963325017248,0.5533199323050764,clip
0,landscape,99,emotion,lasso,6.0,0.4984832636574689,0.6283306475796835,0.5984535416565163,clip
0,landscape,105,population,lasso,,0.24686276216606276,0.3441793020116291,0.39199966796022434,clip
0,landscape,105,identity,lasso,23.0,0.15805830628230674,0.20212656292088732,0.21887311028023226,clip
0,landscape,105,emotion,lasso,5.0,0.18994717186228874,0.3259335297992584,0.4038510991215854,clip
0,landscape,109,population,lasso,,0.34414711193724906,0.4496169168889252,0.4820863080158258,clip
0,landscape,109,identity,lasso,27.0,0.10454900577572139,0.23094860136232895,0.22204474873299615,clip
0,landscape,109,emotion,lasso,4.0,0.22099393882229879,0.426145725412565,0.4464341103621919,clip
0,landscape,110,population,lasso,,0.5694278458742879,0.6889092464580163,0.6714799388543822,clip
0,landscape,110,identity,lasso,20.0,0.48021999286346645,0.5714454578914422,0.5453273669737655,clip
0,landscape,110,emotion,lasso,4.0,0.6140605988240464,0.7504378976119361,0.6910928949989394,clip
0,landscape,116,population,lasso,,0.1469564695733181,0.33811645708670063,0.37390360118295896,clip
0,landscape,116,identity,lasso,22.0,0.2880905063015938,0.27663605268120844,0.3221401703745649,clip
0,landscape,116,emotion,lasso,4.0,0.2831947597932436,0.30137251044703933,0.32618955017987356,clip
0,landscape,117,population,lasso,,0.4656355165710192,0.574185554388335,0.5587140675973662,clip
0,landscape,117,identity,lasso,42.0,0.28081205215749805,0.28661340618030956,0.33016673982286776,clip
0,landscape,117,emotion,lasso,4.0,0.5001605456135434,0.5906860092863915,0.5779935804269837,clip
0,landscape,126,population,lasso,,0.27652004219522264,0.4313439632413989,0.4639370339405745,clip
0,landscape,126,identity,lasso,43.0,0.07322664982341959,0.04332082797340255,0.11443627686267162,clip
0,landscape,126,emotion,lasso,4.0,0.2802700516044397,0.4762347419454344,0.43880090907240155,clip
0,landscape,127,population,lasso,,0.24239028435349758,0.3489802678615658,0.36897565034512747,clip
0,landscape,127,identity,lasso,45.0,0.32346232596099633,0.29628370969448803,0.34976321147679157,clip
0,landscape,127,emotion,lasso,6.0,0.27977302413329125,0.2317573119388827,0.29630065156718133,clip
0,landscape,136,population,lasso,,0.30820303248794506,0.4299502982581029,0.45226511211136483,clip
0,landscape,136,identity,lasso,31.0,0.10015476299398421,0.16100649244393395,0.15545006145699589,clip
0,landscape,136,emotion,lasso,5.0,0.20715121748892323,0.287782864675548,0.3176176152950514,clip
0,landscape,144,population,lasso,,0.2580208615208569,0.5723157767195047,0.5799183307316691,clip
0,landscape,144,identity,lasso,18.0,0.42094581255709534,0.5556217210891323,0.5800139513609784,clip
0,landscape,144,emotion,lasso,4.0,0.4965877530655621,0.5387202858857119,0.5447853240872689,clip
1,art,5,population,lasso,,0.1037767326088451,0.20800207446364047,0.20058738436729118,clip
1,art,5,identity,lasso,22.0,0.1589866626003758,0.309391564231737,0.27712114030138907,clip
1,art,5,emotion,lasso,4.0,0.07174715907444307,0.19975777756835583,0.23554196122016247,clip
1,art,6,population,lasso,,0.483222635256224,0.6943809093714995,0.6605410388540316,clip
1,art,6,identity,lasso,41.0,0.5380853467477177,0.5283896665668377,0.5576722860953367,clip
1,art,6,emotion,lasso,4.0,0.7014610524606149,0.7592017611726594,0.7251366959078249,clip
1,art,16,population,lasso,,0.26333704164463034,0.47110996554910367,0.4716768219784439,clip
1,art,16,identity,lasso,50.0,0.32581101772084065,0.28121310993348136,0.3399144297315778,clip
1,art,16,emotion,lasso,4.0,0.3928190102220259,0.47437648398973187,0.4910369899133833,clip
1,art,17,population,lasso,,0.09829137735557514,0.11852528135453723,0.11833261397452752,clip
1,art,17,identity,lasso,38.0,0.2259584642198536,0.28187806141524363,0.2899393615622376,clip
1,art,17,emotion,lasso,3.0,0.09968695013565569,0.18613477283142113,0.1783662043710544,clip
1,art,23,population,lasso,,0.10287434410490688,0.126978898796567,0.15107175374091217,clip
1,art,23,identity,lasso,41.0,0.14157250801194166,0.18722005078377557,0.1691082001127378,clip
1,art,23,emotion,lasso,5.0,0.06428510631894394,0.09395454178397149,0.13458989033305233,clip
1,art,35,population,lasso,,0.09049305837033318,0.09559052126134217,0.11309259312163514,clip
1,art,35,identity,lasso,25.0,-0.09727037233541319,-0.11993118289113867,-0.16447026099946513,clip
1,art,35,emotion,lasso,2.0,0.04744727649274362,0.19144164917824963,0.14162407014247255,clip
1,art,39,population,lasso,,0.5818047048095407,0.7729032388199801,0.7615346736247909,clip
1,art,39,identity,lasso,29.0,0.6375143875213346,0.638601637306634,0.6872598500460617,clip
1,art,39,emotion,lasso,4.0,0.7007717303977556,0.7068922671536417,0.7292214387045474,clip
1,art,44,population,lasso,,0.34475775841090045,0.6332234910927498,0.6057773333309121,clip
1,art,44,identity,lasso,28.0,0.42628005061602975,0.5363587092694594,0.5232876303291125,clip
1,art,44,emotion,lasso,5.0,0.6237715545886617,0.7325399125386338,0.7022484834314192,clip
1,art,51,population,lasso,,0.3380756062418948,0.49850794423731315,0.5424204391903584,clip
1,art,51,identity,lasso,44.0,0.31443301253834266,0.4020036687592255,0.40090260720796506,clip
1,art,51,emotion,lasso,5.0,0.40803828865457326,0.5931113779256809,0.574843404457068,clip
1,art,64,population,lasso,,0.23994292567857933,0.39417597323384584,0.37849426484599313,clip
1,art,64,identity,lasso,35.0,0.189069778845145,0.20710352706890237,0.24525112119113276,clip
1,art,64,emotion,lasso,3.0,0.13864666853649185,0.25623917354371256,0.20474088327463846,clip
1,art,69,population,lasso,,0.320178861492273,0.3715686038816837,0.3601068179061596,clip
1,art,69,identity,lasso,28.0,0.2540490893187429,0.30625165297639106,0.29171801466605446,clip
1,art,69,emotion,lasso,5.0,0.1860778214836664,0.2538374356473169,0.23529127955344534,clip
1,art,81,population,lasso,,0.3200695199650725,0.36426565665856053,0.44459683158927477,clip
1,art,81,identity,lasso,23.0,0.14238958815113328,0.20967561988169225,0.23624529864185947,clip
1,art,81,emotion,lasso,3.0,0.29784003729707204,0.3429837615956116,0.4156482210822031,clip
1,art,92,population,lasso,,0.2616031963613058,0.32055125779816906,0.35485627635724076,clip
1,art,92,identity,lasso,42.0,0.4467794033012988,0.5274266329672387,0.4786683952405788,clip
1,art,92,emotion,lasso,5.0,0.37476801919617253,0.45602933994662936,0.45473453132530717,clip
1,art,100,population,lasso,,0.3932995087600532,0.6218556820721224,0.6689240360835099,clip
1,art,100,identity,lasso,28.0,0.42417975286694803,0.3086386795943744,0.4922920761791542,clip
1,art,100,emotion,lasso,3.0,0.6494841597594072,0.6547997010807448,0.7092607187527935,clip
1,art,101,population,lasso,,0.4624586855280736,0.6210253498479661,0.607448288518273,clip
1,art,101,identity,lasso,27.0,0.4096273808634321,0.5158765691636779,0.49332040215713263,clip
1,art,101,emotion,lasso,2.0,0.4536162902437457,0.6261645864405511,0.5980680896646525,clip
1,art,106,population,lasso,,0.41709884315217277,0.4698877220064493,0.48159413496967896,clip
1,art,106,identity,lasso,33.0,0.07858807138414106,0.11609762112899498,0.10106489248197759,clip
1,art,106,emotion,lasso,2.0,0.28791569655006244,0.4136040794434786,0.40612527402901205,clip
1,art,111,population,lasso,,0.4847764436046023,0.6674733323583324,0.6718124368546665,clip
1,art,111,identity,lasso,31.0,0.466443329722869,0.6020743306844734,0.5619132948155042,clip
1,art,111,emotion,lasso,4.0,0.5481036197131713,0.6679162149881781,0.6672178673402718,clip
1,art,118,population,lasso,,0.42870213226719744,0.606527419128281,0.5725569719784899,clip
1,art,118,identity,lasso,27.0,0.5035499268397584,0.6661286674462027,0.574261162380268,clip
1,art,118,emotion,lasso,2.0,0.510677973267827,0.5985540079820707,0.5650258615566706,clip
1,art,119,population,lasso,,0.29205898226054905,0.5866268264183392,0.5974497046775648,clip
1,art,119,identity,lasso,34.0,0.5092167879066638,0.5565358350707552,0.5428998698051262,clip
1,art,119,emotion,lasso,4.0,0.46683323872818144,0.5581092202392564,0.5590480548043854,clip
1,art,128,population,lasso,,0.4319131629926997,0.5187655838175419,0.5004581929086616,clip
1,art,128,identity,lasso,23.0,0.28915026061991844,0.5091393160981094,0.5106028806204173,clip
1,art,128,emotion,lasso,2.0,0.2581069251734266,0.6752425710693587,0.6469763126454933,clip
1,art,129,population,lasso,,0.25311268290735556,0.3484921597617948,0.37136710032998294,clip
1,art,129,identity,lasso,28.0,0.3217551226556493,0.383717717163203,0.43161500435730543,clip
1,art,129,emotion,lasso,4.0,0.19682842198052033,0.3004709939026102,0.3490935888577879,clip
1,art,137,population,lasso,,0.4509810198202609,0.49185315334558866,0.5180838994917955,clip
1,art,137,identity,lasso,34.0,0.3363047142726169,0.3775958966461492,0.42071446330848555,clip
1,art,137,emotion,lasso,3.0,0.5127634081636747,0.5477523997062279,0.5735721622396084,clip
1,fashion,5,population,lasso,,0.10434425504483583,0.17625792320213432,0.2055653195568114,clip
1,fashion,5,identity,lasso,26.0,0.12130874821818514,0.1934941657677684,0.24600177233000736,clip
1,fashion,5,emotion,lasso,1.0,0.06626330945115451,0.15736742825403996,0.1731413061271461,clip
1,fashion,6,population,lasso,,0.2573764756145742,0.37020982898773297,0.3920000643825106,clip
1,fashion,6,identity,lasso,41.0,0.4101595942342334,0.5773103898593297,0.5645584650437612,clip
1,fashion,6,emotion,lasso,2.0,0.19212433799972786,0.36177314270586386,0.4008153613483587,clip
1,fashion,16,population,lasso,,0.13869671192627342,0.2813874466680309,0.28283137551443116,clip
1,fashion,16,identity,lasso,48.0,0.36427590023031575,0.4043113867634684,0.4620310176855801,clip
1,fashion,16,emotion,lasso,4.0,0.19203775101773496,0.3208812780966286,0.30165827976719506,clip
1,fashion,17,population,lasso,,0.06445543911120204,0.022945540095059197,0.0923141745924332,clip
1,fashion,17,identity,lasso,40.0,0.08965567975367177,0.045362381109587076,0.09314620873542702,clip
1,fashion,17,emotion,lasso,4.0,0.07798312632373203,0.04737143761560609,0.14332364461797611,clip
1,fashion,23,population,lasso,,0.18621660166344453,0.41793732732333905,0.4587549754248075,clip
1,fashion,23,identity,lasso,48.0,0.4527680154669441,0.5540122386613614,0.5247692196013168,clip
1,fashion,23,emotion,lasso,3.0,0.2880974493138896,0.5133869752763865,0.4963611228741535,clip
1,fashion,35,population,lasso,,0.1886786843744706,0.28170011791898236,0.24243866401815117,clip
1,fashion,35,identity,lasso,27.0,-0.12046436769227271,-0.1679644714851243,-0.17479301289008653,clip
1,fashion,35,emotion,lasso,1.0,0.12827960204006775,0.3160588391346701,0.31509270386413774,clip
1,fashion,39,population,lasso,,0.2797774039919956,0.3101432881353129,0.40149568536687646,clip
1,fashion,39,identity,lasso,31.0,0.28909828571139146,0.3040355429936651,0.3213111207816331,clip
1,fashion,39,emotion,lasso,1.0,0.3211465983610776,0.36020677290291786,0.3957110658012302,clip
1,fashion,44,population,lasso,,0.14614705109456594,0.39976986297157413,0.3172065726089573,clip
1,fashion,44,identity,lasso,20.0,0.0899832101668851,0.11496449280240821,0.15161810218903246,clip
1,fashion,44,emotion,lasso,2.0,0.13476407916585842,0.26538914471809255,0.2605492967485335,clip
1,fashion,51,population,lasso,,0.2145595837358231,0.4714883719494742,0.49701195815847526,clip
1,fashion,51,identity,lasso,48.0,0.1600869909542624,0.20924971782334484,0.18245690512728596,clip
1,fashion,51,emotion,lasso,4.0,0.32356322556276296,0.4315375676060563,0.4234472994522622,clip
1,fashion,64,population,lasso,,0.0192891293817418,0.15241983055446434,0.07557799488584066,clip
1,fashion,64,identity,lasso,32.0,0.0887576437333309,0.21105802961492537,0.15527931658607896,clip
1,fashion,64,emotion,lasso,1.0,0.011954523463343135,0.16164991744361099,0.12994122738534622,clip
1,fashion,69,population,lasso,,0.25685715596504816,0.3684563440793471,0.3279266081594601,clip
1,fashion,69,identity,lasso,29.0,0.13337435506593864,0.25941909358441306,0.2031988182126734,clip
1,fashion,69,emotion,lasso,1.0,0.1521919633287282,0.3391402160809479,0.395409743769929,clip
1,fashion,81,population,lasso,,0.19870567353292382,0.3692783186665126,0.3750347794326793,clip
1,fashion,81,identity,lasso,12.0,0.14375261766831626,0.250314710761533,0.24372801051764728,clip
1,fashion,81,emotion,lasso,2.0,0.22467893498822028,0.39361674487092596,0.42038130223398945,clip
1,fashion,92,population,lasso,,0.03121809797195771,-0.005115651302146496,0.06370551284072574,clip
1,fashion,92,identity,lasso,23.0,0.24773067598910767,0.2340275848329334,0.3491389616329292,clip
1,fashion,92,emotion,lasso,2.0,0.10497602158559076,0.15567734646847914,0.21864757463340387,clip
1,fashion,100,population,lasso,,0.24118383220397727,0.5042951676289588,0.57183790545427,clip
1,fashion,100,identity,lasso,31.0,0.3004925726968765,0.2600643451480065,0.3613648753019263,clip
1,fashion,100,emotion,lasso,2.0,0.4599791978847959,0.6203908050758903,0.6324438921710249,clip
1,fashion,101,population,lasso,,0.1662893863824163,0.2734490433726677,0.26362645326331835,clip
1,fashion,101,identity,lasso,31.0,0.1859560280545736,0.32926309224735084,0.3011968353694394,clip
1,fashion,101,emotion,lasso,2.0,0.13979869816868087,0.34821599119677527,0.2918615865187034,clip
1,fashion,106,population,lasso,,0.1186881796136448,0.3054285396661419,0.3752685931259064,clip
1,fashion,106,identity,lasso,26.0,0.0990872616130166,0.20068332364909633,0.1514837230909886,clip
1,fashion,106,emotion,lasso,3.0,0.04231041585790323,0.08802160571295423,0.09159850691064476,clip
1,fashion,111,population,lasso,,0.19718578156951744,0.37142990912224666,0.35069569588208876,clip
1,fashion,111,identity,lasso,38.0,0.38291156194869497,0.5615403386095158,0.5510448240681411,clip
1,fashion,111,emotion,lasso,3.0,0.08268861781197476,0.4246667227528847,0.4015261904777259,clip
1,fashion,118,population,lasso,,0.22109498739042915,0.31293987686239594,0.3160488097089704,clip
1,fashion,118,identity,lasso,38.0,0.11973314832714353,0.20761880648979675,0.14258413328422911,clip
1,fashion,118,emotion,lasso,3.0,0.19551205438574276,0.3273626681463613,0.375079081343774,clip
1,fashion,119,population,lasso,,0.2268238176666484,0.45093356776891286,0.51903221977726,clip
1,fashion,119,identity,lasso,34.0,0.26555157539708624,0.3889130694663497,0.38428860601247866,clip
1,fashion,119,emotion,lasso,2.0,0.22247332691025046,0.42498971291464416,0.48631404392112576,clip
1,fashion,128,population,lasso,,0.36540372401756616,0.5530393399120798,0.5453617356400811,clip
1,fashion,128,identity,lasso,29.0,0.3890955496614641,0.5670828996881019,0.5519340964638264,clip
1,fashion,128,emotion,lasso,2.0,0.36683266516549945,0.5049747620871029,0.5276542801132607,clip
1,fashion,129,population,lasso,,0.1342294814011242,0.19470993262140177,0.2741959062570859,clip
1,fashion,129,identity,lasso,26.0,0.0027370024187282392,-0.0033518924680457137,0.003948505582474665,clip
1,fashion,129,emotion,lasso,2.0,-0.025516740122913842,-0.17529897325421168,-0.16328409698652752,clip
1,fashion,137,population,lasso,,0.10493585752176299,0.16180588207829247,0.2014196223261979,clip
1,fashion,137,identity,lasso,26.0,0.008398399505011239,0.009401565013723417,0.01236434112051327,clip
1,fashion,137,emotion,lasso,2.0,0.05714911134718843,0.18090590363248846,0.1809554764786232,clip
1,landscape,5,population,lasso,,0.24831986167166314,0.3752664606238022,0.39345600495688376,clip
1,landscape,5,identity,lasso,47.0,0.5123747479575431,0.5951351055888773,0.6072827348822352,clip
1,landscape,5,emotion,lasso,4.0,0.250628606295351,0.5114514554374503,0.5492757750620604,clip
1,landscape,6,population,lasso,,0.39559763881936655,0.656686828993127,0.6361981810087314,clip
1,landscape,6,identity,lasso,57.0,0.45059577683281116,0.47266911045570525,0.5059787314868408,clip
1,landscape,6,emotion,lasso,3.0,0.4415389908910715,0.5805940777879839,0.5819949219375767,clip
1,landscape,16,population,lasso,,0.27221537765918263,0.48447747750521325,0.4848627873275689,clip
1,landscape,16,identity,lasso,66.0,0.45975878263644626,0.5113601888937164,0.4786024644752526,clip
1,landscape,16,emotion,lasso,3.0,0.4093136342165002,0.49389623769972524,0.4996457203355294,clip
1,landscape,17,population,lasso,,-0.06915685787120397,-0.06368066798749077,-0.08787822575874747,clip
1,landscape,17,identity,lasso,55.0,0.026033499294807166,0.0862564231937584,0.030014266378233914,clip
1,landscape,17,emotion,lasso,2.0,0.08438897317283602,0.07246604442389208,0.15339076914683178,clip
1,landscape,23,population,lasso,,0.3352542425354427,0.7135594143881189,0.7056012798023292,clip
1,landscape,23,identity,lasso,65.0,0.569767584436338,0.6366800541032201,0.6189025300095683,clip
1,landscape,23,emotion,lasso,4.0,0.46331827308034496,0.6370213068121575,0.6249766768665572,clip
1,landscape,35,population,lasso,,0.3626350480966847,0.5015945960923299,0.49389736770929654,clip
1,landscape,35,identity,lasso,40.0,0.0480765418255694,0.03102803023504153,0.06583587038657465,clip
1,landscape,35,emotion,lasso,3.0,0.10740231574803574,0.3732445002907922,0.36981958899572814,clip
1,landscape,39,population,lasso,,0.4212663688096597,0.7792234042625148,0.7442170321092907,clip
1,landscape,39,identity,lasso,55.0,0.6083278276845658,0.61464476683917,0.6249038155203153,clip
1,landscape,39,emotion,lasso,3.0,0.6551674858743747,0.7500111912421257,0.7568259386684605,clip
1,landscape,44,population,lasso,,0.3698531122503155,0.6439688759820694,0.6017960284233841,clip
1,landscape,44,identity,lasso,42.0,0.16117218651712006,0.24031550408730837,0.1824835285293144,clip
1,landscape,44,emotion,lasso,3.0,0.2944171015490559,0.5798544751225042,0.49737686055598035,clip
1,landscape,51,population,lasso,,0.3594803288052729,0.7274207101065321,0.7046265405430822,clip
1,landscape,51,identity,lasso,63.0,0.4821295488180356,0.43249148915826197,0.4903794441849549,clip
1,landscape,51,emotion,lasso,3.0,0.4501675969628063,0.6719481293639107,0.6364465718954495,clip
1,landscape,64,population,lasso,,0.1764249878259216,0.3338615157198309,0.35789740079083276,clip
1,landscape,64,identity,lasso,64.0,0.09718457778136967,0.10452004250083773,0.1019895029976923,clip
1,landscape,64,emotion,lasso,1.0,0.2223963408276182,0.26856118670938317,0.3051737838224833,clip
1,landscape,69,population,lasso,,0.19042396378871046,0.23766110431099507,0.22122715172085963,clip
1,landscape,69,identity,lasso,50.0,0.06400742639277796,0.03815938514703796,0.07308106721670901,clip
1,landscape,69,emotion,lasso,1.0,0.010605335513182611,0.19889440799450822,0.13147109352808636,clip
1,landscape,81,population,lasso,,0.318508039971483,0.43166228820253677,0.3990258152060083,clip
1,landscape,81,identity,lasso,32.0,0.3727788928224794,0.4946278803245013,0.5209725498034388,clip
1,landscape,81,emotion,lasso,2.0,0.10786512777951376,0.43982753905212135,0.4396771160238005,clip
1,landscape,92,population,lasso,,0.27904269507527524,0.4745522185205673,0.4547896512398739,clip
1,landscape,92,identity,lasso,61.0,0.3570614678151364,0.3420412159171503,0.39875488780667656,clip
1,landscape,92,emotion,lasso,4.0,0.21586218547693836,0.4305983239517746,0.4021577518858738,clip
1,landscape,100,population,lasso,,0.24301674005888532,0.45962007628001794,0.43787109762034565,clip
1,landscape,100,identity,lasso,67.0,0.32576627453647367,0.35344249482056794,0.3463203629727193,clip
1,landscape,100,emotion,lasso,2.0,0.36142743499253416,0.4827933584047521,0.4530144586903605,clip
1,landscape,101,population,lasso,,0.14453597074031266,0.19760323777631633,0.2307248169090725,clip
1,landscape,101,identity,lasso,41.0,0.2695341230829798,0.25213725890131305,0.29213806931721426,clip
1,landscape,101,emotion,lasso,2.0,0.20482513153064913,0.2899502241548057,0.36359489790549643,clip
1,landscape,106,population,lasso,,0.283086746455084,0.4710381164038916,0.4868043102359812,clip
1,landscape,106,identity,lasso,58.0,0.2393085473720158,0.2843751553951615,0.2861720495305027,clip
1,landscape,106,emotion,lasso,2.0,0.217838944998163,0.42386500533485955,0.38990133462966897,clip
1,landscape,111,population,lasso,,0.30045409000359063,0.4680521252134717,0.4736952099244004,clip
1,landscape,111,identity,lasso,68.0,0.46011441703819056,0.4997444360785201,0.507876285112488,clip
1,landscape,111,emotion,lasso,3.0,0.23926014624055228,0.41022842138360854,0.4383794039115569,clip
1,landscape,118,population,lasso,,0.3125255020540202,0.5547465736445732,0.5044513566689478,clip
1,landscape,118,identity,lasso,55.0,0.48008302047945695,0.4824034780149229,0.5259804244674925,clip
1,landscape,118,emotion,lasso,5.0,0.5296970949899327,0.5881548442347284,0.5932374329788235,clip
1,landscape,119,population,lasso,,0.3692483612106694,0.7157643768547294,0.7187458012588963,clip
1,landscape,119,identity,lasso,60.0,0.5138192859033115,0.520642372450244,0.5215972595991275,clip
1,landscape,119,emotion,lasso,5.0,0.6521963417914187,0.7001966643432375,0.7038111460528429,clip
1,landscape,128,population,lasso,,0.2985108538522555,0.4317521063291953,0.40147387207178653,clip
1,landscape,128,identity,lasso,49.0,0.17192863550934165,0.2031537510467167,0.24555535660291516,clip
1,landscape,128,emotion,lasso,2.0,0.15337583226642373,0.4589098126323154,0.4259786429813898,clip
1,landscape,129,population,lasso,,0.3857741634062128,0.5670707081438227,0.5703784342384522,clip
1,landscape,129,identity,lasso,47.0,0.42837484038986107,0.45944381544236473,0.5321956664320875,clip
1,landscape,129,emotion,lasso,3.0,0.3691659453105842,0.5599985106595066,0.5865634823979848,clip
1,landscape,137,population,lasso,,0.2544208864757349,0.40057044991304824,0.43091585221528583,clip
1,landscape,137,identity,lasso,58.0,0.3341023375087192,0.4387011025572254,0.36799208151741414,clip
1,landscape,137,emotion,lasso,4.0,0.3912147803822708,0.4125855774389478,0.4601548007445847,clip
2,art,7,population,lasso,,0.25090313656844554,0.24768052860183176,0.2943101731834451,clip
2,art,7,identity,lasso,56.0,0.4384440258304299,0.46198988688353687,0.46568698937045877,clip
2,art,7,emotion,lasso,3.0,0.34332511556874334,0.4149330657337594,0.4438807289614922,clip
2,art,8,population,lasso,,0.3132415247312917,0.5803194935965504,0.6009545402397912,clip
2,art,8,identity,lasso,54.0,0.572337188203519,0.5746817091293857,0.6259674581910106,clip
2,art,8,emotion,lasso,3.0,0.48199186742250816,0.5278774607227351,0.5542434465092336,clip
2,art,40,population,lasso,,0.13650600544809874,0.23862766519736073,0.2562003006508341,clip
2,art,40,identity,lasso,57.0,0.18659191634909109,0.18117749376426573,0.19984130426559696,clip
2,art,40,emotion,lasso,4.0,0.17722706796823454,0.21922825835059515,0.24163470839379514,clip
2,art,41,population,lasso,,0.4026622113743293,0.6489046311501525,0.6539141020096518,clip
2,art,41,identity,lasso,69.0,0.587053912848542,0.6111657423116217,0.5933647452020537,clip
2,art,41,emotion,lasso,2.0,0.5376171416498131,0.5827156779165951,0.6083219666234316,clip
2,art,45,population,lasso,,-0.014283095229436393,0.051902683841191934,-0.019172076336896705,clip
2,art,45,identity,lasso,61.0,-0.04150911685087986,-0.031152116920877347,-0.0453755285191304,clip
2,art,45,emotion,lasso,3.0,0.036722993946535144,0.11861969647106416,0.07674876872865846,clip
2,art,46,population,lasso,,0.0721056933583709,0.06087385095967447,0.09624489103774561,clip
2,art,46,identity,lasso,51.0,0.0161130317284736,0.03219143496864991,0.01866003548725063,clip
2,art,46,emotion,lasso,1.0,-0.011228406563997609,-0.08503014102303737,-0.1256363689344794,clip
2,art,52,population,lasso,,0.42857110071720816,0.576325572535049,0.571688541614004,clip
2,art,52,identity,lasso,61.0,0.5808909608426968,0.6565065654072259,0.6304160602705804,clip
2,art,52,emotion,lasso,3.0,0.43614344193865895,0.6155767359176725,0.6276572238600642,clip
2,art,58,population,lasso,,0.48930904103667194,0.6602530962552362,0.6852556369074686,clip
2,art,58,identity,lasso,56.0,0.5291970174388954,0.5861550803211925,0.5986650805378714,clip
2,art,58,emotion,lasso,4.0,0.45546605706804477,0.5980382611403036,0.6197426196539078,clip
2,art,65,population,lasso,,0.5350841880906034,0.6595218279317658,0.6591388590721591,clip
2,art,65,identity,lasso,67.0,0.4452667845877431,0.5617875919195261,0.47581950964327163,clip
2,art,65,emotion,lasso,3.0,0.48389155491917296,0.5994759574405858,0.5903783027726264,clip
2,art,66,population,lasso,,0.32084400863320117,0.4594959507899879,0.4431723018037862,clip
2,art,66,identity,lasso,52.0,0.4089123985559792,0.5468119082614583,0.5234415753941687,clip
2,art,66,emotion,lasso,5.0,0.40456194433373627,0.5680179102438971,0.5647626759551027,clip
2,art,74,population,lasso,,0.42647447987983883,0.5078900537037716,0.5047884023874707,clip
2,art,74,identity,lasso,53.0,0.28586146083950703,0.34837458506511654,0.3431921959988371,clip
2,art,74,emotion,lasso,3.0,0.32111957142039815,0.5031410817449273,0.4984437074947401,clip
2,art,83,population,lasso,,0.6375706520871985,0.6755485369375178,0.6550770518586068,clip
2,art,83,identity,lasso,45.0,0.09535064258430176,0.11249897633108921,0.11405745390378966,clip
2,art,83,emotion,lasso,1.0,0.002104109478227282,0.6470077836415086,0.6418798753190628,clip
2,art,87,population,lasso,,0.3447557625623922,0.6643791099696554,0.6446157854338035,clip
2,art,87,identity,lasso,60.0,0.7191811162420162,0.7344608807046253,0.7309489889975689,clip
2,art,87,emotion,lasso,3.0,0.5756086425377135,0.6280385976431244,0.6258350324691653,clip
2,art,93,population,lasso,,0.444062668158733,0.630749733470027,0.6083459266930449,clip
2,art,93,identity,lasso,60.0,0.5622657963014358,0.6353218087009478,0.6115657240722204,clip
2,art,93,emotion,lasso,6.0,0.5782211858437284,0.6630492326820152,0.6498849533113593,clip
2,art,94,population,lasso,,0.3890481908685416,0.7018862568305096,0.7096605950705638,clip
2,art,94,identity,lasso,67.0,0.49954526911317665,0.5142783659135514,0.5432990609120996,clip
2,art,94,emotion,lasso,4.0,0.6522400976820113,0.7280335284169116,0.7293603595058569,clip
2,art,102,population,lasso,,0.1984363841711776,0.29760928558653177,0.27578847720817457,clip
2,art,102,identity,lasso,68.0,0.1407263341781859,0.16958020343012387,0.15053735701096976,clip
2,art,102,emotion,lasso,4.0,0.22294334364559842,0.3187571680986022,0.31514025667575785,clip
2,art,112,population,lasso,,0.42799431096397617,0.4353469878120824,0.44915177606486706,clip
2,art,112,identity,lasso,45.0,0.5279748324209961,0.5622423202036269,0.5835140098495879,clip
2,art,112,emotion,lasso,1.0,0.1821802178384486,0.4453664208367973,0.42420495529652624,clip
2,art,113,population,lasso,,0.37225432097519334,0.48574044242753567,0.47839405651354094,clip
2,art,113,identity,lasso,51.0,0.15071556744852135,0.21311239388608355,0.20300708362836406,clip
2,art,113,emotion,lasso,3.0,0.2387608969710081,0.41153078190033626,0.4224993836745146,clip
2,art,120,population,lasso,,0.4707806722865179,0.6158194080928229,0.6422523986121528,clip
2,art,120,identity,lasso,52.0,0.5658702525287119,0.6491298207718411,0.6165010796878344,clip
2,art,120,emotion,lasso,2.0,0.5747312138559489,0.714406279698886,0.6786536331538349,clip
2,art,121,population,lasso,,0.2931098725887625,0.4725846079047736,0.4546638371876959,clip
2,art,121,identity,lasso,46.0,0.37767119550322836,0.4157940060141002,0.39684276757189735,clip
2,art,121,emotion,lasso,2.0,0.3349526768557712,0.427067443295287,0.42999277378921724,clip
2,art,131,population,lasso,,0.24760040070647438,0.36204366053169923,0.37114196097058405,clip
2,art,131,identity,lasso,75.0,0.4267203839965905,0.5063712145136188,0.4878389768953462,clip
2,art,131,emotion,lasso,4.0,0.2878448939213183,0.3849714593312709,0.3976652431059701,clip
2,art,138,population,lasso,,0.39210891167572753,0.4772090654443595,0.45389036073259115,clip
2,art,138,identity,lasso,54.0,0.4662202506671723,0.523300229182582,0.4977150918363177,clip
2,art,138,emotion,lasso,4.0,0.41716740798401714,0.49732620320855614,0.5038927403687289,clip
2,art,139,population,lasso,,0.026377863165983253,0.06079602726558758,0.035744433020409604,clip
2,art,139,identity,lasso,78.0,0.33671457413547323,0.32421233836971564,0.3412438292672382,clip
2,art,139,emotion,lasso,2.0,0.2105464959059599,0.28379764485628745,0.2804852952111605,clip
2,fashion,7,population,lasso,,0.2960013237957048,0.43487797992024274,0.4892595443204826,clip
2,fashion,7,identity,lasso,138.0,0.20988243158556827,0.2086917300211542,0.2107261950738617,clip
2,fashion,7,emotion,lasso,6.0,0.34255283399073055,0.39382549861577176,0.43738232371831626,clip
2,fashion,8,population,lasso,,0.2801062574267457,0.4078098248427385,0.3975473058440426,clip
2,fashion,8,identity,lasso,135.0,0.22851702971959434,0.2244160574578383,0.2530072440741349,clip
2,fashion,8,emotion,lasso,6.0,0.16218596278425923,0.37530717004305153,0.36281188629992056,clip
2,fashion,40,population,lasso,,0.264884203200272,0.16381324566628255,0.36280066496311447,clip
2,fashion,40,identity,lasso,141.0,-0.010257799800771752,0.0015952598482413395,-0.010392370874445129,clip
2,fashion,40,emotion,lasso,7.0,0.22449414599615478,0.13594605019231662,0.27564823962066676,clip
2,fashion,41,population,lasso,,0.24351681097325764,0.44970167499817615,0.4579097156645831,clip
2,fashion,41,identity,lasso,147.0,0.20285687518621034,0.19590385061689075,0.20366274876366847,clip
2,fashion,41,emotion,lasso,7.0,0.3081004261394716,0.3774316723949798,0.4135551147940794,clip
2,fashion,45,population,lasso,,0.18116271895514538,0.35885710941898485,0.3377807499799986,clip
2,fashion,45,identity,lasso,148.0,0.18078591145947245,0.16057133469375928,0.19002904273334287,clip
2,fashion,45,emotion,lasso,7.0,0.11566390643371917,0.26781712737193675,0.23137745638570226,clip
2,fashion,46,population,lasso,,0.05285215104266454,0.14290600441243,0.11274484248038145,clip
2,fashion,46,identity,lasso,137.0,-0.0794370068656759,0.005521713747236751,-0.08042775244398842,clip
2,fashion,46,emotion,lasso,7.0,0.05188722601809245,0.07659478152130245,0.09526954820029103,clip
2,fashion,52,population,lasso,,0.2536880187470985,0.44558400220356736,0.5055255749539164,clip
2,fashion,52,identity,lasso,132.0,0.2803118451365467,0.2568744316154749,0.2858876384205986,clip
2,fashion,52,emotion,lasso,7.0,0.31043906614217714,0.4890816089797898,0.4889508703909331,clip
2,fashion,58,population,lasso,,0.18027117563014394,0.28016956821097855,0.29653393515685394,clip
2,fashion,58,identity,lasso,146.0,0.23807839357918584,0.2752465394249835,0.23982960597268466,clip
2,fashion,58,emotion,lasso,6.0,0.3078789526017618,0.4767953379236211,0.46751194783536437,clip
2,fashion,65,population,lasso,,0.18552824291769188,0.19089965087234798,0.3205959599624101,clip
2,fashion,65,identity,lasso,150.0,-0.042377121074650206,-0.14456093893860375,-0.04387673650090439,clip
2,fashion,65,emotion,lasso,7.0,0.03480790326733123,-0.008366711876926038,0.050192654003978626,clip
2,fashion,66,population,lasso,,0.18303267754036665,0.26573673544786114,0.2530634217287978,clip
2,fashion,66,identity,lasso,154.0,0.14893439586863355,0.18314490229986463,0.15442288580751412,clip
2,fashion,66,emotion,lasso,7.0,0.09675098311702399,0.15378997365087788,0.1464087470544414,clip
2,fashion,74,population,lasso,,-0.07469359586290004,-0.10039423143759574,-0.0913221725223082,clip
2,fashion,74,identity,lasso,138.0,0.05223119087530293,0.04423982156488946,0.05833952188535995,clip
2,fashion,74,emotion,lasso,7.0,0.033627436592492406,0.019153831836616914,0.06017620877266997,clip
2,fashion,83,population,lasso,,0.4397634058852099,0.5062592810633523,0.5120805307979498,clip
2,fashion,83,identity,lasso,132.0,0.39584602432368393,0.3915194763968024,0.39811323492552614,clip
2,fashion,83,emotion,lasso,6.0,0.41642076474719647,0.47243691791912584,0.482754054042224,clip
2,fashion,87,population,lasso,,0.17425663209105585,0.31358810853868524,0.3341836684386897,clip
2,fashion,87,identity,lasso,166.0,0.12288968503608429,0.1376441955120668,0.12594954488059945,clip
2,fashion,87,emotion,lasso,7.0,0.2316149708765825,0.38446459727251064,0.3861723366605438,clip
2,fashion,93,population,lasso,,0.3590648749086415,0.5677772163236481,0.5656074361788485,clip
2,fashion,93,identity,lasso,152.0,0.24024007546348053,0.17922510665256422,0.24549073713070782,clip
2,fashion,93,emotion,lasso,7.0,0.3838248594564283,0.49583962517277086,0.5090095668810469,clip
2,fashion,94,population,lasso,,0.2548197652333115,0.4132493883710994,0.4612757177648038,clip
2,fashion,94,identity,lasso,152.0,0.20406862294059736,0.20596361268975522,0.2064039807224841,clip
2,fashion,94,emotion,lasso,7.0,0.36458054061913103,0.46128797706550023,0.5212142601621591,clip
2,fashion,102,population,lasso,,0.18621881878238727,0.28666356604390536,0.35025853313364286,clip
2,fashion,102,identity,lasso,164.0,0.18042459555460752,0.14941371918522744,0.18167412750981304,clip
2,fashion,102,emotion,lasso,7.0,0.19138377739748083,0.37043177182309855,0.3960617745646409,clip
2,fashion,112,population,lasso,,0.1990453722587749,0.3262985113664574,0.3079961886578799,clip
2,fashion,112,identity,lasso,131.0,0.36650940254531994,0.3139230937419394,0.3713980252837087,clip
2,fashion,112,emotion,lasso,7.0,0.44523212940393864,0.45366218441878825,0.5111420944119438,clip
2,fashion,113,population,lasso,,0.2345417495578484,0.38737358417772716,0.3898906859926716,clip
2,fashion,113,identity,lasso,144.0,0.15987597696933575,0.15954731049942988,0.16545574503676894,clip
2,fashion,113,emotion,lasso,7.0,0.2961591853143612,0.3391303369424784,0.35451431318752796,clip
2,fashion,120,population,lasso,,0.2240150530452511,0.2354977942198897,0.29951889527934095,clip
2,fashion,120,identity,lasso,134.0,0.1313211068256704,0.04365598305136177,0.13259038840161316,clip
2,fashion,120,emotion,lasso,6.0,0.30582372032755395,0.29122666873353004,0.34917793662049273,clip
2,fashion,121,population,lasso,,0.26756041964032723,0.39649520113963477,0.42824169408154245,clip
2,fashion,121,identity,lasso,135.0,0.2954701245020533,0.2353906950679688,0.33401455778915495,clip
2,fashion,121,emotion,lasso,7.0,0.42554012888292625,0.378576924396808,0.4934969484786955,clip
2,fashion,131,population,lasso,,0.11811766235463728,0.22200714413311237,0.1985890102518797,clip
2,fashion,131,identity,lasso,157.0,0.13439330718362033,0.16801602853180886,0.14319463217670422,clip
2,fashion,131,emotion,lasso,6.0,0.1435144571391532,0.17425522023459827,0.1974210867652117,clip
2,fashion,138,population,lasso,,0.33596785040433136,0.43079062644369404,0.4482990701262603,clip
2,fashion,138,identity,lasso,124.0,0.29664589890123666,0.25510421048326054,0.30069418079047866,clip
2,fashion,138,emotion,lasso,7.0,0.5262749780061562,0.5736408388994971,0.5783719808100055,clip
2,fashion,139,population,lasso,,0.3115307713292791,0.4311846890157343,0.48498561964065756,clip
2,fashion,139,identity,lasso,143.0,0.44394158996256805,0.3950157528377834,0.4489705838208828,clip
2,fashion,139,emotion,lasso,5.0,0.26745296280262987,0.31792396881621604,0.3317670075752705,clip
2,landscape,7,population,lasso,,0.07818071569939007,0.10594941698173,0.10277760027074982,clip
2,landscape,7,identity,lasso,9.0,0.0794076473640659,0.22970929630090597,0.26030210765322676,clip
2,landscape,7,emotion,lasso,1.0,0.20814319293990746,0.28268400479177097,0.32182006007361563,clip
2,landscape,8,population,lasso,,0.3728821540411463,0.5156183279414803,0.5273526610201645,clip
2,landscape,8,identity,lasso,11.0,0.13137729727330133,0.22683056186080264,0.24333555052317965,clip
2,landscape,8,emotion,lasso,3.0,0.3498957042145352,0.4775744306134869,0.46899208176296675,clip
2,landscape,40,population,lasso,,0.16184937193925128,0.18621689063775243,0.24332098034144367,clip
2,landscape,40,identity,lasso,7.0,0.052100670208951226,0.28852061145223273,0.2751427171301637,clip
2,landscape,40,emotion,lasso,2.0,0.16010866224225337,0.3865030552578499,0.4338548457530793,clip
2,landscape,41,population,lasso,,0.26632823173828135,0.5209177232289758,0.5143592147954836,clip
2,landscape,41,identity,lasso,7.0,0.005593265673867722,-0.00976507120121803,0.021791971581119923,clip
2,landscape,41,emotion,lasso,4.0,0.15681351551184453,0.4542222869246566,0.48298393433950887,clip
2,landscape,45,population,lasso,,0.3686150823830117,0.48631957228665934,0.5259477889731053,clip
2,landscape,45,identity,lasso,10.0,0.08629918002944409,0.2542068362162961,0.26165794567000095,clip
2,landscape,45,emotion,lasso,3.0,0.2272527245547608,0.4031300484866237,0.4302238541580951,clip
2,landscape,46,population,lasso,,0.1280011118236186,0.48543315342121307,0.42654348753065063,clip
2,landscape,46,identity,lasso,7.0,0.007486117703614212,0.08160934682817585,0.06135508048300462,clip
2,landscape,46,emotion,lasso,2.0,0.10855419579617674,0.36831051227504047,0.32254505553912355,clip
2,landscape,52,population,lasso,,0.2709124099650006,0.5410232669143789,0.5427019187085604,clip
2,landscape,52,identity,lasso,10.0,0.09658137512039332,0.19400457853588554,0.2087700031396522,clip
2,landscape,52,emotion,lasso,3.0,0.30263942093617247,0.4893396324750288,0.5454420566617453,clip
2,landscape,58,population,lasso,,0.334236530456809,0.4404104306796408,0.49325963514195925,clip
2,landscape,58,identity,lasso,12.0,0.14569307209220547,0.3318658209121349,0.3162834711419028,clip
2,landscape,58,emotion,lasso,4.0,0.3372847128569398,0.49855932876937603,0.5372703451308907,clip
2,landscape,65,population,lasso,,0.22724672994654346,0.3461386975496024,0.3454210060540668,clip
2,landscape,65,identity,lasso,13.0,0.00046577886625797683,-0.0885252562671508,0.0010115116222029854,clip
2,landscape,65,emotion,lasso,3.0,0.16745131387756437,0.28545685987373987,0.27022449296171125,clip
2,landscape,66,population,lasso,,0.42017110186791246,0.49347103496725747,0.5342601834497812,clip
2,landscape,66,identity,lasso,6.0,0.08912199339216252,0.2613184778897101,0.2962895961112426,clip
2,landscape,66,emotion,lasso,1.0,0.18453289098411618,0.49883429536178825,0.5312098183904544,clip
2,landscape,74,population,lasso,,0.26981866773587776,0.3709560881303849,0.37274620371233436,clip
2,landscape,74,identity,lasso,7.0,0.15729280954043792,0.3188724060216813,0.28695580251606845,clip
2,landscape,74,emotion,lasso,3.0,0.21207623970126246,0.32142053136946525,0.28976949765292176,clip
2,landscape,83,population,lasso,,0.3125232571481147,0.5587171792046779,0.5765330103311898,clip
2,landscape,83,identity,lasso,3.0,0.018910064593395524,0.2473164331281182,0.27652012027537803,clip
2,landscape,83,emotion,lasso,2.0,0.2504264439203168,0.4246041988113571,0.4872045561634759,clip
2,landscape,87,population,lasso,,0.33852851578998583,0.5695746999322864,0.5059888227739306,clip
2,landscape,87,identity,lasso,13.0,0.17658295833871215,0.4384002241037023,0.4260816737450496,clip
2,landscape,87,emotion,lasso,3.0,0.30562554054015717,0.5195891608422035,0.48452265629472885,clip
2,landscape,93,population,lasso,,0.383635655090716,0.7010075765044439,0.7077132410420433,clip
2,landscape,93,identity,lasso,12.0,0.4392970014054016,0.6228865228648593,0.6237996362991229,clip
2,landscape,93,emotion,lasso,2.0,0.5526478978499838,0.696893333197283,0.6898404523408829,clip
2,landscape,94,population,lasso,,0.36420516141327763,0.5842746722016068,0.6021169408959979,clip
2,landscape,94,identity,lasso,20.0,0.29517224300845624,0.37763797010206623,0.37467592862040505,clip
2,landscape,94,emotion,lasso,4.0,0.4955080707863569,0.512369200386671,0.5398841090051527,clip
2,landscape,102,population,lasso,,0.34182460787471963,0.6750382367883875,0.6440592551385365,clip
2,landscape,102,identity,lasso,23.0,0.18583736374909568,0.40202671453640415,0.3860951934311762,clip
2,landscape,102,emotion,lasso,4.0,0.47971348715747536,0.6790299215000138,0.6502228093615088,clip
2,landscape,112,population,lasso,,0.399201661587426,0.44758051048971725,0.5051950664276589,clip
2,landscape,112,identity,lasso,10.0,0.2393978731488335,0.5991215515371229,0.6049228218792109,clip
2,landscape,112,emotion,lasso,2.0,0.46392441179537525,0.5353884044123735,0.5597343704597174,clip
2,landscape,113,population,lasso,,0.31425118788102313,0.4240990167288721,0.43789727378522,clip
2,landscape,113,identity,lasso,7.0,0.09652112362064008,0.2331639686567697,0.24375628882709205,clip
2,landscape,113,emotion,lasso,3.0,0.2769032708941478,0.3963485832018051,0.4215631701636232,clip
2,landscape,120,population,lasso,,0.3592371225947793,0.5915468755053718,0.5942283952472337,clip
2,landscape,120,identity,lasso,12.0,0.17967825724939007,0.4564692425159561,0.4684916360647843,clip
2,landscape,120,emotion,lasso,3.0,0.507501966312891,0.6677252513959543,0.6778464057943603,clip
2,landscape,121,population,lasso,,0.48574438422193933,0.7441307976514144,0.7279984873888435,clip
2,landscape,121,identity,lasso,14.0,0.2497929939448067,0.7109605481845908,0.6393965863122409,clip
2,landscape,121,emotion,lasso,3.0,0.4513156920125708,0.6912857951476371,0.6646977760541491,clip
2,landscape,131,population,lasso,,0.20568383320510059,0.4239254173696728,0.38322266030167856,clip
2,landscape,131,identity,lasso,22.0,0.09046419009743685,0.12092666198270635,0.12620754099703155,clip
2,landscape,131,emotion,lasso,4.0,0.09820890283081299,0.17271757321865192,0.19302577005642318,clip
2,landscape,138,population,lasso,,0.5274979104468769,0.7020290562290582,0.7287673186021267,clip
2,landscape,138,identity,lasso,5.0,0.2254991303709755,0.5192749923411298,0.5361440891253981,clip
2,landscape,138,emotion,lasso,2.0,0.5572857731053827,0.7372527442183778,0.7811855226292731,clip
2,landscape,139,population,lasso,,0.28847771945355305,0.48962873656904565,0.4565446806685645,clip
2,landscape,139,identity,lasso,14.0,0.22241256188938127,0.47998112093550876,0.4901276454183694,clip
2,landscape,139,emotion,lasso,1.0,0.3712191914401982,0.5487387470750307,0.5259076842553372,clip
3,art,0,population,lasso,,0.2859277713207062,0.27953359394704547,0.3889485026837745,clip
3,art,0,identity,lasso,6.0,0.10168652235599901,0.24800084097131164,0.2722695729150449,clip
3,art,0,emotion,lasso,4.0,0.3968385827225728,0.39608947736291356,0.48200843835422086,clip
3,art,9,population,lasso,,0.4833865088673348,0.5573028576138034,0.5379830425283912,clip
3,art,9,identity,lasso,11.0,0.3178101012458965,0.4753256668342743,0.48306513409571444,clip
3,art,9,emotion,lasso,4.0,0.44513940688019915,0.4979505598340701,0.48401719065588406,clip
3,art,10,population,lasso,,0.2310176383256404,0.5914186932371016,0.5586190230956722,clip
3,art,10,identity,lasso,21.0,0.2822992602139837,0.3754865096425195,0.3406417965768077,clip
3,art,10,emotion,lasso,4.0,0.5169005526008671,0.5389822965277888,0.5421871307533234,clip
3,art,11,population,lasso,,0.4210703780768237,0.5611319008415085,0.6074960995777274,clip
3,art,11,identity,lasso,12.0,0.14813341903384905,0.18415221201193568,0.23619352245031924,clip
3,art,11,emotion,lasso,5.0,0.4674197524291145,0.6117047513565635,0.5970529735839579,clip
3,art,24,population,lasso,,0.4532830944821812,0.6225113834142746,0.6296823674709773,clip
3,art,24,identity,lasso,7.0,0.1464988976912579,0.49218252326551554,0.47046987552585356,clip
3,art,24,emotion,lasso,4.0,0.46405337059563173,0.6937803259784856,0.6954345132950319,clip
3,art,28,population,lasso,,0.48130802494115027,0.6397298475229632,0.6340000173783884,clip
3,art,28,identity,lasso,15.0,0.22624147722852206,0.5017705406935914,0.4372570364445265,clip
3,art,28,emotion,lasso,5.0,0.39828948112048196,0.5478238656642689,0.5172840204139076,clip
3,art,31,population,lasso,,0.28957338393966087,0.537736128651984,0.5854556247969157,clip
3,art,31,identity,lasso,19.0,0.2956393426729375,0.2895578380535812,0.3591964382683006,clip
3,art,31,emotion,lasso,6.0,0.6177628245598986,0.6225246032820325,0.6596597842314267,clip
3,art,32,population,lasso,,0.18540604427455312,0.36759854528131486,0.3764462702077465,clip
3,art,32,identity,lasso,12.0,0.18007542884752487,0.31999160135562105,0.2757369510450148,clip
3,art,32,emotion,lasso,4.0,0.30851644898205816,0.37178756208637065,0.4051813377658012,clip
3,art,36,population,lasso,,0.33835093284699996,0.4199183440596708,0.48034277364118144,clip
3,art,36,identity,lasso,12.0,0.3302179852766493,0.4715761483915915,0.4842513908593418,clip
3,art,36,emotion,lasso,5.0,0.43098401017301813,0.4703343742489972,0.5089945189047638,clip
3,art,42,population,lasso,,0.268108266830449,0.36114140516954774,0.41225427492779926,clip
3,art,42,identity,lasso,9.0,0.13338423264970353,0.33699152017632067,0.3432082981371662,clip
3,art,42,emotion,lasso,5.0,0.3089849341482992,0.4547725217787046,0.46338762384379245,clip
3,art,47,population,lasso,,0.37916515350144014,0.4766525822361409,0.512990873721765,clip
3,art,47,identity,lasso,15.0,0.2721726789452807,0.4809983579548293,0.4920159717446505,clip
3,art,47,emotion,lasso,6.0,0.3975155787834986,0.46001023658616375,0.4859178075966185,clip
3,art,54,population,lasso,,0.15486066032749884,0.20263512432395908,0.2553202925084786,clip
3,art,54,identity,lasso,6.0,0.023171468402289973,0.10759757634557329,0.04489653260079051,clip
3,art,54,emotion,lasso,4.0,0.16689722612519595,0.17599739749521548,0.262140540011045,clip
3,art,55,population,lasso,,0.16914543327527531,0.27577066159794056,0.247900527734967,clip
3,art,55,identity,lasso,10.0,0.0858157659858425,0.16512978956272567,0.1837901594913678,clip
3,art,55,emotion,lasso,5.0,0.22522998339661554,0.30893357549708983,0.29904742378390875,clip
3,art,59,population,lasso,,0.32998585815611264,0.5281646608483644,0.5668198281618968,clip
3,art,59,identity,lasso,26.0,0.3722043639252036,0.5459354208843444,0.5907749193237856,clip
3,art,59,emotion,lasso,5.0,0.3699975025886313,0.4967467425527094,0.5274271343727616,clip
3,art,60,population,lasso,,0.4400345565277051,0.6278644918060651,0.620400581171441,clip
3,art,60,identity,lasso,23.0,0.44427495148444146,0.5691444199675999,0.5845848439805769,clip
3,art,60,emotion,lasso,4.0,0.6257581254102493,0.7134958686825463,0.702286270272316,clip
3,art,67,population,lasso,,0.349475889431415,0.40350026748008927,0.37657262786279777,clip
3,art,67,identity,lasso,6.0,0.2220473744549248,0.3788378452139172,0.36084790213701445,clip
3,art,67,emotion,lasso,5.0,0.2869234146286287,0.3943369471051846,0.40116329660359906,clip
3,art,68,population,lasso,,0.4323951756920151,0.635230595932943,0.649006649951416,clip
3,art,68,identity,lasso,11.0,0.334118570142834,0.5944103638365067,0.5972301909777653,clip
3,art,68,emotion,lasso,5.0,0.5432301495872348,0.6933956885538722,0.6921503127318676,clip
3,art,75,population,lasso,,0.3433189233905979,0.4798873481081716,0.47406788177416564,clip
3,art,75,identity,lasso,5.0,0.17494307214480193,0.27818649055368244,0.3244339109883481,clip
3,art,75,emotion,lasso,5.0,0.30041173978315094,0.31689886414536145,0.34960182721672506,clip
3,art,76,population,lasso,,0.3097963234385821,0.4992787240501347,0.4796390962448206,clip
3,art,76,identity,lasso,17.0,0.3252061887871352,0.33189189296817306,0.4181342764127893,clip
3,art,76,emotion,lasso,4.0,0.4789333267614424,0.5278033547334922,0.5466849450059627,clip
3,art,82,population,lasso,,0.3751856272019769,0.6272437790328598,0.6469770697895355,clip
3,art,82,identity,lasso,23.0,0.5922173373436422,0.6805109202272903,0.6888677649873509,clip
3,art,82,emotion,lasso,6.0,0.5980557705442062,0.6114247563500043,0.6297567124281381,clip
3,art,84,population,lasso,,0.2134638659952733,0.26949829497921207,0.2956981759630613,clip
3,art,84,identity,lasso,19.0,0.22335857108044405,0.3389660347319029,0.30494107155912026,clip
3,art,84,emotion,lasso,4.0,0.29086037736868686,0.3548994681010373,0.30528952126473835,clip
3,art,88,population,lasso,,0.37015098532667295,0.5487524956225437,0.5813342576006112,clip
3,art,88,identity,lasso,21.0,0.29527900262186635,0.3978220151627257,0.4398246799069637,clip
3,art,88,emotion,lasso,5.0,0.5263537044294405,0.6053576216275066,0.5804138625359593,clip
3,art,95,population,lasso,,0.291883045254656,0.42955863400840066,0.49043583199620444,clip
3,art,95,identity,lasso,21.0,0.4329313231188739,0.5006693511856742,0.6249287108107068,clip
3,art,95,emotion,lasso,7.0,0.3701241476695859,0.3947767604136219,0.48480695811904245,clip
3,art,96,population,lasso,,0.4541788298135938,0.6358364345983772,0.6802265539546998,clip
3,art,96,identity,lasso,12.0,0.42226863171376433,0.5043349044194408,0.5951215269183088,clip
3,art,96,emotion,lasso,5.0,0.601808234452513,0.6060077990159354,0.6555442339881015,clip
3,art,107,population,lasso,,0.37102246776937203,0.45535445493828774,0.4955707087600696,clip
3,art,107,identity,lasso,18.0,0.42385959630497305,0.5695879988159112,0.6391089067062955,clip
3,art,107,emotion,lasso,4.0,0.45263616242874855,0.4976613465126712,0.5332749718052544,clip
3,art,122,population,lasso,,0.31005430541720913,0.5454237663111605,0.6045333169611645,clip
3,art,122,identity,lasso,16.0,0.27964099684973553,0.40441416405277764,0.5167943159764187,clip
3,art,122,emotion,lasso,3.0,0.572549240336022,0.6451766406360563,0.6895195948202307,clip
3,art,123,population,lasso,,0.37873939700680587,0.44708902515708693,0.5261363335571717,clip
3,art,123,identity,lasso,21.0,0.29429239424110837,0.37114865773020583,0.4126363976171202,clip
3,art,123,emotion,lasso,5.0,0.46368881325281613,0.46409650327873214,0.5257761431490212,clip
3,art,132,population,lasso,,0.3586818379268681,0.5515666704718265,0.6395124037779695,clip
3,art,132,identity,lasso,15.0,0.2142998395150541,0.42602609639925865,0.4639317583065557,clip
3,art,132,emotion,lasso,5.0,0.5102133610034622,0.5990404127965872,0.633036389743175,clip
3,art,140,population,lasso,,0.3582149473321485,0.47374096079774614,0.5004064863963803,clip
3,art,140,identity,lasso,16.0,0.35145425963182836,0.48783630143106077,0.5010941376695173,clip
3,art,140,emotion,lasso,5.0,0.5339199048397834,0.594803729651825,0.5947424908654824,clip
3,art,141,population,lasso,,0.34720655942359036,0.49914000888201193,0.4787845969955651,clip
3,art,141,identity,lasso,16.0,0.20137208810852267,0.504207674834674,0.45810629844244805,clip
3,art,141,emotion,lasso,4.0,0.42347459640144464,0.529696529329252,0.5024601380614624,clip
3,fashion,0,population,lasso,,0.25688510028034056,0.2876837186994515,0.352695150887264,clip
3,fashion,0,identity,lasso,44.0,0.41435046575825685,0.38106664746883867,0.4312930105966585,clip
3,fashion,0,emotion,lasso,6.0,0.24879167605212746,0.38272433259492245,0.39163847257779466,clip
3,fashion,9,population,lasso,,0.2642391645373035,0.3089588166470588,0.3457890210854541,clip
3,fashion,9,identity,lasso,46.0,0.14054191488389986,0.1368610956386971,0.18301856872028208,clip
3,fashion,9,emotion,lasso,6.0,0.18700412285505538,0.24476687738666988,0.2503889632058557,clip
3,fashion,10,population,lasso,,0.2050808651022812,0.49535853266384117,0.5100929301425051,clip
3,fashion,10,identity,lasso,78.0,0.2977109208482619,0.2830900640448862,0.3008959809904741,clip
3,fashion,10,emotion,lasso,7.0,0.4306842524770206,0.5328061260872545,0.5150334701900893,clip
3,fashion,11,population,lasso,,0.4193474808650639,0.6358153402604962,0.6102960919893625,clip
3,fashion,11,identity,lasso,58.0,0.2794900472693025,0.34099788482982807,0.32078869649381264,clip
3,fashion,11,emotion,lasso,5.0,0.4971160378559018,0.4993165521766789,0.5145038890577817,clip
3,fashion,24,population,lasso,,0.3127051493015038,0.4420606899533609,0.49895664473611223,clip
3,fashion,24,identity,lasso,59.0,0.021336747739145158,-0.017777516640630837,0.023551808606209507,clip
3,fashion,24,emotion,lasso,7.0,0.1165209145122253,0.15948086149124058,0.20937025030427825,clip
3,fashion,28,population,lasso,,0.31322165218538284,0.4643147270636995,0.4267887728181428,clip
3,fashion,28,identity,lasso,58.0,0.21074927331659588,0.2500195257096008,0.2275359278378059,clip
3,fashion,28,emotion,lasso,5.0,0.3500912060341417,0.4331574328104632,0.3958469711376772,clip
3,fashion,31,population,lasso,,0.05437269680218667,0.22138884759162702,0.1414332465003146,clip
3,fashion,31,identity,lasso,63.0,0.03783003712511346,0.02688398082897661,0.0452394067919187,clip
3,fashion,31,emotion,lasso,4.0,-0.09240537796310797,-0.33166703489008836,-0.3456184767854059,clip
3,fashion,32,population,lasso,,0.09976105919038855,0.2352497268931556,0.2238088732273937,clip
3,fashion,32,identity,lasso,66.0,0.050126823479417944,0.07084307837839483,0.05868011050663997,clip
3,fashion,32,emotion,lasso,5.0,0.12378726593327978,0.24573235721067443,0.1990545510231914,clip
3,fashion,36,population,lasso,,0.2775569670611325,0.33340553322798266,0.40700704621973094,clip
3,fashion,36,identity,lasso,47.0,0.1241763602142927,0.2285200514890484,0.2007972198858205,clip
3,fashion,36,emotion,lasso,3.0,0.12336834230941789,0.4023842734707052,0.415568702702223,clip
3,fashion,42,population,lasso,,0.06385998492028365,0.22601285886513886,0.14971205503937926,clip
3,fashion,42,identity,lasso,48.0,0.15521284202320787,0.3074634359047534,0.1984331046019143,clip
3,fashion,42,emotion,lasso,7.0,0.11707738279783612,0.24979842614787293,0.24286258039014347,clip
3,fashion,47,population,lasso,,0.18035851336961223,0.32708888444246054,0.41868289783498347,clip
3,fashion,47,identity,lasso,64.0,0.34684017966547637,0.38453460249866334,0.39128326297073707,clip
3,fashion,47,emotion,lasso,7.0,0.3421122715653066,0.5078279633607855,0.5317185315498351,clip
3,fashion,54,population,lasso,,0.06910112678379575,0.05701380877368278,0.13171781208437172,clip
3,fashion,54,identity,lasso,60.0,0.06382570303614014,0.08188894349169448,0.07290063891790005,clip
3,fashion,54,emotion,lasso,7.0,0.0032637937572914727,-0.03686494965209332,0.007145473639419754,clip
3,fashion,55,population,lasso,,0.2845553907982344,0.24440984519202227,0.3986035662160131,clip
3,fashion,55,identity,lasso,53.0,0.15043420125267,0.16536429699497435,0.17320673706298745,clip
3,fashion,55,emotion,lasso,5.0,0.22070577976316494,0.26658300535720053,0.37080665487644504,clip
3,fashion,59,population,lasso,,0.1439293731035946,0.18714419054442333,0.3607100984094129,clip
3,fashion,59,identity,lasso,61.0,0.4133645564788829,0.29693808668835037,0.42494600256221954,clip
3,fashion,59,emotion,lasso,6.0,0.44933497300841285,0.3231501429749636,0.47746832549777474,clip
3,fashion,60,population,lasso,,0.2794532168201588,0.41082984791773214,0.44443490132254543,clip
3,fashion,60,identity,lasso,54.0,0.3136014365749363,0.28557623279496014,0.33544786022285433,clip
3,fashion,60,emotion,lasso,6.0,0.45575264372187196,0.40927234207384683,0.47944554331659756,clip
3,fashion,67,population,lasso,,0.04971098433713528,0.047113823751123024,0.06522265620445225,clip
3,fashion,67,identity,lasso,38.0,0.08268950451024173,0.10962127308429614,0.10185843204150166,clip
3,fashion,67,emotion,lasso,5.0,0.022005011640887667,-0.027210954311704717,0.0496084524090953,clip
3,fashion,68,population,lasso,,0.2077600736601168,0.44951766197895826,0.3980875282134193,clip
3,fashion,68,identity,lasso,48.0,0.23335271565653676,0.24950997448421655,0.2584380944034982,clip
3,fashion,68,emotion,lasso,4.0,0.23471412316298862,0.3303227142175519,0.33831466400127497,clip
3,fashion,75,population,lasso,,0.31120127041370005,0.4362405110401935,0.44964888830852917,clip
3,fashion,75,identity,lasso,57.0,0.47035048179703787,0.5089725170489788,0.5334290460980018,clip
3,fashion,75,emotion,lasso,6.0,0.43918959501844274,0.5385198944900478,0.5289642690029669,clip
3,fashion,76,population,lasso,,0.22304521972136862,0.3156493853383382,0.3180690827170327,clip
3,fashion,76,identity,lasso,57.0,0.1689300514543472,0.1944485373627534,0.18432960356022648,clip
3,fashion,76,emotion,lasso,5.0,0.21407628830761827,0.29633632675251725,0.3068041099088568,clip
3,fashion,82,population,lasso,,0.19827479187599087,0.36996933514586133,0.36395953059951675,clip
3,fashion,82,identity,lasso,54.0,0.12968934126855491,0.14313698081946274,0.15989136230887954,clip
3,fashion,82,emotion,lasso,5.0,0.11811341197749917,0.16908055859299034,0.24020901855677596,clip
3,fashion,84,population,lasso,,0.19343317010338493,0.4064131633353817,0.39485580833264555,clip
3,fashion,84,identity,lasso,58.0,0.019228576190551305,0.019961653931521064,0.02173892061339524,clip
3,fashion,84,emotion,lasso,5.0,0.16295017027991374,0.26382992096737407,0.25445889467541283,clip
3,fashion,88,population,lasso,,0.12050926709916045,0.33591623862151326,0.3039153464619974,clip
3,fashion,88,identity,lasso,65.0,0.3125614476814137,0.3202151167117837,0.31527653542185297,clip
3,fashion,88,emotion,lasso,7.0,0.19963266665025756,0.28705746795831744,0.2757256950104855,clip
3,fashion,95,population,lasso,,0.0601382858589128,0.16242501907712095,0.14381152157491653,clip
3,fashion,95,identity,lasso,74.0,0.055104012160673274,0.09619012599737739,0.05993212814611443,clip
3,fashion,95,emotion,lasso,4.0,0.06836411381105749,0.1455598797585186,0.1631121792465101,clip
3,fashion,96,population,lasso,,0.21166399802482386,0.32904900057861236,0.3448226021641874,clip
3,fashion,96,identity,lasso,54.0,0.25534793483316726,0.2609358080298175,0.2898604732922077,clip
3,fashion,96,emotion,lasso,5.0,0.22415624857852112,0.3412579690543398,0.32165659814633324,clip
3,fashion,107,population,lasso,,0.11165201634423681,0.1911619924477929,0.20157542030191675,clip
3,fashion,107,identity,lasso,58.0,0.06004937481216554,0.09300174775288315,0.0654657847172383,clip
3,fashion,107,emotion,lasso,6.0,0.18228268647200835,0.2224601806248965,0.24940868244229192,clip
3,fashion,122,population,lasso,,0.10635363472047037,0.21939188019658928,0.23089824753378857,clip
3,fashion,122,identity,lasso,69.0,0.002024569850852124,-0.0021572949573412624,0.002159579286644642,clip
3,fashion,122,emotion,lasso,5.0,0.16080201425027954,0.2966029718093382,0.3190168127764344,clip
3,fashion,123,population,lasso,,0.3572725642381879,0.5359186507827997,0.4749525105141555,clip
3,fashion,123,identity,lasso,54.0,0.34308501510219036,0.2898391953094564,0.384736592939572,clip
3,fashion,123,emotion,lasso,5.0,0.34445169009457977,0.4706558470547733,0.45486132215019576,clip
3,fashion,132,population,lasso,,0.10635198708778279,0.27904904814191656,0.31629300900731777,clip
3,fashion,132,identity,lasso,57.0,0.3815981916898957,0.3786491618927304,0.43647063070761094,clip
3,fashion,132,emotion,lasso,6.0,0.29821902568078545,0.3352260928683347,0.39526513981221983,clip
3,fashion,140,population,lasso,,0.20468992461486496,0.3613693185780144,0.4216775420992807,clip
3,fashion,140,identity,lasso,56.0,0.15471245113396423,0.1533334241045891,0.1938998651571319,clip
3,fashion,140,emotion,lasso,7.0,0.3807535689965848,0.5480041570521725,0.5613752912494896,clip
3,fashion,141,population,lasso,,0.16605589776782778,0.31070107317763634,0.2727830617940577,clip
3,fashion,141,identity,lasso,48.0,0.04615691013112574,-0.08863371040075618,0.050283664903126905,clip
3,fashion,141,emotion,lasso,5.0,0.1834609188239126,0.22089778426901024,0.2629228274617722,clip
3,landscape,0,population,lasso,,0.14902739368697687,0.46760504162155475,0.4325101730248334,clip
3,landscape,0,identity,lasso,36.0,0.26807688846032024,0.39748907885878926,0.3679645431330786,clip
3,landscape,0,emotion,lasso,6.0,0.31160806055011997,0.4200015591234961,0.42129167008313445,clip
3,landscape,9,population,lasso,,0.3960892043869677,0.48267042257000786,0.5474257165201615,clip
3,landscape,9,identity,lasso,25.0,0.42387339238735655,0.5332507101207478,0.6265754085880524,clip
3,landscape,9,emotion,lasso,6.0,0.5492993260772244,0.4649572861559094,0.6071902221227314,clip
3,landscape,10,population,lasso,,0.19582117407284572,0.6291629555507856,0.6364385405432262,clip
3,landscape,10,identity,lasso,48.0,0.4582227627121013,0.5849115502899197,0.543553201799748,clip
3,landscape,10,emotion,lasso,7.0,0.6461201271047716,0.6835961000752138,0.6826066609784671,clip
3,landscape,11,population,lasso,,0.2500049994283385,0.3637538753086699,0.4303153540243375,clip
3,landscape,11,identity,lasso,33.0,0.39311164524198405,0.38214370934094616,0.49751777168236383,clip
3,landscape,11,emotion,lasso,6.0,0.33664518762392803,0.3338765578192346,0.4047030176648183,clip
3,landscape,24,population,lasso,,0.09202525037537097,0.12555077282377575,0.12000618498450003,clip
3,landscape,24,identity,lasso,22.0,-0.10499085778553953,-0.16743696882380743,-0.16269987276716774,clip
3,landscape,24,emotion,lasso,6.0,-0.09896291439215178,-0.21633115128459088,-0.21969846284304614,clip
3,landscape,28,population,lasso,,0.21273500488270997,0.3070885199911028,0.3296899553771425,clip
3,landscape,28,identity,lasso,34.0,0.17972071224011238,0.2170289059552505,0.23443208605442145,clip
3,landscape,28,emotion,lasso,6.0,0.25856594324095344,0.3164881846254458,0.3087414279640498,clip
3,landscape,31,population,lasso,,0.0832063292351506,0.42454894015192063,0.2757951341845987,clip
3,landscape,31,identity,lasso,32.0,0.062081220035210494,0.18472896479355158,0.09351017752282093,clip
3,landscape,31,emotion,lasso,7.0,0.16129796620771822,0.32691087588881007,0.28973531225026855,clip
3,landscape,32,population,lasso,,0.28472749507255446,0.5798918396778253,0.5646680460480432,clip
3,landscape,32,identity,lasso,49.0,0.5873211566387431,0.6697873088329448,0.666925678639046,clip
3,landscape,32,emotion,lasso,7.0,0.4406605534959679,0.48608148890462777,0.5470616120092698,clip
3,landscape,36,population,lasso,,0.3241968855693503,0.5753642375484596,0.5781299387632203,clip
3,landscape,36,identity,lasso,40.0,0.3691479356160222,0.4566658752057044,0.46831109213672145,clip
3,landscape,36,emotion,lasso,6.0,0.5412472005844856,0.5573856571434063,0.5805293419634588,clip
3,landscape,42,population,lasso,,0.30600819770678395,0.5122818591693709,0.5028541549250596,clip
3,landscape,42,identity,lasso,21.0,0.2589527311585294,0.3221933704345571,0.35976584920769744,clip
3,landscape,42,emotion,lasso,7.0,0.3683791370690183,0.5059693330303465,0.5020946403497015,clip
3,landscape,47,population,lasso,,0.3696787620222838,0.5284126313122175,0.5573147570976839,clip
3,landscape,47,identity,lasso,34.0,0.4263880626793892,0.3345995187935469,0.48722215484678716,clip
3,landscape,47,emotion,lasso,7.0,0.623814575131254,0.4775911945152348,0.6381803581906682,clip
3,landscape,54,population,lasso,,0.1564194173044197,0.26002782402746494,0.30921519938529524,clip
3,landscape,54,identity,lasso,36.0,-0.12187333009615231,-0.2557890626810052,-0.2522942037513481,clip
3,landscape,54,emotion,lasso,7.0,0.06025042595868577,0.1745965983184608,0.10917942336700355,clip
3,landscape,55,population,lasso,,0.41746119788168085,0.6281079930819398,0.6533330667512169,clip
3,landscape,55,identity,lasso,26.0,0.4053369343029676,0.48701487258435033,0.5242184871581826,clip
3,landscape,55,emotion,lasso,6.0,0.5595131105232545,0.59803000227819,0.6302794660510116,clip
3,landscape,59,population,lasso,,0.25193656601908465,0.49691734774481633,0.484434344377393,clip
3,landscape,59,identity,lasso,23.0,0.20872877688524388,0.29606536892815905,0.32373300081251233,clip
3,landscape,59,emotion,lasso,6.0,0.3631338848383134,0.4887004424493254,0.4410861097215984,clip
3,landscape,60,population,lasso,,0.43661641209944385,0.7406531371048437,0.7037707895381385,clip
3,landscape,60,identity,lasso,34.0,0.6331950839338361,0.695286052520716,0.7214430037090868,clip
3,landscape,60,emotion,lasso,6.0,0.7014958558740073,0.7853840058318048,0.76503482405207,clip
3,landscape,67,population,lasso,,0.3884655616238979,0.49053320553026936,0.45206237820882805,clip
3,landscape,67,identity,lasso,19.0,0.19928280912590138,0.2888976165805569,0.3120021070097214,clip
3,landscape,67,emotion,lasso,7.0,0.2916610272474359,0.3131227512447606,0.3680508321744647,clip
3,landscape,68,population,lasso,,0.16770592733912637,0.31349134509558935,0.3033562727070628,clip
3,landscape,68,identity,lasso,25.0,0.26256342762715024,0.4636393043856325,0.378337009064943,clip
3,landscape,68,emotion,lasso,6.0,0.2967893831499228,0.4259023838583414,0.38105169215422857,clip
3,landscape,75,population,lasso,,0.25464812868120557,0.4189808954813999,0.4091776966519249,clip
3,landscape,75,identity,lasso,22.0,-0.011303027157423571,0.015490583302044489,-0.01884116748055948,clip
3,landscape,75,emotion,lasso,6.0,0.15361092691353828,0.2646526774315397,0.24673003173938665,clip
3,landscape,76,population,lasso,,0.29335404811783716,0.3843991028321678,0.43906866551693996,clip
3,landscape,76,identity,lasso,26.0,0.27597257458206853,0.298854507289293,0.35813270275693543,clip
3,landscape,76,emotion,lasso,6.0,0.33171929074705836,0.3683030798724593,0.37318588413489995,clip
3,landscape,82,population,lasso,,0.2903041121862859,0.4849000019126318,0.45121794362376966,clip
3,landscape,82,identity,lasso,31.0,0.18154038362442354,0.26601097283608327,0.2823922759974796,clip
3,landscape,82,emotion,lasso,7.0,0.2748115813686176,0.3521478592782435,0.36425601514764805,clip
3,landscape,84,population,lasso,,0.3238078748957016,0.5196893856357238,0.5237930812956536,clip
3,landscape,84,identity,lasso,32.0,0.2480996478834999,0.3997532174184285,0.3878437203357555,clip
3,landscape,84,emotion,lasso,6.0,0.47075116608166884,0.6165667924603275,0.6092286176229709,clip
3,landscape,88,population,lasso,,0.39163094562555884,0.6692145189470243,0.6769722389716758,clip
3,landscape,88,identity,lasso,42.0,0.5504426698767756,0.6079542588226057,0.6283411216040253,clip
3,landscape,88,emotion,lasso,7.0,0.5792506697247529,0.6638811576422625,0.6686847894389142,clip
3,landscape,95,population,lasso,,0.22230344155377468,0.44179512917606795,0.46741395911225686,clip
3,landscape,95,identity,lasso,51.0,0.3380931515304459,0.36754384696160275,0.40786800046924593,clip
3,landscape,95,emotion,lasso,7.0,0.4218274549338734,0.47773274976786906,0.5325324744960409,clip
3,landscape,96,population,lasso,,0.38220453246057323,0.5829583198694175,0.5896550832167206,clip
3,landscape,96,identity,lasso,26.0,0.3467202072367536,0.47724074664365074,0.4605430777270697,clip
3,landscape,96,emotion,lasso,7.0,0.545333852298631,0.6079379996189656,0.6043164040513179,clip
3,landscape,107,population,lasso,,0.1362845215532594,0.21029064791274882,0.19630636199884202,clip
3,landscape,107,identity,lasso,35.0,-0.05452344622499299,-0.14825565478885516,-0.07017021439155753,clip
3,landscape,107,emotion,lasso,7.0,0.08355940338114533,0.1713442414579571,0.11073540352866584,clip
3,landscape,122,population,lasso,,0.25329540201981005,0.5343230203043873,0.5280799392684493,clip
3,landscape,122,identity,lasso,33.0,0.363700215508504,0.4209772759046326,0.47323734217646807,clip
3,landscape,122,emotion,lasso,6.0,0.5027656763114635,0.5305134950670319,0.5834206588229677,clip
3,landscape,123,population,lasso,,0.39548559885267864,0.6703257567364101,0.6531558072938055,clip
3,landscape,123,identity,lasso,27.0,0.46454572623881957,0.6326075744067727,0.6108487889842006,clip
3,landscape,123,emotion,lasso,7.0,0.5802431868022428,0.7076484666431939,0.6853580764180962,clip
3,landscape,132,population,lasso,,0.07232743075748266,0.37108365568226637,0.43431290308101916,clip
3,landscape,132,identity,lasso,36.0,0.2291994664647395,0.23214303111285964,0.3110522302956016,clip
3,landscape,132,emotion,lasso,6.0,0.2602274502776176,0.19041515628784966,0.27702036116451145,clip
3,landscape,140,population,lasso,,0.2379354335473814,0.48936127592730266,0.4286178290032249,clip
3,landscape,140,identity,lasso,29.0,0.27642596700860256,0.49339406291988697,0.4128142013529382,clip
3,landscape,140,emotion,lasso,7.0,0.31788433864150284,0.5409909069311294,0.5101035133769809,clip
3,landscape,141,population,lasso,,0.3005658490137421,0.43450399898454634,0.43734691189826014,clip
3,landscape,141,identity,lasso,32.0,0.25623043937626877,0.4421679110042027,0.4299817368215064,clip
3,landscape,141,emotion,lasso,7.0,0.32111692305059364,0.46157651936567035,0.42370671029183254,clip
4,art,1,population,lasso,,0.3212815916583224,0.3784430199175785,0.34816280705184227,clip
4,art,1,identity,lasso,19.0,0.3336331996873871,0.4966774972247986,0.5154378816935528,clip
4,art,1,emotion,lasso,2.0,0.34494929908836053,0.439517100965646,0.46142627806177866,clip
4,art,2,population,lasso,,0.47451290191939,0.7682037048469291,0.7462074922798864,clip
4,art,2,identity,lasso,29.0,0.6160474602284769,0.7293789586961956,0.695996677757963,clip
4,art,2,emotion,lasso,4.0,0.7194142161495057,0.8087661314519793,0.7773575589162207,clip
4,art,12,population,lasso,,0.41876152784728865,0.48891060821062526,0.49018135828676607,clip
4,art,12,identity,lasso,35.0,0.27774866906743395,0.3153821995307846,0.34122762366757886,clip
4,art,12,emotion,lasso,6.0,0.5355042693691772,0.6295519734987405,0.6034923270351509,clip
4,art,13,population,lasso,,0.23656073678199116,0.34405877105834437,0.3781783528975511,clip
4,art,13,identity,lasso,36.0,0.37060666052588853,0.520471538795306,0.46503914781061617,clip
4,art,13,emotion,lasso,4.0,0.2703369773460671,0.2977271557670712,0.334434428909879,clip
4,art,26,population,lasso,,0.3034282715722474,0.4075274015508536,0.38135933469227745,clip
4,art,26,identity,lasso,28.0,0.2772851921237639,0.3133555290303185,0.34819251777119287,clip
4,art,26,emotion,lasso,5.0,0.30409883996153997,0.3993167757702221,0.39473406965512314,clip
4,art,29,population,lasso,,0.22082747344262862,0.25599015606024633,0.26039024793622384,clip
4,art,29,identity,lasso,21.0,0.024788645060203996,0.010571417233074785,0.03748390975680453,clip
4,art,29,emotion,lasso,4.0,0.10828517353439412,0.4104643581167553,0.3685346418364209,clip
4,art,34,population,lasso,,0.2554110271449753,0.6165540616070493,0.5955179418524631,clip
4,art,34,identity,lasso,47.0,0.5307056293316462,0.5468262008446428,0.5516297223228108,clip
4,art,34,emotion,lasso,6.0,0.5936806692705693,0.6513193670083904,0.6329670271434633,clip
4,art,38,population,lasso,,0.39478207159370177,0.6217008493693564,0.6083592770443723,clip
4,art,38,identity,lasso,32.0,0.2802349925846091,0.3919184128430682,0.36485801975095844,clip
4,art,38,emotion,lasso,3.0,0.4776978312704248,0.6951763673376857,0.693832866529468,clip
4,art,43,population,lasso,,0.21087144204642314,0.3900867855323119,0.3989598185090366,clip
4,art,43,identity,lasso,41.0,0.31499018523370576,0.4909755210246613,0.41641713889086457,clip
4,art,43,emotion,lasso,5.0,0.2817370463498751,0.34522558081823806,0.33048216136751996,clip
4,art,48,population,lasso,,0.3888458082951585,0.5716007538243746,0.5795522662755317,clip
4,art,48,identity,lasso,35.0,0.5773548568189821,0.6144990006376801,0.607565605772938,clip
4,art,48,emotion,lasso,5.0,0.617625326521908,0.6381788328786246,0.6400898082186703,clip
4,art,49,population,lasso,,0.35052056933516335,0.5137955617133181,0.5197874510518965,clip
4,art,49,identity,lasso,30.0,0.43077454247410907,0.590409859469761,0.6002996887902567,clip
4,art,49,emotion,lasso,5.0,0.3077279506515589,0.5225995287892682,0.4775934946586712,clip
4,art,56,population,lasso,,0.042475525447242306,0.05750314076885966,0.16373504482435877,clip
4,art,56,identity,lasso,31.0,0.22144237132125916,0.311763385243189,0.33992918679410283,clip
4,art,56,emotion,lasso,3.0,0.1574374883702808,0.27966008352068356,0.27213821603764576,clip
4,art,61,population,lasso,,0.22526147389042994,0.3946107226214079,0.3978853172784347,clip
4,art,61,identity,lasso,34.0,0.3089834016618096,0.4609643049839044,0.44691834351879084,clip
4,art,61,emotion,lasso,4.0,0.3337794318421307,0.3523811562198795,0.3847436426672514,clip
4,art,72,population,lasso,,0.1900345246855387,0.4742676858662527,0.4536826360447862,clip
4,art,72,identity,lasso,45.0,0.3583683749882707,0.3776797523638569,0.3938227858723569,clip
4,art,72,emotion,lasso,5.0,0.390724435313497,0.4414238013574401,0.45911326963930166,clip
4,art,77,population,lasso,,0.3220443540825089,0.44290138454106787,0.44313500264652433,clip
4,art,77,identity,lasso,37.0,0.38453307711563595,0.4079185581674185,0.44328081538867475,clip
4,art,77,emotion,lasso,5.0,0.33216347957086995,0.42142677825229297,0.42131606739284305,clip
4,art,78,population,lasso,,0.3277094308162793,0.5765988618218482,0.5864115364935691,clip
4,art,78,identity,lasso,41.0,0.4003399256891758,0.5131946636703856,0.5120905677683812,clip
4,art,78,emotion,lasso,6.0,0.425692774897041,0.5090071292159377,0.5617455549604686,clip
4,art,89,population,lasso,,0.26772782953636565,0.4869979921911644,0.49542852389339725,clip
4,art,89,identity,lasso,31.0,0.28701740953808397,0.3550596719730347,0.36137105725339896,clip
4,art,89,emotion,lasso,3.0,0.3510016085624134,0.5213553554552974,0.5131377122434976,clip
4,art,90,population,lasso,,0.22172486602509656,0.4007117720538722,0.37650625532482995,clip
4,art,90,identity,lasso,43.0,0.4558577997571254,0.5627005771952721,0.5264752285860469,clip
4,art,90,emotion,lasso,4.0,0.375934926072249,0.4727123329364692,0.46289562589774036,clip
4,art,97,population,lasso,,0.3081336015048935,0.37605365836945764,0.3754386472792644,clip
4,art,97,identity,lasso,33.0,0.15131393934050988,0.27643013099836766,0.3007813790729366,clip
4,art,97,emotion,lasso,5.0,0.26221162114645413,0.4146955114103652,0.400293080051581,clip
4,art,103,population,lasso,,0.3960230789042073,0.6369834232227993,0.6784672294953801,clip
4,art,103,identity,lasso,35.0,0.5774632592018785,0.6374327766331306,0.6732136278349031,clip
4,art,103,emotion,lasso,4.0,0.6369838441275476,0.6880599275304435,0.7183294883308345,clip
4,art,108,population,lasso,,0.14272420478716125,0.2938502661986966,0.2967445319908273,clip
4,art,108,identity,lasso,48.0,0.33842362178207713,0.40703004592944364,0.38811752628744056,clip
4,art,108,emotion,lasso,4.0,0.33900862918372304,0.39997803683696176,0.4138494332936678,clip
4,art,114,population,lasso,,0.2515882288187417,0.6159507153028465,0.6303652054329589,clip
4,art,114,identity,lasso,43.0,0.5332830470242249,0.711252294558435,0.6938100796398898,clip
4,art,114,emotion,lasso,5.0,0.4385720269666821,0.5655318300120268,0.5505585066252269,clip
4,art,115,population,lasso,,0.09038605106718514,0.1740287131803168,0.170757849584279,clip
4,art,115,identity,lasso,20.0,-0.09872630802081424,0.005765295484457216,-0.11744977592205136,clip
4,art,115,emotion,lasso,4.0,0.18593392924934507,0.2780417760442357,0.2339878762708999,clip
4,art,124,population,lasso,,0.3801446708564823,0.4817754966855983,0.5202655308204333,clip
4,art,124,identity,lasso,24.0,0.36432069990731936,0.5084322376358571,0.4964595952602137,clip
4,art,124,emotion,lasso,5.0,0.5171050959322848,0.5538288679007715,0.5776698663568537,clip
4,art,134,population,lasso,,0.36388606497850173,0.5240388232062899,0.5832230924398755,clip
4,art,134,identity,lasso,28.0,0.33456704338175003,0.3781413709704566,0.37312875614938606,clip
4,art,134,emotion,lasso,4.0,0.5284021104256129,0.5900423971414746,0.5634862709846995,clip
4,art,135,population,lasso,,0.06532121356310745,0.01244913226370709,0.08515790353530314,clip
4,art,135,identity,lasso,26.0,0.36960821320543313,0.4743270596507993,0.4664815695678155,clip
4,art,135,emotion,lasso,5.0,0.18508514422983677,0.3786653064665238,0.38914016447146355,clip
4,art,142,population,lasso,,0.3141985091594635,0.5687779436135922,0.585736233818141,clip
4,art,142,identity,lasso,24.0,0.4438012445903541,0.5655210957661135,0.570187060996775,clip
4,art,142,emotion,lasso,5.0,0.5747092100370208,0.5717294619753699,0.6220194437060148,clip
4,art,143,population,lasso,,0.4018950080340707,0.7231840147503007,0.7155510746031313,clip
4,art,143,identity,lasso,42.0,0.6575637350571573,0.766373018937764,0.757994332805052,clip
4,art,143,emotion,lasso,4.0,0.7138138672340851,0.8120996821283322,0.8039755542703174,clip
4,fashion,1,population,lasso,,0.20861691593362547,0.2681638263890559,0.24594963035616907,clip
4,fashion,1,identity,lasso,10.0,0.24328807154335763,0.5122773344627718,0.49339101554757486,clip
4,fashion,1,emotion,lasso,5.0,0.2078784345857549,0.2732182812774992,0.3093340243085936,clip
4,fashion,2,population,lasso,,0.26233293536726815,0.5522899912236953,0.5529629803063374,clip
4,fashion,2,identity,lasso,26.0,0.183525753873654,0.1803701453354812,0.24911988847512537,clip
4,fashion,2,emotion,lasso,3.0,0.4302078930749486,0.5337738528951221,0.5472606849382075,clip
4,fashion,12,population,lasso,,0.1344499131197899,0.148466166676643,0.18639459910487954,clip
4,fashion,12,identity,lasso,39.0,0.19862453802931354,0.23408283402910357,0.2741260425451271,clip
4,fashion,12,emotion,lasso,5.0,0.23772109686795923,0.29486259080526067,0.3305840393765059,clip
4,fashion,13,population,lasso,,0.29628245385961244,0.40068897376116436,0.4034489713818456,clip
4,fashion,13,identity,lasso,33.0,0.3675801524685024,0.5040909831727854,0.510624865040415,clip
4,fashion,13,emotion,lasso,4.0,0.33597759769050384,0.47087760437182913,0.4454080916044651,clip
4,fashion,26,population,lasso,,0.31947870689026125,0.41531539401033407,0.43500613518972187,clip
4,fashion,26,identity,lasso,30.0,0.162367225614932,0.24174471302598596,0.22097155547295944,clip
4,fashion,26,emotion,lasso,4.0,0.27170139912190916,0.4345335929538225,0.44237248420251774,clip
4,fashion,29,population,lasso,,0.13781530340034825,0.29414378849452477,0.217437720954366,clip
4,fashion,29,identity,lasso,17.0,0.029997531848645075,-0.022618371604128485,0.05306006441965861,clip
4,fashion,29,emotion,lasso,4.0,0.10100260218191545,0.24030051873620498,0.17825865889908052,clip
4,fashion,34,population,lasso,,0.20962665786210888,0.36943493518352133,0.38848445777213453,clip
4,fashion,34,identity,lasso,32.0,0.3171604774486254,0.31341847107657295,0.369479787982863,clip
4,fashion,34,emotion,lasso,4.0,0.3487297956980472,0.5299568096400818,0.5217287059960012,clip
4,fashion,38,population,lasso,,0.2162367229968201,0.3943390254621606,0.3965134107317931,clip
4,fashion,38,identity,lasso,30.0,0.01561187921341406,0.01961346315095475,0.020930380507388262,clip
4,fashion,38,emotion,lasso,4.0,0.16157433897604345,0.33643495711449267,0.29752748648586513,clip
4,fashion,43,population,lasso,,0.2997126867208927,0.4482082954433005,0.4626330250718145,clip
4,fashion,43,identity,lasso,36.0,0.23941233460584813,0.3792873280537253,0.34960756417043853,clip
4,fashion,43,emotion,lasso,5.0,0.4454633527520354,0.6153058735023493,0.5991760972058143,clip
4,fashion,48,population,lasso,,0.3094520232889703,0.5195500123283288,0.466512824328899,clip
4,fashion,48,identity,lasso,35.0,0.34092249905205185,0.30852898836369475,0.3830369300643509,clip
4,fashion,48,emotion,lasso,6.0,0.15739482407279246,0.22934070212445756,0.23118719521406342,clip
4,fashion,49,population,lasso,,0.0916227426141142,0.17557435369509453,0.15379572511254105,clip
4,fashion,49,identity,lasso,24.0,0.08569154275623932,0.14513081880197123,0.13087453723179013,clip
4,fashion,49,emotion,lasso,4.0,0.08014763430897481,0.19304195568295218,0.16169749756843058,clip
4,fashion,56,population,lasso,,0.028622385686060674,0.003724077655435845,0.10769442573730224,clip
4,fashion,56,identity,lasso,38.0,-0.32204234905065926,-0.36682164906043074,-0.37500754362311994,clip
4,fashion,56,emotion,lasso,5.0,-0.0541839259826719,-0.041488552630089964,-0.07608245128928301,clip
4,fashion,61,population,lasso,,0.22955655425865676,0.34678612990215263,0.30989837426617445,clip
4,fashion,61,identity,lasso,35.0,0.1524543388399622,0.21747944019549142,0.2005622636187243,clip
4,fashion,61,emotion,lasso,6.0,0.22275742858352898,0.3116571453146618,0.2598157025109367,clip
4,fashion,72,population,lasso,,0.09988244275565358,0.17949379397061183,0.21565695315375366,clip
4,fashion,72,identity,lasso,45.0,0.13524774187841251,0.1935496517794974,0.174253348870745,clip
4,fashion,72,emotion,lasso,6.0,0.13915890590281027,0.17782864008384489,0.2168839834341964,clip
4,fashion,77,population,lasso,,0.33654378851055045,0.4709288633731353,0.4877404281153148,clip
4,fashion,77,identity,lasso,25.0,0.13983089936609647,0.25478661239017547,0.24366866343874904,clip
4,fashion,77,emotion,lasso,5.0,0.28125367721793915,0.4172506623878575,0.4119806025817376,clip
4,fashion,78,population,lasso,,0.18105073102187527,0.3247839818556314,0.3338617461040518,clip
4,fashion,78,identity,lasso,39.0,0.40433271756978717,0.5113737029401523,0.5381588888819356,clip
4,fashion,78,emotion,lasso,3.0,0.3634660701712696,0.4844040965735459,0.48154758684405485,clip
4,fashion,89,population,lasso,,0.12588976257213996,0.27423961134834535,0.2967207549572136,clip
4,fashion,89,identity,lasso,32.0,0.23682583960799236,0.3191008585989007,0.27219485663023807,clip
4,fashion,89,emotion,lasso,5.0,0.09859762701341997,0.18574821583874276,0.15106204292203304,clip
4,fashion,90,population,lasso,,0.16682148005398445,0.3456782193160456,0.3007972339308989,clip
4,fashion,90,identity,lasso,40.0,0.2379590747866163,0.306287888478987,0.34307412422610123,clip
4,fashion,90,emotion,lasso,5.0,0.28117149568082184,0.32425026982723676,0.349295541257372,clip
4,fashion,97,population,lasso,,0.4330346413757044,0.5564641576509319,0.561130800618952,clip
4,fashion,97,identity,lasso,22.0,0.14328931048891172,0.24931756476864061,0.2587964581533004,clip
4,fashion,97,emotion,lasso,2.0,0.2838768457806461,0.5024088050931985,0.5231410083564916,clip
4,fashion,103,population,lasso,,0.08435082202385578,0.1331286107777117,0.10763769423247457,clip
4,fashion,103,identity,lasso,15.0,0.15094973160214611,0.28679991355557966,0.27480756240939347,clip
4,fashion,103,emotion,lasso,3.0,0.14871482924822646,0.2975698685847878,0.29715586393687254,clip
4,fashion,108,population,lasso,,0.2743239786839429,0.4707450870046026,0.483450279228531,clip
4,fashion,108,identity,lasso,41.0,-0.0665471782682819,-0.11762488089473379,-0.08690023708481596,clip
4,fashion,108,emotion,lasso,3.0,0.12150777639745841,0.2588729633386813,0.28171652000542535,clip
4,fashion,114,population,lasso,,0.2973466206474185,0.41852149102246644,0.42008866136926337,clip
4,fashion,114,identity,lasso,36.0,0.3000921449348309,0.379554816507501,0.3818340430901849,clip
4,fashion,114,emotion,lasso,5.0,0.34075929090613877,0.3659701042912746,0.4535246337828222,clip
4,fashion,115,population,lasso,,0.21673572916765954,0.4191585525875278,0.43978120762969897,clip
4,fashion,115,identity,lasso,15.0,0.1126351783391981,0.060501412240662786,0.2523784338932891,clip
4,fashion,115,emotion,lasso,4.0,0.2669824410181079,0.2814060760474572,0.35138163793975846,clip
4,fashion,124,population,lasso,,0.2321455279432196,0.3999463422172355,0.4060206057781527,clip
4,fashion,124,identity,lasso,15.0,0.1854715331331082,0.27336259621615316,0.2804575555636343,clip
4,fashion,124,emotion,lasso,6.0,0.38610264695540913,0.5359510002356682,0.5051913119052439,clip
4,fashion,134,population,lasso,,0.1977848701678484,0.28140008441519215,0.28781461865048275,clip
4,fashion,134,identity,lasso,36.0,0.3540421852613022,0.4079673659157629,0.400377008674812,clip
4,fashion,134,emotion,lasso,3.0,0.28775139886585305,0.3830655921655514,0.3320682255684966,clip
4,fashion,135,population,lasso,,0.012260588518177505,0.018064905179607085,0.01689209384302812,clip
4,fashion,135,identity,lasso,28.0,0.17752153487122357,0.19260891976816527,0.22727249653117923,clip
4,fashion,135,emotion,lasso,3.0,0.07568677500510634,0.09317687934744709,0.1233813922211971,clip
4,fashion,142,population,lasso,,0.15084493835120114,0.39588489903678514,0.4182369389513183,clip
4,fashion,142,identity,lasso,30.0,0.2432709967594429,0.3002110241542407,0.32100598737599906,clip
4,fashion,142,emotion,lasso,4.0,0.25077200535455624,0.32709710776386347,0.3345024448195312,clip
4,fashion,143,population,lasso,,0.28089847071176666,0.3318448536642247,0.3776311183415812,clip
4,fashion,143,identity,lasso,28.0,0.22694534087495022,0.2606317347244285,0.3312357080579717,clip
4,fashion,143,emotion,lasso,5.0,0.3621570567493238,0.46241948962723767,0.4839454219117007,clip
4,landscape,1,population,lasso,,0.3816361004467545,0.5749957317569125,0.5284755584054363,clip
4,landscape,1,identity,lasso,15.0,0.32032540755716676,0.6261166519928506,0.6221158328901873,clip
4,landscape,1,emotion,lasso,2.0,0.2960399725030798,0.5745372481673526,0.5862197326371741,clip
4,landscape,2,population,lasso,,0.3446328537338987,0.6142903889016055,0.608194565410742,clip
4,landscape,2,identity,lasso,29.0,0.21711880099403724,0.24419183690725804,0.31155941606808135,clip
4,landscape,2,emotion,lasso,2.0,0.3713925450631468,0.5619922193134596,0.5630755505279689,clip
4,landscape,12,population,lasso,,0.48593919944820374,0.7508292900582517,0.7543077750386001,clip
4,landscape,12,identity,lasso,31.0,0.6910233454734618,0.711431434942994,0.7215883550657263,clip
4,landscape,12,emotion,lasso,2.0,0.6617280955682386,0.6993245396450914,0.6973780858227496,clip
4,landscape,13,population,lasso,,0.0715394639118148,0.060093201606107705,0.12825516037819437,clip
4,landscape,13,identity,lasso,36.0,0.3211177620724134,0.5314248632293371,0.514753825423641,clip
4,landscape,13,emotion,lasso,3.0,0.09424671555698365,0.32592757559416535,0.3309922043819584,clip
4,landscape,26,population,lasso,,0.09353418396512464,0.2061085302177255,0.17427694543200203,clip
4,landscape,26,identity,lasso,31.0,0.11456399143755859,0.21727479187868579,0.17534252252167346,clip
4,landscape,26,emotion,lasso,4.0,0.1487634725646368,0.32869145558826773,0.30903341531844064,clip
4,landscape,29,population,lasso,,0.2455273032548909,0.24729142482127744,0.28885493770675186,clip
4,landscape,29,identity,lasso,21.0,0.11759387235020717,0.186345398436753,0.19853103643454,clip
4,landscape,29,emotion,lasso,2.0,0.1667749056285663,0.3301963197613603,0.35572394951086583,clip
4,landscape,34,population,lasso,,0.393082930831529,0.6625118826919267,0.6287628191534864,clip
4,landscape,34,identity,lasso,41.0,0.3158077293867531,0.41424179086785456,0.43375501276710715,clip
4,landscape,34,emotion,lasso,3.0,0.4082402511006443,0.6209698538780095,0.588906426280804,clip
4,landscape,38,population,lasso,,0.38159447657178525,0.5505431684943172,0.48307407724874296,clip
4,landscape,38,identity,lasso,17.0,0.03504937801796232,0.05002596075313325,0.11839742122760394,clip
4,landscape,38,emotion,lasso,2.0,0.032828960557293396,0.4444634020775289,0.42758780043050104,clip
4,landscape,43,population,lasso,,0.1302206397425972,0.46024929067216713,0.47762441843489517,clip
4,landscape,43,identity,lasso,29.0,0.24394979579988327,0.2664184763796344,0.29565606644016396,clip
4,landscape,43,emotion,lasso,3.0,0.3802928114925338,0.5347159249386352,0.5736242633390292,clip
4,landscape,48,population,lasso,,0.3376796413217683,0.408640270772663,0.42670210113559,clip
4,landscape,48,identity,lasso,34.0,0.5272362144925054,0.4957703924725912,0.5732296622952198,clip
4,landscape,48,emotion,lasso,3.0,0.5047928707891965,0.5577352849050695,0.5931090459329021,clip
4,landscape,49,population,lasso,,0.35262585955357856,0.454507169375926,0.4737454595106237,clip
4,landscape,49,identity,lasso,17.0,0.22858478385798375,0.28471428511081776,0.30886957986230673,clip
4,landscape,49,emotion,lasso,2.0,0.23652445584235907,0.4508225144094691,0.46115295694938424,clip
4,landscape,56,population,lasso,,0.00658665086076167,0.10436729641805417,0.052730958389827824,clip
4,landscape,56,identity,lasso,8.0,0.003362443050557897,0.04278892874919694,0.014125563863830674,clip
4,landscape,56,emotion,lasso,0.0,0.0,,,clip
4,landscape,61,population,lasso,,0.24004566603440627,0.4561765878367242,0.42845049813019775,clip
4,landscape,61,identity,lasso,21.0,0.27540793339589925,0.3923763826010571,0.3895862388227028,clip
4,landscape,61,emotion,lasso,2.0,0.2834437383729817,0.46846555192706135,0.44709096780969604,clip
4,landscape,72,population,lasso,,-0.014289720888904844,-0.0650895525603615,-0.03982510886928305,clip
4,landscape,72,identity,lasso,37.0,0.22656571517094468,0.3243213070389119,0.3242655340490608,clip
4,landscape,72,emotion,lasso,3.0,0.2544712847596341,0.46385489262542057,0.47840405496687544,clip
4,landscape,77,population,lasso,,0.2105683128651422,0.4124194376607154,0.36784264677892825,clip
4,landscape,77,identity,lasso,45.0,0.38790396947446515,0.506647557605997,0.4697128720815888,clip
4,landscape,77,emotion,lasso,3.0,0.2962360630303288,0.5426442666287528,0.4813710106743157,clip
4,landscape,78,population,lasso,,0.17966927758479143,0.3629842276975943,0.36624363521282843,clip
4,landscape,78,identity,lasso,41.0,0.04745047749699945,0.0957007596666466,0.0612383311084239,clip
4,landscape,78,emotion,lasso,3.0,0.22236905864551265,0.3221171509848588,0.32926119446842167,clip
4,landscape,89,population,lasso,,0.22249030404610137,0.42455797153494096,0.4421398681944666,clip
4,landscape,89,identity,lasso,34.0,0.15652834296479043,0.3054764435430995,0.3085045901723933,clip
4,landscape,89,emotion,lasso,1.0,0.03289645051675351,0.4660613138644638,0.5115863069945114,clip
4,landscape,90,population,lasso,,0.2648628724782953,0.4931683584405462,0.46968667088093663,clip
4,landscape,90,identity,lasso,32.0,0.3123767582398246,0.3841735801487427,0.39066537634951054,clip
4,landscape,90,emotion,lasso,2.0,0.35406649073517665,0.5251151038019368,0.47216447809353523,clip
4,landscape,97,population,lasso,,0.5620358249609253,0.6415454279089912,0.6235864757275026,clip
4,landscape,97,identity,lasso,23.0,0.3299830430578628,0.43364462942182125,0.45435430036073554,clip
4,landscape,97,emotion,lasso,3.0,0.4064490890847088,0.5741384164407284,0.5966368394773012,clip
4,landscape,103,population,lasso,,0.31499042426747975,0.44368657097454667,0.43845592955781487,clip
4,landscape,103,identity,lasso,29.0,0.2960417059181027,0.47271650543602856,0.36526140001126883,clip
4,landscape,103,emotion,lasso,4.0,0.2936073889331233,0.5033840259440556,0.46499653191530044,clip
4,landscape,108,population,lasso,,0.2648922584793261,0.5016937005980969,0.42008769015489766,clip
4,landscape,108,identity,lasso,41.0,0.293690189974877,0.3444024993254313,0.34875070129665064,clip
4,landscape,108,emotion,lasso,2.0,0.35271217189370596,0.46873464626219696,0.42520086054626965,clip
4,landscape,114,population,lasso,,0.27880126037322345,0.46185950917665125,0.43552089329590415,clip
4,landscape,114,identity,lasso,42.0,0.3476995601948692,0.4812075430311687,0.4727698217138849,clip
4,landscape,114,emotion,lasso,3.0,0.09916659744021551,0.43533076172664276,0.4093603572177991,clip
4,landscape,115,population,lasso,,0.1821972279093895,0.23826473055147504,0.25533753788585706,clip
4,landscape,115,identity,lasso,25.0,0.08844173716093465,0.022348582895902348,0.110340850861548,clip
4,landscape,115,emotion,lasso,2.0,0.11266868690462839,0.2377497862451179,0.23490663506589637,clip
4,landscape,124,population,lasso,,0.2728030884679648,0.5691678431436382,0.5455164670905503,clip
4,landscape,124,identity,lasso,27.0,0.3298877370716555,0.4247558226474917,0.40143064446205556,clip
4,landscape,124,emotion,lasso,2.0,0.32094510906328455,0.5587535147424738,0.5198786023918803,clip
4,landscape,134,population,lasso,,0.2995098024208252,0.4496474956917931,0.4074794173068657,clip
4,landscape,134,identity,lasso,25.0,0.21245337511046844,0.2553755741580678,0.2767449974085057,clip
4,landscape,134,emotion,lasso,2.0,0.24069285224702494,0.40362136774098956,0.36062638723436713,clip
4,landscape,135,population,lasso,,0.39026044208567473,0.4021510506913886,0.4622721885486749,clip
4,landscape,135,identity,lasso,20.0,0.20631188372775996,0.2582205303849231,0.3021981161946705,clip
4,landscape,135,emotion,lasso,3.0,0.3516529531436829,0.4174987170194141,0.5207323279399025,clip
4,landscape,142,population,lasso,,0.28476924571092155,0.44078452833473736,0.4620800317171372,clip
4,landscape,142,identity,lasso,27.0,0.37835476692666636,0.518263273596956,0.5048605532068962,clip
4,landscape,142,emotion,lasso,1.0,0.32692335854263566,0.4455524511201047,0.45870973141268284,clip
4,landscape,143,population,lasso,,0.4424217578814237,0.6670493743921282,0.6407336209219215,clip
4,landscape,143,identity,lasso,39.0,0.5003432846394085,0.586685592716655,0.5962023058808941,clip
4,landscape,143,emotion,lasso,3.0,0.5689575252006457,0.6492573928769114,0.6688643659803144,clip
0,art,3,population,lasso,,0.057209876438208504,0.08543820906333426,0.08114943894284532,clip_ft
0,art,3,identity,lasso,31.0,-0.012708714176859483,-0.11987803760205211,-0.018784423488561373,clip_ft
0,art,3,emotion,lasso,1.0,0.002741491978598448,0.056730186981273543,0.09887366639379325,clip_ft
0,art,14,population,lasso,,0.36377853752669853,0.6941020747444807,0.6873017553628312,clip_ft
0,art,14,identity,lasso,35.0,0.5429363050602192,0.6725448756290446,0.6261026749497943,clip_ft
0,art,14,emotion,lasso,3.0,0.46681912768190703,0.6352419803855135,0.6070312121065823,clip_ft
0,art,15,population,lasso,,0.1439305694168773,0.18947439102688884,0.19849103866100468,clip_ft
0,art,15,identity,lasso,15.0,0.133779389734712,0.2376395459207756,0.24720527110504584,clip_ft
0,art,15,emotion,lasso,3.0,0.05533885997260642,0.18458884058561256,0.17173948674027747,clip_ft
0,art,19,population,lasso,,0.4690199214273346,0.5268491152332999,0.5380323528345754,clip_ft
0,art,19,identity,lasso,26.0,0.3200037933218882,0.419703508386005,0.4282719528636454,clip_ft
0,art,19,emotion,lasso,2.0,0.34751392843771783,0.506248027883238,0.5399291154160935,clip_ft
0,art,21,population,lasso,,0.360384277635052,0.613398185257152,0.6261931961877352,clip_ft
0,art,21,identity,lasso,27.0,0.48073360833574286,0.5691385589020935,0.5626387084422353,clip_ft
0,art,21,emotion,lasso,4.0,0.38865232868690397,0.6150579212454667,0.5732083198243452,clip_ft
0,art,22,population,lasso,,0.3567171342768511,0.5032368457504626,0.5170428196525421,clip_ft
0,art,22,identity,lasso,44.0,0.3576342846560604,0.3619449217597657,0.3906970918585337,clip_ft
0,art,22,emotion,lasso,3.0,0.37675549042387474,0.38843107153610595,0.4173922799618314,clip_ft
0,art,30,population,lasso,,-0.2178915708870479,-0.22857144997036147,-0.24741985029756144,clip_ft
0,art,30,identity,lasso,32.0,0.26892475470464783,0.36446810607563046,0.32854505234822984,clip_ft
0,art,30,emotion,lasso,2.0,0.18129922856773648,0.276491340714905,0.2555375133050164,clip_ft
0,art,50,population,lasso,,0.4266476224922192,0.4699776778307129,0.4460398420344094,clip_ft
0,art,50,identity,lasso,16.0,0.3781781996896756,0.5083228067773934,0.5097847520363398,clip_ft
0,art,50,emotion,lasso,3.0,0.25754503883059554,0.4739752495727537,0.5075084936342362,clip_ft
0,art,57,population,lasso,,0.4305146457203442,0.496177215453422,0.5218044379883652,clip_ft
0,art,57,identity,lasso,30.0,0.30826639599962785,0.40202376366639053,0.3866416558272153,clip_ft
0,art,57,emotion,lasso,1.0,0.2716868018832037,0.4022969890052966,0.4161582623724753,clip_ft
0,art,62,population,lasso,,0.27700604427520753,0.5207840818547766,0.5062095073306442,clip_ft
0,art,62,identity,lasso,35.0,0.4484035807703509,0.48411954386745776,0.4740356145560419,clip_ft
0,art,62,emotion,lasso,2.0,0.31469348201850306,0.4769834928497917,0.4316259760078481,clip_ft
0,art,63,population,lasso,,0.13183110874777523,0.18189273219635008,0.18280636281553544,clip_ft
0,art,63,identity,lasso,27.0,-0.04391263512973735,-0.13033810529424758,-0.058049141651487494,clip_ft
0,art,63,emotion,lasso,1.0,0.05017096455437599,0.15471393374213488,0.1660719998656236,clip_ft
0,art,79,population,lasso,,0.4957110235391452,0.5558338603125733,0.5517756927409986,clip_ft
0,art,79,identity,lasso,23.0,0.4064621470464901,0.4945828496425549,0.5081570762516175,clip_ft
0,art,79,emotion,lasso,2.0,0.24561496035047836,0.452952494672642,0.4438295254151935,clip_ft
0,art,80,population,lasso,,0.34321058239137225,0.698592960737521,0.6678957726864012,clip_ft
0,art,80,identity,lasso,36.0,0.7418703411845675,0.8062804269777915,0.8085026037293703,clip_ft
0,art,80,emotion,lasso,2.0,0.5215840821521703,0.6275546048144228,0.5954629525960692,clip_ft
0,art,85,population,lasso,,0.02782827868947752,-0.029423859991164793,0.0468203542788424,clip_ft
0,art,85,identity,lasso,24.0,0.24906380080780416,0.4085800247477805,0.3899547709916143,clip_ft
0,art,85,emotion,lasso,2.0,0.02107029328298466,0.08507002007808266,0.14018342085408955,clip_ft
0,art,86,population,lasso,,0.3887659553004635,0.6348382826717982,0.6553967886429246,clip_ft
0,art,86,identity,lasso,28.0,0.3480555682339343,0.5254787028831862,0.5568040450114236,clip_ft
0,art,86,emotion,lasso,2.0,0.27746430668242755,0.6531471292880325,0.6414217121784539,clip_ft
0,art,98,population,lasso,,0.24513209643135117,0.44577903453920736,0.45609890349385096,clip_ft
0,art,98,identity,lasso,41.0,0.4234921113048545,0.45874231252282205,0.4485016951214791,clip_ft
0,art,98,emotion,lasso,4.0,0.4025829406150494,0.442180862323223,0.464065741408143,clip_ft
0,art,99,population,lasso,,0.46800222878270414,0.7239518137713142,0.7159591586098778,clip_ft
0,art,99,identity,lasso,47.0,0.575246862905829,0.6655129738084282,0.6224211937395113,clip_ft
0,art,99,emotion,lasso,4.0,0.6013210369981634,0.6777545263193571,0.674256219497587,clip_ft
0,art,105,population,lasso,,0.17797406232525176,0.20188575629836036,0.2287865510034165,clip_ft
0,art,105,identity,lasso,25.0,0.06711608544735578,0.10459500787793467,0.10771738413174888,clip_ft
0,art,105,emotion,lasso,3.0,0.030420710774365426,0.11473153120672265,0.2109825463771708,clip_ft
0,art,109,population,lasso,,0.3888118527192205,0.5153397656787553,0.5296951451904517,clip_ft
0,art,109,identity,lasso,26.0,0.32370337094187807,0.457427320498353,0.4225942491716119,clip_ft
0,art,109,emotion,lasso,2.0,0.14767208588811012,0.30312912739532294,0.30406651221701736,clip_ft
0,art,110,population,lasso,,0.2553051001962306,0.3922969568575724,0.4200295968147894,clip_ft
0,art,110,identity,lasso,18.0,0.369354592140743,0.48541224187537707,0.45394934754415867,clip_ft
0,art,110,emotion,lasso,3.0,0.1987223293199296,0.3145981097566228,0.3146472040774133,clip_ft
0,art,116,population,lasso,,0.39194798290514604,0.617473619665022,0.6019474703230384,clip_ft
0,art,116,identity,lasso,32.0,0.5760077319121362,0.5911158954334473,0.6039641076971294,clip_ft
0,art,116,emotion,lasso,2.0,0.5408568161347311,0.5844888104837942,0.5795753293121921,clip_ft
0,art,117,population,lasso,,0.4972843629303892,0.771669594414492,0.767907087105712,clip_ft
0,art,117,identity,lasso,37.0,0.648047301647332,0.7080413855059973,0.7014873026276726,clip_ft
0,art,117,emotion,lasso,3.0,0.6686420802906285,0.7282221569227023,0.7207844983827048,clip_ft
0,art,126,population,lasso,,0.434174245255042,0.5199866860350436,0.5146962618852706,clip_ft
0,art,126,identity,lasso,34.0,0.4048716331113517,0.4670574475644753,0.47775407233363304,clip_ft
0,art,126,emotion,lasso,3.0,0.341989123296675,0.4579486948974473,0.4572804531861507,clip_ft
0,art,127,population,lasso,,0.2413699016193431,0.4509115818958462,0.4854446147764729,clip_ft
0,art,127,identity,lasso,36.0,0.4783434848318316,0.5810964144967472,0.5422377000123358,clip_ft
0,art,127,emotion,lasso,4.0,0.5226140914027075,0.6202058421571007,0.6460709674877092,clip_ft
0,art,136,population,lasso,,0.4107999643927151,0.35011198007362565,0.43531866990768653,clip_ft
0,art,136,identity,lasso,27.0,0.3436748419230132,0.3758414362466646,0.39573989856052894,clip_ft
0,art,136,emotion,lasso,3.0,0.3465023905022012,0.4579205278399956,0.5110116136945879,clip_ft
0,art,144,population,lasso,,0.1703674228072429,0.6523206833941685,0.6707065344638619,clip_ft
0,art,144,identity,lasso,13.0,0.4370884028949597,0.6190253805032746,0.6518851410577614,clip_ft
0,art,144,emotion,lasso,2.0,0.331746178246658,0.6768745773321019,0.7000895231085967,clip_ft
0,fashion,3,population,lasso,,0.13377986281058363,0.3801295783427643,0.3692285757118364,clip_ft
0,fashion,3,identity,lasso,39.0,0.29056711688474873,0.36937773807941965,0.4081057355907112,clip_ft
0,fashion,3,emotion,lasso,5.0,0.17495078010432902,0.22920743344807448,0.2861210674363305,clip_ft
0,fashion,14,population,lasso,,0.13170741416763304,0.41628641295920854,0.356785428353766,clip_ft
0,fashion,14,identity,lasso,44.0,0.33576992192479965,0.4213445114061589,0.40007103441736436,clip_ft
0,fashion,14,emotion,lasso,4.0,0.3300992706042991,0.49485881601863213,0.4189116655377016,clip_ft
0,fashion,15,population,lasso,,0.0010994060843237095,-0.007747563709873279,0.0025451577823157726,clip_ft
0,fashion,15,identity,lasso,4.0,0.03513168522917878,0.10624456248294754,0.11664605077051104,clip_ft
0,fashion,15,emotion,lasso,2.0,-0.02710057546345546,-0.1005557919267469,-0.0734981599473173,clip_ft
0,fashion,19,population,lasso,,0.31224330173041476,0.47601241225551083,0.4843840217756937,clip_ft
0,fashion,19,identity,lasso,30.0,0.32180028390194476,0.4238742746126743,0.3999321686175009,clip_ft
0,fashion,19,emotion,lasso,5.0,0.34971120634751435,0.45911531512051823,0.46221811646451144,clip_ft
0,fashion,21,population,lasso,,0.14305858370888813,0.3214699557545631,0.3053090924965144,clip_ft
0,fashion,21,identity,lasso,27.0,-0.009507405084764676,0.007477220407304,-0.013680830177067687,clip_ft
0,fashion,21,emotion,lasso,4.0,0.11483385270302468,0.34410370401451046,0.3496426504949278,clip_ft
0,fashion,22,population,lasso,,0.11813406733220845,0.3615409135874292,0.3570509330738673,clip_ft
0,fashion,22,identity,lasso,47.0,0.24975253060710503,0.25285444320458106,0.3131358390806038,clip_ft
0,fashion,22,emotion,lasso,6.0,0.21955040814112978,0.3842529742145176,0.34292624601674543,clip_ft
0,fashion,30,population,lasso,,0.18398658889535346,0.3540931917764173,0.36929821612745256,clip_ft
0,fashion,30,identity,lasso,31.0,0.506876403328147,0.5464499137561502,0.547658494873112,clip_ft
0,fashion,30,emotion,lasso,3.0,0.43839392636161306,0.5980626564958101,0.5389622448822529,clip_ft
0,fashion,50,population,lasso,,0.10452257201829682,0.09664013563055009,0.1826577239988262,clip_ft
0,fashion,50,identity,lasso,15.0,0.05551078978055378,0.0819074347116385,0.12855116082359033,clip_ft
0,fashion,50,emotion,lasso,3.0,0.042115299368239524,0.09573596264996707,0.19965653452886556,clip_ft
0,fashion,57,population,lasso,,0.12584131305786658,0.21860466069149348,0.2290749377908003,clip_ft
0,fashion,57,identity,lasso,23.0,0.017947407691139654,0.07190467351670612,0.02850949412266333,clip_ft
0,fashion,57,emotion,lasso,4.0,0.1479464789507198,0.2771401235543397,0.2208603431127004,clip_ft
0,fashion,62,population,lasso,,0.14079969868579148,0.34190546179498443,0.32096441767411116,clip_ft
0,fashion,62,identity,lasso,36.0,0.18116404125450658,0.2724752457147466,0.2605755866542039,clip_ft
0,fashion,62,emotion,lasso,4.0,0.20922984866944624,0.37243892104053444,0.3311026097299032,clip_ft
0,fashion,63,population,lasso,,0.11966473230449391,0.18489163475773449,0.20809593365700865,clip_ft
0,fashion,63,identity,lasso,18.0,0.06546361935499458,0.14458705635430616,0.11468389228276663,clip_ft
0,fashion,63,emotion,lasso,4.0,0.08563963118361667,0.17120705671245648,0.21790038649660853,clip_ft
0,fashion,79,population,lasso,,0.42436974479011536,0.480376182933036,0.5801394452844174,clip_ft
0,fashion,79,identity,lasso,23.0,0.36495865450223114,0.5232037918625464,0.5903343297685612,clip_ft
0,fashion,79,emotion,lasso,4.0,0.36406463601492045,0.37141168030974847,0.5264628673671053,clip_ft
0,fashion,80,population,lasso,,0.1337689339251087,0.3326322561368158,0.30153424092658904,clip_ft
0,fashion,80,identity,lasso,44.0,0.17078398636424594,0.2626816493315737,0.226919543535558,clip_ft
0,fashion,80,emotion,lasso,3.0,0.310565657122955,0.39945220641371143,0.3936446782164478,clip_ft
0,fashion,85,population,lasso,,0.2064506296019473,0.3881738508845789,0.3801298016828552,clip_ft
0,fashion,85,identity,lasso,27.0,0.3280758985846832,0.5230390659544205,0.5414985545335749,clip_ft
0,fashion,85,emotion,lasso,4.0,0.22347938722534152,0.3959422446071582,0.40038346470074504,clip_ft
0,fashion,86,population,lasso,,0.07163903472148053,0.1819717001504686,0.1667837653703268,clip_ft
0,fashion,86,identity,lasso,28.0,0.08032450309397893,0.11857930419483381,0.1021982243868913,clip_ft
0,fashion,86,emotion,lasso,3.0,0.07040076643776084,0.18737531401251167,0.17101735727112632,clip_ft
0,fashion,98,population,lasso,,0.1595570480758624,0.36990886153374114,0.39626678442447977,clip_ft
0,fashion,98,identity,lasso,50.0,0.32197643817765,0.3517472003384805,0.3574425905315129,clip_ft
0,fashion,98,emotion,lasso,4.0,0.22809568950382172,0.37049788838331715,0.35061781517307383,clip_ft
0,fashion,99,population,lasso,,0.20153784287424698,0.43263972478422674,0.4526831304324632,clip_ft
0,fashion,99,identity,lasso,43.0,0.329174087525737,0.37938648270060604,0.3876199399855161,clip_ft
0,fashion,99,emotion,lasso,4.0,0.3746384107218508,0.38987056163887174,0.4251443059139293,clip_ft
0,fashion,105,population,lasso,,0.07026688613050112,0.16858348891000888,0.14840151797084872,clip_ft
0,fashion,105,identity,lasso,30.0,0.02738262937913517,0.029369212242205726,0.03521237282631533,clip_ft
0,fashion,105,emotion,lasso,4.0,0.15206494154987024,0.19558421629397219,0.19311795470682888,clip_ft
0,fashion,109,population,lasso,,0.3231352772928643,0.5173326582847713,0.51181717689274,clip_ft
0,fashion,109,identity,lasso,26.0,0.30327547905345664,0.4484157795241396,0.4180295439745711,clip_ft
0,fashion,109,emotion,lasso,4.0,0.32065313642098225,0.4885497265670956,0.4749991138397543,clip_ft
0,fashion,110,population,lasso,,0.3145272856359949,0.47258865187031157,0.5101115187351045,clip_ft
0,fashion,110,identity,lasso,25.0,0.07663502804614235,0.06051013506184682,0.10406710367597974,clip_ft
0,fashion,110,emotion,lasso,4.0,0.2676698768657643,0.4040338167713406,0.42976273012399746,clip_ft
0,fashion,116,population,lasso,,0.1232096464758981,0.2135127387799217,0.2558411790364946,clip_ft
0,fashion,116,identity,lasso,22.0,0.013554824915254492,0.12615747983465242,0.03745328609641243,clip_ft
0,fashion,116,emotion,lasso,3.0,0.1029906488807113,0.1807419511894064,0.25115586994270894,clip_ft
0,fashion,117,population,lasso,,0.2906192836740195,0.49853511044465587,0.5295467456333728,clip_ft
0,fashion,117,identity,lasso,28.0,0.49967670128579655,0.6189595609563401,0.586988872213944,clip_ft
0,fashion,117,emotion,lasso,5.0,0.4545603631644501,0.5612101061825816,0.5510724830728747,clip_ft
0,fashion,126,population,lasso,,0.14766132529391146,0.2109327530370598,0.29868329548950057,clip_ft
0,fashion,126,identity,lasso,27.0,0.222872306332954,0.26251174348316597,0.3253803543607607,clip_ft
0,fashion,126,emotion,lasso,4.0,0.25291515694416034,0.3015807189221319,0.43692946302696095,clip_ft
0,fashion,127,population,lasso,,0.09681306999841946,0.29680594111134606,0.2981970509641386,clip_ft
0,fashion,127,identity,lasso,37.0,0.39480414523979374,0.4583740874726861,0.46919189379740284,clip_ft
0,fashion,127,emotion,lasso,3.0,0.20560545345116893,0.26664393385507884,0.2933269880149036,clip_ft
0,fashion,136,population,lasso,,0.24635000852311376,0.5254524399019347,0.4979793278818756,clip_ft
0,fashion,136,identity,lasso,35.0,0.41309236603783156,0.5811324435700045,0.5672861772765746,clip_ft
0,fashion,136,emotion,lasso,4.0,0.3162796730500033,0.5437508023408687,0.5202648220595865,clip_ft
0,fashion,144,population,lasso,,0.11464298796755415,0.40840895399012894,0.4302451926853696,clip_ft
0,fashion,144,identity,lasso,23.0,0.22473143721906802,0.37369064504457933,0.33387382708973123,clip_ft
0,fashion,144,emotion,lasso,3.0,0.367906531951853,0.4919356301102248,0.5192808785908879,clip_ft
0,landscape,3,population,lasso,,0.2659463193187223,0.37515455211899085,0.40786946413961417,clip_ft
0,landscape,3,identity,lasso,31.0,0.4157965040296002,0.39187992373747205,0.5133325556192291,clip_ft
0,landscape,3,emotion,lasso,2.0,0.21901053952221203,0.3849813283221341,0.40614424661380005,clip_ft
0,landscape,14,population,lasso,,0.1699665168440306,0.4082502487214982,0.35507559718106785,clip_ft
0,landscape,14,identity,lasso,30.0,0.3495220938544565,0.4277876484609118,0.44015912748032293,clip_ft
0,landscape,14,emotion,lasso,3.0,0.11109560545656826,0.3046613271864819,0.23318892772362934,clip_ft
0,landscape,15,population,lasso,,0.09412307917654095,0.12002400720240083,0.14234608187699704,clip_ft
0,landscape,15,identity,lasso,9.0,0.014590574840036175,0.058411683505168406,0.04805815790482345,clip_ft
0,landscape,15,emotion,lasso,0.0,0.0,,,clip_ft
0,landscape,19,population,lasso,,0.3151419232376391,0.34659073953215586,0.383821887415817,clip_ft
0,landscape,19,identity,lasso,28.0,0.38369305756698097,0.4139012903880773,0.46885456602325826,clip_ft
0,landscape,19,emotion,lasso,3.0,0.312175450036847,0.38664077206262837,0.43647383446390253,clip_ft
0,landscape,21,population,lasso,,0.15148080048975882,0.23702550463012603,0.26492359828618556,clip_ft
0,landscape,21,identity,lasso,32.0,0.13793764360524655,0.18150964786022192,0.15528764866922476,clip_ft
0,landscape,21,emotion,lasso,3.0,0.2375776425491604,0.4132959064793951,0.3548872552731861,clip_ft
0,landscape,22,population,lasso,,0.2630418285819255,0.4639860471151221,0.4591917511471327,clip_ft
0,landscape,22,identity,lasso,41.0,0.5332315476549336,0.5865263268133485,0.5822977161565269,clip_ft
0,landscape,22,emotion,lasso,5.0,0.3049977898791771,0.44985053354611426,0.4311097193502078,clip_ft
0,landscape,30,population,lasso,,0.26411827601221444,0.6725221513810841,0.6552347613270851,clip_ft
0,landscape,30,identity,lasso,33.0,0.565722625233591,0.5838313263381788,0.6342867632682324,clip_ft
0,landscape,30,emotion,lasso,2.0,0.4062216201494224,0.7031344688086184,0.7105444661587912,clip_ft
0,landscape,50,population,lasso,,0.37348119279703573,0.3901142031523631,0.4110547399706802,clip_ft
0,landscape,50,identity,lasso,21.0,0.3252959017256178,0.4229195055955588,0.4140092919319916,clip_ft
0,landscape,50,emotion,lasso,2.0,0.3615188119845533,0.4311477207985242,0.4651490648642083,clip_ft
0,landscape,57,population,lasso,,0.14345800951944776,0.18254131187005393,0.16899369582332854,clip_ft
0,landscape,57,identity,lasso,21.0,0.11312818548227198,0.14083827973647584,0.16915911717421506,clip_ft
0,landscape,57,emotion,lasso,2.0,0.06008756122431883,0.1238155780343081,0.11569886721522551,clip_ft
0,landscape,62,population,lasso,,0.3902015321263831,0.6519181709424877,0.6823567325958182,clip_ft
0,landscape,62,identity,lasso,38.0,0.2612134756813301,0.3972432242178708,0.3216510399327311,clip_ft
0,landscape,62,emotion,lasso,3.0,0.34424052523459364,0.5697264905751674,0.5938307693222207,clip_ft
0,landscape,63,population,lasso,,0.07112435016364624,0.07658376300384474,0.09413299943314167,clip_ft
0,landscape,63,identity,lasso,21.0,0.030775285958105667,0.12598597449620344,0.05790551334489184,clip_ft
0,landscape,63,emotion,lasso,2.0,0.01265679601413401,0.14986026498728053,0.10674001887116213,clip_ft
0,landscape,80,population,lasso,,0.3599615681297695,0.6105644366629849,0.6249467923992816,clip_ft
0,landscape,80,identity,lasso,37.0,0.5485750468455965,0.6271638216354313,0.6359853828610541,clip_ft
0,landscape,80,emotion,lasso,5.0,0.5013568248530763,0.6574821100703996,0.6524742721941371,clip_ft
0,landscape,85,population,lasso,,0.1567866190291763,0.26649706073518564,0.22390411426164644,clip_ft
0,landscape,85,identity,lasso,35.0,0.3643714135877035,0.4360951528248796,0.4443718198400626,clip_ft
0,landscape,85,emotion,lasso,4.0,0.46373833539768716,0.6336276341284074,0.6167162927223896,clip_ft
0,landscape,86,population,lasso,,0.5111892473786477,0.6273422172555417,0.6335576028718135,clip_ft
0,landscape,86,identity,lasso,22.0,0.38039214675826083,0.5498741807712036,0.5143177369933756,clip_ft
0,landscape,86,emotion,lasso,2.0,0.39202874984131253,0.620000978542977,0.6244916343626775,clip_ft
0,landscape,98,population,lasso,,0.23094855699715944,0.47768706015005924,0.4949368066483874,clip_ft
0,landscape,98,identity,lasso,32.0,0.10556456706017195,0.16940450481137267,0.12023271562301899,clip_ft
0,landscape,98,emotion,lasso,4.0,0.338666275157884,0.466604522452119,0.48936120951440515,clip_ft
0,landscape,99,population,lasso,,0.40927114359785666,0.6433886805282163,0.6318557067660632,clip_ft
0,landscape,99,identity,lasso,44.0,0.4626236650006349,0.5195021367243788,0.5104000118653712,clip_ft
0,landscape,99,emotion,lasso,5.0,0.42352185757288263,0.620508292801225,0.6082240416352814,clip_ft
0,landscape,105,population,lasso,,0.22515184641486885,0.33619995316109375,0.35073095820610095,clip_ft
0,landscape,105,identity,lasso,29.0,0.19666894129571005,0.279836272427057,0.28791583450168673,clip_ft
0,landscape,105,emotion,lasso,2.0,0.10459214683701018,0.439931488218054,0.3897287442361387,clip_ft
0,landscape,109,population,lasso,,0.3720887404012977,0.5100280004356751,0.5412457418569898,clip_ft
0,landscape,109,identity,lasso,24.0,0.2200367747709073,0.42485827609107685,0.40943532133141375,clip_ft
0,landscape,109,emotion,lasso,3.0,0.21426145880012867,0.5073540672295074,0.48148315825889265,clip_ft
0,landscape,110,population,lasso,,0.5220165741899877,0.6741443858617031,0.6301316410067013,clip_ft
0,landscape,110,identity,lasso,26.0,0.47744718700047245,0.6851298452814856,0.609647781359415,clip_ft
0,landscape,110,emotion,lasso,3.0,0.526246282670816,0.758903756247365,0.7080810087425656,clip_ft
0,landscape,116,population,lasso,,0.1481641711408596,0.37171681221862085,0.3678373353827503,clip_ft
0,landscape,116,identity,lasso,29.0,0.33008989495555535,0.33986862284511365,0.3990201551048291,clip_ft
0,landscape,116,emotion,lasso,3.0,0.10748654334799602,0.15444825817540647,0.1636331844382696,clip_ft
0,landscape,117,population,lasso,,0.4132162033762855,0.5388130195762932,0.5186442863245913,clip_ft
0,landscape,117,identity,lasso,38.0,0.40409928682878254,0.4740222425453922,0.4496905759871409,clip_ft
0,landscape,117,emotion,lasso,3.0,0.428681968117008,0.5740341740681693,0.5233581188707327,clip_ft
0,landscape,126,population,lasso,,0.2523447334857985,0.4065681782735979,0.4086750004111379,clip_ft
0,landscape,126,identity,lasso,31.0,0.2671613058946515,0.34121897911100196,0.3489569675063834,clip_ft
0,landscape,126,emotion,lasso,3.0,0.22260295474456912,0.3654060325548157,0.3666087750503898,clip_ft
0,landscape,127,population,lasso,,0.24204404721438288,0.3644274964151804,0.4155254105358355,clip_ft
0,landscape,127,identity,lasso,47.0,0.2948882872037834,0.2634339072007253,0.3217494850642739,clip_ft
0,landscape,127,emotion,lasso,3.0,0.300303253717116,0.37117343799872093,0.38983432188532635,clip_ft
0,landscape,136,population,lasso,,0.28981691959370753,0.41660804702206,0.439358051986799,clip_ft
0,landscape,136,identity,lasso,26.0,0.2409965345668775,0.37603161255139755,0.3601253970118695,clip_ft
0,landscape,136,emotion,lasso,1.0,0.12370804147292484,0.2762895396407544,0.2577989833030951,clip_ft
0,landscape,144,population,lasso,,0.23716272331324,0.51103511288379,0.5216693138735107,clip_ft
0,landscape,144,identity,lasso,22.0,0.46269540371099915,0.5445269139310588,0.5422411305788277,clip_ft
0,landscape,144,emotion,lasso,3.0,0.45508504458949794,0.531150931469456,0.5373698712434044,clip_ft
1,art,5,population,lasso,,0.08519821539368697,0.1269928962751916,0.16637556086311395,clip_ft
1,art,5,identity,lasso,16.0,0.1692278805102628,0.3295158417463137,0.33452421335843074,clip_ft
1,art,5,emotion,lasso,5.0,0.13869427653637972,0.3321273892100375,0.3191846262063629,clip_ft
1,art,6,population,lasso,,0.37606488309052516,0.6399313938585255,0.5958212799446192,clip_ft
1,art,6,identity,lasso,30.0,0.6054548917864645,0.6594275115925666,0.6328603242047333,clip_ft
1,art,6,emotion,lasso,7.0,0.6646526506805887,0.7350684594251506,0.6922046823391732,clip_ft
1,art,16,population,lasso,,0.19084525716473744,0.34917619510117776,0.332013021448326,clip_ft
1,art,16,identity,lasso,42.0,0.2365190663918206,0.2772640354007816,0.2622939439556284,clip_ft
1,art,16,emotion,lasso,5.0,0.36670858880152574,0.406559660841765,0.42748146554894495,clip_ft
1,art,17,population,lasso,,0.08379621544728576,0.1032554543034763,0.1078258015775771,clip_ft
1,art,17,identity,lasso,32.0,0.11814698443754537,0.14189646359346006,0.13946398083343753,clip_ft
1,art,17,emotion,lasso,6.0,0.1992252623398198,0.2680812080347031,0.28430850900504134,clip_ft
1,art,23,population,lasso,,0.09817796053635015,0.1638421527495239,0.15669330705901613,clip_ft
1,art,23,identity,lasso,36.0,0.3229984279880475,0.4375358179463104,0.40796455242792073,clip_ft
1,art,23,emotion,lasso,7.0,0.1719623247065277,0.3319661520863739,0.30621182223352494,clip_ft
1,art,35,population,lasso,,0.11835789391544504,0.1585009679147991,0.15285589161327934,clip_ft
1,art,35,identity,lasso,22.0,0.01681723202405529,-0.0361722037924599,0.0273457232149313,clip_ft
1,art,35,emotion,lasso,5.0,0.04338596710753093,0.06504742122909216,0.0860582188274511,clip_ft
1,art,39,population,lasso,,0.5468488139451626,0.7056037647036982,0.7461536749606731,clip_ft
1,art,39,identity,lasso,37.0,0.6835245564595189,0.6687327715206983,0.7203159759950559,clip_ft
1,art,39,emotion,lasso,5.0,0.6493266677966959,0.6549557068636097,0.656466341167806,clip_ft
1,art,44,population,lasso,,0.3278325325135834,0.6253682376081131,0.6306087037657211,clip_ft
1,art,44,identity,lasso,22.0,0.4409976715949288,0.6597412257861092,0.5839534911568108,clip_ft
1,art,44,emotion,lasso,5.0,0.6285335107144631,0.7212323501976918,0.6826459369176034,clip_ft
1,art,51,population,lasso,,0.32397832724401626,0.5489533609644953,0.5533553890681813,clip_ft
1,art,51,identity,lasso,36.0,0.27498119742798255,0.3192926811398747,0.32896534073488093,clip_ft
1,art,51,emotion,lasso,5.0,0.4057186453361653,0.5342340219774334,0.5274174191617916,clip_ft
1,art,64,population,lasso,,0.1992210626562734,0.3109775728456202,0.31535313240505064,clip_ft
1,art,64,identity,lasso,36.0,0.09517992605868959,0.1913860700229742,0.12004658096658649,clip_ft
1,art,64,emotion,lasso,4.0,0.14386039172453624,0.236158510756328,0.2125394632659027,clip_ft
1,art,69,population,lasso,,0.3460516000398157,0.3746813256004601,0.4024702399969594,clip_ft
1,art,69,identity,lasso,30.0,0.3186310787614906,0.31840130871742167,0.3622299771283598,clip_ft
1,art,69,emotion,lasso,5.0,0.22726735644850163,0.2812494688481546,0.2834824429194796,clip_ft
1,art,81,population,lasso,,0.27281958014767543,0.30325412214395653,0.3887045614106155,clip_ft
1,art,81,identity,lasso,17.0,0.3766750854576157,0.4142497685497479,0.4695998203146483,clip_ft
1,art,81,emotion,lasso,4.0,0.33813214172065964,0.3236600069985031,0.392584162902283,clip_ft
1,art,92,population,lasso,,0.3022504282618811,0.4331468512618949,0.4614013133804404,clip_ft
1,art,92,identity,lasso,38.0,0.35680843659443195,0.4013274249363413,0.39985843883142075,clip_ft
1,art,92,emotion,lasso,7.0,0.4332097938759579,0.5063118901894794,0.4964250948244981,clip_ft
1,art,100,population,lasso,,0.35276485286953846,0.570598371530006,0.6061964058880543,clip_ft
1,art,100,identity,lasso,34.0,0.5866475283989574,0.5993621826885918,0.6974514008732623,clip_ft
1,art,100,emotion,lasso,7.0,0.5623840112245341,0.5722405960425204,0.6138448853669434,clip_ft
1,art,101,population,lasso,,0.42003475851956035,0.6357749588686848,0.5904848696838823,clip_ft
1,art,101,identity,lasso,21.0,0.3868365673511916,0.5139236592584956,0.4445151605879084,clip_ft
1,art,101,emotion,lasso,4.0,0.45547824911907514,0.6119289010790907,0.587164028324814,clip_ft
1,art,106,population,lasso,,0.38714946534224665,0.4168822485891714,0.46295823513155426,clip_ft
1,art,106,identity,lasso,30.0,0.15006352594980593,0.19633711514125865,0.19956374786822292,clip_ft
1,art,106,emotion,lasso,5.0,0.28673917036898855,0.3314985506867437,0.35921920707227434,clip_ft
1,art,111,population,lasso,,0.4669292983758826,0.6752975921522705,0.6780481590312974,clip_ft
1,art,111,identity,lasso,35.0,0.5898353050538145,0.6361762931825805,0.6492961618400628,clip_ft
1,art,111,emotion,lasso,7.0,0.5847810483510418,0.6478388691018464,0.6646808766164484,clip_ft
1,art,118,population,lasso,,0.4552233730934845,0.633338014107413,0.619321886356511,clip_ft
1,art,118,identity,lasso,33.0,0.5619250104272739,0.6655804954299007,0.6358634657733595,clip_ft
1,art,118,emotion,lasso,6.0,0.46404577912243344,0.5418929550243141,0.5238516979919413,clip_ft
1,art,119,population,lasso,,0.2833984389179709,0.5717288356040942,0.5772928329894155,clip_ft
1,art,119,identity,lasso,36.0,0.4948390562195708,0.5578142105201624,0.5291624904208988,clip_ft
1,art,119,emotion,lasso,6.0,0.4373355053941954,0.5190204324593067,0.505649696328513,clip_ft
1,art,128,population,lasso,,0.40386271731575746,0.5081867166883738,0.4868848361382029,clip_ft
1,art,128,identity,lasso,18.0,0.328993392464869,0.5773253791107562,0.5235901740961452,clip_ft
1,art,128,emotion,lasso,5.0,0.3414483134643822,0.6236016556994863,0.6216285123485817,clip_ft
1,art,129,population,lasso,,0.21061058194724777,0.29068611684666346,0.3218595380031369,clip_ft
1,art,129,identity,lasso,23.0,0.3003061673399372,0.3525064682975679,0.37804266602554343,clip_ft
1,art,129,emotion,lasso,5.0,0.2141795472686609,0.2734245901428395,0.297624039865703,clip_ft
1,art,137,population,lasso,,0.4298529386836835,0.511071655460602,0.5211717310120618,clip_ft
1,art,137,identity,lasso,37.0,0.4409399636990216,0.5548276185005279,0.5359965047973634,clip_ft
1,art,137,emotion,lasso,5.0,0.55644659196953,0.5970782158395388,0.6090178063670928,clip_ft
1,fashion,5,population,lasso,,0.09813933789396449,0.11163535432602632,0.18654580692745767,clip_ft
1,fashion,5,identity,lasso,1.0,0.03429745550454986,0.19781656715419674,0.20257330271536053,clip_ft
1,fashion,5,emotion,lasso,2.0,0.14402141112726388,0.19456142536935564,0.2487272434424553,clip_ft
1,fashion,6,population,lasso,,0.3184108545044804,0.5135832774087826,0.5106952384584788,clip_ft
1,fashion,6,identity,lasso,14.0,0.34840347321961496,0.5787667226103667,0.584176345609591,clip_ft
1,fashion,6,emotion,lasso,4.0,0.3373626396465904,0.5237776066660411,0.5167411386215789,clip_ft
1,fashion,16,population,lasso,,0.13846474951844925,0.27103801247413384,0.29900371804087245,clip_ft
1,fashion,16,identity,lasso,21.0,0.0626941689369248,0.08147738523402907,0.0969484190056767,clip_ft
1,fashion,16,emotion,lasso,3.0,0.23493359596685867,0.3370400645031376,0.33493799502860155,clip_ft
1,fashion,17,population,lasso,,0.12901449627229591,0.15215959537691334,0.19658915472010488,clip_ft
1,fashion,17,identity,lasso,10.0,0.24768793641561582,0.28412288587753026,0.2919026699969777,clip_ft
1,fashion,17,emotion,lasso,5.0,0.2763019127805884,0.24082243118201532,0.3040186183034989,clip_ft
1,fashion,23,population,lasso,,0.181398133202567,0.40082935839787026,0.4311929798355489,clip_ft
1,fashion,23,identity,lasso,22.0,0.4201044535656264,0.5312344817634751,0.5678405898577514,clip_ft
1,fashion,23,emotion,lasso,2.0,0.34431600690994907,0.5032306594301429,0.4941901210664581,clip_ft
1,fashion,35,population,lasso,,0.26464462756114904,0.32687355710768023,0.3612740986834726,clip_ft
1,fashion,35,identity,lasso,6.0,0.12383735055857455,0.20848085508735853,0.23729306940814657,clip_ft
1,fashion,35,emotion,lasso,4.0,0.18453564724981142,0.3224234817695038,0.37688278407287545,clip_ft
1,fashion,39,population,lasso,,0.2574210263417848,0.35765353517977005,0.41168122512715166,clip_ft
1,fashion,39,identity,lasso,16.0,0.31554405597730456,0.4678933286380362,0.4246597863192141,clip_ft
1,fashion,39,emotion,lasso,3.0,0.3123720330356559,0.3577035986645376,0.3657945821807204,clip_ft
1,fashion,44,population,lasso,,0.16274917258023833,0.46174849842460575,0.38306967452123664,clip_ft
1,fashion,44,identity,lasso,6.0,0.08563090759702845,0.27887831187357515,0.2479482254797523,clip_ft
1,fashion,44,emotion,lasso,3.0,0.2298382784775426,0.4363030240176728,0.3333244254005161,clip_ft
1,fashion,51,population,lasso,,0.16694443437981935,0.4180566311650509,0.3975710912386393,clip_ft
1,fashion,51,identity,lasso,19.0,0.3014174755183117,0.3702337471480531,0.3836541731320618,clip_ft
1,fashion,51,emotion,lasso,4.0,0.3169642995132179,0.39394838716471253,0.3913888041614277,clip_ft
1,fashion,64,population,lasso,,0.03871688874131178,0.2233483592159816,0.1647200952259266,clip_ft
1,fashion,64,identity,lasso,8.0,0.04615306034666468,0.21693172127165505,0.20567586758867842,clip_ft
1,fashion,64,emotion,lasso,1.0,0.005900162788958193,0.08943806119322843,0.03562075281385224,clip_ft
1,fashion,69,population,lasso,,0.22636130534669335,0.3216442675774628,0.33422667915543136,clip_ft
1,fashion,69,identity,lasso,3.0,0.04359809977484466,0.15246469410179878,0.26728958535580094,clip_ft
1,fashion,69,emotion,lasso,3.0,0.1316439045727624,0.29441099059138337,0.23509466288619027,clip_ft
1,fashion,81,population,lasso,,0.21408342979829975,0.46133868863701766,0.40960766731447146,clip_ft
1,fashion,81,identity,lasso,3.0,0.04581020337239786,0.3585279375851911,0.3623837943089442,clip_ft
1,fashion,81,emotion,lasso,1.0,0.2844983358672304,0.43487201440127676,0.40149818754740524,clip_ft
1,fashion,92,population,lasso,,0.07857189131495308,0.03182473599545872,0.18625898578125574,clip_ft
1,fashion,92,identity,lasso,8.0,0.11735734567304912,0.20812623455574955,0.2587253668456839,clip_ft
1,fashion,92,emotion,lasso,3.0,0.18067459444429063,0.16391623751298875,0.2518350614488204,clip_ft
1,fashion,100,population,lasso,,0.24624791659018702,0.6030396923768501,0.6183393846647185,clip_ft
1,fashion,100,identity,lasso,11.0,0.36602317374341825,0.5492158325757452,0.5511522963561949,clip_ft
1,fashion,100,emotion,lasso,4.0,0.5496511218110194,0.6721912115010135,0.6625157158389676,clip_ft
1,fashion,101,population,lasso,,0.2147022838286928,0.4046767269122525,0.35261194174910826,clip_ft
1,fashion,101,identity,lasso,12.0,0.08275069215096312,0.35259356365753475,0.2762915333826365,clip_ft
1,fashion,101,emotion,lasso,4.0,0.22908206885204566,0.36920844095178085,0.37413499509190895,clip_ft
1,fashion,106,population,lasso,,0.09348936089926363,0.2677756774134392,0.343819649298554,clip_ft
1,fashion,106,identity,lasso,10.0,0.12178447011418585,0.32393336290203,0.29090288020720595,clip_ft
1,fashion,106,emotion,lasso,3.0,0.10647773014282783,0.150759883421794,0.21926190051203093,clip_ft
1,fashion,111,population,lasso,,0.2366383472072291,0.46744279717381243,0.4350734827428412,clip_ft
1,fashion,111,identity,lasso,12.0,0.2569809610292352,0.4297743137285178,0.4369248809606373,clip_ft
1,fashion,111,emotion,lasso,5.0,0.377850428618942,0.5480346893951012,0.5216038206078516,clip_ft
1,fashion,118,population,lasso,,0.2307436705287816,0.42926390141039145,0.36591620904372396,clip_ft
1,fashion,118,identity,lasso,13.0,0.15151640285766288,0.28825757425272325,0.24437912235858403,clip_ft
1,fashion,118,emotion,lasso,3.0,0.23239984776642011,0.40453203594407283,0.34787121000072296,clip_ft
1,fashion,119,population,lasso,,0.20512096894584492,0.4891150900072707,0.5251534816403346,clip_ft
1,fashion,119,identity,lasso,14.0,0.2773281491697872,0.5159400569131938,0.5124515704069847,clip_ft
1,fashion,119,emotion,lasso,5.0,0.4171575555789476,0.5660165918488862,0.5560371100892829,clip_ft
1,fashion,128,population,lasso,,0.4303306211612896,0.7272981591046914,0.6540209933121388,clip_ft
1,fashion,128,identity,lasso,7.0,0.3781882915208257,0.6332458679286564,0.6024649187239193,clip_ft
1,fashion,128,emotion,lasso,5.0,0.4292601996937105,0.661085741709996,0.5951062760397601,clip_ft
1,fashion,129,population,lasso,,0.1114062150420564,0.2005132091332421,0.2527817533630686,clip_ft
1,fashion,129,identity,lasso,8.0,0.026742172869121224,0.09190188751940262,0.12468747067153346,clip_ft
1,fashion,129,emotion,lasso,6.0,-0.018692692598381275,-0.06583717146191283,-0.05027754428226341,clip_ft
1,fashion,137,population,lasso,,0.07243849037789289,0.09218481905561433,0.14692269635261138,clip_ft
1,fashion,137,identity,lasso,5.0,0.0015885103917119892,0.019446395002070013,0.009666977502920742,clip_ft
1,fashion,137,emotion,lasso,4.0,0.06170452661270793,0.16378515892328688,0.15215386101509432,clip_ft
1,landscape,5,population,lasso,,0.27032785681063853,0.49115983983903794,0.48999334184053034,clip_ft
1,landscape,5,identity,lasso,2.0,0.1481338146199096,0.6073100749479245,0.5830045546653042,clip_ft
1,landscape,5,emotion,lasso,5.0,0.49735338503344684,0.656626406528876,0.6632137308253204,clip_ft
1,landscape,6,population,lasso,,0.36742141719156685,0.6355635991556762,0.6506076572432005,clip_ft
1,landscape,6,identity,lasso,14.0,0.48302834579529524,0.6359074656879136,0.6452909490372495,clip_ft
1,landscape,6,emotion,lasso,4.0,0.5045478198420946,0.6446023765744924,0.6311372130257045,clip_ft
1,landscape,16,population,lasso,,0.2295723320096359,0.5139601591557431,0.5182245774109113,clip_ft
1,landscape,16,identity,lasso,21.0,0.24113109181287276,0.34721867008727203,0.3389140511445015,clip_ft
1,landscape,16,emotion,lasso,4.0,0.3407420302554311,0.4572023177752721,0.44591907273231896,clip_ft
1,landscape,17,population,lasso,,0.038258206704997154,0.09882217373309604,0.05362237880342807,clip_ft
1,landscape,17,identity,lasso,7.0,0.020865002058319777,0.14402692885130644,0.06847476424689523,clip_ft
1,landscape,17,emotion,lasso,3.0,0.05191312192089485,0.11101521133270754,0.11085322492597309,clip_ft
1,landscape,23,population,lasso,,0.34093865369785425,0.7321820622187032,0.7254631884364762,clip_ft
1,landscape,23,identity,lasso,19.0,0.4976725990466392,0.7221394824985452,0.6908871832606858,clip_ft
1,landscape,23,emotion,lasso,3.0,0.5551807888649221,0.6956680223624006,0.6875899066214528,clip_ft
1,landscape,35,population,lasso,,0.2385547365501063,0.34367958042455754,0.3333337303467556,clip_ft
1,landscape,35,identity,lasso,5.0,0.024109855211717962,0.1814256857320477,0.1374112416787461,clip_ft
1,landscape,35,emotion,lasso,2.0,0.11668196141941292,0.2941860882935401,0.2817031193447313,clip_ft
1,landscape,39,population,lasso,,0.42811884571748887,0.7709053503855227,0.7617522190595551,clip_ft
1,landscape,39,identity,lasso,18.0,0.5138021745378631,0.6718808994689494,0.647075732073047,clip_ft
1,landscape,39,emotion,lasso,5.0,0.6428440151555962,0.7239182484256086,0.7228447692268061,clip_ft
1,landscape,44,population,lasso,,0.28289416041468973,0.4863311870079219,0.4829419222757925,clip_ft
1,landscape,44,identity,lasso,5.0,0.14443983610352476,0.28218407427884196,0.2964986493678963,clip_ft
1,landscape,44,emotion,lasso,4.0,0.2652905448467827,0.40092939262928773,0.3944659975326729,clip_ft
1,landscape,51,population,lasso,,0.37514199001224807,0.7382719254623256,0.7557359353690842,clip_ft
1,landscape,51,identity,lasso,21.0,0.49380877843426263,0.6615835155935788,0.6841089339306038,clip_ft
1,landscape,51,emotion,lasso,4.0,0.55792125495814,0.6947697437220594,0.7019140565420715,clip_ft
1,landscape,64,population,lasso,,0.12970017989783336,0.23121848721475494,0.2782997472842296,clip_ft
1,landscape,64,identity,lasso,17.0,0.12142399159709429,0.1623617106333902,0.2022209910414885,clip_ft
1,landscape,64,emotion,lasso,3.0,0.1781383071761685,0.1986671129198343,0.21749738061201726,clip_ft
1,landscape,69,population,lasso,,0.09921917009127053,0.17161601463342935,0.11755712192013622,clip_ft
1,landscape,69,identity,lasso,4.0,0.07637393058966718,0.23265078716304183,0.21627468755837292,clip_ft
1,landscape,69,emotion,lasso,3.0,0.10552749915659959,0.32648036284289383,0.31488582912305124,clip_ft
1,landscape,81,population,lasso,,0.32496385142627515,0.47462575576008265,0.4415635895325408,clip_ft
1,landscape,81,identity,lasso,0.0,1.5741799056543018e-31,,,clip_ft
1,landscape,81,emotion,lasso,4.0,0.2599906356899428,0.47029652879956463,0.4728868668048029,clip_ft
1,landscape,92,population,lasso,,0.2425133799142175,0.37200978039587257,0.424600065474899,clip_ft
1,landscape,92,identity,lasso,13.0,0.1948742389790717,0.32011421624021846,0.38684342991092846,clip_ft
1,landscape,92,emotion,lasso,3.0,0.21685577502753545,0.37720433157218447,0.3739348648787291,clip_ft
1,landscape,100,population,lasso,,0.22033396469159472,0.4827933584047521,0.4409595601265632,clip_ft
1,landscape,100,identity,lasso,18.0,0.3194250406094425,0.5223976961739637,0.45051014794564387,clip_ft
1,landscape,100,emotion,lasso,3.0,0.33581710683007154,0.4259588862971067,0.3910233802590852,clip_ft
1,landscape,101,population,lasso,,0.19302962781514832,0.2934062478607701,0.3032461319797354,clip_ft
1,landscape,101,identity,lasso,7.0,0.19481338843830232,0.4315963722213164,0.45772744598615217,clip_ft
1,landscape,101,emotion,lasso,3.0,0.31365950748833654,0.4111651732537034,0.44418126930857854,clip_ft
1,landscape,106,population,lasso,,0.2527219757348674,0.41871704777853286,0.44284953725653836,clip_ft
1,landscape,106,identity,lasso,16.0,0.22267232904713116,0.3907992779538382,0.3876425521467696,clip_ft
1,landscape,106,emotion,lasso,4.0,0.2780873954174223,0.44717931311399284,0.43810598031515025,clip_ft
1,landscape,111,population,lasso,,0.2870373321139909,0.4802074059334515,0.4646636581855768,clip_ft
1,landscape,111,identity,lasso,15.0,0.25628330125051696,0.4375901059192714,0.4563805535179246,clip_ft
1,landscape,111,emotion,lasso,5.0,0.34873791413392474,0.46593602371161286,0.510725293819999,clip_ft
1,landscape,118,population,lasso,,0.25143394876735375,0.47179846812564863,0.46012081614889255,clip_ft
1,landscape,118,identity,lasso,21.0,0.3391231764952226,0.4581065539493555,0.46786835358341294,clip_ft
1,landscape,118,emotion,lasso,6.0,0.48664158384495965,0.5835244878042003,0.5775188247196907,clip_ft
1,landscape,119,population,lasso,,0.37774279993173787,0.7516552124519627,0.752631824878188,clip_ft
1,landscape,119,identity,lasso,12.0,0.5708366331296942,0.6933889186790482,0.6742265703278859,clip_ft
1,landscape,119,emotion,lasso,6.0,0.6783403765130358,0.7383400628440631,0.7249385894207181,clip_ft
1,landscape,128,population,lasso,,0.2515122802590268,0.41285759823333246,0.36860651399534106,clip_ft
1,landscape,128,identity,lasso,5.0,0.0325298904659922,0.14218747159073275,0.15111926505356477,clip_ft
1,landscape,128,emotion,lasso,2.0,0.19886022056327746,0.48188553447688454,0.39761324200475895,clip_ft
1,landscape,129,population,lasso,,0.3253574306211198,0.4205965334862623,0.4999676722485852,clip_ft
1,landscape,129,identity,lasso,11.0,0.21416370185066633,0.4893761442316179,0.5393188056647149,clip_ft
1,landscape,129,emotion,lasso,4.0,0.3721830424743968,0.36601112191717483,0.4932389621567405,clip_ft
1,landscape,137,population,lasso,,0.3506386689110475,0.5224098009401454,0.5424829442161141,clip_ft
1,landscape,137,identity,lasso,16.0,0.36741210412645375,0.5081108061985791,0.5376239154652488,clip_ft
1,landscape,137,emotion,lasso,4.0,0.47660686403855235,0.48944267417486736,0.523110662193085,clip_ft
2,art,7,population,lasso,,0.237184153155708,0.20538393382758502,0.2791034487093837,clip_ft
2,art,7,identity,lasso,33.0,0.47045652099670354,0.48375800541330743,0.532944528956721,clip_ft
2,art,7,emotion,lasso,3.0,0.3471842063320117,0.3113485563745549,0.39307944742346856,clip_ft
2,art,8,population,lasso,,0.32429503837096824,0.590212209737047,0.6279942167203836,clip_ft
2,art,8,identity,lasso,27.0,0.5646291949214726,0.6839802664880981,0.6927327212953264,clip_ft
2,art,8,emotion,lasso,4.0,0.5193103752991792,0.559044835229891,0.5805535293821087,clip_ft
2,art,40,population,lasso,,0.19974067969944093,0.37447338306519995,0.35076545535235265,clip_ft
2,art,40,identity,lasso,28.0,0.21921938501469615,0.32724654943052894,0.2793401778796261,clip_ft
2,art,40,emotion,lasso,4.0,0.20776339791001894,0.27937140656961645,0.26864548502319524,clip_ft
2,art,41,population,lasso,,0.3970072495669181,0.6774033281338886,0.675984799251823,clip_ft
2,art,41,identity,lasso,43.0,0.6401546518670537,0.6618408997468654,0.6598217550332598,clip_ft
2,art,41,emotion,lasso,3.0,0.513494222045589,0.5958951094568551,0.5781212414966851,clip_ft
2,art,45,population,lasso,,-0.050348595430975626,-0.015654858081655055,-0.0655658510874411,clip_ft
2,art,45,identity,lasso,36.0,-0.01333081184573068,-0.0074596974751510664,-0.018014442482327236,clip_ft
2,art,45,emotion,lasso,4.0,0.060847142611363154,0.24611748359917426,0.1126285668237842,clip_ft
2,art,46,population,lasso,,0.08546882733562816,0.11162748776648744,0.11366531247006455,clip_ft
2,art,46,identity,lasso,33.0,0.15652891822313716,0.1801804961989362,0.22126100603940976,clip_ft
2,art,46,emotion,lasso,3.0,-0.03739805814958554,-0.1173232866866909,-0.12916639099678803,clip_ft
2,art,52,population,lasso,,0.4239842022153729,0.5799297674116926,0.5714227594053471,clip_ft
2,art,52,identity,lasso,34.0,0.5082643428181212,0.5806209828674871,0.5795495369608858,clip_ft
2,art,52,emotion,lasso,5.0,0.4888316958554527,0.6021967795947909,0.6103970511645092,clip_ft
2,art,58,population,lasso,,0.4469870812585079,0.637861648100217,0.622270480612132,clip_ft
2,art,58,identity,lasso,31.0,0.5251927398453423,0.6284336699296826,0.6396396271108915,clip_ft
2,art,58,emotion,lasso,3.0,0.4479055520601175,0.5872844735395377,0.578987753878703,clip_ft
2,art,65,population,lasso,,0.5395946024968339,0.6524460461390246,0.6861522866441953,clip_ft
2,art,65,identity,lasso,32.0,0.47234546211063766,0.5731383252120487,0.5923755802935617,clip_ft
2,art,65,emotion,lasso,3.0,0.4605858093225426,0.5480782646960897,0.5863860460051737,clip_ft
2,art,66,population,lasso,,0.2604889944212011,0.4325731233883202,0.37567827912286905,clip_ft
2,art,66,identity,lasso,32.0,0.46696353192655665,0.5662588870379806,0.5663868269942314,clip_ft
2,art,66,emotion,lasso,5.0,0.39619114126153404,0.5102144532272495,0.5050991856105518,clip_ft
2,art,74,population,lasso,,0.4812281394243255,0.5398831279528281,0.5590496388808238,clip_ft
2,art,74,identity,lasso,25.0,0.37294421526732163,0.4305068053638663,0.45937063565590774,clip_ft
2,art,74,emotion,lasso,5.0,0.40099243831951414,0.5522304550458234,0.5421337075473724,clip_ft
2,art,83,population,lasso,,0.6195981101136817,0.6538656324900196,0.6502289970370353,clip_ft
2,art,83,identity,lasso,20.0,0.14258633004882024,0.27264991708749414,0.2530434944292843,clip_ft
2,art,83,emotion,lasso,1.0,0.06888429755589279,0.33860628689523264,0.32964932384398726,clip_ft
2,art,87,population,lasso,,0.36106864512145426,0.6472142256048972,0.659953282844665,clip_ft
2,art,87,identity,lasso,39.0,0.7042565180801982,0.714794827475288,0.728552494320427,clip_ft
2,art,87,emotion,lasso,4.0,0.6144541479498367,0.6604557078291393,0.663120626256702,clip_ft
2,art,93,population,lasso,,0.34573466697035193,0.5196925512479857,0.4751153483513527,clip_ft
2,art,93,identity,lasso,36.0,0.4271200674777164,0.48006789924667304,0.49174957203988057,clip_ft
2,art,93,emotion,lasso,5.0,0.45555262052967993,0.5136947751386058,0.4988004535492711,clip_ft
2,art,94,population,lasso,,0.4283995649923359,0.7313932337045499,0.729397690221455,clip_ft
2,art,94,identity,lasso,35.0,0.6538421916252259,0.6692630315737327,0.6813689414591658,clip_ft
2,art,94,emotion,lasso,3.0,0.6547503397174477,0.6906872392050489,0.6881420531678057,clip_ft
2,art,102,population,lasso,,0.17266765996146022,0.26062531264875594,0.25115605427222926,clip_ft
2,art,102,identity,lasso,43.0,0.2715871258319462,0.30108428975518187,0.3183166387751508,clip_ft
2,art,102,emotion,lasso,6.0,0.18678595618221652,0.3253596760190375,0.2774148318103611,clip_ft
2,art,112,population,lasso,,0.39515955695511873,0.41294752235892435,0.4306584558772242,clip_ft
2,art,112,identity,lasso,16.0,0.34602033789376,0.46335943406966196,0.4610274233493558,clip_ft
2,art,112,emotion,lasso,2.0,0.2752236767548707,0.4979291008931542,0.4557286652384447,clip_ft
2,art,113,population,lasso,,0.35332224364063636,0.4475261654118681,0.45783496134361984,clip_ft
2,art,113,identity,lasso,30.0,0.33745738842420847,0.4436800833380333,0.472760598277336,clip_ft
2,art,113,emotion,lasso,3.0,0.2703038817562035,0.4138976016380808,0.39787436017196,clip_ft
2,art,120,population,lasso,,0.3882919363806991,0.5011001393148584,0.5426349483601082,clip_ft
2,art,120,identity,lasso,27.0,0.5314599065263146,0.6419598664732183,0.6125681257293463,clip_ft
2,art,120,emotion,lasso,4.0,0.4483321370221072,0.5075730147233373,0.5095640034184937,clip_ft
2,art,121,population,lasso,,0.26155575268297593,0.43638258395955404,0.42728751395855824,clip_ft
2,art,121,identity,lasso,19.0,0.35910236245022853,0.4155293713361381,0.4403300837034031,clip_ft
2,art,121,emotion,lasso,2.0,0.35166739582694234,0.3902302961229584,0.4092813913828098,clip_ft
2,art,131,population,lasso,,0.266110218992971,0.41941214855370457,0.4106891133351343,clip_ft
2,art,131,identity,lasso,41.0,0.4197053618998586,0.5090167297597232,0.49116120230188226,clip_ft
2,art,131,emotion,lasso,4.0,0.32264277563947547,0.41446405522302776,0.4328130556751447,clip_ft
2,art,138,population,lasso,,0.46643476083741753,0.5987267634326457,0.543341501520479,clip_ft
2,art,138,identity,lasso,31.0,0.49232405220389386,0.5843646549528901,0.5758207331367554,clip_ft
2,art,138,emotion,lasso,4.0,0.4594449798115318,0.5617519735166793,0.5389752627970941,clip_ft
2,art,139,population,lasso,,-0.036320096057504594,-0.023413678529919667,-0.048635025532654176,clip_ft
2,art,139,identity,lasso,37.0,0.4056542292561355,0.3558779715407534,0.42173875269867656,clip_ft
2,art,139,emotion,lasso,4.0,0.3181412065775854,0.3970880341762172,0.39783688541679535,clip_ft
2,fashion,7,population,lasso,,0.19662658433292649,0.3338868878976217,0.3460461793409722,clip_ft
2,fashion,7,identity,lasso,28.0,0.2900486889697242,0.4318959594865039,0.4622991252840253,clip_ft
2,fashion,7,emotion,lasso,3.0,0.2295355907444957,0.34288264953940045,0.35443468670592776,clip_ft
2,fashion,8,population,lasso,,0.32523455186600564,0.4959609643752227,0.5016857061906774,clip_ft
2,fashion,8,identity,lasso,35.0,0.12587742779476938,0.22889748410446178,0.1918228485416711,clip_ft
2,fashion,8,emotion,lasso,4.0,0.25221135968808883,0.4347968776158118,0.46609789349725933,clip_ft
2,fashion,40,population,lasso,,0.15393512254299654,0.14511879431970431,0.23399990546083863,clip_ft
2,fashion,40,identity,lasso,25.0,-0.011858215522555986,-0.010369189013568704,-0.01796134560581417,clip_ft
2,fashion,40,emotion,lasso,4.0,0.14112407441570177,0.15578709455481832,0.23186585058218712,clip_ft
2,fashion,41,population,lasso,,0.1678999831500131,0.35915705946429977,0.34940075355489025,clip_ft
2,fashion,41,identity,lasso,29.0,0.2739349092906082,0.3764082940708618,0.35893882839426927,clip_ft
2,fashion,41,emotion,lasso,6.0,0.23769526742880584,0.3734356237008045,0.3596721835187986,clip_ft
2,fashion,45,population,lasso,,0.16451284219136697,0.3562800386152578,0.3074382757973283,clip_ft
2,fashion,45,identity,lasso,38.0,0.3064406270522194,0.4121826514345665,0.39670081732117274,clip_ft
2,fashion,45,emotion,lasso,4.0,0.17489635529640069,0.3537525268654486,0.30607064002357404,clip_ft
2,fashion,46,population,lasso,,0.10059997357695075,0.3056699151451977,0.24316159354676806,clip_ft
2,fashion,46,identity,lasso,28.0,0.022852753290904183,0.08890465712294034,0.03470892903562156,clip_ft
2,fashion,46,emotion,lasso,5.0,0.11914401561066028,0.3169159743368175,0.27963496953422157,clip_ft
2,fashion,52,population,lasso,,0.22939200735860849,0.43391019875137227,0.4841713056844393,clip_ft
2,fashion,52,identity,lasso,20.0,0.16276966902524367,0.2626098220072055,0.2792592469103361,clip_ft
2,fashion,52,emotion,lasso,3.0,0.29108805214185046,0.4504565462531791,0.47132340953300167,clip_ft
2,fashion,58,population,lasso,,0.2830757327912124,0.41880205882459925,0.4542175566439212,clip_ft
2,fashion,58,identity,lasso,27.0,0.3259876110172187,0.5310471151452866,0.4923872582602449,clip_ft
2,fashion,58,emotion,lasso,6.0,0.40449195522997194,0.581360469338156,0.5667635940435083,clip_ft
2,fashion,65,population,lasso,,0.12492094936852274,0.24921909815648327,0.26677272626322535,clip_ft
2,fashion,65,identity,lasso,33.0,0.1544250996645054,0.24966466269430773,0.24408008401175765,clip_ft
2,fashion,65,emotion,lasso,7.0,0.02266009250027046,-0.03901165064507525,0.042389610119458555,clip_ft
2,fashion,66,population,lasso,,0.15633379165117056,0.27469247639161976,0.25245896904895615,clip_ft
2,fashion,66,identity,lasso,31.0,0.10867878005115592,0.20379286058686374,0.16729231401797204,clip_ft
2,fashion,66,emotion,lasso,6.0,0.07128794047461626,0.1461278397323288,0.08858427179847625,clip_ft
2,fashion,74,population,lasso,,0.00299575074136469,0.015081757351666862,0.0036702833083594945,clip_ft
2,fashion,74,identity,lasso,22.0,0.13423210156279466,0.22381327909873622,0.18094968026486274,clip_ft
2,fashion,74,emotion,lasso,5.0,0.041924818230196496,0.16026880812371322,0.10973789635490015,clip_ft
2,fashion,83,population,lasso,,0.43356437450773194,0.5731353172803453,0.5371996747750583,clip_ft
2,fashion,83,identity,lasso,21.0,0.31319299179391685,0.4731031159810576,0.4583974218764834,clip_ft
2,fashion,83,emotion,lasso,5.0,0.4163842145341968,0.46054784481388267,0.4854938585544923,clip_ft
2,fashion,87,population,lasso,,0.15411396958871273,0.31314788190058696,0.3170016227829651,clip_ft
2,fashion,87,identity,lasso,31.0,0.19506889643225395,0.2244177572883307,0.2643258779591852,clip_ft
2,fashion,87,emotion,lasso,7.0,0.2051974362452763,0.29172351884646996,0.30362444362056745,clip_ft
2,fashion,93,population,lasso,,0.2248419206214421,0.40771236278559836,0.39474158787010843,clip_ft
2,fashion,93,identity,lasso,33.0,0.1899590287653131,0.2622033604508232,0.26826601385803683,clip_ft
2,fashion,93,emotion,lasso,5.0,0.29228917833437323,0.42915006200674766,0.42694747175355535,clip_ft
2,fashion,94,population,lasso,,0.23010000358286115,0.46931889301441126,0.46944713750875955,clip_ft
2,fashion,94,identity,lasso,42.0,0.3278082834864081,0.370940172640251,0.4174867380661749,clip_ft
2,fashion,94,emotion,lasso,5.0,0.36561914930838146,0.5867955232670796,0.6086625494271266,clip_ft
2,fashion,102,population,lasso,,0.13688118718456196,0.34713820254998945,0.3212437352520963,clip_ft
2,fashion,102,identity,lasso,44.0,0.2927447284687438,0.46030653698889945,0.45309503224905195,clip_ft
2,fashion,102,emotion,lasso,5.0,0.3089583061729612,0.4785769687020568,0.4806905900169141,clip_ft
2,fashion,112,population,lasso,,0.28177018854662755,0.3684264955299207,0.4100760296337449,clip_ft
2,fashion,112,identity,lasso,21.0,0.2549589528278757,0.46237654099605296,0.424281651295783,clip_ft
2,fashion,112,emotion,lasso,6.0,0.4599025119288833,0.5046592178798228,0.5712637272688191,clip_ft
2,fashion,113,population,lasso,,0.28141276155200107,0.458606215554671,0.4674776194025424,clip_ft
2,fashion,113,identity,lasso,29.0,0.2942839266040137,0.35503091740879,0.36336879117748094,clip_ft
2,fashion,113,emotion,lasso,6.0,0.4164575855339969,0.42882339455740015,0.45337900203304293,clip_ft
2,fashion,120,population,lasso,,0.26550363824984613,0.3738521115681961,0.3746053664895169,clip_ft
2,fashion,120,identity,lasso,19.0,0.3045277781007181,0.4559681496998124,0.43474000061611684,clip_ft
2,fashion,120,emotion,lasso,6.0,0.33004329666711757,0.4644242677704379,0.431124935884602,clip_ft
2,fashion,121,population,lasso,,0.30677416402921975,0.4498234057313813,0.5012190135829565,clip_ft
2,fashion,121,identity,lasso,29.0,0.4600474567561399,0.44150420581506883,0.4941791455905632,clip_ft
2,fashion,121,emotion,lasso,4.0,0.4838494183413172,0.4738210977976671,0.5332350867351779,clip_ft
2,fashion,131,population,lasso,,0.1334329512633937,0.29171905772569623,0.23999451526203,clip_ft
2,fashion,131,identity,lasso,39.0,0.23763441535549937,0.2540382700403461,0.279533497938267,clip_ft
2,fashion,131,emotion,lasso,7.0,0.2956192726978901,0.4231351034340555,0.3894758670038034,clip_ft
2,fashion,138,population,lasso,,0.3610170222573558,0.5376991959936536,0.5344629310987465,clip_ft
2,fashion,138,identity,lasso,25.0,0.34022504799658904,0.4798158419087469,0.5170228322689466,clip_ft
2,fashion,138,emotion,lasso,3.0,0.46392105379448256,0.5515464011925054,0.5767334736809623,clip_ft
2,fashion,139,population,lasso,,0.23357675195273833,0.4025141908258951,0.40493277353180424,clip_ft
2,fashion,139,identity,lasso,40.0,0.4053723490986658,0.5466508321529325,0.5104958676713849,clip_ft
2,fashion,139,emotion,lasso,5.0,0.20879988797781918,0.3275788203433926,0.3023643152311973,clip_ft
2,landscape,7,population,lasso,,0.16299326025495126,0.19535692307455002,0.20721014532677792,clip_ft
2,landscape,7,identity,lasso,9.0,0.19596304554927638,0.3466697398559288,0.32372977394788793,clip_ft
2,landscape,7,emotion,lasso,2.0,0.2594818325069499,0.3016615344618701,0.36925679688265917,clip_ft
2,landscape,8,population,lasso,,0.3412453553485521,0.5411126799171226,0.5235443120047347,clip_ft
2,landscape,8,identity,lasso,11.0,0.15970458802507315,0.358304342107284,0.3198543583929396,clip_ft
2,landscape,8,emotion,lasso,3.0,0.33809337216015933,0.5038593051310096,0.4923099920894231,clip_ft
2,landscape,40,population,lasso,,0.21015508751330028,0.31047872834610696,0.29778520722742635,clip_ft
2,landscape,40,identity,lasso,6.0,0.042014513259514975,0.18802579729262536,0.20242162409396253,clip_ft
2,landscape,40,emotion,lasso,3.0,0.06920645386818858,0.4681048443554511,0.5105120890450693,clip_ft
2,landscape,41,population,lasso,,0.27452370064094694,0.48254099340818885,0.4847793276877752,clip_ft
2,landscape,41,identity,lasso,10.0,0.08162507768471254,0.1441812762859842,0.22888506383676968,clip_ft
2,landscape,41,emotion,lasso,5.0,0.12064977957315898,0.4101329904511572,0.4127869628767074,clip_ft
2,landscape,45,population,lasso,,0.38135892289220497,0.5126529467269585,0.5223525933357911,clip_ft
2,landscape,45,identity,lasso,7.0,0.13674646239978358,0.2569997698690551,0.299133243070839,clip_ft
2,landscape,45,emotion,lasso,4.0,0.2074093574597746,0.41270582101036885,0.4487949877317023,clip_ft
2,landscape,46,population,lasso,,0.10446314522433194,0.424073507364617,0.335568908632261,clip_ft
2,landscape,46,identity,lasso,6.0,0.05030048208394861,0.34409227718139235,0.30801338820951896,clip_ft
2,landscape,46,emotion,lasso,3.0,0.07269768745390799,0.28975388415614806,0.26791028512325954,clip_ft
2,landscape,52,population,lasso,,0.2687784519903733,0.458482211322077,0.5116611410753246,clip_ft
2,landscape,52,identity,lasso,10.0,0.14877254495722836,0.45598713931466006,0.466697217079968,clip_ft
2,landscape,52,emotion,lasso,4.0,0.259906902155656,0.3957998921153381,0.49450445940142457,clip_ft
2,landscape,58,population,lasso,,0.3596586072702225,0.522407737606179,0.559526543393327,clip_ft
2,landscape,58,identity,lasso,14.0,0.22816463483334004,0.41106609223435664,0.4535913532480341,clip_ft
2,landscape,58,emotion,lasso,4.0,0.37006086777617725,0.517549728398682,0.5443091445089483,clip_ft
2,landscape,65,population,lasso,,0.25376613097862954,0.4114198921153226,0.3814298637819017,clip_ft
2,landscape,65,identity,lasso,9.0,0.1516459387606465,0.30044186135359835,0.28090966931172323,clip_ft
2,landscape,65,emotion,lasso,3.0,0.20336608300618322,0.36107424357903234,0.3596345303819996,clip_ft
2,landscape,66,population,lasso,,0.4092999130538036,0.4867286504712759,0.5147418517933796,clip_ft
2,landscape,66,identity,lasso,12.0,0.11023082884965289,0.4154739052296525,0.49856030866263557,clip_ft
2,landscape,66,emotion,lasso,1.0,0.16965577887951652,0.4916322028319898,0.5370828320365737,clip_ft
2,landscape,74,population,lasso,,0.31309094544977256,0.40479519274895553,0.43452679694530827,clip_ft
2,landscape,74,identity,lasso,10.0,0.13418036670882516,0.24196998302556225,0.23826712883693246,clip_ft
2,landscape,74,emotion,lasso,2.0,0.28076059456465946,0.39266611609350405,0.3851223203517487,clip_ft
2,landscape,83,population,lasso,,0.31099591484460176,0.5119966386010949,0.5295110775553792,clip_ft
2,landscape,83,identity,lasso,2.0,0.016325778688912437,0.06413645640893642,0.08477827558357355,clip_ft
2,landscape,83,emotion,lasso,1.0,0.2569831052783397,0.42684636761264516,0.46041132529167406,clip_ft
2,landscape,87,population,lasso,,0.31759406225640374,0.5273023602609137,0.4821866242327792,clip_ft
2,landscape,87,identity,lasso,13.0,0.21358317790380751,0.4007858555098624,0.3808780613707244,clip_ft
2,landscape,87,emotion,lasso,3.0,0.305469048907352,0.5120262185550266,0.4719817153284032,clip_ft
2,landscape,93,population,lasso,,0.3759238793668869,0.6570892684304135,0.6636330881744295,clip_ft
2,landscape,93,identity,lasso,16.0,0.4573667699864373,0.5973583866818734,0.5903997400405059,clip_ft
2,landscape,93,emotion,lasso,3.0,0.5067121818666184,0.6554039157503717,0.6457014803062239,clip_ft
2,landscape,94,population,lasso,,0.37429146377798234,0.6129782821318053,0.6377450482910193,clip_ft
2,landscape,94,identity,lasso,23.0,0.5140866765553211,0.5896443951477324,0.6085270906149016,clip_ft
2,landscape,94,emotion,lasso,2.0,0.5350550090253636,0.5852509854645388,0.6166095098451403,clip_ft
2,landscape,102,population,lasso,,0.35536144497034816,0.63408650845059,0.6222577240578968,clip_ft
2,landscape,102,identity,lasso,23.0,0.28467101484916746,0.44746292816751043,0.46482996492694817,clip_ft
2,landscape,102,emotion,lasso,5.0,0.5070853891678968,0.6765659185916023,0.6475898122303051,clip_ft
2,landscape,112,population,lasso,,0.4116206365716749,0.5032221452052116,0.5495683914642598,clip_ft
2,landscape,112,identity,lasso,9.0,0.2653381730702178,0.5335902905436501,0.5653138771189117,clip_ft
2,landscape,112,emotion,lasso,3.0,0.3674890814171339,0.4715054144652305,0.5193183684530547,clip_ft
2,landscape,113,population,lasso,,0.25350153251883856,0.3034449579155373,0.33967907388926466,clip_ft
2,landscape,113,identity,lasso,9.0,0.21884522888661637,0.4369687830022946,0.40638046851935183,clip_ft
2,landscape,113,emotion,lasso,4.0,0.22764002336061037,0.31460545835577075,0.3267003022199314,clip_ft
2,landscape,120,population,lasso,,0.3620385563555293,0.5974067505738782,0.6019030386497072,clip_ft
2,landscape,120,identity,lasso,7.0,0.3124938299315239,0.43423176789700896,0.45596034257766754,clip_ft
2,landscape,120,emotion,lasso,3.0,0.4880398754881129,0.6250533406406773,0.6412178215243433,clip_ft
2,landscape,121,population,lasso,,0.4525598814822151,0.6821899294220103,0.6728478969249996,clip_ft
2,landscape,121,identity,lasso,10.0,0.22810399622180938,0.5146084902379078,0.4849919753012822,clip_ft
2,landscape,121,emotion,lasso,4.0,0.412617372033076,0.6421977806609662,0.6358560564036064,clip_ft
2,landscape,131,population,lasso,,0.26714321250199446,0.474157241908017,0.46749964236867564,clip_ft
2,landscape,131,identity,lasso,24.0,0.2541771804120049,0.422999709642972,0.40152600988286274,clip_ft
2,landscape,131,emotion,lasso,3.0,0.17659172562863537,0.37461930055802944,0.376585517196018,clip_ft
2,landscape,138,population,lasso,,0.5200564303269831,0.6629137993117402,0.7003844783466765,clip_ft
2,landscape,138,identity,lasso,11.0,0.35870424852335503,0.6985366225757264,0.7160630774087715,clip_ft
2,landscape,138,emotion,lasso,3.0,0.5407157004629298,0.6987860821223928,0.719083602478815,clip_ft
2,landscape,139,population,lasso,,0.3173097255662564,0.5135763713142211,0.4877671575447611,clip_ft
2,landscape,139,identity,lasso,13.0,0.21632660534856168,0.4328204414680161,0.42552479449418557,clip_ft
2,landscape,139,emotion,lasso,2.0,0.3607339616410888,0.5645569189005759,0.5586625804233738,clip_ft
3,art,0,population,lasso,,0.2784972425325225,0.3080083215944489,0.38933106061759926,clip_ft
3,art,0,identity,lasso,7.0,0.17968755186959384,0.27522227954972733,0.38395854521300726,clip_ft
3,art,0,emotion,lasso,4.0,0.3964261643122764,0.3459077830406409,0.4840197561254143,clip_ft
3,art,9,population,lasso,,0.5053248797781303,0.6114808525101754,0.5553646323600471,clip_ft
3,art,9,identity,lasso,13.0,0.3562021504735835,0.5825656305149207,0.49360657183805423,clip_ft
3,art,9,emotion,lasso,7.0,0.44042825341796915,0.5333082962037061,0.48578040698907005,clip_ft
3,art,10,population,lasso,,0.22658088038779092,0.5810910680051057,0.5411623870555182,clip_ft
3,art,10,identity,lasso,30.0,0.33237236154542665,0.39479467855451195,0.3737349568113065,clip_ft
3,art,10,emotion,lasso,7.0,0.45351630692660844,0.5088475832904673,0.47567608134499506,clip_ft
3,art,11,population,lasso,,0.4348132989468471,0.5198258104598162,0.5873644335347972,clip_ft
3,art,11,identity,lasso,12.0,0.3507046838447939,0.4459874770567436,0.4961770265048203,clip_ft
3,art,11,emotion,lasso,5.0,0.49931993487948717,0.541119642255629,0.5454507095225525,clip_ft
3,art,24,population,lasso,,0.48937846468378143,0.6676252196196143,0.661022867508763,clip_ft
3,art,24,identity,lasso,8.0,0.276325347931291,0.5897554627371303,0.5830589629423361,clip_ft
3,art,24,emotion,lasso,5.0,0.4523591345832326,0.6884202662313166,0.6717882946884112,clip_ft
3,art,28,population,lasso,,0.47056224710775785,0.5707501941082773,0.5862699994695205,clip_ft
3,art,28,identity,lasso,15.0,0.3038307764833122,0.5127571182192758,0.5212452601507223,clip_ft
3,art,28,emotion,lasso,4.0,0.46399123777105544,0.5137102916119152,0.5543457339148602,clip_ft
3,art,31,population,lasso,,0.291624263291094,0.5162049047967177,0.5619238218817889,clip_ft
3,art,31,identity,lasso,24.0,0.4852266509682961,0.3750392716123051,0.5381010831655013,clip_ft
3,art,31,emotion,lasso,5.0,0.6043143552801568,0.5955487021300323,0.643062260868115,clip_ft
3,art,32,population,lasso,,0.2080139582022816,0.3724775177954388,0.3813650885096606,clip_ft
3,art,32,identity,lasso,20.0,0.297839431255477,0.460644000904203,0.48476463309090123,clip_ft
3,art,32,emotion,lasso,4.0,0.31625190282368193,0.3286160477189713,0.40376072461231516,clip_ft
3,art,36,population,lasso,,0.4491459662412152,0.5596427705843756,0.607390605230158,clip_ft
3,art,36,identity,lasso,13.0,0.3992236175268403,0.522439217272252,0.5466833804899709,clip_ft
3,art,36,emotion,lasso,7.0,0.5174407790093379,0.5877068662070055,0.6093774509573424,clip_ft
3,art,42,population,lasso,,0.3241950405044047,0.44823192792637223,0.4953091308129609,clip_ft
3,art,42,identity,lasso,7.0,0.16185820587631425,0.36587075764738797,0.3873017319031894,clip_ft
3,art,42,emotion,lasso,6.0,0.2800651067564662,0.46387904091156723,0.45964388093518294,clip_ft
3,art,47,population,lasso,,0.40089926595385467,0.4909738885818186,0.5143964231400073,clip_ft
3,art,47,identity,lasso,13.0,0.31661183106621615,0.5155176446294111,0.5045999033787021,clip_ft
3,art,47,emotion,lasso,6.0,0.41916752382329087,0.4494421001793533,0.48170947668755576,clip_ft
3,art,54,population,lasso,,0.15896029957953065,0.22137049997168048,0.2517635144315271,clip_ft
3,art,54,identity,lasso,8.0,0.06746855781169046,0.18070740813291084,0.11398526044410356,clip_ft
3,art,54,emotion,lasso,2.0,0.18781617441903112,0.2142008171120776,0.29597366175760814,clip_ft
3,art,55,population,lasso,,0.20696752403450341,0.2644717927030977,0.2976390774887618,clip_ft
3,art,55,identity,lasso,15.0,0.13481234137945083,0.2939662426753499,0.27090806411803275,clip_ft
3,art,55,emotion,lasso,4.0,0.24049981320960437,0.316906370431546,0.3419018065165274,clip_ft
3,art,59,population,lasso,,0.3608651660513485,0.5071539279881452,0.5728985541594396,clip_ft
3,art,59,identity,lasso,14.0,0.4227323937829882,0.5734260993930427,0.621318170638992,clip_ft
3,art,59,emotion,lasso,6.0,0.3592167733157779,0.49929944841423135,0.47734154701053577,clip_ft
3,art,60,population,lasso,,0.533484227215171,0.7340751019469115,0.7229416178323762,clip_ft
3,art,60,identity,lasso,19.0,0.6349182203937447,0.7050860858581662,0.7392168254319418,clip_ft
3,art,60,emotion,lasso,5.0,0.6844090658226154,0.7444636572005573,0.72089312239204,clip_ft
3,art,67,population,lasso,,0.38258261596705095,0.46067938661949465,0.4102928491976612,clip_ft
3,art,67,identity,lasso,6.0,0.25177141912634216,0.4049140369093603,0.349840820809657,clip_ft
3,art,67,emotion,lasso,5.0,0.32562438438443975,0.5095853365061288,0.4667581471393753,clip_ft
3,art,68,population,lasso,,0.4797385495932559,0.6718641375579499,0.6816210760682888,clip_ft
3,art,68,identity,lasso,13.0,0.3992386204365697,0.602883427885828,0.625441719831436,clip_ft
3,art,68,emotion,lasso,6.0,0.5748952622647133,0.6845238920787007,0.6882677219675218,clip_ft
3,art,75,population,lasso,,0.39469286419353167,0.5315908012474625,0.5257602262088991,clip_ft
3,art,75,identity,lasso,5.0,0.2756167453340244,0.5127563445539368,0.5452064934271718,clip_ft
3,art,75,emotion,lasso,5.0,0.3823317848847441,0.4023060818941194,0.43808537330354475,clip_ft
3,art,76,population,lasso,,0.36030484371225496,0.505970289809758,0.5342566247580669,clip_ft
3,art,76,identity,lasso,19.0,0.5037369072853136,0.5565233595996122,0.6323090985527414,clip_ft
3,art,76,emotion,lasso,6.0,0.5327279355100797,0.5463150585502599,0.6060110445486057,clip_ft
3,art,82,population,lasso,,0.4075007216776796,0.6829033032873519,0.6827627454175005,clip_ft
3,art,82,identity,lasso,15.0,0.6998298679495686,0.7630237237273708,0.7725986769632274,clip_ft
3,art,82,emotion,lasso,4.0,0.6132371558440172,0.6170395329195363,0.6456856068567927,clip_ft
3,art,84,population,lasso,,0.2328629549624363,0.2890345110528322,0.3211023106186772,clip_ft
3,art,84,identity,lasso,21.0,0.2330210436171294,0.24641003961947916,0.2980939267048683,clip_ft
3,art,84,emotion,lasso,5.0,0.2555924704628308,0.2606689401823032,0.274780948007758,clip_ft
3,art,88,population,lasso,,0.44363292581656916,0.5624328938514139,0.6381910045604701,clip_ft
3,art,88,identity,lasso,22.0,0.502243736859896,0.6023836220125348,0.6321302735874446,clip_ft
3,art,88,emotion,lasso,6.0,0.5770728069894846,0.5327424643619456,0.6030131168429812,clip_ft
3,art,95,population,lasso,,0.27691492689861213,0.42930912272005933,0.4531336301297319,clip_ft
3,art,95,identity,lasso,25.0,0.3754469692400666,0.5107496072346631,0.5615171096346225,clip_ft
3,art,95,emotion,lasso,7.0,0.3445789264320743,0.3111405765616146,0.4052051282306714,clip_ft
3,art,96,population,lasso,,0.44870253332183363,0.5818303876377452,0.6426722127299659,clip_ft
3,art,96,identity,lasso,15.0,0.41540023199623277,0.44285941329318923,0.5228067915493917,clip_ft
3,art,96,emotion,lasso,5.0,0.5586428266372001,0.46399007770908707,0.5752806917088901,clip_ft
3,art,107,population,lasso,,0.4359689840365175,0.5318228038866191,0.537263537043238,clip_ft
3,art,107,identity,lasso,15.0,0.47263388155142033,0.5267874445627135,0.5777487454480775,clip_ft
3,art,107,emotion,lasso,7.0,0.5077998867120259,0.5385859825863747,0.559859481656292,clip_ft
3,art,122,population,lasso,,0.3181339095042957,0.5010727837826618,0.562297617048192,clip_ft
3,art,122,identity,lasso,15.0,0.464878788659118,0.6414930042134234,0.6582837574336912,clip_ft
3,art,122,emotion,lasso,3.0,0.5994109763660685,0.6022991126766106,0.6604967505423148,clip_ft
3,art,123,population,lasso,,0.3828452349283554,0.4539117925430957,0.5111355313308633,clip_ft
3,art,123,identity,lasso,16.0,0.41787822501432015,0.450648729880222,0.49509548367364514,clip_ft
3,art,123,emotion,lasso,7.0,0.4731696519034798,0.5023633290524339,0.5297100894947783,clip_ft
3,art,132,population,lasso,,0.32634033752526664,0.44117413096795177,0.5589384453075356,clip_ft
3,art,132,identity,lasso,16.0,0.29798794745480345,0.44152065463455586,0.503004097890766,clip_ft
3,art,132,emotion,lasso,6.0,0.5000726801507014,0.5382997643789842,0.6060518603658754,clip_ft
3,art,140,population,lasso,,0.3807292345136698,0.5171565744557607,0.5118696650087571,clip_ft
3,art,140,identity,lasso,13.0,0.30848873869427956,0.3779712247874201,0.3796069193012554,clip_ft
3,art,140,emotion,lasso,7.0,0.4480464825469022,0.48017472255023474,0.5015679183930676,clip_ft
3,art,141,population,lasso,,0.41883809830534713,0.535115419654871,0.5252935042243578,clip_ft
3,art,141,identity,lasso,9.0,0.29651520128721603,0.5074188691017075,0.4698437172483454,clip_ft
3,art,141,emotion,lasso,5.0,0.4451568903633035,0.5610056734328283,0.524460999989642,clip_ft
3,fashion,0,population,lasso,,0.1859480625222018,0.26879615483861796,0.2962072029633204,clip_ft
3,fashion,0,identity,lasso,22.0,0.21375750316742376,0.33264214863414837,0.31363683365630335,clip_ft
3,fashion,0,emotion,lasso,1.0,0.06618722843844628,0.21665442269089127,0.2832801189254803,clip_ft
3,fashion,9,population,lasso,,0.14660485759079475,0.1907373851531842,0.20590206730672073,clip_ft
3,fashion,9,identity,lasso,28.0,0.12143260873375067,0.21402419844096254,0.18289417600863822,clip_ft
3,fashion,9,emotion,lasso,3.0,0.09878707663289912,0.15100681335956243,0.14997580027571364,clip_ft
3,fashion,10,population,lasso,,0.13100239285603965,0.41688054854321477,0.4024698030071651,clip_ft
3,fashion,10,identity,lasso,56.0,0.3008166797498169,0.32534744010983885,0.3124981426219659,clip_ft
3,fashion,10,emotion,lasso,2.0,0.30025370098988313,0.38380102302895447,0.3899017217038711,clip_ft
3,fashion,11,population,lasso,,0.3343805193245472,0.6241581444898344,0.6168123356830338,clip_ft
3,fashion,11,identity,lasso,30.0,0.4307841612531121,0.6041814970366918,0.590459988686619,clip_ft
3,fashion,11,emotion,lasso,3.0,0.4562111008944236,0.6488175970816189,0.6312139636371396,clip_ft
3,fashion,24,population,lasso,,0.3004891403474748,0.48779645224103035,0.5374433152205201,clip_ft
3,fashion,24,identity,lasso,34.0,0.1859191288927909,0.29307063043319026,0.2742815019838375,clip_ft
3,fashion,24,emotion,lasso,1.0,0.22458679566502565,0.48371382487297854,0.5262805468845336,clip_ft
3,fashion,28,population,lasso,,0.13538738338865808,0.24387940746099887,0.20623592751526465,clip_ft
3,fashion,28,identity,lasso,25.0,0.2203794582881379,0.2336797068992717,0.24103333869872784,clip_ft
3,fashion,28,emotion,lasso,3.0,0.20433189438424745,0.2385004608961079,0.23697639100107112,clip_ft
3,fashion,31,population,lasso,,0.023015168689810246,0.10836839631061063,0.0635494859429632,clip_ft
3,fashion,31,identity,lasso,45.0,0.168553822702864,0.19332961077012686,0.21970878320453388,clip_ft
3,fashion,31,emotion,lasso,3.0,0.011927171667963251,0.04627570470561547,0.0820721103190303,clip_ft
3,fashion,32,population,lasso,,0.08333663424161351,0.23422584207144448,0.21928671441003278,clip_ft
3,fashion,32,identity,lasso,45.0,0.2675922532117754,0.2798130948476311,0.34436306411196954,clip_ft
3,fashion,32,emotion,lasso,4.0,0.19872358453106145,0.3540691226317297,0.3535906322696801,clip_ft
3,fashion,36,population,lasso,,0.22113320530369993,0.34459530723996,0.38077760113173265,clip_ft
3,fashion,36,identity,lasso,19.0,0.10147937363885481,0.23886437590900964,0.251115063741885,clip_ft
3,fashion,36,emotion,lasso,2.0,0.09027961019279813,0.3757774774866701,0.38033969842905263,clip_ft
3,fashion,42,population,lasso,,0.11963505863471674,0.2609416646017589,0.2854163487497349,clip_ft
3,fashion,42,identity,lasso,22.0,0.18976289092690643,0.24734991186876795,0.3522222258690803,clip_ft
3,fashion,42,emotion,lasso,3.0,0.10559457592326052,0.2483493054520761,0.30107783166264196,clip_ft
3,fashion,47,population,lasso,,0.07376679258592582,0.1607600834378939,0.1871973651074922,clip_ft
3,fashion,47,identity,lasso,40.0,0.32866518965604563,0.34970569350710495,0.40048539722940124,clip_ft
3,fashion,47,emotion,lasso,3.0,0.1506435192327894,0.2236279738616464,0.24567757075399282,clip_ft
3,fashion,54,population,lasso,,0.11021584946541098,0.28098952177466,0.2606256408711436,clip_ft
3,fashion,54,identity,lasso,36.0,0.1376942306691824,0.24089080460922518,0.20327891059049472,clip_ft
3,fashion,54,emotion,lasso,3.0,0.06853650736062988,0.13999725819296976,0.1843713734970156,clip_ft
3,fashion,55,population,lasso,,0.17882993856244464,0.2661284303196456,0.3182448802126433,clip_ft
3,fashion,55,identity,lasso,26.0,-0.0371295362605218,-0.12591728540270955,-0.06497917725951907,clip_ft
3,fashion,55,emotion,lasso,3.0,0.0679524363685618,0.12162407671469097,0.21620323293523408,clip_ft
3,fashion,59,population,lasso,,0.1306742203239703,0.22522585722497462,0.31889506282275454,clip_ft
3,fashion,59,identity,lasso,34.0,0.3802883901927666,0.3495600261014758,0.40934668161941784,clip_ft
3,fashion,59,emotion,lasso,1.0,0.3272858603897362,0.25133900009163834,0.38187490701771837,clip_ft
3,fashion,60,population,lasso,,0.18591664645782421,0.3953050316028759,0.34298141275427496,clip_ft
3,fashion,60,identity,lasso,27.0,0.11172326113249859,0.1292729850424758,0.14361064296354165,clip_ft
3,fashion,60,emotion,lasso,3.0,0.23215029201366277,0.3671694421649488,0.35539844939854925,clip_ft
3,fashion,67,population,lasso,,0.06806266975682498,0.10324613521698246,0.09797673210669218,clip_ft
3,fashion,67,identity,lasso,17.0,0.07441307878662626,0.25521283624920765,0.19057434973395512,clip_ft
3,fashion,67,emotion,lasso,2.0,0.01410188759602406,0.04835775309108666,0.04821496589269091,clip_ft
3,fashion,68,population,lasso,,0.15412046206051527,0.33037395882106063,0.32573060509695256,clip_ft
3,fashion,68,identity,lasso,20.0,0.1936721771633068,0.2504836219508833,0.28401956781315274,clip_ft
3,fashion,68,emotion,lasso,2.0,0.17599661172694325,0.31643542666667435,0.31686274049147406,clip_ft
3,fashion,75,population,lasso,,0.2792437151320398,0.45427198752987147,0.4212725014932706,clip_ft
3,fashion,75,identity,lasso,30.0,0.3394919313317075,0.3943690992476358,0.4295525024258156,clip_ft
3,fashion,75,emotion,lasso,2.0,0.2421957149261983,0.45199911234209694,0.44003152350792385,clip_ft
3,fashion,76,population,lasso,,0.22386722387053545,0.3636532343692369,0.37492613402242997,clip_ft
3,fashion,76,identity,lasso,36.0,0.28966674197431025,0.3175249317101896,0.3318089365069327,clip_ft
3,fashion,76,emotion,lasso,1.0,0.21313753446908232,0.29735013560216667,0.31235101844710417,clip_ft
3,fashion,82,population,lasso,,0.19527774383126936,0.5172811445725584,0.4420164472536273,clip_ft
3,fashion,82,identity,lasso,26.0,0.12492813613971744,0.2960152283891389,0.2579365660793071,clip_ft
3,fashion,82,emotion,lasso,3.0,0.18870362233063087,0.5191697575139264,0.46154714181902234,clip_ft
3,fashion,84,population,lasso,,0.12603522956830887,0.2864904719865753,0.2835667972884775,clip_ft
3,fashion,84,identity,lasso,30.0,0.23977711888458392,0.36226328078785935,0.2989306064374224,clip_ft
3,fashion,84,emotion,lasso,3.0,0.24399662799803315,0.4068205440278617,0.34165207606717807,clip_ft
3,fashion,88,population,lasso,,0.09975325815979595,0.2603850652110438,0.2839109425322504,clip_ft
3,fashion,88,identity,lasso,41.0,0.5247674523652367,0.6029328335832503,0.5959257516134954,clip_ft
3,fashion,88,emotion,lasso,4.0,0.15915612601417706,0.29563944763568517,0.2827642365833851,clip_ft
3,fashion,95,population,lasso,,0.03483826347910924,0.06344037871590538,0.09797576209764458,clip_ft
3,fashion,95,identity,lasso,47.0,0.1669599080578224,0.2690578040130515,0.20477601152777442,clip_ft
3,fashion,95,emotion,lasso,3.0,0.02738961299493465,0.07309861256987243,0.09578268461211739,clip_ft
3,fashion,96,population,lasso,,0.28208848408607695,0.5217727580152971,0.5275813727354076,clip_ft
3,fashion,96,identity,lasso,30.0,0.31479895853614076,0.3879189659818162,0.4037112839776437,clip_ft
3,fashion,96,emotion,lasso,3.0,0.24273754330595132,0.5722397896497815,0.5638524788024171,clip_ft
3,fashion,107,population,lasso,,0.12527863932931138,0.14056904167022444,0.20629994414595215,clip_ft
3,fashion,107,identity,lasso,33.0,0.18371122362989425,0.16948638510485423,0.2140225872822367,clip_ft
3,fashion,107,emotion,lasso,4.0,0.1278161632637859,0.12256390330526626,0.19073336903498037,clip_ft
3,fashion,122,population,lasso,,0.1300460837591423,0.24452687493212355,0.27391822878982336,clip_ft
3,fashion,122,identity,lasso,35.0,0.17615008219040393,0.17328597168969115,0.22318096181068728,clip_ft
3,fashion,122,emotion,lasso,2.0,0.16050006534356567,0.3062355446421178,0.3303837960545463,clip_ft
3,fashion,123,population,lasso,,0.3459373915850204,0.4990419010242382,0.5636241077401615,clip_ft
3,fashion,123,identity,lasso,28.0,0.39339864486157283,0.47939774686129877,0.49879336588674467,clip_ft
3,fashion,123,emotion,lasso,4.0,0.42557567467430807,0.5165257006372891,0.5630468603693514,clip_ft
3,fashion,132,population,lasso,,0.09024021322225291,0.2558735358740391,0.2885648143032609,clip_ft
3,fashion,132,identity,lasso,30.0,0.1745909524965194,0.2563201731554329,0.2577700612337555,clip_ft
3,fashion,132,emotion,lasso,4.0,0.17703007117995087,0.32669035815725345,0.3080164527329743,clip_ft
3,fashion,140,population,lasso,,0.2834975193434529,0.5048102637081139,0.6010944441072169,clip_ft
3,fashion,140,identity,lasso,30.0,0.2795410023213469,0.2597020594144478,0.36009778633458117,clip_ft
3,fashion,140,emotion,lasso,2.0,0.361149571964479,0.5243503583161404,0.5562309783615533,clip_ft
3,fashion,141,population,lasso,,0.1718104656457929,0.3044463707225056,0.32715508494592654,clip_ft
3,fashion,141,identity,lasso,24.0,0.17174974276817376,0.24632340400531433,0.26068645606478674,clip_ft
3,fashion,141,emotion,lasso,2.0,0.18471350894819916,0.31822705661958245,0.3269129676551422,clip_ft
3,landscape,0,population,lasso,,0.10244483892957797,0.41226599321756163,0.350787887526641,clip_ft
3,landscape,0,identity,lasso,39.0,0.31788356484519903,0.41821642852981894,0.37398823873485343,clip_ft
3,landscape,0,emotion,lasso,5.0,0.20795207594299805,0.37036501122708293,0.31415817417014713,clip_ft
3,landscape,9,population,lasso,,0.3663626774393028,0.42471384308478494,0.501287953924273,clip_ft
3,landscape,9,identity,lasso,20.0,0.560638742865747,0.6106766860044699,0.6901000878900392,clip_ft
3,landscape,9,emotion,lasso,4.0,0.5748285613212704,0.5793650794254404,0.6745846215698444,clip_ft
3,landscape,10,population,lasso,,0.21757510233212174,0.7091483495731915,0.7000018049564889,clip_ft
3,landscape,10,identity,lasso,45.0,0.5989039404862518,0.6635263255653077,0.6491390769703165,clip_ft
3,landscape,10,emotion,lasso,6.0,0.6244091964184858,0.6882464136811675,0.6621228286539524,clip_ft
3,landscape,11,population,lasso,,0.26273265753047903,0.43258017104340885,0.46374785811737756,clip_ft
3,landscape,11,identity,lasso,27.0,0.44556034460928,0.4918910834853077,0.5320827348274237,clip_ft
3,landscape,11,emotion,lasso,5.0,0.41149721984101284,0.4134507994495129,0.4765813408718605,clip_ft
3,landscape,24,population,lasso,,0.08041334086845413,0.15164204549303614,0.11063988910160254,clip_ft
3,landscape,24,identity,lasso,23.0,-0.17191300402204474,-0.30673417662828856,-0.308749844696008,clip_ft
3,landscape,24,emotion,lasso,6.0,-0.09775929017559584,-0.2603736508110077,-0.2747855390928347,clip_ft
3,landscape,28,population,lasso,,0.1833675555355609,0.2804151261072602,0.2810295148105951,clip_ft
3,landscape,28,identity,lasso,30.0,0.2251488633425277,0.2539385838387965,0.2986177992580127,clip_ft
3,landscape,28,emotion,lasso,4.0,0.30620416576565784,0.36333886908562685,0.35420238881936533,clip_ft
3,landscape,31,population,lasso,,0.07770968656439411,0.42982252201825544,0.24688670442562777,clip_ft
3,landscape,31,identity,lasso,32.0,0.11994016951489898,0.37933949560848773,0.17323672009512434,clip_ft
3,landscape,31,emotion,lasso,5.0,0.17109954173172323,0.4716527781813185,0.3333241896420695,clip_ft
3,landscape,32,population,lasso,,0.30898911836025145,0.5537110688569278,0.5909976772638044,clip_ft
3,landscape,32,identity,lasso,37.0,0.4744009180142819,0.5075644017838316,0.5344800974910369,clip_ft
3,landscape,32,emotion,lasso,5.0,0.5676498447249764,0.6117002528247103,0.6533663467721013,clip_ft
3,landscape,36,population,lasso,,0.26832608499054167,0.5705467726332932,0.5239752645009237,clip_ft
3,landscape,36,identity,lasso,36.0,0.41188681981720426,0.4855706646967017,0.46531847362812395,clip_ft
3,landscape,36,emotion,lasso,5.0,0.5893606284416404,0.6239362033941559,0.6058887116711169,clip_ft
3,landscape,42,population,lasso,,0.2542164685982225,0.41840848658581525,0.41301458566466326,clip_ft
3,landscape,42,identity,lasso,23.0,0.36240555403873487,0.5397718923554446,0.5188268189643156,clip_ft
3,landscape,42,emotion,lasso,4.0,0.32414808039243354,0.5401282446374863,0.4597843504765343,clip_ft
3,landscape,47,population,lasso,,0.4409742102053485,0.5802364633122965,0.6656380885434644,clip_ft
3,landscape,47,identity,lasso,30.0,0.5462188263900017,0.4445622725732115,0.5727178309201673,clip_ft
3,landscape,47,emotion,lasso,5.0,0.6153659273743795,0.4597485599001206,0.6322159448251199,clip_ft
3,landscape,54,population,lasso,,0.13303221259561954,0.2575047517974293,0.2384607135724795,clip_ft
3,landscape,54,identity,lasso,27.0,0.07323257407730957,0.0936059797343193,0.09890638977652998,clip_ft
3,landscape,54,emotion,lasso,6.0,0.04795552923723744,0.11848347192246994,0.07469699637668013,clip_ft
3,landscape,55,population,lasso,,0.40954043692056435,0.6337258657444582,0.6209401176446966,clip_ft
3,landscape,55,identity,lasso,33.0,0.5009596840248347,0.5572631387094714,0.6300362302400232,clip_ft
3,landscape,55,emotion,lasso,4.0,0.5025401963939028,0.6045427573117294,0.6253099208959974,clip_ft
3,landscape,59,population,lasso,,0.2571711605453659,0.5391830543584981,0.5200019767460559,clip_ft
3,landscape,59,identity,lasso,30.0,0.3270462093084471,0.4359581815838927,0.44183735907213345,clip_ft
3,landscape,59,emotion,lasso,6.0,0.4183199824446619,0.5864302598075711,0.5559385853078124,clip_ft
3,landscape,60,population,lasso,,0.506311029799718,0.8096091480854652,0.7884650778480446,clip_ft
3,landscape,60,identity,lasso,37.0,0.6216807562203189,0.7002779000154097,0.7010752810877742,clip_ft
3,landscape,60,emotion,lasso,5.0,0.7151620382196278,0.78122413291956,0.7713925618912858,clip_ft
3,landscape,67,population,lasso,,0.451529006196343,0.5531062129395103,0.5199312877463496,clip_ft
3,landscape,67,identity,lasso,21.0,0.25983710255719655,0.4036835206171135,0.3595994371643024,clip_ft
3,landscape,67,emotion,lasso,4.0,0.352774214749708,0.5350146762009242,0.5033722862729408,clip_ft
3,landscape,68,population,lasso,,0.23269484692818174,0.4075587416947442,0.4055834934298026,clip_ft
3,landscape,68,identity,lasso,27.0,0.35842402158760256,0.46428907917616863,0.4709104124246,clip_ft
3,landscape,68,emotion,lasso,5.0,0.3491925586528791,0.41620574467649435,0.4265319336757895,clip_ft
3,landscape,75,population,lasso,,0.11375702281257602,0.2086765357366942,0.19832845595963502,clip_ft
3,landscape,75,identity,lasso,20.0,0.00549545854535247,0.01890376267368141,0.012085333832738208,clip_ft
3,landscape,75,emotion,lasso,4.0,0.07966928564212925,0.17942821404435938,0.1529991198488367,clip_ft
3,landscape,76,population,lasso,,0.2850409612379778,0.39863982096474493,0.39417389990833396,clip_ft
3,landscape,76,identity,lasso,29.0,0.2926347580506519,0.33806662552758615,0.3624834204234772,clip_ft
3,landscape,76,emotion,lasso,5.0,0.3397714422376742,0.39352519684670667,0.37700231632484144,clip_ft
3,landscape,82,population,lasso,,0.2849269262336808,0.47486758807995666,0.4391235567116218,clip_ft
3,landscape,82,identity,lasso,29.0,0.1720887327552571,0.24979697068226484,0.2773472936804008,clip_ft
3,landscape,82,emotion,lasso,4.0,0.2543881666090468,0.3349204819898115,0.35754211104658784,clip_ft
3,landscape,84,population,lasso,,0.33334627326503097,0.5123942465225492,0.545397857569022,clip_ft
3,landscape,84,identity,lasso,22.0,0.44473910950324613,0.5146899196700517,0.5674500285207092,clip_ft
3,landscape,84,emotion,lasso,4.0,0.5189980463116048,0.5901410437846326,0.6407185084367134,clip_ft
3,landscape,88,population,lasso,,0.44683473248074507,0.720444145424873,0.7227040139457194,clip_ft
3,landscape,88,identity,lasso,42.0,0.6230611068682747,0.6992085600462804,0.7356409368176983,clip_ft
3,landscape,88,emotion,lasso,5.0,0.6075801118338321,0.7355145608548417,0.7368751576838789,clip_ft
3,landscape,95,population,lasso,,0.18004483496298357,0.331259720386134,0.37712170384366944,clip_ft
3,landscape,95,identity,lasso,45.0,0.13239860029474942,0.11999007205857574,0.1782327255229351,clip_ft
3,landscape,95,emotion,lasso,4.0,0.3260802707978865,0.3228445750684946,0.43487851566651425,clip_ft
3,landscape,96,population,lasso,,0.27996428061616,0.4105787044548762,0.41646697360467666,clip_ft
3,landscape,96,identity,lasso,30.0,0.36267977658579,0.48284134944464074,0.459767256820911,clip_ft
3,landscape,96,emotion,lasso,5.0,0.4008012274008449,0.48462561228389417,0.4677252176166818,clip_ft
3,landscape,107,population,lasso,,0.13230620293653636,0.17613150780835402,0.1783464264648754,clip_ft
3,landscape,107,identity,lasso,39.0,0.031805572372312615,0.030070016763430768,0.036526194995677254,clip_ft
3,landscape,107,emotion,lasso,5.0,0.11685343149189821,0.13878085680369456,0.144067938787438,clip_ft
3,landscape,122,population,lasso,,0.31282871138111584,0.6608289427968241,0.6535227025423161,clip_ft
3,landscape,122,identity,lasso,33.0,0.48089476287265,0.6376749452503008,0.6316838548014928,clip_ft
3,landscape,122,emotion,lasso,4.0,0.5518818094487201,0.7046137458495447,0.6790384103405709,clip_ft
3,landscape,123,population,lasso,,0.42902204323366794,0.6886657903462338,0.6913565470033144,clip_ft
3,landscape,123,identity,lasso,30.0,0.39010545812295816,0.5055620585651376,0.5129912935741636,clip_ft
3,landscape,123,emotion,lasso,5.0,0.521628270164889,0.6527272339194364,0.6402728087727447,clip_ft
3,landscape,132,population,lasso,,0.06445501670362662,0.37463712434133045,0.3916247783142555,clip_ft
3,landscape,132,identity,lasso,34.0,0.30103058380468856,0.23574726360991038,0.33850931584069316,clip_ft
3,landscape,132,emotion,lasso,3.0,0.3999833909318204,0.2744800719937092,0.43639262031574366,clip_ft
3,landscape,140,population,lasso,,0.19051738040211452,0.4833867766790296,0.33896011621315825,clip_ft
3,landscape,140,identity,lasso,34.0,0.12641988074082644,0.20970492361438586,0.21936903631129304,clip_ft
3,landscape,140,emotion,lasso,6.0,0.21409915533188575,0.4448014690339325,0.3092798731087571,clip_ft
3,landscape,141,population,lasso,,0.317064745272323,0.4747146542565099,0.4611993523392281,clip_ft
3,landscape,141,identity,lasso,24.0,0.2090233210801868,0.2924230326461109,0.2713631530368956,clip_ft
3,landscape,141,emotion,lasso,4.0,0.316325275538149,0.44739330556305934,0.42682534806955663,clip_ft
4,art,1,population,lasso,,0.2841512826187305,0.3553728780039746,0.3573099340767012,clip_ft
4,art,1,identity,lasso,4.0,0.09672913297785307,0.35485791947911743,0.3074454438396479,clip_ft
4,art,1,emotion,lasso,6.0,0.36839480131523317,0.47659411475536656,0.4928252905828976,clip_ft
4,art,2,population,lasso,,0.3805476872170105,0.7755516107680398,0.7328446923445875,clip_ft
4,art,2,identity,lasso,14.0,0.49944532248429535,0.7428832182268855,0.6637080363977667,clip_ft
4,art,2,emotion,lasso,6.0,0.7311124405202873,0.815915445321168,0.776943733186289,clip_ft
4,art,12,population,lasso,,0.30743628547552565,0.5116435875136611,0.46915445199462974,clip_ft
4,art,12,identity,lasso,12.0,0.20788794384197076,0.23617039609265064,0.2901052453016073,clip_ft
4,art,12,emotion,lasso,6.0,0.4204134131900082,0.4952253246836907,0.467909709887835,clip_ft
4,art,13,population,lasso,,0.2142777295123641,0.47688259840499625,0.43811135691084446,clip_ft
4,art,13,identity,lasso,15.0,0.3920680921106892,0.48236794820692286,0.5343305850760036,clip_ft
4,art,13,emotion,lasso,7.0,0.34488017620573974,0.38196645629665876,0.3839693474146863,clip_ft
4,art,26,population,lasso,,0.28051065105683065,0.4711597513507473,0.43806991328253786,clip_ft
4,art,26,identity,lasso,11.0,0.1908519240696237,0.39906645181349554,0.4461730019771569,clip_ft
4,art,26,emotion,lasso,6.0,0.361317144297007,0.4648515876412377,0.45765219317281064,clip_ft
4,art,29,population,lasso,,0.28163178200736994,0.38886629515731547,0.3857831844634025,clip_ft
4,art,29,identity,lasso,3.0,0.07772989752516607,0.310314089592889,0.2817608979340688,clip_ft
4,art,29,emotion,lasso,4.0,0.0975327462002436,0.2971124632874702,0.25081702637524744,clip_ft
4,art,34,population,lasso,,0.22973357561852542,0.6287835591099324,0.6379471943144907,clip_ft
4,art,34,identity,lasso,25.0,0.6069027761457298,0.6706005505714039,0.6716097688926623,clip_ft
4,art,34,emotion,lasso,7.0,0.6572401275963988,0.6808575484770478,0.6893597312603119,clip_ft
4,art,38,population,lasso,,0.26316335499116744,0.5240763778287697,0.5122441285151559,clip_ft
4,art,38,identity,lasso,14.0,0.3447238566220091,0.612785819855866,0.5630469605529546,clip_ft
4,art,38,emotion,lasso,6.0,0.4334961515610847,0.607838468312665,0.6081746052676874,clip_ft
4,art,43,population,lasso,,0.1577837678624563,0.36192609480022414,0.3663251085935683,clip_ft
4,art,43,identity,lasso,11.0,0.23280226035628773,0.3374875127562036,0.35565906603135544,clip_ft
4,art,43,emotion,lasso,7.0,0.33361366878247434,0.3742188484937094,0.38415336672768047,clip_ft
4,art,48,population,lasso,,0.36375302215871974,0.6749487587186007,0.6887512674309247,clip_ft
4,art,48,identity,lasso,12.0,0.6628234660855552,0.6963733688413601,0.702972141812097,clip_ft
4,art,48,emotion,lasso,5.0,0.6787345073412544,0.6921080574439229,0.6950270094234441,clip_ft
4,art,49,population,lasso,,0.24568938149682074,0.5136966407349366,0.4621589145247542,clip_ft
4,art,49,identity,lasso,14.0,0.25962154393460407,0.5913001482751942,0.5487629331203158,clip_ft
4,art,49,emotion,lasso,6.0,0.3778052027126737,0.569586993520463,0.5314973357361027,clip_ft
4,art,56,population,lasso,,0.05100890657818966,0.11537287715282131,0.23604791164937075,clip_ft
4,art,56,identity,lasso,10.0,0.11739077712869841,0.29112928919316106,0.389341008047506,clip_ft
4,art,56,emotion,lasso,5.0,0.16798488462131525,0.3088829911245302,0.334401251803259,clip_ft
4,art,61,population,lasso,,0.22968744384352588,0.4478741424770173,0.43804254459452285,clip_ft
4,art,61,identity,lasso,11.0,0.21156462242575674,0.34556022863008395,0.34776251525295004,clip_ft
4,art,61,emotion,lasso,3.0,0.42290310154345634,0.48955201620584166,0.4818773598953538,clip_ft
4,art,72,population,lasso,,0.10300322207079951,0.34513490170489697,0.36021749370938944,clip_ft
4,art,72,identity,lasso,13.0,0.28786116737416334,0.43021003198796687,0.4052968511439206,clip_ft
4,art,72,emotion,lasso,5.0,0.3428605840870925,0.39532274950516144,0.4063691695891904,clip_ft
4,art,77,population,lasso,,0.22079882070072554,0.4374585119793968,0.4174025059397929,clip_ft
4,art,77,identity,lasso,10.0,0.33709647763609424,0.48317864149743356,0.476284973685095,clip_ft
4,art,77,emotion,lasso,3.0,0.31640463663778673,0.43933877704615587,0.42957348701028253,clip_ft
4,art,78,population,lasso,,0.2510991584761159,0.5327036477169895,0.5940086080109781,clip_ft
4,art,78,identity,lasso,20.0,0.4503634624327029,0.5407831259585123,0.598600484084438,clip_ft
4,art,78,emotion,lasso,6.0,0.5282815607118702,0.5150174727858511,0.5934884755559318,clip_ft
4,art,89,population,lasso,,0.21358965028163218,0.4780308211339567,0.4652842819627366,clip_ft
4,art,89,identity,lasso,8.0,0.23740689880902796,0.41339666121037494,0.42200690317373646,clip_ft
4,art,89,emotion,lasso,4.0,0.42853808034653174,0.5065444100012576,0.50303906697417,clip_ft
4,art,90,population,lasso,,0.17924674623194944,0.34510441845873147,0.3387414694946288,clip_ft
4,art,90,identity,lasso,20.0,0.2829777823846175,0.37445274396727796,0.4234797862991096,clip_ft
4,art,90,emotion,lasso,6.0,0.34572531207595997,0.4300102701846452,0.4382032583972479,clip_ft
4,art,97,population,lasso,,0.30292759101830374,0.4896144165899374,0.43933927365533376,clip_ft
4,art,97,identity,lasso,9.0,0.1359177492435299,0.32261922096132756,0.3027955318980499,clip_ft
4,art,97,emotion,lasso,5.0,0.3390532423804521,0.5065202272953344,0.48001608627354564,clip_ft
4,art,103,population,lasso,,0.3627173096651019,0.7108271669872233,0.7787876100483272,clip_ft
4,art,103,identity,lasso,14.0,0.5898342958445052,0.6496152468687759,0.7760949510121159,clip_ft
4,art,103,emotion,lasso,7.0,0.7512122041672367,0.7282520936767324,0.7947236295579568,clip_ft
4,art,108,population,lasso,,0.11834232297672029,0.32702450615487877,0.31539527869340594,clip_ft
4,art,108,identity,lasso,23.0,0.34540833216882105,0.4085695690411826,0.442773780567668,clip_ft
4,art,108,emotion,lasso,7.0,0.38192071286417684,0.47735148871081157,0.46313443864462356,clip_ft
4,art,114,population,lasso,,0.14753258496585592,0.5120482673800005,0.5222519351573411,clip_ft
4,art,114,identity,lasso,14.0,0.4274472864449825,0.6466963492743071,0.634718589805352,clip_ft
4,art,114,emotion,lasso,7.0,0.4933432723095991,0.6424453452203753,0.6323337497970217,clip_ft
4,art,115,population,lasso,,0.051685237226692764,0.16202263392402447,0.11650114911441578,clip_ft
4,art,115,identity,lasso,9.0,0.06495074525645478,0.15376102493083318,0.13711086964452207,clip_ft
4,art,115,emotion,lasso,5.0,0.14562090931261626,0.221755850025875,0.1775308179052728,clip_ft
4,art,124,population,lasso,,0.3486368634097178,0.5122403434858941,0.558113074512619,clip_ft
4,art,124,identity,lasso,7.0,0.27312627636741077,0.4753618447276413,0.5381022542326153,clip_ft
4,art,124,emotion,lasso,6.0,0.5387234371926276,0.5841433947333027,0.6447324985758102,clip_ft
4,art,134,population,lasso,,0.2694557237297833,0.5387664863455587,0.55779433345258,clip_ft
4,art,134,identity,lasso,15.0,0.4438937156475389,0.5502432271865274,0.5574672315873092,clip_ft
4,art,134,emotion,lasso,3.0,0.5310207378422442,0.5732459652669237,0.5655461735841043,clip_ft
4,art,135,population,lasso,,0.09693952895039258,0.0333152891753457,0.15550133103932295,clip_ft
4,art,135,identity,lasso,7.0,0.16366156359600578,0.3378906182019933,0.36114104999190394,clip_ft
4,art,135,emotion,lasso,7.0,0.29379078701720523,0.4159119005672507,0.4521103564840132,clip_ft
4,art,142,population,lasso,,0.2652100194214663,0.5113251120541626,0.5535386948921147,clip_ft
4,art,142,identity,lasso,9.0,0.37358266800027967,0.5582949646045201,0.5730775098222558,clip_ft
4,art,142,emotion,lasso,6.0,0.5684976153343955,0.6364593129440099,0.6105650521352786,clip_ft
4,art,143,population,lasso,,0.30526181065702257,0.7242576397131529,0.713629846859514,clip_ft
4,art,143,identity,lasso,19.0,0.641821243644001,0.7954096940694481,0.7908081536864464,clip_ft
4,art,143,emotion,lasso,7.0,0.76275860263291,0.8128316991484587,0.8119932963294823,clip_ft
4,fashion,1,population,lasso,,0.07083034526888059,0.12214006922732683,0.08346024079720596,clip_ft
4,fashion,1,identity,lasso,10.0,0.09527212823350104,0.19901221829991453,0.18486087022757045,clip_ft
4,fashion,1,emotion,lasso,5.0,0.1393913872541455,0.26671969642092924,0.21090906102378248,clip_ft
4,fashion,2,population,lasso,,0.13905468748023386,0.27624481306914456,0.344983692561224,clip_ft
4,fashion,2,identity,lasso,24.0,0.049424450539240945,0.09817046925149184,0.08391647101636329,clip_ft
4,fashion,2,emotion,lasso,4.0,0.2242423970563659,0.23382239371796604,0.2995537434010733,clip_ft
4,fashion,12,population,lasso,,0.05361923135413791,0.03518562331642984,0.08396265505962412,clip_ft
4,fashion,12,identity,lasso,28.0,0.16184053648500116,0.08965518939738794,0.20366005876898202,clip_ft
4,fashion,12,emotion,lasso,3.0,0.2329620682636664,0.2893601045190471,0.29388720621867964,clip_ft
4,fashion,13,population,lasso,,0.26637928605055466,0.4539986741615071,0.4202359299734314,clip_ft
4,fashion,13,identity,lasso,35.0,0.4157652863976503,0.47830235373120833,0.526664607038732,clip_ft
4,fashion,13,emotion,lasso,6.0,0.34283867585682054,0.5106742609381016,0.48047122419462673,clip_ft
4,fashion,26,population,lasso,,0.2984387690786029,0.4325611988517276,0.4534707144984987,clip_ft
4,fashion,26,identity,lasso,30.0,0.09728522403007554,0.14636175721698816,0.1390389998600146,clip_ft
4,fashion,26,emotion,lasso,2.0,0.25049720391146874,0.3040015627613393,0.3847805298066941,clip_ft
4,fashion,29,population,lasso,,0.0861959770358847,0.23059193695717067,0.1559466158626302,clip_ft
4,fashion,29,identity,lasso,22.0,0.030827864973275606,-0.018420065969951504,0.05745901025364646,clip_ft
4,fashion,29,emotion,lasso,2.0,0.04027595939503491,0.20965288760671302,0.11331921408176322,clip_ft
4,fashion,34,population,lasso,,0.19817129896269564,0.39338612838806286,0.3873844848518307,clip_ft
4,fashion,34,identity,lasso,36.0,0.3367579496495276,0.3749583736164054,0.39887474407073154,clip_ft
4,fashion,34,emotion,lasso,4.0,0.3449732472366291,0.3796019722989185,0.43330270431500706,clip_ft
4,fashion,38,population,lasso,,0.18820255236057956,0.3607300257914291,0.33032293427654286,clip_ft
4,fashion,38,identity,lasso,28.0,0.021541309982263796,0.02537922995663743,0.03061473992626461,clip_ft
4,fashion,38,emotion,lasso,3.0,0.119057252811622,0.33500583542761403,0.2799179084361604,clip_ft
4,fashion,43,population,lasso,,0.2154897088071973,0.31081037548627327,0.3457875406655426,clip_ft
4,fashion,43,identity,lasso,28.0,0.307943093872345,0.3917197430731762,0.39624285871327947,clip_ft
4,fashion,43,emotion,lasso,4.0,0.3564076411605251,0.4830387914898574,0.4582669480208824,clip_ft
4,fashion,48,population,lasso,,0.28558072779698507,0.4974876042218746,0.4739359893871301,clip_ft
4,fashion,48,identity,lasso,36.0,0.3243067637949166,0.33852007438340587,0.38634618877863347,clip_ft
4,fashion,48,emotion,lasso,3.0,0.2686390522757369,0.2981379881171282,0.3299188264809995,clip_ft
4,fashion,49,population,lasso,,-0.017804671175540354,-0.019364084489396437,-0.03423327518752142,clip_ft
4,fashion,49,identity,lasso,21.0,0.0302084308202366,-0.013874266721784047,0.04133444626318709,clip_ft
4,fashion,49,emotion,lasso,5.0,-0.05452115950263613,-0.07810513460284904,-0.07568377281337585,clip_ft
4,fashion,56,population,lasso,,0.007722585190389112,0.021704390085587034,0.032248013087832025,clip_ft
4,fashion,56,identity,lasso,29.0,-0.08949604866189403,-0.12155622222196062,-0.09857926841764544,clip_ft
4,fashion,56,emotion,lasso,4.0,-0.044520325628276236,-0.04614364969938476,-0.056600585238170686,clip_ft
4,fashion,61,population,lasso,,0.11998640112690209,0.206720563149465,0.16855851675479622,clip_ft
4,fashion,61,identity,lasso,32.0,0.24776620902948773,0.3434333635668793,0.30902808907299106,clip_ft
4,fashion,61,emotion,lasso,6.0,0.21322948312345955,0.3177621825221745,0.2580445059163659,clip_ft
4,fashion,72,population,lasso,,0.10347469194379393,0.2588824542779411,0.23516091217280657,clip_ft
4,fashion,72,identity,lasso,40.0,0.14404067724569747,0.1517738792673741,0.15463846571926382,clip_ft
4,fashion,72,emotion,lasso,3.0,0.12466014532025349,0.11602204581620176,0.16367658463749596,clip_ft
4,fashion,77,population,lasso,,0.28491287451268715,0.4394317371751624,0.4918932214135369,clip_ft
4,fashion,77,identity,lasso,24.0,0.22609609052036428,0.39610470442396023,0.4221708280926893,clip_ft
4,fashion,77,emotion,lasso,3.0,0.2944368481352179,0.44786054559433824,0.47336723003765163,clip_ft
4,fashion,78,population,lasso,,0.14762657694882989,0.31894056714286667,0.3246202358575083,clip_ft
4,fashion,78,identity,lasso,37.0,0.40214005250688073,0.5815446232088224,0.578826672323386,clip_ft
4,fashion,78,emotion,lasso,4.0,0.39135260399034233,0.5711063866706358,0.5761312546662934,clip_ft
4,fashion,89,population,lasso,,0.15674836431010777,0.38464456890679216,0.39346672521772696,clip_ft
4,fashion,89,identity,lasso,29.0,0.29687668093398106,0.31023694586004225,0.34311789548252647,clip_ft
4,fashion,89,emotion,lasso,6.0,0.23753635663870107,0.32624123274964767,0.3333701633897489,clip_ft
4,fashion,90,population,lasso,,0.21433587684961083,0.43085309826358864,0.43482847207258124,clip_ft
4,fashion,90,identity,lasso,43.0,0.2049501627176064,0.27778237025241675,0.26343219858849554,clip_ft
4,fashion,90,emotion,lasso,5.0,0.28193060032406064,0.4227016915104426,0.43743115604288085,clip_ft
4,fashion,97,population,lasso,,0.4750695563601968,0.6531518448674062,0.639635750771807,clip_ft
4,fashion,97,identity,lasso,21.0,0.3134167478315714,0.5065394499584592,0.5006807981518414,clip_ft
4,fashion,97,emotion,lasso,3.0,0.3288303267906732,0.5928240315883507,0.5953647119276299,clip_ft
4,fashion,103,population,lasso,,0.10826376739770421,0.16768221649642112,0.1563320691487834,clip_ft
4,fashion,103,identity,lasso,23.0,0.15810294618074625,0.2910879512060977,0.3189699007416911,clip_ft
4,fashion,103,emotion,lasso,3.0,0.11283775623209899,0.24760924386596114,0.23366226608368945,clip_ft
4,fashion,108,population,lasso,,0.13569149736852476,0.3101466066180559,0.28798248738840787,clip_ft
4,fashion,108,identity,lasso,34.0,-0.04022827326871987,-0.06217665937901168,-0.05402104089416251,clip_ft
4,fashion,108,emotion,lasso,5.0,0.03543687715967127,0.13938180040887452,0.10489197918379217,clip_ft
4,fashion,114,population,lasso,,0.13642501988874028,0.22665019855493673,0.20563795296319143,clip_ft
4,fashion,114,identity,lasso,32.0,0.17911767605153095,0.1663871894754357,0.21219713334710646,clip_ft
4,fashion,114,emotion,lasso,3.0,0.20156281030087161,0.23752818239725337,0.2651763545731489,clip_ft
4,fashion,115,population,lasso,,0.26103063002615273,0.47006318909346484,0.5250979998926663,clip_ft
4,fashion,115,identity,lasso,11.0,0.1551356977267845,0.3589551768603659,0.37759433720292995,clip_ft
4,fashion,115,emotion,lasso,4.0,0.27994950255746526,0.37302250029760375,0.4649260365885198,clip_ft
4,fashion,124,population,lasso,,0.19798066658322652,0.3820934536981684,0.3544895684315694,clip_ft
4,fashion,124,identity,lasso,19.0,0.27734996460851574,0.39255535046881707,0.38261327082190827,clip_ft
4,fashion,124,emotion,lasso,2.0,0.3496617311573429,0.44824803477028013,0.40634827508524,clip_ft
4,fashion,134,population,lasso,,0.18589152318690172,0.3214136200581731,0.2967919980519858,clip_ft
4,fashion,134,identity,lasso,28.0,0.24755832260321503,0.28963373541324594,0.2871230892369331,clip_ft
4,fashion,134,emotion,lasso,5.0,0.25339132694888356,0.3245263417769495,0.3108004840973369,clip_ft
4,fashion,135,population,lasso,,-0.01280958112149896,-0.06425301454464126,-0.020881201213891497,clip_ft
4,fashion,135,identity,lasso,32.0,0.1619419920547631,0.1529261779193331,0.2385031923165177,clip_ft
4,fashion,135,emotion,lasso,3.0,0.06348153271548626,-0.014361849824230563,0.09706089326996224,clip_ft
4,fashion,142,population,lasso,,0.15131847007236415,0.39147152304803573,0.36480520003510586,clip_ft
4,fashion,142,identity,lasso,29.0,0.2907530041124578,0.34977272922330005,0.3240770645644293,clip_ft
4,fashion,142,emotion,lasso,3.0,0.3000514313584982,0.39994317580804895,0.39465865068779543,clip_ft
4,fashion,143,population,lasso,,0.25451181967023273,0.419877931655935,0.4129572436689508,clip_ft
4,fashion,143,identity,lasso,23.0,0.26565696846111225,0.43907856183519695,0.4182165404290855,clip_ft
4,fashion,143,emotion,lasso,3.0,0.3271370525356249,0.4794464635597907,0.4344115785352066,clip_ft
4,landscape,1,population,lasso,,0.3182481784654295,0.47762527942411137,0.4839339999664894,clip_ft
4,landscape,1,identity,lasso,1.0,0.024817895213594246,0.308559455773868,0.2683947312545765,clip_ft
4,landscape,1,emotion,lasso,0.0,0.0,,,clip_ft
4,landscape,2,population,lasso,,0.283726779383689,0.5796422247736968,0.549112628232369,clip_ft
4,landscape,2,identity,lasso,8.0,0.25272260499615434,0.5807453501149615,0.5401522099919186,clip_ft
4,landscape,2,emotion,lasso,3.0,0.2725609433134108,0.5960386787097693,0.5543051742883451,clip_ft
4,landscape,12,population,lasso,,0.4348741357533627,0.6567990699112091,0.6821985439913667,clip_ft
4,landscape,12,identity,lasso,15.0,0.6188147717020471,0.7067400130150567,0.7127861564836565,clip_ft
4,landscape,12,emotion,lasso,2.0,0.5750788106266167,0.6672412671056499,0.6842325775832601,clip_ft
4,landscape,13,population,lasso,,0.09672037969019251,0.11725978625087898,0.1702108552576875,clip_ft
4,landscape,13,identity,lasso,11.0,0.15569880513915324,0.4127505454471456,0.46857586885242886,clip_ft
4,landscape,13,emotion,lasso,2.0,0.03498164816208654,0.27597997945402386,0.2985897467192671,clip_ft
4,landscape,26,population,lasso,,0.12968381771411733,0.30567026414628784,0.22490028733969028,clip_ft
4,landscape,26,identity,lasso,16.0,0.07001919010308462,0.18033266629550876,0.20338804113144549,clip_ft
4,landscape,26,emotion,lasso,3.0,0.10291001361738082,0.3462033020697738,0.33006093948518467,clip_ft
4,landscape,29,population,lasso,,0.16944926371861826,0.18339721701031222,0.20314142298039292,clip_ft
4,landscape,29,identity,lasso,1.0,0.004063324713088999,0.19829061628526273,0.20470989663546027,clip_ft
4,landscape,29,emotion,lasso,1.0,0.04682253009856478,0.3231816811950015,0.3529694623462372,clip_ft
4,landscape,34,population,lasso,,0.38434632301917837,0.6326566184852345,0.6058365566889377,clip_ft
4,landscape,34,identity,lasso,20.0,0.4358128911840359,0.6198404606596642,0.5743846600988768,clip_ft
4,landscape,34,emotion,lasso,3.0,0.39696780321036285,0.6114927716545037,0.5958361699054816,clip_ft
4,landscape,38,population,lasso,,0.3065236112123436,0.4687293418455266,0.4148821764272659,clip_ft
4,landscape,38,identity,lasso,0.0,-3.016938707494527e-31,,,clip_ft
4,landscape,38,emotion,lasso,0.0,0.0,,,clip_ft
4,landscape,43,population,lasso,,0.17000450076176762,0.5563735516376477,0.5753132200952731,clip_ft
4,landscape,43,identity,lasso,7.0,0.08401509156137751,0.05142450175108013,0.12535892371639334,clip_ft
4,landscape,43,emotion,lasso,2.0,0.27617408867168824,0.5382760827521714,0.5645996755457323,clip_ft
4,landscape,48,population,lasso,,0.2651949862574545,0.3519544386549451,0.3471276685514122,clip_ft
4,landscape,48,identity,lasso,10.0,0.3652673189482476,0.5568127306753056,0.5569485161968598,clip_ft
4,landscape,48,emotion,lasso,2.0,0.3584273949031416,0.58279800814699,0.563885220233758,clip_ft
4,landscape,49,population,lasso,,0.3866653838653621,0.4620756498475672,0.49139311548479303,clip_ft
4,landscape,49,identity,lasso,5.0,0.12166524244934722,0.370258031494236,0.3749245854849428,clip_ft
4,landscape,49,emotion,lasso,2.0,0.15852264847493874,0.530490729900429,0.5486955924542447,clip_ft
4,landscape,56,population,lasso,,0.00302066702397859,0.03696919103071808,0.02474597843235138,clip_ft
4,landscape,56,identity,lasso,0.0,2.190519695164211e-30,,,clip_ft
4,landscape,56,emotion,lasso,0.0,0.0,,,clip_ft
4,landscape,61,population,lasso,,0.21277535586511934,0.376605545351791,0.3677046427839715,clip_ft
4,landscape,61,identity,lasso,9.0,0.14317114260686423,0.3885872853398698,0.37668195869961374,clip_ft
4,landscape,61,emotion,lasso,2.0,0.15577402329798312,0.4161862505260854,0.39415199701223425,clip_ft
4,landscape,72,population,lasso,,-0.01191879536164808,-0.03825051960093479,-0.03248604811287575,clip_ft
4,landscape,72,identity,lasso,17.0,0.19469958073247232,0.49578746468663626,0.4989150329849067,clip_ft
4,landscape,72,emotion,lasso,3.0,0.11519957610857468,0.3683510344668765,0.36610837408019764,clip_ft
4,landscape,77,population,lasso,,0.20019147612356106,0.35683268291129,0.36372263041886765,clip_ft
4,landscape,77,identity,lasso,18.0,0.33872187676453447,0.4441063366236038,0.4409267109758693,clip_ft
4,landscape,77,emotion,lasso,3.0,0.22050786404001196,0.5171772071840821,0.48519750669737033,clip_ft
4,landscape,78,population,lasso,,0.19047959475834458,0.3526076293986927,0.3845081338645072,clip_ft
4,landscape,78,identity,lasso,23.0,0.21409932552280625,0.2956592842322093,0.30947157183983054,clip_ft
4,landscape,78,emotion,lasso,1.0,0.21852480910527278,0.325018664253272,0.3417900622924971,clip_ft
4,landscape,89,population,lasso,,0.220564658119831,0.37895857996243304,0.4467691684172801,clip_ft
4,landscape,89,identity,lasso,11.0,0.072572680218135,0.331582588718269,0.3360760309223126,clip_ft
4,landscape,89,emotion,lasso,0.0,0.0,,,clip_ft
4,landscape,90,population,lasso,,0.2651839688325841,0.48250251340733147,0.47060283968515,clip_ft
4,landscape,90,identity,lasso,16.0,0.27897305469391637,0.40382920885280976,0.43453576975190733,clip_ft
4,landscape,90,emotion,lasso,3.0,0.2715819927561955,0.5151603151042697,0.49712801421956737,clip_ft
4,landscape,97,population,lasso,,0.457147176307776,0.5253781776202838,0.505452349997312,clip_ft
4,landscape,97,identity,lasso,9.0,0.2717128771422359,0.47651077343979437,0.5357276734237547,clip_ft
4,landscape,97,emotion,lasso,1.0,0.23660170582335313,0.4918354199262198,0.4929037861582989,clip_ft
4,landscape,103,population,lasso,,0.3631374014850359,0.5309748696373615,0.5157171039661363,clip_ft
4,landscape,103,identity,lasso,20.0,0.5090220086522549,0.6806899333472605,0.7122614442181558,clip_ft
4,landscape,103,emotion,lasso,4.0,0.20098094632095728,0.48666079874145834,0.4572535126134674,clip_ft
4,landscape,108,population,lasso,,0.21452343238786886,0.4289581684847938,0.3536478355543441,clip_ft
4,landscape,108,identity,lasso,23.0,0.25762715462727703,0.3893778755546282,0.3267544208235929,clip_ft
4,landscape,108,emotion,lasso,2.0,0.217398260938705,0.36490381586175,0.3087060799564011,clip_ft
4,landscape,114,population,lasso,,0.23259254138495222,0.40386527367973424,0.36084319053843283,clip_ft
4,landscape,114,identity,lasso,12.0,0.23034330662729643,0.4118438443413909,0.39240584368002707,clip_ft
4,landscape,114,emotion,lasso,1.0,0.0036872404012806594,0.33460130712322717,0.29941175281303,clip_ft
4,landscape,115,population,lasso,,0.14999822701703766,0.16745988842736048,0.221813399766761,clip_ft
4,landscape,115,identity,lasso,5.0,0.14824510268329225,0.35886468710033054,0.3458520612777312,clip_ft
4,landscape,115,emotion,lasso,2.0,0.02928923533196941,0.16169251219615988,0.20963156033925837,clip_ft
4,landscape,124,population,lasso,,0.27500662651734464,0.5529016540218196,0.5168554355252003,clip_ft
4,landscape,124,identity,lasso,12.0,0.32333140936954635,0.5432807982607438,0.5287623528790552,clip_ft
4,landscape,124,emotion,lasso,2.0,0.3174809133962179,0.5704572361837824,0.5287257038614336,clip_ft
4,landscape,134,population,lasso,,0.2879110965477879,0.44042243125337766,0.39441061392209176,clip_ft
4,landscape,134,identity,lasso,10.0,0.20326527457257318,0.37847562757821224,0.35144229769515994,clip_ft
4,landscape,134,emotion,lasso,2.0,0.20429691913672188,0.4570870637872893,0.41856919379878255,clip_ft
4,landscape,135,population,lasso,,0.4577955135235743,0.4917582159536404,0.5362742134460079,clip_ft
4,landscape,135,identity,lasso,6.0,0.2640053986493188,0.42962917494190844,0.4967139561673244,clip_ft
4,landscape,135,emotion,lasso,2.0,0.2729763177809937,0.42345846373785695,0.5015160818011087,clip_ft
4,landscape,142,population,lasso,,0.28726514857871527,0.5010292193623471,0.4727938026358505,clip_ft
4,landscape,142,identity,lasso,7.0,0.26850740784813454,0.46462414226157395,0.42230801887896685,clip_ft
4,landscape,142,emotion,lasso,3.0,0.27047426347176945,0.5317227222931491,0.48595103801741113,clip_ft
4,landscape,143,population,lasso,,0.48975672240708074,0.7091304093241857,0.703291037996064,clip_ft
4,landscape,143,identity,lasso,17.0,0.5632976131037334,0.6665495996304648,0.7160011954810087,clip_ft
4,landscape,143,emotion,lasso,2.0,0.5155528862640187,0.6701979553906076,0.6692704660536495,clip_ft
0,art,3,population,lasso,,0.1020820293113166,0.20017231779402736,0.13982196412444542,qwen4b
0,art,3,identity,lasso,33.0,0.13299404857823305,0.15475877432974364,0.20193495590668034,qwen4b
0,art,3,emotion,lasso,0.0,0.0,,,qwen4b
0,art,14,population,lasso,,0.36151831513419996,0.7409417954031357,0.6852440923357103,qwen4b
0,art,14,identity,lasso,32.0,0.4468766445588134,0.6025584849524328,0.529084246172438,qwen4b
0,art,14,emotion,lasso,3.0,0.4429145538745649,0.6661373210532583,0.6029713107062626,qwen4b
0,art,15,population,lasso,,0.15804632411323732,0.22494773553528613,0.2071479914707537,qwen4b
0,art,15,identity,lasso,15.0,0.23350247591715695,0.23827679163050733,0.3516766471406267,qwen4b
0,art,15,emotion,lasso,3.0,0.06463526634546608,0.2348250440361273,0.22677701596061844,qwen4b
0,art,19,population,lasso,,0.5263987475913705,0.5864575883164085,0.5937124016413957,qwen4b
0,art,19,identity,lasso,34.0,0.31628066761254864,0.43900767498279414,0.4134702941584318,qwen4b
0,art,19,emotion,lasso,3.0,0.49533367311823406,0.6532490071099503,0.6673949851494709,qwen4b
0,art,21,population,lasso,,0.29099725109449803,0.4656313872671953,0.48413144595033075,qwen4b
0,art,21,identity,lasso,33.0,0.4054272864303652,0.4979207964944084,0.4902001808257102,qwen4b
0,art,21,emotion,lasso,3.0,0.3712047132931583,0.5712509501599485,0.5621189979169459,qwen4b
0,art,22,population,lasso,,0.27901337900152734,0.39106021140361025,0.3979396710044019,qwen4b
0,art,22,identity,lasso,31.0,0.444293602465778,0.45615576701200505,0.47851563906238326,qwen4b
0,art,22,emotion,lasso,4.0,0.3664621034804481,0.44549314421601516,0.412559457179348,qwen4b
0,art,30,population,lasso,,-0.17926435127159188,-0.20236139620915602,-0.19708287981998493,qwen4b
0,art,30,identity,lasso,24.0,0.3056729656656535,0.22876926169686113,0.3646636851348836,qwen4b
0,art,30,emotion,lasso,2.0,0.2079911062260716,0.282969674757769,0.2954052873472588,qwen4b
0,art,50,population,lasso,,0.4194808392666522,0.44998981912050917,0.44513885289225197,qwen4b
0,art,50,identity,lasso,22.0,0.3874323121255824,0.4569855696690805,0.4907588714116205,qwen4b
0,art,50,emotion,lasso,2.0,0.31249767140240686,0.4981710785377373,0.5261640910857217,qwen4b
0,art,57,population,lasso,,0.4607863211428883,0.5583086575206622,0.5532356193046396,qwen4b
0,art,57,identity,lasso,21.0,0.1665544304391773,0.20196817051936647,0.2145505433331248,qwen4b
0,art,57,emotion,lasso,2.0,0.30981166757744627,0.4377616379953043,0.46873499920904715,qwen4b
0,art,62,population,lasso,,0.23210533056323396,0.44804557561953195,0.4307354599733737,qwen4b
0,art,62,identity,lasso,32.0,0.40168105728130504,0.47639292311039866,0.4339358430923293,qwen4b
0,art,62,emotion,lasso,3.0,0.24015828844408654,0.35350520317169354,0.3240068167926799,qwen4b
0,art,63,population,lasso,,0.22350415750296515,0.260475998445186,0.3029987694122116,qwen4b
0,art,63,identity,lasso,26.0,0.15728804190611811,0.24120557965168166,0.2393796396162152,qwen4b
0,art,63,emotion,lasso,1.0,0.10357705538334269,0.22879242676651523,0.32000963227866835,qwen4b
0,art,79,population,lasso,,0.4539054916158757,0.4771479146551555,0.516795722530027,qwen4b
0,art,79,identity,lasso,23.0,0.3770699501515267,0.48268846250829406,0.46863503112143234,qwen4b
0,art,79,emotion,lasso,3.0,0.2379022653034216,0.3812811875815832,0.3865930792094911,qwen4b
0,art,80,population,lasso,,0.3424154842036145,0.7359298559668119,0.7185683385418807,qwen4b
0,art,80,identity,lasso,38.0,0.8419231845080509,0.8277000142409111,0.8612757175057439,qwen4b
0,art,80,emotion,lasso,2.0,0.581375038038587,0.7384844856403949,0.701152970765926,qwen4b
0,art,85,population,lasso,,0.06044495900875685,0.03323524081903588,0.10307838701578043,qwen4b
0,art,85,identity,lasso,23.0,0.3174222840303038,0.3928771357369517,0.41099352056215654,qwen4b
0,art,85,emotion,lasso,3.0,0.06016640124462335,0.13075577160149743,0.14224335183411596,qwen4b
0,art,86,population,lasso,,0.37564289444083454,0.6446095808659071,0.6131676903821789,qwen4b
0,art,86,identity,lasso,27.0,0.15832328290571623,0.23100730730617908,0.22744932359662717,qwen4b
0,art,86,emotion,lasso,2.0,0.3144098334003683,0.660401577947295,0.6019683798186971,qwen4b
0,art,98,population,lasso,,0.27118140784169187,0.49142160264881657,0.5012842172812024,qwen4b
0,art,98,identity,lasso,39.0,0.38359054699013667,0.3789417533765398,0.40694514752330335,qwen4b
0,art,98,emotion,lasso,3.0,0.41707313018012715,0.4455818744177835,0.4590787687202815,qwen4b
0,art,99,population,lasso,,0.46132086227457525,0.7424598753056946,0.7305267954686337,qwen4b
0,art,99,identity,lasso,47.0,0.7087224238759475,0.7530012121901055,0.732805625393191,qwen4b
0,art,99,emotion,lasso,3.0,0.6487582101118484,0.7097185800978931,0.7183959409868543,qwen4b
0,art,105,population,lasso,,0.1592851137903941,0.18578657218793243,0.21352234510808024,qwen4b
0,art,105,identity,lasso,29.0,0.16785456959930317,0.2528665059813822,0.24874491493893341,qwen4b
0,art,105,emotion,lasso,1.0,0.02238202113671002,0.21589800913521434,0.25549130698864386,qwen4b
0,art,109,population,lasso,,0.34251817440281135,0.42887608004228045,0.4568664612487268,qwen4b
0,art,109,identity,lasso,21.0,0.2927848258309129,0.4005273306532723,0.3683683567417181,qwen4b
0,art,109,emotion,lasso,2.0,0.20597358070863825,0.3926301790377629,0.4195427582855069,qwen4b
0,art,110,population,lasso,,0.2763035228003196,0.4132633124244953,0.446691635064784,qwen4b
0,art,110,identity,lasso,32.0,0.38292516205818117,0.5205617203258066,0.5020434061629132,qwen4b
0,art,110,emotion,lasso,2.0,0.2994692568773595,0.4242603714718519,0.47694306289102323,qwen4b
0,art,116,population,lasso,,0.3969382516275712,0.6536213557540386,0.6444060893283413,qwen4b
0,art,116,identity,lasso,28.0,0.5381750363509349,0.591467331756535,0.6161244138048119,qwen4b
0,art,116,emotion,lasso,2.0,0.5859054797815046,0.6926809928057815,0.7007702046663121,qwen4b
0,art,117,population,lasso,,0.48184960858842013,0.7650079805487834,0.7478422889876031,qwen4b
0,art,117,identity,lasso,34.0,0.6026403450460059,0.6542586500313805,0.6563614064778992,qwen4b
0,art,117,emotion,lasso,4.0,0.6561602867022497,0.751488822997787,0.7440457588512431,qwen4b
0,art,126,population,lasso,,0.4405219803673302,0.535742366323957,0.5221769204378388,qwen4b
0,art,126,identity,lasso,35.0,0.47285744412278885,0.4885245619581198,0.5056634786613708,qwen4b
0,art,126,emotion,lasso,5.0,0.4190706403610076,0.4853241893994343,0.4962088081253706,qwen4b
0,art,127,population,lasso,,0.29766548913594887,0.5506234476497213,0.5577967153015252,qwen4b
0,art,127,identity,lasso,39.0,0.35727570212393195,0.4680372911222745,0.41147379635918835,qwen4b
0,art,127,emotion,lasso,4.0,0.5612633585978201,0.6893956702638744,0.6820496429033421,qwen4b
0,art,136,population,lasso,,0.3679890860062451,0.3518131011429175,0.38363753330049405,qwen4b
0,art,136,identity,lasso,23.0,0.4124488877896492,0.45196660409747424,0.4964743227990197,qwen4b
0,art,136,emotion,lasso,3.0,0.34031831886042796,0.44133459741440023,0.43448175930387295,qwen4b
0,art,144,population,lasso,,0.16664727990324182,0.642354363632513,0.6432018149515427,qwen4b
0,art,144,identity,lasso,15.0,0.1801517318814226,0.29303207209828513,0.3054363255970929,qwen4b
0,art,144,emotion,lasso,1.0,0.3501689802141812,0.591743276127793,0.6226899085041919,qwen4b
0,fashion,3,population,lasso,,0.246039384205301,0.5031563957339378,0.5486202471184415,qwen4b
0,fashion,3,identity,lasso,59.0,0.300639936026346,0.31779863340595543,0.3616000906072856,qwen4b
0,fashion,3,emotion,lasso,2.0,0.18229407094447253,0.483386882991659,0.5296414940859521,qwen4b
0,fashion,14,population,lasso,,0.16843204781530377,0.41466585714610793,0.4931755444879648,qwen4b
0,fashion,14,identity,lasso,60.0,0.45260894067822915,0.4748228532384791,0.47068510343568865,qwen4b
0,fashion,14,emotion,lasso,2.0,0.33553591923069326,0.49441684625142285,0.5500809313891976,qwen4b
0,fashion,15,population,lasso,,0.029282475435806924,0.03998393019501035,0.07156178762078304,qwen4b
0,fashion,15,identity,lasso,32.0,-0.07002510190420567,-0.12217312004030939,-0.11447605384572364,qwen4b
0,fashion,15,emotion,lasso,0.0,0.0,,,qwen4b
0,fashion,19,population,lasso,,0.29733662689689405,0.475340662216505,0.46950255347645625,qwen4b
0,fashion,19,identity,lasso,47.0,0.41309699936063493,0.4258895247296917,0.48839100677728153,qwen4b
0,fashion,19,emotion,lasso,2.0,0.20329181659566167,0.43038508268303843,0.43713892271576915,qwen4b
0,fashion,21,population,lasso,,0.25020720168871863,0.33298891692257204,0.487189292008128,qwen4b
0,fashion,21,identity,lasso,57.0,0.3428075844512635,0.3533491860046228,0.4210491053460039,qwen4b
0,fashion,21,emotion,lasso,1.0,0.15767624293055796,0.3977072908533587,0.5496529175334207,qwen4b
0,fashion,22,population,lasso,,0.07571567184095558,0.2385741132394804,0.23055363164842566,qwen4b
0,fashion,22,identity,lasso,69.0,0.2119398492185177,0.24924780696766147,0.23579719335755844,qwen4b
0,fashion,22,emotion,lasso,2.0,0.053095165680922075,0.16073900418055292,0.17820400441048356,qwen4b
0,fashion,30,population,lasso,,0.17162587008186958,0.3112645408299495,0.3603650253784342,qwen4b
0,fashion,30,identity,lasso,58.0,0.3347161688276892,0.3473438331104618,0.35953480048389247,qwen4b
0,fashion,30,emotion,lasso,3.0,0.23928906148445142,0.4912639811345137,0.4721567252781936,qwen4b
0,fashion,50,population,lasso,,0.10743408677648006,0.1394021989475354,0.20102667152903442,qwen4b
0,fashion,50,identity,lasso,41.0,0.18280883143075405,0.14301889086986747,0.24264973185247563,qwen4b
0,fashion,50,emotion,lasso,0.0,0.0,,,qwen4b
0,fashion,57,population,lasso,,0.07463864148341672,0.13668598382788072,0.14171687413674036,qwen4b
0,fashion,57,identity,lasso,44.0,0.12607035948179132,0.2673842130771987,0.2020418883965764,qwen4b
0,fashion,57,emotion,lasso,2.0,0.05284667745905863,0.15253288603149073,0.17895176443597047,qwen4b
0,fashion,62,population,lasso,,0.11424403110115795,0.28009623878413836,0.26771468142052746,qwen4b
0,fashion,62,identity,lasso,55.0,0.05164243061267063,-0.014994551298868182,0.06238726969163151,qwen4b
0,fashion,62,emotion,lasso,1.0,0.01571765207897258,0.08778988120195431,0.07560378556954808,qwen4b
0,fashion,63,population,lasso,,0.21591765017061784,0.37008293180843127,0.3803409551677824,qwen4b
0,fashion,63,identity,lasso,52.0,0.12291242258512024,0.19433099698604672,0.15949973068050607,qwen4b
0,fashion,63,emotion,lasso,1.0,0.04474230358788367,0.32553313758803715,0.3465457434368378,qwen4b
0,fashion,79,population,lasso,,0.4388473627942369,0.4332453214316611,0.5682655130258267,qwen4b
0,fashion,79,identity,lasso,39.0,0.42590488304854546,0.43396253019363856,0.4724374193765492,qwen4b
0,fashion,79,emotion,lasso,1.0,0.15799581500356863,0.5127530356165894,0.6095823873884403,qwen4b
0,fashion,80,population,lasso,,0.19788955569918118,0.4120726655436083,0.42855554696134845,qwen4b
0,fashion,80,identity,lasso,63.0,0.5915462208279592,0.6155164233778755,0.6154506066658068,qwen4b
0,fashion,80,emotion,lasso,4.0,0.335768067583197,0.6192829945135424,0.5715800541310023,qwen4b
0,fashion,85,population,lasso,,0.21876487207913087,0.4277533252306316,0.42199936228826035,qwen4b
0,fashion,85,identity,lasso,52.0,0.22720199851864137,0.3183566414791195,0.2523733800776055,qwen4b
0,fashion,85,emotion,lasso,2.0,0.10269805486232222,0.29436312162710243,0.3732306323518768,qwen4b
0,fashion,86,population,lasso,,0.1040360768957865,0.18632461131711445,0.20775226340200914,qwen4b
0,fashion,86,identity,lasso,52.0,0.1525096604566874,0.16230854970803416,0.17716096501609196,qwen4b
0,fashion,86,emotion,lasso,2.0,0.04813446474504969,0.2014847502078463,0.2405022594628349,qwen4b
0,fashion,98,population,lasso,,0.15181165436429783,0.35567404600232067,0.37242216355615126,qwen4b
0,fashion,98,identity,lasso,70.0,0.13051805711688647,0.10401232452096568,0.13653189159392953,qwen4b
0,fashion,98,emotion,lasso,1.0,0.1120785015943859,0.367798181989427,0.3581060780421249,qwen4b
0,fashion,99,population,lasso,,0.3225185738381057,0.6746553787797064,0.6669391951109526,qwen4b
0,fashion,99,identity,lasso,59.0,0.49432477222350896,0.508232873390507,0.5073191214170895,qwen4b
0,fashion,99,emotion,lasso,3.0,0.37598276644748047,0.6289957452728668,0.6370873672727074,qwen4b
0,fashion,105,population,lasso,,0.12540881231099857,0.2790601492978042,0.28882449461706583,qwen4b
0,fashion,105,identity,lasso,58.0,0.24862695326659795,0.300008082044037,0.2583458442593308,qwen4b
0,fashion,105,emotion,lasso,1.0,0.035743082031261135,0.24505923333281335,0.2055183602770091,qwen4b
0,fashion,109,population,lasso,,0.2678572457227532,0.38644126281513036,0.45962157491122396,qwen4b
0,fashion,109,identity,lasso,56.0,0.2651823780362319,0.3458005740165813,0.3268002273125014,qwen4b
0,fashion,109,emotion,lasso,1.0,0.12138194751618843,0.29036302595472024,0.4187089659844048,qwen4b
0,fashion,110,population,lasso,,0.33354172706077273,0.5287516508872528,0.5150291481502576,qwen4b
0,fashion,110,identity,lasso,56.0,0.21598141103197416,0.23499518182978166,0.23449100946632753,qwen4b
0,fashion,110,emotion,lasso,2.0,0.13012367375551565,0.39803776705422944,0.46236207052912776,qwen4b
0,fashion,116,population,lasso,,0.24042417581734182,0.40465891240987506,0.44626137813444294,qwen4b
0,fashion,116,identity,lasso,44.0,0.2781447725634015,0.3355487391936811,0.37708125033105455,qwen4b
0,fashion,116,emotion,lasso,0.0,0.0,,,qwen4b
0,fashion,117,population,lasso,,0.25986116700080647,0.4717461988742353,0.5022250172592332,qwen4b
0,fashion,117,identity,lasso,60.0,0.4267133780566358,0.515673982575075,0.46954790595098495,qwen4b
0,fashion,117,emotion,lasso,3.0,0.22448013011116555,0.44138878313589747,0.4617137035905109,qwen4b
0,fashion,126,population,lasso,,0.2163837818019516,0.2236413397109801,0.40038829312068536,qwen4b
0,fashion,126,identity,lasso,49.0,0.23839781924756848,0.12152586006936275,0.26135225405448104,qwen4b
0,fashion,126,emotion,lasso,1.0,0.07414503823209646,0.2236413397109801,0.4113804299190359,qwen4b
0,fashion,127,population,lasso,,0.08926565278120802,0.27052471329033145,0.27451458693970343,qwen4b
0,fashion,127,identity,lasso,65.0,0.30031182644279947,0.3235784068355571,0.3118526489144644,qwen4b
0,fashion,127,emotion,lasso,1.0,0.1112486228303391,0.1837720995858235,0.22096341079148532,qwen4b
0,fashion,136,population,lasso,,0.23439732041525788,0.4754630797805575,0.5193979205123944,qwen4b
0,fashion,136,identity,lasso,55.0,0.45856465314582356,0.5270713298764249,0.5195205499617319,qwen4b
0,fashion,136,emotion,lasso,2.0,0.11260864025484933,0.4430362230188005,0.47166920057829986,qwen4b
0,fashion,144,population,lasso,,0.14727928324694897,0.4920369974356132,0.48387185985157943,qwen4b
0,fashion,144,identity,lasso,51.0,0.3414031559146099,0.5125131971640833,0.44265283756621027,qwen4b
0,fashion,144,emotion,lasso,2.0,0.2315198992277988,0.5165678901796219,0.5324600553148917,qwen4b
0,landscape,3,population,lasso,,0.26064059622853747,0.3260206711032743,0.384509963631384,qwen4b
0,landscape,3,identity,lasso,39.0,0.19197935026025023,0.2292418145571661,0.19777009661861655,qwen4b
0,landscape,3,emotion,lasso,3.0,0.2134446734366181,0.29212325622071433,0.36417459150019965,qwen4b
0,landscape,14,population,lasso,,0.19976671772177518,0.39944824310973104,0.3874015155787637,qwen4b
0,landscape,14,identity,lasso,37.0,0.3131979098180978,0.42142781781657146,0.40911874153746597,qwen4b
0,landscape,14,emotion,lasso,3.0,0.1973003807410495,0.36266298266286623,0.39545313666006054,qwen4b
0,landscape,15,population,lasso,,0.09565873898191288,0.14162832849883297,0.14606760309952,qwen4b
0,landscape,15,identity,lasso,9.0,0.05180854773720431,0.13282656797065695,0.1374806012752553,qwen4b
0,landscape,15,emotion,lasso,0.0,0.0,,,qwen4b
0,landscape,19,population,lasso,,0.42160076035724053,0.4016722728215208,0.5095479294026478,qwen4b
0,landscape,19,identity,lasso,27.0,0.5385515201170575,0.6257690197286689,0.633464198413111,qwen4b
0,landscape,19,emotion,lasso,3.0,0.526440796739101,0.5190198872206027,0.6625421607304408,qwen4b
0,landscape,21,population,lasso,,0.07113379316169853,0.14387775583924334,0.12483096541800316,qwen4b
0,landscape,21,identity,lasso,32.0,0.34313994017187127,0.35128136956128986,0.3681284896658136,qwen4b
0,landscape,21,emotion,lasso,2.0,0.23711615462029764,0.3683089190968866,0.31715042539305754,qwen4b
0,landscape,22,population,lasso,,0.32432530674593707,0.5055152111178624,0.5132151566905988,qwen4b
0,landscape,22,identity,lasso,45.0,0.495654223497595,0.5284244917297025,0.5523958093635604,qwen4b
0,landscape,22,emotion,lasso,4.0,0.3661357665888279,0.49995849199073505,0.49541896689397286,qwen4b
0,landscape,30,population,lasso,,0.2645500181824413,0.6042561841324064,0.669109104187542,qwen4b
0,landscape,30,identity,lasso,44.0,0.4681984822161986,0.4302703539243647,0.5492061423352038,qwen4b
0,landscape,30,emotion,lasso,2.0,0.4572636617098169,0.6203363900241943,0.7237219714318714,qwen4b
0,landscape,50,population,lasso,,0.3692230438229534,0.34510102586555197,0.40289575390202964,qwen4b
0,landscape,50,identity,lasso,17.0,0.4282607169074539,0.36010541829448905,0.47612030472424177,qwen4b
0,landscape,50,emotion,lasso,1.0,0.35164267728845755,0.4143686152865947,0.43331227846546605,qwen4b
0,landscape,57,population,lasso,,0.08024395178845044,0.092460692832139,0.08998770831643763,qwen4b
0,landscape,57,identity,lasso,18.0,0.1302125430765646,0.13907909475813632,0.17669431381274056,qwen4b
0,landscape,57,emotion,lasso,2.0,0.05599045961696144,0.12464342978882081,0.11898880706472216,qwen4b
0,landscape,62,population,lasso,,0.44831975061239626,0.7204940590361407,0.7160237021634309,qwen4b
0,landscape,62,identity,lasso,39.0,0.504149461480861,0.5013990658441727,0.5352874852980817,qwen4b
0,landscape,62,emotion,lasso,4.0,0.2875476262594013,0.5704718806631419,0.5281537197910549,qwen4b
0,landscape,63,population,lasso,,0.10196011685125304,0.14412423415500877,0.13454464117207096,qwen4b
0,landscape,63,identity,lasso,29.0,-0.025449152988469722,-0.034881268574625646,-0.03945774236799653,qwen4b
0,landscape,63,emotion,lasso,2.0,0.0014502780499781932,0.0071829575287006885,0.03092246414217723,qwen4b
0,landscape,80,population,lasso,,0.3737067101551209,0.581369047799682,0.6031097154255097,qwen4b
0,landscape,80,identity,lasso,34.0,0.5469217818733433,0.6324365674502084,0.596546384473788,qwen4b
0,landscape,80,emotion,lasso,6.0,0.5193124566569354,0.6632918948107559,0.6591912898407851,qwen4b
0,landscape,85,population,lasso,,0.16285459838771138,0.2514592968446725,0.21484104303962726,qwen4b
0,landscape,85,identity,lasso,27.0,0.5352307903738962,0.6241667892966278,0.6178430380848741,qwen4b
0,landscape,85,emotion,lasso,4.0,0.4472991000786693,0.6164487316707022,0.5996986998512202,qwen4b
0,landscape,86,population,lasso,,0.49444282310579973,0.645720982703781,0.6401155797617173,qwen4b
0,landscape,86,identity,lasso,24.0,0.3363649023751177,0.6021355864312807,0.5182853177581256,qwen4b
0,landscape,86,emotion,lasso,3.0,0.31332384788344236,0.5992606957466399,0.5931908751528924,qwen4b
0,landscape,98,population,lasso,,0.24687929114608873,0.5216708816387596,0.5287616286779521,qwen4b
0,landscape,98,identity,lasso,34.0,0.2672356751937142,0.3406396073674944,0.3075908120399096,qwen4b
0,landscape,98,emotion,lasso,3.0,0.23364720931093544,0.5651104713655076,0.556803521881579,qwen4b
0,landscape,99,population,lasso,,0.4322046619380741,0.6272061840802801,0.6064821654923951,qwen4b
0,landscape,99,identity,lasso,34.0,0.5360752677716845,0.6232950066910508,0.6337673487027266,qwen4b
0,landscape,99,emotion,lasso,5.0,0.42277454086997174,0.606623613069461,0.557858927811526,qwen4b
0,landscape,105,population,lasso,,0.23103175821042468,0.35932481766423774,0.3635054414413896,qwen4b
0,landscape,105,identity,lasso,36.0,0.14096405844202947,0.24171836390539103,0.24936605294056505,qwen4b
0,landscape,105,emotion,lasso,3.0,0.14524993870165934,0.2869516153511013,0.401303098402798,qwen4b
0,landscape,109,population,lasso,,0.40118865566232614,0.5419171297833036,0.5597712464617833,qwen4b
0,landscape,109,identity,lasso,22.0,0.32850693231792666,0.5048782031497225,0.5496345250607221,qwen4b
0,landscape,109,emotion,lasso,3.0,0.16982548514909068,0.47982245866230006,0.4868197222589176,qwen4b
0,landscape,110,population,lasso,,0.5274188260973036,0.6240043302530625,0.5984375448207159,qwen4b
0,landscape,110,identity,lasso,25.0,0.5007913635358687,0.6287411797276476,0.590181299690734,qwen4b
0,landscape,110,emotion,lasso,4.0,0.5535544945809161,0.7103762451407106,0.6771229348577144,qwen4b
0,landscape,116,population,lasso,,0.16413812812374015,0.37625182947568986,0.3982307803145312,qwen4b
0,landscape,116,identity,lasso,23.0,0.2329818318880758,0.23860374886624353,0.254459013449179,qwen4b
0,landscape,116,emotion,lasso,3.0,0.1313511133107337,0.23252270299881012,0.2313344471908679,qwen4b
0,landscape,117,population,lasso,,0.44268165321331854,0.5277622562042003,0.5213721829909862,qwen4b
0,landscape,117,identity,lasso,31.0,0.36639847545441806,0.46004479298343,0.45582458440341933,qwen4b
0,landscape,117,emotion,lasso,3.0,0.39608393947074666,0.47952239417807774,0.4820586706151527,qwen4b
0,landscape,126,population,lasso,,0.2829576550944019,0.44248080123682626,0.4623896871467292,qwen4b
0,landscape,126,identity,lasso,30.0,0.46107941170253675,0.5348625895425081,0.5706837698627754,qwen4b
0,landscape,126,emotion,lasso,4.0,0.29583728108816104,0.4765781686677603,0.4764641077948559,qwen4b
0,landscape,127,population,lasso,,0.2803461582557454,0.43789959931417655,0.4367638205033777,qwen4b
0,landscape,127,identity,lasso,42.0,0.3251313017433837,0.2972613823877548,0.344126278191164,qwen4b
0,landscape,127,emotion,lasso,3.0,0.3939915936722118,0.4126267601932311,0.42834181588353787,qwen4b
0,landscape,136,population,lasso,,0.3434648562813153,0.4255528521578341,0.4842457974149567,qwen4b
0,landscape,136,identity,lasso,25.0,0.08144508761665194,0.08789895102696454,0.11214746251322881,qwen4b
0,landscape,136,emotion,lasso,2.0,0.19790738878789563,0.39077305118298056,0.41765119236744297,qwen4b
0,landscape,144,population,lasso,,0.2643498856748957,0.5653685610223933,0.5715342255467573,qwen4b
0,landscape,144,identity,lasso,21.0,0.47074645485392463,0.5500224726168335,0.531834638150451,qwen4b
0,landscape,144,emotion,lasso,2.0,0.4930918179834259,0.542971567133198,0.5615513153223431,qwen4b
1,art,5,population,lasso,,0.056404970678559554,0.05474008311216929,0.10382292374813376,qwen4b
1,art,5,identity,lasso,19.0,0.18935829739583238,0.2764655834636127,0.2932407676221859,qwen4b
1,art,5,emotion,lasso,7.0,0.13685577865182313,0.22346653199392588,0.23562706436864111,qwen4b
1,art,6,population,lasso,,0.44333170656907367,0.6776272122905845,0.663180791294978,qwen4b
1,art,6,identity,lasso,31.0,0.44703758311176095,0.49528116995455307,0.4851490186020044,qwen4b
1,art,6,emotion,lasso,7.0,0.7271008562132902,0.753118573542089,0.7393871408109638,qwen4b
1,art,16,population,lasso,,0.2590666059066547,0.43590957280084197,0.4395864135463569,qwen4b
1,art,16,identity,lasso,39.0,0.39876444738400263,0.39178719684907354,0.4120546548907599,qwen4b
1,art,16,emotion,lasso,7.0,0.4290484016908218,0.4633580785034338,0.48493756427161855,qwen4b
1,art,17,population,lasso,,0.12783769059521075,0.18770594474664284,0.16821408858761855,qwen4b
1,art,17,identity,lasso,35.0,0.2233707526477205,0.24102759161947937,0.23881867535004056,qwen4b
1,art,17,emotion,lasso,7.0,0.10695299437470875,0.1201455523921096,0.14759360831024268,qwen4b
1,art,23,population,lasso,,0.05928155613177405,0.11797225597495006,0.08869427801903342,qwen4b
1,art,23,identity,lasso,38.0,0.3637946242737202,0.5247476817709292,0.47450666229147676,qwen4b
1,art,23,emotion,lasso,7.0,0.16097142270264672,0.24765806928074627,0.2555019790517515,qwen4b
1,art,35,population,lasso,,0.06809403095055498,0.11654329636879013,0.08532673181671138,qwen4b
1,art,35,identity,lasso,18.0,0.1423184178815711,0.21301988025905425,0.19641741414791722,qwen4b
1,art,35,emotion,lasso,7.0,-0.10999921079248118,-0.15797975460366856,-0.1698788236258195,qwen4b
1,art,39,population,lasso,,0.5477427633683126,0.7607120233320528,0.7668633016769348,qwen4b
1,art,39,identity,lasso,38.0,0.6583504649556092,0.7345455120408916,0.6992907678956974,qwen4b
1,art,39,emotion,lasso,7.0,0.725721841258945,0.7419791800213351,0.7450568906575538,qwen4b
1,art,44,population,lasso,,0.3407409856049068,0.6482335295984248,0.6215360615800818,qwen4b
1,art,44,identity,lasso,19.0,0.5737182912536877,0.6219659622134933,0.6153550655952086,qwen4b
1,art,44,emotion,lasso,7.0,0.6173869134014336,0.68680932855801,0.6359787309812311,qwen4b
1,art,51,population,lasso,,0.36675527586955153,0.5941836476532152,0.6006627179904451,qwen4b
1,art,51,identity,lasso,37.0,0.3905504142122695,0.509669297310284,0.47793954531408417,qwen4b
1,art,51,emotion,lasso,7.0,0.46897089501061723,0.5805853179267574,0.5509458763078394,qwen4b
1,art,64,population,lasso,,0.241141293803025,0.35123806218724063,0.37382300685048064,qwen4b
1,art,64,identity,lasso,28.0,0.13204248654843367,0.15737289799298448,0.16347232840734732,qwen4b
1,art,64,emotion,lasso,7.0,0.23994624901605438,0.28048471453885104,0.2734102602515332,qwen4b
1,art,69,population,lasso,,0.32604094593265753,0.36368638920671753,0.379197959069677,qwen4b
1,art,69,identity,lasso,29.0,0.18816679091509442,0.23430761712144543,0.21605910590807936,qwen4b
1,art,69,emotion,lasso,7.0,0.2502997493055379,0.2526325111110164,0.26545697219180003,qwen4b
1,art,81,population,lasso,,0.34823544106222065,0.3585458252978164,0.4452540333994825,qwen4b
1,art,81,identity,lasso,21.0,0.3366603879211798,0.4618119698647643,0.5024314099204099,qwen4b
1,art,81,emotion,lasso,6.0,0.4256539530049599,0.4656251907719271,0.4977922674930699,qwen4b
1,art,92,population,lasso,,0.34788773749059576,0.46265838709778634,0.4854467901308372,qwen4b
1,art,92,identity,lasso,33.0,0.455063825000034,0.4925627553574501,0.4834031119741511,qwen4b
1,art,92,emotion,lasso,7.0,0.4450145739893005,0.4897147202851012,0.48330912767727957,qwen4b
1,art,100,population,lasso,,0.3557848468646964,0.5821934718759412,0.6058860337275386,qwen4b
1,art,100,identity,lasso,33.0,0.5496301210147615,0.5577093973257263,0.6284878325892516,qwen4b
1,art,100,emotion,lasso,7.0,0.5496426427527314,0.5730865904883612,0.6144483798487732,qwen4b
1,art,101,population,lasso,,0.4755643637444557,0.6403488794360854,0.6312259248172625,qwen4b
1,art,101,identity,lasso,26.0,0.4648250922871425,0.5638770389384213,0.5368318068361174,qwen4b
1,art,101,emotion,lasso,6.0,0.5565322242055039,0.6274493955886973,0.6364409035870862,qwen4b
1,art,106,population,lasso,,0.37617415769310947,0.4046773726929,0.43548801068191334,qwen4b
1,art,106,identity,lasso,23.0,0.17717800400875736,0.2799556450421595,0.21211720146299326,qwen4b
1,art,106,emotion,lasso,7.0,0.326298333840061,0.3552022352786757,0.36224536750059044,qwen4b
1,art,111,population,lasso,,0.46820476389439447,0.6554662921714087,0.6567581630535215,qwen4b
1,art,111,identity,lasso,34.0,0.5574639523382314,0.622102467389711,0.622998460710721,qwen4b
1,art,111,emotion,lasso,7.0,0.5553047080054963,0.6811042755213564,0.6535136043708785,qwen4b
1,art,118,population,lasso,,0.5170713631785288,0.6686203584293933,0.6710475838238935,qwen4b
1,art,118,identity,lasso,30.0,0.5126916310511629,0.5482716839412825,0.5667654091865825,qwen4b
1,art,118,emotion,lasso,7.0,0.5935713752739172,0.6750987549856892,0.6708950345911802,qwen4b
1,art,119,population,lasso,,0.299477559721375,0.568287055547998,0.6013524987951231,qwen4b
1,art,119,identity,lasso,32.0,0.5176462552354304,0.5485214043687027,0.560324066356437,qwen4b
1,art,119,emotion,lasso,7.0,0.5629985111939417,0.5967063251540495,0.6023357884699719,qwen4b
1,art,128,population,lasso,,0.3961193593084666,0.4718375286853084,0.45403607303793564,qwen4b
1,art,128,identity,lasso,22.0,0.29826336574508544,0.5556662767420332,0.4453534858036946,qwen4b
1,art,128,emotion,lasso,6.0,0.31940338400121987,0.6377402364124028,0.5736407546965536,qwen4b
1,art,129,population,lasso,,0.22214035293927512,0.3230013005596362,0.32909670686574044,qwen4b
1,art,129,identity,lasso,29.0,0.21637631859829784,0.26735294848248276,0.3087991879417388,qwen4b
1,art,129,emotion,lasso,7.0,0.17948125093387954,0.21722427064201727,0.23255937008663966,qwen4b
1,art,137,population,lasso,,0.48821833387409064,0.522813507927738,0.5602989789029355,qwen4b
1,art,137,identity,lasso,29.0,0.33720633290096946,0.39480724449327603,0.38892495547464123,qwen4b
1,art,137,emotion,lasso,7.0,0.4339834824619034,0.48492847112138016,0.4878035969486792,qwen4b
1,fashion,5,population,lasso,,0.051049707547932505,0.05378988391999739,0.09716004772644087,qwen4b
1,fashion,5,identity,lasso,5.0,0.05761638334451261,0.0935986670592018,0.19722924673692152,qwen4b
1,fashion,5,emotion,lasso,6.0,0.0957538555490544,0.1614763777201509,0.16913377062333354,qwen4b
1,fashion,6,population,lasso,,0.3009813924683032,0.487268851148667,0.491866273831223,qwen4b
1,fashion,6,identity,lasso,16.0,0.20079909748997393,0.4083757907390456,0.4161192782137545,qwen4b
1,fashion,6,emotion,lasso,7.0,0.46008101901019643,0.5881073395652932,0.5452889031014806,qwen4b
1,fashion,16,population,lasso,,0.1035863749779091,0.23530317365369688,0.1958879232015745,qwen4b
1,fashion,16,identity,lasso,24.0,0.11526489223255504,0.11316032293138369,0.14578357251927979,qwen4b
1,fashion,16,emotion,lasso,7.0,0.23751163541047815,0.2674254741234339,0.2720005697292851,qwen4b
1,fashion,17,population,lasso,,0.05666258534720652,0.05033215246658147,0.08287246866268132,qwen4b
1,fashion,17,identity,lasso,18.0,0.11924703368860595,0.19128332733623085,0.17253541320052482,qwen4b
1,fashion,17,emotion,lasso,7.0,0.3024439468249166,0.22538441803050088,0.31833580184039717,qwen4b
1,fashion,23,population,lasso,,0.2526302964968422,0.536164732174273,0.5163351470657324,qwen4b
1,fashion,23,identity,lasso,30.0,0.2897282777476488,0.42050105753695394,0.3756483533877705,qwen4b
1,fashion,23,emotion,lasso,7.0,0.44536475917701707,0.5234939886185224,0.49471356905722336,qwen4b
1,fashion,35,population,lasso,,0.20090163734413333,0.30586506190652174,0.27450381930241174,qwen4b
1,fashion,35,identity,lasso,10.0,0.07113761015454262,0.2198130236810869,0.19575005061534823,qwen4b
1,fashion,35,emotion,lasso,7.0,0.1765310459231804,0.26462424743528207,0.28534425745859493,qwen4b
1,fashion,39,population,lasso,,0.25636525316695824,0.3536985198831292,0.4073536950484753,qwen4b
1,fashion,39,identity,lasso,15.0,0.2566614572879706,0.3727727075795867,0.3810701908540892,qwen4b
1,fashion,39,emotion,lasso,6.0,0.4009621650781974,0.43735460292979716,0.44235198996300334,qwen4b
1,fashion,44,population,lasso,,0.1647012676304726,0.4269525786030769,0.36355676728838393,qwen4b
1,fashion,44,identity,lasso,8.0,0.061214803006517264,0.19804549960094853,0.14963348645975139,qwen4b
1,fashion,44,emotion,lasso,7.0,0.25528843317913485,0.37136085941684566,0.32670622733624605,qwen4b
1,fashion,51,population,lasso,,0.18717909398951166,0.40801972958123645,0.4306212152999629,qwen4b
1,fashion,51,identity,lasso,16.0,0.2741529652064556,0.3769742153685559,0.36882524630512215,qwen4b
1,fashion,51,emotion,lasso,7.0,0.34392931885915357,0.4388684418020776,0.4604113163696044,qwen4b
1,fashion,64,population,lasso,,0.04177337370410176,0.20503626169794198,0.16883769308401084,qwen4b
1,fashion,64,identity,lasso,11.0,-0.016973913384603113,-0.04086904783001829,-0.06655884453608134,qwen4b
1,fashion,64,emotion,lasso,7.0,0.02975586499826832,0.15918197977271614,0.09543841539696254,qwen4b
1,fashion,69,population,lasso,,0.23794661113107876,0.3277886780638058,0.30138700370949545,qwen4b
1,fashion,69,identity,lasso,7.0,0.07352287446507427,0.12403377778363549,0.15047394935758215,qwen4b
1,fashion,69,emotion,lasso,6.0,0.24483683059167385,0.3026903233653539,0.29169165654854995,qwen4b
1,fashion,81,population,lasso,,0.19276836165969433,0.4081324878538272,0.3713244174455457,qwen4b
1,fashion,81,identity,lasso,8.0,0.07448712953827676,0.26788639963557126,0.3104390529438854,qwen4b
1,fashion,81,emotion,lasso,4.0,0.23637575939518085,0.3396465576149512,0.3344033778139269,qwen4b
1,fashion,92,population,lasso,,0.14705716699689497,0.33747143905844307,0.33320101666384727,qwen4b
1,fashion,92,identity,lasso,11.0,0.17275002159870556,0.24899759601184626,0.31814363637153525,qwen4b
1,fashion,92,emotion,lasso,6.0,0.17764334632085474,0.19951040078371332,0.26417237900832663,qwen4b
1,fashion,100,population,lasso,,0.19569488663800325,0.5538697753405024,0.5319650202151067,qwen4b
1,fashion,100,identity,lasso,16.0,0.35503782973717807,0.4640790317813288,0.47834360316840163,qwen4b
1,fashion,100,emotion,lasso,6.0,0.471875832614824,0.6184685243687079,0.5823316522364487,qwen4b
1,fashion,101,population,lasso,,0.18059607370255998,0.2321108307034505,0.2614274251299478,qwen4b
1,fashion,101,identity,lasso,10.0,0.0595617616075653,0.12963583900839948,0.16120839364744427,qwen4b
1,fashion,101,emotion,lasso,6.0,0.15549833309046707,0.1841565142014946,0.1988182369929159,qwen4b
1,fashion,106,population,lasso,,0.07922801452399156,0.21330024858265637,0.2636304901671693,qwen4b
1,fashion,106,identity,lasso,10.0,0.13577270041379483,0.37850774800680154,0.3278100490889848,qwen4b
1,fashion,106,emotion,lasso,7.0,0.10450886243728759,0.12285421415697885,0.1709613172871295,qwen4b
1,fashion,111,population,lasso,,0.1471910268617695,0.2826855159206204,0.2512479660835165,qwen4b
1,fashion,111,identity,lasso,11.0,0.2840275483392141,0.4905251794675392,0.5287607046294404,qwen4b
1,fashion,111,emotion,lasso,6.0,0.38075351760717685,0.5130673357926895,0.5023891764331393,qwen4b
1,fashion,118,population,lasso,,0.12549311632049895,0.23596876049126816,0.20289840156141242,qwen4b
1,fashion,118,identity,lasso,18.0,0.28234030160039525,0.484724737997186,0.44203686275344034,qwen4b
1,fashion,118,emotion,lasso,7.0,0.3167531561565747,0.4610832553770779,0.44932744801742425,qwen4b
1,fashion,119,population,lasso,,0.18244510582914036,0.46331808716161105,0.48680229893332844,qwen4b
1,fashion,119,identity,lasso,12.0,0.2751268324030655,0.4889682379986616,0.5107566194076082,qwen4b
1,fashion,119,emotion,lasso,7.0,0.3900835059941665,0.48705916188674375,0.46966615759249586,qwen4b
1,fashion,128,population,lasso,,0.4204184508055806,0.5857252307992297,0.5629927498476984,qwen4b
1,fashion,128,identity,lasso,16.0,0.40855948030316336,0.5706926879403893,0.5575841635483316,qwen4b
1,fashion,128,emotion,lasso,6.0,0.47414777099573807,0.5271774322963773,0.5120450910691515,qwen4b
1,fashion,129,population,lasso,,0.12352431157720349,0.2695521883258255,0.29204695478573706,qwen4b
1,fashion,129,identity,lasso,10.0,-0.07926199650401224,-0.20701688108616664,-0.2712170650392466,qwen4b
1,fashion,129,emotion,lasso,6.0,0.05400368044783618,0.10590979634108622,0.09721052678596942,qwen4b
1,fashion,137,population,lasso,,0.07540037592535197,0.08990865068387077,0.14201376549306682,qwen4b
1,fashion,137,identity,lasso,8.0,-0.008627112850601113,-0.0531930652092246,-0.037766697477142105,qwen4b
1,fashion,137,emotion,lasso,7.0,0.07637334750581044,0.10529752815370225,0.1319404837380464,qwen4b
1,landscape,5,population,lasso,,0.30257147351843994,0.4443606960158643,0.4618902313286589,qwen4b
1,landscape,5,identity,lasso,20.0,0.46981294013817587,0.7188882751498271,0.6515573225087617,qwen4b
1,landscape,5,emotion,lasso,3.0,0.31598707285060684,0.7101038035869703,0.6722657237462166,qwen4b
1,landscape,6,population,lasso,,0.3666396658730244,0.5933662632710938,0.6064271846914002,qwen4b
1,landscape,6,identity,lasso,36.0,0.483682569449446,0.6066296866574001,0.5526881593947571,qwen4b
1,landscape,6,emotion,lasso,4.0,0.4209826153470505,0.5501864515801185,0.5640708923600908,qwen4b
1,landscape,16,population,lasso,,0.22477215983092216,0.44513453127605357,0.4010310729127033,qwen4b
1,landscape,16,identity,lasso,45.0,0.36901871512416556,0.4094217322051954,0.3801634217896706,qwen4b
1,landscape,16,emotion,lasso,4.0,0.29724147478558205,0.3970105534072186,0.37068300802678733,qwen4b
1,landscape,17,population,lasso,,0.07678616576148942,0.12688213362390507,0.09706921678082533,qwen4b
1,landscape,17,identity,lasso,32.0,0.204906580023913,0.16846624875620467,0.2350858122663773,qwen4b
1,landscape,17,emotion,lasso,2.0,0.1490040641296054,0.26260288838988666,0.30636765578092984,qwen4b
1,landscape,23,population,lasso,,0.38819137021537875,0.7568010076491876,0.7423029579202822,qwen4b
1,landscape,23,identity,lasso,39.0,0.635471073776717,0.7538759844297241,0.733774472835614,qwen4b
1,landscape,23,emotion,lasso,2.0,0.4960695057781986,0.6900617278584289,0.6870996922517884,qwen4b
1,landscape,35,population,lasso,,0.32839721849869463,0.3861602332016387,0.40746010629202656,qwen4b
1,landscape,35,identity,lasso,23.0,0.0381745933084709,0.14000452667030935,0.0804833731134362,qwen4b
1,landscape,35,emotion,lasso,3.0,0.09828626828756351,0.2842974802836732,0.3039417841005625,qwen4b
1,landscape,39,population,lasso,,0.4135378000217502,0.691834326328639,0.6908394603702208,qwen4b
1,landscape,39,identity,lasso,36.0,0.5637409223515215,0.643856979859559,0.5914274085786436,qwen4b
1,landscape,39,emotion,lasso,3.0,0.5929557160486275,0.7015882347439213,0.6707780447717469,qwen4b
1,landscape,44,population,lasso,,0.3576728541009066,0.5815191291180711,0.5403859415029242,qwen4b
1,landscape,44,identity,lasso,22.0,0.12542711581292032,0.18689524404774924,0.1806778920883725,qwen4b
1,landscape,44,emotion,lasso,3.0,0.30486428190126713,0.4733166194062162,0.42049256073485936,qwen4b
1,landscape,51,population,lasso,,0.3795099463523624,0.7354496362666483,0.7244254048619868,qwen4b
1,landscape,51,identity,lasso,43.0,0.5487205338927396,0.6614861952764866,0.6729423127353678,qwen4b
1,landscape,51,emotion,lasso,3.0,0.4657490338260093,0.7021174276625293,0.6896663710753683,qwen4b
1,landscape,64,population,lasso,,0.1404353298433277,0.2963212358045962,0.2705149303778715,qwen4b
1,landscape,64,identity,lasso,32.0,0.24117933549982493,0.2983464351158128,0.30330593181139265,qwen4b
1,landscape,64,emotion,lasso,2.0,0.18833002240289384,0.31677080933736884,0.30540245515845443,qwen4b
1,landscape,69,population,lasso,,0.1790806474070883,0.23639587270797657,0.19794162495810588,qwen4b
1,landscape,69,identity,lasso,33.0,0.3245036901682845,0.2906996131095306,0.41116474378116125,qwen4b
1,landscape,69,emotion,lasso,3.0,0.09114753224293998,0.28649904418750916,0.3222762656788625,qwen4b
1,landscape,81,population,lasso,,0.3197018583702607,0.429963477623093,0.384124980277315,qwen4b
1,landscape,81,identity,lasso,13.0,0.20917803944189634,0.47024172845829215,0.42767519783241803,qwen4b
1,landscape,81,emotion,lasso,3.0,0.16094730824034148,0.4611448718070771,0.3959562997660305,qwen4b
1,landscape,92,population,lasso,,0.32823439168807494,0.48179462160292513,0.5021697459668634,qwen4b
1,landscape,92,identity,lasso,30.0,0.3897856515986927,0.41866084576775026,0.5173772677227207,qwen4b
1,landscape,92,emotion,lasso,3.0,0.3054040162849105,0.5063188968680128,0.5204393980789513,qwen4b
1,landscape,100,population,lasso,,0.3144166978878507,0.563799961004577,0.5354567930774574,qwen4b
1,landscape,100,identity,lasso,34.0,0.5062483138526843,0.6081488285191544,0.6186595125156321,qwen4b
1,landscape,100,emotion,lasso,4.0,0.41017379044559127,0.563050824728993,0.5642066102185563,qwen4b
1,landscape,101,population,lasso,,0.17415679920666624,0.21462923691599375,0.251664744935606,qwen4b
1,landscape,101,identity,lasso,26.0,0.2668581642617506,0.36298413688231773,0.4215399725402356,qwen4b
1,landscape,101,emotion,lasso,2.0,0.2278876494413184,0.3769098794622329,0.41699969165589057,qwen4b
1,landscape,106,population,lasso,,0.369205227592151,0.5581573981263431,0.54826946939986,qwen4b
1,landscape,106,identity,lasso,37.0,0.3854911429980155,0.5144492584894541,0.4836754557927859,qwen4b
1,landscape,106,emotion,lasso,2.0,0.26573828459457177,0.42921096125873726,0.4235557880768121,qwen4b
1,landscape,111,population,lasso,,0.27140800259738185,0.39329960936873787,0.407597575771486,qwen4b
1,landscape,111,identity,lasso,25.0,0.5346230611629059,0.6228228048261695,0.628544266351884,qwen4b
1,landscape,111,emotion,lasso,3.0,0.2910165825073694,0.46022747082287746,0.5302764633733292,qwen4b
1,landscape,118,population,lasso,,0.30501836153423445,0.47752417769028027,0.4621761681036594,qwen4b
1,landscape,118,identity,lasso,33.0,0.43465428006383044,0.5589288310656956,0.5161573982343431,qwen4b
1,landscape,118,emotion,lasso,3.0,0.474587659846701,0.5483736099552442,0.5369246439036048,qwen4b
1,landscape,119,population,lasso,,0.4289549016836164,0.764169450805252,0.7753936832634684,qwen4b
1,landscape,119,identity,lasso,43.0,0.5577066482780106,0.5384125909119147,0.5908447046011319,qwen4b
1,landscape,119,emotion,lasso,4.0,0.6396398652300723,0.7223218377518529,0.7205979111739641,qwen4b
1,landscape,128,population,lasso,,0.3454978661973369,0.461025997539052,0.4188419674550286,qwen4b
1,landscape,128,identity,lasso,26.0,0.16618933528759727,0.3265474852514313,0.32184308972905135,qwen4b
1,landscape,128,emotion,lasso,2.0,0.16039982362170277,0.4349767690442225,0.3930306961076904,qwen4b
1,landscape,129,population,lasso,,0.4081048608730871,0.520553578211772,0.5720571437615662,qwen4b
1,landscape,129,identity,lasso,20.0,0.41354835373144383,0.5691126806568999,0.6125821258308747,qwen4b
1,landscape,129,emotion,lasso,2.0,0.31247486862415347,0.494804802863945,0.5568807642376308,qwen4b
1,landscape,137,population,lasso,,0.3546454990853838,0.507117820452637,0.5501167303722543,qwen4b
1,landscape,137,identity,lasso,34.0,0.383059054428429,0.4265866764567316,0.4631502002880078,qwen4b
1,landscape,137,emotion,lasso,4.0,0.4518751584789968,0.47722894949977934,0.5248694828213065,qwen4b
2,art,7,population,lasso,,0.187398853700904,0.1267410272485049,0.2183650012467246,qwen4b
2,art,7,identity,lasso,32.0,0.3681878394735629,0.3775950401006905,0.38841273863046233,qwen4b
2,art,7,emotion,lasso,4.0,0.30551590908274856,0.35880206305562656,0.35541116509352866,qwen4b
2,art,8,population,lasso,,0.34197899161446843,0.6079765494732076,0.6445773686532125,qwen4b
2,art,8,identity,lasso,29.0,0.5917803433128662,0.6248899028747018,0.6685078996613646,qwen4b
2,art,8,emotion,lasso,3.0,0.5336535058624483,0.6139334538158723,0.5946593216566924,qwen4b
2,art,40,population,lasso,,0.19226895673154223,0.36664380240982153,0.3334078318621212,qwen4b
2,art,40,identity,lasso,30.0,0.31281502725399973,0.35592176520659635,0.3725479185128737,qwen4b
2,art,40,emotion,lasso,5.0,0.2575857876318578,0.32894212740685297,0.29972417352574954,qwen4b
2,art,41,population,lasso,,0.42584909951680244,0.681585730762901,0.6895663899630852,qwen4b
2,art,41,identity,lasso,41.0,0.64563655436156,0.6974885872708901,0.6711465024720809,qwen4b
2,art,41,emotion,lasso,3.0,0.5163883981098607,0.5190556192959287,0.5629702132111201,qwen4b
2,art,45,population,lasso,,0.009255856364826306,0.03703582197170072,0.012151924174538021,qwen4b
2,art,45,identity,lasso,32.0,0.11831742396079889,0.14110385505813922,0.15309499700170756,qwen4b
2,art,45,emotion,lasso,4.0,0.07710396041254344,0.21412483738532218,0.12053256324602366,qwen4b
2,art,46,population,lasso,,0.02873862987441181,0.0260379379209301,0.040185852822596645,qwen4b
2,art,46,identity,lasso,25.0,0.1264004763179864,0.15892296094317687,0.18367890007932589,qwen4b
2,art,46,emotion,lasso,2.0,-0.01022156886814624,-0.007272314692759773,-0.03423950021091698,qwen4b
2,art,52,population,lasso,,0.44034227993632025,0.6283148493173163,0.612216875726179,qwen4b
2,art,52,identity,lasso,33.0,0.45067499544704603,0.5094257909206406,0.5452353494553004,qwen4b
2,art,52,emotion,lasso,2.0,0.42240477676057553,0.6166629316339213,0.579230815592963,qwen4b
2,art,58,population,lasso,,0.46065145069247104,0.6960008468185124,0.706912932572291,qwen4b
2,art,58,identity,lasso,28.0,0.46572386623435413,0.5159362845719,0.5376700864602032,qwen4b
2,art,58,emotion,lasso,5.0,0.44757029607315546,0.5372474435615454,0.5569013025147773,qwen4b
2,art,65,population,lasso,,0.5278888424792936,0.6868913450050779,0.6797112442847738,qwen4b
2,art,65,identity,lasso,35.0,0.451697771306647,0.5629177515114223,0.5171589313996326,qwen4b
2,art,65,emotion,lasso,3.0,0.5299916322314071,0.6325945472205002,0.6327976027394425,qwen4b
2,art,66,population,lasso,,0.28634385200355855,0.44845319399728933,0.42187439613720207,qwen4b
2,art,66,identity,lasso,27.0,0.4230429990053243,0.4951650324655187,0.49892764286647706,qwen4b
2,art,66,emotion,lasso,4.0,0.42516267035214134,0.5969440696300811,0.5644967869262526,qwen4b
2,art,74,population,lasso,,0.4569018514763233,0.5244864609704697,0.535453232511365,qwen4b
2,art,74,identity,lasso,22.0,0.4357579903114568,0.5405829764520262,0.5510039645238567,qwen4b
2,art,74,emotion,lasso,3.0,0.36391200114376165,0.4598504531516728,0.4772990413179327,qwen4b
2,art,83,population,lasso,,0.636916438709325,0.6756493876558782,0.6591209411960915,qwen4b
2,art,83,identity,lasso,15.0,0.2076972839579762,0.2961481344654805,0.2967294500730022,qwen4b
2,art,83,emotion,lasso,2.0,0.1619652805274075,0.6580005119427983,0.6435117028412319,qwen4b
2,art,87,population,lasso,,0.344983321753405,0.6485383738273214,0.6424317363994052,qwen4b
2,art,87,identity,lasso,31.0,0.6890624629211457,0.730733648671135,0.713782930384728,qwen4b
2,art,87,emotion,lasso,3.0,0.5729425871901581,0.6476065658189488,0.6407514890121165,qwen4b
2,art,93,population,lasso,,0.46004762727590903,0.6401396944281547,0.6255698392041138,qwen4b
2,art,93,identity,lasso,31.0,0.5085502124309377,0.5252478684640507,0.54140895833492,qwen4b
2,art,93,emotion,lasso,6.0,0.6203483460933376,0.6878760928069072,0.6762449267954439,qwen4b
2,art,94,population,lasso,,0.40683799790921316,0.7442964496643197,0.7413153701036874,qwen4b
2,art,94,identity,lasso,36.0,0.6211423021865404,0.6761772076729301,0.6683008382631829,qwen4b
2,art,94,emotion,lasso,4.0,0.6512471155591271,0.6970658101134635,0.6954370132137171,qwen4b
2,art,102,population,lasso,,0.17655128565924255,0.2372434988854104,0.2485015452133318,qwen4b
2,art,102,identity,lasso,44.0,0.2016908006576237,0.18472129302209922,0.2369131868608664,qwen4b
2,art,102,emotion,lasso,5.0,0.18788867566384676,0.26568889015164604,0.25621680683482234,qwen4b
2,art,112,population,lasso,,0.3994696840215612,0.41279014906534245,0.4361277652162207,qwen4b
2,art,112,identity,lasso,20.0,0.4348354381241988,0.5778222762682358,0.567584003483731,qwen4b
2,art,112,emotion,lasso,2.0,0.3438149893919028,0.5084731115631419,0.5285807610061288,qwen4b
2,art,113,population,lasso,,0.35864011335203755,0.5042805303732014,0.4937209433153545,qwen4b
2,art,113,identity,lasso,32.0,0.30906743575158047,0.4045782489207116,0.4355955438166108,qwen4b
2,art,113,emotion,lasso,3.0,0.35548885304344763,0.501075461978339,0.49368004566811713,qwen4b
2,art,120,population,lasso,,0.441499997461587,0.5812144203321087,0.6195124682013757,qwen4b
2,art,120,identity,lasso,30.0,0.4855690521312757,0.5831562829546524,0.5746547326158566,qwen4b
2,art,120,emotion,lasso,4.0,0.6023143981951263,0.696929516095993,0.6769671216003843,qwen4b
2,art,121,population,lasso,,0.3264838192089647,0.5076222392669597,0.5066717168305881,qwen4b
2,art,121,identity,lasso,20.0,0.5070017633984457,0.5203776307447344,0.5605367980433272,qwen4b
2,art,121,emotion,lasso,4.0,0.47918270907981053,0.5137617637956812,0.5315863439511892,qwen4b
2,art,131,population,lasso,,0.24869104234317468,0.3716459010545968,0.40357473020967377,qwen4b
2,art,131,identity,lasso,39.0,0.37094740906298185,0.45880093110681497,0.4893340659400109,qwen4b
2,art,131,emotion,lasso,5.0,0.268080723473612,0.3478362638396569,0.38285829219682593,qwen4b
2,art,138,population,lasso,,0.4584423918511461,0.6078431372549019,0.5470923684873019,qwen4b
2,art,138,identity,lasso,25.0,0.43458048636221525,0.5957219251336898,0.5350753629428812,qwen4b
2,art,138,emotion,lasso,5.0,0.46944697281489545,0.5663356251591545,0.5478478135579149,qwen4b
2,art,139,population,lasso,,0.010284930752038405,-0.0036785821894141303,0.014724600810292822,qwen4b
2,art,139,identity,lasso,35.0,0.3312017255784197,0.4419269684309678,0.40126181866281285,qwen4b
2,art,139,emotion,lasso,5.0,0.22054057238040745,0.32684699858645816,0.2765039789784244,qwen4b
2,fashion,7,population,lasso,,0.19904129406562895,0.3670867153932471,0.3553315357105361,qwen4b
2,fashion,7,identity,lasso,92.0,0.28529592653777236,0.262417798169015,0.30072533347359864,qwen4b
2,fashion,7,emotion,lasso,4.0,0.2724881565796778,0.35098380505105764,0.41315098552043283,qwen4b
2,fashion,8,population,lasso,,0.24137907285088078,0.4239626593492495,0.3849648372904301,qwen4b
2,fashion,8,identity,lasso,95.0,0.03130903825742316,0.04501125225289976,0.033922511072259465,qwen4b
2,fashion,8,emotion,lasso,4.0,0.17204599503221393,0.3740760088763967,0.3690419963770775,qwen4b
2,fashion,40,population,lasso,,0.11816395016143932,0.09367166421392115,0.1843089600218553,qwen4b
2,fashion,40,identity,lasso,75.0,0.14975094014884918,0.17532902769577471,0.15493473568164498,qwen4b
2,fashion,40,emotion,lasso,3.0,0.22865064200889357,0.1943724421341557,0.3535897272715122,qwen4b
2,fashion,41,population,lasso,,0.2685768624677141,0.4977517239305777,0.5438501712690138,qwen4b
2,fashion,41,identity,lasso,83.0,0.37192262682992466,0.42991636073189315,0.3768874885402346,qwen4b
2,fashion,41,emotion,lasso,3.0,0.36426158351251975,0.49005202034911777,0.5242621335020257,qwen4b
2,fashion,45,population,lasso,,0.20453203875801954,0.4349302571828491,0.3911874618961042,qwen4b
2,fashion,45,identity,lasso,90.0,0.24651108530614546,0.2344638840852392,0.25998399969759567,qwen4b
2,fashion,45,emotion,lasso,3.0,0.16228297785965004,0.41525531277747185,0.3511188384596258,qwen4b
2,fashion,46,population,lasso,,0.09635765964096533,0.20374617148060742,0.20820031842240516,qwen4b
2,fashion,46,identity,lasso,81.0,-0.04890875645048198,0.011550006737339257,-0.051059557450998654,qwen4b
2,fashion,46,emotion,lasso,3.0,0.05901167367822671,0.1819126061130933,0.18043012491157234,qwen4b
2,fashion,52,population,lasso,,0.22609280372388432,0.45461851096222267,0.4868670554348331,qwen4b
2,fashion,52,identity,lasso,80.0,0.18768345589214264,0.2088088147927413,0.19142657364881582,qwen4b
2,fashion,52,emotion,lasso,2.0,0.24582621823398937,0.3609235493415614,0.43054714834004865,qwen4b
2,fashion,58,population,lasso,,0.24105951794778144,0.3706548372975677,0.386338057387387,qwen4b
2,fashion,58,identity,lasso,90.0,0.1871088217354998,0.18791200876143124,0.18936328659293286,qwen4b
2,fashion,58,emotion,lasso,5.0,0.2421456372932856,0.3450550876103934,0.33193808676718795,qwen4b
2,fashion,65,population,lasso,,0.10724207676994067,0.22812904336612536,0.2401137610185917,qwen4b
2,fashion,65,identity,lasso,82.0,0.3452302205669822,0.3215985819675239,0.3478122866224753,qwen4b
2,fashion,65,emotion,lasso,4.0,0.10555346057665768,0.320459917037528,0.29777950221444177,qwen4b
2,fashion,66,population,lasso,,0.20277761039675296,0.4132079363217537,0.31640744194756143,qwen4b
2,fashion,66,identity,lasso,89.0,0.1833491997427199,0.2261324588299062,0.18471604124980062,qwen4b
2,fashion,66,emotion,lasso,4.0,0.2824704461487017,0.48361001096296763,0.3789060553543249,qwen4b
2,fashion,74,population,lasso,,-0.013888284569534426,-0.001005450490111124,-0.01709397033591651,qwen4b
2,fashion,74,identity,lasso,89.0,-0.05582875487886608,-0.05238397053478957,-0.057511047197192355,qwen4b
2,fashion,74,emotion,lasso,3.0,0.0022200821046675966,0.02041064494925582,0.007309699653753594,qwen4b
2,fashion,83,population,lasso,,0.43321261984768683,0.5475635609031195,0.5290365269137414,qwen4b
2,fashion,83,identity,lasso,81.0,0.4247658158571802,0.4558844583803605,0.4432996609460861,qwen4b
2,fashion,83,emotion,lasso,3.0,0.3905152003368153,0.4940627319295251,0.4969962296610675,qwen4b
2,fashion,87,population,lasso,,0.09804582588742126,0.2339070870428939,0.1986074096867769,qwen4b
2,fashion,87,identity,lasso,89.0,0.13632099635259093,0.1088827218229782,0.15234661516698336,qwen4b
2,fashion,87,emotion,lasso,3.0,0.13302196911384492,0.26731539746746447,0.27317787979161867,qwen4b
2,fashion,93,population,lasso,,0.292504903011973,0.5282189676453611,0.5287025794163179,qwen4b
2,fashion,93,identity,lasso,90.0,0.27126176914832667,0.29527583869499807,0.2826784833748094,qwen4b
2,fashion,93,emotion,lasso,5.0,0.3645599830345924,0.536190029018583,0.5436486771939252,qwen4b
2,fashion,94,population,lasso,,0.27735283803122357,0.5007080218147283,0.5073050845562227,qwen4b
2,fashion,94,identity,lasso,92.0,0.20637330499711026,0.2182548316115642,0.2284428928636066,qwen4b
2,fashion,94,emotion,lasso,4.0,0.3925216664332484,0.4980636958315502,0.5085573388469928,qwen4b
2,fashion,102,population,lasso,,0.1832045459651394,0.43824412888244524,0.4517861941478166,qwen4b
2,fashion,102,identity,lasso,87.0,0.056389347451752045,0.12897644381875764,0.06071613744443261,qwen4b
2,fashion,102,emotion,lasso,4.0,0.20671637044848645,0.49152878417526535,0.48464365947471744,qwen4b
2,fashion,112,population,lasso,,0.3137351525085665,0.44010078927192064,0.486641812098423,qwen4b
2,fashion,112,identity,lasso,74.0,0.5101948383057879,0.45866391570869763,0.5147558658667715,qwen4b
2,fashion,112,emotion,lasso,4.0,0.5723492827489853,0.6667771887610082,0.6945583019560727,qwen4b
2,fashion,113,population,lasso,,0.26184361189392286,0.4069662498916343,0.44431397563380853,qwen4b
2,fashion,113,identity,lasso,85.0,0.1591595768921049,0.13404730838936982,0.16306518198893785,qwen4b
2,fashion,113,emotion,lasso,3.0,0.2780426718976238,0.4191255173070491,0.4417368542618978,qwen4b
2,fashion,120,population,lasso,,0.2753628483588324,0.34583485290046095,0.36202504740399266,qwen4b
2,fashion,120,identity,lasso,87.0,0.174120086807987,0.15888332688121046,0.17530064166665027,qwen4b
2,fashion,120,emotion,lasso,3.0,0.2533022704241848,0.334424187552147,0.33049827883711674,qwen4b
2,fashion,121,population,lasso,,0.2935304846557888,0.47456769266195153,0.4880215961742621,qwen4b
2,fashion,121,identity,lasso,83.0,0.4420015719938775,0.43195845719314624,0.45152627062877726,qwen4b
2,fashion,121,emotion,lasso,3.0,0.4365275925398759,0.5166969742894313,0.5052628352928173,qwen4b
2,fashion,131,population,lasso,,0.14393357345437127,0.2985969068468814,0.2799736625678643,qwen4b
2,fashion,131,identity,lasso,88.0,0.10140807447879928,0.11618652265430643,0.10231763459223377,qwen4b
2,fashion,131,emotion,lasso,3.0,0.17269360534522618,0.3486578229503648,0.3198634768202756,qwen4b
2,fashion,138,population,lasso,,0.38218871501731083,0.6328478228931175,0.6034480250350447,qwen4b
2,fashion,138,identity,lasso,82.0,0.4596820131085535,0.4698886175933935,0.4727406288003473,qwen4b
2,fashion,138,emotion,lasso,3.0,0.5295283970385571,0.6815675853023134,0.656802261166868,qwen4b
2,fashion,139,population,lasso,,0.285752483843605,0.45147458004238966,0.48353507109317456,qwen4b
2,fashion,139,identity,lasso,90.0,0.16597435102215424,0.14349951914504092,0.16721687542828942,qwen4b
2,fashion,139,emotion,lasso,2.0,0.2742701091986309,0.36217945576566,0.3840510250059644,qwen4b
2,landscape,7,population,lasso,,0.17212289203192593,0.24427226693009968,0.21712459454509794,qwen4b
2,landscape,7,identity,lasso,11.0,0.15550262665330705,0.25629813466222134,0.27843491446906843,qwen4b
2,landscape,7,emotion,lasso,1.0,0.307619511210299,0.3099832319642665,0.45093193232611584,qwen4b
2,landscape,8,population,lasso,,0.4074582025713951,0.5526246644332558,0.5699301391200291,qwen4b
2,landscape,8,identity,lasso,13.0,0.26989973133934525,0.42134851482224456,0.4325357593666734,qwen4b
2,landscape,8,emotion,lasso,4.0,0.37728099240109303,0.4867148475039788,0.5046139771983775,qwen4b
2,landscape,40,population,lasso,,0.29881175853484576,0.3605753932046712,0.39730714581179033,qwen4b
2,landscape,40,identity,lasso,10.0,0.06305662180702497,0.18938247728378005,0.1804362924299613,qwen4b
2,landscape,40,emotion,lasso,2.0,0.20690675851958854,0.4352932875323393,0.45194272149314074,qwen4b
2,landscape,41,population,lasso,,0.29423858393610064,0.5133009676920257,0.5260564835369805,qwen4b
2,landscape,41,identity,lasso,10.0,0.06470680015562565,0.17816372406622294,0.23198280276665023,qwen4b
2,landscape,41,emotion,lasso,2.0,0.09514199892621404,0.45632177723291845,0.44394133261021773,qwen4b
2,landscape,45,population,lasso,,0.4386206980351994,0.5305077725785249,0.5925750429068506,qwen4b
2,landscape,45,identity,lasso,8.0,0.1179525980230922,0.19346052926878798,0.2796834539331493,qwen4b
2,landscape,45,emotion,lasso,2.0,0.2240698960456662,0.44671976299575517,0.4813063917652519,qwen4b
2,landscape,46,population,lasso,,0.1508309707366506,0.4777504780028499,0.4523732956333116,qwen4b
2,landscape,46,identity,lasso,10.0,0.00707721887076514,0.11839460727504064,0.019345680989907802,qwen4b
2,landscape,46,emotion,lasso,2.0,0.09360904906819892,0.4160346814301708,0.3712200971742081,qwen4b
2,landscape,52,population,lasso,,0.3161037196595091,0.5391392329495948,0.5539205598160843,qwen4b
2,landscape,52,identity,lasso,12.0,0.19302954016497906,0.396614609505515,0.3563751861706486,qwen4b
2,landscape,52,emotion,lasso,5.0,0.29931425860699423,0.5055321406047957,0.5238992076805357,qwen4b
2,landscape,58,population,lasso,,0.29843842491786926,0.3947255158091399,0.4277601630378543,qwen4b
2,landscape,58,identity,lasso,18.0,0.1936449958583425,0.3541930349465902,0.3532013750299165,qwen4b
2,landscape,58,emotion,lasso,3.0,0.29161312556680824,0.368914274969308,0.43411454430152563,qwen4b
2,landscape,65,population,lasso,,0.2858930493204344,0.4306580623320385,0.3888485420194019,qwen4b
2,landscape,65,identity,lasso,17.0,0.1256005837203112,0.2388203701195928,0.23160938091995142,qwen4b
2,landscape,65,emotion,lasso,2.0,0.2084989793186692,0.37576251235631936,0.3223817440668579,qwen4b
2,landscape,66,population,lasso,,0.3693376834675631,0.4294694609258566,0.4599125374442726,qwen4b
2,landscape,66,identity,lasso,8.0,0.17910481500053926,0.3672556403492993,0.4251285481330033,qwen4b
2,landscape,66,emotion,lasso,1.0,0.15834235436296307,0.503686769052078,0.53945605156585,qwen4b
2,landscape,74,population,lasso,,0.27671558166766685,0.34180553415173676,0.3637453936768299,qwen4b
2,landscape,74,identity,lasso,13.0,0.1028533864437859,0.21648872954772294,0.22170703642921874,qwen4b
2,landscape,74,emotion,lasso,2.0,0.2928739219667778,0.40194129235943754,0.40058028978996585,qwen4b
2,landscape,83,population,lasso,,0.3530688735437256,0.5924018546844931,0.5999761341460657,qwen4b
2,landscape,83,identity,lasso,6.0,0.216321227079222,0.549227069394575,0.5838216990255489,qwen4b
2,landscape,83,emotion,lasso,1.0,0.3730373924703681,0.5081901659849548,0.5438032530810059,qwen4b
2,landscape,87,population,lasso,,0.29137537662698365,0.48132367801171927,0.41713039683039893,qwen4b
2,landscape,87,identity,lasso,11.0,0.2632811486888355,0.48477959203698556,0.444588028536596,qwen4b
2,landscape,87,emotion,lasso,2.0,0.2755642434066053,0.5109243329237824,0.44609938388587994,qwen4b
2,landscape,93,population,lasso,,0.40087445216273193,0.6926303823007067,0.7083868612876796,qwen4b
2,landscape,93,identity,lasso,19.0,0.3367212051452565,0.5718798196953592,0.5824100372224552,qwen4b
2,landscape,93,emotion,lasso,4.0,0.5481477037133198,0.6769665162156123,0.731240390988418,qwen4b
2,landscape,94,population,lasso,,0.41508682376954,0.596576219314549,0.6213680438926384,qwen4b
2,landscape,94,identity,lasso,23.0,0.3960320314269033,0.3716336435350349,0.43945894150389386,qwen4b
2,landscape,94,emotion,lasso,5.0,0.5876702398447504,0.6136617014158576,0.6269827411916601,qwen4b
2,landscape,102,population,lasso,,0.3809247393821324,0.658972937825545,0.641727366479077,qwen4b
2,landscape,102,identity,lasso,16.0,0.3365752745863198,0.501178191570879,0.506197941743601,qwen4b
2,landscape,102,emotion,lasso,5.0,0.46716205950365447,0.6655764656200875,0.6560351283386165,qwen4b
2,landscape,112,population,lasso,,0.38632866606914257,0.38694411502776915,0.4707303218947945,qwen4b
2,landscape,112,identity,lasso,9.0,0.3905587364324008,0.5762954949258294,0.5838794935423824,qwen4b
2,landscape,112,emotion,lasso,5.0,0.45337535916780675,0.4730038426891667,0.5367663041120058,qwen4b
2,landscape,113,population,lasso,,0.3577347078221787,0.45607234231440597,0.48093873565517,qwen4b
2,landscape,113,identity,lasso,13.0,0.33442285990328613,0.43817532359042793,0.4781963556169346,qwen4b
2,landscape,113,emotion,lasso,2.0,0.27274379329285997,0.39252787133938283,0.3983500879698424,qwen4b
2,landscape,120,population,lasso,,0.4240209510723099,0.6050696641250017,0.6442371221141465,qwen4b
2,landscape,120,identity,lasso,11.0,0.34932567721957924,0.5787753529201656,0.5802062804135607,qwen4b
2,landscape,120,emotion,lasso,2.0,0.56043995305617,0.7506650215963518,0.7576891819498283,qwen4b
2,landscape,121,population,lasso,,0.5592841203659392,0.7811569032410585,0.7634583000405964,qwen4b
2,landscape,121,identity,lasso,15.0,0.4312571493020284,0.7761640639025349,0.7709604031665861,qwen4b
2,landscape,121,emotion,lasso,3.0,0.5335191053216101,0.7722587737268584,0.7391777273091371,qwen4b
2,landscape,131,population,lasso,,0.19471990996962824,0.3805633185926347,0.338477235471872,qwen4b
2,landscape,131,identity,lasso,28.0,0.062040897830690174,0.09315543018168192,0.09093170649868298,qwen4b
2,landscape,131,emotion,lasso,4.0,0.0903477879052003,0.19746807454307366,0.21658030203439482,qwen4b
2,landscape,138,population,lasso,,0.5359522088400045,0.7207884141383843,0.7058793575944861,qwen4b
2,landscape,138,identity,lasso,12.0,0.3582070426458584,0.7027275429597246,0.6776392652556487,qwen4b
2,landscape,138,emotion,lasso,2.0,0.47088362959684793,0.7340097701117125,0.7482983651707369,qwen4b
2,landscape,139,population,lasso,,0.29363580710137904,0.47875680423074524,0.4296384487632333,qwen4b
2,landscape,139,identity,lasso,15.0,0.2988231041790062,0.4415375764059327,0.4490500718317978,qwen4b
2,landscape,139,emotion,lasso,4.0,0.3484461501791865,0.4865924311412321,0.5106835976323764,qwen4b
3,art,0,population,lasso,,0.2771878430011737,0.35046975525175655,0.3795143125868905,qwen4b
3,art,0,identity,lasso,23.0,0.2603876812919146,0.32405042167749315,0.30819545116459257,qwen4b
3,art,0,emotion,lasso,5.0,0.35671511414079127,0.3845592179282255,0.38569919730236224,qwen4b
3,art,9,population,lasso,,0.5271691866832168,0.6480053434515496,0.5891060813596305,qwen4b
3,art,9,identity,lasso,26.0,0.55472476822461,0.6523679909806582,0.6054067735971739,qwen4b
3,art,9,emotion,lasso,3.0,0.4839405446797375,0.5894139725664282,0.5164442207675018,qwen4b
3,art,10,population,lasso,,0.21708301997257398,0.5749543631571081,0.5163263751997964,qwen4b
3,art,10,identity,lasso,42.0,0.3594022456993079,0.42877106881049876,0.3856745350079602,qwen4b
3,art,10,emotion,lasso,5.0,0.44952979813565475,0.5481125159357852,0.48312152721322127,qwen4b
3,art,11,population,lasso,,0.4743591108291522,0.5635964647067646,0.6351232810546377,qwen4b
3,art,11,identity,lasso,35.0,0.3391560720079178,0.4573244708369216,0.405372555536683,qwen4b
3,art,11,emotion,lasso,6.0,0.46548743066609255,0.5758699927557399,0.6103904854533466,qwen4b
3,art,24,population,lasso,,0.46671543814073907,0.6560613870169255,0.6419927363432786,qwen4b
3,art,24,identity,lasso,32.0,0.416182772224034,0.6272758809673138,0.5987592709374506,qwen4b
3,art,24,emotion,lasso,6.0,0.44354072693142216,0.6489146406873667,0.6583831191051374,qwen4b
3,art,28,population,lasso,,0.4809523296193455,0.5845461247912144,0.6075466684213384,qwen4b
3,art,28,identity,lasso,27.0,0.22058316492612917,0.3185605812241856,0.30275458716354026,qwen4b
3,art,28,emotion,lasso,5.0,0.37088029332586653,0.511904278867967,0.49435339883896046,qwen4b
3,art,31,population,lasso,,0.32750518245010735,0.602131811952447,0.6145533178629861,qwen4b
3,art,31,identity,lasso,34.0,0.5354450764695062,0.49937590224317624,0.5726675409107471,qwen4b
3,art,31,emotion,lasso,4.0,0.606344342327341,0.5770862963874707,0.6337339918408134,qwen4b
3,art,32,population,lasso,,0.20460178623237835,0.39588672935310387,0.40071730356595936,qwen4b
3,art,32,identity,lasso,30.0,0.17110271636004323,0.20876088454372566,0.19172508966609728,qwen4b
3,art,32,emotion,lasso,6.0,0.3291063367401627,0.37932779233547126,0.4054186362657478,qwen4b
3,art,36,population,lasso,,0.39823675218320287,0.4526515104584552,0.5320708169317443,qwen4b
3,art,36,identity,lasso,34.0,0.39762403844251526,0.42096143433945,0.4701389547695347,qwen4b
3,art,36,emotion,lasso,4.0,0.4246359233657775,0.44082982062095794,0.5010730956039728,qwen4b
3,art,42,population,lasso,,0.298108830343983,0.43278606398278757,0.46770916457527056,qwen4b
3,art,42,identity,lasso,34.0,0.27409471750443265,0.4066236885734584,0.36421158234018663,qwen4b
3,art,42,emotion,lasso,5.0,0.27003935777325855,0.37170697985408446,0.41305499835855036,qwen4b
3,art,47,population,lasso,,0.3911349399448158,0.44603461694538177,0.4883176134698949,qwen4b
3,art,47,identity,lasso,33.0,0.40796740416005284,0.3914655013868514,0.47507720011960985,qwen4b
3,art,47,emotion,lasso,3.0,0.4244037838786405,0.3790701638255924,0.4567461345095375,qwen4b
3,art,54,population,lasso,,0.18496662875401618,0.23351186072662844,0.29105546694583323,qwen4b
3,art,54,identity,lasso,25.0,0.1416873183568859,0.14590566286549533,0.16265073757024517,qwen4b
3,art,54,emotion,lasso,4.0,0.19385320308630025,0.22492917467571696,0.2947412421220748,qwen4b
3,art,55,population,lasso,,0.20453700572917297,0.31284660368578004,0.3053724286618368,qwen4b
3,art,55,identity,lasso,23.0,0.13710124050486885,0.16855368922782957,0.2043755243852904,qwen4b
3,art,55,emotion,lasso,3.0,0.29413164688342325,0.37574853181897466,0.38245628556004296,qwen4b
3,art,59,population,lasso,,0.2945838190955257,0.4703851454827613,0.49691813700735077,qwen4b
3,art,59,identity,lasso,32.0,0.505960651970675,0.5650316243484222,0.6041738632209714,qwen4b
3,art,59,emotion,lasso,5.0,0.3626746151197969,0.42129464814580025,0.4650846540753355,qwen4b
3,art,60,population,lasso,,0.4884393627323656,0.7249727487722885,0.6885653816657751,qwen4b
3,art,60,identity,lasso,35.0,0.5367635561691094,0.5935822594690336,0.6080934716928398,qwen4b
3,art,60,emotion,lasso,4.0,0.6425560476181178,0.7305627808849645,0.7059934938756732,qwen4b
3,art,67,population,lasso,,0.3530969994658315,0.381717745903173,0.3749418706374053,qwen4b
3,art,67,identity,lasso,25.0,0.45800038725668485,0.5271265497952321,0.4968674803839465,qwen4b
3,art,67,emotion,lasso,5.0,0.35841756391743984,0.4730891404986513,0.47682766246033353,qwen4b
3,art,68,population,lasso,,0.4552550765942987,0.6503824281152588,0.6527327289287629,qwen4b
3,art,68,identity,lasso,22.0,0.5433382844466081,0.590821772003853,0.5810296999666554,qwen4b
3,art,68,emotion,lasso,3.0,0.6270114881984179,0.6727612855161132,0.6917441468433869,qwen4b
3,art,75,population,lasso,,0.4251102844518798,0.5422340953346627,0.5790537246697488,qwen4b
3,art,75,identity,lasso,25.0,0.372199927609112,0.42228834481273547,0.5076705289441127,qwen4b
3,art,75,emotion,lasso,5.0,0.37974571496184156,0.3449679436498403,0.4584063012276414,qwen4b
3,art,76,population,lasso,,0.38374170232513444,0.573667444137041,0.5680965230895997,qwen4b
3,art,76,identity,lasso,33.0,0.4956793863103633,0.5986753395306693,0.597122309597893,qwen4b
3,art,76,emotion,lasso,5.0,0.47784948361489504,0.5005486562380924,0.5270270003010042,qwen4b
3,art,82,population,lasso,,0.4165554754764393,0.7222555634181596,0.7175066717949513,qwen4b
3,art,82,identity,lasso,39.0,0.6755909967147719,0.7137113382036543,0.716460396311087,qwen4b
3,art,82,emotion,lasso,4.0,0.6287264137345138,0.674163781496515,0.6735985828490327,qwen4b
3,art,84,population,lasso,,0.2833860300818968,0.3734715592255697,0.3736931063872402,qwen4b
3,art,84,identity,lasso,27.0,0.31740892929339726,0.33444987049670244,0.33417667313679716,qwen4b
3,art,84,emotion,lasso,4.0,0.3421438642961094,0.3694628291740996,0.35431108134869405,qwen4b
3,art,88,population,lasso,,0.468046370400399,0.6266712855348044,0.684175458073681,qwen4b
3,art,88,identity,lasso,32.0,0.5482254733829374,0.5923711566421298,0.631258157293074,qwen4b
3,art,88,emotion,lasso,5.0,0.603635798329963,0.6360889509822151,0.6503758488268246,qwen4b
3,art,95,population,lasso,,0.3185032066493763,0.44946963481803726,0.5179072398528446,qwen4b
3,art,95,identity,lasso,39.0,0.39078760764065573,0.4942319599464684,0.476442564777201,qwen4b
3,art,95,emotion,lasso,5.0,0.45241257740143487,0.4441799955052015,0.5403468952525561,qwen4b
3,art,96,population,lasso,,0.47254224327383176,0.6401117085615937,0.6794410432609764,qwen4b
3,art,96,identity,lasso,32.0,0.5155881673867903,0.48870804096768383,0.5508038111245993,qwen4b
3,art,96,emotion,lasso,6.0,0.6439123675854798,0.6440429949645515,0.6804718550460367,qwen4b
3,art,107,population,lasso,,0.3462058414978418,0.4455799338977652,0.4639714636753191,qwen4b
3,art,107,identity,lasso,35.0,0.40712360324701635,0.429634629372064,0.4677406057511726,qwen4b
3,art,107,emotion,lasso,7.0,0.42856221238253195,0.45515698986676206,0.501594989870737,qwen4b
3,art,122,population,lasso,,0.32440358077233283,0.5537242270501598,0.6047284424988013,qwen4b
3,art,122,identity,lasso,36.0,0.6167659396170343,0.6683589925224919,0.703447046750212,qwen4b
3,art,122,emotion,lasso,5.0,0.6401460199624962,0.6523474528721148,0.6861864965085054,qwen4b
3,art,123,population,lasso,,0.42764973499403874,0.5315331316447907,0.5750098160036686,qwen4b
3,art,123,identity,lasso,27.0,0.5121082377599732,0.5332141033196044,0.5523138201162113,qwen4b
3,art,123,emotion,lasso,7.0,0.5509896533459171,0.5468596380916221,0.5867660558575186,qwen4b
3,art,132,population,lasso,,0.3450221595518805,0.516864800430474,0.6111043511520936,qwen4b
3,art,132,identity,lasso,28.0,0.44508276761743254,0.4394415126349313,0.5522924608824653,qwen4b
3,art,132,emotion,lasso,5.0,0.5579137543706161,0.5648335765646689,0.647666502730439,qwen4b
3,art,140,population,lasso,,0.37779727407829883,0.4874433999499928,0.5271564645497632,qwen4b
3,art,140,identity,lasso,38.0,0.4433380231971559,0.4931404714254789,0.46539452251034596,qwen4b
3,art,140,emotion,lasso,5.0,0.5433176287512379,0.6140559022241573,0.5895725041934607,qwen4b
3,art,141,population,lasso,,0.37082897526323655,0.5201131214385741,0.5006389054859278,qwen4b
3,art,141,identity,lasso,20.0,0.27271540823865414,0.3054146797411345,0.28294570930205687,qwen4b
3,art,141,emotion,lasso,6.0,0.40676859072231825,0.48619488199303323,0.4708192929503093,qwen4b
3,fashion,0,population,lasso,,0.23101178665057598,0.2892409380603181,0.31064000104974515,qwen4b
3,fashion,0,identity,lasso,23.0,0.2572973759323074,0.33033143603415277,0.3881817576963307,qwen4b
3,fashion,0,emotion,lasso,7.0,0.34175669996408586,0.34851573953846593,0.4401478575580744,qwen4b
3,fashion,9,population,lasso,,0.30170174957704754,0.41711993626002913,0.39070405659662116,qwen4b
3,fashion,9,identity,lasso,16.0,0.22050500928074934,0.3430208878377345,0.34940985415861464,qwen4b
3,fashion,9,emotion,lasso,5.0,0.22039531489639194,0.2999709237991443,0.31960030075963164,qwen4b
3,fashion,10,population,lasso,,0.21764996647865123,0.5587200570539154,0.5582294523268702,qwen4b
3,fashion,10,identity,lasso,50.0,0.37361929403074784,0.444414100195292,0.40459328739950323,qwen4b
3,fashion,10,emotion,lasso,7.0,0.40782576487332756,0.5508673507003818,0.5090578272766171,qwen4b
3,fashion,11,population,lasso,,0.5169071703813808,0.6665524761173265,0.6884824131622101,qwen4b
3,fashion,11,identity,lasso,25.0,0.5377560630351312,0.6043807653404638,0.6198033024199093,qwen4b
3,fashion,11,emotion,lasso,7.0,0.6213763869220851,0.6795547329384493,0.6762033639624606,qwen4b
3,fashion,24,population,lasso,,0.34601031180149266,0.5286227259215488,0.49784788865298535,qwen4b
3,fashion,24,identity,lasso,32.0,0.14166498028211943,0.19767151497213065,0.1987855700361491,qwen4b
3,fashion,24,emotion,lasso,7.0,0.21842985615145338,0.4167897433333944,0.4133834140176941,qwen4b
3,fashion,28,population,lasso,,0.27477149435858883,0.41889814993561086,0.4030149905132726,qwen4b
3,fashion,28,identity,lasso,27.0,0.4349421544937212,0.566159498344229,0.5096025457355656,qwen4b
3,fashion,28,emotion,lasso,7.0,0.3800973995989785,0.40215237289396916,0.41771701350587903,qwen4b
3,fashion,31,population,lasso,,0.0768415644719926,0.1932316727707499,0.17925848938174752,qwen4b
3,fashion,31,identity,lasso,44.0,0.01640210127862714,0.01757987088816503,0.02006544378159111,qwen4b
3,fashion,31,emotion,lasso,7.0,-0.03769070928516958,-0.04916487568723591,-0.10295421398079213,qwen4b
3,fashion,32,population,lasso,,0.24163541000818245,0.4127230959897538,0.4290413874460355,qwen4b
3,fashion,32,identity,lasso,45.0,0.18440800816306596,0.2903932380053129,0.259569320700622,qwen4b
3,fashion,32,emotion,lasso,5.0,0.28729084711882047,0.4266186757129765,0.42851381558531604,qwen4b
3,fashion,36,population,lasso,,0.40284289069024487,0.48449234855414786,0.5793758148196253,qwen4b
3,fashion,36,identity,lasso,26.0,0.13732372455799655,0.2838721336016296,0.2865421636885423,qwen4b
3,fashion,36,emotion,lasso,6.0,0.1814650144475125,0.35309953548906275,0.35858160503992775,qwen4b
3,fashion,42,population,lasso,,0.15876705545560207,0.35368538913275543,0.3738583000107625,qwen4b
3,fashion,42,identity,lasso,23.0,0.12146665731397471,0.1571046712960417,0.23019796116515684,qwen4b
3,fashion,42,emotion,lasso,7.0,0.1996796368623198,0.33784500083732116,0.3794909254957163,qwen4b
3,fashion,47,population,lasso,,0.1822505310134435,0.35556750147202365,0.38732501039394424,qwen4b
3,fashion,47,identity,lasso,40.0,0.2682435328493729,0.29875681261202036,0.3499797326305525,qwen4b
3,fashion,47,emotion,lasso,7.0,0.34868034339571735,0.43006131102619816,0.4681561294638442,qwen4b
3,fashion,54,population,lasso,,0.14896039465960068,0.22880148913627146,0.2789847688764822,qwen4b
3,fashion,54,identity,lasso,35.0,0.028802588650983087,0.0012935070053366076,0.04735521436117155,qwen4b
3,fashion,54,emotion,lasso,7.0,0.04406275645357015,0.006517285296119061,0.07017235259045827,qwen4b
3,fashion,55,population,lasso,,0.28372771697448645,0.3350218026779673,0.36983146336466594,qwen4b
3,fashion,55,identity,lasso,27.0,0.013576914957459135,0.02878975237847751,0.019712779381845093,qwen4b
3,fashion,55,emotion,lasso,7.0,0.10732070287014728,0.17587003119624336,0.1452816366947984,qwen4b
3,fashion,59,population,lasso,,0.18215593434163055,0.26113142866663724,0.43078942620878374,qwen4b
3,fashion,59,identity,lasso,37.0,0.4048715826291174,0.30465333344441015,0.44767150090202906,qwen4b
3,fashion,59,emotion,lasso,7.0,0.3950095043053627,0.2896184936120886,0.4408773696608989,qwen4b
3,fashion,60,population,lasso,,0.3805415755387611,0.5305568294009112,0.5203637081512336,qwen4b
3,fashion,60,identity,lasso,28.0,0.4080837783216594,0.39605866346282037,0.4377192996181686,qwen4b
3,fashion,60,emotion,lasso,7.0,0.43690065864434857,0.44620030321112614,0.4614081898347262,qwen4b
3,fashion,67,population,lasso,,0.060562935614805816,0.015030812857894035,0.08182526122242023,qwen4b
3,fashion,67,identity,lasso,13.0,0.015059648529417073,-0.003887279187386388,0.03375286957764644,qwen4b
3,fashion,67,emotion,lasso,5.0,0.010034192980269334,-0.06603191579640344,0.017556380012495595,qwen4b
3,fashion,68,population,lasso,,0.26225903035812964,0.4958427835508892,0.44614321066663076,qwen4b
3,fashion,68,identity,lasso,23.0,0.24517216916086357,0.411391676968431,0.3964934928461721,qwen4b
3,fashion,68,emotion,lasso,7.0,0.3112570985047626,0.3663989150877282,0.35658771854502413,qwen4b
3,fashion,75,population,lasso,,0.32902034778413564,0.5061440501486372,0.47413351859520314,qwen4b
3,fashion,75,identity,lasso,27.0,0.3910270954262979,0.4420994781909012,0.4918403207631145,qwen4b
3,fashion,75,emotion,lasso,7.0,0.39945153320363713,0.4695255054567139,0.4834212284849373,qwen4b
3,fashion,76,population,lasso,,0.3255859053183602,0.3870215283536554,0.4217556880783647,qwen4b
3,fashion,76,identity,lasso,31.0,0.29604877424070286,0.36831675507762407,0.33232857699377366,qwen4b
3,fashion,76,emotion,lasso,7.0,0.34580014660613717,0.3619297593248329,0.39902172200006636,qwen4b
3,fashion,82,population,lasso,,0.26714217704274285,0.5429265203027122,0.49243909699136235,qwen4b
3,fashion,82,identity,lasso,26.0,0.09309274357573351,0.17424939401147094,0.15207364027771697,qwen4b
3,fashion,82,emotion,lasso,7.0,0.15746861698402678,0.39809972790413073,0.3143631192670498,qwen4b
3,fashion,84,population,lasso,,0.20267853892803014,0.40865375714402186,0.3838245240115596,qwen4b
3,fashion,84,identity,lasso,41.0,0.3253620534373966,0.37866035366018025,0.395554119300053,qwen4b
3,fashion,84,emotion,lasso,7.0,0.30709505488627364,0.39760355586050117,0.4002782920678994,qwen4b
3,fashion,88,population,lasso,,0.21030734698293463,0.395063632647917,0.4189669394086178,qwen4b
3,fashion,88,identity,lasso,43.0,0.3594729631641889,0.40057365369077247,0.4059320566468256,qwen4b
3,fashion,88,emotion,lasso,7.0,0.33065570757585305,0.40939943960897446,0.42131926644430434,qwen4b
3,fashion,95,population,lasso,,0.1015319596575129,0.2354255785114201,0.23433312180587243,qwen4b
3,fashion,95,identity,lasso,45.0,0.12388602582740846,0.11482022175629861,0.16985307651943576,qwen4b
3,fashion,95,emotion,lasso,7.0,0.07766486189351805,0.17801546763327078,0.166856378055253,qwen4b
3,fashion,96,population,lasso,,0.32466427442360096,0.5306699820057057,0.4841985072654057,qwen4b
3,fashion,96,identity,lasso,33.0,0.23958168025021573,0.29612927181410054,0.33955320760678875,qwen4b
3,fashion,96,emotion,lasso,7.0,0.23169917258317163,0.32390838227304297,0.30880511056590315,qwen4b
3,fashion,107,population,lasso,,0.08632358538938494,0.15004281970798483,0.13425422294012673,qwen4b
3,fashion,107,identity,lasso,36.0,0.18236380327515025,0.18049779203879562,0.21360925186638585,qwen4b
3,fashion,107,emotion,lasso,7.0,0.04000872655269063,0.07405419167736242,0.05874824528592589,qwen4b
3,fashion,122,population,lasso,,0.16465775850831293,0.3334776646848226,0.303936387730143,qwen4b
3,fashion,122,identity,lasso,41.0,0.22436050095203294,0.22822173862663725,0.27007555188580074,qwen4b
3,fashion,122,emotion,lasso,7.0,0.356275266851432,0.531898631110048,0.509530257917884,qwen4b
3,fashion,123,population,lasso,,0.4214604064170465,0.5239110987496985,0.5431278034015414,qwen4b
3,fashion,123,identity,lasso,27.0,0.38561692463804254,0.4864314593493077,0.5295791236107588,qwen4b
3,fashion,123,emotion,lasso,6.0,0.4331021762031018,0.4958264896011484,0.5355814915844351,qwen4b
3,fashion,132,population,lasso,,0.15893925421112043,0.4170103417279965,0.4384632962454885,qwen4b
3,fashion,132,identity,lasso,31.0,0.319449383069501,0.3301145773146059,0.4046851838013609,qwen4b
3,fashion,132,emotion,lasso,5.0,0.37699766148784064,0.41308985892465117,0.450224220236701,qwen4b
3,fashion,140,population,lasso,,0.25816397440912725,0.44550436252936676,0.46820246483690414,qwen4b
3,fashion,140,identity,lasso,30.0,0.13148928876457555,0.16474405579298557,0.19022660210070771,qwen4b
3,fashion,140,emotion,lasso,7.0,0.33390830807233557,0.325864134139871,0.40010999958348215,qwen4b
3,fashion,141,population,lasso,,0.22096227829162893,0.2826311889887566,0.3496820197816489,qwen4b
3,fashion,141,identity,lasso,26.0,0.25386293287054934,0.3084127674013691,0.3426508087940785,qwen4b
3,fashion,141,emotion,lasso,7.0,0.2733800661470338,0.2643755940180903,0.335342692116856,qwen4b
3,landscape,0,population,lasso,,0.1124649422770698,0.32816650747099146,0.28613546594127154,qwen4b
3,landscape,0,identity,lasso,31.0,0.25188412681035427,0.31522431066683176,0.33298007860964884,qwen4b
3,landscape,0,emotion,lasso,7.0,0.20396913500533034,0.2728770460279338,0.2616271563497257,qwen4b
3,landscape,9,population,lasso,,0.5066986012730155,0.4868352676758724,0.58126444148148,qwen4b
3,landscape,9,identity,lasso,25.0,0.5814032737648341,0.6141390271165741,0.6858031850697872,qwen4b
3,landscape,9,emotion,lasso,7.0,0.5588342564556725,0.5582899596126321,0.6480439006964935,qwen4b
3,landscape,10,population,lasso,,0.2219956122084557,0.6000862578461901,0.5552422092451897,qwen4b
3,landscape,10,identity,lasso,43.0,0.45653058605577196,0.5006674480178507,0.5064141826340314,qwen4b
3,landscape,10,emotion,lasso,6.0,0.6342139905321648,0.6855051761871316,0.6992800829696477,qwen4b
3,landscape,11,population,lasso,,0.3439058749154161,0.47567055963378263,0.5183680948463633,qwen4b
3,landscape,11,identity,lasso,34.0,0.5234912609633497,0.5432642927658219,0.6037411097168559,qwen4b
3,landscape,11,emotion,lasso,6.0,0.39047410886455,0.4488499973990419,0.49598203279324643,qwen4b
3,landscape,24,population,lasso,,0.1849819393272356,0.21142556076206462,0.2106466818972457,qwen4b
3,landscape,24,identity,lasso,23.0,-0.07695731291975813,-0.13530804628066861,-0.13507331495093874,qwen4b
3,landscape,24,emotion,lasso,5.0,-0.024534541332204444,-0.12819224464359757,-0.07381681925343954,qwen4b
3,landscape,28,population,lasso,,0.2524583234037311,0.3246575266636707,0.3149089203182024,qwen4b
3,landscape,28,identity,lasso,35.0,0.24988850750401542,0.29596640372219424,0.2842388155597847,qwen4b
3,landscape,28,emotion,lasso,4.0,0.2747304971870447,0.3138306878178305,0.29516464689049676,qwen4b
3,landscape,31,population,lasso,,0.1112505194319037,0.4472816619834996,0.2724888955229136,qwen4b
3,landscape,31,identity,lasso,31.0,0.2666825299831794,0.5096942473724518,0.3827467473963802,qwen4b
3,landscape,31,emotion,lasso,6.0,0.2187622206807755,0.5015022755412522,0.4122755787013418,qwen4b
3,landscape,32,population,lasso,,0.3302882631270574,0.5272856179349003,0.531292108623019,qwen4b
3,landscape,32,identity,lasso,49.0,0.3851159169164611,0.5264537055910586,0.44757092625363964,qwen4b
3,landscape,32,emotion,lasso,5.0,0.39331195300579597,0.5120175796243955,0.4950681155041405,qwen4b
3,landscape,36,population,lasso,,0.374347475568443,0.6000972017520965,0.5747596351282255,qwen4b
3,landscape,36,identity,lasso,38.0,0.5807705905191038,0.6821927636569391,0.6727875540895756,qwen4b
3,landscape,36,emotion,lasso,7.0,0.6189356145349093,0.6788155717576473,0.676993961191496,qwen4b
3,landscape,42,population,lasso,,0.4352881054169342,0.5597276201497796,0.553094721197137,qwen4b
3,landscape,42,identity,lasso,25.0,0.4001341292186636,0.5269941176708067,0.5103355415034913,qwen4b
3,landscape,42,emotion,lasso,5.0,0.36898501262435723,0.5059693330303465,0.5044253312735861,qwen4b
3,landscape,47,population,lasso,,0.5193276911283309,0.6448909539120082,0.6636650898710287,qwen4b
3,landscape,47,identity,lasso,32.0,0.49067337984205794,0.5605895173316089,0.6160379974632724,qwen4b
3,landscape,47,emotion,lasso,5.0,0.603505828530712,0.5870026309331966,0.6350624728384414,qwen4b
3,landscape,54,population,lasso,,0.13703686873365756,0.18024828011374047,0.20453561905088974,qwen4b
3,landscape,54,identity,lasso,34.0,0.12427251789762939,0.19856578450379864,0.1744998870040504,qwen4b
3,landscape,54,emotion,lasso,6.0,0.16430061280580388,0.262803203480504,0.229229751690997,qwen4b
3,landscape,55,population,lasso,,0.5478737883592347,0.6535127092814705,0.6793799658728217,qwen4b
3,landscape,55,identity,lasso,26.0,0.3163539104042315,0.4119441847931734,0.43097522465131355,qwen4b
3,landscape,55,emotion,lasso,4.0,0.5000781779569445,0.5938041688594814,0.6419194739148175,qwen4b
3,landscape,59,population,lasso,,0.2704854968505151,0.49861208446201144,0.4579816705692981,qwen4b
3,landscape,59,identity,lasso,32.0,0.31219123929369874,0.4647173501181112,0.4687678174511953,qwen4b
3,landscape,59,emotion,lasso,7.0,0.3415814040794076,0.37191767593716,0.40961418897932095,qwen4b
3,landscape,60,population,lasso,,0.576344847338684,0.7866564375461385,0.748587635298264,qwen4b
3,landscape,60,identity,lasso,30.0,0.5923394342259699,0.7001800206527687,0.7053033666797437,qwen4b
3,landscape,60,emotion,lasso,7.0,0.6354273485949031,0.8248293889761489,0.7615775880751937,qwen4b
3,landscape,67,population,lasso,,0.4707865928506498,0.5269224503662859,0.5157560185298458,qwen4b
3,landscape,67,identity,lasso,17.0,0.29103986445627167,0.3503882243558654,0.4229746532464262,qwen4b
3,landscape,67,emotion,lasso,4.0,0.2873522082735681,0.34054354197105074,0.37075280574125946,qwen4b
3,landscape,68,population,lasso,,0.2600043904259379,0.40046120167504184,0.3849147126254918,qwen4b
3,landscape,68,identity,lasso,28.0,0.22364860112622997,0.2675072829961088,0.2670008867018584,qwen4b
3,landscape,68,emotion,lasso,6.0,0.36292445920741095,0.46523875002387527,0.4489400700736978,qwen4b
3,landscape,75,population,lasso,,0.2718679341117202,0.36662797496567673,0.36630143052855785,qwen4b
3,landscape,75,identity,lasso,15.0,0.20948946751060576,0.37376939642017853,0.32299296561386426,qwen4b
3,landscape,75,emotion,lasso,4.0,0.23664526342539774,0.35591584278392385,0.3509244902660807,qwen4b
3,landscape,76,population,lasso,,0.4493138740646967,0.5282102986217135,0.5658907996515831,qwen4b
3,landscape,76,identity,lasso,26.0,0.3506484781688845,0.36925580397287816,0.4104086012253228,qwen4b
3,landscape,76,emotion,lasso,6.0,0.3773568460968547,0.4008461294078202,0.4227973848633971,qwen4b
3,landscape,82,population,lasso,,0.46154756732479063,0.5987020295297446,0.5784853472006037,qwen4b
3,landscape,82,identity,lasso,20.0,0.4221091230650829,0.46007231111459734,0.48802900414250916,qwen4b
3,landscape,82,emotion,lasso,6.0,0.3719834869987577,0.4039313286570011,0.44177107744978783,qwen4b
3,landscape,84,population,lasso,,0.41119653235714126,0.527086554666565,0.5646545696231609,qwen4b
3,landscape,84,identity,lasso,36.0,0.37485222346932734,0.4451055158213104,0.5165962878884641,qwen4b
3,landscape,84,emotion,lasso,5.0,0.4939171897864159,0.6123325508771563,0.6219854423976446,qwen4b
3,landscape,88,population,lasso,,0.5317194758028294,0.6991107002058261,0.6940582661676274,qwen4b
3,landscape,88,identity,lasso,39.0,0.5710464031179209,0.5643576999001958,0.6189844461554489,qwen4b
3,landscape,88,emotion,lasso,6.0,0.5102103699499607,0.6021315983155723,0.5898815709341804,qwen4b
3,landscape,95,population,lasso,,0.3376206011960107,0.5039682028169801,0.5437407995715718,qwen4b
3,landscape,95,identity,lasso,40.0,0.3809833572957581,0.36907837346070166,0.41077026842514447,qwen4b
3,landscape,95,emotion,lasso,4.0,0.3772233643026979,0.39471981625209696,0.4658521395142376,qwen4b
3,landscape,96,population,lasso,,0.4456337866662801,0.5533197315951518,0.5497120151260286,qwen4b
3,landscape,96,identity,lasso,37.0,0.3270228175507845,0.35249103646584734,0.37606302096324484,qwen4b
3,landscape,96,emotion,lasso,5.0,0.49841671624585393,0.5723518685471887,0.531247913982494,qwen4b
3,landscape,107,population,lasso,,0.12728377815759542,0.1950811037786752,0.15420975868295697,qwen4b
3,landscape,107,identity,lasso,33.0,0.14704811022635575,0.21951610910882627,0.16198612209678273,qwen4b
3,landscape,107,emotion,lasso,6.0,0.12573244960866875,0.23332936722403408,0.17577305443448205,qwen4b
3,landscape,122,population,lasso,,0.39021698209578726,0.6353001762711701,0.6178258286687456,qwen4b
3,landscape,122,identity,lasso,32.0,0.47648605836463087,0.5873595275049709,0.585098769344084,qwen4b
3,landscape,122,emotion,lasso,6.0,0.577251389647494,0.6385160092637427,0.670154233593944,qwen4b
3,landscape,123,population,lasso,,0.43295028559415444,0.5765987925201687,0.5698759202755905,qwen4b
3,landscape,123,identity,lasso,29.0,0.5201135662973612,0.6405664569166962,0.6436417862767484,qwen4b
3,landscape,123,emotion,lasso,5.0,0.5693589649958275,0.6874299390248171,0.6900165910415741,qwen4b
3,landscape,132,population,lasso,,0.10632751947246095,0.41012104709398495,0.4725796495671577,qwen4b
3,landscape,132,identity,lasso,29.0,0.4142606654609282,0.31016705009831014,0.4328068080499416,qwen4b
3,landscape,132,emotion,lasso,5.0,0.4461510190841631,0.358088113157689,0.4836619124738517,qwen4b
3,landscape,140,population,lasso,,0.214506558580143,0.43539163271790227,0.318368487788732,qwen4b
3,landscape,140,identity,lasso,28.0,0.13563173627150585,0.29240195070923275,0.19419289446765886,qwen4b
3,landscape,140,emotion,lasso,6.0,0.146774965129024,0.34144263203880776,0.26439940077176927,qwen4b
3,landscape,141,population,lasso,,0.4309337942375407,0.5349311058395245,0.513601666879715,qwen4b
3,landscape,141,identity,lasso,25.0,0.25123002187098986,0.43659415680808905,0.3560867382524284,qwen4b
3,landscape,141,emotion,lasso,5.0,0.3535690807278349,0.49536740417961,0.448255848788472,qwen4b
4,art,1,population,lasso,,0.35614618347254323,0.3669079489607766,0.37097028169589263,qwen4b
4,art,1,identity,lasso,21.0,0.36785953948902017,0.4766456106078523,0.4738513699348165,qwen4b
4,art,1,emotion,lasso,4.0,0.3852800016306226,0.43596388714413115,0.4835298203997627,qwen4b
4,art,2,population,lasso,,0.5269745563603251,0.7528128208229811,0.7285075785017855,qwen4b
4,art,2,identity,lasso,33.0,0.6780561274641025,0.7646290479123348,0.7543651497308658,qwen4b
4,art,2,emotion,lasso,5.0,0.7335888033801904,0.8190432701389381,0.7775383887233431,qwen4b
4,art,12,population,lasso,,0.47553951960252844,0.543722347196834,0.5318879169171087,qwen4b
4,art,12,identity,lasso,22.0,0.3454765279117839,0.4401104793067748,0.3882428071090137,qwen4b
4,art,12,emotion,lasso,5.0,0.5524438482849042,0.6382410233656787,0.6193903117015666,qwen4b
4,art,13,population,lasso,,0.34210890998088705,0.49750163649973833,0.4932982119500829,qwen4b
4,art,13,identity,lasso,29.0,0.37009142663078853,0.3464586115966873,0.4111767337400794,qwen4b
4,art,13,emotion,lasso,7.0,0.3236379736234674,0.31756257246153796,0.36089848116350437,qwen4b
4,art,26,population,lasso,,0.3093485119319421,0.36842679951016355,0.3676236629115805,qwen4b
4,art,26,identity,lasso,23.0,0.28339150424090037,0.2943809731104446,0.32929778510622054,qwen4b
4,art,26,emotion,lasso,3.0,0.3126426488279022,0.4085286973777598,0.4026704112648832,qwen4b
4,art,29,population,lasso,,0.3168214323017916,0.3647391850129295,0.35104860618256023,qwen4b
4,art,29,identity,lasso,24.0,0.094532331889568,0.20510572669913038,0.16374973790727596,qwen4b
4,art,29,emotion,lasso,4.0,0.11153940167416333,0.37495653564011183,0.3720659779553821,qwen4b
4,art,34,population,lasso,,0.305458929706332,0.6135459997212594,0.6002162896069664,qwen4b
4,art,34,identity,lasso,53.0,0.3759086873275654,0.4302021621578739,0.4065526917732447,qwen4b
4,art,34,emotion,lasso,7.0,0.6082557570041175,0.6335175581433065,0.6360345826739378,qwen4b
4,art,38,population,lasso,,0.39568072099307633,0.6010787206595787,0.5616675459523309,qwen4b
4,art,38,identity,lasso,31.0,0.4237123189360069,0.5705129051847537,0.5771470535488646,qwen4b
4,art,38,emotion,lasso,6.0,0.3726373676425856,0.5712966440430827,0.546127161803822,qwen4b
4,art,43,population,lasso,,0.20887665915973774,0.3492415401922055,0.3501073646587743,qwen4b
4,art,43,identity,lasso,43.0,0.31996786816997114,0.369321337062042,0.3643401338513355,qwen4b
4,art,43,emotion,lasso,6.0,0.32011271371297684,0.37828378298199344,0.36723593246779945,qwen4b
4,art,48,population,lasso,,0.49683475003656624,0.6774000871079325,0.669157767718595,qwen4b
4,art,48,identity,lasso,30.0,0.6581427069869888,0.6633294621531682,0.6756104662185772,qwen4b
4,art,48,emotion,lasso,6.0,0.6495107174486648,0.6960301828668537,0.6668895821569725,qwen4b
4,art,49,population,lasso,,0.3414095105195329,0.4577073669710286,0.45348589857830895,qwen4b
4,art,49,identity,lasso,30.0,0.2755170978588969,0.43500500243248286,0.39059825323253977,qwen4b
4,art,49,emotion,lasso,4.0,0.21244709517838806,0.2974059215038681,0.3285241229653379,qwen4b
4,art,56,population,lasso,,0.049467506464229906,0.061378580128509566,0.1600579073920691,qwen4b
4,art,56,identity,lasso,31.0,0.1575007153760136,0.33763456150896004,0.24005643829981096,qwen4b
4,art,56,emotion,lasso,5.0,0.14977061909001976,0.34842294675339097,0.28969298835813645,qwen4b
4,art,61,population,lasso,,0.30768475924933614,0.4193365851344168,0.44298116496395784,qwen4b
4,art,61,identity,lasso,26.0,0.25018098559707813,0.32143621266911576,0.3120841303909538,qwen4b
4,art,61,emotion,lasso,5.0,0.3616919433447061,0.38457994675406143,0.4143768485763911,qwen4b
4,art,72,population,lasso,,0.1945526178349666,0.46699119551983886,0.4485611675606577,qwen4b
4,art,72,identity,lasso,37.0,0.29239734473571494,0.41730173746932886,0.36140618301804023,qwen4b
4,art,72,emotion,lasso,5.0,0.34734711961360043,0.38914271660820726,0.4082461959726762,qwen4b
4,art,77,population,lasso,,0.2686157643978183,0.37699314588519667,0.34845236008530744,qwen4b
4,art,77,identity,lasso,31.0,0.353058604264245,0.4433467104779318,0.39828901490164265,qwen4b
4,art,77,emotion,lasso,7.0,0.26228733411427385,0.3630395998634582,0.33305359691939485,qwen4b
4,art,78,population,lasso,,0.37960920481741867,0.55521780354855,0.5831784293394846,qwen4b
4,art,78,identity,lasso,38.0,0.548524687631104,0.5618685935644376,0.6301457253668938,qwen4b
4,art,78,emotion,lasso,6.0,0.5327280106854879,0.5627061004553272,0.633453142308827,qwen4b
4,art,89,population,lasso,,0.3602604307085756,0.5931934786439392,0.591753625890362,qwen4b
4,art,89,identity,lasso,25.0,0.42949635693941857,0.40528590536649606,0.5013057466477532,qwen4b
4,art,89,emotion,lasso,5.0,0.47861202372542544,0.6099691413520864,0.610089360127308,qwen4b
4,art,90,population,lasso,,0.2507747598435991,0.3764956664559883,0.3721888367446129,qwen4b
4,art,90,identity,lasso,38.0,0.5405092612809408,0.5790937844827285,0.585813729864269,qwen4b
4,art,90,emotion,lasso,7.0,0.2992129380326505,0.4212406516965227,0.4125976552015174,qwen4b
4,art,97,population,lasso,,0.36651107352138446,0.4492618565133646,0.4196795236303587,qwen4b
4,art,97,identity,lasso,28.0,0.3853505449979921,0.5180423423296676,0.5387547818021695,qwen4b
4,art,97,emotion,lasso,4.0,0.3098127920917825,0.5305707556202743,0.48162073606076533,qwen4b
4,art,103,population,lasso,,0.47973216899636,0.6244015277335263,0.7180796185007343,qwen4b
4,art,103,identity,lasso,22.0,0.681615406097484,0.6202075625704352,0.7402128206190933,qwen4b
4,art,103,emotion,lasso,7.0,0.7005131986167601,0.7065333455107253,0.7443758137308588,qwen4b
4,art,108,population,lasso,,0.199555807464434,0.3704787875346083,0.3545810771421886,qwen4b
4,art,108,identity,lasso,45.0,0.4374163439193096,0.5102774184876809,0.4716609737666709,qwen4b
4,art,108,emotion,lasso,6.0,0.38812754161091617,0.3849304399706097,0.43953831830852097,qwen4b
4,art,114,population,lasso,,0.25107484159496957,0.5879731769944113,0.5711875320537402,qwen4b
4,art,114,identity,lasso,35.0,0.6360013401637744,0.6687422540191165,0.6894555902736259,qwen4b
4,art,114,emotion,lasso,6.0,0.43216339789163,0.598551256849544,0.5822768875383013,qwen4b
4,art,115,population,lasso,,0.16000794960542195,0.3035992714907986,0.2587946305915971,qwen4b
4,art,115,identity,lasso,19.0,0.09160833086242354,0.1588725240201458,0.11113913415251,qwen4b
4,art,115,emotion,lasso,4.0,0.29104542110671117,0.3774782641421421,0.34856148339689136,qwen4b
4,art,124,population,lasso,,0.436663276797251,0.47285651193156436,0.5546034947644781,qwen4b
4,art,124,identity,lasso,20.0,0.4774085203113368,0.5725186505595056,0.5852593824849418,qwen4b
4,art,124,emotion,lasso,6.0,0.563195015921546,0.6015304043380767,0.6464317693259212,qwen4b
4,art,134,population,lasso,,0.4278178311465538,0.5941306782135792,0.6180830652686397,qwen4b
4,art,134,identity,lasso,33.0,0.35499155021122175,0.48896826750341577,0.43982306453357056,qwen4b
4,art,134,emotion,lasso,7.0,0.5144150034489323,0.5750191956114512,0.5778601633597966,qwen4b
4,art,135,population,lasso,,0.02315612245320728,-0.08331342361096285,0.027330232059548525,qwen4b
4,art,135,identity,lasso,27.0,0.3566742396953119,0.4501344139561459,0.454558445810611,qwen4b
4,art,135,emotion,lasso,6.0,0.2561817569203974,0.3233750307852012,0.3501719524723438,qwen4b
4,art,142,population,lasso,,0.3610131626357671,0.5917794315364109,0.5894405663732126,qwen4b
4,art,142,identity,lasso,19.0,0.5003140369426654,0.635339771496439,0.6151480126415492,qwen4b
4,art,142,emotion,lasso,7.0,0.5627172824769305,0.6524891109433193,0.6429369436464388,qwen4b
4,art,143,population,lasso,,0.42020674227713484,0.7420700538695644,0.7016814998206766,qwen4b
4,art,143,identity,lasso,38.0,0.6099023137585485,0.689462430689807,0.6879987226009471,qwen4b
4,art,143,emotion,lasso,6.0,0.6525977632929936,0.7728635698495521,0.7624520680137822,qwen4b
4,fashion,1,population,lasso,,0.12544102252574219,0.12452843802076706,0.14260943651083632,qwen4b
4,fashion,1,identity,lasso,32.0,0.32948681834228793,0.4107994324717186,0.43307742849021036,qwen4b
4,fashion,1,emotion,lasso,4.0,0.20119249797456804,0.2296166649321369,0.30272441487971635,qwen4b
4,fashion,2,population,lasso,,0.16043001002015203,0.3778589845973791,0.3908264318043478,qwen4b
4,fashion,2,identity,lasso,45.0,0.4350682970820688,0.48181886637209065,0.4882978432699688,qwen4b
4,fashion,2,emotion,lasso,5.0,0.3717123341145412,0.5507927293642418,0.5529096749413397,qwen4b
4,fashion,12,population,lasso,,0.08652811449732986,0.09243167330327552,0.12403216351924606,qwen4b
4,fashion,12,identity,lasso,57.0,0.3133875523224013,0.40693157755199566,0.34116008189952557,qwen4b
4,fashion,12,emotion,lasso,6.0,0.2419878462648033,0.26169622851129454,0.3084972851468231,qwen4b
4,fashion,13,population,lasso,,0.3293509738011257,0.4170234223517986,0.41784362473862713,qwen4b
4,fashion,13,identity,lasso,57.0,0.3117896581789708,0.4005404787739768,0.3469326288833985,qwen4b
4,fashion,13,emotion,lasso,5.0,0.3220072869474872,0.3831170669439669,0.4569380738253926,qwen4b
4,fashion,26,population,lasso,,0.33263641927807747,0.4439403955945827,0.4344249100142579,qwen4b
4,fashion,26,identity,lasso,57.0,0.27318772355062115,0.33035072499701684,0.2877367046466057,qwen4b
4,fashion,26,emotion,lasso,4.0,0.23250949751687716,0.3595826170742176,0.338509972273669,qwen4b
4,fashion,29,population,lasso,,0.1477891794357006,0.3545993896266733,0.24255592220779318,qwen4b
4,fashion,29,identity,lasso,41.0,0.16886444325199945,0.15937817763744366,0.19364313507885744,qwen4b
4,fashion,29,emotion,lasso,5.0,0.07248545515344543,0.2746216672956018,0.16767036186879775,qwen4b
4,fashion,34,population,lasso,,0.2630738444963113,0.5055656965603547,0.4961359240658599,qwen4b
4,fashion,34,identity,lasso,64.0,0.45475421804128074,0.5121156147020048,0.5005469351083836,qwen4b
4,fashion,34,emotion,lasso,4.0,0.2908755811402648,0.4807835435915739,0.4908953156759752,qwen4b
4,fashion,38,population,lasso,,0.22578857786920975,0.396359507847058,0.41607608242889904,qwen4b
4,fashion,38,identity,lasso,52.0,-0.04290494147858428,-0.0408038881632928,-0.052107460372576395,qwen4b
4,fashion,38,emotion,lasso,5.0,0.18120972749973682,0.3789143672555052,0.3746376751637727,qwen4b
4,fashion,43,population,lasso,,0.2517242857198537,0.3595533359593587,0.35029340328941505,qwen4b
4,fashion,43,identity,lasso,51.0,0.466118784819823,0.5079036215287593,0.4931576640365563,qwen4b
4,fashion,43,emotion,lasso,6.0,0.4525556645676692,0.5597053507764715,0.5280526068885365,qwen4b
4,fashion,48,population,lasso,,0.3465750028146769,0.5542687572279943,0.5285956032497532,qwen4b
4,fashion,48,identity,lasso,63.0,0.2678038960264733,0.28745150919056445,0.305064692935285,qwen4b
4,fashion,48,emotion,lasso,5.0,0.22190200768654503,0.41637870656265585,0.3889734521642426,qwen4b
4,fashion,49,population,lasso,,0.06103023702109129,0.10141190639807622,0.10939758117234512,qwen4b
4,fashion,49,identity,lasso,45.0,0.1745473744673988,0.29026163760394247,0.22845520082339438,qwen4b
4,fashion,49,emotion,lasso,6.0,0.0648937748525874,0.13529905425452,0.12922882158544016,qwen4b
4,fashion,56,population,lasso,,0.010215269056695234,0.033051189191993124,0.03270483471654274,qwen4b
4,fashion,56,identity,lasso,56.0,-0.11239178271547673,-0.18504010850446856,-0.1167880878555305,qwen4b
4,fashion,56,emotion,lasso,5.0,0.0011494175680481346,-0.022053522365784145,0.0012987079551389862,qwen4b
4,fashion,61,population,lasso,,0.2171670255507746,0.2892886893166442,0.27790930232194844,qwen4b
4,fashion,61,identity,lasso,58.0,0.2452171324490858,0.2556609433867385,0.2892561486960781,qwen4b
4,fashion,61,emotion,lasso,5.0,0.19945644300133442,0.23259190934851448,0.24297696231210925,qwen4b
4,fashion,72,population,lasso,,0.10396838618059083,0.11930337847541893,0.20160245099454022,qwen4b
4,fashion,72,identity,lasso,70.0,0.14180866530370564,0.15221465529622416,0.1589680582338569,qwen4b
4,fashion,72,emotion,lasso,5.0,0.20037320844579107,0.256335748333474,0.2985618129714813,qwen4b
4,fashion,77,population,lasso,,0.3496752333484347,0.4814279054391263,0.5207922693181101,qwen4b
4,fashion,77,identity,lasso,44.0,0.12485219715986433,0.15871791292249277,0.18906197682263964,qwen4b
4,fashion,77,emotion,lasso,3.0,0.32169347035155943,0.5998255535260293,0.5960443729598437,qwen4b
4,fashion,78,population,lasso,,0.1573695929434198,0.330827171430371,0.3104502640902673,qwen4b
4,fashion,78,identity,lasso,64.0,0.2526410350186412,0.2709946002688999,0.3275381008811755,qwen4b
4,fashion,78,emotion,lasso,6.0,0.31733598080651076,0.4665741901422895,0.4611749857958356,qwen4b
4,fashion,89,population,lasso,,0.15149662146054937,0.3186084190022974,0.3166041628163241,qwen4b
4,fashion,89,identity,lasso,61.0,0.2376407291262636,0.2565117858706286,0.27132913729888253,qwen4b
4,fashion,89,emotion,lasso,4.0,0.12413324978072783,0.2075632899682664,0.22042769108012128,qwen4b
4,fashion,90,population,lasso,,0.1973520035521617,0.34245670526989214,0.35851244471031796,qwen4b
4,fashion,90,identity,lasso,52.0,0.32795868234546344,0.35578205882443614,0.36431272329583464,qwen4b
4,fashion,90,emotion,lasso,6.0,0.28282897326656414,0.36686211471044883,0.38447698177898054,qwen4b
4,fashion,97,population,lasso,,0.433879090803731,0.4909347915785852,0.514111815265796,qwen4b
4,fashion,97,identity,lasso,47.0,0.36337180010807435,0.43744039079267727,0.38751997046353664,qwen4b
4,fashion,97,emotion,lasso,3.0,0.39841055092384203,0.4424379611234866,0.4911761635506528,qwen4b
4,fashion,103,population,lasso,,0.16676014147012133,0.24202482273970508,0.2053416256754984,qwen4b
4,fashion,103,identity,lasso,47.0,0.27164214950319704,0.313325913905296,0.3347516315840139,qwen4b
4,fashion,103,emotion,lasso,2.0,0.11723733747149577,0.3344669367404082,0.3414890257005827,qwen4b
4,fashion,108,population,lasso,,0.22805665948864332,0.413479696138941,0.393420030508134,qwen4b
4,fashion,108,identity,lasso,69.0,-0.020805213162694715,-0.034820893759651875,-0.02478464120995174,qwen4b
4,fashion,108,emotion,lasso,4.0,0.2446590625833558,0.5634207238515182,0.5177916247106211,qwen4b
4,fashion,114,population,lasso,,0.36675587490843314,0.4367536047863494,0.47019612784694415,qwen4b
4,fashion,114,identity,lasso,56.0,0.1776657174459977,0.2407456142379386,0.20641424620304058,qwen4b
4,fashion,114,emotion,lasso,4.0,0.42643137641230744,0.48945820255757394,0.5270818591362392,qwen4b
4,fashion,115,population,lasso,,0.24736959215221305,0.46028759145063847,0.496449444851844,qwen4b
4,fashion,115,identity,lasso,42.0,0.33017042844373024,0.2423632927788521,0.4312785884343935,qwen4b
4,fashion,115,emotion,lasso,4.0,0.28680337048010407,0.3697440986490949,0.4264166464960577,qwen4b
4,fashion,124,population,lasso,,0.20544349611305318,0.37897049943827327,0.35955929749283094,qwen4b
4,fashion,124,identity,lasso,39.0,0.36755935729373296,0.36897704580660884,0.40882827809354616,qwen4b
4,fashion,124,emotion,lasso,4.0,0.25285322892537715,0.30995321029459105,0.322179366790148,qwen4b
4,fashion,134,population,lasso,,0.21599137735239535,0.2722627400149129,0.2818912651066766,qwen4b
4,fashion,134,identity,lasso,52.0,0.2822765159916173,0.32653454933745046,0.2966531618005408,qwen4b
4,fashion,134,emotion,lasso,5.0,0.262223931994516,0.3199576695768099,0.3192817436513572,qwen4b
4,fashion,135,population,lasso,,0.06142269473918321,0.08336878678455792,0.07722443224209548,qwen4b
4,fashion,135,identity,lasso,57.0,0.21510891031164023,0.25701205817856504,0.24918440218820118,qwen4b
4,fashion,135,emotion,lasso,3.0,0.11861126722617525,0.13120825867293567,0.17175175587118463,qwen4b
4,fashion,142,population,lasso,,0.18669378462440658,0.339018295779451,0.40001380067445086,qwen4b
4,fashion,142,identity,lasso,50.0,0.2379186155306221,0.25343938436542524,0.26010772452777764,qwen4b
4,fashion,142,emotion,lasso,4.0,0.25797480700500447,0.3604257057478676,0.3417737334722612,qwen4b
4,fashion,143,population,lasso,,0.37329320072199335,0.42458752019047097,0.5069111089925968,qwen4b
4,fashion,143,identity,lasso,48.0,0.4451400110920337,0.46138441522404294,0.4638165897047955,qwen4b
4,fashion,143,emotion,lasso,5.0,0.4205181537665683,0.49937164582128896,0.5328599059853748,qwen4b
4,landscape,1,population,lasso,,0.3331949034694267,0.5451942984355138,0.48827065201864184,qwen4b
4,landscape,1,identity,lasso,2.0,0.06888191031737004,0.4530390969339574,0.4427081768673802,qwen4b
4,landscape,1,emotion,lasso,5.0,0.5917959048409204,0.6639415481315493,0.682789171773602,qwen4b
4,landscape,2,population,lasso,,0.33686395015118986,0.5810963445417275,0.5851788668141077,qwen4b
4,landscape,2,identity,lasso,15.0,0.16789042954059458,0.428664479203316,0.39462836650774274,qwen4b
4,landscape,2,emotion,lasso,3.0,0.41658606013432437,0.5519136650591764,0.5354005689986545,qwen4b
4,landscape,12,population,lasso,,0.454830554276155,0.6988200856743455,0.7080779383004422,qwen4b
4,landscape,12,identity,lasso,21.0,0.47951811572459924,0.570789667899027,0.5517031124561544,qwen4b
4,landscape,12,emotion,lasso,3.0,0.6662426010883322,0.7086064927068167,0.6891167439590445,qwen4b
4,landscape,13,population,lasso,,0.09891324083167424,0.0961881441292568,0.1558521088715102,qwen4b
4,landscape,13,identity,lasso,11.0,0.24319971892082082,0.4693805836490052,0.4906557308096189,qwen4b
4,landscape,13,emotion,lasso,5.0,0.19595634821639993,0.3168062860646668,0.35761199392668236,qwen4b
4,landscape,26,population,lasso,,0.17386794055706412,0.29691434090553487,0.3006985371098226,qwen4b
4,landscape,26,identity,lasso,14.0,0.1591340338883927,0.3086708895265459,0.3446073731511416,qwen4b
4,landscape,26,emotion,lasso,5.0,0.21121516821882008,0.3673552514715928,0.3699688030198941,qwen4b
4,landscape,29,population,lasso,,0.22473647909202318,0.24408908982359184,0.26057423115980255,qwen4b
4,landscape,29,identity,lasso,4.0,0.10266063700504104,0.4677950632333435,0.47097332519209123,qwen4b
4,landscape,29,emotion,lasso,4.0,0.2923165604357957,0.3968353861417704,0.4240912854087051,qwen4b
4,landscape,34,population,lasso,,0.3480538076051688,0.5426979934413856,0.5144912446740745,qwen4b
4,landscape,34,identity,lasso,19.0,0.4284362119644097,0.5601790362992514,0.5562727119379495,qwen4b
4,landscape,34,emotion,lasso,6.0,0.4031606814061759,0.48956740812618654,0.4744792062156328,qwen4b
4,landscape,38,population,lasso,,0.4140621042082403,0.5441031632480332,0.505133504695989,qwen4b
4,landscape,38,identity,lasso,1.0,0.0009982342285276894,0.3639890965199654,0.3018217586806504,qwen4b
4,landscape,38,emotion,lasso,4.0,0.14717983079712493,0.4685747817196157,0.4361292799130701,qwen4b
4,landscape,43,population,lasso,,0.11888630083490495,0.4381960908827616,0.4112185105708045,qwen4b
4,landscape,43,identity,lasso,11.0,0.34883522479623824,0.47963237210142046,0.46588820335907155,qwen4b
4,landscape,43,emotion,lasso,4.0,0.4072086176684442,0.4524367221369069,0.5014489367089894,qwen4b
4,landscape,48,population,lasso,,0.3519561559678787,0.3930593548922053,0.41342293959177207,qwen4b
4,landscape,48,identity,lasso,11.0,0.32220415164338584,0.34647036628912603,0.38172589566183623,qwen4b
4,landscape,48,emotion,lasso,6.0,0.5693121739937071,0.5919722974318647,0.5918037880924198,qwen4b
4,landscape,49,population,lasso,,0.41828719570470635,0.534772896483068,0.5154304566554816,qwen4b
4,landscape,49,identity,lasso,6.0,0.18425821959378821,0.41188467408826246,0.40265161253895815,qwen4b
4,landscape,49,emotion,lasso,3.0,0.380804538525441,0.545727276113075,0.5604628201861511,qwen4b
4,landscape,56,population,lasso,,0.019207463582858336,0.17608863553911744,0.14519208727317973,qwen4b
4,landscape,56,identity,lasso,0.0,2.190519695164211e-30,,,qwen4b
4,landscape,56,emotion,lasso,3.0,0.011186669955689146,-0.07609999892829973,0.024273303038354746,qwen4b
4,landscape,61,population,lasso,,0.2827765312163659,0.4888959547272469,0.48422564439675553,qwen4b
4,landscape,61,identity,lasso,7.0,0.19922208826037735,0.4031804301971452,0.3585373177819459,qwen4b
4,landscape,61,emotion,lasso,3.0,0.3277569957533366,0.4110146448047351,0.3953241241109346,qwen4b
4,landscape,72,population,lasso,,0.005665987102794356,0.01248896606688652,0.014884180996766437,qwen4b
4,landscape,72,identity,lasso,15.0,0.3495660195829314,0.5490247435678349,0.541815995887515,qwen4b
4,landscape,72,emotion,lasso,6.0,0.315930301137369,0.418894614784629,0.4479334626883454,qwen4b
4,landscape,77,population,lasso,,0.12027023260386968,0.15848346992875847,0.19530927545726964,qwen4b
4,landscape,77,identity,lasso,22.0,0.2935355204482039,0.3698110882052087,0.38391781464713226,qwen4b
4,landscape,77,emotion,lasso,6.0,0.36891699472809764,0.41947185412231663,0.42446923170689993,qwen4b
4,landscape,78,population,lasso,,0.18571185570253473,0.38206536580173556,0.3691543819720035,qwen4b
4,landscape,78,identity,lasso,22.0,0.2780837768325634,0.3391328050674177,0.3642825037154213,qwen4b
4,landscape,78,emotion,lasso,4.0,0.2619714413384502,0.33524772797920344,0.3297817795273907,qwen4b
4,landscape,89,population,lasso,,0.29837756889517353,0.4653704139921531,0.5448323241487033,qwen4b
4,landscape,89,identity,lasso,10.0,0.11568764354912053,0.3281280893567154,0.330435495750004,qwen4b
4,landscape,89,emotion,lasso,6.0,0.21258088511843343,0.39376357722623434,0.41427454436593075,qwen4b
4,landscape,90,population,lasso,,0.29339350106001777,0.459901079884567,0.48840160884202344,qwen4b
4,landscape,90,identity,lasso,13.0,0.27451302073981965,0.4121079361881144,0.4639663658634041,qwen4b
4,landscape,90,emotion,lasso,4.0,0.3708598949382429,0.4314588264626611,0.48513985107051616,qwen4b
4,landscape,97,population,lasso,,0.5603786406857216,0.6106818042160505,0.5848967345169183,qwen4b
4,landscape,97,identity,lasso,10.0,0.30715891976575604,0.4127473842130593,0.46258932882319675,qwen4b
4,landscape,97,emotion,lasso,3.0,0.5476305691863832,0.5688873137985266,0.5742794475949207,qwen4b
4,landscape,103,population,lasso,,0.33545110438909503,0.44125500381452504,0.4285394102537262,qwen4b
4,landscape,103,identity,lasso,16.0,0.3699281469006601,0.5727085019144663,0.5241977822830723,qwen4b
4,landscape,103,emotion,lasso,5.0,0.3619434221698261,0.4531150966970792,0.41973263588588244,qwen4b
4,landscape,108,population,lasso,,0.2661157387815368,0.49634766351087506,0.4256063160674081,qwen4b
4,landscape,108,identity,lasso,18.0,0.2633879266825203,0.3779501082030438,0.3642765045881372,qwen4b
4,landscape,108,emotion,lasso,6.0,0.2984669479587358,0.43783553282229065,0.39370206893907644,qwen4b
4,landscape,114,population,lasso,,0.3323948781322913,0.5156649950761985,0.48265375973008595,qwen4b
4,landscape,114,identity,lasso,17.0,0.2668291342043859,0.4199221471363182,0.41360248062970356,qwen4b
4,landscape,114,emotion,lasso,5.0,0.33136532262650537,0.5070381655482822,0.5215529178958178,qwen4b
4,landscape,115,population,lasso,,0.25239351936638266,0.29465113209758814,0.3435363973785748,qwen4b
4,landscape,115,identity,lasso,6.0,0.089772371751002,0.11303027524540475,0.19565744134598334,qwen4b
4,landscape,115,emotion,lasso,4.0,0.20359232616322848,0.17992154064120464,0.2595503367115946,qwen4b
4,landscape,124,population,lasso,,0.27511272046451407,0.5216586688183263,0.5115883139993187,qwen4b
4,landscape,124,identity,lasso,18.0,0.2237137534122117,0.35096286711924085,0.3378128304103825,qwen4b
4,landscape,124,emotion,lasso,3.0,0.34148940880317247,0.4903164995348219,0.4713437297857211,qwen4b
4,landscape,134,population,lasso,,0.33974305022701584,0.4574342436317458,0.43961969118820254,qwen4b
4,landscape,134,identity,lasso,18.0,0.1944101388988013,0.36691949846987476,0.3358004759059828,qwen4b
4,landscape,134,emotion,lasso,6.0,0.3136747403691625,0.38903981427381695,0.3891210293240033,qwen4b
4,landscape,135,population,lasso,,0.33552571782652907,0.32831348072837957,0.3714502155081466,qwen4b
4,landscape,135,identity,lasso,6.0,0.12260749158873767,0.21803179587648533,0.2463133353402275,qwen4b
4,landscape,135,emotion,lasso,5.0,0.3086429065081474,0.26412753598196387,0.36506858478769094,qwen4b
4,landscape,142,population,lasso,,0.34620620654510736,0.5177666149734802,0.5163573484928984,qwen4b
4,landscape,142,identity,lasso,12.0,0.23234577119786848,0.3754242534853274,0.34460546651507995,qwen4b
4,landscape,142,emotion,lasso,5.0,0.40103849205505615,0.4413308528205607,0.43146687953917806,qwen4b
4,landscape,143,population,lasso,,0.4095163814686227,0.6287666276487125,0.5963958850789942,qwen4b
4,landscape,143,identity,lasso,22.0,0.5183651722738853,0.7319701159322027,0.7380421786430569,qwen4b
4,landscape,143,emotion,lasso,6.0,0.5604964269000784,0.6483577983059174,0.6415977394866534,qwen4b
0,art,3,population,lasso,,0.05493302175007963,0.1383961815389445,0.07399796588960868,qwen8b
0,art,3,identity,lasso,33.0,0.10931750635971958,0.16205825434719592,0.17274240190003803,qwen8b
0,art,3,emotion,lasso,5.0,0.026330137970462474,0.14045375308748811,0.09184856219516581,qwen8b
0,art,14,population,lasso,,0.31199854814005007,0.6802438753131289,0.6511915748190644,qwen8b
0,art,14,identity,lasso,33.0,0.3698437470050557,0.5166277142849108,0.41903624420235513,qwen8b
0,art,14,emotion,lasso,5.0,0.4221648689692657,0.5651065768117903,0.5280723839587443,qwen8b
0,art,15,population,lasso,,0.19633658354531763,0.28288399131172554,0.26650913544823185,qwen8b
0,art,15,identity,lasso,12.0,0.1686860828012416,0.26498800763009395,0.2677479996178386,qwen8b
0,art,15,emotion,lasso,4.0,0.10598523511644427,0.2924426769577009,0.23497796909559124,qwen8b
0,art,19,population,lasso,,0.5001877402806789,0.5618659755716616,0.5659962125060163,qwen8b
0,art,19,identity,lasso,22.0,0.4080100595646864,0.5444573085373479,0.5259024779426739,qwen8b
0,art,19,emotion,lasso,7.0,0.5240682536929946,0.6401301548749231,0.6411594323557205,qwen8b
0,art,21,population,lasso,,0.29291449891662025,0.4709123654118329,0.49475757133174997,qwen8b
0,art,21,identity,lasso,29.0,0.46629496253922814,0.563706695667609,0.5436651122056664,qwen8b
0,art,21,emotion,lasso,5.0,0.4164826825228309,0.6032888842374171,0.5707941047804049,qwen8b
0,art,22,population,lasso,,0.25204196176006705,0.38409785953225617,0.38192409041600567,qwen8b
0,art,22,identity,lasso,36.0,0.4018159568851329,0.43585296470183255,0.4428918535785756,qwen8b
0,art,22,emotion,lasso,5.0,0.2977125683800371,0.37518799664793584,0.3262847415795964,qwen8b
0,art,30,population,lasso,,-0.16781201599826434,-0.18322311167031355,-0.18939929733480995,qwen8b
0,art,30,identity,lasso,31.0,0.23754680110306534,0.26838105992841876,0.2914699030217644,qwen8b
0,art,30,emotion,lasso,5.0,0.22521113754738048,0.2631885021078026,0.29361487913275514,qwen8b
0,art,50,population,lasso,,0.46535465199874826,0.46776849344695354,0.4942329710442798,qwen8b
0,art,50,identity,lasso,23.0,0.35424799657079764,0.42705638123195955,0.4277568396148686,qwen8b
0,art,50,emotion,lasso,4.0,0.37686601007695186,0.4836009815305624,0.5532605605020405,qwen8b
0,art,57,population,lasso,,0.4982000593126575,0.5922978896805772,0.5686583267229327,qwen8b
0,art,57,identity,lasso,21.0,0.15468023786469517,0.23060218603672256,0.20899340745799472,qwen8b
0,art,57,emotion,lasso,4.0,0.39487206985387246,0.4631169494457876,0.4754967344824807,qwen8b
0,art,62,population,lasso,,0.26299113842898914,0.45508319834729916,0.4733171377318979,qwen8b
0,art,62,identity,lasso,35.0,0.3129753613232999,0.39292573327618,0.3518821795309674,qwen8b
0,art,62,emotion,lasso,5.0,0.32762226305086717,0.36546424039440295,0.3848690680778603,qwen8b
0,art,63,population,lasso,,0.13152264471886932,0.11407086865038027,0.17064637968235752,qwen8b
0,art,63,identity,lasso,33.0,0.2809865368220803,0.3301498243167654,0.41014315095474496,qwen8b
0,art,63,emotion,lasso,3.0,0.08598141902801977,0.016767767002140145,0.15004316776092438,qwen8b
0,art,79,population,lasso,,0.47430327766224195,0.5295543810458516,0.5370214517270996,qwen8b
0,art,79,identity,lasso,26.0,0.3876827527263268,0.5026141024938934,0.49263123761226824,qwen8b
0,art,79,emotion,lasso,5.0,0.3315195989572732,0.43079030326008766,0.4317512053138411,qwen8b
0,art,80,population,lasso,,0.3236613586541928,0.7259078472473707,0.694891205924754,qwen8b
0,art,80,identity,lasso,46.0,0.8376874678765904,0.8213134400569534,0.8544993995581468,qwen8b
0,art,80,emotion,lasso,5.0,0.5946504338286736,0.7223706676993327,0.6910977987742764,qwen8b
0,art,85,population,lasso,,0.07699989858865106,0.1065662079472756,0.13479571881405913,qwen8b
0,art,85,identity,lasso,29.0,0.35966274498995243,0.42316490871576723,0.460150070186286,qwen8b
0,art,85,emotion,lasso,5.0,0.13833876266799858,0.16312709943288253,0.1849413592278839,qwen8b
0,art,86,population,lasso,,0.3745695455154193,0.6038958383904536,0.6130967410986472,qwen8b
0,art,86,identity,lasso,25.0,0.3972495593272601,0.6118905369129063,0.5725411799372743,qwen8b
0,art,86,emotion,lasso,3.0,0.36370107050484574,0.6676066766156784,0.631603107035043,qwen8b
0,art,98,population,lasso,,0.2465470762975204,0.47313500138675935,0.47086802400517014,qwen8b
0,art,98,identity,lasso,46.0,0.3114313791988489,0.3449809224612906,0.31991633517556634,qwen8b
0,art,98,emotion,lasso,6.0,0.4019868438953531,0.3668164059089763,0.4166036357159128,qwen8b
0,art,99,population,lasso,,0.48070707202785495,0.734978926549016,0.7222788210588168,qwen8b
0,art,99,identity,lasso,46.0,0.6263063935451764,0.6244163332360245,0.6407366119335768,qwen8b
0,art,99,emotion,lasso,4.0,0.6805662157213622,0.7093299593832605,0.713573687653254,qwen8b
0,art,105,population,lasso,,0.1913309494378359,0.2239476011904283,0.24500585177947368,qwen8b
0,art,105,identity,lasso,29.0,0.19810573915295857,0.3078223628521641,0.32065758526014054,qwen8b
0,art,105,emotion,lasso,5.0,0.03837098135054755,0.09565101670547471,0.10573135703338166,qwen8b
0,art,109,population,lasso,,0.41198862201213937,0.5163522210140771,0.5458929373996185,qwen8b
0,art,109,identity,lasso,29.0,0.17022705178304837,0.23038421155245734,0.2271336697942255,qwen8b
0,art,109,emotion,lasso,4.0,0.32746087392442297,0.5198958146877031,0.5186645665539694,qwen8b
0,art,110,population,lasso,,0.28334153011189966,0.44563783204989094,0.46343662737379876,qwen8b
0,art,110,identity,lasso,30.0,0.39409570817790474,0.49784816846164015,0.4689970102650067,qwen8b
0,art,110,emotion,lasso,5.0,0.3330286413483882,0.41953266384401633,0.45377994275099753,qwen8b
0,art,116,population,lasso,,0.36789244593306747,0.6066292988383171,0.5910098808463577,qwen8b
0,art,116,identity,lasso,29.0,0.46323280344047835,0.4598795313547119,0.5059373483112981,qwen8b
0,art,116,emotion,lasso,5.0,0.585582630929891,0.6139090512451328,0.6266667345886239,qwen8b
0,art,117,population,lasso,,0.5027778926842826,0.812667909161536,0.809961058449623,qwen8b
0,art,117,identity,lasso,36.0,0.6886109338674563,0.7101966135213735,0.7130355542479456,qwen8b
0,art,117,emotion,lasso,6.0,0.7073227495315072,0.7463456652338208,0.7645458847230872,qwen8b
0,art,126,population,lasso,,0.424334487761554,0.5020153632055019,0.5155373841833177,qwen8b
0,art,126,identity,lasso,33.0,0.48912750797572985,0.5866036717566054,0.5791801403546372,qwen8b
0,art,126,emotion,lasso,6.0,0.3800916320967829,0.4774955857558804,0.46703731975745616,qwen8b
0,art,127,population,lasso,,0.28227841285814903,0.542281411636848,0.5483483038556581,qwen8b
0,art,127,identity,lasso,36.0,0.43084058897391886,0.5046931787788418,0.4863691822325052,qwen8b
0,art,127,emotion,lasso,5.0,0.6360469530318843,0.6811027050510768,0.6966092640624174,qwen8b
0,art,136,population,lasso,,0.38459606910353655,0.33660933158612166,0.40359673775129273,qwen8b
0,art,136,identity,lasso,31.0,0.4117316458111061,0.4779087004041746,0.4677487811050423,qwen8b
0,art,136,emotion,lasso,4.0,0.441167023616375,0.4879027866862642,0.4750968108862119,qwen8b
0,art,144,population,lasso,,0.16449122534323782,0.6409067417676914,0.6431074992697469,qwen8b
0,art,144,identity,lasso,13.0,0.3409623005490296,0.5418003217914521,0.5386666095870076,qwen8b
0,art,144,emotion,lasso,5.0,0.5788048104291107,0.6562181268763801,0.6663382451412866,qwen8b
0,fashion,3,population,lasso,,0.21282734494955688,0.4877470762781767,0.5171938883677802,qwen8b
0,fashion,3,identity,lasso,36.0,0.27736766345344527,0.42283965349024377,0.39165740816721517,qwen8b
0,fashion,3,emotion,lasso,5.0,0.2970503853848465,0.5161378802915244,0.5097948252232447,qwen8b
0,fashion,14,population,lasso,,0.1715903763234623,0.47433177571935764,0.5269900514489114,qwen8b
0,fashion,14,identity,lasso,45.0,0.39119933760412606,0.5908644710068653,0.4388392833861956,qwen8b
0,fashion,14,emotion,lasso,7.0,0.5498943774516435,0.6096727399892148,0.6379176346127927,qwen8b
0,fashion,15,population,lasso,,0.024833743069092702,0.013544691800477763,0.06271668623737602,qwen8b
0,fashion,15,identity,lasso,10.0,-0.015412889032555784,-0.045022555544788075,-0.04564891975968976,qwen8b
0,fashion,15,emotion,lasso,5.0,-0.0010625006771573782,-0.08739035149668252,-0.003001082826915842,qwen8b
0,fashion,19,population,lasso,,0.3418438756450547,0.49528647106698565,0.4942948616147709,qwen8b
0,fashion,19,identity,lasso,33.0,0.39057284092315603,0.42552781317022703,0.5006265620851096,qwen8b
0,fashion,19,emotion,lasso,5.0,0.3810234393935601,0.4430966603442255,0.4459518925567696,qwen8b
0,fashion,21,population,lasso,,0.2000069465637001,0.26513819390223914,0.37537663000871974,qwen8b
0,fashion,21,identity,lasso,35.0,0.30087571433658256,0.3548143170303783,0.39629621356789996,qwen8b
0,fashion,21,emotion,lasso,6.0,0.31485414103794573,0.37471989027684977,0.44961542599459015,qwen8b
0,fashion,22,population,lasso,,0.11619897395041322,0.39287965818660914,0.3354981051845272,qwen8b
0,fashion,22,identity,lasso,51.0,0.20733401172697696,0.32669300940638146,0.28135909431820394,qwen8b
0,fashion,22,emotion,lasso,5.0,0.22351990344068046,0.362515680137948,0.35510025641442383,qwen8b
0,fashion,30,population,lasso,,0.20205524310498363,0.35458946814891407,0.37225385116361803,qwen8b
0,fashion,30,identity,lasso,41.0,0.5996761106846012,0.6295762061493525,0.663859426442878,qwen8b
0,fashion,30,emotion,lasso,7.0,0.5272228668559955,0.6026283991227801,0.5976878339169462,qwen8b
0,fashion,50,population,lasso,,0.1217964924494292,0.10031001419879883,0.20586192527282907,qwen8b
0,fashion,50,identity,lasso,21.0,0.14962306970659844,0.2815701034827365,0.3512436653241575,qwen8b
0,fashion,50,emotion,lasso,4.0,0.11142979020725396,0.21886304794700803,0.25816939273912415,qwen8b
0,fashion,57,population,lasso,,0.06103153139299654,0.07489855080598751,0.10569865651491327,qwen8b
0,fashion,57,identity,lasso,20.0,0.038161331302423426,0.14535790425200606,0.06593258235304572,qwen8b
0,fashion,57,emotion,lasso,6.0,0.09070086300676321,0.12331677317402079,0.13215811145470316,qwen8b
0,fashion,62,population,lasso,,0.10268780407087816,0.2519381540017753,0.23133413815731532,qwen8b
0,fashion,62,identity,lasso,37.0,0.12077339435468892,0.04943748101508025,0.16505143640631462,qwen8b
0,fashion,62,emotion,lasso,6.0,0.08933398781072795,0.060572048811269485,0.14791323966207995,qwen8b
0,fashion,63,population,lasso,,0.22484489809376862,0.37982195632970583,0.3884156552564851,qwen8b
0,fashion,63,identity,lasso,26.0,0.11753265330250794,0.1660129103011101,0.21389349075705194,qwen8b
0,fashion,63,emotion,lasso,6.0,0.13061341299247672,0.20402007779182751,0.244673760706203,qwen8b
0,fashion,79,population,lasso,,0.3952117320409448,0.45322470837246137,0.5419995017367539,qwen8b
0,fashion,79,identity,lasso,22.0,0.4014982593913821,0.544822513116438,0.6118900048854172,qwen8b
0,fashion,79,emotion,lasso,6.0,0.42993347763621853,0.4513804572702336,0.5364463884030349,qwen8b
0,fashion,80,population,lasso,,0.1469662534260688,0.284107079947445,0.3354349125532175,qwen8b
0,fashion,80,identity,lasso,40.0,0.2532274183537944,0.31795730366019154,0.32223416745275696,qwen8b
0,fashion,80,emotion,lasso,6.0,0.4355666267779178,0.5257057142209351,0.5411059154441098,qwen8b
0,fashion,85,population,lasso,,0.29363277032461466,0.4830170881684741,0.5031649527644074,qwen8b
0,fashion,85,identity,lasso,32.0,0.2826324870954236,0.3842896540232893,0.3798485319978132,qwen8b
0,fashion,85,emotion,lasso,5.0,0.3864451478142493,0.49938971544454314,0.5147318025644096,qwen8b
0,fashion,86,population,lasso,,0.10007069185083343,0.21454348370778373,0.19917015904442031,qwen8b
0,fashion,86,identity,lasso,30.0,0.10065947689022792,0.1397934919495214,0.13901481960786932,qwen8b
0,fashion,86,emotion,lasso,5.0,0.1649737308520033,0.2537697176692815,0.2534571773986785,qwen8b
0,fashion,98,population,lasso,,0.17390499591858222,0.395335187207106,0.4113940585167575,qwen8b
0,fashion,98,identity,lasso,48.0,0.1907894752904124,0.16468209002729584,0.2154341224684424,qwen8b
0,fashion,98,emotion,lasso,6.0,0.2630352564136209,0.3357943898291299,0.32278011711798016,qwen8b
0,fashion,99,population,lasso,,0.308473759089872,0.6092033719501596,0.6221908671685248,qwen8b
0,fashion,99,identity,lasso,39.0,0.42264293980548895,0.47898523261413034,0.4933260096766672,qwen8b
0,fashion,99,emotion,lasso,7.0,0.5056000310449686,0.544780176605209,0.5829713009516343,qwen8b
0,fashion,105,population,lasso,,0.18853243679954645,0.37616802848574243,0.34589860241666787,qwen8b
0,fashion,105,identity,lasso,37.0,0.34352875136673583,0.4223797997198942,0.3953769792611138,qwen8b
0,fashion,105,emotion,lasso,6.0,0.17185828614900506,0.2543226407783836,0.20230044467644867,qwen8b
0,fashion,109,population,lasso,,0.2556468058315443,0.41664307144846596,0.4177962534556353,qwen8b
0,fashion,109,identity,lasso,27.0,0.19474033257013726,0.31316640495639986,0.26645126000038344,qwen8b
0,fashion,109,emotion,lasso,6.0,0.22074960532035326,0.26543133157955057,0.3217612520410907,qwen8b
0,fashion,110,population,lasso,,0.299150431877643,0.47743545872497634,0.47687482646151025,qwen8b
0,fashion,110,identity,lasso,29.0,0.13276454946495636,0.1719367256381626,0.16401275186020206,qwen8b
0,fashion,110,emotion,lasso,6.0,0.19716189134730874,0.2548820800582004,0.2569876473658873,qwen8b
0,fashion,116,population,lasso,,0.27417206894882884,0.4227029503623214,0.5000264324032109,qwen8b
0,fashion,116,identity,lasso,20.0,0.16909981785406367,0.30071721189271927,0.38296673272340553,qwen8b
0,fashion,116,emotion,lasso,3.0,0.22824203653868913,0.2954397077562099,0.4295980932658208,qwen8b
0,fashion,117,population,lasso,,0.2426409897842797,0.41429830783297694,0.45501166602392745,qwen8b
0,fashion,117,identity,lasso,38.0,0.49090373783200636,0.55065537554508,0.5466708243415876,qwen8b
0,fashion,117,emotion,lasso,5.0,0.39554682752340986,0.41846993946589417,0.47131844829318376,qwen8b
0,fashion,126,population,lasso,,0.1426912040408114,0.16138912217544865,0.2792281277337418,qwen8b
0,fashion,126,identity,lasso,35.0,0.24230928985473132,0.16044590675824366,0.33681100983853846,qwen8b
0,fashion,126,emotion,lasso,5.0,0.17172935596889527,0.0927329683862621,0.24599072337736314,qwen8b
0,fashion,127,population,lasso,,0.11823455416055431,0.37073724554242443,0.3495148395839465,qwen8b
0,fashion,127,identity,lasso,47.0,0.3172157450307925,0.39682197820216036,0.35514442472233904,qwen8b
0,fashion,127,emotion,lasso,5.0,0.17665475204408868,0.25131731127534696,0.24210023783472848,qwen8b
0,fashion,136,population,lasso,,0.2168079851907517,0.5156409855110854,0.4555268722869495,qwen8b
0,fashion,136,identity,lasso,33.0,0.36705848524259704,0.5342827488536991,0.5467325223752396,qwen8b
0,fashion,136,emotion,lasso,6.0,0.30521736397170357,0.539433762408895,0.5059656566587948,qwen8b
0,fashion,144,population,lasso,,0.17121913811276857,0.5824566516821248,0.5799860919658514,qwen8b
0,fashion,144,identity,lasso,22.0,0.35644798908081315,0.5032380868910387,0.5308084828938211,qwen8b
0,fashion,144,emotion,lasso,4.0,0.4494640205035991,0.6354210791975982,0.637981929938277,qwen8b
0,landscape,3,population,lasso,,0.2746333421253488,0.3567913844666523,0.4290334313995557,qwen8b
0,landscape,3,identity,lasso,37.0,0.28871062768962713,0.33713783206036574,0.3219315817515089,qwen8b
0,landscape,3,emotion,lasso,2.0,0.22005699760234718,0.32284433940124824,0.3918762338246446,qwen8b
0,landscape,14,population,lasso,,0.1633495968728652,0.41806982723635966,0.35067402864423775,qwen8b
0,landscape,14,identity,lasso,36.0,0.2771406949741315,0.38321795530537434,0.3477963197312651,qwen8b
0,landscape,14,emotion,lasso,4.0,0.16801828710919128,0.30522099228318383,0.3470480915211283,qwen8b
0,landscape,15,population,lasso,,0.02102870928929578,0.036807362208736254,0.03264943825435031,qwen8b
0,landscape,15,identity,lasso,11.0,0.07970925498210016,0.3296659397825943,0.288018701345644,qwen8b
0,landscape,15,emotion,lasso,0.0,0.0,,,qwen8b
0,landscape,19,population,lasso,,0.43659699867698903,0.3966278030753162,0.5279126907045971,qwen8b
0,landscape,19,identity,lasso,32.0,0.5504101674428509,0.6801881478998453,0.637701790886453,qwen8b
0,landscape,19,emotion,lasso,3.0,0.5841751733920372,0.5495414768971333,0.7070258610636128,qwen8b
0,landscape,21,population,lasso,,0.10575611778227532,0.13118265973578072,0.1907489565535946,qwen8b
0,landscape,21,identity,lasso,32.0,0.3329820580616085,0.33521098997000187,0.3426696143008258,qwen8b
0,landscape,21,emotion,lasso,2.0,0.26019596443799875,0.41863590722132776,0.34569368508876663,qwen8b
0,landscape,22,population,lasso,,0.32453980797656784,0.5631783578493667,0.5368296352256964,qwen8b
0,landscape,22,identity,lasso,46.0,0.3992514568464674,0.471005060749388,0.4682740734053164,qwen8b
0,landscape,22,emotion,lasso,4.0,0.34067929962888127,0.471053803899626,0.4769695368589948,qwen8b
0,landscape,30,population,lasso,,0.27718864575297947,0.6127457338268286,0.7053683786110255,qwen8b
0,landscape,30,identity,lasso,39.0,0.42188356092464435,0.45039558055290685,0.5449902171049597,qwen8b
0,landscape,30,emotion,lasso,1.0,0.505224666304869,0.6927472550648547,0.7758762720834871,qwen8b
0,landscape,50,population,lasso,,0.3235498608432847,0.29503260525142877,0.3582317973692053,qwen8b
0,landscape,50,identity,lasso,27.0,0.4448242767982999,0.37037724250211257,0.4794210486101425,qwen8b
0,landscape,50,emotion,lasso,3.0,0.3090548223641776,0.34795132263520673,0.40584212190381236,qwen8b
0,landscape,57,population,lasso,,0.12311030673291432,0.15713661115344493,0.14357919006053674,qwen8b
0,landscape,57,identity,lasso,27.0,0.10287700172686332,0.07373054688628879,0.17705418456673783,qwen8b
0,landscape,57,emotion,lasso,2.0,0.06704344365455682,0.14409794601986964,0.1378808351151391,qwen8b
0,landscape,62,population,lasso,,0.4330176620791229,0.6905790701720979,0.6931659848740833,qwen8b
0,landscape,62,identity,lasso,38.0,0.49428033999453225,0.5325563715215063,0.5123008908761947,qwen8b
0,landscape,62,emotion,lasso,3.0,0.4499708108898852,0.7006666826960194,0.6948539601388036,qwen8b
0,landscape,63,population,lasso,,0.13126054089558672,0.15414936912312338,0.18482935111941465,qwen8b
0,landscape,63,identity,lasso,30.0,-0.0887446079730863,-0.10319687902744801,-0.12631930460624335,qwen8b
0,landscape,63,emotion,lasso,3.0,-0.027351721334317156,-0.20541191493946215,-0.23543579948414156,qwen8b
0,landscape,80,population,lasso,,0.3527753595091215,0.5773168449975848,0.6027484176117218,qwen8b
0,landscape,80,identity,lasso,28.0,0.6039289211027058,0.6217446106591326,0.6339697657531088,qwen8b
0,landscape,80,emotion,lasso,5.0,0.5660073883801311,0.6716892307379935,0.6825353749051354,qwen8b
0,landscape,85,population,lasso,,0.17446279153775832,0.27675460828964155,0.24194913581264832,qwen8b
0,landscape,85,identity,lasso,37.0,0.46547116167734554,0.5592355173985182,0.5595200471810554,qwen8b
0,landscape,85,emotion,lasso,4.0,0.6004333021770175,0.7395890962443408,0.7406094323140431,qwen8b
0,landscape,86,population,lasso,,0.4753112483231634,0.6223111585574205,0.6356172388534042,qwen8b
0,landscape,86,identity,lasso,19.0,0.28065558509708416,0.4719954456176311,0.41813504413015434,qwen8b
0,landscape,86,emotion,lasso,3.0,0.32072517220219005,0.617434111860262,0.6062143278250404,qwen8b
0,landscape,98,population,lasso,,0.21844998534285276,0.4470121790218317,0.4788970559916752,qwen8b
0,landscape,98,identity,lasso,45.0,0.3302631928188938,0.35721393829968173,0.3454874898345693,qwen8b
0,landscape,98,emotion,lasso,4.0,0.35061157848128605,0.47580698679058725,0.5313818995028322,qwen8b
0,landscape,99,population,lasso,,0.4019407326252286,0.6321929352515474,0.600751663745827,qwen8b
0,landscape,99,identity,lasso,45.0,0.5595283520387351,0.6407486357904865,0.6086982629385193,qwen8b
0,landscape,99,emotion,lasso,5.0,0.451234855302961,0.6030546637017893,0.5771221735485514,qwen8b
0,landscape,105,population,lasso,,0.24735991876003433,0.3643563815890976,0.39913676977697204,qwen8b
0,landscape,105,identity,lasso,30.0,0.22173881043043153,0.21864432328027592,0.2977616927820325,qwen8b
0,landscape,105,emotion,lasso,2.0,0.20125726383401818,0.3413331648420114,0.46479892280100643,qwen8b
0,landscape,109,population,lasso,,0.4212236946063498,0.5348856757967148,0.5796679908014015,qwen8b
0,landscape,109,identity,lasso,29.0,0.2933956600163119,0.44486325785573827,0.4913850017245544,qwen8b
0,landscape,109,emotion,lasso,3.0,0.19375882903627836,0.48299156468442467,0.4821619789627917,qwen8b
0,landscape,110,population,lasso,,0.5416196577201142,0.6603873655791312,0.6263285341520967,qwen8b
0,landscape,110,identity,lasso,33.0,0.6164465179206152,0.6896147346776356,0.6762114351314613,qwen8b
0,landscape,110,emotion,lasso,3.0,0.5897084961064641,0.739654006254902,0.7199490372303989,qwen8b
0,landscape,116,population,lasso,,0.1566901276093415,0.35496816893967287,0.39197293750447476,qwen8b
0,landscape,116,identity,lasso,30.0,0.27018460378158693,0.1939235220267115,0.30377540444075735,qwen8b
0,landscape,116,emotion,lasso,3.0,0.2047763990472179,0.2847784700291278,0.30437310968898595,qwen8b
0,landscape,117,population,lasso,,0.4470980389950273,0.5780709826059202,0.5523969229477684,qwen8b
0,landscape,117,identity,lasso,33.0,0.45557593600640284,0.5796352459142986,0.5332771514771452,qwen8b
0,landscape,117,emotion,lasso,4.0,0.4554855820342748,0.5839748150923808,0.5660576655719064,qwen8b
0,landscape,126,population,lasso,,0.27642594304417045,0.4006318020733921,0.47064437988008556,qwen8b
0,landscape,126,identity,lasso,40.0,0.2671916673754371,0.3999940095890725,0.420492283900332,qwen8b
0,landscape,126,emotion,lasso,2.0,0.28874126762806324,0.5100377436143748,0.5221305305428765,qwen8b
0,landscape,127,population,lasso,,0.26278500703408325,0.4047564950124337,0.4390370908447544,qwen8b
0,landscape,127,identity,lasso,34.0,0.4369190473798693,0.39341549177053947,0.4428989852389253,qwen8b
0,landscape,127,emotion,lasso,3.0,0.4127356192972972,0.4407348501246501,0.4586195801709625,qwen8b
0,landscape,136,population,lasso,,0.2993415521441571,0.39487067141277654,0.4466010624633636,qwen8b
0,landscape,136,identity,lasso,30.0,0.26906330140944396,0.2995260446024023,0.36374328273701506,qwen8b
0,landscape,136,emotion,lasso,2.0,0.1932610106105902,0.3089705595222978,0.358035710397237,qwen8b
0,landscape,144,population,lasso,,0.27923402291587057,0.6142064504752217,0.6238198258354317,qwen8b
0,landscape,144,identity,lasso,19.0,0.4940197024284316,0.6305894367460219,0.6057720074160466,qwen8b
0,landscape,144,emotion,lasso,3.0,0.5774156694893868,0.6516384634104045,0.6578567344767537,qwen8b
1,art,5,population,lasso,,0.05507124523348127,0.049312160932665126,0.09851755474183409,qwen8b
1,art,5,identity,lasso,27.0,0.04461825839448886,0.19376658044569559,0.051978250259425804,qwen8b
1,art,5,emotion,lasso,7.0,0.16896005022072405,0.2073875927074702,0.2787773777292397,qwen8b
1,art,6,population,lasso,,0.4221867461012176,0.6525465288629051,0.6326072266875469,qwen8b
1,art,6,identity,lasso,36.0,0.5040387231123977,0.5893711294536209,0.5470667558196883,qwen8b
1,art,6,emotion,lasso,7.0,0.7089507898493926,0.7119822637451991,0.7185793039909593,qwen8b
1,art,16,population,lasso,,0.256750943060856,0.43176548224183603,0.43396630277854376,qwen8b
1,art,16,identity,lasso,43.0,0.36365364373055276,0.35746437621918953,0.3847811445977389,qwen8b
1,art,16,emotion,lasso,5.0,0.3847236037333936,0.44634293020822147,0.4280114928505798,qwen8b
1,art,17,population,lasso,,0.09691192077606925,0.12584105058478826,0.12324861989040838,qwen8b
1,art,17,identity,lasso,38.0,0.17456200069092515,0.1817158518198601,0.21377185740557259,qwen8b
1,art,17,emotion,lasso,7.0,0.11415232731499163,0.19983342796726036,0.17195891088279003,qwen8b
1,art,23,population,lasso,,0.049417431436452997,0.07992780296342047,0.07484176310434204,qwen8b
1,art,23,identity,lasso,39.0,0.37555430975034376,0.49915503550185375,0.4580434548909961,qwen8b
1,art,23,emotion,lasso,7.0,0.21665263185720324,0.32802882189113153,0.3346041362270628,qwen8b
1,art,35,population,lasso,,0.07688756198170203,0.08980505350779311,0.09334905161390303,qwen8b
1,art,35,identity,lasso,20.0,0.13247627860498976,0.21286351626571506,0.17667969229144437,qwen8b
1,art,35,emotion,lasso,6.0,0.013322841181597782,0.09611173457247271,0.033011302973780125,qwen8b
1,art,39,population,lasso,,0.5434635538624091,0.7451508783596577,0.7726595946301499,qwen8b
1,art,39,identity,lasso,35.0,0.6489465481836139,0.6804284091432627,0.6806168171454915,qwen8b
1,art,39,emotion,lasso,6.0,0.6501375126448815,0.6531716265483034,0.6763654713012657,qwen8b
1,art,44,population,lasso,,0.31349304907263165,0.5993508375316094,0.5883463209665825,qwen8b
1,art,44,identity,lasso,26.0,0.5601293347039756,0.6466324588244864,0.6289884885330138,qwen8b
1,art,44,emotion,lasso,6.0,0.6635480293112063,0.7118760928624877,0.6929610271223731,qwen8b
1,art,51,population,lasso,,0.35238433172314065,0.5567029467225841,0.5885386303569097,qwen8b
1,art,51,identity,lasso,39.0,0.516524028874681,0.5622592534925347,0.5575027456530794,qwen8b
1,art,51,emotion,lasso,7.0,0.4845326352952105,0.5995937358239565,0.5712091191465513,qwen8b
1,art,64,population,lasso,,0.24809236267657,0.37181454380888174,0.38265046976785333,qwen8b
1,art,64,identity,lasso,33.0,0.25199939158596774,0.33656182469325097,0.2947995931830212,qwen8b
1,art,64,emotion,lasso,7.0,0.22279657464965782,0.2892607079051895,0.26226313214436214,qwen8b
1,art,69,population,lasso,,0.334093620592951,0.3850737997260524,0.39677164774745677,qwen8b
1,art,69,identity,lasso,27.0,0.2774660284595728,0.375534813813673,0.3296352247875898,qwen8b
1,art,69,emotion,lasso,7.0,0.22357201199189836,0.25559461726275523,0.24891349351567088,qwen8b
1,art,81,population,lasso,,0.34433594907171505,0.33582108989161674,0.44800325169482225,qwen8b
1,art,81,identity,lasso,28.0,0.33847570010494354,0.4474866264567745,0.45994735723215174,qwen8b
1,art,81,emotion,lasso,4.0,0.43056153164076144,0.423576700768619,0.5030179061076939,qwen8b
1,art,92,population,lasso,,0.3468388386618252,0.4432131821210592,0.4939992883980021,qwen8b
1,art,92,identity,lasso,35.0,0.3044897263331691,0.38168580374772804,0.35989778692771496,qwen8b
1,art,92,emotion,lasso,7.0,0.44328975352191835,0.47788064351896165,0.49371639929359495,qwen8b
1,art,100,population,lasso,,0.3841197142833687,0.5843333401801265,0.65616163588642,qwen8b
1,art,100,identity,lasso,28.0,0.5150142152742324,0.4642518932499064,0.5482941221515424,qwen8b
1,art,100,emotion,lasso,6.0,0.5608399613051525,0.6170285372929134,0.6564767138982003,qwen8b
1,art,101,population,lasso,,0.48944438770402116,0.6445630534420052,0.6588604856786189,qwen8b
1,art,101,identity,lasso,20.0,0.368546573288155,0.5003560746540713,0.42849384833788706,qwen8b
1,art,101,emotion,lasso,7.0,0.49264062563230454,0.6261131940746251,0.5823220255734856,qwen8b
1,art,106,population,lasso,,0.363745103511701,0.41562141430236643,0.4345766721299521,qwen8b
1,art,106,identity,lasso,27.0,0.2021964280681453,0.25594936022139425,0.24032671966196076,qwen8b
1,art,106,emotion,lasso,7.0,0.3751018329450248,0.4374086307783551,0.4287506080121452,qwen8b
1,art,111,population,lasso,,0.44647410854911546,0.642573486724794,0.6267096449066177,qwen8b
1,art,111,identity,lasso,32.0,0.6421098926581602,0.7285419260959239,0.7021723085464705,qwen8b
1,art,111,emotion,lasso,6.0,0.5825424918407482,0.6661446844687958,0.6404236081974037,qwen8b
1,art,118,population,lasso,,0.4753504412467637,0.6387699004507686,0.6166545273140718,qwen8b
1,art,118,identity,lasso,28.0,0.5108086307147917,0.5437368063518753,0.5428169273027397,qwen8b
1,art,118,emotion,lasso,7.0,0.5187146988669761,0.580763334362089,0.5506501993611637,qwen8b
1,art,119,population,lasso,,0.3453442438028523,0.6544298935234343,0.6822553813138379,qwen8b
1,art,119,identity,lasso,47.0,0.5751800132870993,0.6318616500127463,0.6181569787278054,qwen8b
1,art,119,emotion,lasso,7.0,0.5824821996332358,0.6026556878224443,0.6197816579004813,qwen8b
1,art,128,population,lasso,,0.3904500614331351,0.4656205641165083,0.4477527662170057,qwen8b
1,art,128,identity,lasso,30.0,0.27462019438240054,0.41708813103103615,0.3797829941547636,qwen8b
1,art,128,emotion,lasso,6.0,0.29474368997655764,0.5023708466078833,0.4860836208970159,qwen8b
1,art,129,population,lasso,,0.21043653783917912,0.31030604981525406,0.312505884969338,qwen8b
1,art,129,identity,lasso,35.0,0.18920795627362877,0.2546075188814034,0.2711786033074041,qwen8b
1,art,129,emotion,lasso,6.0,0.2323172324863809,0.27091564730798134,0.30329518114717907,qwen8b
1,art,137,population,lasso,,0.46323281789534143,0.5236163696348927,0.558579350452015,qwen8b
1,art,137,identity,lasso,26.0,0.5282200274729759,0.5569853093385059,0.5580827799734036,qwen8b
1,art,137,emotion,lasso,7.0,0.5901529826724833,0.637271480053966,0.6551830524859805,qwen8b
1,fashion,5,population,lasso,,0.017234846443298864,-0.0046959422469838984,0.038540431637903924,qwen8b
1,fashion,5,identity,lasso,50.0,0.2738094098307064,0.22780656195879845,0.3383486002549803,qwen8b
1,fashion,5,emotion,lasso,5.0,0.1502450743258445,0.24290828532125805,0.2553525659758935,qwen8b
1,fashion,6,population,lasso,,0.24202190452945194,0.44614000552455507,0.4899175825671127,qwen8b
1,fashion,6,identity,lasso,63.0,0.4106977128992451,0.5053976829805406,0.4464094770195844,qwen8b
1,fashion,6,emotion,lasso,6.0,0.4587112789577185,0.5960920605106336,0.5909706630590591,qwen8b
1,fashion,16,population,lasso,,0.055840359503770025,0.1743782025500011,0.12876886686396216,qwen8b
1,fashion,16,identity,lasso,74.0,0.1967714052768082,0.06834532014837669,0.19999778485114095,qwen8b
1,fashion,16,emotion,lasso,5.0,0.1957711323170937,0.2705986497017514,0.25658662806173993,qwen8b
1,fashion,17,population,lasso,,0.07415541221433175,0.03716754536135165,0.1370341451254498,qwen8b
1,fashion,17,identity,lasso,54.0,0.11005962621558847,0.0685194008368588,0.11722733969997418,qwen8b
1,fashion,17,emotion,lasso,6.0,0.2536285505973239,0.23368499359484254,0.27776517895834163,qwen8b
1,fashion,23,population,lasso,,0.22769719910218278,0.5539629361572534,0.5310221968599608,qwen8b
1,fashion,23,identity,lasso,70.0,0.40150812695154126,0.44283509189786846,0.40271043122470535,qwen8b
1,fashion,23,emotion,lasso,6.0,0.47299549114803396,0.4930250410797912,0.5139242071786111,qwen8b
1,fashion,35,population,lasso,,0.16715373792128102,0.23859648121315716,0.24863476655197558,qwen8b
1,fashion,35,identity,lasso,55.0,0.19888681946041614,0.16154808378821875,0.22532668003624567,qwen8b
1,fashion,35,emotion,lasso,4.0,0.14476838882989912,0.20299587850774575,0.22471104592667304,qwen8b
1,fashion,39,population,lasso,,0.246645542531505,0.4208837164412551,0.45910575026107614,qwen8b
1,fashion,39,identity,lasso,65.0,0.2868115483373204,0.23199418841308153,0.2918147893087151,qwen8b
1,fashion,39,emotion,lasso,5.0,0.3769156181019528,0.3807828651424035,0.4170937594923782,qwen8b
1,fashion,44,population,lasso,,0.10788131464451939,0.3272144941807209,0.28501686561821415,qwen8b
1,fashion,44,identity,lasso,47.0,0.11613766640755295,0.16595763227654303,0.14743386364302236,qwen8b
1,fashion,44,emotion,lasso,5.0,0.21244252077287676,0.3061121228352123,0.2688414984183591,qwen8b
1,fashion,51,population,lasso,,0.16987492051220754,0.4126937768874246,0.443484367512338,qwen8b
1,fashion,51,identity,lasso,72.0,0.264655617173654,0.22115623832963438,0.2677301690773941,qwen8b
1,fashion,51,emotion,lasso,5.0,0.3685464968607804,0.42273067847123885,0.4700914376172345,qwen8b
1,fashion,64,population,lasso,,0.039598373044783176,0.20014974510957026,0.20705579604780178,qwen8b
1,fashion,64,identity,lasso,61.0,-0.2282610418692582,-0.21846184262760981,-0.2611312740383397,qwen8b
1,fashion,64,emotion,lasso,4.0,0.014102354274409916,0.19728693741133224,0.08371459060556156,qwen8b
1,fashion,69,population,lasso,,0.204354862106257,0.32612239725395004,0.3153006006557683,qwen8b
1,fashion,69,identity,lasso,53.0,0.06495248830454387,0.15720318015482598,0.06929073729660253,qwen8b
1,fashion,69,emotion,lasso,3.0,0.17095388197674696,0.35111660940178596,0.23568620757101041,qwen8b
1,fashion,81,population,lasso,,0.16843810969495915,0.3974366772348474,0.3779788622817314,qwen8b
1,fashion,81,identity,lasso,35.0,0.2577139562433585,0.3073408439086448,0.3083825471355243,qwen8b
1,fashion,81,emotion,lasso,4.0,0.24615349122415953,0.34799583835323655,0.35122939702589995,qwen8b
1,fashion,92,population,lasso,,0.09308093358023008,0.16903188881513528,0.25580000733614616,qwen8b
1,fashion,92,identity,lasso,41.0,0.24480508959126254,0.20979555234908154,0.2728981429697569,qwen8b
1,fashion,92,emotion,lasso,5.0,0.19645236465660632,0.20651076572349275,0.27490661632166835,qwen8b
1,fashion,100,population,lasso,,0.20087969990811072,0.5836651263018283,0.5977538785308427,qwen8b
1,fashion,100,identity,lasso,61.0,0.3625498781962317,0.32764768790578447,0.3994640981287894,qwen8b
1,fashion,100,emotion,lasso,6.0,0.4417972117403935,0.5314094428671092,0.5291262560681793,qwen8b
1,fashion,101,population,lasso,,0.12775521958707253,0.19002644091024024,0.22030291146115213,qwen8b
1,fashion,101,identity,lasso,56.0,0.15275311329249325,0.16843704945604016,0.16914900498328678,qwen8b
1,fashion,101,emotion,lasso,5.0,0.11744729924473253,0.10396734594303719,0.15685149281815666,qwen8b
1,fashion,106,population,lasso,,0.06864063427537034,0.28232224968977904,0.2872990437076544,qwen8b
1,fashion,106,identity,lasso,52.0,0.11089891917678896,0.12577342423964566,0.13552608574023242,qwen8b
1,fashion,106,emotion,lasso,5.0,0.13227476626737003,0.19613133504561583,0.20859810915582822,qwen8b
1,fashion,111,population,lasso,,0.13247352830748815,0.3286538347013188,0.2741191976231624,qwen8b
1,fashion,111,identity,lasso,61.0,0.4318432690193321,0.4227022646853335,0.4558045285185275,qwen8b
1,fashion,111,emotion,lasso,6.0,0.37843668239230605,0.5578569797328573,0.560661318094856,qwen8b
1,fashion,118,population,lasso,,0.1438782443748917,0.2859776828470106,0.28106413101691213,qwen8b
1,fashion,118,identity,lasso,64.0,0.259131238669473,0.27963363719633166,0.27825084208156453,qwen8b
1,fashion,118,emotion,lasso,5.0,0.2305685081627938,0.3871850361179977,0.33934041354262523,qwen8b
1,fashion,119,population,lasso,,0.15374701560360102,0.5351776700409818,0.5361161649132395,qwen8b
1,fashion,119,identity,lasso,63.0,0.44833000639364584,0.48270255229800796,0.49422946355084213,qwen8b
1,fashion,119,emotion,lasso,6.0,0.3521362752913252,0.5023807214516232,0.5125256358251854,qwen8b
1,fashion,128,population,lasso,,0.3309467873783677,0.5961590023229645,0.5297602145060846,qwen8b
1,fashion,128,identity,lasso,50.0,0.4530124180240614,0.4989914144360513,0.4814570403654787,qwen8b
1,fashion,128,emotion,lasso,6.0,0.44743065597692444,0.46922302364321583,0.497988344769493,qwen8b
1,fashion,129,population,lasso,,0.09913434941479075,0.29961916404665345,0.26186895727139103,qwen8b
1,fashion,129,identity,lasso,56.0,0.0034090807966068366,-0.050478500003852615,0.003824264751458699,qwen8b
1,fashion,129,emotion,lasso,3.0,-0.006252928539796084,-0.010305818633095777,-0.012356652748048518,qwen8b
1,fashion,137,population,lasso,,0.029855753227362464,0.06877987036355553,0.06923961186955754,qwen8b
1,fashion,137,identity,lasso,54.0,-0.18408727806295774,-0.19317742007145375,-0.20866228270197865,qwen8b
1,fashion,137,emotion,lasso,4.0,0.0537013799549441,0.10623768465507462,0.10492651444093638,qwen8b
1,landscape,5,population,lasso,,0.3015993615056177,0.4809369752717366,0.4907894185574815,qwen8b
1,landscape,5,identity,lasso,4.0,0.24642223146801268,0.4878207132215778,0.45942240852679367,qwen8b
1,landscape,5,emotion,lasso,4.0,0.5373912903488127,0.6271907211164957,0.6232493878722507,qwen8b
1,landscape,6,population,lasso,,0.4164348814439272,0.6476480515743108,0.6474404407940286,qwen8b
1,landscape,6,identity,lasso,20.0,0.41871867004799357,0.5551479544024034,0.5202464999331031,qwen8b
1,landscape,6,emotion,lasso,5.0,0.5086775881121485,0.6076121624637933,0.5940337102192488,qwen8b
1,landscape,16,population,lasso,,0.2374044099766591,0.3970596094498983,0.42332431694915484,qwen8b
1,landscape,16,identity,lasso,26.0,0.17869543632919288,0.2831514783475183,0.23153536674094996,qwen8b
1,landscape,16,emotion,lasso,5.0,0.27747740427126477,0.38214657247525424,0.3449314784503478,qwen8b
1,landscape,17,population,lasso,,0.04895805114079401,0.12342122775501971,0.06182286527710812,qwen8b
1,landscape,17,identity,lasso,15.0,0.0409385755972535,0.09174062787829981,0.07959065234830161,qwen8b
1,landscape,17,emotion,lasso,4.0,0.16527540839443344,0.16441965112489254,0.25134761827949276,qwen8b
1,landscape,23,population,lasso,,0.3872161193432007,0.7565085053272412,0.7482402142030796,qwen8b
1,landscape,23,identity,lasso,20.0,0.4962055907218226,0.6301962526334095,0.6430149368664594,qwen8b
1,landscape,23,emotion,lasso,4.0,0.5342264164739179,0.6832366736796808,0.6805910812319594,qwen8b
1,landscape,35,population,lasso,,0.3527531738127189,0.4000850077461452,0.43809868588022655,qwen8b
1,landscape,35,identity,lasso,8.0,0.06257405244778684,0.33414413698647155,0.31356826389158654,qwen8b
1,landscape,35,emotion,lasso,5.0,0.17795227298449287,0.39625064953823763,0.3497666929582169,qwen8b
1,landscape,39,population,lasso,,0.41681331721860676,0.719858245938029,0.6959426609150847,qwen8b
1,landscape,39,identity,lasso,20.0,0.4668792129480461,0.6321225824259452,0.6271603359957525,qwen8b
1,landscape,39,emotion,lasso,6.0,0.6415170665911969,0.7293150810005617,0.7037708194687201,qwen8b
1,landscape,44,population,lasso,,0.3408028161219807,0.5770296077360874,0.5277900285668506,qwen8b
1,landscape,44,identity,lasso,18.0,0.12825117841365943,0.2517663058143904,0.2330378044901428,qwen8b
1,landscape,44,emotion,lasso,5.0,0.3800943883834433,0.537330132144838,0.4884236158550931,qwen8b
1,landscape,51,population,lasso,,0.41619446389211817,0.7710688723224367,0.7486969460424292,qwen8b
1,landscape,51,identity,lasso,24.0,0.4455570782123013,0.6507809603963315,0.6394923053754002,qwen8b
1,landscape,51,emotion,lasso,4.0,0.5309552371428883,0.7366174800717561,0.6666967791169794,qwen8b
1,landscape,64,population,lasso,,0.15041571982398932,0.2979018791694482,0.2946397738088998,qwen8b
1,landscape,64,identity,lasso,15.0,0.10693784732743086,0.19244332967072958,0.18830487452204872,qwen8b
1,landscape,64,emotion,lasso,2.0,0.20020685447064387,0.2804160119457731,0.265707360310728,qwen8b
1,landscape,69,population,lasso,,0.1830458550629232,0.2000078118051645,0.20433889660213167,qwen8b
1,landscape,69,identity,lasso,14.0,0.21171264762730918,0.24226654734598244,0.3843277148898846,qwen8b
1,landscape,69,emotion,lasso,5.0,0.25345835348221574,0.3903492541632677,0.44542379683708877,qwen8b
1,landscape,81,population,lasso,,0.3092550156597463,0.4387315322266738,0.39064640813510165,qwen8b
1,landscape,81,identity,lasso,2.0,0.028430729229455314,0.2613976278692523,0.286590549203914,qwen8b
1,landscape,81,emotion,lasso,5.0,0.31678146172055427,0.45911725917999907,0.4376966560586488,qwen8b
1,landscape,92,population,lasso,,0.36303820184324737,0.558314356238596,0.5566886532078955,qwen8b
1,landscape,92,identity,lasso,10.0,0.2666249599214752,0.36202025890296513,0.5269694125526203,qwen8b
1,landscape,92,emotion,lasso,4.0,0.35618872197643553,0.5012741885140947,0.497205881067487,qwen8b
1,landscape,100,population,lasso,,0.30743349809188014,0.5237960838883873,0.500134801075964,qwen8b
1,landscape,100,identity,lasso,19.0,0.4567817937243088,0.5864238765272162,0.6478511213240331,qwen8b
1,landscape,100,emotion,lasso,5.0,0.4779344847163791,0.5766351625262509,0.5620167572171484,qwen8b
1,landscape,101,population,lasso,,0.1659443961651597,0.215899833866716,0.24710254767125486,qwen8b
1,landscape,101,identity,lasso,9.0,0.20510381423076757,0.4036940631834569,0.44934126226279314,qwen8b
1,landscape,101,emotion,lasso,4.0,0.3135277275475596,0.3812807329727173,0.41591008634574983,qwen8b
1,landscape,106,population,lasso,,0.4138805137349048,0.581768703456803,0.588410868858502,qwen8b
1,landscape,106,identity,lasso,21.0,0.36136705596921814,0.530932622588077,0.5080411932200362,qwen8b
1,landscape,106,emotion,lasso,6.0,0.39896585365534626,0.5157362478785357,0.5365489382549162,qwen8b
1,landscape,111,population,lasso,,0.3105788326041701,0.4387219741644517,0.4452682029543968,qwen8b
1,landscape,111,identity,lasso,20.0,0.27254580944707424,0.3706622444651318,0.4411182879900895,qwen8b
1,landscape,111,emotion,lasso,6.0,0.4271805861101936,0.5576665632340513,0.5727496187664929,qwen8b
1,landscape,118,population,lasso,,0.35021283965172323,0.5560410818939683,0.5257168708014355,qwen8b
1,landscape,118,identity,lasso,27.0,0.39762083498661177,0.5146666066921517,0.5165357319210071,qwen8b
1,landscape,118,emotion,lasso,4.0,0.5140729795579179,0.5668452468985341,0.5472622850078653,qwen8b
1,landscape,119,population,lasso,,0.4272459402498038,0.7386404045645419,0.7546232185074484,qwen8b
1,landscape,119,identity,lasso,23.0,0.6236040779617634,0.704501562336769,0.718915667443505,qwen8b
1,landscape,119,emotion,lasso,5.0,0.7017603124885278,0.7308815767855027,0.727563070600736,qwen8b
1,landscape,128,population,lasso,,0.32335202377122213,0.44198033337842235,0.3943346620419515,qwen8b
1,landscape,128,identity,lasso,10.0,0.04572584380836901,0.1110493222487509,0.14096331111296886,qwen8b
1,landscape,128,emotion,lasso,5.0,0.22453240105844413,0.44394536222039205,0.3921843351418277,qwen8b
1,landscape,129,population,lasso,,0.36785219843338246,0.4609877458790816,0.5129323726498255,qwen8b
1,landscape,129,identity,lasso,13.0,0.22272070411565897,0.5512329701155656,0.5688251348408726,qwen8b
1,landscape,129,emotion,lasso,4.0,0.3987946551783806,0.5337018890276835,0.5749812232098733,qwen8b
1,landscape,137,population,lasso,,0.3623244598916425,0.5316445683774071,0.5514997499689239,qwen8b
1,landscape,137,identity,lasso,16.0,0.3821442471810842,0.510891166287217,0.5124520702460852,qwen8b
1,landscape,137,emotion,lasso,5.0,0.4927695359284331,0.4989753373359116,0.5223420701060438,qwen8b
2,art,7,population,lasso,,0.21351069958464922,0.18882231289605111,0.24866099613333487,qwen8b
2,art,7,identity,lasso,40.0,0.3982065669289065,0.4221229909884672,0.45680001603359804,qwen8b
2,art,7,emotion,lasso,4.0,0.3405159896916482,0.37114890021715935,0.3969196479988986,qwen8b
2,art,8,population,lasso,,0.34879065554597893,0.5978179001031277,0.6277093253662206,qwen8b
2,art,8,identity,lasso,33.0,0.6057587659959016,0.665099007187688,0.696231203360736,qwen8b
2,art,8,emotion,lasso,3.0,0.5184294141039261,0.5709054572693036,0.5759590431775383,qwen8b
2,art,40,population,lasso,,0.16749307957371248,0.3297400464545348,0.29524739331417765,qwen8b
2,art,40,identity,lasso,32.0,0.29529354371597566,0.33836754615759507,0.33686229526394124,qwen8b
2,art,40,emotion,lasso,4.0,0.2345100662392386,0.3193172288941903,0.28812350950058196,qwen8b
2,art,41,population,lasso,,0.4717560668493267,0.7043944148676317,0.7207933633945757,qwen8b
2,art,41,identity,lasso,42.0,0.709193106052611,0.7117865683514675,0.7285305547882129,qwen8b
2,art,41,emotion,lasso,4.0,0.5602125457411263,0.5770742976262991,0.6053917166386282,qwen8b
2,art,45,population,lasso,,0.00411087371548866,0.07496470631718713,0.005425381608979268,qwen8b
2,art,45,identity,lasso,29.0,0.05133430256861296,0.06240930000337653,0.0626734552696283,qwen8b
2,art,45,emotion,lasso,3.0,0.10598918210647404,0.23760712450780475,0.1656675045129855,qwen8b
2,art,46,population,lasso,,0.0738755457429091,0.06677307126988519,0.0949269788519047,qwen8b
2,art,46,identity,lasso,29.0,0.13622620514486827,0.17163679781863106,0.16595079580624694,qwen8b
2,art,46,emotion,lasso,4.0,0.01895549752203324,0.14636169011022818,0.06189779614745699,qwen8b
2,art,52,population,lasso,,0.46192336108166426,0.5958277228949689,0.6056342971026134,qwen8b
2,art,52,identity,lasso,39.0,0.5964411004220688,0.6866731827994057,0.6489860462193359,qwen8b
2,art,52,emotion,lasso,3.0,0.5584240923220457,0.7018799228268875,0.6950016064346588,qwen8b
2,art,58,population,lasso,,0.4886791507882097,0.7143657626298657,0.7230626754990936,qwen8b
2,art,58,identity,lasso,31.0,0.427517529007928,0.5197664007036795,0.4845125281164132,qwen8b
2,art,58,emotion,lasso,2.0,0.4759949732294334,0.6062877420395211,0.5899024200693337,qwen8b
2,art,65,population,lasso,,0.5156647304521916,0.6270911613817013,0.6322640872898544,qwen8b
2,art,65,identity,lasso,44.0,0.5084469869736431,0.621833462410706,0.6121114413727289,qwen8b
2,art,65,emotion,lasso,4.0,0.49891286804423235,0.5640479111033184,0.6127668372487183,qwen8b
2,art,66,population,lasso,,0.3220798973627676,0.4911095067407665,0.4581714783262746,qwen8b
2,art,66,identity,lasso,34.0,0.5522225939383748,0.6217169797800729,0.6160846306603118,qwen8b
2,art,66,emotion,lasso,5.0,0.451619711164704,0.6390140413049193,0.5945967538480543,qwen8b
2,art,74,population,lasso,,0.45033833011942825,0.5180378569421442,0.5182142553006878,qwen8b
2,art,74,identity,lasso,26.0,0.3741652037492639,0.4488028447000454,0.46005596414201727,qwen8b
2,art,74,emotion,lasso,2.0,0.3773777387930507,0.5479813748721205,0.5349163399789311,qwen8b
2,art,83,population,lasso,,0.5944704507412936,0.6149372552028834,0.6122705941585802,qwen8b
2,art,83,identity,lasso,22.0,0.21061393635226083,0.3276135585939429,0.31500598011022785,qwen8b
2,art,83,emotion,lasso,3.0,0.11238616881272931,0.5119686717568573,0.4718899283655481,qwen8b
2,art,87,population,lasso,,0.3927044943010586,0.6813478242273878,0.662207441848945,qwen8b
2,art,87,identity,lasso,44.0,0.6624769062210044,0.6848788861538524,0.6761075020037078,qwen8b
2,art,87,emotion,lasso,4.0,0.6048009922141159,0.6447620992670746,0.6357225940417393,qwen8b
2,art,93,population,lasso,,0.4489379305247931,0.6181150739609237,0.5961742344883268,qwen8b
2,art,93,identity,lasso,36.0,0.5968357802217606,0.625636875147277,0.6211866889636056,qwen8b
2,art,93,emotion,lasso,5.0,0.5796714257115141,0.6494313311877675,0.6377201884864659,qwen8b
2,art,94,population,lasso,,0.4451976410098833,0.7877291614987156,0.7876926836990962,qwen8b
2,art,94,identity,lasso,36.0,0.6473585507178369,0.7316853819904314,0.7322329818282726,qwen8b
2,art,94,emotion,lasso,3.0,0.6938019784018119,0.7467797100943134,0.7469040371111232,qwen8b
2,art,102,population,lasso,,0.15359708354881285,0.2542213763951008,0.21465271436794625,qwen8b
2,art,102,identity,lasso,41.0,0.19044271309426813,0.21028739512002478,0.21425075358554574,qwen8b
2,art,102,emotion,lasso,4.0,0.15083829009463176,0.23868314346956543,0.19614280518225036,qwen8b
2,art,112,population,lasso,,0.41571811294063915,0.4445795543688877,0.45411141289960444,qwen8b
2,art,112,identity,lasso,20.0,0.4425926160557048,0.5995397907825388,0.5637770616186881,qwen8b
2,art,112,emotion,lasso,2.0,0.3612397697654486,0.5587801077448249,0.5548873788811369,qwen8b
2,art,113,population,lasso,,0.37318496559723785,0.4988072597296671,0.4974132653011226,qwen8b
2,art,113,identity,lasso,33.0,0.21368424980237963,0.26962021512473505,0.2894369945419529,qwen8b
2,art,113,emotion,lasso,3.0,0.3156489082115533,0.4794289231268835,0.4737292156472149,qwen8b
2,art,120,population,lasso,,0.4514691531273831,0.6102925683209678,0.636750747494751,qwen8b
2,art,120,identity,lasso,34.0,0.4568357039449732,0.5523354377404336,0.5171006334961173,qwen8b
2,art,120,emotion,lasso,4.0,0.5647202981428634,0.6683990729493898,0.6408870965581143,qwen8b
2,art,121,population,lasso,,0.28485784053025826,0.4440040626848634,0.445211626165969,qwen8b
2,art,121,identity,lasso,26.0,0.45363422633588857,0.4355357529900752,0.48931559753257664,qwen8b
2,art,121,emotion,lasso,2.0,0.42711470299304466,0.46506898305064903,0.464937532385687,qwen8b
2,art,131,population,lasso,,0.28809587629588373,0.4186772832075645,0.4458344119895942,qwen8b
2,art,131,identity,lasso,41.0,0.29614109502479774,0.3906054269850119,0.36041315629385523,qwen8b
2,art,131,emotion,lasso,5.0,0.2658764704879644,0.33333492100915846,0.3726336918426123,qwen8b
2,art,138,population,lasso,,0.4627465929792244,0.6255665902724725,0.5399139779072177,qwen8b
2,art,138,identity,lasso,32.0,0.4917592463737925,0.5533995416348356,0.5601309783860869,qwen8b
2,art,138,emotion,lasso,4.0,0.4780953386633656,0.5463203463203463,0.5405731689989193,qwen8b
2,art,139,population,lasso,,-0.022538279829055444,-0.018094647526307343,-0.030439726677144854,qwen8b
2,art,139,identity,lasso,37.0,0.3307834586492357,0.38958173808700725,0.38654504238423587,qwen8b
2,art,139,emotion,lasso,4.0,0.3273707851035417,0.3844118387937766,0.390905343897493,qwen8b
2,fashion,7,population,lasso,,0.20414654078628366,0.3992925360776262,0.3585221433989512,qwen8b
2,fashion,7,identity,lasso,57.0,0.16156690835504206,0.16326561874719966,0.19267470181638247,qwen8b
2,fashion,7,emotion,lasso,3.0,0.22063807230514748,0.36191787997476654,0.3746008506315524,qwen8b
2,fashion,8,population,lasso,,0.33324608308630177,0.524228424761617,0.5129820308054491,qwen8b
2,fashion,8,identity,lasso,56.0,0.29668467182210345,0.31970793175692047,0.350346438592015,qwen8b
2,fashion,8,emotion,lasso,3.0,0.13354240138280635,0.40652941722941743,0.41867627835483506,qwen8b
2,fashion,40,population,lasso,,0.12853931442260783,0.12133945220685688,0.20089263114585298,qwen8b
2,fashion,40,identity,lasso,60.0,0.13440164182947306,0.17787147307890935,0.15377585852895678,qwen8b
2,fashion,40,emotion,lasso,4.0,0.14996918833011733,0.13425108660356022,0.2782082411847999,qwen8b
2,fashion,41,population,lasso,,0.23875577484829869,0.4554033542325483,0.4885964027789838,qwen8b
2,fashion,41,identity,lasso,61.0,0.4530558588402437,0.4968745425099051,0.4833808780665213,qwen8b
2,fashion,41,emotion,lasso,2.0,0.3422783886157928,0.44541323249710985,0.4875869799978113,qwen8b
2,fashion,45,population,lasso,,0.24433038348895894,0.5170496095246884,0.4514576458515631,qwen8b
2,fashion,45,identity,lasso,63.0,0.15104584860112694,0.1859951293536045,0.16955809323851942,qwen8b
2,fashion,45,emotion,lasso,2.0,0.1078664825003018,0.46877909100872495,0.4015414984145274,qwen8b
2,fashion,46,population,lasso,,0.1182890607677415,0.235913953402583,0.23115955091118898,qwen8b
2,fashion,46,identity,lasso,55.0,0.0866840847548818,0.04969542372513075,0.0903478283134446,qwen8b
2,fashion,46,emotion,lasso,2.0,0.037046617820696716,0.22102052366232972,0.2204361204304489,qwen8b
2,fashion,52,population,lasso,,0.24353925646589236,0.48116372489917053,0.5019872869171832,qwen8b
2,fashion,52,identity,lasso,46.0,0.31975933290586006,0.4178206522542165,0.393547958170702,qwen8b
2,fashion,52,emotion,lasso,2.0,0.31355786729348595,0.6801259402583212,0.7284860577394268,qwen8b
2,fashion,58,population,lasso,,0.2728692354503132,0.4306173279109875,0.4329035408730639,qwen8b
2,fashion,58,identity,lasso,68.0,0.284745863426649,0.31148003128990714,0.31163951238378834,qwen8b
2,fashion,58,emotion,lasso,3.0,0.26034400160437876,0.3847346996255135,0.39076610102745585,qwen8b
2,fashion,65,population,lasso,,0.11236097689181199,0.2207029677357176,0.21573173540189466,qwen8b
2,fashion,65,identity,lasso,61.0,0.34253355767747584,0.351847463368718,0.3855167609846211,qwen8b
2,fashion,65,emotion,lasso,1.0,0.05416269509045415,0.28308200303114245,0.21485070716801674,qwen8b
2,fashion,66,population,lasso,,0.251659741190861,0.41057096815498034,0.36807770075930435,qwen8b
2,fashion,66,identity,lasso,52.0,0.2185169828513784,0.25648246980597716,0.24806997348294338,qwen8b
2,fashion,66,emotion,lasso,3.0,0.33094295626744485,0.5340606849461415,0.442446312677192,qwen8b
2,fashion,74,population,lasso,,0.053360552490760695,0.051428792569184,0.062273197030955185,qwen8b
2,fashion,74,identity,lasso,55.0,0.14805794657220706,0.1952584851795803,0.15903004750151672,qwen8b
2,fashion,74,emotion,lasso,2.0,0.02574251247301843,0.06590727962678418,0.10989571295083439,qwen8b
2,fashion,83,population,lasso,,0.5030745606841494,0.6079313545150873,0.5858311398174709,qwen8b
2,fashion,83,identity,lasso,39.0,0.4170691997747115,0.4640838191425972,0.45727982174011,qwen8b
2,fashion,83,emotion,lasso,2.0,0.39485051103932334,0.5446937846363368,0.52818464976067,qwen8b
2,fashion,87,population,lasso,,0.16363130512275662,0.2404615725434685,0.2951742112773072,qwen8b
2,fashion,87,identity,lasso,68.0,0.32170215469544716,0.3218545865207532,0.35234298838581685,qwen8b
2,fashion,87,emotion,lasso,4.0,0.07282570594998976,0.1599490118423804,0.22353810893219764,qwen8b
2,fashion,93,population,lasso,,0.3068611995232904,0.48569013708885495,0.4993522642986446,qwen8b
2,fashion,93,identity,lasso,65.0,0.431922556172235,0.4112275513414913,0.48992788920071806,qwen8b
2,fashion,93,emotion,lasso,2.0,0.30391506390853934,0.4904430680940058,0.4937127668983372,qwen8b
2,fashion,94,population,lasso,,0.24251272635037563,0.43254317424836136,0.46179875661136793,qwen8b
2,fashion,94,identity,lasso,70.0,0.28159796644492496,0.28201246920596773,0.3007465679317353,qwen8b
2,fashion,94,emotion,lasso,4.0,0.34640584306205935,0.5002183318178434,0.4809370134409981,qwen8b
2,fashion,102,population,lasso,,0.18720151506245025,0.45277183064897203,0.44516166157757353,qwen8b
2,fashion,102,identity,lasso,70.0,0.07565312508951666,0.0857380636458408,0.09158886202752566,qwen8b
2,fashion,102,emotion,lasso,2.0,0.20758424709956635,0.4653789209955172,0.4791926829033563,qwen8b
2,fashion,112,population,lasso,,0.3026805288491291,0.44257587279682425,0.4530581180542847,qwen8b
2,fashion,112,identity,lasso,39.0,0.5460471596543705,0.5543671453383033,0.6064387952316561,qwen8b
2,fashion,112,emotion,lasso,3.0,0.36993032591883207,0.6396543984672731,0.6522024753635498,qwen8b
2,fashion,113,population,lasso,,0.2944814973968509,0.4719469502493164,0.48283012663384,qwen8b
2,fashion,113,identity,lasso,49.0,0.2139740067818088,0.12174035756405124,0.24854333986099444,qwen8b
2,fashion,113,emotion,lasso,3.0,0.2918746253714391,0.4739160623813673,0.5034146648847918,qwen8b
2,fashion,120,population,lasso,,0.25498636910138694,0.33187716403689843,0.31773673911348843,qwen8b
2,fashion,120,identity,lasso,43.0,0.23249972943993027,0.14798206623594623,0.24404479374807378,qwen8b
2,fashion,120,emotion,lasso,3.0,0.20789722927937698,0.36488658879452085,0.3516376673456095,qwen8b
2,fashion,121,population,lasso,,0.2876333123267167,0.48304687719203926,0.4795303628709169,qwen8b
2,fashion,121,identity,lasso,54.0,0.5766227777966048,0.6122077887132492,0.5980949586289871,qwen8b
2,fashion,121,emotion,lasso,3.0,0.4205250489531022,0.5145105179011698,0.5279243263959497,qwen8b
2,fashion,131,population,lasso,,0.1189264404960181,0.2091848682714743,0.210775403790755,qwen8b
2,fashion,131,identity,lasso,67.0,0.20099619075923636,0.28543073852918405,0.21370593155946604,qwen8b
2,fashion,131,emotion,lasso,3.0,0.12891260668790575,0.2993829467464454,0.2525785172434641,qwen8b
2,fashion,138,population,lasso,,0.3790469925294308,0.5234447200536589,0.5290133881415964,qwen8b
2,fashion,138,identity,lasso,47.0,0.45284839530725046,0.5514445835072198,0.560427655441568,qwen8b
2,fashion,138,emotion,lasso,2.0,0.44774650820855816,0.6338659997459742,0.6210764818786879,qwen8b
2,fashion,139,population,lasso,,0.3096680621311156,0.49960180948242733,0.49689912740103825,qwen8b
2,fashion,139,identity,lasso,62.0,0.297029169586848,0.23754855508743625,0.3056442968379125,qwen8b
2,fashion,139,emotion,lasso,2.0,0.3384509340715873,0.4639719766892426,0.47222090424656615,qwen8b
2,landscape,7,population,lasso,,0.1464653792158524,0.16612949770027968,0.17744602285608815,qwen8b
2,landscape,7,identity,lasso,33.0,0.10372221856923199,0.1837369918059599,0.12152381085702292,qwen8b
2,landscape,7,emotion,lasso,2.0,0.277723555315307,0.3112517834128026,0.4068647905137421,qwen8b
2,landscape,8,population,lasso,,0.4103397298227474,0.5508459887140249,0.5654283166792744,qwen8b
2,landscape,8,identity,lasso,36.0,0.4052401724462546,0.47060795071316597,0.48670874220756444,qwen8b
2,landscape,8,emotion,lasso,3.0,0.3997577140638847,0.548770867041589,0.5319287516811452,qwen8b
2,landscape,40,population,lasso,,0.23365577942708618,0.29510302177968706,0.30358277323112953,qwen8b
2,landscape,40,identity,lasso,41.0,0.14307953789814237,0.1475766345933834,0.19414794819443523,qwen8b
2,landscape,40,emotion,lasso,2.0,0.1539162004175619,0.4423781719305916,0.4629319571508207,qwen8b
2,landscape,41,population,lasso,,0.2998127320988924,0.520527120380927,0.528290826399481,qwen8b
2,landscape,41,identity,lasso,34.0,0.23018678230600428,0.4388911251387443,0.4449245342435309,qwen8b
2,landscape,41,emotion,lasso,2.0,0.13438293354498138,0.46022780571340566,0.4748184071810449,qwen8b
2,landscape,45,population,lasso,,0.41932015807696293,0.5093612749219211,0.5577254135371372,qwen8b
2,landscape,45,identity,lasso,32.0,0.3603460786152917,0.365525191804833,0.4014578773673603,qwen8b
2,landscape,45,emotion,lasso,3.0,0.2774744738094937,0.4219823506427469,0.47585987921486056,qwen8b
2,landscape,46,population,lasso,,0.1431617765740809,0.48792620703379447,0.44783019224607884,qwen8b
2,landscape,46,identity,lasso,26.0,0.062666079355767,0.12968966649938918,0.10911655047848855,qwen8b
2,landscape,46,emotion,lasso,1.0,0.1100113408684055,0.3588979629214167,0.34076509925212906,qwen8b
2,landscape,52,population,lasso,,0.31593005700924137,0.5403613090348601,0.5433837124599528,qwen8b
2,landscape,52,identity,lasso,41.0,0.2972279102568833,0.41596414752221755,0.3596971346120132,qwen8b
2,landscape,52,emotion,lasso,4.0,0.36868184299794293,0.5602709652573094,0.5779650573072769,qwen8b
2,landscape,58,population,lasso,,0.33146997249430116,0.4534141926997082,0.47878023844822326,qwen8b
2,landscape,58,identity,lasso,30.0,0.27094981724446043,0.36906148736953515,0.3572409418789314,qwen8b
2,landscape,58,emotion,lasso,4.0,0.33233508255431227,0.43000742106358686,0.4746864560611103,qwen8b
2,landscape,65,population,lasso,,0.2531471455006392,0.3724984526280333,0.34951476757819044,qwen8b
2,landscape,65,identity,lasso,31.0,0.11064852103552075,0.14104694462229836,0.13591898368618135,qwen8b
2,landscape,65,emotion,lasso,4.0,0.26873071215796,0.42269573481303785,0.4053901740124129,qwen8b
2,landscape,66,population,lasso,,0.38129620139878867,0.46588855293824194,0.47846955411731595,qwen8b
2,landscape,66,identity,lasso,26.0,0.3519690355241669,0.4334025185485125,0.4632591525698086,qwen8b
2,landscape,66,emotion,lasso,1.0,0.20259894341473117,0.5218196970526345,0.5645452792734229,qwen8b
2,landscape,74,population,lasso,,0.2690525195725956,0.323204219112914,0.35425375094576145,qwen8b
2,landscape,74,identity,lasso,31.0,0.10150796485298907,0.165882960140734,0.11928703957633333,qwen8b
2,landscape,74,emotion,lasso,5.0,0.21928891609419907,0.2922190148838614,0.31496498296679465,qwen8b
2,landscape,83,population,lasso,,0.37713038682113603,0.6384966737621354,0.6375117519728997,qwen8b
2,landscape,83,identity,lasso,22.0,0.4622389395508446,0.5450034490944743,0.5990025114475205,qwen8b
2,landscape,83,emotion,lasso,3.0,0.3789705143821841,0.5662258375159679,0.6049990444059731,qwen8b
2,landscape,87,population,lasso,,0.29370471233520035,0.5039624191627388,0.42587896548983445,qwen8b
2,landscape,87,identity,lasso,34.0,0.39773303637123325,0.504563447688872,0.49751557587124134,qwen8b
2,landscape,87,emotion,lasso,3.0,0.29301641394199734,0.49264304858722896,0.4704040641114524,qwen8b
2,landscape,93,population,lasso,,0.37435532224208207,0.617582618842375,0.6533249350731665,qwen8b
2,landscape,93,identity,lasso,40.0,0.4722667170331316,0.5816449514003073,0.5537056025842756,qwen8b
2,landscape,93,emotion,lasso,4.0,0.48272221686786404,0.64826595145843,0.6899270348447124,qwen8b
2,landscape,94,population,lasso,,0.4113560825340449,0.6382159799785954,0.6457920022693113,qwen8b
2,landscape,94,identity,lasso,54.0,0.6510040716133014,0.6554479090693437,0.6620795357421116,qwen8b
2,landscape,94,emotion,lasso,4.0,0.5839683361764034,0.5946235927886852,0.6257650776107205,qwen8b
2,landscape,102,population,lasso,,0.39137765474429,0.6691739098663682,0.6481263499930365,qwen8b
2,landscape,102,identity,lasso,47.0,0.3946711487405193,0.4670763913184652,0.4548698241576383,qwen8b
2,landscape,102,emotion,lasso,4.0,0.4675410499841574,0.6772065593477893,0.6680638373265623,qwen8b
2,landscape,112,population,lasso,,0.42122939304068135,0.4657114919993442,0.525031943344707,qwen8b
2,landscape,112,identity,lasso,29.0,0.4748952267017456,0.5179067417997855,0.5488596906681563,qwen8b
2,landscape,112,emotion,lasso,4.0,0.4282134959303636,0.46701012979342216,0.5253406707771885,qwen8b
2,landscape,113,population,lasso,,0.38424357115802393,0.4996083485362176,0.5220624657527106,qwen8b
2,landscape,113,identity,lasso,25.0,0.20700585366150223,0.25709369032141444,0.23241678161591514,qwen8b
2,landscape,113,emotion,lasso,2.0,0.37513307442760707,0.49799962775203976,0.5155630417701499,qwen8b
2,landscape,120,population,lasso,,0.3508030861495739,0.5170212848905218,0.5175407349513579,qwen8b
2,landscape,120,identity,lasso,34.0,0.4704280741204137,0.5449683813710905,0.5513284588852101,qwen8b
2,landscape,120,emotion,lasso,3.0,0.5356254122243379,0.6696785430854563,0.6988928928267306,qwen8b
2,landscape,121,population,lasso,,0.5345790606782985,0.7740383996296983,0.7424592914717,qwen8b
2,landscape,121,identity,lasso,27.0,0.6448462818608989,0.8117565819593355,0.7794438917592728,qwen8b
2,landscape,121,emotion,lasso,4.0,0.5652197641418995,0.7970252342080487,0.7508645770109096,qwen8b
2,landscape,131,population,lasso,,0.20391423669604802,0.42889500621827725,0.3659941799830309,qwen8b
2,landscape,131,identity,lasso,46.0,0.10591585741748241,0.14728497146402952,0.11618409689832213,qwen8b
2,landscape,131,emotion,lasso,4.0,0.1573789436149991,0.304704006462468,0.304148751661419,qwen8b
2,landscape,138,population,lasso,,0.5663828780712926,0.7546650205757043,0.7425260010757365,qwen8b
2,landscape,138,identity,lasso,25.0,0.5894642096501335,0.7778148665063619,0.7323190438030628,qwen8b
2,landscape,138,emotion,lasso,3.0,0.501541961976986,0.7468818827197075,0.7666537166911381,qwen8b
2,landscape,139,population,lasso,,0.2717424546507787,0.4913917526239052,0.42355820266076655,qwen8b
2,landscape,139,identity,lasso,42.0,0.39123640494865675,0.46999069662463805,0.4787215627598407,qwen8b
2,landscape,139,emotion,lasso,3.0,0.3318201987214207,0.5215099435610889,0.5082949474488189,qwen8b
3,art,0,population,lasso,,0.3160548257595028,0.3629525143788754,0.4337478652130542,qwen8b
3,art,0,identity,lasso,5.0,0.2387738007701766,0.3791450091501981,0.3724484823783363,qwen8b
3,art,0,emotion,lasso,6.0,0.34933451214183997,0.34169673176884174,0.4112259198243052,qwen8b
3,art,9,population,lasso,,0.48156111914863026,0.5574550429927257,0.5252760647683206,qwen8b
3,art,9,identity,lasso,13.0,0.4479666551538987,0.6281705157319978,0.6042114050516131,qwen8b
3,art,9,emotion,lasso,4.0,0.4972463328679649,0.5807394059678519,0.5286361082702936,qwen8b
3,art,10,population,lasso,,0.23307225137724097,0.5776984181704403,0.525328316888175,qwen8b
3,art,10,identity,lasso,24.0,0.46720025738092297,0.5067022311891348,0.5217750464715333,qwen8b
3,art,10,emotion,lasso,7.0,0.4586533520478771,0.5576917625277815,0.49579603396444283,qwen8b
3,art,11,population,lasso,,0.5445093613763747,0.62235166725447,0.6886450521637675,qwen8b
3,art,11,identity,lasso,14.0,0.3227453828192128,0.4312986764198173,0.4792867538131393,qwen8b
3,art,11,emotion,lasso,6.0,0.49452213153458313,0.560146075295406,0.5865168407476266,qwen8b
3,art,24,population,lasso,,0.4863087415207634,0.6196824629921577,0.6443359898217033,qwen8b
3,art,24,identity,lasso,14.0,0.326741658973294,0.5891599005430004,0.6080345677738014,qwen8b
3,art,24,emotion,lasso,7.0,0.43243981927895636,0.5990363069289878,0.6359270572510802,qwen8b
3,art,28,population,lasso,,0.4641790964680748,0.5485763709742474,0.5555327041414231,qwen8b
3,art,28,identity,lasso,10.0,0.16077295914828074,0.23759100987051077,0.29364559891736014,qwen8b
3,art,28,emotion,lasso,7.0,0.369801967059907,0.4455333105278729,0.4458232892474781,qwen8b
3,art,31,population,lasso,,0.3540176299467622,0.5992114850387443,0.6100677667988387,qwen8b
3,art,31,identity,lasso,22.0,0.5209667437193887,0.5072459357902735,0.5782594826597024,qwen8b
3,art,31,emotion,lasso,6.0,0.6296270484345179,0.614011107872594,0.6484784766227609,qwen8b
3,art,32,population,lasso,,0.23074884820947628,0.4162897053212584,0.424711169995942,qwen8b
3,art,32,identity,lasso,15.0,0.2853828494962513,0.465325843215736,0.4619622976503189,qwen8b
3,art,32,emotion,lasso,5.0,0.3997110512861365,0.4325529470350047,0.4645428391960487,qwen8b
3,art,36,population,lasso,,0.4057536134391474,0.4578172908916473,0.5191532639421286,qwen8b
3,art,36,identity,lasso,17.0,0.44047289223033137,0.5215451398895841,0.5514796170434505,qwen8b
3,art,36,emotion,lasso,5.0,0.4393918813354437,0.45960544565698297,0.5006532952253342,qwen8b
3,art,42,population,lasso,,0.2978978597209563,0.39978122115871073,0.4522554642728476,qwen8b
3,art,42,identity,lasso,15.0,0.11985595578967434,0.25981251271879974,0.24378076967023693,qwen8b
3,art,42,emotion,lasso,5.0,0.2740570218486577,0.4078814950835223,0.432389743689071,qwen8b
3,art,47,population,lasso,,0.38218148159657067,0.4142808239099654,0.47694459289131835,qwen8b
3,art,47,identity,lasso,13.0,0.3234946157073468,0.38252703087454903,0.4316678167092409,qwen8b
3,art,47,emotion,lasso,5.0,0.4657272552875866,0.46840548513362995,0.510479573940049,qwen8b
3,art,54,population,lasso,,0.1929394074546569,0.25460224169319756,0.2865103387920853,qwen8b
3,art,54,identity,lasso,11.0,0.09623198229475609,0.19546544146435615,0.1457996205037192,qwen8b
3,art,54,emotion,lasso,3.0,0.19158721775134818,0.24753722573665454,0.27092300091453414,qwen8b
3,art,55,population,lasso,,0.20247060260642405,0.29890644076357126,0.2762568369367644,qwen8b
3,art,55,identity,lasso,13.0,0.14496185057878913,0.25385770374127553,0.20224733373253675,qwen8b
3,art,55,emotion,lasso,5.0,0.23621820503003493,0.30428685452302023,0.2957700005873076,qwen8b
3,art,59,population,lasso,,0.34153691573347217,0.48408139423977337,0.5249339549623909,qwen8b
3,art,59,identity,lasso,19.0,0.33071785234313006,0.47671781963922927,0.516211972938067,qwen8b
3,art,59,emotion,lasso,6.0,0.35837142814579026,0.4684706160866198,0.487084241833129,qwen8b
3,art,60,population,lasso,,0.4903813421540046,0.7087962841630396,0.6831448024906621,qwen8b
3,art,60,identity,lasso,18.0,0.5014376164137149,0.5771089789953951,0.5985263033435909,qwen8b
3,art,60,emotion,lasso,5.0,0.5921929161701868,0.7187890849308325,0.6816616328055305,qwen8b
3,art,67,population,lasso,,0.33492153949652903,0.3532329099948978,0.34588889257021055,qwen8b
3,art,67,identity,lasso,15.0,0.38681920910608086,0.5495374133407134,0.528636204038561,qwen8b
3,art,67,emotion,lasso,6.0,0.330155948018655,0.46429235293874277,0.43538700068628644,qwen8b
3,art,68,population,lasso,,0.5170954860108218,0.686218504888565,0.6964395875359859,qwen8b
3,art,68,identity,lasso,15.0,0.472794658566904,0.6436039768758018,0.6348588619786638,qwen8b
3,art,68,emotion,lasso,5.0,0.6213820933095989,0.6530240304365178,0.6640854089889318,qwen8b
3,art,75,population,lasso,,0.43787529473110337,0.5293995348177448,0.5681173570923083,qwen8b
3,art,75,identity,lasso,10.0,0.38568817847721826,0.5293995348177448,0.6253245959855867,qwen8b
3,art,75,emotion,lasso,5.0,0.41775496793377614,0.36917622039719744,0.46007737246619207,qwen8b
3,art,76,population,lasso,,0.32786171982301476,0.5332249883051576,0.49358971563031434,qwen8b
3,art,76,identity,lasso,26.0,0.33897212567155766,0.41707503665271967,0.49581435917671907,qwen8b
3,art,76,emotion,lasso,4.0,0.43873714658028035,0.4965434854914566,0.5077707064974039,qwen8b
3,art,82,population,lasso,,0.44932074976115965,0.7449099662726195,0.7370002223439952,qwen8b
3,art,82,identity,lasso,22.0,0.6424989907903378,0.6542923548547798,0.692322463660283,qwen8b
3,art,82,emotion,lasso,6.0,0.6295573666182419,0.6799738546423787,0.685028605568592,qwen8b
3,art,84,population,lasso,,0.24976799519535248,0.3165881872293926,0.3235117763019047,qwen8b
3,art,84,identity,lasso,25.0,0.24092716378360524,0.3328260811087651,0.2997695877872672,qwen8b
3,art,84,emotion,lasso,6.0,0.3349996786720198,0.33074560095547056,0.3514815828214922,qwen8b
3,art,88,population,lasso,,0.4463424743195753,0.5672904265558678,0.6443493371205249,qwen8b
3,art,88,identity,lasso,28.0,0.33453510939462805,0.5265466318307545,0.5615918544027048,qwen8b
3,art,88,emotion,lasso,4.0,0.5930440892612634,0.6139822205109249,0.6497958120128128,qwen8b
3,art,95,population,lasso,,0.35516835435105787,0.46773386112462123,0.5355195225846435,qwen8b
3,art,95,identity,lasso,23.0,0.40869258189585295,0.4169832650759986,0.5498240923587366,qwen8b
3,art,95,emotion,lasso,7.0,0.3851333578961448,0.34806824723612856,0.45562601879069636,qwen8b
3,art,96,population,lasso,,0.5017486979176239,0.634460484357342,0.6973141998223804,qwen8b
3,art,96,identity,lasso,16.0,0.5073331289150413,0.49445754733200953,0.6202851538339365,qwen8b
3,art,96,emotion,lasso,7.0,0.6436667334603868,0.5937716700867295,0.6762668994608958,qwen8b
3,art,107,population,lasso,,0.393397268282823,0.4455305676298837,0.5025172033334057,qwen8b
3,art,107,identity,lasso,18.0,0.44519742567569576,0.515186371610578,0.5998696933913543,qwen8b
3,art,107,emotion,lasso,5.0,0.44746228187902487,0.5160255981645623,0.5423062612499034,qwen8b
3,art,122,population,lasso,,0.3354981715590305,0.5361901176784277,0.5941867720011685,qwen8b
3,art,122,identity,lasso,14.0,0.5286470614924182,0.7171794539104517,0.7505107636576832,qwen8b
3,art,122,emotion,lasso,7.0,0.6158516286457953,0.6435558406100977,0.6678912656886181,qwen8b
3,art,123,population,lasso,,0.4498746625770167,0.5460685925975921,0.5834764205743214,qwen8b
3,art,123,identity,lasso,17.0,0.48469544666401143,0.544535941952909,0.5701889438323914,qwen8b
3,art,123,emotion,lasso,6.0,0.5506942068121464,0.5388997428079451,0.6078243010842487,qwen8b
3,art,132,population,lasso,,0.36863934313876234,0.5695859011352392,0.639340558228137,qwen8b
3,art,132,identity,lasso,15.0,0.27794335865495867,0.37241393483751134,0.4192065590401926,qwen8b
3,art,132,emotion,lasso,7.0,0.5447779255629096,0.5801301212761923,0.6375725238903889,qwen8b
3,art,140,population,lasso,,0.4256047745542721,0.5147500528842192,0.5634786993429103,qwen8b
3,art,140,identity,lasso,17.0,0.553930116202965,0.6606147277307157,0.6812593983084022,qwen8b
3,art,140,emotion,lasso,5.0,0.5552299301032044,0.5685775557905356,0.5842739474000115,qwen8b
3,art,141,population,lasso,,0.40978552124925666,0.5364199673258534,0.509361926829127,qwen8b
3,art,141,identity,lasso,13.0,0.26502861938229183,0.4141938855368926,0.3966755980631947,qwen8b
3,art,141,emotion,lasso,7.0,0.38650042820606983,0.46085655222972244,0.44623341160514435,qwen8b
3,fashion,0,population,lasso,,0.2133526759340045,0.27929482730381533,0.3004753662437931,qwen8b
3,fashion,0,identity,lasso,28.0,0.319268732212867,0.40894589731661163,0.41991280201167197,qwen8b
3,fashion,0,emotion,lasso,5.0,0.3806637720199793,0.5126265670207618,0.5121943939333141,qwen8b
3,fashion,9,population,lasso,,0.2519711996354419,0.34164206336674763,0.33070317481821065,qwen8b
3,fashion,9,identity,lasso,23.0,0.17599092773136482,0.2401707958167136,0.2784579029199316,qwen8b
3,fashion,9,emotion,lasso,6.0,0.18395376928411813,0.24420513408367522,0.25692648368926574,qwen8b
3,fashion,10,population,lasso,,0.16901864497780855,0.5023768889673119,0.48723106629096796,qwen8b
3,fashion,10,identity,lasso,48.0,0.24282248857363636,0.302034718122786,0.2448070854564163,qwen8b
3,fashion,10,emotion,lasso,7.0,0.3768455440774011,0.46595996325279976,0.4220453883024915,qwen8b
3,fashion,11,population,lasso,,0.4451334867213429,0.6302358277548802,0.6293060624540782,qwen8b
3,fashion,11,identity,lasso,30.0,0.475898869767807,0.5420596033357721,0.5650076587292755,qwen8b
3,fashion,11,emotion,lasso,7.0,0.5850702556293712,0.6712352812559684,0.6348549143812926,qwen8b
3,fashion,24,population,lasso,,0.37714214036460686,0.5766323566167408,0.5804729854646982,qwen8b
3,fashion,24,identity,lasso,34.0,0.2669997559265683,0.36480084292503795,0.36215064976394407,qwen8b
3,fashion,24,emotion,lasso,5.0,0.24182672026600194,0.4481587915917168,0.4983580410289152,qwen8b
3,fashion,28,population,lasso,,0.25322078977951,0.363992299150592,0.35112304924641796,qwen8b
3,fashion,28,identity,lasso,37.0,0.3993880753312736,0.48334401915647407,0.44625157011963434,qwen8b
3,fashion,28,emotion,lasso,6.0,0.3804982811352124,0.3879438347980309,0.39992130891771027,qwen8b
3,fashion,31,population,lasso,,0.03263063708613106,0.15214668203211348,0.08012118119487348,qwen8b
3,fashion,31,identity,lasso,44.0,0.007451244161769914,-0.008471636946107383,0.009764558297271323,qwen8b
3,fashion,31,emotion,lasso,6.0,0.05750382829653228,0.052543736665741164,0.10074136212130053,qwen8b
3,fashion,32,population,lasso,,0.19789100193603165,0.36026118798207807,0.3863899689444907,qwen8b
3,fashion,32,identity,lasso,47.0,0.17144115627232187,0.27293843961614195,0.24280919716776214,qwen8b
3,fashion,32,emotion,lasso,5.0,0.18767639296346433,0.32934961765041776,0.3227818459966948,qwen8b
3,fashion,36,population,lasso,,0.35489750734412223,0.45002784459725764,0.53224171106075,qwen8b
3,fashion,36,identity,lasso,27.0,0.09188210346327828,0.1769973587050105,0.21682559729478862,qwen8b
3,fashion,36,emotion,lasso,5.0,0.20435221655588917,0.45221606707071094,0.454149490849117,qwen8b
3,fashion,42,population,lasso,,0.10404582751869021,0.20122789799909666,0.25768847859681127,qwen8b
3,fashion,42,identity,lasso,22.0,0.1432384615893891,0.17324487766646837,0.24711843281686158,qwen8b
3,fashion,42,emotion,lasso,7.0,0.15657781197786616,0.2962202580925366,0.3158978171576096,qwen8b
3,fashion,47,population,lasso,,0.18391262982733556,0.3860977512893083,0.4056250913048543,qwen8b
3,fashion,47,identity,lasso,39.0,0.32174768804765086,0.4425176529516503,0.39610690108368085,qwen8b
3,fashion,47,emotion,lasso,6.0,0.4076055597962094,0.5157902525131334,0.5316298295372729,qwen8b
3,fashion,54,population,lasso,,0.16755659904817793,0.34024209267296385,0.3226762655309179,qwen8b
3,fashion,54,identity,lasso,41.0,0.0749569505608167,0.11417686835567363,0.10980561093087225,qwen8b
3,fashion,54,emotion,lasso,7.0,-0.009525960278468047,-0.06154108329236091,-0.017616500450938315,qwen8b
3,fashion,55,population,lasso,,0.24173916085376435,0.26850232218243236,0.32671755523138096,qwen8b
3,fashion,55,identity,lasso,32.0,-0.006573417479988362,-0.03474973620419742,-0.008478928623979098,qwen8b
3,fashion,55,emotion,lasso,7.0,0.11077489624488873,0.18036527323428633,0.14209947424502017,qwen8b
3,fashion,59,population,lasso,,0.1928044188878753,0.4475832252714142,0.5193232774990744,qwen8b
3,fashion,59,identity,lasso,35.0,0.4577088729361017,0.39199388325980433,0.5005667610158251,qwen8b
3,fashion,59,emotion,lasso,6.0,0.40805543639873243,0.3174131646178935,0.44961176031750244,qwen8b
3,fashion,60,population,lasso,,0.3449007191455434,0.4670005425455937,0.4744818804010042,qwen8b
3,fashion,60,identity,lasso,31.0,0.2943236726744234,0.29291158289841973,0.33374635137681985,qwen8b
3,fashion,60,emotion,lasso,7.0,0.41397619989543877,0.4292687074243736,0.4406460151993737,qwen8b
3,fashion,67,population,lasso,,0.08759181833819217,0.1087919868576537,0.12782323316367317,qwen8b
3,fashion,67,identity,lasso,13.0,0.03417581973510994,0.03933926537635025,0.06991053094867193,qwen8b
3,fashion,67,emotion,lasso,6.0,0.09052313964030743,0.16228094847609043,0.15618589434082317,qwen8b
3,fashion,68,population,lasso,,0.2486802568202074,0.4697080357614149,0.43252234760948155,qwen8b
3,fashion,68,identity,lasso,24.0,0.27358169976814484,0.46089396395790594,0.40616647484376484,qwen8b
3,fashion,68,emotion,lasso,7.0,0.32659499798868713,0.4630462373052744,0.4256130562570858,qwen8b
3,fashion,75,population,lasso,,0.32105700501136303,0.44704929526649906,0.4724290916851805,qwen8b
3,fashion,75,identity,lasso,27.0,0.3908174576664394,0.4593228212804815,0.45781910185060953,qwen8b
3,fashion,75,emotion,lasso,6.0,0.41719412883063345,0.5292263603889252,0.5009586085358025,qwen8b
3,fashion,76,population,lasso,,0.33390378230429246,0.36486980498881616,0.43898296727078445,qwen8b
3,fashion,76,identity,lasso,41.0,0.34260680690696477,0.4351774487120015,0.44897257914087335,qwen8b
3,fashion,76,emotion,lasso,6.0,0.3623036079125849,0.42742181101218363,0.4148432516964844,qwen8b
3,fashion,82,population,lasso,,0.2544530103760179,0.4989914192456271,0.45475499631782446,qwen8b
3,fashion,82,identity,lasso,36.0,0.0869965526676289,0.18220144850144113,0.14616891006906738,qwen8b
3,fashion,82,emotion,lasso,6.0,0.24114343667658178,0.4121152239427031,0.3827129011445068,qwen8b
3,fashion,84,population,lasso,,0.18307057023417445,0.4354899602611432,0.3722086690813643,qwen8b
3,fashion,84,identity,lasso,42.0,0.34626133019929073,0.3659806296067395,0.4035332110270842,qwen8b
3,fashion,84,emotion,lasso,7.0,0.2827667790279533,0.38721534820226067,0.37541512407591127,qwen8b
3,fashion,88,population,lasso,,0.2289418184526732,0.4890753191136272,0.47423968443710923,qwen8b
3,fashion,88,identity,lasso,46.0,0.42280804025553176,0.5373489547988208,0.5058324553640136,qwen8b
3,fashion,88,emotion,lasso,6.0,0.33597044949698557,0.4115449345283164,0.42002477561310797,qwen8b
3,fashion,95,population,lasso,,0.0625128715853159,0.12207615378872055,0.16442211141369054,qwen8b
3,fashion,95,identity,lasso,50.0,0.11501298279995657,0.20140114046749558,0.1396641581161341,qwen8b
3,fashion,95,emotion,lasso,7.0,0.10572846038112514,0.20841193966098437,0.2083876665083106,qwen8b
3,fashion,96,population,lasso,,0.29609828142224875,0.42904391242637163,0.4603810306686322,qwen8b
3,fashion,96,identity,lasso,33.0,0.27172226092773544,0.41436349284219737,0.40161318982693917,qwen8b
3,fashion,96,emotion,lasso,7.0,0.23439798655592264,0.33389304475116816,0.31336463010507476,qwen8b
3,fashion,107,population,lasso,,0.08104397374247296,0.10956845908593008,0.1280475025568218,qwen8b
3,fashion,107,identity,lasso,35.0,0.21306232261791938,0.34710732307982733,0.2675224010944174,qwen8b
3,fashion,107,emotion,lasso,7.0,0.09653939983234655,0.17633131373946642,0.13244225344755647,qwen8b
3,fashion,122,population,lasso,,0.1421515351107909,0.31581794782472666,0.2968633014236909,qwen8b
3,fashion,122,identity,lasso,32.0,0.31607091196354575,0.43441900082832535,0.39417623060159657,qwen8b
3,fashion,122,emotion,lasso,7.0,0.3216069384385901,0.44992142273108005,0.43330455365311715,qwen8b
3,fashion,123,population,lasso,,0.4153503204182964,0.5456151258555548,0.576141830649923,qwen8b
3,fashion,123,identity,lasso,27.0,0.45764004022072874,0.5279303630285609,0.5740867610662088,qwen8b
3,fashion,123,emotion,lasso,7.0,0.4415568795610034,0.547624757994986,0.5533636397121584,qwen8b
3,fashion,132,population,lasso,,0.1535162024195137,0.3839591829048566,0.4284296099399754,qwen8b
3,fashion,132,identity,lasso,37.0,0.3431151465961436,0.3899639730213729,0.4278047096468651,qwen8b
3,fashion,132,emotion,lasso,7.0,0.4136864147801618,0.48842268038640274,0.5020923077559944,qwen8b
3,fashion,140,population,lasso,,0.24985600965499347,0.4535848527808063,0.49006875131824684,qwen8b
3,fashion,140,identity,lasso,31.0,0.16616765991378699,0.2017184202768453,0.2352635143434477,qwen8b
3,fashion,140,emotion,lasso,7.0,0.35241902920154444,0.3904101108150062,0.46544009171410095,qwen8b
3,fashion,141,population,lasso,,0.24654835921533685,0.37538384978679407,0.4155029529916872,qwen8b
3,fashion,141,identity,lasso,25.0,0.06702266624523066,0.0641742642144316,0.09251253523530521,qwen8b
3,fashion,141,emotion,lasso,7.0,0.2035862148590379,0.226898230526778,0.2654901169338173,qwen8b
3,landscape,0,population,lasso,,0.14165805512478186,0.4132081454753357,0.39510060142283926,qwen8b
3,landscape,0,identity,lasso,78.0,0.3506974905552642,0.41816684156888345,0.36431576112259095,qwen8b
3,landscape,0,emotion,lasso,6.0,0.21568743305644933,0.3103152015342195,0.29759835795324513,qwen8b
3,landscape,9,population,lasso,,0.5223034686064638,0.4816166665793674,0.5951292838984319,qwen8b
3,landscape,9,identity,lasso,67.0,0.5171163680824434,0.5602469350238214,0.5640536413234671,qwen8b
3,landscape,9,emotion,lasso,7.0,0.5811929973833887,0.5942180210078005,0.6609522992310658,qwen8b
3,landscape,10,population,lasso,,0.22540435205235693,0.6024358899839353,0.5867125918167777,qwen8b
3,landscape,10,identity,lasso,87.0,0.30459751402371255,0.3885214641100587,0.3242304922877484,qwen8b
3,landscape,10,emotion,lasso,6.0,0.680205256655241,0.7265747879281343,0.7178050900446155,qwen8b
3,landscape,11,population,lasso,,0.34265040935918095,0.436968093909019,0.506027293826073,qwen8b
3,landscape,11,identity,lasso,70.0,0.46533549352703996,0.434453666199512,0.4845495430892737,qwen8b
3,landscape,11,emotion,lasso,5.0,0.3986870719635881,0.41221823684681347,0.48658602026054143,qwen8b
3,landscape,24,population,lasso,,0.07883106950514136,0.11423017931025367,0.08959797508987044,qwen8b
3,landscape,24,identity,lasso,66.0,-0.25511210326898476,-0.3443077655755499,-0.2645777544433311,qwen8b
3,landscape,24,emotion,lasso,5.0,-0.08051464649804202,-0.20533400330002655,-0.1721320263130651,qwen8b
3,landscape,28,population,lasso,,0.21328805350124375,0.26368273880005266,0.2682776512221426,qwen8b
3,landscape,28,identity,lasso,67.0,0.11737066109239329,0.1537411116109303,0.12088438539098353,qwen8b
3,landscape,28,emotion,lasso,5.0,0.290372221597464,0.3171279523754273,0.3142661601793938,qwen8b
3,landscape,31,population,lasso,,0.12560251373831718,0.4693487861037936,0.3100050665445338,qwen8b
3,landscape,31,identity,lasso,71.0,0.1592290412895272,0.41082738733466134,0.1726614459558321,qwen8b
3,landscape,31,emotion,lasso,5.0,0.19073426745548341,0.5174254207881465,0.3692473268401897,qwen8b
3,landscape,32,population,lasso,,0.29695416703838,0.5095218425928706,0.47902593180204806,qwen8b
3,landscape,32,identity,lasso,78.0,0.26204454996384335,0.2565226180245705,0.2676454338491563,qwen8b
3,landscape,32,emotion,lasso,6.0,0.38025055928170004,0.4661645286726552,0.4613365483392246,qwen8b
3,landscape,36,population,lasso,,0.37945903673186154,0.6235388867001218,0.5895078792628957,qwen8b
3,landscape,36,identity,lasso,79.0,0.6177550640546305,0.668336343952492,0.6514270573503159,qwen8b
3,landscape,36,emotion,lasso,5.0,0.6433354255735134,0.7099056030658334,0.6916328537824366,qwen8b
3,landscape,42,population,lasso,,0.4091539630970708,0.5102964678837101,0.5478716327325125,qwen8b
3,landscape,42,identity,lasso,73.0,0.49622350229104834,0.5613566591533989,0.5347740236931733,qwen8b
3,landscape,42,emotion,lasso,5.0,0.36541455503905185,0.4805155985987968,0.48811869591380364,qwen8b
3,landscape,47,population,lasso,,0.49781571216202053,0.575224487296815,0.6146792281614502,qwen8b
3,landscape,47,identity,lasso,67.0,0.4295276819505571,0.42651915891747805,0.4360850510958405,qwen8b
3,landscape,47,emotion,lasso,6.0,0.6202875386390796,0.5952723913587411,0.6597111846688637,qwen8b
3,landscape,54,population,lasso,,0.2003080220381918,0.2889422317836724,0.3029216753152832,qwen8b
3,landscape,54,identity,lasso,79.0,0.029937600595172427,0.03244670887825731,0.03240831099982693,qwen8b
3,landscape,54,emotion,lasso,6.0,0.18572640246982633,0.2663355046025538,0.2557444401037151,qwen8b
3,landscape,55,population,lasso,,0.5327657606245421,0.6364105128575203,0.6740521290998778,qwen8b
3,landscape,55,identity,lasso,75.0,0.3933970305822051,0.3885778117720787,0.40754394416913087,qwen8b
3,landscape,55,emotion,lasso,6.0,0.5174907160776336,0.6149333359530247,0.6343870285732591,qwen8b
3,landscape,59,population,lasso,,0.2853304467236228,0.5037476502716932,0.49765075617885657,qwen8b
3,landscape,59,identity,lasso,67.0,0.2329298833658397,0.25919200641464324,0.24837050446351464,qwen8b
3,landscape,59,emotion,lasso,6.0,0.3543286928644063,0.38639997152046285,0.4205270304655536,qwen8b
3,landscape,60,population,lasso,,0.5737734051173119,0.8131328051405431,0.7584526212678403,qwen8b
3,landscape,60,identity,lasso,75.0,0.6884618337532269,0.7487771242040512,0.7307863296625637,qwen8b
3,landscape,60,emotion,lasso,7.0,0.660165430143465,0.8282551666685857,0.7851978902589634,qwen8b
3,landscape,67,population,lasso,,0.4700113116983138,0.5631055238434584,0.5254625528924068,qwen8b
3,landscape,67,identity,lasso,70.0,0.3754705489778525,0.378839871876377,0.38087603605039777,qwen8b
3,landscape,67,emotion,lasso,5.0,0.30632498117168266,0.4036835206171135,0.40538172498651914,qwen8b
3,landscape,68,population,lasso,,0.2624705638503432,0.38586626022607623,0.41161919695473975,qwen8b
3,landscape,68,identity,lasso,71.0,0.39494311197316534,0.4426465803836957,0.41575613925918636,qwen8b
3,landscape,68,emotion,lasso,5.0,0.36138538693805244,0.44134703080262344,0.4368548369573613,qwen8b
3,landscape,75,population,lasso,,0.24409719389785367,0.32509220753544893,0.33682615449513853,qwen8b
3,landscape,75,identity,lasso,67.0,0.2551241896088015,0.23550937664294758,0.26386040003766326,qwen8b
3,landscape,75,emotion,lasso,5.0,0.2538133995844245,0.3992894760296485,0.3822694518136258,qwen8b
3,landscape,76,population,lasso,,0.466384427870775,0.5265555672894071,0.5535375001994026,qwen8b
3,landscape,76,identity,lasso,73.0,0.3628584990411168,0.24244321186975365,0.3737562522456634,qwen8b
3,landscape,76,emotion,lasso,5.0,0.41886904397652236,0.4231097873333984,0.46122120568497416,qwen8b
3,landscape,82,population,lasso,,0.5306779503126371,0.6751105146796139,0.6623399187219169,qwen8b
3,landscape,82,identity,lasso,67.0,0.3734058604406592,0.3434328331205661,0.38946931525926975,qwen8b
3,landscape,82,emotion,lasso,5.0,0.4374962543742152,0.48915617747800916,0.5036289705864403,qwen8b
3,landscape,84,population,lasso,,0.4335993578410607,0.5505024207710901,0.6051637422915558,qwen8b
3,landscape,84,identity,lasso,85.0,0.3984815115188559,0.40776256595527044,0.4378265654129512,qwen8b
3,landscape,84,emotion,lasso,6.0,0.5089332691632277,0.647124752801527,0.6450792113004261,qwen8b
3,landscape,88,population,lasso,,0.5262677638758874,0.7030250938239998,0.6905674818046166,qwen8b
3,landscape,88,identity,lasso,77.0,0.659228956709983,0.6124558114835055,0.6708516292347053,qwen8b
3,landscape,88,emotion,lasso,6.0,0.5403061158739697,0.6336424669418708,0.6201377286305781,qwen8b
3,landscape,95,population,lasso,,0.328719941744653,0.4804057959275898,0.5353396510146795,qwen8b
3,landscape,95,identity,lasso,82.0,0.22332904409001192,0.185628205536163,0.2253960370629344,qwen8b
3,landscape,95,emotion,lasso,6.0,0.4042104120815242,0.4730796694157626,0.507830128569334,qwen8b
3,landscape,96,population,lasso,,0.44636061216387574,0.5732439999668154,0.5490749796537245,qwen8b
3,landscape,96,identity,lasso,78.0,0.44262313967437655,0.4711940781328474,0.4774250688249605,qwen8b
3,landscape,96,emotion,lasso,5.0,0.5348232119922646,0.6197835223573427,0.5758195398250763,qwen8b
3,landscape,107,population,lasso,,0.19642154485350005,0.2599585362981171,0.23333422504148135,qwen8b
3,landscape,107,identity,lasso,77.0,0.060033011616811946,0.07953843571753245,0.06061129646270929,qwen8b
3,landscape,107,emotion,lasso,6.0,0.13135274970566713,0.21228534222541423,0.18973225296399612,qwen8b
3,landscape,122,population,lasso,,0.4012835645733427,0.6457887392623303,0.6489437398088191,qwen8b
3,landscape,122,identity,lasso,78.0,0.39270518909029123,0.4290415955629302,0.42723204358809236,qwen8b
3,landscape,122,emotion,lasso,6.0,0.6029907445241262,0.7074337840122624,0.7079991982128986,qwen8b
3,landscape,123,population,lasso,,0.49346243489915737,0.6669642411421567,0.6511190218840105,qwen8b
3,landscape,123,identity,lasso,61.0,0.5915947643442612,0.6553966727736966,0.6285039093808985,qwen8b
3,landscape,123,emotion,lasso,6.0,0.6090221828525009,0.7019635505646772,0.6941187853096971,qwen8b
3,landscape,132,population,lasso,,0.1086171034226879,0.4501737152654361,0.4723364396535891,qwen8b
3,landscape,132,identity,lasso,74.0,0.3284402263704595,0.17005885725521097,0.3324424189973336,qwen8b
3,landscape,132,emotion,lasso,6.0,0.5014549634001119,0.38849565211168047,0.5279991201742906,qwen8b
3,landscape,140,population,lasso,,0.22017199490404168,0.3982999498848735,0.3294526685070408,qwen8b
3,landscape,140,identity,lasso,74.0,0.1154836258688058,0.17873710251083696,0.13255303984123232,qwen8b
3,landscape,140,emotion,lasso,6.0,0.16732397583655428,0.35523376780357147,0.28354050289095134,qwen8b
3,landscape,141,population,lasso,,0.4222223809420302,0.535677590776504,0.5148526773657426,qwen8b
3,landscape,141,identity,lasso,74.0,0.2591949828941931,0.3280054813088014,0.2732977838447504,qwen8b
3,landscape,141,emotion,lasso,5.0,0.4071346090500402,0.5785258261591285,0.5193486438975409,qwen8b
4,art,1,population,lasso,,0.3230150961049227,0.3268441757268841,0.3429260966773795,qwen8b
4,art,1,identity,lasso,8.0,0.152543390207906,0.38251119226395064,0.3475212336856204,qwen8b
4,art,1,emotion,lasso,2.0,0.30488420483820394,0.39909285676435347,0.42031939712260274,qwen8b
4,art,2,population,lasso,,0.5362728104706352,0.7886090381819053,0.7566449115410744,qwen8b
4,art,2,identity,lasso,12.0,0.6387968470445167,0.7988861768688641,0.7558470260503592,qwen8b
4,art,2,emotion,lasso,3.0,0.673400309964352,0.7734663942228597,0.749403941775261,qwen8b
4,art,12,population,lasso,,0.4361319790329422,0.519928495526323,0.5054358117384009,qwen8b
4,art,12,identity,lasso,11.0,0.22670155900555342,0.35746347010729324,0.3229997205731774,qwen8b
4,art,12,emotion,lasso,4.0,0.47536006017611704,0.5929771356867451,0.5845860252537397,qwen8b
4,art,13,population,lasso,,0.2937236661470746,0.43290184731454884,0.4361517964508508,qwen8b
4,art,13,identity,lasso,13.0,0.36130442976223953,0.43579145122806373,0.4855574271327046,qwen8b
4,art,13,emotion,lasso,4.0,0.24438915431101663,0.26496198596806303,0.33900846190232137,qwen8b
4,art,26,population,lasso,,0.3562010881991074,0.4168895175324272,0.4262389061908177,qwen8b
4,art,26,identity,lasso,17.0,0.14216722458011827,0.2724025297098519,0.2888119404150071,qwen8b
4,art,26,emotion,lasso,3.0,0.3076265438492532,0.4384173778109121,0.4444426869527725,qwen8b
4,art,29,population,lasso,,0.2616429676703742,0.3308499527346515,0.3084156342668153,qwen8b
4,art,29,identity,lasso,6.0,0.08887523594662716,0.3895238474254015,0.35339245394624025,qwen8b
4,art,29,emotion,lasso,3.0,0.0753754821553224,0.36782462257856374,0.34990844692298867,qwen8b
4,art,34,population,lasso,,0.29201983481807386,0.5809997563668123,0.582520380701402,qwen8b
4,art,34,identity,lasso,24.0,0.4951356911045964,0.5258190801340451,0.5370835897340664,qwen8b
4,art,34,emotion,lasso,4.0,0.5716715858322721,0.5867200051988061,0.5854953227574349,qwen8b
4,art,38,population,lasso,,0.4184114232469097,0.6245908864094443,0.5983931233826506,qwen8b
4,art,38,identity,lasso,19.0,0.3607299164479544,0.5674759171087296,0.5379862171289732,qwen8b
4,art,38,emotion,lasso,2.0,0.38657549069706054,0.6048994475939319,0.57091308162871,qwen8b
4,art,43,population,lasso,,0.21837691850248703,0.3671174569177916,0.385378873047,qwen8b
4,art,43,identity,lasso,15.0,0.2689521265463289,0.4814743488472264,0.45807929555424376,qwen8b
4,art,43,emotion,lasso,3.0,0.34466575083865697,0.40605267279954776,0.4219792451435649,qwen8b
4,art,48,population,lasso,,0.47667346933726695,0.6468075088090725,0.6579130878350656,qwen8b
4,art,48,identity,lasso,24.0,0.6272629338314138,0.6554852113073066,0.6757118316355929,qwen8b
4,art,48,emotion,lasso,3.0,0.6019786269774687,0.6332761760999611,0.6160482021121262,qwen8b
4,art,49,population,lasso,,0.3470490983487536,0.4897083034774318,0.47234024232114236,qwen8b
4,art,49,identity,lasso,14.0,0.26170908100404644,0.5264574469461453,0.5402026051048882,qwen8b
4,art,49,emotion,lasso,2.0,0.17903679081670215,0.3542854840732092,0.32192478506110683,qwen8b
4,art,56,population,lasso,,0.05168381597756043,0.07290015660314447,0.1690609814519909,qwen8b
4,art,56,identity,lasso,9.0,0.08053846666300774,0.2979374934736271,0.21797243941854652,qwen8b
4,art,56,emotion,lasso,3.0,0.11402803138444784,0.21021639985992951,0.26004158549574363,qwen8b
4,art,61,population,lasso,,0.29317600250878745,0.4385455209203852,0.4581299801511324,qwen8b
4,art,61,identity,lasso,12.0,0.199449820857556,0.3910999510678366,0.3406863325979726,qwen8b
4,art,61,emotion,lasso,3.0,0.34785522935258756,0.38974579632574485,0.42146240269553525,qwen8b
4,art,72,population,lasso,,0.18630621399109606,0.43858297978384014,0.4355653416485149,qwen8b
4,art,72,identity,lasso,19.0,0.3113604393629994,0.39462500385550525,0.4273991359125198,qwen8b
4,art,72,emotion,lasso,4.0,0.3249971468027374,0.37563635438986404,0.3814386673137944,qwen8b
4,art,77,population,lasso,,0.31448782448759266,0.42761186070873736,0.4215669043317463,qwen8b
4,art,77,identity,lasso,14.0,0.300711401149334,0.42365340793661294,0.42218483128162476,qwen8b
4,art,77,emotion,lasso,3.0,0.2902766962599912,0.4013871110934133,0.3798971991418388,qwen8b
4,art,78,population,lasso,,0.35677260509409736,0.5493059902010943,0.5729495411675425,qwen8b
4,art,78,identity,lasso,23.0,0.4769543727628736,0.5490596646449503,0.6186353262875892,qwen8b
4,art,78,emotion,lasso,5.0,0.3793737790290976,0.46634354289179897,0.5412457412399467,qwen8b
4,art,89,population,lasso,,0.31989123427662597,0.5631685688119403,0.564890723098373,qwen8b
4,art,89,identity,lasso,12.0,0.3455039448652664,0.5409521506308806,0.5224306685850668,qwen8b
4,art,89,emotion,lasso,5.0,0.46308994442402335,0.6220597090696698,0.6271133784638612,qwen8b
4,art,90,population,lasso,,0.2535935540734849,0.38785630858832887,0.386231455385918,qwen8b
4,art,90,identity,lasso,26.0,0.3595731471924758,0.3876569990772352,0.439442675794399,qwen8b
4,art,90,emotion,lasso,4.0,0.2989590928877527,0.4341957699176128,0.39427364469070064,qwen8b
4,art,97,population,lasso,,0.339356320745996,0.43059502385948867,0.3991456218036397,qwen8b
4,art,97,identity,lasso,9.0,0.2038139503506319,0.45293484514876337,0.43521097617797366,qwen8b
4,art,97,emotion,lasso,4.0,0.24338958216628198,0.48030615771940627,0.4188497920663164,qwen8b
4,art,103,population,lasso,,0.44476507755521244,0.6466694856232714,0.7072606606486569,qwen8b
4,art,103,identity,lasso,17.0,0.6597915124710665,0.6686878027294992,0.762171602546538,qwen8b
4,art,103,emotion,lasso,3.0,0.6940504509988834,0.7066332018241323,0.763687711973758,qwen8b
4,art,108,population,lasso,,0.18798605182284198,0.36605886634284146,0.3425812939218701,qwen8b
4,art,108,identity,lasso,23.0,0.3848104623475659,0.5405215983279726,0.4879435212025756,qwen8b
4,art,108,emotion,lasso,4.0,0.3377157152651218,0.45952281783615684,0.42623911715855517,qwen8b
4,art,114,population,lasso,,0.24759027865561964,0.5789768660895788,0.5835588403575254,qwen8b
4,art,114,identity,lasso,14.0,0.4525088611382116,0.6121940140458834,0.5633521785624368,qwen8b
4,art,114,emotion,lasso,2.0,0.4466929689405756,0.5719577663726215,0.5597770489726417,qwen8b
4,art,115,population,lasso,,0.11024682753044351,0.23899230044332442,0.18028167197284192,qwen8b
4,art,115,identity,lasso,12.0,0.029019907535470395,0.056761414305738576,0.05963833255456445,qwen8b
4,art,115,emotion,lasso,3.0,0.1860903132225965,0.2676404697578438,0.23234567602358527,qwen8b
4,art,124,population,lasso,,0.4399697731250496,0.5055761582483294,0.5760855274090733,qwen8b
4,art,124,identity,lasso,8.0,0.29636691432814133,0.5046742384417416,0.5366981461108685,qwen8b
4,art,124,emotion,lasso,4.0,0.526765502964434,0.5982734717031768,0.6572815609818883,qwen8b
4,art,134,population,lasso,,0.4212168450832139,0.6021102147639522,0.6162611609660203,qwen8b
4,art,134,identity,lasso,19.0,0.3716666703550112,0.48980562627722035,0.48348640943481636,qwen8b
4,art,134,emotion,lasso,3.0,0.543066000474807,0.6052133678668752,0.6121840700035648,qwen8b
4,art,135,population,lasso,,0.024549167925666388,-0.10216352671471365,0.030257513691060303,qwen8b
4,art,135,identity,lasso,9.0,0.2274988815951112,0.37120590737733894,0.34351293872291966,qwen8b
4,art,135,emotion,lasso,4.0,0.12754509661603453,0.2605245533242994,0.2840330575182025,qwen8b
4,art,142,population,lasso,,0.37633382869386584,0.6636336371714107,0.6295101901961302,qwen8b
4,art,142,identity,lasso,10.0,0.41970354182715097,0.6246023512492827,0.6194294920941164,qwen8b
4,art,142,emotion,lasso,3.0,0.5223680825197772,0.6822587357991796,0.6277871573360656,qwen8b
4,art,143,population,lasso,,0.4125531712986752,0.7399228039438599,0.697896099048855,qwen8b
4,art,143,identity,lasso,25.0,0.557187009155503,0.7298697702007894,0.7278187694178491,qwen8b
4,art,143,emotion,lasso,4.0,0.6561627939237965,0.780622950262893,0.7680478013877454,qwen8b
4,fashion,1,population,lasso,,0.16972999271986058,0.2317828598843269,0.20315766593503298,qwen8b
4,fashion,1,identity,lasso,14.0,0.11454166606744434,0.11258659405356591,0.20492473540763817,qwen8b
4,fashion,1,emotion,lasso,2.0,0.13346581247281952,0.28199414800688416,0.2777216843157148,qwen8b
4,fashion,2,population,lasso,,0.20028867387057056,0.4027634401929533,0.46351184142056134,qwen8b
4,fashion,2,identity,lasso,32.0,0.29531130867408106,0.39981882520269496,0.3865562223763479,qwen8b
4,fashion,2,emotion,lasso,2.0,0.41267579031815693,0.5132613654206111,0.5713623665133374,qwen8b
4,fashion,12,population,lasso,,0.053584438589103715,0.09081626448530457,0.07852209943445845,qwen8b
4,fashion,12,identity,lasso,30.0,0.4109985368170493,0.45872562277818935,0.469382033189307,qwen8b
4,fashion,12,emotion,lasso,2.0,0.22965099740244374,0.31439894119759687,0.3209177167440255,qwen8b
4,fashion,13,population,lasso,,0.2960294992452359,0.41469700088585976,0.42383891220162273,qwen8b
4,fashion,13,identity,lasso,36.0,0.40417082222057155,0.4686006812349528,0.45346614809614133,qwen8b
4,fashion,13,emotion,lasso,2.0,0.33742552049403807,0.5206729234087324,0.518404329195137,qwen8b
4,fashion,26,population,lasso,,0.2603023807313456,0.4134947225314773,0.3866496147728113,qwen8b
4,fashion,26,identity,lasso,37.0,0.15446872997597044,0.20603932235729433,0.20595431018197632,qwen8b
4,fashion,26,emotion,lasso,2.0,0.2038267635080559,0.4073752433942086,0.37094806858131574,qwen8b
4,fashion,29,population,lasso,,0.10869281658665893,0.29372395793110706,0.18212068557734648,qwen8b
4,fashion,29,identity,lasso,22.0,0.2738727695487735,0.38661147008727276,0.4164306268104804,qwen8b
4,fashion,29,emotion,lasso,2.0,0.03209633855616473,0.3075258877034639,0.20072873160233648,qwen8b
4,fashion,34,population,lasso,,0.20037686285378564,0.38243701149455817,0.40536117176879743,qwen8b
4,fashion,34,identity,lasso,39.0,0.5311985642744005,0.6562626938044399,0.6369453905092196,qwen8b
4,fashion,34,emotion,lasso,3.0,0.20707899878127825,0.4846939424821113,0.501142408732524,qwen8b
4,fashion,38,population,lasso,,0.23726570481989406,0.430954108681154,0.44776256986214374,qwen8b
4,fashion,38,identity,lasso,34.0,0.16301462268730438,0.22126746117534382,0.2218085125962958,qwen8b
4,fashion,38,emotion,lasso,3.0,0.10890975482368083,0.4012875136638807,0.39107703714968484,qwen8b
4,fashion,43,population,lasso,,0.2936270556336672,0.473862485165977,0.4779453319000879,qwen8b
4,fashion,43,identity,lasso,36.0,0.397389547519704,0.5008487193550233,0.49514038288516604,qwen8b
4,fashion,43,emotion,lasso,5.0,0.3829432033079867,0.5492463349664573,0.5374164263324824,qwen8b
4,fashion,48,population,lasso,,0.29728214244292883,0.4973891113285422,0.5336945153515144,qwen8b
4,fashion,48,identity,lasso,38.0,0.31877698530382204,0.33413714063011474,0.3624470256461316,qwen8b
4,fashion,48,emotion,lasso,4.0,0.17473722217279028,0.44292254131573355,0.3976090479503867,qwen8b
4,fashion,49,population,lasso,,0.06560553459456098,0.11623441437062966,0.11680879125475757,qwen8b
4,fashion,49,identity,lasso,34.0,0.20082826223755276,0.28871450714216085,0.29795445143972327,qwen8b
4,fashion,49,emotion,lasso,2.0,0.054588809209949476,0.13634711037379144,0.15742491317059185,qwen8b
4,fashion,56,population,lasso,,-7.873390742131494e-06,-0.03607700228703475,-2.922814831752333e-05,qwen8b
4,fashion,56,identity,lasso,37.0,0.023094949808753547,-0.09222911068540335,0.026123805456996104,qwen8b
4,fashion,56,emotion,lasso,2.0,-0.03272741450574597,-0.08489733280126402,-0.04348264325512207,qwen8b
4,fashion,61,population,lasso,,0.22548293535760322,0.295143520081226,0.31757141089243557,qwen8b
4,fashion,61,identity,lasso,36.0,0.34742682576880923,0.4262516961769893,0.4260532778151628,qwen8b
4,fashion,61,emotion,lasso,3.0,0.23690920978184515,0.3006480618257046,0.3187068940100794,qwen8b
4,fashion,72,population,lasso,,0.07031410895882649,0.11582614535893505,0.17056709049151386,qwen8b
4,fashion,72,identity,lasso,42.0,0.13993774515960875,0.13228178376933766,0.15218352321654754,qwen8b
4,fashion,72,emotion,lasso,3.0,0.1041123702246208,0.1352692657426548,0.18688325636182804,qwen8b
4,fashion,77,population,lasso,,0.2994095033761728,0.45269109077024017,0.46174273521518117,qwen8b
4,fashion,77,identity,lasso,34.0,0.19743168100530809,0.293381682520086,0.3396710419978291,qwen8b
4,fashion,77,emotion,lasso,3.0,0.19191535262146958,0.5197272279052061,0.4790623763702917,qwen8b
4,fashion,78,population,lasso,,0.21518301939467555,0.4285170789360783,0.43361624558692113,qwen8b
4,fashion,78,identity,lasso,39.0,0.3062463505016934,0.406641731549831,0.4088911922755491,qwen8b
4,fashion,78,emotion,lasso,3.0,0.3033268230077094,0.5134213952753945,0.49383723050049255,qwen8b
4,fashion,89,population,lasso,,0.16856371858452193,0.4192630725480001,0.38598500663044955,qwen8b
4,fashion,89,identity,lasso,33.0,0.29547635544746165,0.37267828670933334,0.4056193403414987,qwen8b
4,fashion,89,emotion,lasso,1.0,0.16945972287937958,0.28438386703837215,0.3496345999701941,qwen8b
4,fashion,90,population,lasso,,0.19788322677495424,0.3752575755580004,0.4041421849157105,qwen8b
4,fashion,90,identity,lasso,46.0,0.3827801202146173,0.44647256030554494,0.470405140692816,qwen8b
4,fashion,90,emotion,lasso,3.0,0.25253425052391865,0.4217742859517015,0.4236029009673518,qwen8b
4,fashion,97,population,lasso,,0.47389445544249825,0.6153640936926132,0.5963006184173268,qwen8b
4,fashion,97,identity,lasso,20.0,0.36376545330807947,0.4452427199826143,0.5080860249512935,qwen8b
4,fashion,97,emotion,lasso,2.0,0.32133174029832084,0.5038366823305725,0.5451585208660441,qwen8b
4,fashion,103,population,lasso,,0.23901052553471597,0.3103342597305159,0.3019469021189735,qwen8b
4,fashion,103,identity,lasso,17.0,0.17045291338650068,0.30200748894404483,0.3041433234271268,qwen8b
4,fashion,103,emotion,lasso,1.0,0.061608286012999273,0.38557436222623387,0.353318835158483,qwen8b
4,fashion,108,population,lasso,,0.22249815827814956,0.4488408294350614,0.42418784997487063,qwen8b
4,fashion,108,identity,lasso,44.0,0.0780855575143318,0.10883371025583718,0.10238726864075295,qwen8b
4,fashion,108,emotion,lasso,3.0,0.12935955507993924,0.419176767614427,0.43092871665940263,qwen8b
4,fashion,114,population,lasso,,0.3324933702634471,0.452227919829645,0.4677476324814939,qwen8b
4,fashion,114,identity,lasso,40.0,0.28950541383736766,0.33731963980517277,0.3615318019885857,qwen8b
4,fashion,114,emotion,lasso,2.0,0.34189474033212053,0.44288204638765455,0.4914497356559503,qwen8b
4,fashion,115,population,lasso,,0.2569949239821157,0.5054699268973601,0.5299065382128342,qwen8b
4,fashion,115,identity,lasso,15.0,0.27264517936452054,0.26894814978312365,0.4500249729650618,qwen8b
4,fashion,115,emotion,lasso,3.0,0.2276692339030289,0.4285765064141532,0.4993596074689614,qwen8b
4,fashion,124,population,lasso,,0.2216768385666099,0.43934761512957904,0.44284190091897674,qwen8b
4,fashion,124,identity,lasso,18.0,0.20339483723940185,0.2417687089535475,0.25938655047325504,qwen8b
4,fashion,124,emotion,lasso,2.0,0.21254614905468808,0.37048647369889154,0.36072455541583304,qwen8b
4,fashion,134,population,lasso,,0.2683137172280634,0.38085656384900046,0.4186795083979813,qwen8b
4,fashion,134,identity,lasso,41.0,0.2649116036837338,0.27296561266108826,0.2977384573460502,qwen8b
4,fashion,134,emotion,lasso,4.0,0.29124193718259295,0.3702632689673581,0.3833043485537772,qwen8b
4,fashion,135,population,lasso,,0.06316504562962161,0.06905697824891352,0.08753811833857088,qwen8b
4,fashion,135,identity,lasso,33.0,0.3053187042622395,0.30835442026797466,0.3762170376208331,qwen8b
4,fashion,135,emotion,lasso,2.0,0.08665840473274458,0.10603749051409256,0.17800974945027037,qwen8b
4,fashion,142,population,lasso,,0.17151226861595062,0.4416419696327847,0.4387615774014673,qwen8b
4,fashion,142,identity,lasso,31.0,0.16398068052550954,0.18023821710375418,0.2001026132500903,qwen8b
4,fashion,142,emotion,lasso,3.0,0.23125132444622895,0.33242359602614724,0.3387832604833123,qwen8b
4,fashion,143,population,lasso,,0.3347005632846445,0.4394408378763151,0.47490021942860783,qwen8b
4,fashion,143,identity,lasso,26.0,0.46411583151253843,0.4982330639777747,0.5428047332448519,qwen8b
4,fashion,143,emotion,lasso,2.0,0.31959554315489974,0.43990662135775266,0.4565613560839366,qwen8b
4,landscape,1,population,lasso,,0.3740419428649493,0.563017847979658,0.5332294652010356,qwen8b
4,landscape,1,identity,lasso,1.0,0.10579156132428351,0.5692646868874128,0.5272656724097848,qwen8b
4,landscape,1,emotion,lasso,5.0,0.5864045229401494,0.6529952524308047,0.6756104975695829,qwen8b
4,landscape,2,population,lasso,,0.3462530235669812,0.5558748878755365,0.5738520685447206,qwen8b
4,landscape,2,identity,lasso,15.0,0.20744659900929494,0.4446597966516559,0.40063913472998114,qwen8b
4,landscape,2,emotion,lasso,4.0,0.43857507864292256,0.5726223362383751,0.5573038287379459,qwen8b
4,landscape,12,population,lasso,,0.4425667173688165,0.6890336786418744,0.6980105908589641,qwen8b
4,landscape,12,identity,lasso,17.0,0.4508716227615638,0.5480892392154598,0.54798848361268,qwen8b
4,landscape,12,emotion,lasso,4.0,0.6797793661585461,0.7395799665106172,0.7039155088877193,qwen8b
4,landscape,13,population,lasso,,0.10821402951464808,0.06887305249011695,0.17234288276740886,qwen8b
4,landscape,13,identity,lasso,14.0,0.3330802375264894,0.5877134627857076,0.6086111141073581,qwen8b
4,landscape,13,emotion,lasso,4.0,0.21737016708975077,0.3807040897205119,0.38325027877286466,qwen8b
4,landscape,26,population,lasso,,0.153865775158637,0.2888470857848411,0.26929492738996985,qwen8b
4,landscape,26,identity,lasso,16.0,0.20443598511667843,0.41069215245531987,0.39160953468257065,qwen8b
4,landscape,26,emotion,lasso,5.0,0.21417108227960624,0.3629772898512163,0.3460888925186801,qwen8b
4,landscape,29,population,lasso,,0.21238236950499223,0.1990530769989974,0.2393664613164196,qwen8b
4,landscape,29,identity,lasso,4.0,0.05187750264310731,0.18670121343649582,0.1997725439570912,qwen8b
4,landscape,29,emotion,lasso,5.0,0.2854931237359377,0.381637002581326,0.4099751945360249,qwen8b
4,landscape,34,population,lasso,,0.36061440326518823,0.5608664930408528,0.5451546636591333,qwen8b
4,landscape,34,identity,lasso,19.0,0.3448080388559839,0.42494647441564876,0.47528310192616025,qwen8b
4,landscape,34,emotion,lasso,6.0,0.4160504251890299,0.5373456516674884,0.5008091546073766,qwen8b
4,landscape,38,population,lasso,,0.3702945227702467,0.5610532570562524,0.4648941310189854,qwen8b
4,landscape,38,identity,lasso,1.0,0.023476864246520124,0.3733657441585548,0.348418332153741,qwen8b
4,landscape,38,emotion,lasso,3.0,0.12294794576091199,0.44770916472165595,0.421297608087234,qwen8b
4,landscape,43,population,lasso,,0.11800712937823987,0.3838047909537346,0.3964166735428988,qwen8b
4,landscape,43,identity,lasso,14.0,0.24310744774167198,0.3528511966304883,0.3832868470071154,qwen8b
4,landscape,43,emotion,lasso,3.0,0.42275344061788245,0.48131355773559037,0.5142654768632585,qwen8b
4,landscape,48,population,lasso,,0.33217636147342816,0.37788846311386487,0.3841033364399641,qwen8b
4,landscape,48,identity,lasso,15.0,0.4024951139363631,0.4617383919968545,0.517897418250767,qwen8b
4,landscape,48,emotion,lasso,5.0,0.5508969690405439,0.5878720564106916,0.5843062780031751,qwen8b
4,landscape,49,population,lasso,,0.43008299395179067,0.5403496715674352,0.5218565680140064,qwen8b
4,landscape,49,identity,lasso,13.0,0.20674381250377716,0.435585968196823,0.49123041925919597,qwen8b
4,landscape,49,emotion,lasso,4.0,0.4012074601124395,0.5424409622240729,0.551118308083014,qwen8b
4,landscape,56,population,lasso,,0.00786759729821995,0.11633932829606781,0.05887130175173695,qwen8b
4,landscape,56,identity,lasso,0.0,2.190519695164211e-30,,,qwen8b
4,landscape,56,emotion,lasso,3.0,0.01263403759496848,0.04461798917500458,0.028449206670540232,qwen8b
4,landscape,61,population,lasso,,0.26256374394968335,0.44506531613837774,0.4464747336264873,qwen8b
4,landscape,61,identity,lasso,9.0,0.17347071874222744,0.40169551370289613,0.2971273367186261,qwen8b
4,landscape,61,emotion,lasso,4.0,0.30279506823107544,0.3673376182669951,0.35728303283523993,qwen8b
4,landscape,72,population,lasso,,-0.005829681015355658,-0.05387397126892224,-0.01622274976956195,qwen8b
4,landscape,72,identity,lasso,19.0,0.25684655172157367,0.4453908133814353,0.43481850179235665,qwen8b
4,landscape,72,emotion,lasso,5.0,0.3475367416970709,0.503721631364423,0.5008190818556425,qwen8b
4,landscape,77,population,lasso,,0.17349377906989796,0.2924793826991798,0.28310660000470556,qwen8b
4,landscape,77,identity,lasso,22.0,0.34683501009835016,0.3885195818741784,0.4085053179046915,qwen8b
4,landscape,77,emotion,lasso,5.0,0.42309334658562503,0.48906549156631096,0.47625815209294864,qwen8b
4,landscape,78,population,lasso,,0.1691417321767312,0.34011636888721886,0.32566816942214255,qwen8b
4,landscape,78,identity,lasso,22.0,0.18499179730721368,0.26802114089579854,0.27737979940819524,qwen8b
4,landscape,78,emotion,lasso,6.0,0.2636764260617651,0.37424603343431684,0.3570703547758306,qwen8b
4,landscape,89,population,lasso,,0.29841153914770036,0.5099334557561949,0.5388418288560578,qwen8b
4,landscape,89,identity,lasso,7.0,0.11503298540629647,0.3463382359911909,0.33841699119847135,qwen8b
4,landscape,89,emotion,lasso,6.0,0.2275988375190717,0.35916923361981873,0.40749125244662343,qwen8b
4,landscape,90,population,lasso,,0.28061248983628945,0.45121603464323506,0.46788008387933155,qwen8b
4,landscape,90,identity,lasso,17.0,0.3356522550014791,0.49067966126612944,0.49417992891560547,qwen8b
4,landscape,90,emotion,lasso,6.0,0.36659335163078605,0.42074219169119303,0.46680872987873523,qwen8b
4,landscape,97,population,lasso,,0.5392764070487122,0.5946070002093106,0.5662743705226623,qwen8b
4,landscape,97,identity,lasso,9.0,0.414700598400886,0.577996369402346,0.5614527220969285,qwen8b
4,landscape,97,emotion,lasso,6.0,0.561792501518791,0.6103603081359157,0.6012398452622656,qwen8b
4,landscape,103,population,lasso,,0.38418687881054275,0.5051704834493775,0.4953974739662453,qwen8b
4,landscape,103,identity,lasso,16.0,0.3540410669945329,0.4463662572325296,0.4836779741823452,qwen8b
4,landscape,103,emotion,lasso,5.0,0.3909734323767259,0.4839314886638832,0.4457151006388684,qwen8b
4,landscape,108,population,lasso,,0.2634482242434197,0.47996622876654377,0.4059415421416135,qwen8b
4,landscape,108,identity,lasso,18.0,0.27236799552239477,0.4110072549625625,0.39415019239472715,qwen8b
4,landscape,108,emotion,lasso,5.0,0.3191099945730312,0.45392269029576565,0.40769539232943475,qwen8b
4,landscape,114,population,lasso,,0.38233395997675357,0.5679246329100498,0.5464380840659903,qwen8b
4,landscape,114,identity,lasso,24.0,0.2570134278992502,0.39419125675247546,0.3989544697464197,qwen8b
4,landscape,114,emotion,lasso,6.0,0.339788817190907,0.5553085180513051,0.5793321310645376,qwen8b
4,landscape,115,population,lasso,,0.17032913337700348,0.18517397256604806,0.2224505516798731,qwen8b
4,landscape,115,identity,lasso,10.0,0.08523064681248754,0.08697409334373059,0.20120685629615434,qwen8b
4,landscape,115,emotion,lasso,5.0,0.210203980721147,0.20293955113537132,0.2814605524374459,qwen8b
4,landscape,124,population,lasso,,0.3193965323903941,0.5653988481032168,0.550271365294011,qwen8b
4,landscape,124,identity,lasso,16.0,0.2801562122087039,0.42594603160762473,0.40453598167411575,qwen8b
4,landscape,124,emotion,lasso,4.0,0.40360524582352286,0.5069794249766849,0.5089532809302157,qwen8b
4,landscape,134,population,lasso,,0.33197184816767794,0.47796745157531545,0.4182566701052986,qwen8b
4,landscape,134,identity,lasso,14.0,0.13466447509344187,0.2543340346246983,0.24087714592655407,qwen8b
4,landscape,134,emotion,lasso,6.0,0.31667731639269026,0.41413595731595765,0.39800997174689334,qwen8b
4,landscape,135,population,lasso,,0.37223870460806996,0.34260632462836205,0.41490392833849055,qwen8b
4,landscape,135,identity,lasso,9.0,0.19275885662554085,0.2611212920620414,0.3555920032220593,qwen8b
4,landscape,135,emotion,lasso,5.0,0.3368954777607218,0.2762579939044582,0.4057745214410675,qwen8b
4,landscape,142,population,lasso,,0.3833212824933859,0.5782596353128279,0.5793898413390022,qwen8b
4,landscape,142,identity,lasso,18.0,0.31682872429340275,0.44619810733062315,0.4323629960200814,qwen8b
4,landscape,142,emotion,lasso,4.0,0.38580879444755106,0.38789038493456895,0.4166023313347079,qwen8b
4,landscape,143,population,lasso,,0.42405856446673684,0.6442096677841114,0.6265244773767145,qwen8b
4,landscape,143,identity,lasso,25.0,0.45206049927372105,0.6218697359377576,0.6176690334233813,qwen8b
4,landscape,143,emotion,lasso,6.0,0.5335607938262503,0.6175216955112862,0.6182754067420619,qwen8b
